"Trial Name","Boss Name","ESO Logs Player Link","Player Handle","Character Name","Build Slug","Role","Subclass 1","Subclass 2","Subclass 3","Signature Set 1","Signature Set 2","DPS","HPS","CPM","Primary Metric","Mundus Stone","Gear: Head","Gear: Chest","Gear: Shoulders","Gear: Hands","Gear: Waist","Gear: Legs","Gear: Feet","Gear: Necklace","Gear: Ring1","Gear: Ring2","Gear: Main_Hand","Gear: Off_Hand","Gear: Backup_Main_Hand","Gear: Backup_Off_Hand","Bar 1 Ability 1","Bar 1 Ability 2","Bar 1 Ability 3","Bar 1 Ability 4","Bar 1 Ability 5","Bar 1 Ability 6","Bar 2 Ability 1","Bar 2 Ability 2","Bar 2 Ability 3","Bar 2 Ability 4","Bar 2 Ability 5","Bar 2 Ability 6"
"Aetherian Archive","Lightning Storm Atronach","https://www.esologs.com/reports/jcJ2T6AzNFVyYH7D#fight=3&type=summary&source=9","@OcelOgihci","Tazman le Bricoleur","ardent-ass-herald-perfected-slivers-of-the-null-arca-tide-born-wildstalker","dps","Ardent","Ass","Herald","Perfected Slivers of the Null Arca","Tide-Born Wildstalker","90478.1","9706.8","42.3","90478.1 DPS","","Slimecraw Guise (Slimecraw)","Perfected Null Arca Jack (Perfected Slivers of the Null Arca)","Tide-Born Arm Cops (Tide-Born Wildstalker)","Perfected Null Arca Bracers (Perfected Slivers of the Null Arca)","","Tide-Born Guards (Tide-Born Wildstalker)","Perfected Null Arca Boots (Perfected Slivers of the Null Arca)","","Perfected Null Arca Ring (Perfected Slivers of the Null Arca)","Perfected Null Arca Ring (Perfected Slivers of the Null Arca)","Tide-Born Dagger (Tide-Born Wildstalker)","Tide-Born Dagger (Tide-Born Wildstalker)","The Maelstrom's Perfected Greatsword (Perfected Merciless Charge)"," ()","Quick Cloak","Killer's Blade","Pragmatic Fatecarver","Cephaliarch's Flail","Merciless Resolve","Soul Harvest","Stampede","Venomous Claw","Inspired Scholarship","Molten Whip","Flames of Oblivion","Standard of Might"
"Aetherian Archive","Lightning Storm Atronach","https://www.esologs.com/reports/jcJ2T6AzNFVyYH7D#fight=3&type=summary&source=11","@Hardardere","Zev Breminiev","ardent-ass-herald-perfected-slivers-of-the-null-arca-tide-born-wildstalker","dps","Ardent","Ass","Herald","Tide-Born Wildstalker","Perfected Slivers of the Null Arca","91012.0","9793.4","46.1","91012.0 DPS","","Slimecraw Guise (Slimecraw)","Tide-Born Jack (Tide-Born Wildstalker)","Perfected Null Arca Arm Cops (Perfected Slivers of the Null Arca)","Tide-Born Bracers (Tide-Born Wildstalker)","","Tide-Born Guards (Tide-Born Wildstalker)","Tide-Born Boots (Tide-Born Wildstalker)","","Perfected Null Arca Ring (Perfected Slivers of the Null Arca)","Perfected Null Arca Ring (Perfected Slivers of the Null Arca)","Perfected Null Arca Dagger (Perfected Slivers of the Null Arca)","Perfected Null Arca Dagger (Perfected Slivers of the Null Arca)","The Maelstrom's Perfected Greatsword (Perfected Merciless Charge)"," ()","Cephaliarch's Flail","Pragmatic Fatecarver","Killer's Blade","Quick Cloak","Relentless Focus","Soul Harvest","Inspired Scholarship","Venomous Claw","Flames of Oblivion","Stampede","Molten Whip","Standard of Might"
"Aetherian Archive","Lightning Storm Atronach","https://www.esologs.com/reports/jcJ2T6AzNFVyYH7D#fight=3&type=summary&source=8","@Rcbinscn","Rcbinscn","ardent-ass-herald-perfected-slivers-of-the-null-arca-tide-born-wildstalker","dps","Ardent","Ass","Herald","Tide-Born Wildstalker","Perfected Slivers of the Null Arca","135335.5","5377.8","86.4","135335.5 DPS","The Thief","Tide-Born Hat (Tide-Born Wildstalker)","Tide-Born Jack (Tide-Born Wildstalker)","Slimecraw Arm Cops (Slimecraw)","Perfected Null Arca Bracers (Perfected Slivers of the Null Arca)","","Tide-Born Guards (Tide-Born Wildstalker)","Perfected Null Arca Boots (Perfected Slivers of the Null Arca)","","Perfected Null Arca Ring (Perfected Slivers of the Null Arca)","Perfected Null Arca Ring (Perfected Slivers of the Null Arca)","Tide-Born Dagger (Tide-Born Wildstalker)","Tide-Born Dagger (Tide-Born Wildstalker)","The Maelstrom's Perfected Greatsword (Perfected Merciless Charge)"," ()","Relentless Focus","Quick Cloak","Killer's Blade","Tentacular Dread","Escalating Runeblades","Incapacitating Strike","Molten Whip","Flames of Oblivion","Venomous Claw","Stampede","Inspired Scholarship","Standard of Might"
"Aetherian Archive","Lightning Storm Atronach","https://www.esologs.com/reports/jcJ2T6AzNFVyYH7D#fight=3&type=summary&source=7","@dewk","Good Cleave","ardent-ass-herald-perfected-slivers-of-the-null-arca-tide-born-wildstalker","dps","Ardent","Ass","Herald","Perfected Slivers of the Null Arca","Tide-Born Wildstalker","114475.8","4963.2","39.3","114475.8 DPS","","Slimecraw Guise (Slimecraw)","Perfected Null Arca Jack (Perfected Slivers of the Null Arca)","Tide-Born Arm Cops (Tide-Born Wildstalker)","Perfected Null Arca Bracers (Perfected Slivers of the Null Arca)","","Perfected Null Arca Guards (Perfected Slivers of the Null Arca)","Perfected Null Arca Boots (Perfected Slivers of the Null Arca)","","Tide-Born Ring (Tide-Born Wildstalker)","Tide-Born Ring (Tide-Born Wildstalker)","Tide-Born Dagger (Tide-Born Wildstalker)","Tide-Born Dagger (Tide-Born Wildstalker)","The Maelstrom's Greatsword (Merciless Charge)"," ()","Pragmatic Fatecarver","Cephaliarch's Flail","Killer's Blade","Quick Cloak","Relentless Focus","Incapacitating Strike","Stampede","Venomous Claw","Inspired Scholarship","Flames of Oblivion","Echoing Vigor","Standard of Might"
"Aetherian Archive","Lightning Storm Atronach","https://www.esologs.com/reports/jcJ2T6AzNFVyYH7D#fight=3&type=summary&source=1","@egandara","Lovely Rita","ardent-ass-herald-perfected-slivers-of-the-null-arca-tide-born-wildstalker","dps","Ardent","Ass","Herald","Tide-Born Wildstalker","Perfected Slivers of the Null Arca","104170.8","8142.8","41.3","104170.8 DPS","","Tide-Born Helmet (Tide-Born Wildstalker)","Tide-Born Jack (Tide-Born Wildstalker)","Slimecraw Epaulets (Slimecraw)","Perfected Null Arca Bracers (Perfected Slivers of the Null Arca)","","Tide-Born Guards (Tide-Born Wildstalker)","Tide-Born Boots (Tide-Born Wildstalker)","","Perfected Null Arca Ring (Perfected Slivers of the Null Arca)","Perfected Null Arca Ring (Perfected Slivers of the Null Arca)","Perfected Null Arca Dagger (Perfected Slivers of the Null Arca)","Perfected Null Arca Dagger (Perfected Slivers of the Null Arca)","The Maelstrom's Perfected Greatsword (Perfected Merciless Charge)"," ()","Pragmatic Fatecarver","Quick Cloak","Killer's Blade","Cephaliarch's Flail","Camouflaged Hunter","Soul Harvest","Stampede","Venomous Claw","Inspired Scholarship","Flames of Oblivion","Molten Whip","Standard of Might"
"Aetherian Archive","Lightning Storm Atronach","https://www.esologs.com/reports/jcJ2T6AzNFVyYH7D#fight=3&type=summary&source=4","@TChewyT","Hello Amber","ardent-ass-herald-perfected-slivers-of-the-null-arca-tide-born-wildstalker","dps","Ardent","Ass","Herald","Tide-Born Wildstalker","Perfected Slivers of the Null Arca","84785.3","12001.2","53.4","84785.3 DPS","","Tide-Born Helmet (Tide-Born Wildstalker)","Perfected Null Arca Jack (Perfected Slivers of the Null Arca)","Slimecraw Arm Cops (Slimecraw)","Perfected Null Arca Bracers (Perfected Slivers of the Null Arca)","","Perfected Null Arca Guards (Perfected Slivers of the Null Arca)","Perfected Null Arca Boots (Perfected Slivers of the Null Arca)","","Tide-Born Ring (Tide-Born Wildstalker)","Tide-Born Ring (Tide-Born Wildstalker)","Tide-Born Dagger (Tide-Born Wildstalker)","Tide-Born Dagger (Tide-Born Wildstalker)","The Maelstrom's Perfected Greatsword (Perfected Merciless Charge)"," ()","Escalating Runeblades","Tentacular Dread","Killer's Blade","Camouflaged Hunter","Merciless Resolve","Incapacitating Strike","Stampede","Molten Whip","Venomous Claw","Inspired Scholarship","Flames of Oblivion","Standard of Might"
"Aetherian Archive","Lightning Storm Atronach","https://www.esologs.com/reports/jcJ2T6AzNFVyYH7D#fight=3&type=summary&source=7","@Qua'rk","Qua'rk","ardent-ass-herald-perfected-slivers-of-the-null-arca-tide-born-wildstalker","dps","Ardent","Ass","Herald","Perfected Slivers of the Null Arca","Tide-Born Wildstalker","63817.6","777.5","47.1","63817.6 DPS","","Slimecraw Guise (Slimecraw)","Perfected Null Arca Jack (Perfected Slivers of the Null Arca)","Tide-Born Pauldrons (Tide-Born Wildstalker)","Tide-Born Bracers (Tide-Born Wildstalker)","","Perfected Null Arca Guards (Perfected Slivers of the Null Arca)","Perfected Null Arca Boots (Perfected Slivers of the Null Arca)","","Tide-Born Ring (Tide-Born Wildstalker)","Tide-Born Ring (Tide-Born Wildstalker)","Perfected Null Arca Dagger (Perfected Slivers of the Null Arca)","Perfected Null Arca Dagger (Perfected Slivers of the Null Arca)","Vateshran's Inferno Staff (Wrath of Elements)"," ()","Escalating Runeblades","Tentacular Dread","Killer's Blade","Barbed Trap","Quick Cloak","Incapacitating Strike","Elemental Blockade","Flames of Oblivion","Venomous Claw","Inspired Scholarship","Resolving Vigor","Standard of Might"
"Aetherian Archive","Lightning Storm Atronach","https://www.esologs.com/reports/jcJ2T6AzNFVyYH7D#fight=3&type=summary&source=5","@jimmy2e","M'Laiz R'pointa","ardent-ass-herald-perfected-slivers-of-the-null-arca-tide-born-wildstalker","dps","Ardent","Ass","Herald","Tide-Born Wildstalker","Perfected Slivers of the Null Arca","79933.5","3632.1","29.1","79933.5 DPS","","Nerien'eth Mask (Nerien'eth)","Tide-Born Jack (Tide-Born Wildstalker)","Nerien'eth Epaulets (Nerien'eth)","Tide-Born Bracers (Tide-Born Wildstalker)","","Tide-Born Guards (Tide-Born Wildstalker)","Tide-Born Boots (Tide-Born Wildstalker)","","Perfected Null Arca Ring (Perfected Slivers of the Null Arca)","Perfected Null Arca Ring (Perfected Slivers of the Null Arca)","Perfected Null Arca Bow (Perfected Slivers of the Null Arca)"," ()","The Maelstrom's Perfected Greatsword (Perfected Merciless Charge)"," ()","Cephaliarch's Flail","Barbed Trap","Pragmatic Fatecarver","Venomous Claw","Banner Bearer","Soul Harvest","Flames of Oblivion","Inspired Scholarship","Stampede","Molten Whip","Banner Bearer","Standard of Might"
"Aetherian Archive","Lightning Storm Atronach","https://www.esologs.com/reports/jcJ2T6AzNFVyYH7D#fight=3&type=summary&source=3","@BooRadzz","Boo Rad","ardent-ass-herald-perfected-slivers-of-the-null-arca-tide-born-wildstalker","dps","Ardent","Ass","Herald","Perfected Slivers of the Null Arca","Tide-Born Wildstalker","89688.6","5195.7","29.4","89688.6 DPS","","Slimecraw Guise (Slimecraw)","Perfected Null Arca Jack (Perfected Slivers of the Null Arca)","Tide-Born Arm Cops (Tide-Born Wildstalker)","Perfected Null Arca Bracers (Perfected Slivers of the Null Arca)","","Perfected Null Arca Guards (Perfected Slivers of the Null Arca)","Perfected Null Arca Boots (Perfected Slivers of the Null Arca)","","Tide-Born Ring (Tide-Born Wildstalker)","Tide-Born Ring (Tide-Born Wildstalker)","Tide-Born Dagger (Tide-Born Wildstalker)","Tide-Born Dagger (Tide-Born Wildstalker)","The Maelstrom's Perfected Greatsword (Perfected Merciless Charge)"," ()","Cephaliarch's Flail","Quick Cloak","Pragmatic Fatecarver","Camouflaged Hunter","Venomous Claw","Incapacitating Strike","Flames of Oblivion","Razor Caltrops","Stampede","Molten Whip","Inspired Scholarship","Standard of Might"
"Aetherian Archive","Lightning Storm Atronach","https://www.esologs.com/reports/jcJ2T6AzNFVyYH7D#fight=3&type=summary&source=2","@knd775","Aldaryth Nilvra","ardent-ass-herald-perfected-slivers-of-the-null-arca-tide-born-wildstalker","dps","Ardent","Ass","Herald","Perfected Slivers of the Null Arca","Tide-Born Wildstalker","96113.4","3221.1","24.5","96113.4 DPS","","Slimecraw Guise (Slimecraw)","Perfected Null Arca Jack (Perfected Slivers of the Null Arca)","Tide-Born Arm Cops (Tide-Born Wildstalker)","Perfected Null Arca Bracers (Perfected Slivers of the Null Arca)","","Perfected Null Arca Guards (Perfected Slivers of the Null Arca)","Perfected Null Arca Boots (Perfected Slivers of the Null Arca)","","Tide-Born Ring (Tide-Born Wildstalker)","Tide-Born Ring (Tide-Born Wildstalker)","Tide-Born Dagger (Tide-Born Wildstalker)","Tide-Born Dagger (Tide-Born Wildstalker)","The Maelstrom's Perfected Greatsword (Perfected Merciless Charge)"," ()","Cephaliarch's Flail","Pragmatic Fatecarver","Quick Cloak","Venomous Claw","Camouflaged Hunter","Soul Harvest","Stampede","Flames of Oblivion","Fulminating Rune","Inspired Scholarship","Molten Whip","Standard of Might"
"Aetherian Archive","Lightning Storm Atronach","https://www.esologs.com/reports/jcJ2T6AzNFVyYH7D#fight=3&type=summary&source=5","@Samnons88","ggboysgg","ardent-ass-herald-perfected-slivers-of-the-null-arca-tide-born-wildstalker","dps","Ardent","Ass","Herald","Tide-Born Wildstalker","Perfected Slivers of the Null Arca","107114.6","6031.8","67.5","107114.6 DPS",""," (Huntsman's Warmask)","Tide-Born Jack (Tide-Born Wildstalker)","Slimecraw Epaulets (Slimecraw)","Perfected Null Arca Bracers (Perfected Slivers of the Null Arca)","","Tide-Born Guards (Tide-Born Wildstalker)","Perfected Null Arca Boots (Perfected Slivers of the Null Arca)","","Perfected Null Arca Ring (Perfected Slivers of the Null Arca)","Perfected Null Arca Ring (Perfected Slivers of the Null Arca)","Tide-Born Dagger (Tide-Born Wildstalker)","Tide-Born Dagger (Tide-Born Wildstalker)","The Maelstrom's Perfected Greatsword (Perfected Merciless Charge)"," ()","Killer's Blade","Quick Cloak","Tentacular Dread","Escalating Runeblades","Relentless Focus","Incapacitating Strike","Stampede","Barbed Trap","Venomous Claw","Inspired Scholarship","Flames of Oblivion","Standard of Might"
"Aetherian Archive","Lightning Storm Atronach","https://www.esologs.com/reports/jcJ2T6AzNFVyYH7D#fight=3&type=summary&source=7","@SCOTTIS1011","Scottis Beamed me Twice","ardent-ass-herald-perfected-slivers-of-the-null-arca-tide-born-wildstalker","dps","Ardent","Ass","Herald","Tide-Born Wildstalker","Perfected Slivers of the Null Arca","96121.9","3494.9","41.7","96121.9 DPS","","Slimecraw Mask (Slimecraw)","Tide-Born Jack (Tide-Born Wildstalker)","Perfected Null Arca Arm Cops (Perfected Slivers of the Null Arca)","Perfected Null Arca Bracers (Perfected Slivers of the Null Arca)","","Perfected Null Arca Guards (Perfected Slivers of the Null Arca)","Perfected Null Arca Boots (Perfected Slivers of the Null Arca)","","Tide-Born Ring (Tide-Born Wildstalker)","Tide-Born Ring (Tide-Born Wildstalker)","Tide-Born Dagger (Tide-Born Wildstalker)","Tide-Born Dagger (Tide-Born Wildstalker)","The Maelstrom's Perfected Greatsword (Perfected Merciless Charge)"," ()","Pragmatic Fatecarver","Cephaliarch's Flail","Venomous Claw","Quick Cloak","Camouflaged Hunter","Incapacitating Strike","Stampede","Inspired Scholarship","Fulminating Rune","Flames of Oblivion","Molten Whip","The Languid Eye"
"Aetherian Archive","Lightning Storm Atronach","https://www.esologs.com/reports/jcJ2T6AzNFVyYH7D#fight=3&type=summary&source=15","@C1arity","Definitely Not Ashur","ardent-ass-herald-perfected-slivers-of-the-null-arca-tide-born-wildstalker","dps","Ardent","Ass","Herald","Perfected Slivers of the Null Arca","Tide-Born Wildstalker","100410.1","5246.7","33.8","100410.1 DPS","","Slimecraw Guise (Slimecraw)","Perfected Null Arca Jack (Perfected Slivers of the Null Arca)","Tide-Born Arm Cops (Tide-Born Wildstalker)","Perfected Null Arca Bracers (Perfected Slivers of the Null Arca)","","Perfected Null Arca Guards (Perfected Slivers of the Null Arca)","Perfected Null Arca Boots (Perfected Slivers of the Null Arca)","","Tide-Born Ring (Tide-Born Wildstalker)","Tide-Born Ring (Tide-Born Wildstalker)","Tide-Born Dagger (Tide-Born Wildstalker)","Tide-Born Dagger (Tide-Born Wildstalker)","The Maelstrom's Greatsword (Merciless Charge)"," ()","Quick Cloak","Cephaliarch's Flail","Pragmatic Fatecarver","Camouflaged Hunter","Killer's Blade","Incapacitating Strike","Inspired Scholarship","Flames of Oblivion","Molten Whip","Stampede","Noxious Breath","Standard of Might"
"Aetherian Archive","Lightning Storm Atronach","https://www.esologs.com/reports/jcJ2T6AzNFVyYH7D#fight=3&type=summary&source=12","@IamKippy","Z'enpai","ardent-ass-herald-perfected-slivers-of-the-null-arca-tide-born-wildstalker","dps","Ardent","Ass","Herald","Perfected Slivers of the Null Arca","Tide-Born Wildstalker","86053.2","5688.6","49.6","86053.2 DPS","","Slimecraw Mask (Slimecraw)","Perfected Null Arca Jack (Perfected Slivers of the Null Arca)","Tide-Born Arm Cops (Tide-Born Wildstalker)","Perfected Null Arca Bracers (Perfected Slivers of the Null Arca)","","Perfected Null Arca Guards (Perfected Slivers of the Null Arca)","Perfected Null Arca Boots (Perfected Slivers of the Null Arca)","","Tide-Born Ring (Tide-Born Wildstalker)","Tide-Born Ring (Tide-Born Wildstalker)","Tide-Born Dagger (Tide-Born Wildstalker)","Tide-Born Dagger (Tide-Born Wildstalker)","The Maelstrom's Perfected Greatsword (Perfected Merciless Charge)"," ()","Cephaliarch's Flail","Exhausting Fatecarver","Molten Whip","Killer's Blade","Fulminating Rune","Incapacitating Strike","Stampede","Flames of Oblivion","Inspired Scholarship","Engulfing Flames","Resolving Vigor","Standard of Might"
"Aetherian Archive","Lightning Storm Atronach","https://www.esologs.com/reports/jcJ2T6AzNFVyYH7D#fight=3&type=summary&source=6","@CryptTonite","Hadron","ardent-ass-herald-perfected-slivers-of-the-null-arca-tide-born-wildstalker","dps","Ardent","Ass","Herald","Tide-Born Wildstalker","Perfected Slivers of the Null Arca","81058.4","3810.8","32.6","81058.4 DPS","","Slimecraw Guise (Slimecraw)","Tide-Born Jack (Tide-Born Wildstalker)","Perfected Null Arca Arm Cops (Perfected Slivers of the Null Arca)","Perfected Null Arca Bracers (Perfected Slivers of the Null Arca)","","Tide-Born Guards (Tide-Born Wildstalker)","Tide-Born Boots (Tide-Born Wildstalker)","","Tide-Born Ring (Tide-Born Wildstalker)","Tide-Born Ring (Tide-Born Wildstalker)","Perfected Null Arca Dagger (Perfected Slivers of the Null Arca)","Perfected Null Arca Dagger (Perfected Slivers of the Null Arca)","The Maelstrom's Perfected Greatsword (Perfected Merciless Charge)"," ()","Venomous Claw","Cephaliarch's Flail","Pragmatic Fatecarver","Killer's Blade","Banner Bearer","Incapacitating Strike","Stampede","Inspired Scholarship","Flames of Oblivion","Molten Whip","Banner Bearer","Standard of Might"
"Aetherian Archive","Lightning Storm Atronach","https://www.esologs.com/reports/jcJ2T6AzNFVyYH7D#fight=3&type=summary&source=7","@herby8860","Khajiit in books","ardent-ass-herald-perfected-slivers-of-the-null-arca-tide-born-wildstalker","dps","Ardent","Ass","Herald","Tide-Born Wildstalker","Perfected Slivers of the Null Arca","73553.6","6820.6","30.9","73553.6 DPS","","Slimecraw Guise (Slimecraw)","Tide-Born Jack (Tide-Born Wildstalker)","Perfected Null Arca Arm Cops (Perfected Slivers of the Null Arca)","Perfected Null Arca Bracers (Perfected Slivers of the Null Arca)","","Perfected Null Arca Guards (Perfected Slivers of the Null Arca)","Tide-Born Boots (Tide-Born Wildstalker)","","Tide-Born Ring (Tide-Born Wildstalker)","Tide-Born Ring (Tide-Born Wildstalker)","Perfected Null Arca Dagger (Perfected Slivers of the Null Arca)","Perfected Null Arca Dagger (Perfected Slivers of the Null Arca)","The Maelstrom's Perfected Inferno Staff (Perfected Crushing Wall)"," ()","Pragmatic Fatecarver","Barbed Trap","Cephaliarch's Flail","Deadly Cloak","Banner Bearer","Soul Harvest","Unstable Wall of Elements","Flames of Oblivion","Venomous Claw","Inspired Scholarship","Banner Bearer","The Languid Eye"
"Aetherian Archive","Lightning Storm Atronach","https://www.esologs.com/reports/jcJ2T6AzNFVyYH7D#fight=3&type=summary&source=17","@ZookieFyre","Kehri Shurh'dona","ardent-ass-herald-perfected-slivers-of-the-null-arca-tide-born-wildstalker","dps","Ardent","Ass","Herald","Perfected Slivers of the Null Arca","Tide-Born Wildstalker","97743.8","14093.6","62.0","97743.8 DPS","","Slimecraw Guise (Slimecraw)","Perfected Null Arca Jack (Perfected Slivers of the Null Arca)","Tide-Born Arm Cops (Tide-Born Wildstalker)","Perfected Null Arca Bracers (Perfected Slivers of the Null Arca)","","Perfected Null Arca Guards (Perfected Slivers of the Null Arca)","Perfected Null Arca Boots (Perfected Slivers of the Null Arca)","","Tide-Born Ring (Tide-Born Wildstalker)","Tide-Born Ring (Tide-Born Wildstalker)","Tide-Born Dagger (Tide-Born Wildstalker)","Tide-Born Dagger (Tide-Born Wildstalker)","The Maelstrom's Perfected Greatsword (Perfected Merciless Charge)"," ()","Merciless Resolve","Killer's Blade","Escalating Runeblades","Tentacular Dread","Barbed Trap","Soul Harvest","Stampede","Venomous Claw","Flames of Oblivion","Molten Whip","Inspired Scholarship","The Languid Eye"
"Aetherian Archive","Lightning Storm Atronach","https://www.esologs.com/reports/GwXQJAfCN6cYD712#fight=3&type=summary&source=7","@Esstarossa","Estarossa Of Hate","ardent-ass-herald-berserking-warrior-perfected-slivers-of-the-null-arca","dps","Ardent","Ass","Herald","Perfected Slivers of the Null Arca","Berserking Warrior","137214.3","5211.4","83.8","137214.3 DPS",""," (Huntsman's Warmask)","Perfected Null Arca Jack (Perfected Slivers of the Null Arca)","Slimecraw Arm Cops (Slimecraw)","Perfected Null Arca Bracers (Perfected Slivers of the Null Arca)","","Perfected Null Arca Guards (Perfected Slivers of the Null Arca)","Perfected Null Arca Boots (Perfected Slivers of the Null Arca)","","Ring of the Advancing Yokeda (Berserking Warrior)","Ring of the Advancing Yokeda (Berserking Warrior)","Dagger of the Advancing Yokeda (Berserking Warrior)","Dagger of the Advancing Yokeda (Berserking Warrior)","The Maelstrom's Perfected Greatsword (Perfected Merciless Charge)"," ()","Tentacular Dread","Escalating Runeblades","Killer's Blade","Barbed Trap","Relentless Focus","Incapacitating Strike","Flames of Oblivion","Stampede","Molten Whip","Inspired Scholarship","Venomous Claw","Standard of Might"
"Aetherian Archive","Lightning Storm Atronach","https://www.esologs.com/reports/GwXQJAfCN6cYD712#fight=3&type=summary&source=1","@yaasshaa","arcaeea","ardent-ass-herald-berserking-warrior-perfected-slivers-of-the-null-arca","dps","Ardent","Ass","Herald","Perfected Slivers of the Null Arca","Berserking Warrior","98600.0","8868.9","55.4","98600.0 DPS",""," (Huntsman's Warmask)","Perfected Null Arca Jack (Perfected Slivers of the Null Arca)","Slimecraw Arm Cops (Slimecraw)","Perfected Null Arca Bracers (Perfected Slivers of the Null Arca)","","Perfected Null Arca Guards (Perfected Slivers of the Null Arca)","Perfected Null Arca Boots (Perfected Slivers of the Null Arca)","","Ring of the Advancing Yokeda (Berserking Warrior)","Ring of the Advancing Yokeda (Berserking Warrior)","Dagger of the Advancing Yokeda (Berserking Warrior)","Dagger of the Advancing Yokeda (Berserking Warrior)","The Maelstrom's Perfected Greatsword (Perfected Merciless Charge)"," ()","Barbed Trap","Relentless Focus","Tentacular Dread","Escalating Runeblades","Killer's Blade","Soul Harvest","Inspired Scholarship","Flames of Oblivion","Stampede","Venomous Claw","Molten Whip","Standard of Might"
"Aetherian Archive","Lightning Storm Atronach","https://www.esologs.com/reports/GwXQJAfCN6cYD712#fight=3&type=summary&source=10","@NeverKillMePleb","Mein Zeh Tut Weh","ardent-ass-herald-berserking-warrior-perfected-slivers-of-the-null-arca","dps","Ardent","Ass","Herald","Perfected Slivers of the Null Arca","Berserking Warrior","114967.7","12750.9","50.7","114967.7 DPS","","Selene Mask (Selene)","Perfected Null Arca Jack (Perfected Slivers of the Null Arca)","Selene Arm Cops (Selene)","Perfected Null Arca Bracers (Perfected Slivers of the Null Arca)","","Perfected Null Arca Guards (Perfected Slivers of the Null Arca)","Perfected Null Arca Boots (Perfected Slivers of the Null Arca)","","Ring of the Advancing Yokeda (Berserking Warrior)","Ring of the Advancing Yokeda (Berserking Warrior)","Dagger of the Advancing Yokeda (Berserking Warrior)","Dagger of the Advancing Yokeda (Berserking Warrior)","The Maelstrom's Greatsword (Merciless Charge)"," ()","Merciless Resolve","Escalating Runeblades","Tentacular Dread","Barbed Trap","Killer's Blade","Incapacitating Strike","Stampede","Flames of Oblivion","Molten Whip","Inspired Scholarship","Venomous Claw","Standard of Might"
"Aetherian Archive","Lightning Storm Atronach","https://www.esologs.com/reports/GwXQJAfCN6cYD712#fight=3&type=summary&source=7","@Rayba-Sama","Rayba","ardent-ass-herald-berserking-warrior-perfected-slivers-of-the-null-arca","dps","Ardent","Ass","Herald","Perfected Slivers of the Null Arca","Berserking Warrior","97552.2","8544.9","72.4","97552.2 DPS",""," (Huntsman's Warmask)","Perfected Null Arca Jack (Perfected Slivers of the Null Arca)","Zaan Epaulets (Zaan)","Perfected Null Arca Bracers (Perfected Slivers of the Null Arca)","","Perfected Null Arca Guards (Perfected Slivers of the Null Arca)","Perfected Null Arca Boots (Perfected Slivers of the Null Arca)","","Ring of the Advancing Yokeda (Berserking Warrior)","Ring of the Advancing Yokeda (Berserking Warrior)","Dagger of the Advancing Yokeda (Berserking Warrior)","Dagger of the Advancing Yokeda (Berserking Warrior)","The Maelstrom's Perfected Greatsword (Perfected Merciless Charge)"," ()","Killer's Blade","Escalating Runeblades","Tentacular Dread","Barbed Trap","Merciless Resolve","Soul Harvest","Inspired Scholarship","Stampede","Venomous Claw","Molten Whip","Flames of Oblivion","Standard of Might"
"Aetherian Archive","Lightning Storm Atronach","https://www.esologs.com/reports/GwXQJAfCN6cYD712#fight=3&type=summary&source=6","@Ginga453","Gingers On Top","ardent-ass-herald-berserking-warrior-perfected-slivers-of-the-null-arca","dps","Ardent","Ass","Herald","Perfected Slivers of the Null Arca","Berserking Warrior","149040.4","9807.4","80.1","149040.4 DPS","The Thief"," (Huntsman's Warmask)","Perfected Null Arca Jack (Perfected Slivers of the Null Arca)","Slimecraw Arm Cops (Slimecraw)","Perfected Null Arca Bracers (Perfected Slivers of the Null Arca)","","Perfected Null Arca Guards (Perfected Slivers of the Null Arca)","Perfected Null Arca Boots (Perfected Slivers of the Null Arca)","","Ring of the Advancing Yokeda (Berserking Warrior)","Ring of the Advancing Yokeda (Berserking Warrior)","Dagger of the Advancing Yokeda (Berserking Warrior)","Dagger of the Advancing Yokeda (Berserking Warrior)","The Maelstrom's Greatsword (Merciless Charge)"," ()","Killer's Blade","Barbed Trap","Relentless Focus","Escalating Runeblades","Tentacular Dread","Incapacitating Strike","Stampede","Venomous Claw","Inspired Scholarship","Flames of Oblivion","Molten Whip","Standard of Might"
"Aetherian Archive","Lightning Storm Atronach","https://www.esologs.com/reports/GwXQJAfCN6cYD712#fight=3&type=summary&source=12","@Diocliate","You Shall not Pärse","ardent-ass-herald-berserking-warrior-perfected-slivers-of-the-null-arca","dps","Ardent","Ass","Herald","Perfected Slivers of the Null Arca","Berserking Warrior","148004.7","8201.2","78.5","148004.7 DPS",""," (Huntsman's Warmask)","Perfected Null Arca Jack (Perfected Slivers of the Null Arca)","Slimecraw Epaulets (Slimecraw)","Perfected Null Arca Bracers (Perfected Slivers of the Null Arca)","","Perfected Null Arca Guards (Perfected Slivers of the Null Arca)","Perfected Null Arca Boots (Perfected Slivers of the Null Arca)","","Ring of the Advancing Yokeda (Berserking Warrior)","Ring of the Advancing Yokeda (Berserking Warrior)","Dagger of the Advancing Yokeda (Berserking Warrior)","Dagger of the Advancing Yokeda (Berserking Warrior)","The Maelstrom's Perfected Greatsword (Perfected Merciless Charge)"," ()","Barbed Trap","Merciless Resolve","Escalating Runeblades","Tentacular Dread","Killer's Blade","Incapacitating Strike","Stampede","Molten Whip","Inspired Scholarship","Venomous Claw","Flames of Oblivion","Standard of Might"
"Aetherian Archive","Lightning Storm Atronach","https://www.esologs.com/reports/GwXQJAfCN6cYD712#fight=3&type=summary&source=8","@TyeceeR","Reece the Badman","ardent-ass-herald-berserking-warrior-perfected-slivers-of-the-null-arca","dps","Ardent","Ass","Herald","Perfected Slivers of the Null Arca","Berserking Warrior","136428.4","16451.9","60.7","136428.4 DPS",""," (Huntsman's Warmask)","Perfected Null Arca Jack (Perfected Slivers of the Null Arca)","Black Gem Monstrosity's Arm Cops (Black Gem Monstrosity)","Perfected Null Arca Bracers (Perfected Slivers of the Null Arca)","","Perfected Null Arca Guards (Perfected Slivers of the Null Arca)","Perfected Null Arca Boots (Perfected Slivers of the Null Arca)","","Ring of the Advancing Yokeda (Berserking Warrior)","Ring of the Advancing Yokeda (Berserking Warrior)","Dagger of the Advancing Yokeda (Berserking Warrior)","Dagger of the Advancing Yokeda (Berserking Warrior)","The Maelstrom's Greatsword (Merciless Charge)"," ()","Barbed Trap","Killer's Blade","Escalating Runeblades","Tentacular Dread","Merciless Resolve","Soul Harvest","Inspired Scholarship","Stampede","Venomous Claw","Flames of Oblivion","Molten Whip","Standard of Might"
"Aetherian Archive","Lightning Storm Atronach","https://www.esologs.com/reports/GwXQJAfCN6cYD712#fight=3&type=summary&source=3","@Axphykz","Ax The Terrible","ardent-ass-herald-berserking-warrior-perfected-slivers-of-the-null-arca","dps","Ardent","Ass","Herald","Perfected Slivers of the Null Arca","Berserking Warrior","80708.5","21961.6","40.4","80708.5 DPS",""," (Huntsman's Warmask)","Perfected Null Arca Jack (Perfected Slivers of the Null Arca)","Kra'gh Arm Cops (Kra'gh)","Perfected Null Arca Bracers (Perfected Slivers of the Null Arca)","","Perfected Null Arca Guards (Perfected Slivers of the Null Arca)","Perfected Null Arca Boots (Perfected Slivers of the Null Arca)","","Ring of the Advancing Yokeda (Berserking Warrior)","Ring of the Advancing Yokeda (Berserking Warrior)","Dagger of the Advancing Yokeda (Berserking Warrior)","Dagger of the Advancing Yokeda (Berserking Warrior)","The Maelstrom's Perfected Greatsword (Perfected Merciless Charge)"," ()","Merciless Resolve","Escalating Runeblades","Tentacular Dread","Killer's Blade","Quick Cloak","Incapacitating Strike","Flames of Oblivion","Molten Whip","Inspired Scholarship","Venomous Claw","Stampede","Standard of Might"
"Aetherian Archive","Lightning Storm Atronach","https://www.esologs.com/reports/GwXQJAfCN6cYD712#fight=3&type=summary&source=2","@SBroiler","Arelbroil Abstinentio","ardent-ass-herald-berserking-warrior-perfected-slivers-of-the-null-arca","dps","Ardent","Ass","Herald","Perfected Slivers of the Null Arca","Berserking Warrior","91290.2","13505.1","60.8","91290.2 DPS","","Selene Mask (Selene)","Perfected Null Arca Jack (Perfected Slivers of the Null Arca)","Selene Arm Cops (Selene)","Perfected Null Arca Bracers (Perfected Slivers of the Null Arca)","","Perfected Null Arca Guards (Perfected Slivers of the Null Arca)","Perfected Null Arca Boots (Perfected Slivers of the Null Arca)","","Ring of the Advancing Yokeda (Berserking Warrior)","Ring of the Advancing Yokeda (Berserking Warrior)","Dagger of the Advancing Yokeda (Berserking Warrior)","Dagger of the Advancing Yokeda (Berserking Warrior)","The Maelstrom's Perfected Greatsword (Perfected Merciless Charge)"," ()","Escalating Runeblades","Merciless Resolve","Tentacular Dread","Killer's Blade","Barbed Trap","Incapacitating Strike","Stampede","Inspired Scholarship","Venomous Claw","Flames of Oblivion","Molten Whip","Standard of Might"
"Aetherian Archive","Lightning Storm Atronach","https://www.esologs.com/reports/A4FvRHM2fpka8jd7#fight=15&type=summary&source=2","@Jirachi_Ex","Dave-y","ardent-ass-herald-deadly-strike-perfected-slivers-of-the-null-arca","dps","Ardent","Ass","Herald","Perfected Slivers of the Null Arca","Deadly Strike","127199.1","5903.8","31.4","127199.1 DPS","The Thief","Slimecraw Guise (Slimecraw)","Perfected Null Arca Jack (Perfected Slivers of the Null Arca)","Perfected Null Arca Arm Cops (Perfected Slivers of the Null Arca)","Perfected Null Arca Bracers (Perfected Slivers of the Null Arca)","","Perfected Null Arca Guards (Perfected Slivers of the Null Arca)","Perfected Null Arca Boots (Perfected Slivers of the Null Arca)","","Deadly Ring (Deadly Strike)","Deadly Ring (Deadly Strike)","Deadly Dagger (Deadly Strike)","Deadly Dagger (Deadly Strike)","The Maelstrom's Perfected Greatsword (Perfected Merciless Charge)"," ()","Camouflaged Hunter","Quick Cloak","Cephaliarch's Flail","Pragmatic Fatecarver","Killer's Blade","Soul Harvest","Flames of Oblivion","Venomous Claw","Stampede","Inspired Scholarship","Molten Whip","Standard of Might"
"Aetherian Archive","Lightning Storm Atronach","https://www.esologs.com/reports/A4FvRHM2fpka8jd7#fight=15&type=summary&source=12","@kevkj","Geega Verhan av'Hel","ardent-ass-herald-deadly-strike-perfected-slivers-of-the-null-arca","dps","Ardent","Ass","Herald","Perfected Slivers of the Null Arca","Deadly Strike","85353.0","6887.9","32.2","85353.0 DPS","","Perfected Null Arca Helmet (Perfected Slivers of the Null Arca)","Perfected Null Arca Jack (Perfected Slivers of the Null Arca)","Zaan Epaulets (Zaan)","Deadly Bracers (Deadly Strike)","","Perfected Null Arca Guards (Perfected Slivers of the Null Arca)","Deadly Boots (Deadly Strike)","","Perfected Null Arca Ring (Perfected Slivers of the Null Arca)","Perfected Null Arca Ring (Perfected Slivers of the Null Arca)","Deadly Dagger (Deadly Strike)","Deadly Dagger (Deadly Strike)","The Maelstrom's Perfected Inferno Staff (Perfected Crushing Wall)"," ()","Quick Cloak","Cephaliarch's Flail","Pragmatic Fatecarver","Venomous Claw","Camouflaged Hunter","Soul Harvest","Elemental Blockade","Inspired Scholarship","Flames of Oblivion","Fulminating Rune","Molten Whip","Standard of Might"
"Aetherian Archive","Lightning Storm Atronach","https://www.esologs.com/reports/A4FvRHM2fpka8jd7#fight=15&type=summary&source=8","@MyMindInSin","Leads-To-Death","ardent-ass-herald-deadly-strike-perfected-slivers-of-the-null-arca","dps","Ardent","Ass","Herald","Perfected Slivers of the Null Arca","Deadly Strike","89430.0","15584.9","79.1","89430.0 DPS","","Perfected Null Arca Helmet (Perfected Slivers of the Null Arca)","Perfected Null Arca Jack (Perfected Slivers of the Null Arca)","Slimecraw Epaulets (Slimecraw)","Perfected Null Arca Bracers (Perfected Slivers of the Null Arca)","","Perfected Null Arca Guards (Perfected Slivers of the Null Arca)","Deadly Boots (Deadly Strike)","","Deadly Ring (Deadly Strike)","Deadly Ring (Deadly Strike)","Deadly Dagger (Deadly Strike)","Deadly axe (Deadly Strike)","The Maelstrom's Perfected Greatsword (Perfected Merciless Charge)"," ()","Tentacular Dread","Escalating Runeblades","Merciless Resolve","Camouflaged Hunter","Killer's Blade","Soul Harvest","Stampede","Carve","Flames of Oblivion","Inspired Scholarship","Molten Whip","Standard of Might"
"Aetherian Archive","Lightning Storm Atronach","https://www.esologs.com/reports/A4FvRHM2fpka8jd7#fight=15&type=summary&source=12","@Deano_316","Mr Starc","ardent-ass-herald-deadly-strike-perfected-slivers-of-the-null-arca","dps","Ardent","Ass","Herald","Perfected Slivers of the Null Arca","Deadly Strike","98162.2","1797.4","37.7","98162.2 DPS","","Slimecraw Mask (Slimecraw)","Perfected Null Arca Jack (Perfected Slivers of the Null Arca)","Deadly Arm Cops (Deadly Strike)","Perfected Null Arca Bracers (Perfected Slivers of the Null Arca)","","Perfected Null Arca Guards (Perfected Slivers of the Null Arca)","Perfected Null Arca Boots (Perfected Slivers of the Null Arca)","","Deadly Ring (Deadly Strike)","Deadly Ring (Deadly Strike)","Deadly Dagger (Deadly Strike)","Deadly Dagger (Deadly Strike)","The Maelstrom's Perfected Greatsword (Perfected Merciless Charge)"," ()","Exhausting Fatecarver","Killer's Blade","Cephaliarch's Flail","Quick Cloak","Camouflaged Hunter","Soul Harvest","Inspired Scholarship","Flames of Oblivion","Venomous Claw","Stampede","Molten Whip","Standard of Might"
"Aetherian Archive","Lightning Storm Atronach","https://www.esologs.com/reports/A4FvRHM2fpka8jd7#fight=15&type=summary&source=4","@SirPugglesworth","Cthulhu Fhtagn R'lyeh","ardent-ass-herald-deadly-strike-perfected-slivers-of-the-null-arca","dps","Ardent","Ass","Herald","Perfected Slivers of the Null Arca","Deadly Strike","81316.7","2997.7","39.7","81316.7 DPS","","Slimecraw Mask (Slimecraw)","Perfected Null Arca Jack (Perfected Slivers of the Null Arca)","Deadly Arm Cops (Deadly Strike)","Perfected Null Arca Bracers (Perfected Slivers of the Null Arca)","","Perfected Null Arca Guards (Perfected Slivers of the Null Arca)","Perfected Null Arca Boots (Perfected Slivers of the Null Arca)","","Deadly Ring (Deadly Strike)","Deadly Ring (Deadly Strike)","Deadly Dagger (Deadly Strike)","Deadly Dagger (Deadly Strike)","The Maelstrom's Perfected Greatsword (Perfected Merciless Charge)"," ()","Cephaliarch's Flail","Pragmatic Fatecarver","Killer's Blade","Quick Cloak","Relentless Focus","Soul Harvest","Venomous Claw","Stampede","Inspired Scholarship","Flames of Oblivion","Molten Whip","Standard of Might"
"Aetherian Archive","Lightning Storm Atronach","https://www.esologs.com/reports/A4FvRHM2fpka8jd7#fight=15&type=summary&source=11","@Fixed_Nick","Aegnör","ardent-ass-herald-deadly-strike-perfected-slivers-of-the-null-arca","dps","Ardent","Ass","Herald","Perfected Slivers of the Null Arca","Deadly Strike","73119.1","6451.3","31.8","73119.1 DPS","","Slimecraw Guise (Slimecraw)","Perfected Null Arca Jack (Perfected Slivers of the Null Arca)","Deadly Arm Cops (Deadly Strike)","Perfected Null Arca Bracers (Perfected Slivers of the Null Arca)","","Perfected Null Arca Guards (Perfected Slivers of the Null Arca)","Perfected Null Arca Boots (Perfected Slivers of the Null Arca)","","Deadly Ring (Deadly Strike)","Deadly Ring (Deadly Strike)","The Maelstrom's Perfected Greatsword (Perfected Merciless Charge)"," ()","Deadly Dagger (Deadly Strike)","Deadly Dagger (Deadly Strike)","Engulfing Flames","Stampede","Inspired Scholarship","Venomous Claw","Molten Whip","Standard of Might","Cephaliarch's Flail","Pragmatic Fatecarver","Quick Cloak","Flames of Oblivion","Relentless Focus","Soul Harvest"
"Aetherian Archive","Lightning Storm Atronach","https://www.esologs.com/reports/A4FvRHM2fpka8jd7#fight=15&type=summary&source=10","@PaganPandas","Tøästÿ Büns","ardent-ass-herald-deadly-strike-perfected-slivers-of-the-null-arca","dps","Ardent","Ass","Herald","Deadly Strike","Perfected Slivers of the Null Arca","95486.3","3336.5","34.7","95486.3 DPS","","Slimecraw Guise (Slimecraw)","Deadly Jack (Deadly Strike)","Perfected Null Arca Arm Cops (Perfected Slivers of the Null Arca)","Perfected Null Arca Bracers (Perfected Slivers of the Null Arca)","","Perfected Null Arca Guards (Perfected Slivers of the Null Arca)","Perfected Null Arca Boots (Perfected Slivers of the Null Arca)","","Deadly Ring (Deadly Strike)","Deadly Ring (Deadly Strike)","Deadly Dagger (Deadly Strike)","Deadly Dagger (Deadly Strike)","The Maelstrom's Perfected Greatsword (Perfected Merciless Charge)"," ()","Cephaliarch's Flail","Pragmatic Fatecarver","Killer's Blade","Quick Cloak","Camouflaged Hunter","Soul Harvest","Stampede","Venomous Claw","Inspired Scholarship","Flames of Oblivion","Molten Whip","Standard of Might"
"Aetherian Archive","Lightning Storm Atronach","https://www.esologs.com/reports/A4FvRHM2fpka8jd7#fight=15&type=summary&source=1","@bleakirl","Warfaerin","ardent-ass-herald-deadly-strike-perfected-slivers-of-the-null-arca","dps","Ardent","Ass","Herald","Deadly Strike","Perfected Slivers of the Null Arca","89232.1","9624.7","46.5","89232.1 DPS","","Deadly Helmet (Deadly Strike)","Perfected Null Arca Jack (Perfected Slivers of the Null Arca)","Slimecraw Epaulets (Slimecraw)","Perfected Null Arca Bracers (Perfected Slivers of the Null Arca)","","Perfected Null Arca Guards (Perfected Slivers of the Null Arca)","Perfected Null Arca Boots (Perfected Slivers of the Null Arca)","","Deadly Ring (Deadly Strike)","Deadly Ring (Deadly Strike)","Deadly Dagger (Deadly Strike)","Deadly Dagger (Deadly Strike)","The Maelstrom's Perfected Greatsword (Perfected Merciless Charge)"," ()","Quick Cloak","Cephaliarch's Flail","Killer's Blade","Pragmatic Fatecarver","Camouflaged Hunter","Soul Harvest","Inspired Scholarship","Stampede","Flames of Oblivion","Venomous Claw","Molten Whip","Standard of Might"
"Aetherian Archive","Lightning Storm Atronach","https://www.esologs.com/reports/A4FvRHM2fpka8jd7#fight=15&type=summary&source=9","@McFilthy","Sir Woody The Wood Elf","ardent-ass-herald-deadly-strike-perfected-slivers-of-the-null-arca","dps","Ardent","Ass","Herald","Deadly Strike","Perfected Slivers of the Null Arca","68087.6","2678.7","35.1","68087.6 DPS","","Deadly Helmet (Deadly Strike)","Perfected Null Arca Jack (Perfected Slivers of the Null Arca)","Slimecraw Arm Cops (Slimecraw)","Perfected Null Arca Bracers (Perfected Slivers of the Null Arca)","","Perfected Null Arca Guards (Perfected Slivers of the Null Arca)","Perfected Null Arca Boots (Perfected Slivers of the Null Arca)","","Deadly Ring (Deadly Strike)","Deadly Ring (Deadly Strike)","Deadly Dagger (Deadly Strike)","Deadly Dagger (Deadly Strike)","The Maelstrom's Greatsword (Merciless Charge)"," ()","Cephaliarch's Flail","Pragmatic Fatecarver","Quick Cloak","Flames of Oblivion","Barbed Trap","Incapacitating Strike","Stampede","Engulfing Flames","Venomous Claw","Inspired Scholarship","Molten Whip","Standard of Might"
"Aetherian Archive","Lightning Storm Atronach","https://www.esologs.com/reports/GwXQJAfCN6cYD712#fight=3&type=summary&source=11","@Crocoenjoyer","Melevolencine","earthen-grave-winter-perfected-saxhleel-champion-powerful-assault","tank","Earthen","Winter","Grave","Perfected Saxhleel Champion","Powerful Assault","10650.9","5717.6","60.2","60.2 CPM","The Atronach","Baron Zaudrus Guise (Baron Zaudrus)","Saxhleel Champion's Perfected Cuirass (Perfected Saxhleel Champion)","Baron Zaudrus Arm Cops (Baron Zaudrus)","Saxhleel Champion's Perfected Gauntlets (Perfected Saxhleel Champion)","","Saxhleel Champion's Perfected Greaves (Perfected Saxhleel Champion)","Saxhleel Champion's Perfected Sabatons (Perfected Saxhleel Champion)","","Ring of the Powerful Assault (Powerful Assault)","Ring of the Powerful Assault (Powerful Assault)","Ice Staff of the Powerful Assault (Powerful Assault)"," ()","The Maelstrom's Perfected Ice Staff (Perfected Crushing Wall)"," ()","Inner Rage","Magical Trample","Polar Wind","Stone Giant","Fragmented Shield","Replenishing Barrier","Leashing Soul","Elemental Susceptibility","Elemental Blockade","Ulfsild's Contingency","Expansive Frost Cloak","Glacial Colossus"
"Aetherian Archive","Lightning Storm Atronach","https://www.esologs.com/reports/GwXQJAfCN6cYD712#fight=3&type=summary&source=4","@Ginga453","Ginger Tanks","earthen-grave-winter-perfected-saxhleel-champion-powerful-assault","tank","Earthen","Winter","Grave","Perfected Saxhleel Champion","Powerful Assault","8276.8","10986.3","67.7","67.7 CPM","","Baron Zaudrus Guise (Baron Zaudrus)","Saxhleel Champion's Cuirass (Saxhleel Champion)","Spaulder of Ruin (Spaulder of Ruin)","Saxhleel Champion's Perfected Gauntlets (Perfected Saxhleel Champion)","","Saxhleel Champion's Perfected Greaves (Perfected Saxhleel Champion)","Saxhleel Champion's Perfected Sabatons (Perfected Saxhleel Champion)","","Ring of the Powerful Assault (Powerful Assault)","Ring of the Powerful Assault (Powerful Assault)","Dagger of the Trainee (Armor of the Trainee)","Druid's Shield (Druid's Braid)","Ice Staff of the Powerful Assault (Powerful Assault)"," ()","Magical Trample (Assassin's Misery / Heroism)","Warding Burst (Anchorite's Potency / Courage)","Stone Giant","Inner Fire","Expansive Frost Cloak","Replenishing Barrier","Blockade of Frost","Leashing Soul (Druid's Resurgence / Cowardice)","Elemental Susceptibility","Echoing Vigor","Warding Contingency (Gladiator's Tenacity / Resolve)","Glacial Colossus"
"Aetherian Archive","Lightning Storm Atronach","https://www.esologs.com/reports/xnc2YzdhWBLTMaA4#fight=4&type=summary&source=6","@AlbedoSama","Layuumi","daedric-dawn-resto-jorvulds-guidance-roaring-opportunist","healer","Daedric","Dawn","Resto","Jorvuld's Guidance","Roaring Opportunist","8087.1","76460.7","64.4","76460.7 HPS","","Symphony of Blades Guise (Symphony of Blades)","Jorvuld's Guidance Robe (Jorvuld's Guidance)","Symphony of Blades Arm Cops (Symphony of Blades)","Jorvuld's Guidance Gloves (Jorvuld's Guidance)","","Jorvuld's Guidance Breeches (Jorvuld's Guidance)","Jorvuld's Guidance Shoes (Jorvuld's Guidance)","","Roaring Opportunist's Ring (Roaring Opportunist)","Roaring Opportunist's Ring (Roaring Opportunist)","The Master's Restoration Staff (Grand Rejuvenation)"," ()","Roaring Opportunist's Lightning Staff (Roaring Opportunist)"," ()","Combat Prayer","Radiating Regeneration","Summon Twilight Matriarch","Illustrious Healing","Purifying Light","Reviving Barrier","Energy Orb","Unstable Wall of Elements","Summon Twilight Matriarch","Extended Ritual","Overflowing Altar","Aggressive Horn"
"Aetherian Archive","Lightning Storm Atronach","https://www.esologs.com/reports/xnc2YzdhWBLTMaA4#fight=4&type=summary&source=7","@Kyushkin","Lyubopitiy-Zmei","green-living-siphon-perfected-pillagers-profit-spell-power-cure","healer","Siphon","Green","Living","Spell Power Cure","Perfected Pillager's Profit","3294.0","100054.6","67.7","100054.6 HPS","","Ozezan the Inferno's Guise (Ozezan the Inferno)","Spell Power Cure Robe (Spell Power Cure)","Ozezan the Inferno's Epaulets (Ozezan the Inferno)","Spell Power Cure Gloves (Spell Power Cure)","","Spell Power Cure Breeches (Spell Power Cure)","Shoes of the Trainee (Armor of the Trainee)","","Perfected Pillager's Band (Perfected Pillager's Profit)","Perfected Pillager's Band (Perfected Pillager's Profit)","Spell Power Cure Restoration Staff (Spell Power Cure)"," ()","Perfected Pillager's Lightning Staff (Perfected Pillager's Profit)"," ()","Radiating Regeneration","Combat Prayer","Braided Tether","Echoing Vigor","Energy Orb","Shooting Star","Blockade of Storms","Overflowing Altar","Budding Seeds","Intensive Mender","Siphoning Attacks","Reviving Barrier"
"Aetherian Archive","Foundation Stone Atronach","https://www.esologs.com/reports/jcJ2T6AzNFVyYH7D#fight=6&type=summary&source=11","@Hardardere","Zev Breminiev","ardent-ass-herald-perfected-slivers-of-the-null-arca-tide-born-wildstalker","dps","Ardent","Ass","Herald","Tide-Born Wildstalker","Perfected Slivers of the Null Arca","121848.0","6165.5","42.7","121848.0 DPS","","Slimecraw Guise (Slimecraw)","Tide-Born Jack (Tide-Born Wildstalker)","Perfected Null Arca Arm Cops (Perfected Slivers of the Null Arca)","Tide-Born Bracers (Tide-Born Wildstalker)","","Tide-Born Guards (Tide-Born Wildstalker)","Tide-Born Boots (Tide-Born Wildstalker)","","Perfected Null Arca Ring (Perfected Slivers of the Null Arca)","Perfected Null Arca Ring (Perfected Slivers of the Null Arca)","Perfected Null Arca Dagger (Perfected Slivers of the Null Arca)","Perfected Null Arca Dagger (Perfected Slivers of the Null Arca)","The Maelstrom's Perfected Greatsword (Perfected Merciless Charge)"," ()","Cephaliarch's Flail","Pragmatic Fatecarver","Killer's Blade","Quick Cloak","Relentless Focus","Soul Harvest","Inspired Scholarship","Venomous Claw","Flames of Oblivion","Stampede","Molten Whip","Standard of Might"
"Aetherian Archive","Foundation Stone Atronach","https://www.esologs.com/reports/jcJ2T6AzNFVyYH7D#fight=6&type=summary&source=9","@OcelOgihci","Tazman le Bricoleur","ardent-ass-herald-perfected-slivers-of-the-null-arca-tide-born-wildstalker","dps","Ardent","Ass","Herald","Perfected Slivers of the Null Arca","Tide-Born Wildstalker","125335.3","10307.8","46.9","125335.3 DPS","","Slimecraw Guise (Slimecraw)","Perfected Null Arca Jack (Perfected Slivers of the Null Arca)","Tide-Born Arm Cops (Tide-Born Wildstalker)","Perfected Null Arca Bracers (Perfected Slivers of the Null Arca)","","Tide-Born Guards (Tide-Born Wildstalker)","Perfected Null Arca Boots (Perfected Slivers of the Null Arca)","","Perfected Null Arca Ring (Perfected Slivers of the Null Arca)","Perfected Null Arca Ring (Perfected Slivers of the Null Arca)","Tide-Born Dagger (Tide-Born Wildstalker)","Tide-Born Dagger (Tide-Born Wildstalker)","The Maelstrom's Perfected Greatsword (Perfected Merciless Charge)"," ()","Quick Cloak","Killer's Blade","Pragmatic Fatecarver","Cephaliarch's Flail","Merciless Resolve","Soul Harvest","Stampede","Venomous Claw","Inspired Scholarship","Molten Whip","Flames of Oblivion","Standard of Might"
"Aetherian Archive","Foundation Stone Atronach","https://www.esologs.com/reports/jcJ2T6AzNFVyYH7D#fight=6&type=summary&source=8","@Rcbinscn","Rcbinscn","ardent-ass-herald-perfected-slivers-of-the-null-arca-tide-born-wildstalker","dps","Ardent","Ass","Herald","Tide-Born Wildstalker","Perfected Slivers of the Null Arca","147128.6","9031.7","79.9","147128.6 DPS","","Tide-Born Hat (Tide-Born Wildstalker)","Tide-Born Jack (Tide-Born Wildstalker)","Slimecraw Arm Cops (Slimecraw)","Perfected Null Arca Bracers (Perfected Slivers of the Null Arca)","","Tide-Born Guards (Tide-Born Wildstalker)","Perfected Null Arca Boots (Perfected Slivers of the Null Arca)","","Perfected Null Arca Ring (Perfected Slivers of the Null Arca)","Perfected Null Arca Ring (Perfected Slivers of the Null Arca)","Tide-Born Dagger (Tide-Born Wildstalker)","Tide-Born Dagger (Tide-Born Wildstalker)","The Maelstrom's Perfected Greatsword (Perfected Merciless Charge)"," ()","Relentless Focus","Quick Cloak","Killer's Blade","Tentacular Dread","Escalating Runeblades","Incapacitating Strike","Molten Whip","Flames of Oblivion","Venomous Claw","Stampede","Inspired Scholarship","Standard of Might"
"Aetherian Archive","Foundation Stone Atronach","https://www.esologs.com/reports/jcJ2T6AzNFVyYH7D#fight=6&type=summary&source=7","@dewk","Good Cleave","ardent-ass-herald-perfected-slivers-of-the-null-arca-tide-born-wildstalker","dps","Ardent","Ass","Herald","Perfected Slivers of the Null Arca","Tide-Born Wildstalker","168754.2","5260.1","38.7","168754.2 DPS","The Thief","Slimecraw Guise (Slimecraw)","Perfected Null Arca Jack (Perfected Slivers of the Null Arca)","Tide-Born Arm Cops (Tide-Born Wildstalker)","Perfected Null Arca Bracers (Perfected Slivers of the Null Arca)","","Perfected Null Arca Guards (Perfected Slivers of the Null Arca)","Perfected Null Arca Boots (Perfected Slivers of the Null Arca)","","Tide-Born Ring (Tide-Born Wildstalker)","Tide-Born Ring (Tide-Born Wildstalker)","Tide-Born Dagger (Tide-Born Wildstalker)","Tide-Born Dagger (Tide-Born Wildstalker)","The Maelstrom's Greatsword (Merciless Charge)"," ()","Pragmatic Fatecarver","Cephaliarch's Flail","Killer's Blade","Quick Cloak","Relentless Focus","Incapacitating Strike","Stampede","Venomous Claw","Inspired Scholarship","Flames of Oblivion","Scalding Rune","Standard of Might"
"Aetherian Archive","Foundation Stone Atronach","https://www.esologs.com/reports/jcJ2T6AzNFVyYH7D#fight=6&type=summary&source=1","@egandara","Lovely Rita","ardent-ass-herald-perfected-slivers-of-the-null-arca-tide-born-wildstalker","dps","Ardent","Ass","Herald","Tide-Born Wildstalker","Perfected Slivers of the Null Arca","126468.9","7935.1","69.8","126468.9 DPS","","Tide-Born Helmet (Tide-Born Wildstalker)","Tide-Born Jack (Tide-Born Wildstalker)","Slimecraw Epaulets (Slimecraw)","Perfected Null Arca Bracers (Perfected Slivers of the Null Arca)","","Tide-Born Guards (Tide-Born Wildstalker)","Tide-Born Boots (Tide-Born Wildstalker)","","Perfected Null Arca Ring (Perfected Slivers of the Null Arca)","Perfected Null Arca Ring (Perfected Slivers of the Null Arca)","Perfected Null Arca Dagger (Perfected Slivers of the Null Arca)","Perfected Null Arca Dagger (Perfected Slivers of the Null Arca)","The Maelstrom's Perfected Greatsword (Perfected Merciless Charge)"," ()","Pragmatic Fatecarver","Quick Cloak","Killer's Blade","Cephaliarch's Flail","Camouflaged Hunter","Soul Harvest","Stampede","Venomous Claw","Inspired Scholarship","Flames of Oblivion","Molten Whip","Standard of Might"
"Aetherian Archive","Foundation Stone Atronach","https://www.esologs.com/reports/jcJ2T6AzNFVyYH7D#fight=6&type=summary&source=4","@TChewyT","Hello Amber","ardent-ass-herald-perfected-slivers-of-the-null-arca-tide-born-wildstalker","dps","Ardent","Ass","Herald","Tide-Born Wildstalker","Perfected Slivers of the Null Arca","152493.0","10607.0","84.6","152493.0 DPS","","Tide-Born Helmet (Tide-Born Wildstalker)","Perfected Null Arca Jack (Perfected Slivers of the Null Arca)","Slimecraw Arm Cops (Slimecraw)","Perfected Null Arca Bracers (Perfected Slivers of the Null Arca)","","Perfected Null Arca Guards (Perfected Slivers of the Null Arca)","Perfected Null Arca Boots (Perfected Slivers of the Null Arca)","","Tide-Born Ring (Tide-Born Wildstalker)","Tide-Born Ring (Tide-Born Wildstalker)","Tide-Born Dagger (Tide-Born Wildstalker)","Tide-Born Dagger (Tide-Born Wildstalker)","The Maelstrom's Perfected Greatsword (Perfected Merciless Charge)"," ()","Escalating Runeblades","Tentacular Dread","Killer's Blade","Camouflaged Hunter","Merciless Resolve","Incapacitating Strike","Stampede","Molten Whip","Venomous Claw","Inspired Scholarship","Flames of Oblivion","Standard of Might"
"Aetherian Archive","Foundation Stone Atronach","https://www.esologs.com/reports/jcJ2T6AzNFVyYH7D#fight=6&type=summary&source=7","@Qua'rk","Qua'rk","ardent-ass-herald-perfected-slivers-of-the-null-arca-tide-born-wildstalker","dps","Ardent","Ass","Herald","Perfected Slivers of the Null Arca","Tide-Born Wildstalker","69031.5","1586.3","59.0","69031.5 DPS","","Slimecraw Guise (Slimecraw)","Perfected Null Arca Jack (Perfected Slivers of the Null Arca)","Tide-Born Pauldrons (Tide-Born Wildstalker)","Tide-Born Bracers (Tide-Born Wildstalker)","","Perfected Null Arca Guards (Perfected Slivers of the Null Arca)","Perfected Null Arca Boots (Perfected Slivers of the Null Arca)","","Tide-Born Ring (Tide-Born Wildstalker)","Tide-Born Ring (Tide-Born Wildstalker)","Perfected Null Arca Dagger (Perfected Slivers of the Null Arca)","Perfected Null Arca Dagger (Perfected Slivers of the Null Arca)","Vateshran's Inferno Staff (Wrath of Elements)"," ()","Escalating Runeblades","Tentacular Dread","Killer's Blade","Barbed Trap","Quick Cloak","Incapacitating Strike","Elemental Blockade","Flames of Oblivion","Venomous Claw","Inspired Scholarship","Resolving Vigor","Standard of Might"
"Aetherian Archive","Foundation Stone Atronach","https://www.esologs.com/reports/jcJ2T6AzNFVyYH7D#fight=6&type=summary&source=5","@jimmy2e","M'Laiz R'pointa","ardent-ass-herald-perfected-slivers-of-the-null-arca-tide-born-wildstalker","dps","Ardent","Ass","Herald","Tide-Born Wildstalker","Perfected Slivers of the Null Arca","116636.6","3323.1","39.7","116636.6 DPS","","Nerien'eth Mask (Nerien'eth)","Tide-Born Jack (Tide-Born Wildstalker)","Nerien'eth Epaulets (Nerien'eth)","Tide-Born Bracers (Tide-Born Wildstalker)","","Tide-Born Guards (Tide-Born Wildstalker)","Tide-Born Boots (Tide-Born Wildstalker)","","Perfected Null Arca Ring (Perfected Slivers of the Null Arca)","Perfected Null Arca Ring (Perfected Slivers of the Null Arca)","Perfected Null Arca Bow (Perfected Slivers of the Null Arca)"," ()","The Maelstrom's Perfected Greatsword (Perfected Merciless Charge)"," ()","Cephaliarch's Flail","Barbed Trap","Pragmatic Fatecarver","Venomous Claw","Banner Bearer","Soul Harvest","Flames of Oblivion","Inspired Scholarship","Stampede","Molten Whip","Banner Bearer","Standard of Might"
"Aetherian Archive","Foundation Stone Atronach","https://www.esologs.com/reports/jcJ2T6AzNFVyYH7D#fight=6&type=summary&source=2","@knd775","Aldaryth Nilvra","ardent-ass-herald-perfected-slivers-of-the-null-arca-tide-born-wildstalker","dps","Ardent","Ass","Herald","Perfected Slivers of the Null Arca","Tide-Born Wildstalker","91512.0","1736.5","29.3","91512.0 DPS","","Slimecraw Guise (Slimecraw)","Perfected Null Arca Jack (Perfected Slivers of the Null Arca)","Tide-Born Arm Cops (Tide-Born Wildstalker)","Perfected Null Arca Bracers (Perfected Slivers of the Null Arca)","","Perfected Null Arca Guards (Perfected Slivers of the Null Arca)","Perfected Null Arca Boots (Perfected Slivers of the Null Arca)","","Tide-Born Ring (Tide-Born Wildstalker)","Tide-Born Ring (Tide-Born Wildstalker)","Tide-Born Dagger (Tide-Born Wildstalker)","Tide-Born Dagger (Tide-Born Wildstalker)","The Maelstrom's Perfected Greatsword (Perfected Merciless Charge)"," ()","Cephaliarch's Flail","Pragmatic Fatecarver","Quick Cloak","Venomous Claw","Camouflaged Hunter","Soul Harvest","Stampede","Flames of Oblivion","Fulminating Rune","Inspired Scholarship","Molten Whip","Standard of Might"
"Aetherian Archive","Foundation Stone Atronach","https://www.esologs.com/reports/jcJ2T6AzNFVyYH7D#fight=6&type=summary&source=5","@Samnons88","ggboysgg","ardent-ass-herald-perfected-slivers-of-the-null-arca-tide-born-wildstalker","dps","Ardent","Ass","Herald","Tide-Born Wildstalker","Perfected Slivers of the Null Arca","161610.6","6444.7","85.9","161610.6 DPS",""," (Huntsman's Warmask)","Tide-Born Jack (Tide-Born Wildstalker)","Slimecraw Epaulets (Slimecraw)","Perfected Null Arca Bracers (Perfected Slivers of the Null Arca)","","Tide-Born Guards (Tide-Born Wildstalker)","Perfected Null Arca Boots (Perfected Slivers of the Null Arca)","","Perfected Null Arca Ring (Perfected Slivers of the Null Arca)","Perfected Null Arca Ring (Perfected Slivers of the Null Arca)","Tide-Born Dagger (Tide-Born Wildstalker)","Tide-Born Dagger (Tide-Born Wildstalker)","The Maelstrom's Perfected Greatsword (Perfected Merciless Charge)"," ()","Killer's Blade","Quick Cloak","Tentacular Dread","Escalating Runeblades","Relentless Focus","Incapacitating Strike","Stampede","Barbed Trap","Venomous Claw","Inspired Scholarship","Flames of Oblivion","Standard of Might"
"Aetherian Archive","Foundation Stone Atronach","https://www.esologs.com/reports/jcJ2T6AzNFVyYH7D#fight=6&type=summary&source=7","@SCOTTIS1011","Scottis Beamed me Twice","ardent-ass-herald-perfected-slivers-of-the-null-arca-tide-born-wildstalker","dps","Ardent","Ass","Herald","Tide-Born Wildstalker","Perfected Slivers of the Null Arca","122023.0","5056.6","44.4","122023.0 DPS","","Slimecraw Mask (Slimecraw)","Tide-Born Jack (Tide-Born Wildstalker)","Perfected Null Arca Arm Cops (Perfected Slivers of the Null Arca)","Perfected Null Arca Bracers (Perfected Slivers of the Null Arca)","","Perfected Null Arca Guards (Perfected Slivers of the Null Arca)","Perfected Null Arca Boots (Perfected Slivers of the Null Arca)","","Tide-Born Ring (Tide-Born Wildstalker)","Tide-Born Ring (Tide-Born Wildstalker)","Tide-Born Dagger (Tide-Born Wildstalker)","Tide-Born Dagger (Tide-Born Wildstalker)","The Maelstrom's Perfected Greatsword (Perfected Merciless Charge)"," ()","Pragmatic Fatecarver","Cephaliarch's Flail","Venomous Claw","Quick Cloak","Camouflaged Hunter","Incapacitating Strike","Stampede","Inspired Scholarship","Fulminating Rune","Flames of Oblivion","Molten Whip","The Languid Eye"
"Aetherian Archive","Foundation Stone Atronach","https://www.esologs.com/reports/jcJ2T6AzNFVyYH7D#fight=6&type=summary&source=15","@C1arity","Definitely Not Ashur","ardent-ass-herald-perfected-slivers-of-the-null-arca-tide-born-wildstalker","dps","Ardent","Ass","Herald","Perfected Slivers of the Null Arca","Tide-Born Wildstalker","136017.3","8479.8","28.6","136017.3 DPS","","Slimecraw Guise (Slimecraw)","Perfected Null Arca Jack (Perfected Slivers of the Null Arca)","Tide-Born Arm Cops (Tide-Born Wildstalker)","Perfected Null Arca Bracers (Perfected Slivers of the Null Arca)","","Perfected Null Arca Guards (Perfected Slivers of the Null Arca)","Perfected Null Arca Boots (Perfected Slivers of the Null Arca)","","Tide-Born Ring (Tide-Born Wildstalker)","Tide-Born Ring (Tide-Born Wildstalker)","Tide-Born Dagger (Tide-Born Wildstalker)","Tide-Born Dagger (Tide-Born Wildstalker)","The Maelstrom's Greatsword (Merciless Charge)"," ()","Quick Cloak","Cephaliarch's Flail","Pragmatic Fatecarver","Camouflaged Hunter","Killer's Blade","Incapacitating Strike","Inspired Scholarship","Flames of Oblivion","Molten Whip","Stampede","Noxious Breath","Standard of Might"
"Aetherian Archive","Foundation Stone Atronach","https://www.esologs.com/reports/jcJ2T6AzNFVyYH7D#fight=6&type=summary&source=11","@MPL33","Voralyth","ardent-ass-herald-perfected-slivers-of-the-null-arca-tide-born-wildstalker","dps","Ardent","Ass","Herald","Perfected Slivers of the Null Arca","Tide-Born Wildstalker","68999.8","2822.3","33.9","68999.8 DPS","","Slimecraw Guise (Slimecraw)","Perfected Null Arca Jack (Perfected Slivers of the Null Arca)","Tide-Born Arm Cops (Tide-Born Wildstalker)","Perfected Null Arca Bracers (Perfected Slivers of the Null Arca)","","Perfected Null Arca Guards (Perfected Slivers of the Null Arca)","Perfected Null Arca Boots (Perfected Slivers of the Null Arca)","","Tide-Born Ring (Tide-Born Wildstalker)","Tide-Born Ring (Tide-Born Wildstalker)","Tide-Born Dagger (Tide-Born Wildstalker)","Tide-Born Dagger (Tide-Born Wildstalker)","The Maelstrom's Inferno Staff (Crushing Wall)"," ()","Cephaliarch's Flail","Pragmatic Fatecarver","Venomous Claw","Camouflaged Hunter","Quick Cloak","Soul Harvest","Inspired Scholarship","Elemental Blockade","Flames of Oblivion","Rune of Displacement","Molten Whip","Standard of Might"
"Aetherian Archive","Foundation Stone Atronach","https://www.esologs.com/reports/jcJ2T6AzNFVyYH7D#fight=6&type=summary&source=6","@CryptTonite","Hadron","ardent-ass-herald-perfected-slivers-of-the-null-arca-tide-born-wildstalker","dps","Ardent","Ass","Herald","Tide-Born Wildstalker","Perfected Slivers of the Null Arca","99364.7","3392.7","31.6","99364.7 DPS","","Slimecraw Guise (Slimecraw)","Tide-Born Jack (Tide-Born Wildstalker)","Perfected Null Arca Arm Cops (Perfected Slivers of the Null Arca)","Perfected Null Arca Bracers (Perfected Slivers of the Null Arca)","","Tide-Born Guards (Tide-Born Wildstalker)","Tide-Born Boots (Tide-Born Wildstalker)","","Tide-Born Ring (Tide-Born Wildstalker)","Tide-Born Ring (Tide-Born Wildstalker)","Perfected Null Arca Dagger (Perfected Slivers of the Null Arca)","Perfected Null Arca Dagger (Perfected Slivers of the Null Arca)","The Maelstrom's Perfected Greatsword (Perfected Merciless Charge)"," ()","Venomous Claw","Cephaliarch's Flail","Pragmatic Fatecarver","Killer's Blade","Banner Bearer","Incapacitating Strike","Stampede","Inspired Scholarship","Flames of Oblivion","Molten Whip","Banner Bearer","Standard of Might"
"Aetherian Archive","Foundation Stone Atronach","https://www.esologs.com/reports/jcJ2T6AzNFVyYH7D#fight=6&type=summary&source=7","@herby8860","Khajiit in books","ardent-ass-herald-perfected-slivers-of-the-null-arca-tide-born-wildstalker","dps","Ardent","Ass","Herald","Tide-Born Wildstalker","Perfected Slivers of the Null Arca","95390.7","7518.7","30.3","95390.7 DPS","","Slimecraw Guise (Slimecraw)","Tide-Born Jack (Tide-Born Wildstalker)","Perfected Null Arca Arm Cops (Perfected Slivers of the Null Arca)","Perfected Null Arca Bracers (Perfected Slivers of the Null Arca)","","Perfected Null Arca Guards (Perfected Slivers of the Null Arca)","Tide-Born Boots (Tide-Born Wildstalker)","","Tide-Born Ring (Tide-Born Wildstalker)","Tide-Born Ring (Tide-Born Wildstalker)","Perfected Null Arca Dagger (Perfected Slivers of the Null Arca)","Perfected Null Arca Dagger (Perfected Slivers of the Null Arca)","The Maelstrom's Perfected Inferno Staff (Perfected Crushing Wall)"," ()","Pragmatic Fatecarver","Barbed Trap","Cephaliarch's Flail","Deadly Cloak","Banner Bearer","Soul Harvest","Unstable Wall of Elements","Flames of Oblivion","Venomous Claw","Inspired Scholarship","Banner Bearer","The Languid Eye"
"Aetherian Archive","Foundation Stone Atronach","https://www.esologs.com/reports/jcJ2T6AzNFVyYH7D#fight=6&type=summary&source=17","@ZookieFyre","Kehri Shurh'dona","ardent-ass-herald-perfected-slivers-of-the-null-arca-tide-born-wildstalker","dps","Ardent","Ass","Herald","Perfected Slivers of the Null Arca","Tide-Born Wildstalker","156904.1","11659.1","88.5","156904.1 DPS","","Slimecraw Guise (Slimecraw)","Perfected Null Arca Jack (Perfected Slivers of the Null Arca)","Tide-Born Arm Cops (Tide-Born Wildstalker)","Perfected Null Arca Bracers (Perfected Slivers of the Null Arca)","","Perfected Null Arca Guards (Perfected Slivers of the Null Arca)","Perfected Null Arca Boots (Perfected Slivers of the Null Arca)","","Tide-Born Ring (Tide-Born Wildstalker)","Tide-Born Ring (Tide-Born Wildstalker)","Tide-Born Dagger (Tide-Born Wildstalker)","Tide-Born Dagger (Tide-Born Wildstalker)","The Maelstrom's Perfected Greatsword (Perfected Merciless Charge)"," ()","Merciless Resolve","Killer's Blade","Escalating Runeblades","Tentacular Dread","Barbed Trap","Soul Harvest","Stampede","Venomous Claw","Flames of Oblivion","Molten Whip","Inspired Scholarship","Standard of Might"
"Aetherian Archive","Foundation Stone Atronach","https://www.esologs.com/reports/GwXQJAfCN6cYD712#fight=6&type=summary&source=7","@Esstarossa","Estarossa Of Hate","ardent-ass-herald-berserking-warrior-perfected-slivers-of-the-null-arca","dps","Ardent","Ass","Herald","Perfected Slivers of the Null Arca","Berserking Warrior","128053.7","3756.7","49.8","128053.7 DPS",""," (Huntsman's Warmask)","Perfected Null Arca Jack (Perfected Slivers of the Null Arca)","Slimecraw Arm Cops (Slimecraw)","Perfected Null Arca Bracers (Perfected Slivers of the Null Arca)","","Perfected Null Arca Guards (Perfected Slivers of the Null Arca)","Perfected Null Arca Boots (Perfected Slivers of the Null Arca)","","Ring of the Advancing Yokeda (Berserking Warrior)","Ring of the Advancing Yokeda (Berserking Warrior)","Dagger of the Advancing Yokeda (Berserking Warrior)","Dagger of the Advancing Yokeda (Berserking Warrior)","The Maelstrom's Perfected Greatsword (Perfected Merciless Charge)"," ()","Tentacular Dread","Escalating Runeblades","Killer's Blade","Barbed Trap","Relentless Focus","Incapacitating Strike","Flames of Oblivion","Stampede","Molten Whip","Inspired Scholarship","Venomous Claw","Standard of Might"
"Aetherian Archive","Foundation Stone Atronach","https://www.esologs.com/reports/GwXQJAfCN6cYD712#fight=6&type=summary&source=1","@yaasshaa","arcaeea","ardent-ass-herald-berserking-warrior-perfected-slivers-of-the-null-arca","dps","Ardent","Ass","Herald","Perfected Slivers of the Null Arca","Berserking Warrior","163736.6","2328.3","78.7","163736.6 DPS",""," (Huntsman's Warmask)","Perfected Null Arca Jack (Perfected Slivers of the Null Arca)","Slimecraw Arm Cops (Slimecraw)","Perfected Null Arca Bracers (Perfected Slivers of the Null Arca)","","Perfected Null Arca Guards (Perfected Slivers of the Null Arca)","Perfected Null Arca Boots (Perfected Slivers of the Null Arca)","","Ring of the Advancing Yokeda (Berserking Warrior)","Ring of the Advancing Yokeda (Berserking Warrior)","Dagger of the Advancing Yokeda (Berserking Warrior)","Dagger of the Advancing Yokeda (Berserking Warrior)","The Maelstrom's Perfected Greatsword (Perfected Merciless Charge)"," ()","Barbed Trap","Relentless Focus","Tentacular Dread","Escalating Runeblades","Killer's Blade","Soul Harvest","Inspired Scholarship","Flames of Oblivion","Stampede","Venomous Claw","Molten Whip","Standard of Might"
"Aetherian Archive","Foundation Stone Atronach","https://www.esologs.com/reports/GwXQJAfCN6cYD712#fight=6&type=summary&source=10","@NeverKillMePleb","Mein Zeh Tut Weh","ardent-ass-herald-berserking-warrior-perfected-slivers-of-the-null-arca","dps","Ardent","Ass","Herald","Perfected Slivers of the Null Arca","Berserking Warrior","161982.9","1986.9","98.0","161982.9 DPS","","Selene Mask (Selene)","Perfected Null Arca Jack (Perfected Slivers of the Null Arca)","Selene Arm Cops (Selene)","Perfected Null Arca Bracers (Perfected Slivers of the Null Arca)","","Perfected Null Arca Guards (Perfected Slivers of the Null Arca)","Perfected Null Arca Boots (Perfected Slivers of the Null Arca)","","Ring of the Advancing Yokeda (Berserking Warrior)","Ring of the Advancing Yokeda (Berserking Warrior)","Dagger of the Advancing Yokeda (Berserking Warrior)","Dagger of the Advancing Yokeda (Berserking Warrior)","The Maelstrom's Greatsword (Merciless Charge)"," ()","Merciless Resolve","Escalating Runeblades","Tentacular Dread","Barbed Trap","Killer's Blade","Incapacitating Strike","Stampede","Flames of Oblivion","Molten Whip","Inspired Scholarship","Venomous Claw","Standard of Might"
"Aetherian Archive","Foundation Stone Atronach","https://www.esologs.com/reports/GwXQJAfCN6cYD712#fight=6&type=summary&source=12","@Kaus-sirrah","Elon Cruxk","ardent-ass-herald-berserking-warrior-perfected-slivers-of-the-null-arca","dps","Ardent","Ass","Herald","Perfected Slivers of the Null Arca","Berserking Warrior","87436.7","9349.9","73.0","87436.7 DPS",""," (Huntsman's Warmask)","Perfected Null Arca Jack (Perfected Slivers of the Null Arca)","Zaan Epaulets (Zaan)","Perfected Null Arca Bracers (Perfected Slivers of the Null Arca)","","Perfected Null Arca Guards (Perfected Slivers of the Null Arca)","Perfected Null Arca Boots (Perfected Slivers of the Null Arca)","","Ring of the Advancing Yokeda (Berserking Warrior)","Ring of the Advancing Yokeda (Berserking Warrior)","Dagger of the Advancing Yokeda (Berserking Warrior)","Dagger of the Advancing Yokeda (Berserking Warrior)","The Maelstrom's Perfected Greatsword (Perfected Merciless Charge)"," ()","Killer's Blade","Escalating Runeblades","Tentacular Dread","Barbed Trap","Relentless Focus","Incapacitating Strike","Venomous Claw","Inspired Scholarship","Molten Whip","Stampede","Flames of Oblivion","Standard of Might"
"Aetherian Archive","Foundation Stone Atronach","https://www.esologs.com/reports/GwXQJAfCN6cYD712#fight=6&type=summary&source=10","@Magma9783","Taterheadbam","ardent-ass-herald-berserking-warrior-perfected-slivers-of-the-null-arca","dps","Ardent","Ass","Herald","Perfected Slivers of the Null Arca","Berserking Warrior","187925.7","3535.0","77.5","187925.7 DPS",""," (Huntsman's Warmask)","Perfected Null Arca Jack (Perfected Slivers of the Null Arca)","Slimecraw Arm Cops (Slimecraw)","Perfected Null Arca Bracers (Perfected Slivers of the Null Arca)","","Perfected Null Arca Guards (Perfected Slivers of the Null Arca)","Perfected Null Arca Boots (Perfected Slivers of the Null Arca)","","Ring of the Advancing Yokeda (Berserking Warrior)","Ring of the Advancing Yokeda (Berserking Warrior)","Dagger of the Advancing Yokeda (Berserking Warrior)","Dagger of the Advancing Yokeda (Berserking Warrior)","The Maelstrom's Greatsword (Merciless Charge)"," ()","Barbed Trap","Killer's Blade","Relentless Focus","Tentacular Dread","Escalating Runeblades","Incapacitating Strike","Molten Whip","Flames of Oblivion","Venomous Claw","Inspired Scholarship","Stampede","Standard of Might"
"Aetherian Archive","Foundation Stone Atronach","https://www.esologs.com/reports/GwXQJAfCN6cYD712#fight=6&type=summary&source=6","@Ginga453","Gingers On Top","ardent-ass-herald-berserking-warrior-perfected-slivers-of-the-null-arca","dps","Ardent","Ass","Herald","Perfected Slivers of the Null Arca","Berserking Warrior","198547.3","3259.5","104.1","198547.3 DPS","The Thief"," (Huntsman's Warmask)","Perfected Null Arca Jack (Perfected Slivers of the Null Arca)","Slimecraw Arm Cops (Slimecraw)","Perfected Null Arca Bracers (Perfected Slivers of the Null Arca)","","Perfected Null Arca Guards (Perfected Slivers of the Null Arca)","Perfected Null Arca Boots (Perfected Slivers of the Null Arca)","","Ring of the Advancing Yokeda (Berserking Warrior)","Ring of the Advancing Yokeda (Berserking Warrior)","Dagger of the Advancing Yokeda (Berserking Warrior)","Dagger of the Advancing Yokeda (Berserking Warrior)","The Maelstrom's Greatsword (Merciless Charge)"," ()","Killer's Blade","Barbed Trap","Relentless Focus","Escalating Runeblades","Tentacular Dread","Incapacitating Strike","Stampede","Venomous Claw","Inspired Scholarship","Flames of Oblivion","Molten Whip","Standard of Might"
"Aetherian Archive","Foundation Stone Atronach","https://www.esologs.com/reports/GwXQJAfCN6cYD712#fight=6&type=summary&source=12","@Diocliate","You Shall not Pärse","ardent-ass-herald-berserking-warrior-perfected-slivers-of-the-null-arca","dps","Ardent","Ass","Herald","Perfected Slivers of the Null Arca","Berserking Warrior","187161.0","1645.1","70.2","187161.0 DPS",""," (Huntsman's Warmask)","Perfected Null Arca Jack (Perfected Slivers of the Null Arca)","Slimecraw Epaulets (Slimecraw)","Perfected Null Arca Bracers (Perfected Slivers of the Null Arca)","","Perfected Null Arca Guards (Perfected Slivers of the Null Arca)","Perfected Null Arca Boots (Perfected Slivers of the Null Arca)","","Ring of the Advancing Yokeda (Berserking Warrior)","Ring of the Advancing Yokeda (Berserking Warrior)","Dagger of the Advancing Yokeda (Berserking Warrior)","Dagger of the Advancing Yokeda (Berserking Warrior)","The Maelstrom's Perfected Greatsword (Perfected Merciless Charge)"," ()","Barbed Trap","Merciless Resolve","Escalating Runeblades","Tentacular Dread","Killer's Blade","Incapacitating Strike","Stampede","Molten Whip","Inspired Scholarship","Venomous Claw","Flames of Oblivion","Standard of Might"
"Aetherian Archive","Foundation Stone Atronach","https://www.esologs.com/reports/GwXQJAfCN6cYD712#fight=6&type=summary&source=12","@IamKippy","Z'enpai","ardent-ass-herald-berserking-warrior-perfected-slivers-of-the-null-arca","dps","Ardent","Ass","Herald","Perfected Slivers of the Null Arca","Berserking Warrior","89588.6","1648.1","36.7","89588.6 DPS","","Slimecraw Mask (Slimecraw)","Perfected Null Arca Jack (Perfected Slivers of the Null Arca)","Pauldron of the Advancing Yokeda (Berserking Warrior)","Perfected Null Arca Bracers (Perfected Slivers of the Null Arca)","","Perfected Null Arca Guards (Perfected Slivers of the Null Arca)","Perfected Null Arca Boots (Perfected Slivers of the Null Arca)","","Ring of the Advancing Yokeda (Berserking Warrior)","Ring of the Advancing Yokeda (Berserking Warrior)","Dagger of the Advancing Yokeda (Berserking Warrior)","Dagger of the Advancing Yokeda (Berserking Warrior)","The Maelstrom's Perfected Greatsword (Perfected Merciless Charge)"," ()","Cephaliarch's Flail","Exhausting Fatecarver","Venomous Claw","Killer's Blade","Fulminating Rune","Incapacitating Strike","Stampede","Flames of Oblivion","Inspired Scholarship","Molten Whip","Resolving Vigor","Standard of Might"
"Aetherian Archive","Foundation Stone Atronach","https://www.esologs.com/reports/GwXQJAfCN6cYD712#fight=6&type=summary&source=2","@SBroiler","Arelbroil Abstinentio","ardent-ass-herald-berserking-warrior-perfected-slivers-of-the-null-arca","dps","Ardent","Ass","Herald","Perfected Slivers of the Null Arca","Berserking Warrior","95522.7","757.5","69.0","95522.7 DPS","","Selene Mask (Selene)","Perfected Null Arca Jack (Perfected Slivers of the Null Arca)","Selene Arm Cops (Selene)","Perfected Null Arca Bracers (Perfected Slivers of the Null Arca)","","Perfected Null Arca Guards (Perfected Slivers of the Null Arca)","Perfected Null Arca Boots (Perfected Slivers of the Null Arca)","","Ring of the Advancing Yokeda (Berserking Warrior)","Ring of the Advancing Yokeda (Berserking Warrior)","Dagger of the Advancing Yokeda (Berserking Warrior)","Dagger of the Advancing Yokeda (Berserking Warrior)","The Maelstrom's Perfected Greatsword (Perfected Merciless Charge)"," ()","Escalating Runeblades","Merciless Resolve","Tentacular Dread","Killer's Blade","Barbed Trap","Incapacitating Strike","Stampede","Inspired Scholarship","Venomous Claw","Flames of Oblivion","Molten Whip","Standard of Might"
"Aetherian Archive","Foundation Stone Atronach","https://www.esologs.com/reports/A4FvRHM2fpka8jd7#fight=31&type=summary&source=138","@ImNotBrick","Idk at this point","ardent-ass-herald-deadly-strike-perfected-slivers-of-the-null-arca","dps","Ardent","Ass","Herald","Perfected Slivers of the Null Arca","Deadly Strike","186827.2","2389.5","43.6","186827.2 DPS","The Thief","Slimecraw Mask (Slimecraw)","Perfected Null Arca Jack (Perfected Slivers of the Null Arca)","Deadly Arm Cops (Deadly Strike)","Perfected Null Arca Bracers (Perfected Slivers of the Null Arca)","","Perfected Null Arca Guards (Perfected Slivers of the Null Arca)","Perfected Null Arca Boots (Perfected Slivers of the Null Arca)","","Deadly Ring (Deadly Strike)","Deadly Ring (Deadly Strike)","Deadly Dagger (Deadly Strike)","Deadly Dagger (Deadly Strike)","The Maelstrom's Perfected Greatsword (Perfected Merciless Charge)"," ()","Cephaliarch's Flail","Quick Cloak","Camouflaged Hunter","Killer's Blade","Exhausting Fatecarver","Soul Harvest","Stampede","Flames of Oblivion","Inspired Scholarship","Molten Whip","Venomous Claw","Standard of Might"
"Aetherian Archive","Foundation Stone Atronach","https://www.esologs.com/reports/A4FvRHM2fpka8jd7#fight=31&type=summary&source=12","@kevkj","Geega Verhan av'Hel","ardent-ass-herald-deadly-strike-perfected-slivers-of-the-null-arca","dps","Ardent","Ass","Herald","Perfected Slivers of the Null Arca","Deadly Strike","130855.0","10042.0","26.7","130855.0 DPS","","Perfected Null Arca Helmet (Perfected Slivers of the Null Arca)","Perfected Null Arca Jack (Perfected Slivers of the Null Arca)","Zaan Epaulets (Zaan)","Deadly Bracers (Deadly Strike)","","Perfected Null Arca Guards (Perfected Slivers of the Null Arca)","Deadly Boots (Deadly Strike)","","Perfected Null Arca Ring (Perfected Slivers of the Null Arca)","Perfected Null Arca Ring (Perfected Slivers of the Null Arca)","Deadly Dagger (Deadly Strike)","Deadly Dagger (Deadly Strike)","The Maelstrom's Perfected Inferno Staff (Perfected Crushing Wall)"," ()","Quick Cloak","Cephaliarch's Flail","Pragmatic Fatecarver","Venomous Claw","Camouflaged Hunter","Soul Harvest","Elemental Blockade","Inspired Scholarship","Flames of Oblivion","Fulminating Rune","Molten Whip","Standard of Might"
"Aetherian Archive","Foundation Stone Atronach","https://www.esologs.com/reports/A4FvRHM2fpka8jd7#fight=31&type=summary&source=8","@MyMindInSin","Leads-To-Death","ardent-ass-herald-deadly-strike-perfected-slivers-of-the-null-arca","dps","Ardent","Ass","Herald","Perfected Slivers of the Null Arca","Deadly Strike","105881.1","7194.8","62.3","105881.1 DPS","","Perfected Null Arca Helmet (Perfected Slivers of the Null Arca)","Perfected Null Arca Jack (Perfected Slivers of the Null Arca)","Slimecraw Epaulets (Slimecraw)","Perfected Null Arca Bracers (Perfected Slivers of the Null Arca)","","Perfected Null Arca Guards (Perfected Slivers of the Null Arca)","Deadly Boots (Deadly Strike)","","Deadly Ring (Deadly Strike)","Deadly Ring (Deadly Strike)","Deadly Dagger (Deadly Strike)","Deadly axe (Deadly Strike)","The Maelstrom's Perfected Greatsword (Perfected Merciless Charge)"," ()","Tentacular Dread","Escalating Runeblades","Merciless Resolve","Barbed Trap","Killer's Blade","Soul Harvest","Stampede","Carve","Flames of Oblivion","Inspired Scholarship","Molten Whip","Standard of Might"
"Aetherian Archive","Foundation Stone Atronach","https://www.esologs.com/reports/A4FvRHM2fpka8jd7#fight=31&type=summary&source=12","@Deano_316","Mr Starc","ardent-ass-herald-deadly-strike-perfected-slivers-of-the-null-arca","dps","Ardent","Ass","Herald","Perfected Slivers of the Null Arca","Deadly Strike","109648.3","2521.8","42.9","109648.3 DPS","","Slimecraw Mask (Slimecraw)","Perfected Null Arca Jack (Perfected Slivers of the Null Arca)","Deadly Arm Cops (Deadly Strike)","Perfected Null Arca Bracers (Perfected Slivers of the Null Arca)","","Perfected Null Arca Guards (Perfected Slivers of the Null Arca)","Perfected Null Arca Boots (Perfected Slivers of the Null Arca)","","Deadly Ring (Deadly Strike)","Deadly Ring (Deadly Strike)","Deadly Dagger (Deadly Strike)","Deadly Dagger (Deadly Strike)","The Maelstrom's Perfected Greatsword (Perfected Merciless Charge)"," ()","Exhausting Fatecarver","Killer's Blade","Cephaliarch's Flail","Quick Cloak","Camouflaged Hunter","Soul Harvest","Inspired Scholarship","Flames of Oblivion","Venomous Claw","Stampede","Molten Whip","Standard of Might"
"Aetherian Archive","Foundation Stone Atronach","https://www.esologs.com/reports/A4FvRHM2fpka8jd7#fight=31&type=summary&source=11","@Fixed_Nick","Aegnör","ardent-ass-herald-deadly-strike-perfected-slivers-of-the-null-arca","dps","Ardent","Ass","Herald","Perfected Slivers of the Null Arca","Deadly Strike","90442.5","7686.9","22.9","90442.5 DPS","","Slimecraw Guise (Slimecraw)","Perfected Null Arca Jack (Perfected Slivers of the Null Arca)","Deadly Arm Cops (Deadly Strike)","Perfected Null Arca Bracers (Perfected Slivers of the Null Arca)","","Perfected Null Arca Guards (Perfected Slivers of the Null Arca)","Perfected Null Arca Boots (Perfected Slivers of the Null Arca)","","Deadly Ring (Deadly Strike)","Deadly Ring (Deadly Strike)","The Maelstrom's Perfected Greatsword (Perfected Merciless Charge)"," ()","Deadly Dagger (Deadly Strike)","Deadly Dagger (Deadly Strike)","Engulfing Flames","Stampede","Inspired Scholarship","Venomous Claw","Molten Whip","Standard of Might","Cephaliarch's Flail","Pragmatic Fatecarver","Quick Cloak","Flames of Oblivion","Relentless Focus","Soul Harvest"
"Aetherian Archive","Foundation Stone Atronach","https://www.esologs.com/reports/A4FvRHM2fpka8jd7#fight=31&type=summary&source=4","@SirPugglesworth","Cthulhu Fhtagn R'lyeh","ardent-ass-herald-deadly-strike-perfected-slivers-of-the-null-arca","dps","Ardent","Ass","Herald","Perfected Slivers of the Null Arca","Deadly Strike","81795.9","3712.3","44.4","81795.9 DPS","","Slimecraw Mask (Slimecraw)","Perfected Null Arca Jack (Perfected Slivers of the Null Arca)","Deadly Arm Cops (Deadly Strike)","Perfected Null Arca Bracers (Perfected Slivers of the Null Arca)","","Perfected Null Arca Guards (Perfected Slivers of the Null Arca)","Perfected Null Arca Boots (Perfected Slivers of the Null Arca)","","Deadly Ring (Deadly Strike)","Deadly Ring (Deadly Strike)","Deadly Dagger (Deadly Strike)","Deadly Dagger (Deadly Strike)","The Maelstrom's Perfected Greatsword (Perfected Merciless Charge)"," ()","Cephaliarch's Flail","Pragmatic Fatecarver","Killer's Blade","Quick Cloak","Relentless Focus","Soul Harvest","Venomous Claw","Stampede","Inspired Scholarship","Flames of Oblivion","Molten Whip","Standard of Might"
"Aetherian Archive","Foundation Stone Atronach","https://www.esologs.com/reports/A4FvRHM2fpka8jd7#fight=31&type=summary&source=10","@PaganPandas","Tøästÿ Büns","ardent-ass-herald-deadly-strike-perfected-slivers-of-the-null-arca","dps","Ardent","Ass","Herald","Deadly Strike","Perfected Slivers of the Null Arca","98022.8","6038.4","50.1","98022.8 DPS","","Slimecraw Guise (Slimecraw)","Deadly Jack (Deadly Strike)","Perfected Null Arca Arm Cops (Perfected Slivers of the Null Arca)","Perfected Null Arca Bracers (Perfected Slivers of the Null Arca)","","Perfected Null Arca Guards (Perfected Slivers of the Null Arca)","Perfected Null Arca Boots (Perfected Slivers of the Null Arca)","","Deadly Ring (Deadly Strike)","Deadly Ring (Deadly Strike)","Deadly Dagger (Deadly Strike)","Deadly Dagger (Deadly Strike)","The Maelstrom's Perfected Greatsword (Perfected Merciless Charge)"," ()","Cephaliarch's Flail","Pragmatic Fatecarver","Killer's Blade","Quick Cloak","Camouflaged Hunter","Soul Harvest","Stampede","Venomous Claw","Inspired Scholarship","Flames of Oblivion","Molten Whip","Standard of Might"
"Aetherian Archive","Foundation Stone Atronach","https://www.esologs.com/reports/A4FvRHM2fpka8jd7#fight=31&type=summary&source=1","@bleakirl","Warfaerin","ardent-ass-herald-deadly-strike-perfected-slivers-of-the-null-arca","dps","Ardent","Ass","Herald","Deadly Strike","Perfected Slivers of the Null Arca","140886.4","6704.5","55.5","140886.4 DPS","","Deadly Helmet (Deadly Strike)","Perfected Null Arca Jack (Perfected Slivers of the Null Arca)","Slimecraw Epaulets (Slimecraw)","Perfected Null Arca Bracers (Perfected Slivers of the Null Arca)","","Perfected Null Arca Guards (Perfected Slivers of the Null Arca)","Perfected Null Arca Boots (Perfected Slivers of the Null Arca)","","Deadly Ring (Deadly Strike)","Deadly Ring (Deadly Strike)","Deadly Dagger (Deadly Strike)","Deadly Dagger (Deadly Strike)","The Maelstrom's Perfected Greatsword (Perfected Merciless Charge)"," ()","Quick Cloak","Cephaliarch's Flail","Killer's Blade","Pragmatic Fatecarver","Camouflaged Hunter","Soul Harvest","Inspired Scholarship","Stampede","Flames of Oblivion","Venomous Claw","Molten Whip","Standard of Might"
"Aetherian Archive","Foundation Stone Atronach","https://www.esologs.com/reports/A4FvRHM2fpka8jd7#fight=31&type=summary&source=9","@McFilthy","Sir Woody The Wood Elf","ardent-ass-herald-deadly-strike-perfected-slivers-of-the-null-arca","dps","Ardent","Ass","Herald","Deadly Strike","Perfected Slivers of the Null Arca","102073.0","1710.1","46.5","102073.0 DPS","","Deadly Helmet (Deadly Strike)","Perfected Null Arca Jack (Perfected Slivers of the Null Arca)","Slimecraw Arm Cops (Slimecraw)","Perfected Null Arca Bracers (Perfected Slivers of the Null Arca)","","Perfected Null Arca Guards (Perfected Slivers of the Null Arca)","Perfected Null Arca Boots (Perfected Slivers of the Null Arca)","","Deadly Ring (Deadly Strike)","Deadly Ring (Deadly Strike)","Deadly Dagger (Deadly Strike)","Deadly Dagger (Deadly Strike)","The Maelstrom's Greatsword (Merciless Charge)"," ()","Cephaliarch's Flail","Pragmatic Fatecarver","Quick Cloak","Flames of Oblivion","Barbed Trap","Incapacitating Strike","Stampede","Engulfing Flames","Venomous Claw","Inspired Scholarship","Molten Whip","Standard of Might"
"Aetherian Archive","Foundation Stone Atronach","https://www.esologs.com/reports/GwXQJAfCN6cYD712#fight=6&type=summary&source=11","@Crocoenjoyer","Melevolencine","earthen-grave-winter-perfected-saxhleel-champion-powerful-assault","tank","Earthen","Winter","Grave","Perfected Saxhleel Champion","Powerful Assault","9598.4","4830.2","57.8","57.8 CPM","","Baron Zaudrus Guise (Baron Zaudrus)","Saxhleel Champion's Perfected Cuirass (Perfected Saxhleel Champion)","Baron Zaudrus Arm Cops (Baron Zaudrus)","Saxhleel Champion's Perfected Gauntlets (Perfected Saxhleel Champion)","","Saxhleel Champion's Perfected Greaves (Perfected Saxhleel Champion)","Saxhleel Champion's Perfected Sabatons (Perfected Saxhleel Champion)","","Ring of the Powerful Assault (Powerful Assault)","Ring of the Powerful Assault (Powerful Assault)","Ice Staff of the Powerful Assault (Powerful Assault)"," ()","The Maelstrom's Perfected Ice Staff (Perfected Crushing Wall)"," ()","Inner Rage","Magical Trample","Polar Wind","Stone Giant","Fragmented Shield","Replenishing Barrier","Leashing Soul","Elemental Susceptibility","Elemental Blockade","Ulfsild's Contingency","Expansive Frost Cloak","Glacial Colossus"
"Aetherian Archive","Foundation Stone Atronach","https://www.esologs.com/reports/GwXQJAfCN6cYD712#fight=6&type=summary&source=4","@Ginga453","Ginger Tanks","earthen-grave-winter-perfected-saxhleel-champion-powerful-assault","tank","Earthen","Winter","Grave","Perfected Saxhleel Champion","Powerful Assault","11963.3","9671.1","79.5","79.5 CPM","The Thief","Baron Zaudrus Guise (Baron Zaudrus)","Saxhleel Champion's Cuirass (Saxhleel Champion)","Spaulder of Ruin (Spaulder of Ruin)","Saxhleel Champion's Perfected Gauntlets (Perfected Saxhleel Champion)","","Saxhleel Champion's Perfected Greaves (Perfected Saxhleel Champion)","Saxhleel Champion's Perfected Sabatons (Perfected Saxhleel Champion)","","Ring of the Powerful Assault (Powerful Assault)","Ring of the Powerful Assault (Powerful Assault)","Dagger of the Trainee (Armor of the Trainee)","Druid's Shield (Druid's Braid)","Ice Staff of the Powerful Assault (Powerful Assault)"," ()","Magical Trample (Assassin's Misery / Heroism)","Warding Burst (Anchorite's Potency / Courage)","Stone Giant","Inner Fire","Expansive Frost Cloak","Replenishing Barrier","Blockade of Frost","Leashing Soul (Druid's Resurgence / Cowardice)","Elemental Susceptibility","Echoing Vigor","Warding Contingency (Gladiator's Tenacity / Resolve)","Glacial Colossus"
"Aetherian Archive","Foundation Stone Atronach","https://www.esologs.com/reports/xnc2YzdhWBLTMaA4#fight=7&type=summary&source=6","@AlbedoSama","Layuumi","daedric-dawn-resto-jorvulds-guidance-roaring-opportunist","healer","Daedric","Dawn","Resto","Jorvuld's Guidance","Roaring Opportunist","7028.6","90684.8","60.0","90684.8 HPS","","Symphony of Blades Guise (Symphony of Blades)","Jorvuld's Guidance Robe (Jorvuld's Guidance)","Symphony of Blades Arm Cops (Symphony of Blades)","Jorvuld's Guidance Gloves (Jorvuld's Guidance)","","Jorvuld's Guidance Breeches (Jorvuld's Guidance)","Jorvuld's Guidance Shoes (Jorvuld's Guidance)","","Roaring Opportunist's Ring (Roaring Opportunist)","Roaring Opportunist's Ring (Roaring Opportunist)","The Master's Restoration Staff (Grand Rejuvenation)"," ()","Roaring Opportunist's Lightning Staff (Roaring Opportunist)"," ()","Combat Prayer","Radiating Regeneration","Summon Twilight Matriarch","Illustrious Healing","Purifying Light","Reviving Barrier","Energy Orb","Unstable Wall of Elements","Summon Twilight Matriarch","Extended Ritual","Overflowing Altar","Aggressive Horn"
"Aetherian Archive","Foundation Stone Atronach","https://www.esologs.com/reports/xnc2YzdhWBLTMaA4#fight=7&type=summary&source=7","@Kyushkin","Lyubopitiy-Zmei","green-living-siphon-perfected-pillagers-profit-spell-power-cure","healer","Siphon","Green","Living","Spell Power Cure","Perfected Pillager's Profit","2301.3","112584.7","69.0","112584.7 HPS","","Ozezan the Inferno's Guise (Ozezan the Inferno)","Spell Power Cure Robe (Spell Power Cure)","Ozezan the Inferno's Epaulets (Ozezan the Inferno)","Spell Power Cure Gloves (Spell Power Cure)","","Spell Power Cure Breeches (Spell Power Cure)","Shoes of the Trainee (Armor of the Trainee)","","Perfected Pillager's Band (Perfected Pillager's Profit)","Perfected Pillager's Band (Perfected Pillager's Profit)","Spell Power Cure Restoration Staff (Spell Power Cure)"," ()","Perfected Pillager's Lightning Staff (Perfected Pillager's Profit)"," ()","Radiating Regeneration","Combat Prayer","Braided Tether","Echoing Vigor","Energy Orb","Shooting Star","Blockade of Storms","Overflowing Altar","Budding Seeds","Intensive Mender","Siphoning Attacks","Reviving Barrier"
"Aetherian Archive","Varlariel","https://www.esologs.com/reports/jcJ2T6AzNFVyYH7D#fight=8&type=summary&source=9","@OcelOgihci","Tazman le Bricoleur","ardent-ass-herald-perfected-slivers-of-the-null-arca-tide-born-wildstalker","dps","Ardent","Ass","Herald","Perfected Slivers of the Null Arca","Tide-Born Wildstalker","121803.9","8185.0","37.1","121803.9 DPS","","Slimecraw Guise (Slimecraw)","Perfected Null Arca Jack (Perfected Slivers of the Null Arca)","Tide-Born Arm Cops (Tide-Born Wildstalker)","Perfected Null Arca Bracers (Perfected Slivers of the Null Arca)","","Tide-Born Guards (Tide-Born Wildstalker)","Perfected Null Arca Boots (Perfected Slivers of the Null Arca)","","Perfected Null Arca Ring (Perfected Slivers of the Null Arca)","Perfected Null Arca Ring (Perfected Slivers of the Null Arca)","Tide-Born Dagger (Tide-Born Wildstalker)","Tide-Born Dagger (Tide-Born Wildstalker)","The Maelstrom's Perfected Greatsword (Perfected Merciless Charge)"," ()","Quick Cloak","Killer's Blade","Pragmatic Fatecarver","Cephaliarch's Flail","Merciless Resolve","Soul Harvest","Stampede","Venomous Claw","Inspired Scholarship","Molten Whip","Flames of Oblivion","Standard of Might"
"Aetherian Archive","Varlariel","https://www.esologs.com/reports/jcJ2T6AzNFVyYH7D#fight=8&type=summary&source=11","@Hardardere","Zev Breminiev","ardent-ass-herald-perfected-slivers-of-the-null-arca-tide-born-wildstalker","dps","Ardent","Ass","Herald","Tide-Born Wildstalker","Perfected Slivers of the Null Arca","110253.1","4606.1","46.9","110253.1 DPS","","Slimecraw Guise (Slimecraw)","Tide-Born Jack (Tide-Born Wildstalker)","Perfected Null Arca Arm Cops (Perfected Slivers of the Null Arca)","Tide-Born Bracers (Tide-Born Wildstalker)","","Tide-Born Guards (Tide-Born Wildstalker)","Tide-Born Boots (Tide-Born Wildstalker)","","Perfected Null Arca Ring (Perfected Slivers of the Null Arca)","Perfected Null Arca Ring (Perfected Slivers of the Null Arca)","Perfected Null Arca Dagger (Perfected Slivers of the Null Arca)","Perfected Null Arca Dagger (Perfected Slivers of the Null Arca)","The Maelstrom's Perfected Greatsword (Perfected Merciless Charge)"," ()","Cephaliarch's Flail","Pragmatic Fatecarver","Killer's Blade","Quick Cloak","Relentless Focus","Soul Harvest","Inspired Scholarship","Venomous Claw","Flames of Oblivion","Stampede","Molten Whip","Standard of Might"
"Aetherian Archive","Varlariel","https://www.esologs.com/reports/jcJ2T6AzNFVyYH7D#fight=8&type=summary&source=8","@Rcbinscn","Rcbinscn","ardent-ass-herald-perfected-slivers-of-the-null-arca-tide-born-wildstalker","dps","Ardent","Ass","Herald","Tide-Born Wildstalker","Perfected Slivers of the Null Arca","133230.3","5841.9","87.0","133230.3 DPS","","Tide-Born Hat (Tide-Born Wildstalker)","Tide-Born Jack (Tide-Born Wildstalker)","Slimecraw Arm Cops (Slimecraw)","Perfected Null Arca Bracers (Perfected Slivers of the Null Arca)","","Tide-Born Guards (Tide-Born Wildstalker)","Perfected Null Arca Boots (Perfected Slivers of the Null Arca)","","Perfected Null Arca Ring (Perfected Slivers of the Null Arca)","Perfected Null Arca Ring (Perfected Slivers of the Null Arca)","Tide-Born Dagger (Tide-Born Wildstalker)","Tide-Born Dagger (Tide-Born Wildstalker)","The Maelstrom's Perfected Greatsword (Perfected Merciless Charge)"," ()","Relentless Focus","Quick Cloak","Killer's Blade","Tentacular Dread","Escalating Runeblades","Incapacitating Strike","Molten Whip","Flames of Oblivion","Venomous Claw","Stampede","Inspired Scholarship","Standard of Might"
"Aetherian Archive","Varlariel","https://www.esologs.com/reports/jcJ2T6AzNFVyYH7D#fight=8&type=summary&source=7","@dewk","Good Cleave","ardent-ass-herald-perfected-slivers-of-the-null-arca-tide-born-wildstalker","dps","Ardent","Ass","Herald","Perfected Slivers of the Null Arca","Tide-Born Wildstalker","140557.8","6579.9","63.6","140557.8 DPS","","Slimecraw Guise (Slimecraw)","Perfected Null Arca Jack (Perfected Slivers of the Null Arca)","Tide-Born Arm Cops (Tide-Born Wildstalker)","Perfected Null Arca Bracers (Perfected Slivers of the Null Arca)","","Perfected Null Arca Guards (Perfected Slivers of the Null Arca)","Perfected Null Arca Boots (Perfected Slivers of the Null Arca)","","Tide-Born Ring (Tide-Born Wildstalker)","Tide-Born Ring (Tide-Born Wildstalker)","Tide-Born Dagger (Tide-Born Wildstalker)","Tide-Born Dagger (Tide-Born Wildstalker)","The Maelstrom's Greatsword (Merciless Charge)"," ()","Pragmatic Fatecarver","Cephaliarch's Flail","Killer's Blade","Quick Cloak","Relentless Focus","Incapacitating Strike","Stampede","Venomous Claw","Inspired Scholarship","Flames of Oblivion","Echoing Vigor","Standard of Might"
"Aetherian Archive","Varlariel","https://www.esologs.com/reports/jcJ2T6AzNFVyYH7D#fight=8&type=summary&source=1","@egandara","Lovely Rita","ardent-ass-herald-perfected-slivers-of-the-null-arca-tide-born-wildstalker","dps","Ardent","Ass","Herald","Tide-Born Wildstalker","Perfected Slivers of the Null Arca","90426.6","6808.6","45.2","90426.6 DPS","","Tide-Born Helmet (Tide-Born Wildstalker)","Tide-Born Jack (Tide-Born Wildstalker)","Slimecraw Epaulets (Slimecraw)","Perfected Null Arca Bracers (Perfected Slivers of the Null Arca)","","Tide-Born Guards (Tide-Born Wildstalker)","Tide-Born Boots (Tide-Born Wildstalker)","","Perfected Null Arca Ring (Perfected Slivers of the Null Arca)","Perfected Null Arca Ring (Perfected Slivers of the Null Arca)","Perfected Null Arca Dagger (Perfected Slivers of the Null Arca)","Perfected Null Arca Dagger (Perfected Slivers of the Null Arca)","The Maelstrom's Perfected Greatsword (Perfected Merciless Charge)"," ()","Pragmatic Fatecarver","Quick Cloak","Killer's Blade","Cephaliarch's Flail","Camouflaged Hunter","Soul Harvest","Stampede","Venomous Claw","Inspired Scholarship","Flames of Oblivion","Molten Whip","Standard of Might"
"Aetherian Archive","Varlariel","https://www.esologs.com/reports/jcJ2T6AzNFVyYH7D#fight=8&type=summary&source=4","@TChewyT","Hello Amber","ardent-ass-herald-perfected-slivers-of-the-null-arca-tide-born-wildstalker","dps","Ardent","Ass","Herald","Tide-Born Wildstalker","Perfected Slivers of the Null Arca","145999.8","11526.8","83.3","145999.8 DPS","","Tide-Born Helmet (Tide-Born Wildstalker)","Perfected Null Arca Jack (Perfected Slivers of the Null Arca)","Slimecraw Arm Cops (Slimecraw)","Perfected Null Arca Bracers (Perfected Slivers of the Null Arca)","","Perfected Null Arca Guards (Perfected Slivers of the Null Arca)","Perfected Null Arca Boots (Perfected Slivers of the Null Arca)","","Tide-Born Ring (Tide-Born Wildstalker)","Tide-Born Ring (Tide-Born Wildstalker)","Tide-Born Dagger (Tide-Born Wildstalker)","Tide-Born Dagger (Tide-Born Wildstalker)","The Maelstrom's Perfected Greatsword (Perfected Merciless Charge)"," ()","Escalating Runeblades","Tentacular Dread","Killer's Blade","Camouflaged Hunter","Merciless Resolve","Incapacitating Strike","Stampede","Molten Whip","Venomous Claw","Inspired Scholarship","Flames of Oblivion","Standard of Might"
"Aetherian Archive","Varlariel","https://www.esologs.com/reports/jcJ2T6AzNFVyYH7D#fight=8&type=summary&source=7","@Qua'rk","Qua'rk","ardent-ass-herald-perfected-slivers-of-the-null-arca-tide-born-wildstalker","dps","Ardent","Ass","Herald","Perfected Slivers of the Null Arca","Tide-Born Wildstalker","77378.9","0.0","78.0","77378.9 DPS","","Slimecraw Guise (Slimecraw)","Perfected Null Arca Jack (Perfected Slivers of the Null Arca)","Tide-Born Pauldrons (Tide-Born Wildstalker)","Tide-Born Bracers (Tide-Born Wildstalker)","","Perfected Null Arca Guards (Perfected Slivers of the Null Arca)","Perfected Null Arca Boots (Perfected Slivers of the Null Arca)","","Tide-Born Ring (Tide-Born Wildstalker)","Tide-Born Ring (Tide-Born Wildstalker)","Perfected Null Arca Dagger (Perfected Slivers of the Null Arca)","Perfected Null Arca Dagger (Perfected Slivers of the Null Arca)","Vateshran's Inferno Staff (Wrath of Elements)"," ()","Escalating Runeblades","Tentacular Dread","Killer's Blade","Barbed Trap","Quick Cloak","Incapacitating Strike","Elemental Blockade","Flames of Oblivion","Venomous Claw","Inspired Scholarship","Resolving Vigor","Standard of Might"
"Aetherian Archive","Varlariel","https://www.esologs.com/reports/jcJ2T6AzNFVyYH7D#fight=8&type=summary&source=5","@jimmy2e","M'Laiz R'pointa","ardent-ass-herald-perfected-slivers-of-the-null-arca-tide-born-wildstalker","dps","Ardent","Ass","Herald","Tide-Born Wildstalker","Perfected Slivers of the Null Arca","125095.4","2947.0","36.7","125095.4 DPS","","Nerien'eth Mask (Nerien'eth)","Tide-Born Jack (Tide-Born Wildstalker)","Nerien'eth Epaulets (Nerien'eth)","Tide-Born Bracers (Tide-Born Wildstalker)","","Tide-Born Guards (Tide-Born Wildstalker)","Tide-Born Boots (Tide-Born Wildstalker)","","Perfected Null Arca Ring (Perfected Slivers of the Null Arca)","Perfected Null Arca Ring (Perfected Slivers of the Null Arca)","Perfected Null Arca Bow (Perfected Slivers of the Null Arca)"," ()","The Maelstrom's Perfected Greatsword (Perfected Merciless Charge)"," ()","Cephaliarch's Flail","Barbed Trap","Pragmatic Fatecarver","Venomous Claw","Banner Bearer","Soul Harvest","Flames of Oblivion","Inspired Scholarship","Stampede","Molten Whip","Banner Bearer","Standard of Might"
"Aetherian Archive","Varlariel","https://www.esologs.com/reports/jcJ2T6AzNFVyYH7D#fight=8&type=summary&source=3","@BooRadzz","Boo Rad","ardent-ass-herald-perfected-slivers-of-the-null-arca-tide-born-wildstalker","dps","Ardent","Ass","Herald","Perfected Slivers of the Null Arca","Tide-Born Wildstalker","99281.3","5144.9","35.2","99281.3 DPS","","Slimecraw Guise (Slimecraw)","Perfected Null Arca Jack (Perfected Slivers of the Null Arca)","Tide-Born Arm Cops (Tide-Born Wildstalker)","Perfected Null Arca Bracers (Perfected Slivers of the Null Arca)","","Perfected Null Arca Guards (Perfected Slivers of the Null Arca)","Perfected Null Arca Boots (Perfected Slivers of the Null Arca)","","Tide-Born Ring (Tide-Born Wildstalker)","Tide-Born Ring (Tide-Born Wildstalker)","Tide-Born Dagger (Tide-Born Wildstalker)","Tide-Born Dagger (Tide-Born Wildstalker)","The Maelstrom's Perfected Greatsword (Perfected Merciless Charge)"," ()","Cephaliarch's Flail","Quick Cloak","Pragmatic Fatecarver","Camouflaged Hunter","Venomous Claw","Incapacitating Strike","Flames of Oblivion","Killer's Blade","Stampede","Molten Whip","Inspired Scholarship","Standard of Might"
"Aetherian Archive","Varlariel","https://www.esologs.com/reports/jcJ2T6AzNFVyYH7D#fight=8&type=summary&source=2","@knd775","Aldaryth Nilvra","ardent-ass-herald-perfected-slivers-of-the-null-arca-tide-born-wildstalker","dps","Ardent","Ass","Herald","Perfected Slivers of the Null Arca","Tide-Born Wildstalker","90174.1","3181.3","28.4","90174.1 DPS","","Slimecraw Guise (Slimecraw)","Perfected Null Arca Jack (Perfected Slivers of the Null Arca)","Tide-Born Arm Cops (Tide-Born Wildstalker)","Perfected Null Arca Bracers (Perfected Slivers of the Null Arca)","","Perfected Null Arca Guards (Perfected Slivers of the Null Arca)","Perfected Null Arca Boots (Perfected Slivers of the Null Arca)","","Tide-Born Ring (Tide-Born Wildstalker)","Tide-Born Ring (Tide-Born Wildstalker)","Tide-Born Dagger (Tide-Born Wildstalker)","Tide-Born Dagger (Tide-Born Wildstalker)","The Maelstrom's Perfected Greatsword (Perfected Merciless Charge)"," ()","Cephaliarch's Flail","Pragmatic Fatecarver","Quick Cloak","Venomous Claw","Camouflaged Hunter","Soul Harvest","Stampede","Flames of Oblivion","Fulminating Rune","Inspired Scholarship","Molten Whip","Standard of Might"
"Aetherian Archive","Varlariel","https://www.esologs.com/reports/jcJ2T6AzNFVyYH7D#fight=8&type=summary&source=5","@Samnons88","ggboysgg","ardent-ass-herald-perfected-slivers-of-the-null-arca-tide-born-wildstalker","dps","Ardent","Ass","Herald","Tide-Born Wildstalker","Perfected Slivers of the Null Arca","136304.9","8718.4","86.4","136304.9 DPS",""," (Huntsman's Warmask)","Tide-Born Jack (Tide-Born Wildstalker)","Slimecraw Epaulets (Slimecraw)","Perfected Null Arca Bracers (Perfected Slivers of the Null Arca)","","Tide-Born Guards (Tide-Born Wildstalker)","Perfected Null Arca Boots (Perfected Slivers of the Null Arca)","","Perfected Null Arca Ring (Perfected Slivers of the Null Arca)","Perfected Null Arca Ring (Perfected Slivers of the Null Arca)","Tide-Born Dagger (Tide-Born Wildstalker)","Tide-Born Dagger (Tide-Born Wildstalker)","The Maelstrom's Perfected Greatsword (Perfected Merciless Charge)"," ()","Killer's Blade","Quick Cloak","Tentacular Dread","Escalating Runeblades","Relentless Focus","Incapacitating Strike","Stampede","Barbed Trap","Venomous Claw","Inspired Scholarship","Flames of Oblivion","Standard of Might"
"Aetherian Archive","Varlariel","https://www.esologs.com/reports/jcJ2T6AzNFVyYH7D#fight=8&type=summary&source=7","@SCOTTIS1011","Scottis Beamed me Twice","ardent-ass-herald-perfected-slivers-of-the-null-arca-tide-born-wildstalker","dps","Ardent","Ass","Herald","Tide-Born Wildstalker","Perfected Slivers of the Null Arca","119487.2","3060.4","44.7","119487.2 DPS","","Slimecraw Mask (Slimecraw)","Tide-Born Jack (Tide-Born Wildstalker)","Perfected Null Arca Arm Cops (Perfected Slivers of the Null Arca)","Perfected Null Arca Bracers (Perfected Slivers of the Null Arca)","","Perfected Null Arca Guards (Perfected Slivers of the Null Arca)","Perfected Null Arca Boots (Perfected Slivers of the Null Arca)","","Tide-Born Ring (Tide-Born Wildstalker)","Tide-Born Ring (Tide-Born Wildstalker)","Tide-Born Dagger (Tide-Born Wildstalker)","Tide-Born Dagger (Tide-Born Wildstalker)","The Maelstrom's Perfected Greatsword (Perfected Merciless Charge)"," ()","Pragmatic Fatecarver","Cephaliarch's Flail","Venomous Claw","Quick Cloak","Camouflaged Hunter","Incapacitating Strike","Stampede","Inspired Scholarship","Fulminating Rune","Flames of Oblivion","Molten Whip","The Languid Eye"
"Aetherian Archive","Varlariel","https://www.esologs.com/reports/jcJ2T6AzNFVyYH7D#fight=8&type=summary&source=11","@MPL33","Voralyth","ardent-ass-herald-perfected-slivers-of-the-null-arca-tide-born-wildstalker","dps","Ardent","Ass","Herald","Perfected Slivers of the Null Arca","Tide-Born Wildstalker","124282.3","3167.4","41.5","124282.3 DPS","","Slimecraw Guise (Slimecraw)","Perfected Null Arca Jack (Perfected Slivers of the Null Arca)","Tide-Born Arm Cops (Tide-Born Wildstalker)","Perfected Null Arca Bracers (Perfected Slivers of the Null Arca)","","Perfected Null Arca Guards (Perfected Slivers of the Null Arca)","Perfected Null Arca Boots (Perfected Slivers of the Null Arca)","","Tide-Born Ring (Tide-Born Wildstalker)","Tide-Born Ring (Tide-Born Wildstalker)","Tide-Born Dagger (Tide-Born Wildstalker)","Tide-Born Dagger (Tide-Born Wildstalker)","The Maelstrom's Inferno Staff (Crushing Wall)"," ()","Cephaliarch's Flail","Pragmatic Fatecarver","Venomous Claw","Camouflaged Hunter","Quick Cloak","Soul Harvest","Inspired Scholarship","Elemental Blockade","Flames of Oblivion","Rune of Displacement","Molten Whip","Standard of Might"
"Aetherian Archive","Varlariel","https://www.esologs.com/reports/jcJ2T6AzNFVyYH7D#fight=8&type=summary&source=6","@CryptTonite","Hadron","ardent-ass-herald-perfected-slivers-of-the-null-arca-tide-born-wildstalker","dps","Ardent","Ass","Herald","Tide-Born Wildstalker","Perfected Slivers of the Null Arca","98585.7","4945.8","41.3","98585.7 DPS","","Slimecraw Guise (Slimecraw)","Tide-Born Jack (Tide-Born Wildstalker)","Perfected Null Arca Arm Cops (Perfected Slivers of the Null Arca)","Perfected Null Arca Bracers (Perfected Slivers of the Null Arca)","","Tide-Born Guards (Tide-Born Wildstalker)","Tide-Born Boots (Tide-Born Wildstalker)","","Tide-Born Ring (Tide-Born Wildstalker)","Tide-Born Ring (Tide-Born Wildstalker)","Perfected Null Arca Dagger (Perfected Slivers of the Null Arca)","Perfected Null Arca Dagger (Perfected Slivers of the Null Arca)","The Maelstrom's Perfected Greatsword (Perfected Merciless Charge)"," ()","Venomous Claw","Cephaliarch's Flail","Pragmatic Fatecarver","Killer's Blade","Banner Bearer","Incapacitating Strike","Stampede","Inspired Scholarship","Flames of Oblivion","Molten Whip","Banner Bearer","Standard of Might"
"Aetherian Archive","Varlariel","https://www.esologs.com/reports/jcJ2T6AzNFVyYH7D#fight=8&type=summary&source=7","@herby8860","Khajiit in books","ardent-ass-herald-perfected-slivers-of-the-null-arca-tide-born-wildstalker","dps","Ardent","Ass","Herald","Tide-Born Wildstalker","Perfected Slivers of the Null Arca","84418.6","5347.3","22.5","84418.6 DPS","","Slimecraw Guise (Slimecraw)","Tide-Born Jack (Tide-Born Wildstalker)","Perfected Null Arca Arm Cops (Perfected Slivers of the Null Arca)","Perfected Null Arca Bracers (Perfected Slivers of the Null Arca)","","Perfected Null Arca Guards (Perfected Slivers of the Null Arca)","Tide-Born Boots (Tide-Born Wildstalker)","","Tide-Born Ring (Tide-Born Wildstalker)","Tide-Born Ring (Tide-Born Wildstalker)","Perfected Null Arca Dagger (Perfected Slivers of the Null Arca)","Perfected Null Arca Dagger (Perfected Slivers of the Null Arca)","The Maelstrom's Perfected Inferno Staff (Perfected Crushing Wall)"," ()","Pragmatic Fatecarver","Barbed Trap","Cephaliarch's Flail","Deadly Cloak","Banner Bearer","Soul Harvest","Unstable Wall of Elements","Flames of Oblivion","Venomous Claw","Inspired Scholarship","Banner Bearer","The Languid Eye"
"Aetherian Archive","Varlariel","https://www.esologs.com/reports/jcJ2T6AzNFVyYH7D#fight=8&type=summary&source=17","@ZookieFyre","Kehri Shurh'dona","ardent-ass-herald-perfected-slivers-of-the-null-arca-tide-born-wildstalker","dps","Ardent","Ass","Herald","Perfected Slivers of the Null Arca","Tide-Born Wildstalker","151720.2","18021.7","87.2","151720.2 DPS","","Slimecraw Guise (Slimecraw)","Perfected Null Arca Jack (Perfected Slivers of the Null Arca)","Tide-Born Arm Cops (Tide-Born Wildstalker)","Perfected Null Arca Bracers (Perfected Slivers of the Null Arca)","","Perfected Null Arca Guards (Perfected Slivers of the Null Arca)","Perfected Null Arca Boots (Perfected Slivers of the Null Arca)","","Tide-Born Ring (Tide-Born Wildstalker)","Tide-Born Ring (Tide-Born Wildstalker)","Tide-Born Dagger (Tide-Born Wildstalker)","Tide-Born Dagger (Tide-Born Wildstalker)","The Maelstrom's Perfected Greatsword (Perfected Merciless Charge)"," ()","Merciless Resolve","Killer's Blade","Escalating Runeblades","Tentacular Dread","Barbed Trap","Soul Harvest","Stampede","Venomous Claw","Flames of Oblivion","Molten Whip","Inspired Scholarship","Standard of Might"
"Aetherian Archive","Varlariel","https://www.esologs.com/reports/A4FvRHM2fpka8jd7#fight=11&type=summary&source=2","@Jirachi_Ex","Dave-y","ardent-ass-herald-deadly-strike-perfected-slivers-of-the-null-arca","dps","Ardent","Ass","Herald","Perfected Slivers of the Null Arca","Deadly Strike","120454.9","4146.3","44.1","120454.9 DPS","","Slimecraw Guise (Slimecraw)","Perfected Null Arca Jack (Perfected Slivers of the Null Arca)","Perfected Null Arca Arm Cops (Perfected Slivers of the Null Arca)","Perfected Null Arca Bracers (Perfected Slivers of the Null Arca)","","Perfected Null Arca Guards (Perfected Slivers of the Null Arca)","Perfected Null Arca Boots (Perfected Slivers of the Null Arca)","","Deadly Ring (Deadly Strike)","Deadly Ring (Deadly Strike)","Deadly Dagger (Deadly Strike)","Deadly Dagger (Deadly Strike)","The Maelstrom's Perfected Greatsword (Perfected Merciless Charge)"," ()","Camouflaged Hunter","Quick Cloak","Cephaliarch's Flail","Pragmatic Fatecarver","Killer's Blade","Soul Harvest","Flames of Oblivion","Venomous Claw","Stampede","Inspired Scholarship","Molten Whip","Standard of Might"
"Aetherian Archive","Varlariel","https://www.esologs.com/reports/A4FvRHM2fpka8jd7#fight=11&type=summary&source=12","@kevkj","Geega Verhan av'Hel","ardent-ass-herald-deadly-strike-perfected-slivers-of-the-null-arca","dps","Ardent","Ass","Herald","Perfected Slivers of the Null Arca","Deadly Strike","81186.7","8288.7","27.9","81186.7 DPS","","Perfected Null Arca Helmet (Perfected Slivers of the Null Arca)","Perfected Null Arca Jack (Perfected Slivers of the Null Arca)","Zaan Epaulets (Zaan)","Deadly Bracers (Deadly Strike)","","Perfected Null Arca Guards (Perfected Slivers of the Null Arca)","Deadly Boots (Deadly Strike)","","Perfected Null Arca Ring (Perfected Slivers of the Null Arca)","Perfected Null Arca Ring (Perfected Slivers of the Null Arca)","Deadly Dagger (Deadly Strike)","Deadly Dagger (Deadly Strike)","The Maelstrom's Perfected Inferno Staff (Perfected Crushing Wall)"," ()","Quick Cloak","Cephaliarch's Flail","Pragmatic Fatecarver","Venomous Claw","Camouflaged Hunter","Soul Harvest","Elemental Blockade","Inspired Scholarship","Flames of Oblivion","Fulminating Rune","Molten Whip","Standard of Might"
"Aetherian Archive","Varlariel","https://www.esologs.com/reports/A4FvRHM2fpka8jd7#fight=11&type=summary&source=8","@MyMindInSin","Leads-To-Death","ardent-ass-herald-deadly-strike-perfected-slivers-of-the-null-arca","dps","Ardent","Ass","Herald","Perfected Slivers of the Null Arca","Deadly Strike","92285.4","13454.0","50.7","92285.4 DPS","","Perfected Null Arca Helmet (Perfected Slivers of the Null Arca)","Perfected Null Arca Jack (Perfected Slivers of the Null Arca)","Slimecraw Epaulets (Slimecraw)","Perfected Null Arca Bracers (Perfected Slivers of the Null Arca)","","Perfected Null Arca Guards (Perfected Slivers of the Null Arca)","Deadly Boots (Deadly Strike)","","Deadly Ring (Deadly Strike)","Deadly Ring (Deadly Strike)","Deadly Dagger (Deadly Strike)","Deadly axe (Deadly Strike)","The Maelstrom's Perfected Greatsword (Perfected Merciless Charge)"," ()","Tentacular Dread","Escalating Runeblades","Merciless Resolve","Barbed Trap","Killer's Blade","Soul Harvest","Stampede","Carve","Flames of Oblivion","Inspired Scholarship","Molten Whip","Standard of Might"
"Aetherian Archive","Varlariel","https://www.esologs.com/reports/A4FvRHM2fpka8jd7#fight=11&type=summary&source=4","@SirPugglesworth","Cthulhu Fhtagn R'lyeh","ardent-ass-herald-deadly-strike-perfected-slivers-of-the-null-arca","dps","Ardent","Ass","Herald","Perfected Slivers of the Null Arca","Deadly Strike","108208.6","5453.0","41.7","108208.6 DPS","","Slimecraw Mask (Slimecraw)","Perfected Null Arca Jack (Perfected Slivers of the Null Arca)","Deadly Arm Cops (Deadly Strike)","Perfected Null Arca Bracers (Perfected Slivers of the Null Arca)","","Perfected Null Arca Guards (Perfected Slivers of the Null Arca)","Perfected Null Arca Boots (Perfected Slivers of the Null Arca)","","Deadly Ring (Deadly Strike)","Deadly Ring (Deadly Strike)","Deadly Dagger (Deadly Strike)","Deadly Dagger (Deadly Strike)","The Maelstrom's Perfected Greatsword (Perfected Merciless Charge)"," ()","Cephaliarch's Flail","Pragmatic Fatecarver","Killer's Blade","Quick Cloak","Relentless Focus","Soul Harvest","Venomous Claw","Stampede","Inspired Scholarship","Flames of Oblivion","Molten Whip","Standard of Might"
"Aetherian Archive","Varlariel","https://www.esologs.com/reports/A4FvRHM2fpka8jd7#fight=11&type=summary&source=11","@Fixed_Nick","Aegnör","ardent-ass-herald-deadly-strike-perfected-slivers-of-the-null-arca","dps","Ardent","Ass","Herald","Perfected Slivers of the Null Arca","Deadly Strike","98129.8","6463.7","30.5","98129.8 DPS","","Slimecraw Guise (Slimecraw)","Perfected Null Arca Jack (Perfected Slivers of the Null Arca)","Deadly Arm Cops (Deadly Strike)","Perfected Null Arca Bracers (Perfected Slivers of the Null Arca)","","Perfected Null Arca Guards (Perfected Slivers of the Null Arca)","Perfected Null Arca Boots (Perfected Slivers of the Null Arca)","","Deadly Ring (Deadly Strike)","Deadly Ring (Deadly Strike)","The Maelstrom's Perfected Greatsword (Perfected Merciless Charge)"," ()","Deadly Dagger (Deadly Strike)","Deadly Dagger (Deadly Strike)","Engulfing Flames","Stampede","Inspired Scholarship","Venomous Claw","Molten Whip","Standard of Might","Cephaliarch's Flail","Pragmatic Fatecarver","Quick Cloak","Flames of Oblivion","Relentless Focus","Soul Harvest"
"Aetherian Archive","Varlariel","https://www.esologs.com/reports/A4FvRHM2fpka8jd7#fight=11&type=summary&source=15","@C1arity","Definitely Not Ashur","ardent-ass-herald-deadly-strike-perfected-slivers-of-the-null-arca","dps","Ardent","Ass","Herald","Perfected Slivers of the Null Arca","Deadly Strike","130721.6","5822.5","31.5","130721.6 DPS","","Slimecraw Guise (Slimecraw)","Perfected Null Arca Jack (Perfected Slivers of the Null Arca)","Deadly Arm Cops (Deadly Strike)","Perfected Null Arca Bracers (Perfected Slivers of the Null Arca)","","Perfected Null Arca Guards (Perfected Slivers of the Null Arca)","Perfected Null Arca Boots (Perfected Slivers of the Null Arca)","","Deadly Ring (Deadly Strike)","Deadly Ring (Deadly Strike)","Deadly Dagger (Deadly Strike)","Deadly Dagger (Deadly Strike)","The Maelstrom's Greatsword (Merciless Charge)"," ()","Quick Cloak","Cephaliarch's Flail","Pragmatic Fatecarver","Camouflaged Hunter","Killer's Blade","Incapacitating Strike","Inspired Scholarship","Flames of Oblivion","Molten Whip","Stampede","Noxious Breath","Standard of Might"
"Aetherian Archive","Varlariel","https://www.esologs.com/reports/A4FvRHM2fpka8jd7#fight=11&type=summary&source=10","@PaganPandas","Tøästÿ Büns","ardent-ass-herald-deadly-strike-perfected-slivers-of-the-null-arca","dps","Ardent","Ass","Herald","Deadly Strike","Perfected Slivers of the Null Arca","135839.0","8172.2","52.9","135839.0 DPS","","Slimecraw Guise (Slimecraw)","Deadly Jack (Deadly Strike)","Perfected Null Arca Arm Cops (Perfected Slivers of the Null Arca)","Perfected Null Arca Bracers (Perfected Slivers of the Null Arca)","","Perfected Null Arca Guards (Perfected Slivers of the Null Arca)","Perfected Null Arca Boots (Perfected Slivers of the Null Arca)","","Deadly Ring (Deadly Strike)","Deadly Ring (Deadly Strike)","Deadly Dagger (Deadly Strike)","Deadly Dagger (Deadly Strike)","The Maelstrom's Perfected Greatsword (Perfected Merciless Charge)"," ()","Cephaliarch's Flail","Pragmatic Fatecarver","Killer's Blade","Quick Cloak","Camouflaged Hunter","Soul Harvest","Stampede","Venomous Claw","Inspired Scholarship","Flames of Oblivion","Molten Whip","Standard of Might"
"Aetherian Archive","Varlariel","https://www.esologs.com/reports/A4FvRHM2fpka8jd7#fight=11&type=summary&source=5","@Longstriker","get dorito'd","ardent-ass-herald-deadly-strike-perfected-slivers-of-the-null-arca","dps","Ardent","Ass","Herald","Perfected Slivers of the Null Arca","Deadly Strike","112011.1","9945.9","49.4","112011.1 DPS","","Slimecraw Mask (Slimecraw)","Perfected Null Arca Jack (Perfected Slivers of the Null Arca)","Deadly Arm Cops (Deadly Strike)","Perfected Null Arca Bracers (Perfected Slivers of the Null Arca)","","Perfected Null Arca Guards (Perfected Slivers of the Null Arca)","Perfected Null Arca Boots (Perfected Slivers of the Null Arca)","","Deadly Ring (Deadly Strike)","Deadly Ring (Deadly Strike)","Deadly Dagger (Deadly Strike)","Deadly Dagger (Deadly Strike)","The Maelstrom's Perfected Greatsword (Perfected Merciless Charge)"," ()","Camouflaged Hunter","Cephaliarch's Flail","Pragmatic Fatecarver","Quick Cloak","Killer's Blade","Incapacitating Strike","Stampede","Venomous Claw","Inspired Scholarship","Molten Whip","Flames of Oblivion","Standard of Might"
"Aetherian Archive","Varlariel","https://www.esologs.com/reports/A4FvRHM2fpka8jd7#fight=11&type=summary&source=1","@bleakirl","Warfaerin","ardent-ass-herald-deadly-strike-perfected-slivers-of-the-null-arca","dps","Ardent","Ass","Herald","Deadly Strike","Perfected Slivers of the Null Arca","144557.7","9273.9","53.2","144557.7 DPS","","Deadly Helmet (Deadly Strike)","Perfected Null Arca Jack (Perfected Slivers of the Null Arca)","Slimecraw Epaulets (Slimecraw)","Perfected Null Arca Bracers (Perfected Slivers of the Null Arca)","","Perfected Null Arca Guards (Perfected Slivers of the Null Arca)","Perfected Null Arca Boots (Perfected Slivers of the Null Arca)","","Deadly Ring (Deadly Strike)","Deadly Ring (Deadly Strike)","Deadly Dagger (Deadly Strike)","Deadly Dagger (Deadly Strike)","The Maelstrom's Perfected Greatsword (Perfected Merciless Charge)"," ()","Quick Cloak","Cephaliarch's Flail","Killer's Blade","Pragmatic Fatecarver","Camouflaged Hunter","Soul Harvest","Inspired Scholarship","Stampede","Flames of Oblivion","Venomous Claw","Molten Whip","Standard of Might"
"Aetherian Archive","Varlariel","https://www.esologs.com/reports/A4FvRHM2fpka8jd7#fight=11&type=summary&source=3","@C1arity","Definitely Not Ashur","ardent-ass-herald-deadly-strike-perfected-slivers-of-the-null-arca","dps","Ardent","Ass","Herald","Perfected Slivers of the Null Arca","Deadly Strike","150579.6","8440.1","51.0","150579.6 DPS","The Atronach","Slimecraw Guise (Slimecraw)","Perfected Null Arca Jack (Perfected Slivers of the Null Arca)","Deadly Arm Cops (Deadly Strike)","Perfected Null Arca Bracers (Perfected Slivers of the Null Arca)","","Perfected Null Arca Guards (Perfected Slivers of the Null Arca)","Perfected Null Arca Boots (Perfected Slivers of the Null Arca)","","Deadly Ring (Deadly Strike)","Deadly Ring (Deadly Strike)","Deadly Dagger (Deadly Strike)","Deadly Dagger (Deadly Strike)","The Maelstrom's Greatsword (Merciless Charge)"," ()","Quick Cloak","Cephaliarch's Flail","Pragmatic Fatecarver","Camouflaged Hunter","Killer's Blade","Incapacitating Strike","Inspired Scholarship","Flames of Oblivion","Molten Whip","Stampede","Noxious Breath","Standard of Might"
"Aetherian Archive","Varlariel","https://www.esologs.com/reports/A4FvRHM2fpka8jd7#fight=11&type=summary&source=9","@McFilthy","Sir Woody The Wood Elf","ardent-ass-herald-deadly-strike-perfected-slivers-of-the-null-arca","dps","Ardent","Ass","Herald","Deadly Strike","Perfected Slivers of the Null Arca","124877.6","2652.2","38.5","124877.6 DPS","","Deadly Helmet (Deadly Strike)","Perfected Null Arca Jack (Perfected Slivers of the Null Arca)","Slimecraw Arm Cops (Slimecraw)","Perfected Null Arca Bracers (Perfected Slivers of the Null Arca)","","Perfected Null Arca Guards (Perfected Slivers of the Null Arca)","Perfected Null Arca Boots (Perfected Slivers of the Null Arca)","","Deadly Ring (Deadly Strike)","Deadly Ring (Deadly Strike)","Deadly Dagger (Deadly Strike)","Deadly Dagger (Deadly Strike)","The Maelstrom's Greatsword (Merciless Charge)"," ()","Cephaliarch's Flail","Pragmatic Fatecarver","Quick Cloak","Flames of Oblivion","Barbed Trap","Incapacitating Strike","Stampede","Engulfing Flames","Venomous Claw","Inspired Scholarship","Molten Whip","Standard of Might"
"Aetherian Archive","Varlariel","https://www.esologs.com/reports/GwXQJAfCN6cYD712#fight=8&type=summary&source=7","@Esstarossa","Estarossa Of Hate","ardent-ass-herald-berserking-warrior-perfected-slivers-of-the-null-arca","dps","Ardent","Ass","Herald","Perfected Slivers of the Null Arca","Berserking Warrior","141788.3","6398.1","88.4","141788.3 DPS",""," (Huntsman's Warmask)","Perfected Null Arca Jack (Perfected Slivers of the Null Arca)","Slimecraw Arm Cops (Slimecraw)","Perfected Null Arca Bracers (Perfected Slivers of the Null Arca)","","Perfected Null Arca Guards (Perfected Slivers of the Null Arca)","Perfected Null Arca Boots (Perfected Slivers of the Null Arca)","","Ring of the Advancing Yokeda (Berserking Warrior)","Ring of the Advancing Yokeda (Berserking Warrior)","Dagger of the Advancing Yokeda (Berserking Warrior)","Dagger of the Advancing Yokeda (Berserking Warrior)","The Maelstrom's Perfected Greatsword (Perfected Merciless Charge)"," ()","Tentacular Dread","Escalating Runeblades","Killer's Blade","Barbed Trap","Relentless Focus","Incapacitating Strike","Flames of Oblivion","Stampede","Molten Whip","Inspired Scholarship","Venomous Claw","Standard of Might"
"Aetherian Archive","Varlariel","https://www.esologs.com/reports/GwXQJAfCN6cYD712#fight=8&type=summary&source=1","@yaasshaa","arcaeea","ardent-ass-herald-berserking-warrior-perfected-slivers-of-the-null-arca","dps","Ardent","Ass","Herald","Perfected Slivers of the Null Arca","Berserking Warrior","178046.6","8167.7","99.9","178046.6 DPS","The Thief"," (Huntsman's Warmask)","Perfected Null Arca Jack (Perfected Slivers of the Null Arca)","Slimecraw Arm Cops (Slimecraw)","Perfected Null Arca Bracers (Perfected Slivers of the Null Arca)","","Perfected Null Arca Guards (Perfected Slivers of the Null Arca)","Perfected Null Arca Boots (Perfected Slivers of the Null Arca)","","Ring of the Advancing Yokeda (Berserking Warrior)","Ring of the Advancing Yokeda (Berserking Warrior)","Dagger of the Advancing Yokeda (Berserking Warrior)","Dagger of the Advancing Yokeda (Berserking Warrior)","The Maelstrom's Perfected Greatsword (Perfected Merciless Charge)"," ()","Barbed Trap","Relentless Focus","Tentacular Dread","Escalating Runeblades","Killer's Blade","Soul Harvest","Inspired Scholarship","Flames of Oblivion","Stampede","Venomous Claw","Molten Whip","Standard of Might"
"Aetherian Archive","Varlariel","https://www.esologs.com/reports/GwXQJAfCN6cYD712#fight=8&type=summary&source=10","@NeverKillMePleb","Mein Zeh Tut Weh","ardent-ass-herald-berserking-warrior-perfected-slivers-of-the-null-arca","dps","Ardent","Ass","Herald","Perfected Slivers of the Null Arca","Berserking Warrior","145241.5","8063.3","93.5","145241.5 DPS","","Selene Mask (Selene)","Perfected Null Arca Jack (Perfected Slivers of the Null Arca)","Selene Arm Cops (Selene)","Perfected Null Arca Bracers (Perfected Slivers of the Null Arca)","","Perfected Null Arca Guards (Perfected Slivers of the Null Arca)","Perfected Null Arca Boots (Perfected Slivers of the Null Arca)","","Ring of the Advancing Yokeda (Berserking Warrior)","Ring of the Advancing Yokeda (Berserking Warrior)","Dagger of the Advancing Yokeda (Berserking Warrior)","Dagger of the Advancing Yokeda (Berserking Warrior)","The Maelstrom's Greatsword (Merciless Charge)"," ()","Merciless Resolve","Escalating Runeblades","Tentacular Dread","Barbed Trap","Killer's Blade","Incapacitating Strike","Stampede","Flames of Oblivion","Molten Whip","Inspired Scholarship","Venomous Claw","Standard of Might"
"Aetherian Archive","Varlariel","https://www.esologs.com/reports/GwXQJAfCN6cYD712#fight=8&type=summary&source=6","@Ginga453","Gingers On Top","ardent-ass-herald-berserking-warrior-perfected-slivers-of-the-null-arca","dps","Ardent","Ass","Herald","Perfected Slivers of the Null Arca","Berserking Warrior","155956.4","9028.2","93.5","155956.4 DPS",""," (Huntsman's Warmask)","Perfected Null Arca Jack (Perfected Slivers of the Null Arca)","Slimecraw Arm Cops (Slimecraw)","Perfected Null Arca Bracers (Perfected Slivers of the Null Arca)","","Perfected Null Arca Guards (Perfected Slivers of the Null Arca)","Perfected Null Arca Boots (Perfected Slivers of the Null Arca)","","Ring of the Advancing Yokeda (Berserking Warrior)","Ring of the Advancing Yokeda (Berserking Warrior)","Dagger of the Advancing Yokeda (Berserking Warrior)","Dagger of the Advancing Yokeda (Berserking Warrior)","The Maelstrom's Greatsword (Merciless Charge)"," ()","Killer's Blade","Barbed Trap","Relentless Focus","Escalating Runeblades","Tentacular Dread","Incapacitating Strike","Stampede","Venomous Claw","Inspired Scholarship","Flames of Oblivion","Molten Whip","Standard of Might"
"Aetherian Archive","Varlariel","https://www.esologs.com/reports/GwXQJAfCN6cYD712#fight=8&type=summary&source=8","@TyeceeR","Reece the Badman","ardent-ass-herald-berserking-warrior-perfected-slivers-of-the-null-arca","dps","Ardent","Ass","Herald","Perfected Slivers of the Null Arca","Berserking Warrior","143695.6","14952.8","77.6","143695.6 DPS",""," (Huntsman's Warmask)","Perfected Null Arca Jack (Perfected Slivers of the Null Arca)","Black Gem Monstrosity's Arm Cops (Black Gem Monstrosity)","Perfected Null Arca Bracers (Perfected Slivers of the Null Arca)","","Perfected Null Arca Guards (Perfected Slivers of the Null Arca)","Perfected Null Arca Boots (Perfected Slivers of the Null Arca)","","Ring of the Advancing Yokeda (Berserking Warrior)","Ring of the Advancing Yokeda (Berserking Warrior)","Dagger of the Advancing Yokeda (Berserking Warrior)","Dagger of the Advancing Yokeda (Berserking Warrior)","The Maelstrom's Greatsword (Merciless Charge)"," ()","Barbed Trap","Killer's Blade","Escalating Runeblades","Tentacular Dread","Merciless Resolve","Soul Harvest","Inspired Scholarship","Stampede","Venomous Claw","Flames of Oblivion","Molten Whip","Standard of Might"
"Aetherian Archive","Varlariel","https://www.esologs.com/reports/GwXQJAfCN6cYD712#fight=8&type=summary&source=3","@Axphykz","Ax The Terrible","ardent-ass-herald-berserking-warrior-perfected-slivers-of-the-null-arca","dps","Ardent","Ass","Herald","Perfected Slivers of the Null Arca","Berserking Warrior","136477.5","14749.0","89.3","136477.5 DPS",""," (Huntsman's Warmask)","Perfected Null Arca Jack (Perfected Slivers of the Null Arca)","Kra'gh Arm Cops (Kra'gh)","Perfected Null Arca Bracers (Perfected Slivers of the Null Arca)","","Perfected Null Arca Guards (Perfected Slivers of the Null Arca)","Perfected Null Arca Boots (Perfected Slivers of the Null Arca)","","Ring of the Advancing Yokeda (Berserking Warrior)","Ring of the Advancing Yokeda (Berserking Warrior)","Dagger of the Advancing Yokeda (Berserking Warrior)","Dagger of the Advancing Yokeda (Berserking Warrior)","The Maelstrom's Perfected Greatsword (Perfected Merciless Charge)"," ()","Merciless Resolve","Escalating Runeblades","Tentacular Dread","Killer's Blade","Quick Cloak","Incapacitating Strike","Flames of Oblivion","Molten Whip","Inspired Scholarship","Venomous Claw","Stampede","Standard of Might"
"Aetherian Archive","Varlariel","https://www.esologs.com/reports/GwXQJAfCN6cYD712#fight=8&type=summary&source=12","@IamKippy","Z'enpai","ardent-ass-herald-berserking-warrior-perfected-slivers-of-the-null-arca","dps","Ardent","Ass","Herald","Perfected Slivers of the Null Arca","Berserking Warrior","114762.6","1534.3","48.9","114762.6 DPS","","Slimecraw Mask (Slimecraw)","Perfected Null Arca Jack (Perfected Slivers of the Null Arca)","Pauldron of the Advancing Yokeda (Berserking Warrior)","Perfected Null Arca Bracers (Perfected Slivers of the Null Arca)","","Perfected Null Arca Guards (Perfected Slivers of the Null Arca)","Perfected Null Arca Boots (Perfected Slivers of the Null Arca)","","Ring of the Advancing Yokeda (Berserking Warrior)","Ring of the Advancing Yokeda (Berserking Warrior)","Dagger of the Advancing Yokeda (Berserking Warrior)","Dagger of the Advancing Yokeda (Berserking Warrior)","The Maelstrom's Perfected Greatsword (Perfected Merciless Charge)"," ()","Cephaliarch's Flail","Exhausting Fatecarver","Venomous Claw","Killer's Blade","Fulminating Rune","Incapacitating Strike","Stampede","Flames of Oblivion","Inspired Scholarship","Molten Whip","Resolving Vigor","Standard of Might"
"Aetherian Archive","Varlariel","https://www.esologs.com/reports/GwXQJAfCN6cYD712#fight=8&type=summary&source=2","@SBroiler","Arelbroil Abstinentio","ardent-ass-herald-berserking-warrior-perfected-slivers-of-the-null-arca","dps","Ardent","Ass","Herald","Perfected Slivers of the Null Arca","Berserking Warrior","104421.1","6074.9","72.1","104421.1 DPS","","Selene Mask (Selene)","Perfected Null Arca Jack (Perfected Slivers of the Null Arca)","Selene Arm Cops (Selene)","Perfected Null Arca Bracers (Perfected Slivers of the Null Arca)","","Perfected Null Arca Guards (Perfected Slivers of the Null Arca)","Perfected Null Arca Boots (Perfected Slivers of the Null Arca)","","Ring of the Advancing Yokeda (Berserking Warrior)","Ring of the Advancing Yokeda (Berserking Warrior)","Dagger of the Advancing Yokeda (Berserking Warrior)","Dagger of the Advancing Yokeda (Berserking Warrior)","The Maelstrom's Perfected Greatsword (Perfected Merciless Charge)"," ()","Escalating Runeblades","Merciless Resolve","Tentacular Dread","Killer's Blade","Barbed Trap","Incapacitating Strike","Stampede","Inspired Scholarship","Venomous Claw","Flames of Oblivion","Molten Whip","Standard of Might"
"Aetherian Archive","Varlariel","https://www.esologs.com/reports/jcJ2T6AzNFVyYH7D#fight=8&type=summary&source=12","@Kaus-sirrah","Elon Cruxk","ardent-ass-herald-aegis-caller-perfected-slivers-of-the-null-arca","dps","Ardent","Ass","Herald","Perfected Slivers of the Null Arca","Aegis Caller","108006.1","7289.0","80.8","108006.1 DPS","","Perfected Null Arca Helmet (Perfected Slivers of the Null Arca)","Perfected Null Arca Jack (Perfected Slivers of the Null Arca)","Slimecraw Arm Cops (Slimecraw)","Perfected Null Arca Bracers (Perfected Slivers of the Null Arca)","","Perfected Null Arca Guards (Perfected Slivers of the Null Arca)","Perfected Null Arca Boots (Perfected Slivers of the Null Arca)","","Aegis Caller's Ring (Aegis Caller)","Aegis Caller's Ring (Aegis Caller)","Aegis Caller's Dagger (Aegis Caller)","Aegis Caller's Dagger (Aegis Caller)","The Maelstrom's Perfected Greatsword (Perfected Merciless Charge)"," ()","Killer's Blade","Escalating Runeblades","Tentacular Dread","Quick Cloak","Relentless Focus","Incapacitating Strike","Venomous Claw","Inspired Scholarship","Molten Whip","Stampede","Flames of Oblivion","Standard of Might"
"Aetherian Archive","Varlariel","https://www.esologs.com/reports/jcJ2T6AzNFVyYH7D#fight=8&type=summary&source=7","@Rayba-Sama","Rayba","ardent-ass-herald-aegis-caller-perfected-slivers-of-the-null-arca","dps","Ardent","Ass","Herald","Perfected Slivers of the Null Arca","Aegis Caller","125348.1","9563.4","87.3","125348.1 DPS","","Slimecraw Guise (Slimecraw)","Perfected Null Arca Jack (Perfected Slivers of the Null Arca)","Perfected Null Arca Arm Cops (Perfected Slivers of the Null Arca)","Perfected Null Arca Bracers (Perfected Slivers of the Null Arca)","","Perfected Null Arca Guards (Perfected Slivers of the Null Arca)","Aegis Caller's Boots (Aegis Caller)","","Aegis Caller's Ring (Aegis Caller)","Aegis Caller's Ring (Aegis Caller)","Aegis Caller's Dagger (Aegis Caller)","Aegis Caller's Dagger (Aegis Caller)","The Maelstrom's Perfected Greatsword (Perfected Merciless Charge)"," ()","Killer's Blade","Escalating Runeblades","Tentacular Dread","Barbed Trap","Merciless Resolve","Soul Harvest","Inspired Scholarship","Stampede","Venomous Claw","Molten Whip","Flames of Oblivion","Standard of Might"
"Aetherian Archive","Varlariel","https://www.esologs.com/reports/jcJ2T6AzNFVyYH7D#fight=8&type=summary&source=10","@Magma9783","Taterheadbam","ardent-ass-herald-aegis-caller-perfected-slivers-of-the-null-arca","dps","Ardent","Ass","Herald","Perfected Slivers of the Null Arca","Aegis Caller","150602.0","7257.5","96.1","150602.0 DPS","","Slimecraw Mask (Slimecraw)","Perfected Null Arca Jack (Perfected Slivers of the Null Arca)","Aegis Caller's Arm Cops (Aegis Caller)","Perfected Null Arca Bracers (Perfected Slivers of the Null Arca)","","Perfected Null Arca Guards (Perfected Slivers of the Null Arca)","Perfected Null Arca Boots (Perfected Slivers of the Null Arca)","","Aegis Caller's Ring (Aegis Caller)","Aegis Caller's Ring (Aegis Caller)","Aegis Caller's Dagger (Aegis Caller)","Aegis Caller's Dagger (Aegis Caller)","The Maelstrom's Greatsword (Merciless Charge)"," ()","Quick Cloak","Killer's Blade","Relentless Focus","Tentacular Dread","Escalating Runeblades","Incapacitating Strike","Molten Whip","Flames of Oblivion","Venomous Claw","Inspired Scholarship","Stampede","Standard of Might"
"Aetherian Archive","Varlariel","https://www.esologs.com/reports/jcJ2T6AzNFVyYH7D#fight=8&type=summary&source=4","@Croa","Croa","ardent-ass-herald-aegis-caller-perfected-slivers-of-the-null-arca","dps","Ardent","Ass","Herald","Perfected Slivers of the Null Arca","Aegis Caller","142297.1","5248.8","80.8","142297.1 DPS","","Iceheart Guise (Iceheart)","Perfected Null Arca Jack (Perfected Slivers of the Null Arca)","Perfected Null Arca Arm Cops (Perfected Slivers of the Null Arca)","Aegis Caller's Bracers (Aegis Caller)","","Perfected Null Arca Guards (Perfected Slivers of the Null Arca)","Perfected Null Arca Boots (Perfected Slivers of the Null Arca)","","Aegis Caller's Ring (Aegis Caller)","Aegis Caller's Ring (Aegis Caller)","Aegis Caller's Dagger (Aegis Caller)","Aegis Caller's Dagger (Aegis Caller)","The Maelstrom's Perfected Greatsword (Perfected Merciless Charge)"," ()","Escalating Runeblades","Relentless Focus","Tentacular Dread","Barbed Trap","Killer's Blade","Soul Harvest","Stampede","Flames of Oblivion","Venomous Claw","Inspired Scholarship","Molten Whip","Standard of Might"
"Aetherian Archive","Varlariel","https://www.esologs.com/reports/jcJ2T6AzNFVyYH7D#fight=8&type=summary&source=2","@panstone","B'algruuf-The-G'reater","ardent-ass-herald-aegis-caller-perfected-slivers-of-the-null-arca","dps","Ardent","Ass","Herald","Aegis Caller","Perfected Slivers of the Null Arca","161479.5","15281.4","88.4","161479.5 DPS","The Thief","Nerien'eth Mask (Nerien'eth)","Perfected Null Arca Jack (Perfected Slivers of the Null Arca)","Nerien'eth Epaulets (Nerien'eth)","Perfected Null Arca Bracers (Perfected Slivers of the Null Arca)","","Aegis Caller's Guards (Aegis Caller)","Perfected Null Arca Boots (Perfected Slivers of the Null Arca)","","Aegis Caller's Ring (Aegis Caller)","Aegis Caller's Ring (Aegis Caller)","Aegis Caller's Dagger (Aegis Caller)","Aegis Caller's Dagger (Aegis Caller)","The Maelstrom's Perfected Greatsword (Perfected Merciless Charge)"," ()","Barbed Trap","Escalating Runeblades","Tentacular Dread","Killer's Blade","Merciless Resolve","Incapacitating Strike","Stampede","Venomous Claw","Flames of Oblivion","Inspired Scholarship","Molten Whip","Standard of Might"
"Aetherian Archive","Varlariel","https://www.esologs.com/reports/GwXQJAfCN6cYD712#fight=8&type=summary&source=11","@Crocoenjoyer","Melevolencine","earthen-grave-winter-perfected-saxhleel-champion-powerful-assault","tank","Earthen","Winter","Grave","Perfected Saxhleel Champion","Powerful Assault","15042.7","3610.4","75.6","75.6 CPM","The Atronach","Baron Zaudrus Guise (Baron Zaudrus)","Saxhleel Champion's Perfected Cuirass (Perfected Saxhleel Champion)","Baron Zaudrus Arm Cops (Baron Zaudrus)","Saxhleel Champion's Perfected Gauntlets (Perfected Saxhleel Champion)","","Saxhleel Champion's Perfected Greaves (Perfected Saxhleel Champion)","Saxhleel Champion's Perfected Sabatons (Perfected Saxhleel Champion)","","Ring of the Powerful Assault (Powerful Assault)","Ring of the Powerful Assault (Powerful Assault)","Ice Staff of the Powerful Assault (Powerful Assault)"," ()","The Maelstrom's Perfected Ice Staff (Perfected Crushing Wall)"," ()","Inner Rage","Magical Trample","Polar Wind","Stone Giant","Fragmented Shield","Replenishing Barrier","Leashing Soul","Elemental Susceptibility","Elemental Blockade","Ulfsild's Contingency","Expansive Frost Cloak","Glacial Colossus"
"Aetherian Archive","Varlariel","https://www.esologs.com/reports/GwXQJAfCN6cYD712#fight=8&type=summary&source=4","@Ginga453","Ginger Tanks","earthen-grave-winter-perfected-saxhleel-champion-powerful-assault","tank","Earthen","Winter","Grave","Perfected Saxhleel Champion","Powerful Assault","12842.0","9623.7","80.4","80.4 CPM","","Baron Zaudrus Guise (Baron Zaudrus)","Saxhleel Champion's Cuirass (Saxhleel Champion)","Spaulder of Ruin (Spaulder of Ruin)","Saxhleel Champion's Perfected Gauntlets (Perfected Saxhleel Champion)","","Saxhleel Champion's Perfected Greaves (Perfected Saxhleel Champion)","Saxhleel Champion's Perfected Sabatons (Perfected Saxhleel Champion)","","Ring of the Powerful Assault (Powerful Assault)","Ring of the Powerful Assault (Powerful Assault)","Dagger of the Trainee (Armor of the Trainee)","Druid's Shield (Druid's Braid)","Ice Staff of the Powerful Assault (Powerful Assault)"," ()","Magical Trample (Assassin's Misery / Heroism)","Warding Burst (Anchorite's Potency / Courage)","Stone Giant","Inner Fire","Expansive Frost Cloak","Replenishing Barrier","Blockade of Frost","Leashing Soul (Druid's Resurgence / Cowardice)","Elemental Susceptibility","Echoing Vigor","Warding Contingency (Gladiator's Tenacity / Resolve)","Glacial Colossus"
"Aetherian Archive","Varlariel","https://www.esologs.com/reports/xnc2YzdhWBLTMaA4#fight=9&type=summary&source=6","@AlbedoSama","Layuumi","daedric-dawn-resto-jorvulds-guidance-roaring-opportunist","healer","Daedric","Dawn","Resto","Jorvuld's Guidance","Roaring Opportunist","16188.4","86193.6","70.2","86193.6 HPS","","Symphony of Blades Guise (Symphony of Blades)","Jorvuld's Guidance Robe (Jorvuld's Guidance)","Symphony of Blades Arm Cops (Symphony of Blades)","Jorvuld's Guidance Gloves (Jorvuld's Guidance)","","Jorvuld's Guidance Breeches (Jorvuld's Guidance)","Jorvuld's Guidance Shoes (Jorvuld's Guidance)","","Roaring Opportunist's Ring (Roaring Opportunist)","Roaring Opportunist's Ring (Roaring Opportunist)","The Master's Restoration Staff (Grand Rejuvenation)"," ()","Roaring Opportunist's Lightning Staff (Roaring Opportunist)"," ()","Combat Prayer","Radiating Regeneration","Summon Twilight Matriarch","Illustrious Healing","Purifying Light","Reviving Barrier","Energy Orb","Unstable Wall of Elements","Summon Twilight Matriarch","Extended Ritual","Overflowing Altar","Aggressive Horn"
"Aetherian Archive","Varlariel","https://www.esologs.com/reports/xnc2YzdhWBLTMaA4#fight=9&type=summary&source=7","@Kyushkin","Lyubopitiy-Zmei","green-living-siphon-perfected-pillagers-profit-spell-power-cure","healer","Siphon","Green","Living","Spell Power Cure","Perfected Pillager's Profit","5780.2","122199.8","69.1","122199.8 HPS","","Ozezan the Inferno's Guise (Ozezan the Inferno)","Spell Power Cure Robe (Spell Power Cure)","Ozezan the Inferno's Epaulets (Ozezan the Inferno)","Spell Power Cure Gloves (Spell Power Cure)","","Spell Power Cure Breeches (Spell Power Cure)","Shoes of the Trainee (Armor of the Trainee)","","Perfected Pillager's Band (Perfected Pillager's Profit)","Perfected Pillager's Band (Perfected Pillager's Profit)","Spell Power Cure Restoration Staff (Spell Power Cure)"," ()","Perfected Pillager's Lightning Staff (Perfected Pillager's Profit)"," ()","Radiating Regeneration","Combat Prayer","Braided Tether","Echoing Vigor","Energy Orb","Shooting Star","Blockade of Storms","Overflowing Altar","Budding Seeds","Intensive Mender","Siphoning Attacks","Reviving Barrier"
"Aetherian Archive","The Mage","https://www.esologs.com/reports/jcJ2T6AzNFVyYH7D#fight=23&type=summary&source=9","@OcelOgihci","Tazman le Bricoleur","ardent-ass-herald-perfected-slivers-of-the-null-arca-tide-born-wildstalker","dps","Ardent","Ass","Herald","Perfected Slivers of the Null Arca","Tide-Born Wildstalker","128209.8","7813.9","38.1","128209.8 DPS","","Slimecraw Guise (Slimecraw)","Perfected Null Arca Jack (Perfected Slivers of the Null Arca)","Tide-Born Arm Cops (Tide-Born Wildstalker)","Perfected Null Arca Bracers (Perfected Slivers of the Null Arca)","","Tide-Born Guards (Tide-Born Wildstalker)","Perfected Null Arca Boots (Perfected Slivers of the Null Arca)","","Perfected Null Arca Ring (Perfected Slivers of the Null Arca)","Perfected Null Arca Ring (Perfected Slivers of the Null Arca)","Tide-Born Dagger (Tide-Born Wildstalker)","Tide-Born Dagger (Tide-Born Wildstalker)","The Maelstrom's Perfected Greatsword (Perfected Merciless Charge)"," ()","Quick Cloak","Killer's Blade","Pragmatic Fatecarver","Cephaliarch's Flail","Merciless Resolve","Soul Harvest","Stampede","Venomous Claw","Inspired Scholarship","Molten Whip","Flames of Oblivion","Standard of Might"
"Aetherian Archive","The Mage","https://www.esologs.com/reports/jcJ2T6AzNFVyYH7D#fight=23&type=summary&source=11","@Hardardere","Zev Breminiev","ardent-ass-herald-perfected-slivers-of-the-null-arca-tide-born-wildstalker","dps","Ardent","Ass","Herald","Tide-Born Wildstalker","Perfected Slivers of the Null Arca","114812.6","8370.0","40.6","114812.6 DPS","","Slimecraw Guise (Slimecraw)","Tide-Born Jack (Tide-Born Wildstalker)","Perfected Null Arca Arm Cops (Perfected Slivers of the Null Arca)","Tide-Born Bracers (Tide-Born Wildstalker)","","Tide-Born Guards (Tide-Born Wildstalker)","Tide-Born Boots (Tide-Born Wildstalker)","","Perfected Null Arca Ring (Perfected Slivers of the Null Arca)","Perfected Null Arca Ring (Perfected Slivers of the Null Arca)","Perfected Null Arca Dagger (Perfected Slivers of the Null Arca)","Perfected Null Arca Dagger (Perfected Slivers of the Null Arca)","The Maelstrom's Perfected Greatsword (Perfected Merciless Charge)"," ()","Cephaliarch's Flail","Pragmatic Fatecarver","Killer's Blade","Quick Cloak","Relentless Focus","Soul Harvest","Inspired Scholarship","Venomous Claw","Flames of Oblivion","Stampede","Molten Whip","Standard of Might"
"Aetherian Archive","The Mage","https://www.esologs.com/reports/jcJ2T6AzNFVyYH7D#fight=23&type=summary&source=8","@Rcbinscn","Rcbinscn","ardent-ass-herald-perfected-slivers-of-the-null-arca-tide-born-wildstalker","dps","Ardent","Ass","Herald","Tide-Born Wildstalker","Perfected Slivers of the Null Arca","125437.3","3694.5","59.3","125437.3 DPS","","Tide-Born Hat (Tide-Born Wildstalker)","Tide-Born Jack (Tide-Born Wildstalker)","Slimecraw Arm Cops (Slimecraw)","Perfected Null Arca Bracers (Perfected Slivers of the Null Arca)","","Tide-Born Guards (Tide-Born Wildstalker)","Perfected Null Arca Boots (Perfected Slivers of the Null Arca)","","Perfected Null Arca Ring (Perfected Slivers of the Null Arca)","Perfected Null Arca Ring (Perfected Slivers of the Null Arca)","Tide-Born Dagger (Tide-Born Wildstalker)","Tide-Born Dagger (Tide-Born Wildstalker)","The Maelstrom's Perfected Greatsword (Perfected Merciless Charge)"," ()","Relentless Focus","Quick Cloak","Killer's Blade","Tentacular Dread","Escalating Runeblades","Incapacitating Strike","Molten Whip","Flames of Oblivion","Venomous Claw","Stampede","Inspired Scholarship","Standard of Might"
"Aetherian Archive","The Mage","https://www.esologs.com/reports/jcJ2T6AzNFVyYH7D#fight=23&type=summary&source=7","@dewk","Good Cleave","ardent-ass-herald-perfected-slivers-of-the-null-arca-tide-born-wildstalker","dps","Ardent","Ass","Herald","Perfected Slivers of the Null Arca","Tide-Born Wildstalker","118207.8","4064.1","42.4","118207.8 DPS","","Slimecraw Guise (Slimecraw)","Perfected Null Arca Jack (Perfected Slivers of the Null Arca)","Tide-Born Arm Cops (Tide-Born Wildstalker)","Perfected Null Arca Bracers (Perfected Slivers of the Null Arca)","","Perfected Null Arca Guards (Perfected Slivers of the Null Arca)","Perfected Null Arca Boots (Perfected Slivers of the Null Arca)","","Tide-Born Ring (Tide-Born Wildstalker)","Tide-Born Ring (Tide-Born Wildstalker)","Tide-Born Dagger (Tide-Born Wildstalker)","Tide-Born Dagger (Tide-Born Wildstalker)","The Maelstrom's Greatsword (Merciless Charge)"," ()","Pragmatic Fatecarver","Cephaliarch's Flail","Killer's Blade","Quick Cloak","Relentless Focus","Incapacitating Strike","Stampede","Venomous Claw","Inspired Scholarship","Flames of Oblivion","Circle of Protection","Standard of Might"
"Aetherian Archive","The Mage","https://www.esologs.com/reports/jcJ2T6AzNFVyYH7D#fight=23&type=summary&source=1","@egandara","Lovely Rita","ardent-ass-herald-perfected-slivers-of-the-null-arca-tide-born-wildstalker","dps","Ardent","Ass","Herald","Tide-Born Wildstalker","Perfected Slivers of the Null Arca","143494.3","7911.7","32.2","143494.3 DPS","","Tide-Born Helmet (Tide-Born Wildstalker)","Tide-Born Jack (Tide-Born Wildstalker)","Slimecraw Epaulets (Slimecraw)","Perfected Null Arca Bracers (Perfected Slivers of the Null Arca)","","Tide-Born Guards (Tide-Born Wildstalker)","Tide-Born Boots (Tide-Born Wildstalker)","","Perfected Null Arca Ring (Perfected Slivers of the Null Arca)","Perfected Null Arca Ring (Perfected Slivers of the Null Arca)","Perfected Null Arca Dagger (Perfected Slivers of the Null Arca)","Perfected Null Arca Dagger (Perfected Slivers of the Null Arca)","The Maelstrom's Perfected Greatsword (Perfected Merciless Charge)"," ()","Pragmatic Fatecarver","Quick Cloak","Killer's Blade","Cephaliarch's Flail","Camouflaged Hunter","Soul Harvest","Stampede","Venomous Claw","Inspired Scholarship","Flames of Oblivion","Molten Whip","Standard of Might"
"Aetherian Archive","The Mage","https://www.esologs.com/reports/jcJ2T6AzNFVyYH7D#fight=23&type=summary&source=4","@TChewyT","Hello Amber","ardent-ass-herald-perfected-slivers-of-the-null-arca-tide-born-wildstalker","dps","Ardent","Ass","Herald","Tide-Born Wildstalker","Perfected Slivers of the Null Arca","124242.0","10020.1","73.0","124242.0 DPS","","Tide-Born Helmet (Tide-Born Wildstalker)","Perfected Null Arca Jack (Perfected Slivers of the Null Arca)","Slimecraw Arm Cops (Slimecraw)","Perfected Null Arca Bracers (Perfected Slivers of the Null Arca)","","Perfected Null Arca Guards (Perfected Slivers of the Null Arca)","Perfected Null Arca Boots (Perfected Slivers of the Null Arca)","","Tide-Born Ring (Tide-Born Wildstalker)","Tide-Born Ring (Tide-Born Wildstalker)","Tide-Born Dagger (Tide-Born Wildstalker)","Tide-Born Dagger (Tide-Born Wildstalker)","The Maelstrom's Perfected Greatsword (Perfected Merciless Charge)"," ()","Escalating Runeblades","Tentacular Dread","Killer's Blade","Camouflaged Hunter","Merciless Resolve","Incapacitating Strike","Stampede","Molten Whip","Venomous Claw","Inspired Scholarship","Flames of Oblivion","Standard of Might"
"Aetherian Archive","The Mage","https://www.esologs.com/reports/jcJ2T6AzNFVyYH7D#fight=23&type=summary&source=7","@Qua'rk","Qua'rk","ardent-ass-herald-perfected-slivers-of-the-null-arca-tide-born-wildstalker","dps","Ardent","Ass","Herald","Perfected Slivers of the Null Arca","Tide-Born Wildstalker","78655.2","649.4","55.1","78655.2 DPS","","Slimecraw Guise (Slimecraw)","Perfected Null Arca Jack (Perfected Slivers of the Null Arca)","Tide-Born Pauldrons (Tide-Born Wildstalker)","Tide-Born Bracers (Tide-Born Wildstalker)","","Perfected Null Arca Guards (Perfected Slivers of the Null Arca)","Perfected Null Arca Boots (Perfected Slivers of the Null Arca)","","Tide-Born Ring (Tide-Born Wildstalker)","Tide-Born Ring (Tide-Born Wildstalker)","Perfected Null Arca Dagger (Perfected Slivers of the Null Arca)","Perfected Null Arca Dagger (Perfected Slivers of the Null Arca)","Vateshran's Inferno Staff (Wrath of Elements)"," ()","Escalating Runeblades","Tentacular Dread","Killer's Blade","Barbed Trap","Quick Cloak","Incapacitating Strike","Elemental Blockade","Flames of Oblivion","Venomous Claw","Inspired Scholarship","Resolving Vigor","Standard of Might"
"Aetherian Archive","The Mage","https://www.esologs.com/reports/jcJ2T6AzNFVyYH7D#fight=23&type=summary&source=5","@jimmy2e","M'Laiz R'pointa","ardent-ass-herald-perfected-slivers-of-the-null-arca-tide-born-wildstalker","dps","Ardent","Ass","Herald","Tide-Born Wildstalker","Perfected Slivers of the Null Arca","103770.3","4655.0","36.1","103770.3 DPS","","Nerien'eth Mask (Nerien'eth)","Tide-Born Jack (Tide-Born Wildstalker)","Nerien'eth Epaulets (Nerien'eth)","Tide-Born Bracers (Tide-Born Wildstalker)","","Tide-Born Guards (Tide-Born Wildstalker)","Tide-Born Boots (Tide-Born Wildstalker)","","Perfected Null Arca Ring (Perfected Slivers of the Null Arca)","Perfected Null Arca Ring (Perfected Slivers of the Null Arca)","Perfected Null Arca Bow (Perfected Slivers of the Null Arca)"," ()","The Maelstrom's Perfected Greatsword (Perfected Merciless Charge)"," ()","Cephaliarch's Flail","Barbed Trap","Pragmatic Fatecarver","Venomous Claw","Banner Bearer","Soul Harvest","Flames of Oblivion","Inspired Scholarship","Stampede","Molten Whip","Banner Bearer","Standard of Might"
"Aetherian Archive","The Mage","https://www.esologs.com/reports/jcJ2T6AzNFVyYH7D#fight=23&type=summary&source=3","@BooRadzz","Boo Rad","ardent-ass-herald-perfected-slivers-of-the-null-arca-tide-born-wildstalker","dps","Ardent","Ass","Herald","Perfected Slivers of the Null Arca","Tide-Born Wildstalker","96432.2","6010.0","28.6","96432.2 DPS","","Slimecraw Guise (Slimecraw)","Perfected Null Arca Jack (Perfected Slivers of the Null Arca)","Tide-Born Arm Cops (Tide-Born Wildstalker)","Perfected Null Arca Bracers (Perfected Slivers of the Null Arca)","","Perfected Null Arca Guards (Perfected Slivers of the Null Arca)","Perfected Null Arca Boots (Perfected Slivers of the Null Arca)","","Tide-Born Ring (Tide-Born Wildstalker)","Tide-Born Ring (Tide-Born Wildstalker)","Tide-Born Dagger (Tide-Born Wildstalker)","Tide-Born Dagger (Tide-Born Wildstalker)","The Maelstrom's Perfected Lightning Staff (Perfected Crushing Wall)"," ()","Cephaliarch's Flail","Quick Cloak","Pragmatic Fatecarver","Camouflaged Hunter","Venomous Claw","Incapacitating Strike","Flames of Oblivion","Razor Caltrops","Elemental Blockade","Molten Whip","Inspired Scholarship","Standard of Might"
"Aetherian Archive","The Mage","https://www.esologs.com/reports/jcJ2T6AzNFVyYH7D#fight=23&type=summary&source=2","@knd775","Aldaryth Nilvra","ardent-ass-herald-perfected-slivers-of-the-null-arca-tide-born-wildstalker","dps","Ardent","Ass","Herald","Perfected Slivers of the Null Arca","Tide-Born Wildstalker","111464.1","3297.3","26.7","111464.1 DPS","","Slimecraw Guise (Slimecraw)","Perfected Null Arca Jack (Perfected Slivers of the Null Arca)","Tide-Born Arm Cops (Tide-Born Wildstalker)","Perfected Null Arca Bracers (Perfected Slivers of the Null Arca)","","Perfected Null Arca Guards (Perfected Slivers of the Null Arca)","Perfected Null Arca Boots (Perfected Slivers of the Null Arca)","","Tide-Born Ring (Tide-Born Wildstalker)","Tide-Born Ring (Tide-Born Wildstalker)","Tide-Born Dagger (Tide-Born Wildstalker)","Tide-Born Dagger (Tide-Born Wildstalker)","The Maelstrom's Perfected Greatsword (Perfected Merciless Charge)"," ()","Cephaliarch's Flail","Pragmatic Fatecarver","Quick Cloak","Venomous Claw","Camouflaged Hunter","Soul Harvest","Stampede","Flames of Oblivion","Fulminating Rune","Inspired Scholarship","Molten Whip","Standard of Might"
"Aetherian Archive","The Mage","https://www.esologs.com/reports/jcJ2T6AzNFVyYH7D#fight=23&type=summary&source=5","@Samnons88","ggboysgg","ardent-ass-herald-perfected-slivers-of-the-null-arca-tide-born-wildstalker","dps","Ardent","Ass","Herald","Tide-Born Wildstalker","Perfected Slivers of the Null Arca","106605.9","5890.7","70.7","106605.9 DPS",""," (Huntsman's Warmask)","Tide-Born Jack (Tide-Born Wildstalker)","Slimecraw Epaulets (Slimecraw)","Perfected Null Arca Bracers (Perfected Slivers of the Null Arca)","","Tide-Born Guards (Tide-Born Wildstalker)","Perfected Null Arca Boots (Perfected Slivers of the Null Arca)","","Perfected Null Arca Ring (Perfected Slivers of the Null Arca)","Perfected Null Arca Ring (Perfected Slivers of the Null Arca)","Tide-Born Dagger (Tide-Born Wildstalker)","Tide-Born Dagger (Tide-Born Wildstalker)","The Maelstrom's Perfected Greatsword (Perfected Merciless Charge)"," ()","Killer's Blade","Quick Cloak","Tentacular Dread","Escalating Runeblades","Relentless Focus","Incapacitating Strike","Stampede","Barbed Trap","Venomous Claw","Inspired Scholarship","Flames of Oblivion","Standard of Might"
"Aetherian Archive","The Mage","https://www.esologs.com/reports/jcJ2T6AzNFVyYH7D#fight=23&type=summary&source=7","@SCOTTIS1011","Scottis Beamed me Twice","ardent-ass-herald-perfected-slivers-of-the-null-arca-tide-born-wildstalker","dps","Ardent","Ass","Herald","Tide-Born Wildstalker","Perfected Slivers of the Null Arca","125357.4","4211.0","39.1","125357.4 DPS","","Slimecraw Mask (Slimecraw)","Tide-Born Jack (Tide-Born Wildstalker)","Perfected Null Arca Arm Cops (Perfected Slivers of the Null Arca)","Perfected Null Arca Bracers (Perfected Slivers of the Null Arca)","","Perfected Null Arca Guards (Perfected Slivers of the Null Arca)","Perfected Null Arca Boots (Perfected Slivers of the Null Arca)","","Tide-Born Ring (Tide-Born Wildstalker)","Tide-Born Ring (Tide-Born Wildstalker)","Tide-Born Dagger (Tide-Born Wildstalker)","Tide-Born Dagger (Tide-Born Wildstalker)","The Maelstrom's Perfected Greatsword (Perfected Merciless Charge)"," ()","Pragmatic Fatecarver","Cephaliarch's Flail","Venomous Claw","Quick Cloak","Camouflaged Hunter","Incapacitating Strike","Stampede","Inspired Scholarship","Fulminating Rune","Flames of Oblivion","Molten Whip","The Languid Eye"
"Aetherian Archive","The Mage","https://www.esologs.com/reports/jcJ2T6AzNFVyYH7D#fight=23&type=summary&source=11","@MPL33","Voralyth","ardent-ass-herald-perfected-slivers-of-the-null-arca-tide-born-wildstalker","dps","Ardent","Ass","Herald","Perfected Slivers of the Null Arca","Tide-Born Wildstalker","107434.3","2801.1","32.9","107434.3 DPS","","Slimecraw Guise (Slimecraw)","Perfected Null Arca Jack (Perfected Slivers of the Null Arca)","Tide-Born Arm Cops (Tide-Born Wildstalker)","Perfected Null Arca Bracers (Perfected Slivers of the Null Arca)","","Perfected Null Arca Guards (Perfected Slivers of the Null Arca)","Perfected Null Arca Boots (Perfected Slivers of the Null Arca)","","Tide-Born Ring (Tide-Born Wildstalker)","Tide-Born Ring (Tide-Born Wildstalker)","Tide-Born Dagger (Tide-Born Wildstalker)","Tide-Born Dagger (Tide-Born Wildstalker)","The Maelstrom's Inferno Staff (Crushing Wall)"," ()","Cephaliarch's Flail","Pragmatic Fatecarver","Venomous Claw","Camouflaged Hunter","Quick Cloak","Soul Harvest","Inspired Scholarship","Elemental Blockade","Flames of Oblivion","Rune of Displacement","Molten Whip","Standard of Might"
"Aetherian Archive","The Mage","https://www.esologs.com/reports/jcJ2T6AzNFVyYH7D#fight=23&type=summary&source=6","@CryptTonite","Hadron","ardent-ass-herald-perfected-slivers-of-the-null-arca-tide-born-wildstalker","dps","Ardent","Ass","Herald","Tide-Born Wildstalker","Perfected Slivers of the Null Arca","83015.5","3607.0","28.9","83015.5 DPS","","Slimecraw Guise (Slimecraw)","Tide-Born Jack (Tide-Born Wildstalker)","Perfected Null Arca Arm Cops (Perfected Slivers of the Null Arca)","Perfected Null Arca Bracers (Perfected Slivers of the Null Arca)","","Tide-Born Guards (Tide-Born Wildstalker)","Tide-Born Boots (Tide-Born Wildstalker)","","Tide-Born Ring (Tide-Born Wildstalker)","Tide-Born Ring (Tide-Born Wildstalker)","Perfected Null Arca Dagger (Perfected Slivers of the Null Arca)","Perfected Null Arca Dagger (Perfected Slivers of the Null Arca)","The Maelstrom's Perfected Greatsword (Perfected Merciless Charge)"," ()","Venomous Claw","Cephaliarch's Flail","Pragmatic Fatecarver","Killer's Blade","Banner Bearer","Incapacitating Strike","Stampede","Inspired Scholarship","Flames of Oblivion","Molten Whip","Banner Bearer","Standard of Might"
"Aetherian Archive","The Mage","https://www.esologs.com/reports/jcJ2T6AzNFVyYH7D#fight=23&type=summary&source=7","@herby8860","Khajiit in books","ardent-ass-herald-perfected-slivers-of-the-null-arca-tide-born-wildstalker","dps","Ardent","Ass","Herald","Tide-Born Wildstalker","Perfected Slivers of the Null Arca","72940.5","4396.7","23.1","72940.5 DPS","","Slimecraw Guise (Slimecraw)","Tide-Born Jack (Tide-Born Wildstalker)","Perfected Null Arca Arm Cops (Perfected Slivers of the Null Arca)","Perfected Null Arca Bracers (Perfected Slivers of the Null Arca)","","Perfected Null Arca Guards (Perfected Slivers of the Null Arca)","Tide-Born Boots (Tide-Born Wildstalker)","","Tide-Born Ring (Tide-Born Wildstalker)","Tide-Born Ring (Tide-Born Wildstalker)","Perfected Null Arca Dagger (Perfected Slivers of the Null Arca)","Perfected Null Arca Dagger (Perfected Slivers of the Null Arca)","The Maelstrom's Perfected Inferno Staff (Perfected Crushing Wall)"," ()","Pragmatic Fatecarver","Barbed Trap","Cephaliarch's Flail","Deadly Cloak","Banner Bearer","Soul Harvest","Unstable Wall of Elements","Flames of Oblivion","Venomous Claw","Inspired Scholarship","Banner Bearer","The Languid Eye"
"Aetherian Archive","The Mage","https://www.esologs.com/reports/jcJ2T6AzNFVyYH7D#fight=23&type=summary&source=17","@ZookieFyre","Kehri Shurh'dona","ardent-ass-herald-perfected-slivers-of-the-null-arca-tide-born-wildstalker","dps","Ardent","Ass","Herald","Perfected Slivers of the Null Arca","Tide-Born Wildstalker","147311.8","11424.6","64.6","147311.8 DPS","","Slimecraw Guise (Slimecraw)","Perfected Null Arca Jack (Perfected Slivers of the Null Arca)","Tide-Born Arm Cops (Tide-Born Wildstalker)","Perfected Null Arca Bracers (Perfected Slivers of the Null Arca)","","Perfected Null Arca Guards (Perfected Slivers of the Null Arca)","Perfected Null Arca Boots (Perfected Slivers of the Null Arca)","","Tide-Born Ring (Tide-Born Wildstalker)","Tide-Born Ring (Tide-Born Wildstalker)","Tide-Born Dagger (Tide-Born Wildstalker)","Tide-Born Dagger (Tide-Born Wildstalker)","The Maelstrom's Perfected Greatsword (Perfected Merciless Charge)"," ()","Merciless Resolve","Killer's Blade","Escalating Runeblades","Tentacular Dread","Barbed Trap","Soul Harvest","Stampede","Venomous Claw","Flames of Oblivion","Molten Whip","Inspired Scholarship","Standard of Might"
"Aetherian Archive","The Mage","https://www.esologs.com/reports/GwXQJAfCN6cYD712#fight=10&type=summary&source=7","@Esstarossa","Estarossa Of Hate","ardent-ass-herald-berserking-warrior-perfected-slivers-of-the-null-arca","dps","Ardent","Ass","Herald","Perfected Slivers of the Null Arca","Berserking Warrior","145185.9","5416.5","77.8","145185.9 DPS",""," (Huntsman's Warmask)","Perfected Null Arca Jack (Perfected Slivers of the Null Arca)","Slimecraw Arm Cops (Slimecraw)","Perfected Null Arca Bracers (Perfected Slivers of the Null Arca)","","Perfected Null Arca Guards (Perfected Slivers of the Null Arca)","Perfected Null Arca Boots (Perfected Slivers of the Null Arca)","","Ring of the Advancing Yokeda (Berserking Warrior)","Ring of the Advancing Yokeda (Berserking Warrior)","Dagger of the Advancing Yokeda (Berserking Warrior)","Dagger of the Advancing Yokeda (Berserking Warrior)","The Maelstrom's Perfected Greatsword (Perfected Merciless Charge)"," ()","Tentacular Dread","Escalating Runeblades","Killer's Blade","Barbed Trap","Relentless Focus","Incapacitating Strike","Flames of Oblivion","Stampede","Molten Whip","Inspired Scholarship","Venomous Claw","Standard of Might"
"Aetherian Archive","The Mage","https://www.esologs.com/reports/GwXQJAfCN6cYD712#fight=10&type=summary&source=1","@yaasshaa","arcaeea","ardent-ass-herald-berserking-warrior-perfected-slivers-of-the-null-arca","dps","Ardent","Ass","Herald","Perfected Slivers of the Null Arca","Berserking Warrior","162531.6","6519.3","77.8","162531.6 DPS","The Thief"," (Huntsman's Warmask)","Perfected Null Arca Jack (Perfected Slivers of the Null Arca)","Slimecraw Arm Cops (Slimecraw)","Perfected Null Arca Bracers (Perfected Slivers of the Null Arca)","","Perfected Null Arca Guards (Perfected Slivers of the Null Arca)","Perfected Null Arca Boots (Perfected Slivers of the Null Arca)","","Ring of the Advancing Yokeda (Berserking Warrior)","Ring of the Advancing Yokeda (Berserking Warrior)","Dagger of the Advancing Yokeda (Berserking Warrior)","Dagger of the Advancing Yokeda (Berserking Warrior)","The Maelstrom's Perfected Greatsword (Perfected Merciless Charge)"," ()","Barbed Trap","Relentless Focus","Tentacular Dread","Escalating Runeblades","Killer's Blade","Soul Harvest","Inspired Scholarship","Flames of Oblivion","Stampede","Venomous Claw","Molten Whip","Standard of Might"
"Aetherian Archive","The Mage","https://www.esologs.com/reports/GwXQJAfCN6cYD712#fight=10&type=summary&source=10","@NeverKillMePleb","Mein Zeh Tut Weh","ardent-ass-herald-berserking-warrior-perfected-slivers-of-the-null-arca","dps","Ardent","Ass","Herald","Perfected Slivers of the Null Arca","Berserking Warrior","133693.0","5564.6","75.3","133693.0 DPS","","Selene Mask (Selene)","Perfected Null Arca Jack (Perfected Slivers of the Null Arca)","Selene Arm Cops (Selene)","Perfected Null Arca Bracers (Perfected Slivers of the Null Arca)","","Perfected Null Arca Guards (Perfected Slivers of the Null Arca)","Perfected Null Arca Boots (Perfected Slivers of the Null Arca)","","Ring of the Advancing Yokeda (Berserking Warrior)","Ring of the Advancing Yokeda (Berserking Warrior)","Dagger of the Advancing Yokeda (Berserking Warrior)","Dagger of the Advancing Yokeda (Berserking Warrior)","The Maelstrom's Greatsword (Merciless Charge)"," ()","Merciless Resolve","Escalating Runeblades","Tentacular Dread","Barbed Trap","Killer's Blade","Incapacitating Strike","Stampede","Flames of Oblivion","Molten Whip","Inspired Scholarship","Venomous Claw","Standard of Might"
"Aetherian Archive","The Mage","https://www.esologs.com/reports/GwXQJAfCN6cYD712#fight=10&type=summary&source=10","@Magma9783","Taterheadbam","ardent-ass-herald-berserking-warrior-perfected-slivers-of-the-null-arca","dps","Ardent","Ass","Herald","Perfected Slivers of the Null Arca","Berserking Warrior","104939.4","5090.1","70.6","104939.4 DPS",""," (Huntsman's Warmask)","Perfected Null Arca Jack (Perfected Slivers of the Null Arca)","Slimecraw Arm Cops (Slimecraw)","Perfected Null Arca Bracers (Perfected Slivers of the Null Arca)","","Perfected Null Arca Guards (Perfected Slivers of the Null Arca)","Perfected Null Arca Boots (Perfected Slivers of the Null Arca)","","Ring of the Advancing Yokeda (Berserking Warrior)","Ring of the Advancing Yokeda (Berserking Warrior)","Dagger of the Advancing Yokeda (Berserking Warrior)","Dagger of the Advancing Yokeda (Berserking Warrior)","The Maelstrom's Greatsword (Merciless Charge)"," ()","Barbed Trap","Killer's Blade","Relentless Focus","Tentacular Dread","Escalating Runeblades","Incapacitating Strike","Molten Whip","Flames of Oblivion","Venomous Claw","Inspired Scholarship","Stampede","Standard of Might"
"Aetherian Archive","The Mage","https://www.esologs.com/reports/GwXQJAfCN6cYD712#fight=10&type=summary&source=6","@Ginga453","Gingers On Top","ardent-ass-herald-berserking-warrior-perfected-slivers-of-the-null-arca","dps","Ardent","Ass","Herald","Perfected Slivers of the Null Arca","Berserking Warrior","56876.8","2017.7","22.1","56876.8 DPS",""," (Huntsman's Warmask)","Perfected Null Arca Jack (Perfected Slivers of the Null Arca)","Slimecraw Arm Cops (Slimecraw)","Perfected Null Arca Bracers (Perfected Slivers of the Null Arca)","","Perfected Null Arca Guards (Perfected Slivers of the Null Arca)","Perfected Null Arca Boots (Perfected Slivers of the Null Arca)","","Ring of the Advancing Yokeda (Berserking Warrior)","Ring of the Advancing Yokeda (Berserking Warrior)","Dagger of the Advancing Yokeda (Berserking Warrior)","Dagger of the Advancing Yokeda (Berserking Warrior)","The Maelstrom's Greatsword (Merciless Charge)"," ()","Killer's Blade","Barbed Trap","Relentless Focus","Escalating Runeblades","Tentacular Dread","Incapacitating Strike","Stampede","Venomous Claw","Inspired Scholarship","Flames of Oblivion","Molten Whip","Standard of Might"
"Aetherian Archive","The Mage","https://www.esologs.com/reports/GwXQJAfCN6cYD712#fight=10&type=summary&source=12","@Diocliate","You Shall not Pärse","ardent-ass-herald-berserking-warrior-perfected-slivers-of-the-null-arca","dps","Ardent","Ass","Herald","Perfected Slivers of the Null Arca","Berserking Warrior","117827.0","4653.2","58.2","117827.0 DPS",""," (Huntsman's Warmask)","Perfected Null Arca Jack (Perfected Slivers of the Null Arca)","Slimecraw Epaulets (Slimecraw)","Perfected Null Arca Bracers (Perfected Slivers of the Null Arca)","","Perfected Null Arca Guards (Perfected Slivers of the Null Arca)","Perfected Null Arca Boots (Perfected Slivers of the Null Arca)","","Ring of the Advancing Yokeda (Berserking Warrior)","Ring of the Advancing Yokeda (Berserking Warrior)","Dagger of the Advancing Yokeda (Berserking Warrior)","Dagger of the Advancing Yokeda (Berserking Warrior)","The Maelstrom's Perfected Greatsword (Perfected Merciless Charge)"," ()","Barbed Trap","Merciless Resolve","Escalating Runeblades","Tentacular Dread","Killer's Blade","Incapacitating Strike","Stampede","Molten Whip","Inspired Scholarship","Venomous Claw","Flames of Oblivion","Standard of Might"
"Aetherian Archive","The Mage","https://www.esologs.com/reports/GwXQJAfCN6cYD712#fight=10&type=summary&source=3","@Axphykz","Ax The Terrible","ardent-ass-herald-berserking-warrior-perfected-slivers-of-the-null-arca","dps","Ardent","Ass","Herald","Perfected Slivers of the Null Arca","Berserking Warrior","103779.5","11933.9","66.5","103779.5 DPS",""," (Huntsman's Warmask)","Perfected Null Arca Jack (Perfected Slivers of the Null Arca)","Kra'gh Arm Cops (Kra'gh)","Perfected Null Arca Bracers (Perfected Slivers of the Null Arca)","","Perfected Null Arca Guards (Perfected Slivers of the Null Arca)","Perfected Null Arca Boots (Perfected Slivers of the Null Arca)","","Ring of the Advancing Yokeda (Berserking Warrior)","Ring of the Advancing Yokeda (Berserking Warrior)","Dagger of the Advancing Yokeda (Berserking Warrior)","Dagger of the Advancing Yokeda (Berserking Warrior)","The Maelstrom's Perfected Greatsword (Perfected Merciless Charge)"," ()","Merciless Resolve","Escalating Runeblades","Tentacular Dread","Killer's Blade","Quick Cloak","Incapacitating Strike","Flames of Oblivion","Molten Whip","Inspired Scholarship","Venomous Claw","Stampede","Standard of Might"
"Aetherian Archive","The Mage","https://www.esologs.com/reports/GwXQJAfCN6cYD712#fight=10&type=summary&source=12","@IamKippy","Z'enpai","ardent-ass-herald-berserking-warrior-perfected-slivers-of-the-null-arca","dps","Ardent","Ass","Herald","Perfected Slivers of the Null Arca","Berserking Warrior","98124.5","2278.6","34.1","98124.5 DPS","","Slimecraw Mask (Slimecraw)","Perfected Null Arca Jack (Perfected Slivers of the Null Arca)","Pauldron of the Advancing Yokeda (Berserking Warrior)","Perfected Null Arca Bracers (Perfected Slivers of the Null Arca)","","Perfected Null Arca Guards (Perfected Slivers of the Null Arca)","Perfected Null Arca Boots (Perfected Slivers of the Null Arca)","","Ring of the Advancing Yokeda (Berserking Warrior)","Ring of the Advancing Yokeda (Berserking Warrior)","Dagger of the Advancing Yokeda (Berserking Warrior)","Dagger of the Advancing Yokeda (Berserking Warrior)","The Maelstrom's Perfected Greatsword (Perfected Merciless Charge)"," ()","Cephaliarch's Flail","Exhausting Fatecarver","Venomous Claw","Killer's Blade","Fulminating Rune","Incapacitating Strike","Stampede","Flames of Oblivion","Inspired Scholarship","Molten Whip","Resolving Vigor","Standard of Might"
"Aetherian Archive","The Mage","https://www.esologs.com/reports/GwXQJAfCN6cYD712#fight=10&type=summary&source=2","@SBroiler","Arelbroil Abstinentio","ardent-ass-herald-berserking-warrior-perfected-slivers-of-the-null-arca","dps","Ardent","Ass","Herald","Perfected Slivers of the Null Arca","Berserking Warrior","123323.3","6485.9","60.6","123323.3 DPS","","Selene Mask (Selene)","Perfected Null Arca Jack (Perfected Slivers of the Null Arca)","Selene Arm Cops (Selene)","Perfected Null Arca Bracers (Perfected Slivers of the Null Arca)","","Perfected Null Arca Guards (Perfected Slivers of the Null Arca)","Perfected Null Arca Boots (Perfected Slivers of the Null Arca)","","Ring of the Advancing Yokeda (Berserking Warrior)","Ring of the Advancing Yokeda (Berserking Warrior)","Dagger of the Advancing Yokeda (Berserking Warrior)","Dagger of the Advancing Yokeda (Berserking Warrior)","The Maelstrom's Perfected Greatsword (Perfected Merciless Charge)"," ()","Escalating Runeblades","Merciless Resolve","Tentacular Dread","Killer's Blade","Barbed Trap","Incapacitating Strike","Stampede","Inspired Scholarship","Venomous Claw","Flames of Oblivion","Molten Whip","Standard of Might"
"Aetherian Archive","The Mage","https://www.esologs.com/reports/A4FvRHM2fpka8jd7#fight=34&type=summary&source=138","@ImNotBrick","Idk at this point","ardent-ass-herald-deadly-strike-perfected-slivers-of-the-null-arca","dps","Ardent","Ass","Herald","Perfected Slivers of the Null Arca","Deadly Strike","134320.7","2628.3","27.8","134320.7 DPS","","Slimecraw Mask (Slimecraw)","Perfected Null Arca Jack (Perfected Slivers of the Null Arca)","Deadly Arm Cops (Deadly Strike)","Perfected Null Arca Bracers (Perfected Slivers of the Null Arca)","","Perfected Null Arca Guards (Perfected Slivers of the Null Arca)","Perfected Null Arca Boots (Perfected Slivers of the Null Arca)","","Deadly Ring (Deadly Strike)","Deadly Ring (Deadly Strike)","Deadly Dagger (Deadly Strike)","Deadly Dagger (Deadly Strike)","The Maelstrom's Perfected Greatsword (Perfected Merciless Charge)"," ()","Cephaliarch's Flail","Quick Cloak","Camouflaged Hunter","Killer's Blade","Exhausting Fatecarver","Soul Harvest","Stampede","Flames of Oblivion","Inspired Scholarship","Molten Whip","Venomous Claw","Standard of Might"
"Aetherian Archive","The Mage","https://www.esologs.com/reports/A4FvRHM2fpka8jd7#fight=34&type=summary&source=12","@kevkj","Geega Verhan av'Hel","ardent-ass-herald-deadly-strike-perfected-slivers-of-the-null-arca","dps","Ardent","Ass","Herald","Perfected Slivers of the Null Arca","Deadly Strike","144062.7","10283.1","29.3","144062.7 DPS","The Thief","Perfected Null Arca Helmet (Perfected Slivers of the Null Arca)","Perfected Null Arca Jack (Perfected Slivers of the Null Arca)","Zaan Epaulets (Zaan)","Deadly Bracers (Deadly Strike)","","Perfected Null Arca Guards (Perfected Slivers of the Null Arca)","Deadly Boots (Deadly Strike)","","Perfected Null Arca Ring (Perfected Slivers of the Null Arca)","Perfected Null Arca Ring (Perfected Slivers of the Null Arca)","Deadly Dagger (Deadly Strike)","Deadly Dagger (Deadly Strike)","The Maelstrom's Perfected Inferno Staff (Perfected Crushing Wall)"," ()","Quick Cloak","Cephaliarch's Flail","Pragmatic Fatecarver","Venomous Claw","Camouflaged Hunter","Soul Harvest","Elemental Blockade","Inspired Scholarship","Flames of Oblivion","Fulminating Rune","Molten Whip","Standard of Might"
"Aetherian Archive","The Mage","https://www.esologs.com/reports/A4FvRHM2fpka8jd7#fight=34&type=summary&source=12","@Deano_316","Mr Starc","ardent-ass-herald-deadly-strike-perfected-slivers-of-the-null-arca","dps","Ardent","Ass","Herald","Perfected Slivers of the Null Arca","Deadly Strike","114452.7","4402.0","39.8","114452.7 DPS","","Slimecraw Mask (Slimecraw)","Perfected Null Arca Jack (Perfected Slivers of the Null Arca)","Deadly Arm Cops (Deadly Strike)","Perfected Null Arca Bracers (Perfected Slivers of the Null Arca)","","Perfected Null Arca Guards (Perfected Slivers of the Null Arca)","Perfected Null Arca Boots (Perfected Slivers of the Null Arca)","","Deadly Ring (Deadly Strike)","Deadly Ring (Deadly Strike)","Deadly Dagger (Deadly Strike)","Deadly Dagger (Deadly Strike)","The Maelstrom's Perfected Greatsword (Perfected Merciless Charge)"," ()","Exhausting Fatecarver","Killer's Blade","Cephaliarch's Flail","Quick Cloak","Camouflaged Hunter","Soul Harvest","Inspired Scholarship","Flames of Oblivion","Venomous Claw","Stampede","Molten Whip","Standard of Might"
"Aetherian Archive","The Mage","https://www.esologs.com/reports/A4FvRHM2fpka8jd7#fight=34&type=summary&source=4","@SirPugglesworth","Cthulhu Fhtagn R'lyeh","ardent-ass-herald-deadly-strike-perfected-slivers-of-the-null-arca","dps","Ardent","Ass","Herald","Perfected Slivers of the Null Arca","Deadly Strike","115839.2","5009.3","40.4","115839.2 DPS","","Slimecraw Mask (Slimecraw)","Perfected Null Arca Jack (Perfected Slivers of the Null Arca)","Deadly Arm Cops (Deadly Strike)","Perfected Null Arca Bracers (Perfected Slivers of the Null Arca)","","Perfected Null Arca Guards (Perfected Slivers of the Null Arca)","Perfected Null Arca Boots (Perfected Slivers of the Null Arca)","","Deadly Ring (Deadly Strike)","Deadly Ring (Deadly Strike)","Deadly Dagger (Deadly Strike)","Deadly Dagger (Deadly Strike)","The Maelstrom's Perfected Greatsword (Perfected Merciless Charge)"," ()","Cephaliarch's Flail","Pragmatic Fatecarver","Killer's Blade","Quick Cloak","Relentless Focus","Soul Harvest","Venomous Claw","Stampede","Inspired Scholarship","Flames of Oblivion","Molten Whip","Standard of Might"
"Aetherian Archive","The Mage","https://www.esologs.com/reports/A4FvRHM2fpka8jd7#fight=34&type=summary&source=11","@Fixed_Nick","Aegnör","ardent-ass-herald-deadly-strike-perfected-slivers-of-the-null-arca","dps","Ardent","Ass","Herald","Perfected Slivers of the Null Arca","Deadly Strike","114841.5","6233.7","30.3","114841.5 DPS","","Slimecraw Guise (Slimecraw)","Perfected Null Arca Jack (Perfected Slivers of the Null Arca)","Deadly Arm Cops (Deadly Strike)","Perfected Null Arca Bracers (Perfected Slivers of the Null Arca)","","Perfected Null Arca Guards (Perfected Slivers of the Null Arca)","Perfected Null Arca Boots (Perfected Slivers of the Null Arca)","","Deadly Ring (Deadly Strike)","Deadly Ring (Deadly Strike)","The Maelstrom's Perfected Greatsword (Perfected Merciless Charge)"," ()","Deadly Dagger (Deadly Strike)","Deadly Dagger (Deadly Strike)","Engulfing Flames","Stampede","Inspired Scholarship","Venomous Claw","Molten Whip","Standard of Might","Cephaliarch's Flail","Pragmatic Fatecarver","Quick Cloak","Flames of Oblivion","Relentless Focus","Soul Harvest"
"Aetherian Archive","The Mage","https://www.esologs.com/reports/A4FvRHM2fpka8jd7#fight=34&type=summary&source=5","@Longstriker","get dorito'd","ardent-ass-herald-deadly-strike-perfected-slivers-of-the-null-arca","dps","Ardent","Ass","Herald","Perfected Slivers of the Null Arca","Deadly Strike","129903.5","8811.2","38.6","129903.5 DPS","","Slimecraw Mask (Slimecraw)","Perfected Null Arca Jack (Perfected Slivers of the Null Arca)","Deadly Arm Cops (Deadly Strike)","Perfected Null Arca Bracers (Perfected Slivers of the Null Arca)","","Perfected Null Arca Guards (Perfected Slivers of the Null Arca)","Perfected Null Arca Boots (Perfected Slivers of the Null Arca)","","Deadly Ring (Deadly Strike)","Deadly Ring (Deadly Strike)","Deadly Dagger (Deadly Strike)","Deadly Dagger (Deadly Strike)","The Maelstrom's Perfected Greatsword (Perfected Merciless Charge)"," ()","Camouflaged Hunter","Cephaliarch's Flail","Pragmatic Fatecarver","Quick Cloak","Killer's Blade","Incapacitating Strike","Stampede","Venomous Claw","Inspired Scholarship","Molten Whip","Flames of Oblivion","Standard of Might"
"Aetherian Archive","The Mage","https://www.esologs.com/reports/A4FvRHM2fpka8jd7#fight=34&type=summary&source=1","@bleakirl","Warfaerin","ardent-ass-herald-deadly-strike-perfected-slivers-of-the-null-arca","dps","Ardent","Ass","Herald","Deadly Strike","Perfected Slivers of the Null Arca","133924.9","8029.6","43.8","133924.9 DPS","","Deadly Helmet (Deadly Strike)","Perfected Null Arca Jack (Perfected Slivers of the Null Arca)","Slimecraw Epaulets (Slimecraw)","Perfected Null Arca Bracers (Perfected Slivers of the Null Arca)","","Perfected Null Arca Guards (Perfected Slivers of the Null Arca)","Perfected Null Arca Boots (Perfected Slivers of the Null Arca)","","Deadly Ring (Deadly Strike)","Deadly Ring (Deadly Strike)","Deadly Dagger (Deadly Strike)","Deadly Dagger (Deadly Strike)","The Maelstrom's Perfected Greatsword (Perfected Merciless Charge)"," ()","Quick Cloak","Cephaliarch's Flail","Killer's Blade","Pragmatic Fatecarver","Camouflaged Hunter","Soul Harvest","Inspired Scholarship","Stampede","Flames of Oblivion","Venomous Claw","Molten Whip","Standard of Might"
"Aetherian Archive","The Mage","https://www.esologs.com/reports/A4FvRHM2fpka8jd7#fight=34&type=summary&source=9","@McFilthy","Sir Woody The Wood Elf","ardent-ass-herald-deadly-strike-perfected-slivers-of-the-null-arca","dps","Ardent","Ass","Herald","Deadly Strike","Perfected Slivers of the Null Arca","100897.8","2579.8","31.1","100897.8 DPS","","Deadly Helmet (Deadly Strike)","Perfected Null Arca Jack (Perfected Slivers of the Null Arca)","Slimecraw Arm Cops (Slimecraw)","Perfected Null Arca Bracers (Perfected Slivers of the Null Arca)","","Perfected Null Arca Guards (Perfected Slivers of the Null Arca)","Perfected Null Arca Boots (Perfected Slivers of the Null Arca)","","Deadly Ring (Deadly Strike)","Deadly Ring (Deadly Strike)","Deadly Dagger (Deadly Strike)","Deadly Dagger (Deadly Strike)","The Maelstrom's Greatsword (Merciless Charge)"," ()","Cephaliarch's Flail","Pragmatic Fatecarver","Quick Cloak","Flames of Oblivion","Barbed Trap","Incapacitating Strike","Stampede","Engulfing Flames","Venomous Claw","Inspired Scholarship","Molten Whip","Standard of Might"
"Aetherian Archive","The Mage","https://www.esologs.com/reports/GwXQJAfCN6cYD712#fight=10&type=summary&source=9","@lina_inverse972","Heavenly-Scripture-Slap","ardent-ass-herald-aegis-caller-perfected-slivers-of-the-null-arca","dps","Ardent","Ass","Herald","Perfected Slivers of the Null Arca","Aegis Caller","134210.3","7376.1","63.9","134210.3 DPS","","Slimecraw Mask (Slimecraw)","Perfected Null Arca Jack (Perfected Slivers of the Null Arca)","Aegis Caller's Arm Cops (Aegis Caller)","Perfected Null Arca Bracers (Perfected Slivers of the Null Arca)","","Perfected Null Arca Guards (Perfected Slivers of the Null Arca)","Perfected Null Arca Boots (Perfected Slivers of the Null Arca)","","Aegis Caller's Ring (Aegis Caller)","Aegis Caller's Ring (Aegis Caller)","Aegis Caller's Dagger (Aegis Caller)","Aegis Caller's Dagger (Aegis Caller)","The Maelstrom's Perfected Greatsword (Perfected Merciless Charge)"," ()","Tentacular Dread","Merciless Resolve","Escalating Runeblades","Killer's Blade","Barbed Trap","Incapacitating Strike","Stampede","Venomous Claw","Flames of Oblivion","Molten Whip","Inspired Scholarship","Standard of Might"
"Aetherian Archive","The Mage","https://www.esologs.com/reports/GwXQJAfCN6cYD712#fight=10&type=summary&source=12","@Kaus-sirrah","Elon Cruxk","ardent-ass-herald-aegis-caller-perfected-slivers-of-the-null-arca","dps","Ardent","Ass","Herald","Perfected Slivers of the Null Arca","Aegis Caller","119823.2","7236.4","69.9","119823.2 DPS","","Perfected Null Arca Helmet (Perfected Slivers of the Null Arca)","Perfected Null Arca Jack (Perfected Slivers of the Null Arca)","Slimecraw Arm Cops (Slimecraw)","Perfected Null Arca Bracers (Perfected Slivers of the Null Arca)","","Perfected Null Arca Guards (Perfected Slivers of the Null Arca)","Perfected Null Arca Boots (Perfected Slivers of the Null Arca)","","Aegis Caller's Ring (Aegis Caller)","Aegis Caller's Ring (Aegis Caller)","Aegis Caller's Dagger (Aegis Caller)","Aegis Caller's Dagger (Aegis Caller)","The Maelstrom's Perfected Greatsword (Perfected Merciless Charge)"," ()","Killer's Blade","Escalating Runeblades","Tentacular Dread","Barbed Trap","Relentless Focus","Incapacitating Strike","Resolving Vigor","Inspired Scholarship","Molten Whip","Stampede","Flames of Oblivion","Standard of Might"
"Aetherian Archive","The Mage","https://www.esologs.com/reports/GwXQJAfCN6cYD712#fight=10&type=summary&source=7","@Rayba-Sama","Rayba","ardent-ass-herald-aegis-caller-perfected-slivers-of-the-null-arca","dps","Ardent","Ass","Herald","Perfected Slivers of the Null Arca","Aegis Caller","130176.9","8896.4","70.4","130176.9 DPS","","Slimecraw Guise (Slimecraw)","Perfected Null Arca Jack (Perfected Slivers of the Null Arca)","Perfected Null Arca Arm Cops (Perfected Slivers of the Null Arca)","Perfected Null Arca Bracers (Perfected Slivers of the Null Arca)","","Perfected Null Arca Guards (Perfected Slivers of the Null Arca)","Aegis Caller's Boots (Aegis Caller)","","Aegis Caller's Ring (Aegis Caller)","Aegis Caller's Ring (Aegis Caller)","Aegis Caller's Dagger (Aegis Caller)","Aegis Caller's Dagger (Aegis Caller)","The Maelstrom's Perfected Greatsword (Perfected Merciless Charge)"," ()","Killer's Blade","Escalating Runeblades","Tentacular Dread","Barbed Trap","Merciless Resolve","Soul Harvest","Inspired Scholarship","Stampede","Venomous Claw","Molten Whip","Flames of Oblivion","Standard of Might"
"Aetherian Archive","The Mage","https://www.esologs.com/reports/GwXQJAfCN6cYD712#fight=10&type=summary&source=4","@Croa","Croa","ardent-ass-herald-aegis-caller-perfected-slivers-of-the-null-arca","dps","Ardent","Ass","Herald","Perfected Slivers of the Null Arca","Aegis Caller","131322.9","3838.6","59.4","131322.9 DPS","","Iceheart Guise (Iceheart)","Perfected Null Arca Jack (Perfected Slivers of the Null Arca)","Perfected Null Arca Arm Cops (Perfected Slivers of the Null Arca)","Aegis Caller's Bracers (Aegis Caller)","","Perfected Null Arca Guards (Perfected Slivers of the Null Arca)","Perfected Null Arca Boots (Perfected Slivers of the Null Arca)","","Aegis Caller's Ring (Aegis Caller)","Aegis Caller's Ring (Aegis Caller)","Aegis Caller's Dagger (Aegis Caller)","Aegis Caller's Dagger (Aegis Caller)","The Maelstrom's Perfected Greatsword (Perfected Merciless Charge)"," ()","Escalating Runeblades","Relentless Focus","Tentacular Dread","Barbed Trap","Killer's Blade","Soul Harvest","Stampede","Flames of Oblivion","Venomous Claw","Inspired Scholarship","Molten Whip","Standard of Might"
"Aetherian Archive","The Mage","https://www.esologs.com/reports/GwXQJAfCN6cYD712#fight=10&type=summary&source=2","@panstone","B'algruuf-The-G'reater","ardent-ass-herald-aegis-caller-perfected-slivers-of-the-null-arca","dps","Ardent","Ass","Herald","Aegis Caller","Perfected Slivers of the Null Arca","161057.4","9805.9","56.7","161057.4 DPS","The Thief","Nerien'eth Mask (Nerien'eth)","Perfected Null Arca Jack (Perfected Slivers of the Null Arca)","Nerien'eth Epaulets (Nerien'eth)","Perfected Null Arca Bracers (Perfected Slivers of the Null Arca)","","Aegis Caller's Guards (Aegis Caller)","Perfected Null Arca Boots (Perfected Slivers of the Null Arca)","","Aegis Caller's Ring (Aegis Caller)","Aegis Caller's Ring (Aegis Caller)","Aegis Caller's Dagger (Aegis Caller)","Aegis Caller's Dagger (Aegis Caller)","The Maelstrom's Perfected Greatsword (Perfected Merciless Charge)"," ()","Barbed Trap","Escalating Runeblades","Tentacular Dread","Killer's Blade","Merciless Resolve","Incapacitating Strike","Stampede","Venomous Claw","Flames of Oblivion","Inspired Scholarship","Molten Whip","Standard of Might"
"Aetherian Archive","The Mage","https://www.esologs.com/reports/GwXQJAfCN6cYD712#fight=10&type=summary&source=11","@Crocoenjoyer","Melevolencine","earthen-grave-winter-perfected-saxhleel-champion-powerful-assault","tank","Earthen","Winter","Grave","Perfected Saxhleel Champion","Powerful Assault","11008.9","4689.9","52.5","52.5 CPM","The Atronach","Baron Zaudrus Guise (Baron Zaudrus)","Saxhleel Champion's Perfected Cuirass (Perfected Saxhleel Champion)","Baron Zaudrus Arm Cops (Baron Zaudrus)","Saxhleel Champion's Perfected Gauntlets (Perfected Saxhleel Champion)","","Saxhleel Champion's Perfected Greaves (Perfected Saxhleel Champion)","Saxhleel Champion's Perfected Sabatons (Perfected Saxhleel Champion)","","Ring of the Powerful Assault (Powerful Assault)","Ring of the Powerful Assault (Powerful Assault)","Ice Staff of the Powerful Assault (Powerful Assault)"," ()","The Maelstrom's Perfected Ice Staff (Perfected Crushing Wall)"," ()","Inner Rage","Magical Trample","Polar Wind","Stone Giant","Fragmented Shield","Replenishing Barrier","Leashing Soul","Elemental Susceptibility","Elemental Blockade","Ulfsild's Contingency","Expansive Frost Cloak","Glacial Colossus"
"Aetherian Archive","The Mage","https://www.esologs.com/reports/GwXQJAfCN6cYD712#fight=10&type=summary&source=4","@Ginga453","Ginger Tanks","earthen-grave-winter-perfected-saxhleel-champion-powerful-assault","tank","Earthen","Winter","Grave","Perfected Saxhleel Champion","Powerful Assault","9545.2","13512.4","45.9","45.9 CPM","","Baron Zaudrus Guise (Baron Zaudrus)","Saxhleel Champion's Cuirass (Saxhleel Champion)","Spaulder of Ruin (Spaulder of Ruin)","Saxhleel Champion's Perfected Gauntlets (Perfected Saxhleel Champion)","","Saxhleel Champion's Perfected Greaves (Perfected Saxhleel Champion)","Saxhleel Champion's Perfected Sabatons (Perfected Saxhleel Champion)","","Ring of the Powerful Assault (Powerful Assault)","Ring of the Powerful Assault (Powerful Assault)","Dagger of the Trainee (Armor of the Trainee)","Druid's Shield (Druid's Braid)","Ice Staff of the Powerful Assault (Powerful Assault)"," ()","Warding Contingency (Gladiator's Tenacity / Resolve)","Unnerving Boneyard","Igneous Shield","Inner Fire","Expansive Frost Cloak","Replenishing Barrier","Blockade of Frost","Leashing Soul (Druid's Resurgence / Cowardice)","Charging Maneuver","Echoing Vigor","Pulsar","Glacial Colossus"
"Aetherian Archive","The Mage","https://www.esologs.com/reports/xnc2YzdhWBLTMaA4#fight=10&type=summary&source=6","@AlbedoSama","Layuumi","daedric-dawn-resto-jorvulds-guidance-roaring-opportunist","healer","Daedric","Dawn","Resto","Jorvuld's Guidance","Roaring Opportunist","13225.9","89321.3","55.9","89321.3 HPS","","Symphony of Blades Guise (Symphony of Blades)","Jorvuld's Guidance Robe (Jorvuld's Guidance)","Symphony of Blades Arm Cops (Symphony of Blades)","Jorvuld's Guidance Gloves (Jorvuld's Guidance)","","Jorvuld's Guidance Breeches (Jorvuld's Guidance)","Jorvuld's Guidance Shoes (Jorvuld's Guidance)","","Roaring Opportunist's Ring (Roaring Opportunist)","Roaring Opportunist's Ring (Roaring Opportunist)","The Master's Restoration Staff (Grand Rejuvenation)"," ()","Roaring Opportunist's Lightning Staff (Roaring Opportunist)"," ()","Combat Prayer","Radiating Regeneration","Summon Twilight Matriarch","Illustrious Healing","Purifying Light","Reviving Barrier","Energy Orb","Unstable Wall of Elements","Summon Twilight Matriarch","Extended Ritual","Overflowing Altar","Aggressive Horn"
"Aetherian Archive","The Mage","https://www.esologs.com/reports/xnc2YzdhWBLTMaA4#fight=10&type=summary&source=7","@Kyushkin","Lyubopitiy-Zmei","green-living-siphon-perfected-pillagers-profit-spell-power-cure","healer","Siphon","Green","Living","Spell Power Cure","Perfected Pillager's Profit","7104.7","93306.7","53.3","93306.7 HPS","","Ozezan the Inferno's Guise (Ozezan the Inferno)","Spell Power Cure Robe (Spell Power Cure)","Ozezan the Inferno's Epaulets (Ozezan the Inferno)","Spell Power Cure Gloves (Spell Power Cure)","","Spell Power Cure Breeches (Spell Power Cure)","Shoes of the Trainee (Armor of the Trainee)","","Perfected Pillager's Band (Perfected Pillager's Profit)","Perfected Pillager's Band (Perfected Pillager's Profit)","Spell Power Cure Restoration Staff (Spell Power Cure)"," ()","Perfected Pillager's Lightning Staff (Perfected Pillager's Profit)"," ()","Radiating Regeneration","Combat Prayer","Braided Tether","Echoing Vigor","Energy Orb","Shooting Star","Blockade of Storms","Overflowing Altar","Budding Seeds","Intensive Mender","Siphoning Attacks","Reviving Barrier"
"Aetherian Archive","Trash Builds","https://www.esologs.com/reports/GwXQJAfCN6cYD712#fight=7&type=summary&source=10","@NeverKillMePleb","Mein Zeh Tut Weh","ardent-ass-herald-deadly-strike-perfected-sul-xans-torment","dps","Ardent","Ass","Herald","Perfected Sul-Xan's Torment","Deadly Strike","37403.4","1935.6","54.0","37403.4 DPS","","Valkyn Skoria Guise (Valkyn Skoria)","Perfected Jack of Sul-Xan's Torment (Perfected Sul-Xan's Torment)","Deadly Arm Cops (Deadly Strike)","Perfected Bracers of Sul-Xan's Torment (Perfected Sul-Xan's Torment)","","Perfected Guards of Sul-Xan's Torment (Perfected Sul-Xan's Torment)","Perfected Boots of Sul-Xan's Torment (Perfected Sul-Xan's Torment)","","Deadly Ring (Deadly Strike)","Deadly Ring (Deadly Strike)","Deadly Dagger (Deadly Strike)","Deadly Dagger (Deadly Strike)","The Maelstrom's Perfected Inferno Staff (Perfected Crushing Wall)"," ()","Merciless Resolve","Escalating Runeblades","Pragmatic Fatecarver","Quick Cloak","Camouflaged Hunter","Incapacitating Strike","Anti-Cavalry Caltrops","Flames of Oblivion","Elemental Blockade","Inspired Scholarship","Camouflaged Hunter","The Languid Eye"
"Aetherian Archive","Trash Builds","https://www.esologs.com/reports/GwXQJAfCN6cYD712#fight=7&type=summary&source=10","@Magma9783","Taterheadbam","ardent-ass-herald-deadly-strike-perfected-sul-xans-torment","dps","Ardent","Ass","Herald","Perfected Sul-Xan's Torment","Deadly Strike","77072.6","1169.3","57.2","77072.6 DPS","","Slimecraw Guise (Slimecraw)","Perfected Jack of Sul-Xan's Torment (Perfected Sul-Xan's Torment)","Deadly Arm Cops (Deadly Strike)","Perfected Bracers of Sul-Xan's Torment (Perfected Sul-Xan's Torment)","","Perfected Guards of Sul-Xan's Torment (Perfected Sul-Xan's Torment)","Perfected Boots of Sul-Xan's Torment (Perfected Sul-Xan's Torment)","","Deadly Ring (Deadly Strike)","Deadly Ring (Deadly Strike)","Deadly Dagger (Deadly Strike)","Deadly Dagger (Deadly Strike)","The Maelstrom's Inferno Staff (Crushing Wall)"," ()","Quick Cloak","Whirling Blades","Relentless Focus","Exhausting Fatecarver","Shattering Knife","Incapacitating Strike","Proximity Detonation","Flames of Oblivion","Ulfsild's Contingency","Inspired Scholarship","Elemental Blockade","Elemental Rage"
"Aetherian Archive","Trash Builds","https://www.esologs.com/reports/GwXQJAfCN6cYD712#fight=7&type=summary&source=138","@ImNotBrick","Idk at this point","ardent-ass-herald-deadly-strike-perfected-sul-xans-torment","dps","Ardent","Ass","Herald","Perfected Sul-Xan's Torment","Deadly Strike","111030.7","4553.2","46.2","111030.7 DPS","","Slimecraw Mask (Slimecraw)","Perfected Jack of Sul-Xan's Torment (Perfected Sul-Xan's Torment)","Deadly Arm Cops (Deadly Strike)","Perfected Bracers of Sul-Xan's Torment (Perfected Sul-Xan's Torment)","","Perfected Guards of Sul-Xan's Torment (Perfected Sul-Xan's Torment)","Perfected Boots of Sul-Xan's Torment (Perfected Sul-Xan's Torment)","","Deadly Ring (Deadly Strike)","Deadly Ring (Deadly Strike)","Deadly Dagger (Deadly Strike)","Deadly Dagger (Deadly Strike)","The Maelstrom's Perfected Inferno Staff (Perfected Crushing Wall)"," ()","Cephaliarch's Flail","Quick Cloak","Camouflaged Hunter","Killer's Blade","Exhausting Fatecarver","Soul Harvest","Anti-Cavalry Caltrops","Elemental Blockade","Inspired Scholarship","Sundering Trample","Flames of Oblivion","Standard of Might"
"Aetherian Archive","Trash Builds","https://www.esologs.com/reports/GwXQJAfCN6cYD712#fight=7&type=summary&source=12","@Diocliate","You Shall not Pärse","ardent-ass-herald-deadly-strike-perfected-sul-xans-torment","dps","Ardent","Ass","Herald","Deadly Strike","Perfected Sul-Xan's Torment","97282.4","1986.4","59.4","97282.4 DPS","","Deadly Helmet (Deadly Strike)","Deadly Jack (Deadly Strike)","Slimecraw Epaulets (Slimecraw)","Deadly Bracers (Deadly Strike)","","Deadly Guards (Deadly Strike)","Deadly Boots (Deadly Strike)","","Perfected Ring of Sul-Xan's Torment (Perfected Sul-Xan's Torment)","Perfected Ring of Sul-Xan's Torment (Perfected Sul-Xan's Torment)","Perfected Dagger of Sul-Xan's Torment (Perfected Sul-Xan's Torment)","Perfected Dagger of Sul-Xan's Torment (Perfected Sul-Xan's Torment)","The Maelstrom's Perfected Inferno Staff (Perfected Crushing Wall)"," ()","Quick Cloak","Merciless Resolve","Escalating Runeblades","Exhausting Fatecarver","Killer's Blade","Incapacitating Strike","Elemental Blockade","Proximity Detonation","Inspired Scholarship","Reaper's Mark","Flames of Oblivion","Elemental Rage"
"Aetherian Archive","Trash Builds","https://www.esologs.com/reports/GwXQJAfCN6cYD712#fight=7&type=summary&source=10","@Magma9783","Taterheadbam","ardent-ass-herald-deadly-strike-perfected-sul-xans-torment","dps","Ardent","Ass","Herald","Perfected Sul-Xan's Torment","Deadly Strike","23166.8","6350.7","56.0","23166.8 DPS","","Slimecraw Guise (Slimecraw)","Perfected Jack of Sul-Xan's Torment (Perfected Sul-Xan's Torment)","Deadly Arm Cops (Deadly Strike)","Perfected Bracers of Sul-Xan's Torment (Perfected Sul-Xan's Torment)","","Perfected Guards of Sul-Xan's Torment (Perfected Sul-Xan's Torment)","Perfected Boots of Sul-Xan's Torment (Perfected Sul-Xan's Torment)","","Deadly Ring (Deadly Strike)","Deadly Ring (Deadly Strike)","Deadly Dagger (Deadly Strike)","Deadly Dagger (Deadly Strike)","The Maelstrom's Inferno Staff (Crushing Wall)"," ()","Leashing Soul","Whirling Blades","Relentless Focus","Exhausting Fatecarver","Shattering Knife","Incapacitating Strike","Proximity Detonation","Flames of Oblivion","Echoing Vigor","Inspired Scholarship","Elemental Blockade","Elemental Rage"
"Aetherian Archive","Trash Builds","https://www.esologs.com/reports/GwXQJAfCN6cYD712#fight=7&type=summary&source=138","@ImNotBrick","Idk at this point","ardent-ass-herald-deadly-strike-perfected-sul-xans-torment","dps","Ardent","Ass","Herald","Perfected Sul-Xan's Torment","Deadly Strike","41238.6","1781.5","28.0","41238.6 DPS","","Slimecraw Mask (Slimecraw)","Perfected Jack of Sul-Xan's Torment (Perfected Sul-Xan's Torment)","Deadly Arm Cops (Deadly Strike)","Perfected Bracers of Sul-Xan's Torment (Perfected Sul-Xan's Torment)","","Perfected Guards of Sul-Xan's Torment (Perfected Sul-Xan's Torment)","Perfected Boots of Sul-Xan's Torment (Perfected Sul-Xan's Torment)","","Deadly Ring (Deadly Strike)","Deadly Ring (Deadly Strike)","Deadly Dagger (Deadly Strike)","Deadly Dagger (Deadly Strike)","The Maelstrom's Perfected Inferno Staff (Perfected Crushing Wall)"," ()","Cephaliarch's Flail","Quick Cloak","Camouflaged Hunter","Killer's Blade","Exhausting Fatecarver","Soul Harvest","Anti-Cavalry Caltrops","Elemental Blockade","Inspired Scholarship","Sundering Trample","Flames of Oblivion","Standard of Might"
"Aetherian Archive","Trash Builds","https://www.esologs.com/reports/GwXQJAfCN6cYD712#fight=7&type=summary&source=12","@Diocliate","You Shall not Pärse","ardent-ass-herald-deadly-strike-perfected-sul-xans-torment","dps","Ardent","Ass","Herald","Deadly Strike","Perfected Sul-Xan's Torment","73120.2","1846.9","50.4","73120.2 DPS","","Deadly Helmet (Deadly Strike)","Deadly Jack (Deadly Strike)","Slimecraw Epaulets (Slimecraw)","Deadly Bracers (Deadly Strike)","","Deadly Guards (Deadly Strike)","Deadly Boots (Deadly Strike)","","Perfected Ring of Sul-Xan's Torment (Perfected Sul-Xan's Torment)","Perfected Ring of Sul-Xan's Torment (Perfected Sul-Xan's Torment)","Perfected Dagger of Sul-Xan's Torment (Perfected Sul-Xan's Torment)","Perfected Dagger of Sul-Xan's Torment (Perfected Sul-Xan's Torment)","The Maelstrom's Perfected Inferno Staff (Perfected Crushing Wall)"," ()","Quick Cloak","Merciless Resolve","Escalating Runeblades","Exhausting Fatecarver","Killer's Blade","Incapacitating Strike","Elemental Blockade","Proximity Detonation","Inspired Scholarship","Reaper's Mark","Flames of Oblivion","Elemental Rage"
"Aetherian Archive","Trash Builds","https://www.esologs.com/reports/GwXQJAfCN6cYD712#fight=7&type=summary&source=3","@BooRadzz","Boo Rad","ardent-ass-herald-deadly-strike-perfected-sul-xans-torment","dps","Ardent","Ass","Herald","Perfected Sul-Xan's Torment","Deadly Strike","43295.2","2405.2","21.2","43295.2 DPS","","Slimecraw Guise (Slimecraw)","Perfected Jack of Sul-Xan's Torment (Perfected Sul-Xan's Torment)","Deadly Arm Cops (Deadly Strike)","Perfected Bracers of Sul-Xan's Torment (Perfected Sul-Xan's Torment)","","Perfected Guards of Sul-Xan's Torment (Perfected Sul-Xan's Torment)","Perfected Boots of Sul-Xan's Torment (Perfected Sul-Xan's Torment)","","Deadly Ring (Deadly Strike)","Deadly Ring (Deadly Strike)","Deadly Dagger (Deadly Strike)","Deadly Dagger (Deadly Strike)","The Maelstrom's Perfected Greatsword (Perfected Merciless Charge)"," ()","Cephaliarch's Flail","Quick Cloak","Pragmatic Fatecarver","Camouflaged Hunter","Venomous Claw","Incapacitating Strike","Flames of Oblivion","Magical Trample","Stampede","Molten Whip","Inspired Scholarship","Standard of Might"
"Aetherian Archive","Trash Builds","https://www.esologs.com/reports/GwXQJAfCN6cYD712#fight=7&type=summary&source=8","@MyMindInSin","Leads-To-Death","ardent-ass-herald-deadly-strike-perfected-sul-xans-torment","dps","Ardent","Ass","Herald","Deadly Strike","Perfected Sul-Xan's Torment","40838.3","7643.8","55.2","40838.3 DPS","","Deadly Helmet (Deadly Strike)","Perfected Jack of Sul-Xan's Torment (Perfected Sul-Xan's Torment)","Slimecraw Epaulets (Slimecraw)","Perfected Bracers of Sul-Xan's Torment (Perfected Sul-Xan's Torment)","","Perfected Guards of Sul-Xan's Torment (Perfected Sul-Xan's Torment)","Perfected Boots of Sul-Xan's Torment (Perfected Sul-Xan's Torment)","","Deadly Ring (Deadly Strike)","Deadly Ring (Deadly Strike)","Deadly Dagger (Deadly Strike)","Deadly axe (Deadly Strike)","The Maelstrom's Perfected Inferno Staff (Perfected Crushing Wall)"," ()","Tentacular Dread","Escalating Runeblades","Merciless Resolve","Camouflaged Hunter","Quick Cloak","Soul Harvest","Elemental Blockade","Fulminating Rune","Flames of Oblivion","Inspired Scholarship","Molten Whip","The Languid Eye"
"Aetherian Archive","Trash Builds","https://www.esologs.com/reports/GwXQJAfCN6cYD712#fight=7&type=summary&source=7","@SCOTTIS1011","Scottis Beamed me Twice","ardent-ass-herald-deadly-strike-perfected-sul-xans-torment","dps","Ardent","Ass","Herald","Perfected Sul-Xan's Torment","Deadly Strike","87233.0","3552.5","42.7","87233.0 DPS","","Valkyn Skoria Guise (Valkyn Skoria)","Perfected Jack of Sul-Xan's Torment (Perfected Sul-Xan's Torment)","Perfected Arm Cops of Sul-Xan's Torment (Perfected Sul-Xan's Torment)","Perfected Bracers of Sul-Xan's Torment (Perfected Sul-Xan's Torment)","","Deadly Guards (Deadly Strike)","Deadly Boots (Deadly Strike)","","Perfected Ring of Sul-Xan's Torment (Perfected Sul-Xan's Torment)","Perfected Ring of Sul-Xan's Torment (Perfected Sul-Xan's Torment)","Deadly Dagger (Deadly Strike)","Deadly Dagger (Deadly Strike)","The Maelstrom's Perfected Inferno Staff (Perfected Crushing Wall)"," ()","Pragmatic Fatecarver","Cephaliarch's Flail","Anti-Cavalry Caltrops","Quick Cloak","Camouflaged Hunter","Incapacitating Strike","Elemental Blockade","Inspired Scholarship","Engulfing Flames","Flames of Oblivion","Molten Whip","The Languid Eye"
"Aetherian Archive","Trash Builds","https://www.esologs.com/reports/GwXQJAfCN6cYD712#fight=7&type=summary&source=15","@C1arity","Definitely Not Ashur","ardent-ass-herald-deadly-strike-perfected-sul-xans-torment","dps","Ardent","Ass","Herald","Perfected Sul-Xan's Torment","Deadly Strike","107174.8","3006.3","24.1","107174.8 DPS","","Slimecraw Guise (Slimecraw)","Perfected Jack of Sul-Xan's Torment (Perfected Sul-Xan's Torment)","Deadly Arm Cops (Deadly Strike)","Perfected Bracers of Sul-Xan's Torment (Perfected Sul-Xan's Torment)","","Perfected Guards of Sul-Xan's Torment (Perfected Sul-Xan's Torment)","Perfected Boots of Sul-Xan's Torment (Perfected Sul-Xan's Torment)","","Deadly Ring (Deadly Strike)","Deadly Ring (Deadly Strike)","Deadly Dagger (Deadly Strike)","Deadly Dagger (Deadly Strike)","The Maelstrom's Perfected Inferno Staff (Perfected Crushing Wall)"," ()","Quick Cloak","Cephaliarch's Flail","Pragmatic Fatecarver","Camouflaged Hunter","Whirling Blades","Incapacitating Strike","Inspired Scholarship","Flames of Oblivion","Razor Caltrops","Elemental Blockade","Proximity Detonation","Elemental Rage"
"Aetherian Archive","Trash Builds","https://www.esologs.com/reports/GwXQJAfCN6cYD712#fight=7&type=summary&source=10","@PaganPandas","Tøästÿ Büns","ardent-ass-herald-deadly-strike-perfected-sul-xans-torment","dps","Ardent","Ass","Herald","Deadly Strike","Perfected Sul-Xan's Torment","112548.9","4330.1","46.4","112548.9 DPS","The Thief","Slimecraw Guise (Slimecraw)","Deadly Jack (Deadly Strike)","Perfected Arm Cops of Sul-Xan's Torment (Perfected Sul-Xan's Torment)","Deadly Bracers (Deadly Strike)","","Deadly Guards (Deadly Strike)","Deadly Boots (Deadly Strike)","","Perfected Ring of Sul-Xan's Torment (Perfected Sul-Xan's Torment)","Perfected Ring of Sul-Xan's Torment (Perfected Sul-Xan's Torment)","Perfected Dagger of Sul-Xan's Torment (Perfected Sul-Xan's Torment)","Perfected Dagger of Sul-Xan's Torment (Perfected Sul-Xan's Torment)","The Maelstrom's Perfected Inferno Staff (Perfected Crushing Wall)"," ()","Cephaliarch's Flail","Pragmatic Fatecarver","Whirling Blades","Quick Cloak","Camouflaged Hunter","Soul Harvest","Elemental Blockade","Anti-Cavalry Caltrops","Inspired Scholarship","Flames of Oblivion","Molten Whip","Elemental Rage"
"Aetherian Archive","Trash Builds","https://www.esologs.com/reports/GwXQJAfCN6cYD712#fight=7&type=summary&source=7","@SCOTTIS1011","Scottis Beamed me Twice","ardent-ass-herald-deadly-strike-perfected-sul-xans-torment","dps","Ardent","Ass","Herald","Perfected Sul-Xan's Torment","Deadly Strike","41979.8","2683.9","39.0","41979.8 DPS","","Valkyn Skoria Guise (Valkyn Skoria)","Perfected Jack of Sul-Xan's Torment (Perfected Sul-Xan's Torment)","Perfected Arm Cops of Sul-Xan's Torment (Perfected Sul-Xan's Torment)","Perfected Bracers of Sul-Xan's Torment (Perfected Sul-Xan's Torment)","","Deadly Guards (Deadly Strike)","Deadly Boots (Deadly Strike)","","Perfected Ring of Sul-Xan's Torment (Perfected Sul-Xan's Torment)","Perfected Ring of Sul-Xan's Torment (Perfected Sul-Xan's Torment)","Deadly Dagger (Deadly Strike)","Deadly Dagger (Deadly Strike)","The Maelstrom's Perfected Inferno Staff (Perfected Crushing Wall)"," ()","Pragmatic Fatecarver","Cephaliarch's Flail","Anti-Cavalry Caltrops","Quick Cloak","Camouflaged Hunter","Incapacitating Strike","Elemental Blockade","Inspired Scholarship","Engulfing Flames","Flames of Oblivion","Molten Whip","The Languid Eye"
"Aetherian Archive","Trash Builds","https://www.esologs.com/reports/GwXQJAfCN6cYD712#fight=7&type=summary&source=15","@C1arity","Definitely Not Ashur","ardent-ass-herald-deadly-strike-perfected-sul-xans-torment","dps","Ardent","Ass","Herald","Perfected Sul-Xan's Torment","Deadly Strike","33250.7","3118.9","24.2","33250.7 DPS","","Slimecraw Guise (Slimecraw)","Perfected Jack of Sul-Xan's Torment (Perfected Sul-Xan's Torment)","Deadly Arm Cops (Deadly Strike)","Perfected Bracers of Sul-Xan's Torment (Perfected Sul-Xan's Torment)","","Perfected Guards of Sul-Xan's Torment (Perfected Sul-Xan's Torment)","Perfected Boots of Sul-Xan's Torment (Perfected Sul-Xan's Torment)","","Deadly Ring (Deadly Strike)","Deadly Ring (Deadly Strike)","Deadly Dagger (Deadly Strike)","Deadly Dagger (Deadly Strike)","The Maelstrom's Perfected Inferno Staff (Perfected Crushing Wall)"," ()","Quick Cloak","Cephaliarch's Flail","Pragmatic Fatecarver","Camouflaged Hunter","Whirling Blades","Incapacitating Strike","Inspired Scholarship","Flames of Oblivion","Razor Caltrops","Elemental Blockade","Proximity Detonation","Elemental Rage"
"Aetherian Archive","Trash Builds","https://www.esologs.com/reports/GwXQJAfCN6cYD712#fight=7&type=summary&source=10","@PaganPandas","Tøästÿ Büns","ardent-ass-herald-deadly-strike-perfected-sul-xans-torment","dps","Ardent","Ass","Herald","Deadly Strike","Perfected Sul-Xan's Torment","40765.3","3630.6","23.2","40765.3 DPS","","Slimecraw Guise (Slimecraw)","Deadly Jack (Deadly Strike)","Perfected Arm Cops of Sul-Xan's Torment (Perfected Sul-Xan's Torment)","Deadly Bracers (Deadly Strike)","","Deadly Guards (Deadly Strike)","Deadly Boots (Deadly Strike)","","Perfected Ring of Sul-Xan's Torment (Perfected Sul-Xan's Torment)","Perfected Ring of Sul-Xan's Torment (Perfected Sul-Xan's Torment)","Perfected Dagger of Sul-Xan's Torment (Perfected Sul-Xan's Torment)","Perfected Dagger of Sul-Xan's Torment (Perfected Sul-Xan's Torment)","The Maelstrom's Perfected Inferno Staff (Perfected Crushing Wall)"," ()","Cephaliarch's Flail","Pragmatic Fatecarver","Whirling Blades","Quick Cloak","Camouflaged Hunter","Soul Harvest","Elemental Blockade","Anti-Cavalry Caltrops","Inspired Scholarship","Flames of Oblivion","Molten Whip","Elemental Rage"
"Aetherian Archive","Trash Builds","https://www.esologs.com/reports/GwXQJAfCN6cYD712#fight=7&type=summary&source=1","@bleakirl","Warfaerin","ardent-ass-herald-deadly-strike-perfected-sul-xans-torment","dps","Ardent","Ass","Herald","Deadly Strike","Perfected Sul-Xan's Torment","89432.1","2684.9","38.5","89432.1 DPS","","Deadly Helmet (Deadly Strike)","Perfected Jack of Sul-Xan's Torment (Perfected Sul-Xan's Torment)","Slimecraw Epaulets (Slimecraw)","Perfected Bracers of Sul-Xan's Torment (Perfected Sul-Xan's Torment)","","Perfected Guards of Sul-Xan's Torment (Perfected Sul-Xan's Torment)","Perfected Boots of Sul-Xan's Torment (Perfected Sul-Xan's Torment)","","Deadly Ring (Deadly Strike)","Deadly Ring (Deadly Strike)","Deadly Dagger (Deadly Strike)","Deadly Dagger (Deadly Strike)","The Maelstrom's Perfected Inferno Staff (Perfected Crushing Wall)"," ()","Quick Cloak","Cephaliarch's Flail","Whirling Blades","Pragmatic Fatecarver","Camouflaged Hunter","Soul Harvest","Inspired Scholarship","Blockade of Fire","Flames of Oblivion","Proximity Detonation","Concealed Weapon","Fiery Rage"
"Aetherian Archive","Trash Builds","https://www.esologs.com/reports/GwXQJAfCN6cYD712#fight=7&type=summary&source=3","@C1arity","Definitely Not Ashur","ardent-ass-herald-deadly-strike-perfected-sul-xans-torment","dps","Ardent","Ass","Herald","Perfected Sul-Xan's Torment","Deadly Strike","90616.7","2852.3","40.1","90616.7 DPS","","Slimecraw Guise (Slimecraw)","Perfected Jack of Sul-Xan's Torment (Perfected Sul-Xan's Torment)","Deadly Arm Cops (Deadly Strike)","Perfected Bracers of Sul-Xan's Torment (Perfected Sul-Xan's Torment)","","Perfected Guards of Sul-Xan's Torment (Perfected Sul-Xan's Torment)","Perfected Boots of Sul-Xan's Torment (Perfected Sul-Xan's Torment)","","Deadly Ring (Deadly Strike)","Deadly Ring (Deadly Strike)","Deadly Dagger (Deadly Strike)","Deadly Dagger (Deadly Strike)","The Maelstrom's Perfected Inferno Staff (Perfected Crushing Wall)"," ()","Quick Cloak","Cephaliarch's Flail","Pragmatic Fatecarver","Camouflaged Hunter","Noxious Breath","Incapacitating Strike","Inspired Scholarship","Flames of Oblivion","Razor Caltrops","Blockade of Fire","Proximity Detonation","Elemental Rage"
"Aetherian Archive","Trash Builds","https://www.esologs.com/reports/GwXQJAfCN6cYD712#fight=7&type=summary&source=1","@bleakirl","Warfaerin","ardent-ass-herald-deadly-strike-perfected-sul-xans-torment","dps","Ardent","Ass","Herald","Deadly Strike","Perfected Sul-Xan's Torment","50594.5","1775.6","44.7","50594.5 DPS","","Deadly Helmet (Deadly Strike)","Perfected Jack of Sul-Xan's Torment (Perfected Sul-Xan's Torment)","Slimecraw Epaulets (Slimecraw)","Perfected Bracers of Sul-Xan's Torment (Perfected Sul-Xan's Torment)","","Perfected Guards of Sul-Xan's Torment (Perfected Sul-Xan's Torment)","Perfected Boots of Sul-Xan's Torment (Perfected Sul-Xan's Torment)","","Deadly Ring (Deadly Strike)","Deadly Ring (Deadly Strike)","Deadly Dagger (Deadly Strike)","Deadly Dagger (Deadly Strike)","The Maelstrom's Perfected Inferno Staff (Perfected Crushing Wall)"," ()","Quick Cloak","Cephaliarch's Flail","Whirling Blades","Pragmatic Fatecarver","Camouflaged Hunter","Soul Harvest","Inspired Scholarship","Blockade of Fire","Flames of Oblivion","Proximity Detonation","Concealed Weapon","Fiery Rage"
"Aetherian Archive","Trash Builds","https://www.esologs.com/reports/GwXQJAfCN6cYD712#fight=7&type=summary&source=3","@C1arity","Definitely Not Ashur","ardent-ass-herald-deadly-strike-perfected-sul-xans-torment","dps","Ardent","Ass","Herald","Perfected Sul-Xan's Torment","Deadly Strike","68300.9","4901.2","48.5","68300.9 DPS","","Slimecraw Guise (Slimecraw)","Perfected Jack of Sul-Xan's Torment (Perfected Sul-Xan's Torment)","Deadly Arm Cops (Deadly Strike)","Perfected Bracers of Sul-Xan's Torment (Perfected Sul-Xan's Torment)","","Perfected Guards of Sul-Xan's Torment (Perfected Sul-Xan's Torment)","Perfected Boots of Sul-Xan's Torment (Perfected Sul-Xan's Torment)","","Deadly Ring (Deadly Strike)","Deadly Ring (Deadly Strike)","Deadly Dagger (Deadly Strike)","Deadly Dagger (Deadly Strike)","The Maelstrom's Perfected Inferno Staff (Perfected Crushing Wall)"," ()","Quick Cloak","Cephaliarch's Flail","Pragmatic Fatecarver","Camouflaged Hunter","Noxious Breath","Incapacitating Strike","Inspired Scholarship","Flames of Oblivion","Razor Caltrops","Blockade of Fire","Proximity Detonation","Elemental Rage"
"Aetherian Archive","Trash Builds","https://www.esologs.com/reports/GwXQJAfCN6cYD712#fight=5&type=summary&source=7","@Esstarossa","Estarossa Of Hate","ardent-ass-herald-perfected-sul-xans-torment-tide-born-wildstalker","dps","Ardent","Ass","Herald","Perfected Sul-Xan's Torment","Tide-Born Wildstalker","64140.4","1506.6","50.8","64140.4 DPS","","Slimecraw Mask (Slimecraw)","Perfected Jack of Sul-Xan's Torment (Perfected Sul-Xan's Torment)","Tide-Born Arm Cops (Tide-Born Wildstalker)","Perfected Bracers of Sul-Xan's Torment (Perfected Sul-Xan's Torment)","","Perfected Guards of Sul-Xan's Torment (Perfected Sul-Xan's Torment)","Perfected Boots of Sul-Xan's Torment (Perfected Sul-Xan's Torment)","","Tide-Born Ring (Tide-Born Wildstalker)","Tide-Born Ring (Tide-Born Wildstalker)","Tide-Born Dagger (Tide-Born Wildstalker)","Tide-Born Dagger (Tide-Born Wildstalker)","The Maelstrom's Inferno Staff (Crushing Wall)"," ()","Pragmatic Fatecarver","Escalating Runeblades","Camouflaged Hunter","Quick Cloak","Relentless Focus","Incapacitating Strike","Flames of Oblivion","Elemental Blockade","Molten Whip","Inspired Scholarship","Camouflaged Hunter","Elemental Rage"
"Aetherian Archive","Trash Builds","https://www.esologs.com/reports/GwXQJAfCN6cYD712#fight=5&type=summary&source=1","@yaasshaa","arcaeea","ardent-ass-herald-perfected-sul-xans-torment-tide-born-wildstalker","dps","Ardent","Ass","Herald","Perfected Sul-Xan's Torment","Tide-Born Wildstalker","93881.4","3233.8","45.9","93881.4 DPS","","Slimecraw Guise (Slimecraw)","Perfected Jack of Sul-Xan's Torment (Perfected Sul-Xan's Torment)","Tide-Born Arm Cops (Tide-Born Wildstalker)","Perfected Bracers of Sul-Xan's Torment (Perfected Sul-Xan's Torment)","","Perfected Guards of Sul-Xan's Torment (Perfected Sul-Xan's Torment)","Perfected Boots of Sul-Xan's Torment (Perfected Sul-Xan's Torment)","","Tide-Born Ring (Tide-Born Wildstalker)","Tide-Born Ring (Tide-Born Wildstalker)","Tide-Born Dagger (Tide-Born Wildstalker)","Tide-Born Dagger (Tide-Born Wildstalker)","The Maelstrom's Perfected Inferno Staff (Perfected Crushing Wall)"," ()","Quick Cloak","Relentless Focus","Pragmatic Fatecarver","Escalating Runeblades","Camouflaged Hunter","Soul Harvest","Inspired Scholarship","Flames of Oblivion","Blockade of Fire","Proximity Detonation","Molten Whip","Standard of Might"
"Aetherian Archive","Trash Builds","https://www.esologs.com/reports/GwXQJAfCN6cYD712#fight=5&type=summary&source=9","@lina_inverse972","Heavenly-Scripture-Slap","ardent-ass-herald-perfected-sul-xans-torment-tide-born-wildstalker","dps","Ardent","Ass","Herald","Tide-Born Wildstalker","Perfected Sul-Xan's Torment","77455.5","1815.4","47.6","77455.5 DPS","","Valkyn Skoria Guise (Valkyn Skoria)","Tide-Born Jack (Tide-Born Wildstalker)","Perfected Arm Cops of Sul-Xan's Torment (Perfected Sul-Xan's Torment)","Tide-Born Bracers (Tide-Born Wildstalker)","","Tide-Born Guards (Tide-Born Wildstalker)","Tide-Born Boots (Tide-Born Wildstalker)","","Perfected Ring of Sul-Xan's Torment (Perfected Sul-Xan's Torment)","Perfected Ring of Sul-Xan's Torment (Perfected Sul-Xan's Torment)","Perfected Dagger of Sul-Xan's Torment (Perfected Sul-Xan's Torment)","Perfected Dagger of Sul-Xan's Torment (Perfected Sul-Xan's Torment)","The Maelstrom's Perfected Inferno Staff (Perfected Crushing Wall)"," ()","Fatecarver","Tentacular Dread","Escalating Runeblades","Camouflaged Hunter","Quick Cloak","Incapacitating Strike","Elemental Blockade","Merciless Resolve","Flames of Oblivion","Sundering Trample","Inspired Scholarship","Elemental Rage"
"Aetherian Archive","Trash Builds","https://www.esologs.com/reports/GwXQJAfCN6cYD712#fight=5&type=summary&source=7","@Esstarossa","Estarossa Of Hate","ardent-ass-herald-perfected-sul-xans-torment-tide-born-wildstalker","dps","Ardent","Ass","Herald","Perfected Sul-Xan's Torment","Tide-Born Wildstalker","45426.5","1714.9","22.6","45426.5 DPS","","Slimecraw Mask (Slimecraw)","Perfected Jack of Sul-Xan's Torment (Perfected Sul-Xan's Torment)","Tide-Born Arm Cops (Tide-Born Wildstalker)","Perfected Bracers of Sul-Xan's Torment (Perfected Sul-Xan's Torment)","","Perfected Guards of Sul-Xan's Torment (Perfected Sul-Xan's Torment)","Perfected Boots of Sul-Xan's Torment (Perfected Sul-Xan's Torment)","","Tide-Born Ring (Tide-Born Wildstalker)","Tide-Born Ring (Tide-Born Wildstalker)","Tide-Born Dagger (Tide-Born Wildstalker)","Tide-Born Dagger (Tide-Born Wildstalker)","The Maelstrom's Inferno Staff (Crushing Wall)"," ()","Pragmatic Fatecarver","Escalating Runeblades","Camouflaged Hunter","Quick Cloak","Relentless Focus","Incapacitating Strike","Flames of Oblivion","Elemental Blockade","Molten Whip","Inspired Scholarship","Camouflaged Hunter","Elemental Rage"
"Aetherian Archive","Trash Builds","https://www.esologs.com/reports/GwXQJAfCN6cYD712#fight=5&type=summary&source=1","@yaasshaa","arcaeea","ardent-ass-herald-perfected-sul-xans-torment-tide-born-wildstalker","dps","Ardent","Ass","Herald","Perfected Sul-Xan's Torment","Tide-Born Wildstalker","65672.5","3680.2","61.6","65672.5 DPS","","Slimecraw Guise (Slimecraw)","Perfected Jack of Sul-Xan's Torment (Perfected Sul-Xan's Torment)","Tide-Born Arm Cops (Tide-Born Wildstalker)","Perfected Bracers of Sul-Xan's Torment (Perfected Sul-Xan's Torment)","","Perfected Guards of Sul-Xan's Torment (Perfected Sul-Xan's Torment)","Perfected Boots of Sul-Xan's Torment (Perfected Sul-Xan's Torment)","","Tide-Born Ring (Tide-Born Wildstalker)","Tide-Born Ring (Tide-Born Wildstalker)","Tide-Born Dagger (Tide-Born Wildstalker)","Tide-Born Dagger (Tide-Born Wildstalker)","The Maelstrom's Perfected Inferno Staff (Perfected Crushing Wall)"," ()","Quick Cloak","Relentless Focus","Pragmatic Fatecarver","Escalating Runeblades","Camouflaged Hunter","Soul Harvest","Inspired Scholarship","Flames of Oblivion","Blockade of Fire","Proximity Detonation","Molten Whip","Standard of Might"
"Aetherian Archive","Trash Builds","https://www.esologs.com/reports/GwXQJAfCN6cYD712#fight=5&type=summary&source=9","@lina_inverse972","Heavenly-Scripture-Slap","ardent-ass-herald-perfected-sul-xans-torment-tide-born-wildstalker","dps","Ardent","Ass","Herald","Tide-Born Wildstalker","Perfected Sul-Xan's Torment","48466.3","1496.6","45.2","48466.3 DPS","","Valkyn Skoria Guise (Valkyn Skoria)","Tide-Born Jack (Tide-Born Wildstalker)","Perfected Arm Cops of Sul-Xan's Torment (Perfected Sul-Xan's Torment)","Tide-Born Bracers (Tide-Born Wildstalker)","","Tide-Born Guards (Tide-Born Wildstalker)","Tide-Born Boots (Tide-Born Wildstalker)","","Perfected Ring of Sul-Xan's Torment (Perfected Sul-Xan's Torment)","Perfected Ring of Sul-Xan's Torment (Perfected Sul-Xan's Torment)","Perfected Dagger of Sul-Xan's Torment (Perfected Sul-Xan's Torment)","Perfected Dagger of Sul-Xan's Torment (Perfected Sul-Xan's Torment)","The Maelstrom's Perfected Inferno Staff (Perfected Crushing Wall)"," ()","Fatecarver","Tentacular Dread","Escalating Runeblades","Camouflaged Hunter","Quick Cloak","Incapacitating Strike","Elemental Blockade","Merciless Resolve","Flames of Oblivion","Sundering Trample","Inspired Scholarship","Elemental Rage"
"Aetherian Archive","Trash Builds","https://www.esologs.com/reports/GwXQJAfCN6cYD712#fight=5&type=summary&source=12","@Kaus-sirrah","Elon Cruxk","ardent-ass-herald-perfected-sul-xans-torment-tide-born-wildstalker","dps","Ardent","Ass","Herald","Perfected Sul-Xan's Torment","Tide-Born Wildstalker","31895.3","2865.9","27.6","31895.3 DPS","","Slimecraw Mask (Slimecraw)","Perfected Jack of Sul-Xan's Torment (Perfected Sul-Xan's Torment)","Tide-Born Arm Cops (Tide-Born Wildstalker)","Perfected Bracers of Sul-Xan's Torment (Perfected Sul-Xan's Torment)","","Perfected Guards of Sul-Xan's Torment (Perfected Sul-Xan's Torment)","Perfected Boots of Sul-Xan's Torment (Perfected Sul-Xan's Torment)","","Tide-Born Ring (Tide-Born Wildstalker)","Tide-Born Ring (Tide-Born Wildstalker)","Tide-Born Dagger (Tide-Born Wildstalker)","Tide-Born Dagger (Tide-Born Wildstalker)","The Maelstrom's Perfected Inferno Staff (Perfected Crushing Wall)"," ()","Whirling Blades","Shattering Knife","Exhausting Fatecarver","Camouflaged Hunter","Relentless Focus","Incapacitating Strike","Proximity Detonation","Inspired Scholarship","Ulfsild's Contingency","Elemental Blockade","Flames of Oblivion","Elemental Rage"
"Aetherian Archive","Trash Builds","https://www.esologs.com/reports/GwXQJAfCN6cYD712#fight=5&type=summary&source=4","@TChewyT","Hello Amber","ardent-ass-herald-perfected-sul-xans-torment-tide-born-wildstalker","dps","Ardent","Ass","Herald","Tide-Born Wildstalker","Perfected Sul-Xan's Torment","126835.7","4661.8","87.0","126835.7 DPS","The Thief","Tide-Born Helmet (Tide-Born Wildstalker)","Perfected Jack of Sul-Xan's Torment (Perfected Sul-Xan's Torment)","Slimecraw Arm Cops (Slimecraw)","Perfected Bracers of Sul-Xan's Torment (Perfected Sul-Xan's Torment)","","Perfected Guards of Sul-Xan's Torment (Perfected Sul-Xan's Torment)","Perfected Boots of Sul-Xan's Torment (Perfected Sul-Xan's Torment)","","Tide-Born Ring (Tide-Born Wildstalker)","Tide-Born Ring (Tide-Born Wildstalker)","Tide-Born Dagger (Tide-Born Wildstalker)","Tide-Born Dagger (Tide-Born Wildstalker)","The Maelstrom's Perfected Inferno Staff (Perfected Crushing Wall)"," ()","Exhausting Fatecarver","Whirling Blades","Shattering Knife","Camouflaged Hunter","Merciless Resolve","Incapacitating Strike","Elemental Blockade","Sundering Trample","Proximity Detonation","Inspired Scholarship","Flames of Oblivion","Elemental Rage"
"Aetherian Archive","Trash Builds","https://www.esologs.com/reports/GwXQJAfCN6cYD712#fight=5&type=summary&source=4","@TChewyT","Hello Amber","ardent-ass-herald-perfected-sul-xans-torment-tide-born-wildstalker","dps","Ardent","Ass","Herald","Tide-Born Wildstalker","Perfected Sul-Xan's Torment","60756.8","5439.7","76.0","60756.8 DPS","","Tide-Born Helmet (Tide-Born Wildstalker)","Perfected Jack of Sul-Xan's Torment (Perfected Sul-Xan's Torment)","Slimecraw Arm Cops (Slimecraw)","Perfected Bracers of Sul-Xan's Torment (Perfected Sul-Xan's Torment)","","Perfected Guards of Sul-Xan's Torment (Perfected Sul-Xan's Torment)","Perfected Boots of Sul-Xan's Torment (Perfected Sul-Xan's Torment)","","Tide-Born Ring (Tide-Born Wildstalker)","Tide-Born Ring (Tide-Born Wildstalker)","Tide-Born Dagger (Tide-Born Wildstalker)","Tide-Born Dagger (Tide-Born Wildstalker)","The Maelstrom's Perfected Inferno Staff (Perfected Crushing Wall)"," ()","Exhausting Fatecarver","Whirling Blades","Shattering Knife","Camouflaged Hunter","Merciless Resolve","Incapacitating Strike","Elemental Blockade","Sundering Trample","Proximity Detonation","Inspired Scholarship","Flames of Oblivion","Elemental Rage"
"Aetherian Archive","Trash Builds","https://www.esologs.com/reports/GwXQJAfCN6cYD712#fight=5&type=summary&source=2","@knd775","Aldaryth Nilvra","ardent-ass-herald-perfected-sul-xans-torment-tide-born-wildstalker","dps","Ardent","Ass","Herald","Perfected Sul-Xan's Torment","Tide-Born Wildstalker","36590.1","3127.5","13.6","36590.1 DPS","","Slimecraw Guise (Slimecraw)","Perfected Jack of Sul-Xan's Torment (Perfected Sul-Xan's Torment)","Tide-Born Arm Cops (Tide-Born Wildstalker)","Perfected Bracers of Sul-Xan's Torment (Perfected Sul-Xan's Torment)","","Perfected Guards of Sul-Xan's Torment (Perfected Sul-Xan's Torment)","Perfected Boots of Sul-Xan's Torment (Perfected Sul-Xan's Torment)","","Tide-Born Ring (Tide-Born Wildstalker)","Tide-Born Ring (Tide-Born Wildstalker)","Tide-Born Dagger (Tide-Born Wildstalker)","Tide-Born Dagger (Tide-Born Wildstalker)","The Maelstrom's Inferno Staff (Crushing Wall)"," ()","Cephaliarch's Flail","Pragmatic Fatecarver","Quick Cloak","Engulfing Flames","Camouflaged Hunter","Soul Harvest","Elemental Blockade","Flames of Oblivion","Razor Caltrops","Inspired Scholarship","Molten Whip","The Languid Eye"
"Aetherian Archive","Trash Builds","https://www.esologs.com/reports/GwXQJAfCN6cYD712#fight=5&type=summary&source=5","@Samnons88","ggboysgg","ardent-ass-herald-perfected-sul-xans-torment-tide-born-wildstalker","dps","Ardent","Ass","Herald","Tide-Born Wildstalker","Perfected Sul-Xan's Torment","85157.3","5942.5","72.4","85157.3 DPS","","Slimecraw Mask (Slimecraw)","Tide-Born Jack (Tide-Born Wildstalker)","Perfected Arm Cops of Sul-Xan's Torment (Perfected Sul-Xan's Torment)","Tide-Born Bracers (Tide-Born Wildstalker)","","Tide-Born Guards (Tide-Born Wildstalker)","Tide-Born Boots (Tide-Born Wildstalker)","","Perfected Ring of Sul-Xan's Torment (Perfected Sul-Xan's Torment)","Perfected Ring of Sul-Xan's Torment (Perfected Sul-Xan's Torment)","Perfected Dagger of Sul-Xan's Torment (Perfected Sul-Xan's Torment)","Perfected Dagger of Sul-Xan's Torment (Perfected Sul-Xan's Torment)","The Maelstrom's Perfected Inferno Staff (Perfected Crushing Wall)"," ()","Pragmatic Fatecarver","Quick Cloak","Tentacular Dread","Escalating Runeblades","Relentless Focus","Incapacitating Strike","Elemental Blockade","Echoing Vigor","Noxious Breath","Inspired Scholarship","Flames of Oblivion","Elemental Rage"
"Aetherian Archive","Trash Builds","https://www.esologs.com/reports/GwXQJAfCN6cYD712#fight=5&type=summary&source=5","@Samnons88","ggboysgg","ardent-ass-herald-perfected-sul-xans-torment-tide-born-wildstalker","dps","Ardent","Ass","Herald","Tide-Born Wildstalker","Perfected Sul-Xan's Torment","31118.5","5659.0","82.2","31118.5 DPS","","Slimecraw Mask (Slimecraw)","Tide-Born Jack (Tide-Born Wildstalker)","Perfected Arm Cops of Sul-Xan's Torment (Perfected Sul-Xan's Torment)","Tide-Born Bracers (Tide-Born Wildstalker)","","Tide-Born Guards (Tide-Born Wildstalker)","Tide-Born Boots (Tide-Born Wildstalker)","","Perfected Ring of Sul-Xan's Torment (Perfected Sul-Xan's Torment)","Perfected Ring of Sul-Xan's Torment (Perfected Sul-Xan's Torment)","Perfected Dagger of Sul-Xan's Torment (Perfected Sul-Xan's Torment)","Perfected Dagger of Sul-Xan's Torment (Perfected Sul-Xan's Torment)","The Maelstrom's Perfected Inferno Staff (Perfected Crushing Wall)"," ()","Pragmatic Fatecarver","Quick Cloak","Tentacular Dread","Escalating Runeblades","Relentless Focus","Incapacitating Strike","Elemental Blockade","Echoing Vigor","Noxious Breath","Inspired Scholarship","Flames of Oblivion","Elemental Rage"
"Aetherian Archive","Trash Builds","https://www.esologs.com/reports/jcJ2T6AzNFVyYH7D#fight=7&type=summary&source=9","@OcelOgihci","Tazman le Bricoleur","ardent-ass-herald-perfected-slivers-of-the-null-arca-tide-born-wildstalker","dps","Ardent","Ass","Herald","Perfected Slivers of the Null Arca","Tide-Born Wildstalker","57034.3","2986.2","16.1","57034.3 DPS","","Slimecraw Guise (Slimecraw)","Perfected Null Arca Jack (Perfected Slivers of the Null Arca)","Tide-Born Arm Cops (Tide-Born Wildstalker)","Perfected Null Arca Bracers (Perfected Slivers of the Null Arca)","","Tide-Born Guards (Tide-Born Wildstalker)","Perfected Null Arca Boots (Perfected Slivers of the Null Arca)","","Perfected Null Arca Ring (Perfected Slivers of the Null Arca)","Perfected Null Arca Ring (Perfected Slivers of the Null Arca)","Tide-Born Dagger (Tide-Born Wildstalker)","Tide-Born Dagger (Tide-Born Wildstalker)","The Maelstrom's Perfected Greatsword (Perfected Merciless Charge)"," ()","Quick Cloak","Killer's Blade","Pragmatic Fatecarver","Cephaliarch's Flail","Merciless Resolve","Soul Harvest","Stampede","Venomous Claw","Inspired Scholarship","Molten Whip","Flames of Oblivion","Standard of Might"
"Aetherian Archive","Trash Builds","https://www.esologs.com/reports/jcJ2T6AzNFVyYH7D#fight=7&type=summary&source=11","@Hardardere","Zev Breminiev","ardent-ass-herald-perfected-slivers-of-the-null-arca-tide-born-wildstalker","dps","Ardent","Ass","Herald","Tide-Born Wildstalker","Perfected Slivers of the Null Arca","49362.7","2369.9","18.4","49362.7 DPS","","Slimecraw Guise (Slimecraw)","Tide-Born Jack (Tide-Born Wildstalker)","Perfected Null Arca Arm Cops (Perfected Slivers of the Null Arca)","Tide-Born Bracers (Tide-Born Wildstalker)","","Tide-Born Guards (Tide-Born Wildstalker)","Tide-Born Boots (Tide-Born Wildstalker)","","Perfected Null Arca Ring (Perfected Slivers of the Null Arca)","Perfected Null Arca Ring (Perfected Slivers of the Null Arca)","Perfected Null Arca Dagger (Perfected Slivers of the Null Arca)","Perfected Null Arca Dagger (Perfected Slivers of the Null Arca)","The Maelstrom's Perfected Greatsword (Perfected Merciless Charge)"," ()","Cephaliarch's Flail","Pragmatic Fatecarver","Killer's Blade","Quick Cloak","Relentless Focus","Soul Harvest","Inspired Scholarship","Venomous Claw","Flames of Oblivion","Stampede","Molten Whip","Standard of Might"
"Aetherian Archive","Trash Builds","https://www.esologs.com/reports/jcJ2T6AzNFVyYH7D#fight=7&type=summary&source=8","@Rcbinscn","Rcbinscn","ardent-ass-herald-perfected-slivers-of-the-null-arca-tide-born-wildstalker","dps","Ardent","Ass","Herald","Tide-Born Wildstalker","Perfected Slivers of the Null Arca","97229.1","2879.1","79.2","97229.1 DPS","","Tide-Born Hat (Tide-Born Wildstalker)","Tide-Born Jack (Tide-Born Wildstalker)","Slimecraw Arm Cops (Slimecraw)","Perfected Null Arca Bracers (Perfected Slivers of the Null Arca)","","Tide-Born Guards (Tide-Born Wildstalker)","Perfected Null Arca Boots (Perfected Slivers of the Null Arca)","","Perfected Null Arca Ring (Perfected Slivers of the Null Arca)","Perfected Null Arca Ring (Perfected Slivers of the Null Arca)","Tide-Born Dagger (Tide-Born Wildstalker)","Tide-Born Dagger (Tide-Born Wildstalker)","The Maelstrom's Perfected Inferno Staff (Perfected Crushing Wall)"," ()","Relentless Focus","Quick Cloak","Whirling Blades","Pragmatic Fatecarver","Escalating Runeblades","Incapacitating Strike","Proximity Detonation","Flames of Oblivion","Venomous Claw","Elemental Blockade","Inspired Scholarship","The Languid Eye"
"Aetherian Archive","Trash Builds","https://www.esologs.com/reports/jcJ2T6AzNFVyYH7D#fight=7&type=summary&source=7","@dewk","Good Cleave","ardent-ass-herald-perfected-slivers-of-the-null-arca-tide-born-wildstalker","dps","Ardent","Ass","Herald","Perfected Slivers of the Null Arca","Tide-Born Wildstalker","92164.6","6302.8","35.2","92164.6 DPS","","Slimecraw Guise (Slimecraw)","Perfected Null Arca Jack (Perfected Slivers of the Null Arca)","Tide-Born Arm Cops (Tide-Born Wildstalker)","Perfected Null Arca Bracers (Perfected Slivers of the Null Arca)","","Perfected Null Arca Guards (Perfected Slivers of the Null Arca)","Perfected Null Arca Boots (Perfected Slivers of the Null Arca)","","Tide-Born Ring (Tide-Born Wildstalker)","Tide-Born Ring (Tide-Born Wildstalker)","Tide-Born Dagger (Tide-Born Wildstalker)","Tide-Born Dagger (Tide-Born Wildstalker)","The Maelstrom's Greatsword (Merciless Charge)"," ()","Pragmatic Fatecarver","Cephaliarch's Flail","Killer's Blade","Quick Cloak","Relentless Focus","Incapacitating Strike","Stampede","Venomous Claw","Inspired Scholarship","Flames of Oblivion","Scalding Rune","Standard of Might"
"Aetherian Archive","Trash Builds","https://www.esologs.com/reports/jcJ2T6AzNFVyYH7D#fight=7&type=summary&source=8","@Rcbinscn","Rcbinscn","ardent-ass-herald-perfected-slivers-of-the-null-arca-tide-born-wildstalker","dps","Ardent","Ass","Herald","Tide-Born Wildstalker","Perfected Slivers of the Null Arca","110758.2","3297.5","42.9","110758.2 DPS","The Thief","Tide-Born Hat (Tide-Born Wildstalker)","Tide-Born Jack (Tide-Born Wildstalker)","Slimecraw Arm Cops (Slimecraw)","Perfected Null Arca Bracers (Perfected Slivers of the Null Arca)","","Tide-Born Guards (Tide-Born Wildstalker)","Perfected Null Arca Boots (Perfected Slivers of the Null Arca)","","Perfected Null Arca Ring (Perfected Slivers of the Null Arca)","Perfected Null Arca Ring (Perfected Slivers of the Null Arca)","Tide-Born Dagger (Tide-Born Wildstalker)","Tide-Born Dagger (Tide-Born Wildstalker)","The Maelstrom's Perfected Inferno Staff (Perfected Crushing Wall)"," ()","Relentless Focus","Quick Cloak","Whirling Blades","Pragmatic Fatecarver","Escalating Runeblades","Incapacitating Strike","Proximity Detonation","Flames of Oblivion","Venomous Claw","Elemental Blockade","Inspired Scholarship","The Languid Eye"
"Aetherian Archive","Trash Builds","https://www.esologs.com/reports/jcJ2T6AzNFVyYH7D#fight=7&type=summary&source=7","@dewk","Good Cleave","ardent-ass-herald-perfected-slivers-of-the-null-arca-tide-born-wildstalker","dps","Ardent","Ass","Herald","Perfected Slivers of the Null Arca","Tide-Born Wildstalker","33830.1","3448.8","20.5","33830.1 DPS","","Slimecraw Guise (Slimecraw)","Perfected Null Arca Jack (Perfected Slivers of the Null Arca)","Tide-Born Arm Cops (Tide-Born Wildstalker)","Perfected Null Arca Bracers (Perfected Slivers of the Null Arca)","","Perfected Null Arca Guards (Perfected Slivers of the Null Arca)","Perfected Null Arca Boots (Perfected Slivers of the Null Arca)","","Tide-Born Ring (Tide-Born Wildstalker)","Tide-Born Ring (Tide-Born Wildstalker)","Tide-Born Dagger (Tide-Born Wildstalker)","Tide-Born Dagger (Tide-Born Wildstalker)","The Maelstrom's Greatsword (Merciless Charge)"," ()","Pragmatic Fatecarver","Cephaliarch's Flail","Killer's Blade","Quick Cloak","Relentless Focus","Incapacitating Strike","Stampede","Venomous Claw","Inspired Scholarship","Flames of Oblivion","Scalding Rune","Standard of Might"
"Aetherian Archive","Trash Builds","https://www.esologs.com/reports/jcJ2T6AzNFVyYH7D#fight=7&type=summary&source=1","@egandara","Lovely Rita","ardent-ass-herald-perfected-slivers-of-the-null-arca-tide-born-wildstalker","dps","Ardent","Ass","Herald","Tide-Born Wildstalker","Perfected Slivers of the Null Arca","56320.7","3010.1","25.1","56320.7 DPS","","Tide-Born Helmet (Tide-Born Wildstalker)","Tide-Born Jack (Tide-Born Wildstalker)","Slimecraw Epaulets (Slimecraw)","Perfected Null Arca Bracers (Perfected Slivers of the Null Arca)","","Tide-Born Guards (Tide-Born Wildstalker)","Tide-Born Boots (Tide-Born Wildstalker)","","Perfected Null Arca Ring (Perfected Slivers of the Null Arca)","Perfected Null Arca Ring (Perfected Slivers of the Null Arca)","Perfected Null Arca Dagger (Perfected Slivers of the Null Arca)","Perfected Null Arca Dagger (Perfected Slivers of the Null Arca)","The Maelstrom's Perfected Greatsword (Perfected Merciless Charge)"," ()","Pragmatic Fatecarver","Quick Cloak","Killer's Blade","Cephaliarch's Flail","Camouflaged Hunter","Soul Harvest","Stampede","Venomous Claw","Inspired Scholarship","Flames of Oblivion","Molten Whip","Standard of Might"
"Aetherian Archive","Trash Builds","https://www.esologs.com/reports/jcJ2T6AzNFVyYH7D#fight=7&type=summary&source=7","@Qua'rk","Qua'rk","ardent-ass-herald-perfected-slivers-of-the-null-arca-tide-born-wildstalker","dps","Ardent","Ass","Herald","Perfected Slivers of the Null Arca","Tide-Born Wildstalker","23579.6","0.0","58.0","23579.6 DPS","","Slimecraw Guise (Slimecraw)","Perfected Null Arca Jack (Perfected Slivers of the Null Arca)","Tide-Born Pauldrons (Tide-Born Wildstalker)","Tide-Born Bracers (Tide-Born Wildstalker)","","Perfected Null Arca Guards (Perfected Slivers of the Null Arca)","Perfected Null Arca Boots (Perfected Slivers of the Null Arca)","","Tide-Born Ring (Tide-Born Wildstalker)","Tide-Born Ring (Tide-Born Wildstalker)","Perfected Null Arca Dagger (Perfected Slivers of the Null Arca)","Perfected Null Arca Dagger (Perfected Slivers of the Null Arca)","Vateshran's Inferno Staff (Wrath of Elements)"," ()","Escalating Runeblades","Tentacular Dread","Killer's Blade","Barbed Trap","Quick Cloak","Incapacitating Strike","Elemental Blockade","Flames of Oblivion","Venomous Claw","Inspired Scholarship","Resolving Vigor","Standard of Might"
"Aetherian Archive","Trash Builds","https://www.esologs.com/reports/jcJ2T6AzNFVyYH7D#fight=7&type=summary&source=7","@Qua'rk","Qua'rk","ardent-ass-herald-perfected-slivers-of-the-null-arca-tide-born-wildstalker","dps","Ardent","Ass","Herald","Perfected Slivers of the Null Arca","Tide-Born Wildstalker","11816.4","235.7","40.8","11816.4 DPS","","Slimecraw Guise (Slimecraw)","Perfected Null Arca Jack (Perfected Slivers of the Null Arca)","Tide-Born Pauldrons (Tide-Born Wildstalker)","Tide-Born Bracers (Tide-Born Wildstalker)","","Perfected Null Arca Guards (Perfected Slivers of the Null Arca)","Perfected Null Arca Boots (Perfected Slivers of the Null Arca)","","Tide-Born Ring (Tide-Born Wildstalker)","Tide-Born Ring (Tide-Born Wildstalker)","Perfected Null Arca Dagger (Perfected Slivers of the Null Arca)","Perfected Null Arca Dagger (Perfected Slivers of the Null Arca)","Vateshran's Inferno Staff (Wrath of Elements)"," ()","Escalating Runeblades","Tentacular Dread","Killer's Blade","Barbed Trap","Quick Cloak","Incapacitating Strike","Elemental Blockade","Flames of Oblivion","Venomous Claw","Inspired Scholarship","Resolving Vigor","Standard of Might"
"Aetherian Archive","Trash Builds","https://www.esologs.com/reports/jcJ2T6AzNFVyYH7D#fight=7&type=summary&source=11","@MPL33","Voralyth","ardent-ass-herald-perfected-slivers-of-the-null-arca-tide-born-wildstalker","dps","Ardent","Ass","Herald","Perfected Slivers of the Null Arca","Tide-Born Wildstalker","17800.6","2387.6","34.4","17800.6 DPS","","Slimecraw Guise (Slimecraw)","Perfected Null Arca Jack (Perfected Slivers of the Null Arca)","Tide-Born Arm Cops (Tide-Born Wildstalker)","Perfected Null Arca Bracers (Perfected Slivers of the Null Arca)","","Perfected Null Arca Guards (Perfected Slivers of the Null Arca)","Perfected Null Arca Boots (Perfected Slivers of the Null Arca)","","Tide-Born Ring (Tide-Born Wildstalker)","Tide-Born Ring (Tide-Born Wildstalker)","Tide-Born Dagger (Tide-Born Wildstalker)","Tide-Born Dagger (Tide-Born Wildstalker)","The Maelstrom's Inferno Staff (Crushing Wall)"," ()","Cephaliarch's Flail","Pragmatic Fatecarver","Venomous Claw","Camouflaged Hunter","Quick Cloak","Soul Harvest","Inspired Scholarship","Elemental Blockade","Flames of Oblivion","Rune of Displacement","Molten Whip","Standard of Might"
"Aetherian Archive","Trash Builds","https://www.esologs.com/reports/jcJ2T6AzNFVyYH7D#fight=7&type=summary&source=7","@herby8860","Khajiit in books","ardent-ass-herald-perfected-slivers-of-the-null-arca-tide-born-wildstalker","dps","Ardent","Ass","Herald","Tide-Born Wildstalker","Perfected Slivers of the Null Arca","52517.8","4095.3","22.4","52517.8 DPS","","Slimecraw Guise (Slimecraw)","Tide-Born Jack (Tide-Born Wildstalker)","Perfected Null Arca Arm Cops (Perfected Slivers of the Null Arca)","Perfected Null Arca Bracers (Perfected Slivers of the Null Arca)","","Perfected Null Arca Guards (Perfected Slivers of the Null Arca)","Tide-Born Boots (Tide-Born Wildstalker)","","Tide-Born Ring (Tide-Born Wildstalker)","Tide-Born Ring (Tide-Born Wildstalker)","Perfected Null Arca Dagger (Perfected Slivers of the Null Arca)","Perfected Null Arca Dagger (Perfected Slivers of the Null Arca)","The Maelstrom's Perfected Inferno Staff (Perfected Crushing Wall)"," ()","Pragmatic Fatecarver","Barbed Trap","Cephaliarch's Flail","Deadly Cloak","Banner Bearer","Soul Harvest","Unstable Wall of Elements","Flames of Oblivion","Venomous Claw","Inspired Scholarship","Banner Bearer","The Languid Eye"
"Aetherian Archive","Trash Builds","https://www.esologs.com/reports/jcJ2T6AzNFVyYH7D#fight=7&type=summary&source=7","@herby8860","Khajiit in books","ardent-ass-herald-perfected-slivers-of-the-null-arca-tide-born-wildstalker","dps","Ardent","Ass","Herald","Tide-Born Wildstalker","Perfected Slivers of the Null Arca","16314.7","2298.5","10.4","16314.7 DPS","","Slimecraw Guise (Slimecraw)","Tide-Born Jack (Tide-Born Wildstalker)","Perfected Null Arca Arm Cops (Perfected Slivers of the Null Arca)","Perfected Null Arca Bracers (Perfected Slivers of the Null Arca)","","Perfected Null Arca Guards (Perfected Slivers of the Null Arca)","Tide-Born Boots (Tide-Born Wildstalker)","","Tide-Born Ring (Tide-Born Wildstalker)","Tide-Born Ring (Tide-Born Wildstalker)","Perfected Null Arca Dagger (Perfected Slivers of the Null Arca)","Perfected Null Arca Dagger (Perfected Slivers of the Null Arca)","The Maelstrom's Perfected Inferno Staff (Perfected Crushing Wall)"," ()","Pragmatic Fatecarver","Barbed Trap","Cephaliarch's Flail","Deadly Cloak","Banner Bearer","Soul Harvest","Unstable Wall of Elements","Flames of Oblivion","Venomous Claw","Inspired Scholarship","Banner Bearer","The Languid Eye"
"Aetherian Archive","Trash Builds","https://www.esologs.com/reports/j12x3KYLJAVp4tBP#fight=7&type=summary&source=12","@kevkj","Geega Verhan av'Hel","ardent-ass-herald-deadly-strike-perfected-slivers-of-the-null-arca","dps","Ardent","Ass","Herald","Perfected Slivers of the Null Arca","Deadly Strike","64798.6","3054.1","23.9","64798.6 DPS","","Perfected Null Arca Helmet (Perfected Slivers of the Null Arca)","Perfected Null Arca Jack (Perfected Slivers of the Null Arca)","Zaan Epaulets (Zaan)","Deadly Bracers (Deadly Strike)","","Perfected Null Arca Guards (Perfected Slivers of the Null Arca)","Deadly Boots (Deadly Strike)","","Perfected Null Arca Ring (Perfected Slivers of the Null Arca)","Perfected Null Arca Ring (Perfected Slivers of the Null Arca)","Deadly Dagger (Deadly Strike)","Deadly Dagger (Deadly Strike)","The Maelstrom's Perfected Inferno Staff (Perfected Crushing Wall)"," ()","Quick Cloak","Cephaliarch's Flail","Pragmatic Fatecarver","Venomous Claw","Camouflaged Hunter","Soul Harvest","Elemental Blockade","Inspired Scholarship","Flames of Oblivion","Fulminating Rune","Molten Whip","Standard of Might"
"Aetherian Archive","Trash Builds","https://www.esologs.com/reports/j12x3KYLJAVp4tBP#fight=7&type=summary&source=12","@Deano_316","Mr Starc","ardent-ass-herald-deadly-strike-perfected-slivers-of-the-null-arca","dps","Ardent","Ass","Herald","Perfected Slivers of the Null Arca","Deadly Strike","65404.3","1623.3","39.0","65404.3 DPS","","Slimecraw Mask (Slimecraw)","Perfected Null Arca Jack (Perfected Slivers of the Null Arca)","Deadly Arm Cops (Deadly Strike)","Perfected Null Arca Bracers (Perfected Slivers of the Null Arca)","","Perfected Null Arca Guards (Perfected Slivers of the Null Arca)","Perfected Null Arca Boots (Perfected Slivers of the Null Arca)","","Deadly Ring (Deadly Strike)","Deadly Ring (Deadly Strike)","Deadly Dagger (Deadly Strike)","Deadly Dagger (Deadly Strike)","The Maelstrom's Perfected Greatsword (Perfected Merciless Charge)"," ()","Exhausting Fatecarver","Killer's Blade","Cephaliarch's Flail","Quick Cloak","Camouflaged Hunter","Soul Harvest","Inspired Scholarship","Flames of Oblivion","Venomous Claw","Stampede","Molten Whip","Standard of Might"
"Aetherian Archive","Trash Builds","https://www.esologs.com/reports/j12x3KYLJAVp4tBP#fight=7&type=summary&source=11","@Fixed_Nick","Aegnör","ardent-ass-herald-deadly-strike-perfected-slivers-of-the-null-arca","dps","Ardent","Ass","Herald","Perfected Slivers of the Null Arca","Deadly Strike","95032.4","8000.1","37.1","95032.4 DPS","The Thief","Slimecraw Guise (Slimecraw)","Perfected Null Arca Jack (Perfected Slivers of the Null Arca)","Deadly Arm Cops (Deadly Strike)","Perfected Null Arca Bracers (Perfected Slivers of the Null Arca)","","Perfected Null Arca Guards (Perfected Slivers of the Null Arca)","Perfected Null Arca Boots (Perfected Slivers of the Null Arca)","","Deadly Ring (Deadly Strike)","Deadly Ring (Deadly Strike)","The Maelstrom's Perfected Greatsword (Perfected Merciless Charge)"," ()","Deadly Dagger (Deadly Strike)","Deadly Dagger (Deadly Strike)","Engulfing Flames","Stampede","Inspired Scholarship","Venomous Claw","Molten Whip","Standard of Might","Cephaliarch's Flail","Pragmatic Fatecarver","Quick Cloak","Flames of Oblivion","Relentless Focus","Soul Harvest"
"Aetherian Archive","Trash Builds","https://www.esologs.com/reports/j12x3KYLJAVp4tBP#fight=7&type=summary&source=4","@SirPugglesworth","Cthulhu Fhtagn R'lyeh","ardent-ass-herald-deadly-strike-perfected-slivers-of-the-null-arca","dps","Ardent","Ass","Herald","Perfected Slivers of the Null Arca","Deadly Strike","74388.0","2930.7","37.1","74388.0 DPS","","Slimecraw Mask (Slimecraw)","Perfected Null Arca Jack (Perfected Slivers of the Null Arca)","Deadly Arm Cops (Deadly Strike)","Perfected Null Arca Bracers (Perfected Slivers of the Null Arca)","","Perfected Null Arca Guards (Perfected Slivers of the Null Arca)","Perfected Null Arca Boots (Perfected Slivers of the Null Arca)","","Deadly Ring (Deadly Strike)","Deadly Ring (Deadly Strike)","Deadly Dagger (Deadly Strike)","Deadly Dagger (Deadly Strike)","The Maelstrom's Perfected Greatsword (Perfected Merciless Charge)"," ()","Cephaliarch's Flail","Pragmatic Fatecarver","Killer's Blade","Quick Cloak","Relentless Focus","Soul Harvest","Venomous Claw","Stampede","Inspired Scholarship","Flames of Oblivion","Molten Whip","Standard of Might"
"Aetherian Archive","Trash Builds","https://www.esologs.com/reports/j12x3KYLJAVp4tBP#fight=7&type=summary&source=12","@Deano_316","Mr Starc","ardent-ass-herald-deadly-strike-perfected-slivers-of-the-null-arca","dps","Ardent","Ass","Herald","Perfected Slivers of the Null Arca","Deadly Strike","60792.6","3487.7","21.1","60792.6 DPS","","Slimecraw Mask (Slimecraw)","Perfected Null Arca Jack (Perfected Slivers of the Null Arca)","Deadly Arm Cops (Deadly Strike)","Perfected Null Arca Bracers (Perfected Slivers of the Null Arca)","","Perfected Null Arca Guards (Perfected Slivers of the Null Arca)","Perfected Null Arca Boots (Perfected Slivers of the Null Arca)","","Deadly Ring (Deadly Strike)","Deadly Ring (Deadly Strike)","Deadly Dagger (Deadly Strike)","Deadly Dagger (Deadly Strike)","The Maelstrom's Perfected Greatsword (Perfected Merciless Charge)"," ()","Exhausting Fatecarver","Killer's Blade","Cephaliarch's Flail","Quick Cloak","Camouflaged Hunter","Soul Harvest","Inspired Scholarship","Flames of Oblivion","Venomous Claw","Stampede","Molten Whip","Standard of Might"
"Aetherian Archive","Trash Builds","https://www.esologs.com/reports/j12x3KYLJAVp4tBP#fight=7&type=summary&source=4","@SirPugglesworth","Cthulhu Fhtagn R'lyeh","ardent-ass-herald-deadly-strike-perfected-slivers-of-the-null-arca","dps","Ardent","Ass","Herald","Perfected Slivers of the Null Arca","Deadly Strike","46577.8","3413.9","22.1","46577.8 DPS","","Slimecraw Mask (Slimecraw)","Perfected Null Arca Jack (Perfected Slivers of the Null Arca)","Deadly Arm Cops (Deadly Strike)","Perfected Null Arca Bracers (Perfected Slivers of the Null Arca)","","Perfected Null Arca Guards (Perfected Slivers of the Null Arca)","Perfected Null Arca Boots (Perfected Slivers of the Null Arca)","","Deadly Ring (Deadly Strike)","Deadly Ring (Deadly Strike)","Deadly Dagger (Deadly Strike)","Deadly Dagger (Deadly Strike)","The Maelstrom's Perfected Greatsword (Perfected Merciless Charge)"," ()","Cephaliarch's Flail","Pragmatic Fatecarver","Killer's Blade","Quick Cloak","Relentless Focus","Soul Harvest","Venomous Claw","Stampede","Inspired Scholarship","Flames of Oblivion","Molten Whip","Standard of Might"
"Aetherian Archive","Trash Builds","https://www.esologs.com/reports/j12x3KYLJAVp4tBP#fight=7&type=summary&source=11","@Fixed_Nick","Aegnör","ardent-ass-herald-deadly-strike-perfected-slivers-of-the-null-arca","dps","Ardent","Ass","Herald","Perfected Slivers of the Null Arca","Deadly Strike","40979.5","4334.7","30.6","40979.5 DPS","","Slimecraw Guise (Slimecraw)","Perfected Null Arca Jack (Perfected Slivers of the Null Arca)","Deadly Arm Cops (Deadly Strike)","Perfected Null Arca Bracers (Perfected Slivers of the Null Arca)","","Perfected Null Arca Guards (Perfected Slivers of the Null Arca)","Perfected Null Arca Boots (Perfected Slivers of the Null Arca)","","Deadly Ring (Deadly Strike)","Deadly Ring (Deadly Strike)","The Maelstrom's Perfected Greatsword (Perfected Merciless Charge)"," ()","Deadly Dagger (Deadly Strike)","Deadly Dagger (Deadly Strike)","Engulfing Flames","Stampede","Inspired Scholarship","Venomous Claw","Molten Whip","Standard of Might","Cephaliarch's Flail","Pragmatic Fatecarver","Quick Cloak","Flames of Oblivion","Relentless Focus","Soul Harvest"
"Aetherian Archive","Trash Builds","https://www.esologs.com/reports/j12x3KYLJAVp4tBP#fight=7&type=summary&source=9","@McFilthy","Sir Woody The Wood Elf","ardent-ass-herald-deadly-strike-perfected-slivers-of-the-null-arca","dps","Ardent","Ass","Herald","Deadly Strike","Perfected Slivers of the Null Arca","57355.9","2342.7","41.7","57355.9 DPS","","Deadly Helmet (Deadly Strike)","Perfected Null Arca Jack (Perfected Slivers of the Null Arca)","Slimecraw Arm Cops (Slimecraw)","Perfected Null Arca Bracers (Perfected Slivers of the Null Arca)","","Perfected Null Arca Guards (Perfected Slivers of the Null Arca)","Perfected Null Arca Boots (Perfected Slivers of the Null Arca)","","Deadly Ring (Deadly Strike)","Deadly Ring (Deadly Strike)","Deadly Dagger (Deadly Strike)","Deadly Dagger (Deadly Strike)","The Maelstrom's Greatsword (Merciless Charge)"," ()","Cephaliarch's Flail","Pragmatic Fatecarver","Quick Cloak","Flames of Oblivion","Barbed Trap","Incapacitating Strike","Stampede","Engulfing Flames","Venomous Claw","Inspired Scholarship","Molten Whip","Standard of Might"
"Aetherian Archive","Trash Builds","https://www.esologs.com/reports/j12x3KYLJAVp4tBP#fight=7&type=summary&source=9","@McFilthy","Sir Woody The Wood Elf","ardent-ass-herald-deadly-strike-perfected-slivers-of-the-null-arca","dps","Ardent","Ass","Herald","Deadly Strike","Perfected Slivers of the Null Arca","31314.1","1783.4","31.7","31314.1 DPS","","Deadly Helmet (Deadly Strike)","Perfected Null Arca Jack (Perfected Slivers of the Null Arca)","Slimecraw Arm Cops (Slimecraw)","Perfected Null Arca Bracers (Perfected Slivers of the Null Arca)","","Perfected Null Arca Guards (Perfected Slivers of the Null Arca)","Perfected Null Arca Boots (Perfected Slivers of the Null Arca)","","Deadly Ring (Deadly Strike)","Deadly Ring (Deadly Strike)","Deadly Dagger (Deadly Strike)","Deadly Dagger (Deadly Strike)","The Maelstrom's Greatsword (Merciless Charge)"," ()","Cephaliarch's Flail","Pragmatic Fatecarver","Quick Cloak","Flames of Oblivion","Barbed Trap","Incapacitating Strike","Stampede","Engulfing Flames","Venomous Claw","Inspired Scholarship","Molten Whip","Standard of Might"
"Aetherian Archive","Trash Builds","https://www.esologs.com/reports/GwXQJAfCN6cYD712#fight=5&type=summary&source=3","@haze068","arc of doomniss","ardent-herald-spear-deadly-strike-perfected-ansuuls-torment","dps","Ardent","Spear","Herald","Perfected Ansuul's Torment","Deadly Strike","75826.0","3929.2","29.5","75826.0 DPS","","Slimecraw Mask (Slimecraw)","Ansuul's Perfected Jack (Perfected Ansuul's Torment)","Deadly Arm Cops (Deadly Strike)","Ansuul's Perfected Bracers (Perfected Ansuul's Torment)","","Ansuul's Perfected Guards (Perfected Ansuul's Torment)","Ansuul's Perfected Boots (Perfected Ansuul's Torment)","","Deadly Ring (Deadly Strike)","Deadly Ring (Deadly Strike)","Deadly Dagger (Deadly Strike)","Deadly Dagger (Deadly Strike)","The Maelstrom's Inferno Staff (Crushing Wall)"," ()","Blazing Spear","Cephaliarch's Flail","Camouflaged Hunter","Quick Cloak","Pragmatic Fatecarver","Flawless Dawnbreaker","Flames of Oblivion","Elemental Blockade","Anti-Cavalry Caltrops","Inspired Scholarship","Molten Whip","The Languid Eye"
"Aetherian Archive","Trash Builds","https://www.esologs.com/reports/GwXQJAfCN6cYD712#fight=5&type=summary&source=3","@haze068","arc of doomniss","ardent-herald-spear-deadly-strike-perfected-ansuuls-torment","dps","Ardent","Spear","Herald","Perfected Ansuul's Torment","Deadly Strike","56496.4","2221.9","33.9","56496.4 DPS","","Slimecraw Mask (Slimecraw)","Ansuul's Perfected Jack (Perfected Ansuul's Torment)","Deadly Arm Cops (Deadly Strike)","Ansuul's Perfected Bracers (Perfected Ansuul's Torment)","","Ansuul's Perfected Guards (Perfected Ansuul's Torment)","Ansuul's Perfected Boots (Perfected Ansuul's Torment)","","Deadly Ring (Deadly Strike)","Deadly Ring (Deadly Strike)","Deadly Dagger (Deadly Strike)","Deadly Dagger (Deadly Strike)","The Maelstrom's Inferno Staff (Crushing Wall)"," ()","Blazing Spear","Cephaliarch's Flail","Flames of Oblivion","Quick Cloak","Pragmatic Fatecarver","Flawless Dawnbreaker","Flames of Oblivion","Elemental Blockade","Anti-Cavalry Caltrops","Inspired Scholarship","Molten Whip","The Languid Eye"
"Aetherian Archive","Trash Builds","https://www.esologs.com/reports/GwXQJAfCN6cYD712#fight=5&type=summary&source=11","@Tekhenwy","Hardback Beam Attack","ardent-herald-spear-deadly-strike-perfected-ansuuls-torment","dps","Ardent","Spear","Herald","Perfected Ansuul's Torment","Deadly Strike","101341.5","2649.3","33.1","101341.5 DPS","The Atronach","Ansuul's Perfected Helmet (Perfected Ansuul's Torment)","Deadly Jack (Deadly Strike)","Slimecraw Epaulets (Slimecraw)","Ansuul's Perfected Bracers (Perfected Ansuul's Torment)","","Ansuul's Perfected Guards (Perfected Ansuul's Torment)","Ansuul's Perfected Boots (Perfected Ansuul's Torment)","","Deadly Ring (Deadly Strike)","Deadly Ring (Deadly Strike)","Deadly Dagger (Deadly Strike)","Deadly Dagger (Deadly Strike)","The Maelstrom's Perfected Inferno Staff (Perfected Crushing Wall)"," ()","Pragmatic Fatecarver","Cephaliarch's Flail","Flames of Oblivion","Quick Cloak","Camouflaged Hunter","Crescent Sweep","Elemental Blockade","Proximity Detonation","Fulminating Rune","Inspired Scholarship","Molten Whip","Elemental Rage"
"Aetherian Archive","Trash Builds","https://www.esologs.com/reports/GwXQJAfCN6cYD712#fight=5&type=summary&source=11","@Tekhenwy","Hardback Beam Attack","ardent-herald-spear-deadly-strike-perfected-ansuuls-torment","dps","Ardent","Spear","Herald","Perfected Ansuul's Torment","Deadly Strike","60496.7","3586.2","36.6","60496.7 DPS","","Ansuul's Perfected Helmet (Perfected Ansuul's Torment)","Deadly Jack (Deadly Strike)","Slimecraw Epaulets (Slimecraw)","Ansuul's Perfected Bracers (Perfected Ansuul's Torment)","","Ansuul's Perfected Guards (Perfected Ansuul's Torment)","Ansuul's Perfected Boots (Perfected Ansuul's Torment)","","Deadly Ring (Deadly Strike)","Deadly Ring (Deadly Strike)","Deadly Dagger (Deadly Strike)","Deadly Dagger (Deadly Strike)","The Maelstrom's Perfected Greatsword (Perfected Merciless Charge)"," ()","Pragmatic Fatecarver","Cephaliarch's Flail","Flames of Oblivion","Quick Cloak","Camouflaged Hunter","Crescent Sweep","Stampede","Venomous Claw","Fulminating Rune","Inspired Scholarship","Molten Whip","Standard of Might"
"Aetherian Archive","Trash Builds","https://www.esologs.com/reports/GwXQJAfCN6cYD712#fight=5&type=summary&source=12","@XJDHDR","Ralyn Fendyn","ardent-herald-spear-deadly-strike-perfected-ansuuls-torment","dps","Ardent","Spear","Herald","Deadly Strike","Perfected Ansuul's Torment","56517.2","19669.3","27.3","56517.2 DPS","","Slimecraw Mask (Slimecraw)","Ansuul's Perfected Jack (Perfected Ansuul's Torment)","Deadly Arm Cops (Deadly Strike)","Ansuul's Perfected Bracers (Perfected Ansuul's Torment)","","Ansuul's Perfected Guards (Perfected Ansuul's Torment)","Ansuul's Perfected Boots (Perfected Ansuul's Torment)","","Deadly Ring (Deadly Strike)","Deadly Ring (Deadly Strike)","Deadly Dagger (Deadly Strike)","Deadly Dagger (Deadly Strike)","Deadly Inferno Staff (Deadly Strike)"," ()","Venomous Claw","Deadly Cloak","Cephaliarch's Flail","Exhausting Fatecarver","Camouflaged Hunter","Radial Sweep","Inspired Scholarship","Flames of Oblivion","Blockade of Fire","Fiery Soul (Class Mastery / Intellect and Endurance)","Molten Whip","Standard of Might"
"Aetherian Archive","Trash Builds","https://www.esologs.com/reports/GwXQJAfCN6cYD712#fight=5&type=summary&source=12","@XJDHDR","Ralyn Fendyn","ardent-herald-spear-deadly-strike-perfected-ansuuls-torment","dps","Ardent","Spear","Herald","Deadly Strike","Perfected Ansuul's Torment","29639.6","5339.9","31.7","29639.6 DPS","","Slimecraw Mask (Slimecraw)","Ansuul's Perfected Jack (Perfected Ansuul's Torment)","Deadly Arm Cops (Deadly Strike)","Ansuul's Perfected Bracers (Perfected Ansuul's Torment)","","Ansuul's Perfected Guards (Perfected Ansuul's Torment)","Ansuul's Perfected Boots (Perfected Ansuul's Torment)","","Deadly Ring (Deadly Strike)","Deadly Ring (Deadly Strike)","Deadly Dagger (Deadly Strike)","Deadly Dagger (Deadly Strike)","Deadly Inferno Staff (Deadly Strike)"," ()","Venomous Claw","Deadly Cloak","Cephaliarch's Flail","Exhausting Fatecarver","Camouflaged Hunter","Radial Sweep","Inspired Scholarship","Flames of Oblivion","Blockade of Fire","Fiery Soul (Class Mastery / Intellect and Endurance)","Molten Whip","Standard of Might"
"Aetherian Archive","Trash Builds","https://www.esologs.com/reports/jcJ2T6AzNFVyYH7D#fight=7&type=summary&source=7","@Rayba-Sama","Rayba","ardent-ass-herald-deadly-strike-perfected-ansuuls-torment","dps","Ardent","Ass","Herald","Perfected Ansuul's Torment","Deadly Strike","20222.9","255.7","24.2","20222.9 DPS","","Slimecraw Guise (Slimecraw)","Ansuul's Perfected Jack (Perfected Ansuul's Torment)","Ansuul's Perfected Arm Cops (Perfected Ansuul's Torment)","Ansuul's Perfected Bracers (Perfected Ansuul's Torment)","","Ansuul's Perfected Guards (Perfected Ansuul's Torment)","Deadly Boots (Deadly Strike)","","Deadly Ring (Deadly Strike)","Deadly Ring (Deadly Strike)","Deadly Dagger (Deadly Strike)","Deadly Dagger (Deadly Strike)","The Maelstrom's Perfected Inferno Staff (Perfected Crushing Wall)"," ()","Whirling Blades","Escalating Runeblades","Exhausting Fatecarver","Camouflaged Hunter","Quick Cloak","Soul Harvest","Unstable Wall of Elements","Anti-Cavalry Caltrops","Inspired Scholarship","Molten Whip","Flames of Oblivion","Elemental Rage"
"Aetherian Archive","Trash Builds","https://www.esologs.com/reports/jcJ2T6AzNFVyYH7D#fight=7&type=summary&source=5","@lubasik","Filia Rosehollow","ardent-ass-herald-deadly-strike-perfected-ansuuls-torment","dps","Ardent","Ass","Herald","Perfected Ansuul's Torment","Deadly Strike","31559.5","2126.8","27.2","31559.5 DPS","","Slimecraw Mask (Slimecraw)","Ansuul's Perfected Jack (Perfected Ansuul's Torment)","Deadly Arm Cops (Deadly Strike)","Ansuul's Perfected Bracers (Perfected Ansuul's Torment)","","Ansuul's Perfected Guards (Perfected Ansuul's Torment)","Ansuul's Perfected Boots (Perfected Ansuul's Torment)","","Deadly Ring (Deadly Strike)","Deadly Ring (Deadly Strike)","Deadly Dagger (Deadly Strike)","Deadly Dagger (Deadly Strike)","The Maelstrom's Perfected Greatsword (Perfected Merciless Charge)"," ()","Cephaliarch's Flail","Pragmatic Fatecarver","Quick Cloak","Venomous Claw","Camouflaged Hunter","Soul Harvest","Stampede","Flames of Oblivion","Inspired Scholarship","Fulminating Rune","Molten Whip","Standard of Might"
"Aetherian Archive","Trash Builds","https://www.esologs.com/reports/jcJ2T6AzNFVyYH7D#fight=7&type=summary&source=5","@Longstriker","get dorito'd","ardent-ass-herald-deadly-strike-perfected-ansuuls-torment","dps","Ardent","Ass","Herald","Perfected Ansuul's Torment","Deadly Strike","83060.7","9431.9","29.9","83060.7 DPS","The Thief","Slimecraw Mask (Slimecraw)","Ansuul's Perfected Jack (Perfected Ansuul's Torment)","Deadly Arm Cops (Deadly Strike)","Ansuul's Perfected Bracers (Perfected Ansuul's Torment)","","Ansuul's Perfected Guards (Perfected Ansuul's Torment)","Ansuul's Perfected Boots (Perfected Ansuul's Torment)","","Deadly Ring (Deadly Strike)","Deadly Ring (Deadly Strike)","Deadly Dagger (Deadly Strike)","Deadly Dagger (Deadly Strike)","The Maelstrom's Perfected Greatsword (Perfected Merciless Charge)"," ()","Camouflaged Hunter","Cephaliarch's Flail","Pragmatic Fatecarver","Quick Cloak","Killer's Blade","Incapacitating Strike","Stampede","Venomous Claw","Inspired Scholarship","Molten Whip","Flames of Oblivion","Standard of Might"
"Aetherian Archive","Trash Builds","https://www.esologs.com/reports/jcJ2T6AzNFVyYH7D#fight=7&type=summary&source=6","@CryptTonite","Hadron","ardent-ass-herald-deadly-strike-perfected-ansuuls-torment","dps","Ardent","Ass","Herald","Perfected Ansuul's Torment","Deadly Strike","54804.3","4181.9","50.8","54804.3 DPS","","Slimecraw Guise (Slimecraw)","Ansuul's Perfected Jack (Perfected Ansuul's Torment)","Ansuul's Perfected Arm Cops (Perfected Ansuul's Torment)","Ansuul's Perfected Bracers (Perfected Ansuul's Torment)","","Ansuul's Perfected Guards (Perfected Ansuul's Torment)","Ansuul's Perfected Boots (Perfected Ansuul's Torment)","","Deadly Ring (Deadly Strike)","Deadly Ring (Deadly Strike)","Deadly Dagger (Deadly Strike)","Deadly Dagger (Deadly Strike)","The Maelstrom's Perfected Inferno Staff (Perfected Crushing Wall)"," ()","Venomous Claw","Cephaliarch's Flail","Pragmatic Fatecarver","Whirling Blades","Banner Bearer","Incapacitating Strike","Elemental Blockade","Inspired Scholarship","Flames of Oblivion","Molten Whip","Banner Bearer","Elemental Rage"
"Aetherian Archive","Trash Builds","https://www.esologs.com/reports/jcJ2T6AzNFVyYH7D#fight=7&type=summary&source=5","@Longstriker","get dorito'd","ardent-ass-herald-deadly-strike-perfected-ansuuls-torment","dps","Ardent","Ass","Herald","Perfected Ansuul's Torment","Deadly Strike","77902.5","4802.3","32.2","77902.5 DPS","","Slimecraw Mask (Slimecraw)","Ansuul's Perfected Jack (Perfected Ansuul's Torment)","Deadly Arm Cops (Deadly Strike)","Ansuul's Perfected Bracers (Perfected Ansuul's Torment)","","Ansuul's Perfected Guards (Perfected Ansuul's Torment)","Ansuul's Perfected Boots (Perfected Ansuul's Torment)","","Deadly Ring (Deadly Strike)","Deadly Ring (Deadly Strike)","Deadly Dagger (Deadly Strike)","Deadly Dagger (Deadly Strike)","The Maelstrom's Perfected Greatsword (Perfected Merciless Charge)"," ()","Camouflaged Hunter","Cephaliarch's Flail","Pragmatic Fatecarver","Quick Cloak","Killer's Blade","Incapacitating Strike","Stampede","Venomous Claw","Inspired Scholarship","Molten Whip","Flames of Oblivion","Standard of Might"
"Aetherian Archive","Trash Builds","https://www.esologs.com/reports/jcJ2T6AzNFVyYH7D#fight=7&type=summary&source=6","@CryptTonite","Hadron","ardent-ass-herald-deadly-strike-perfected-ansuuls-torment","dps","Ardent","Ass","Herald","Perfected Ansuul's Torment","Deadly Strike","37105.0","1617.6","43.7","37105.0 DPS","","Slimecraw Guise (Slimecraw)","Ansuul's Perfected Jack (Perfected Ansuul's Torment)","Ansuul's Perfected Arm Cops (Perfected Ansuul's Torment)","Ansuul's Perfected Bracers (Perfected Ansuul's Torment)","","Ansuul's Perfected Guards (Perfected Ansuul's Torment)","Ansuul's Perfected Boots (Perfected Ansuul's Torment)","","Deadly Ring (Deadly Strike)","Deadly Ring (Deadly Strike)","Deadly Dagger (Deadly Strike)","Deadly Dagger (Deadly Strike)","The Maelstrom's Perfected Inferno Staff (Perfected Crushing Wall)"," ()","Venomous Claw","Cephaliarch's Flail","Pragmatic Fatecarver","Whirling Blades","Banner Bearer","Incapacitating Strike","Elemental Blockade","Inspired Scholarship","Flames of Oblivion","Molten Whip","Banner Bearer","Elemental Rage"
"Aetherian Archive","Trash Builds","https://www.esologs.com/reports/jcJ2T6AzNFVyYH7D#fight=7&type=summary&source=10","@Xenus24","Xénus","ass-dawn-herald-perfected-slivers-of-the-null-arca-tide-born-wildstalker","dps","Ass","Dawn","Herald","Tide-Born Wildstalker","Perfected Slivers of the Null Arca","21561.1","2586.4","23.0","21561.1 DPS","","Tide-Born Helmet (Tide-Born Wildstalker)","Perfected Null Arca Jack (Perfected Slivers of the Null Arca)","Slimecraw Epaulets (Slimecraw)","Perfected Null Arca Bracers (Perfected Slivers of the Null Arca)","","Perfected Null Arca Guards (Perfected Slivers of the Null Arca)","Perfected Null Arca Boots (Perfected Slivers of the Null Arca)","","Tide-Born Ring (Tide-Born Wildstalker)","Tide-Born Ring (Tide-Born Wildstalker)","Tide-Born Dagger (Tide-Born Wildstalker)","Tide-Born Dagger (Tide-Born Wildstalker)","The Maelstrom's Perfected Greatsword (Perfected Merciless Charge)"," ()","Pragmatic Fatecarver","Cephaliarch's Flail","Radiant Glory","Quick Cloak","Merciless Resolve","Soul Harvest","Stampede","Solar Barrage","Inspired Scholarship","Mystic Orb","Resolving Vigor","The Languid Eye"
"Aetherian Archive","Trash Builds","https://www.esologs.com/reports/jcJ2T6AzNFVyYH7D#fight=7&type=summary&source=11","@GoldenFace79","Señor pantalones delfuego","ass-dawn-herald-perfected-slivers-of-the-null-arca-tide-born-wildstalker","dps","Ass","Dawn","Herald","Tide-Born Wildstalker","Perfected Slivers of the Null Arca","29196.3","3384.2","15.9","29196.3 DPS","","Valkyn Skoria Guise (Valkyn Skoria)","Tide-Born Jack (Tide-Born Wildstalker)","Perfected Null Arca Arm Cops (Perfected Slivers of the Null Arca)","Perfected Null Arca Bracers (Perfected Slivers of the Null Arca)","","Perfected Null Arca Guards (Perfected Slivers of the Null Arca)","Perfected Null Arca Boots (Perfected Slivers of the Null Arca)","","Tide-Born Ring (Tide-Born Wildstalker)","Tide-Born Ring (Tide-Born Wildstalker)","Tide-Born Dagger (Tide-Born Wildstalker)","Tide-Born Dagger (Tide-Born Wildstalker)","The Maelstrom's Perfected Greatsword (Perfected Merciless Charge)"," ()","Radiant Glory","Fulminating Rune","Cephaliarch's Flail","Pragmatic Fatecarver","Quick Cloak","Soul Harvest","Stampede","Inspired Scholarship","Concealed Weapon","Solar Barrage","Camouflaged Hunter","The Languid Eye"
"Aetherian Archive","Trash Builds","https://www.esologs.com/reports/jcJ2T6AzNFVyYH7D#fight=7&type=summary&source=30","@O-Grow","Ürsula","ass-dawn-herald-perfected-slivers-of-the-null-arca-tide-born-wildstalker","dps","Ass","Dawn","Herald","Tide-Born Wildstalker","Perfected Slivers of the Null Arca","40114.9","2707.9","29.9","40114.9 DPS","","Slimecraw Guise (Slimecraw)","Tide-Born Jack (Tide-Born Wildstalker)","Perfected Null Arca Arm Cops (Perfected Slivers of the Null Arca)","Tide-Born Bracers (Tide-Born Wildstalker)","","Tide-Born Guards (Tide-Born Wildstalker)","Tide-Born Boots (Tide-Born Wildstalker)","","Perfected Null Arca Ring (Perfected Slivers of the Null Arca)","Perfected Null Arca Ring (Perfected Slivers of the Null Arca)","Perfected Null Arca Dagger (Perfected Slivers of the Null Arca)","Perfected Null Arca Dagger (Perfected Slivers of the Null Arca)","The Maelstrom's Inferno Staff (Crushing Wall)"," ()","Cephaliarch's Flail","Radiant Glory","Pragmatic Fatecarver","Quick Cloak","Banner Bearer","Soul Harvest","Unstable Wall of Elements","Relentless Focus","Solar Barrage","Inspired Scholarship","Banner Bearer","The Languid Eye"
"Aetherian Archive","Trash Builds","https://www.esologs.com/reports/jcJ2T6AzNFVyYH7D#fight=7&type=summary&source=30","@O-Grow","Ürsula","ass-dawn-herald-perfected-slivers-of-the-null-arca-tide-born-wildstalker","dps","Ass","Dawn","Herald","Tide-Born Wildstalker","Perfected Slivers of the Null Arca","15736.2","1619.2","8.1","15736.2 DPS","","Slimecraw Guise (Slimecraw)","Tide-Born Jack (Tide-Born Wildstalker)","Perfected Null Arca Arm Cops (Perfected Slivers of the Null Arca)","Tide-Born Bracers (Tide-Born Wildstalker)","","Tide-Born Guards (Tide-Born Wildstalker)","Tide-Born Boots (Tide-Born Wildstalker)","","Perfected Null Arca Ring (Perfected Slivers of the Null Arca)","Perfected Null Arca Ring (Perfected Slivers of the Null Arca)","Perfected Null Arca Dagger (Perfected Slivers of the Null Arca)","Perfected Null Arca Dagger (Perfected Slivers of the Null Arca)","The Maelstrom's Inferno Staff (Crushing Wall)"," ()","Cephaliarch's Flail","Radiant Glory","Pragmatic Fatecarver","Quick Cloak","Banner Bearer","Soul Harvest","Unstable Wall of Elements","Relentless Focus","Solar Barrage","Inspired Scholarship","Banner Bearer","The Languid Eye"
"Aetherian Archive","Trash Builds","https://www.esologs.com/reports/jcJ2T6AzNFVyYH7D#fight=7&type=summary&source=5","@FeltyTulip","Kuroi Keshi","ass-dawn-herald-perfected-slivers-of-the-null-arca-tide-born-wildstalker","dps","Ass","Dawn","Herald","Perfected Slivers of the Null Arca","Tide-Born Wildstalker","35911.8","1882.7","56.3","35911.8 DPS","","Slimecraw Guise (Slimecraw)","Perfected Null Arca Jack (Perfected Slivers of the Null Arca)","Tide-Born Epaulets (Tide-Born Wildstalker)","Perfected Null Arca Bracers (Perfected Slivers of the Null Arca)","","Perfected Null Arca Guards (Perfected Slivers of the Null Arca)","Perfected Null Arca Boots (Perfected Slivers of the Null Arca)","","Tide-Born Ring (Tide-Born Wildstalker)","Tide-Born Ring (Tide-Born Wildstalker)","Tide-Born Dagger (Tide-Born Wildstalker)","Tide-Born Dagger (Tide-Born Wildstalker)","The Maelstrom's Perfected Greatsword (Perfected Merciless Charge)"," ()","Camouflaged Hunter","Escalating Runeblades","Tentacular Dread","Radiant Glory","Relentless Focus","Incapacitating Strike","Fulminating Rune","Solar Barrage","Inspired Scholarship","Stampede","Power of the Light","The Languid Eye"
"Aetherian Archive","Trash Builds","https://www.esologs.com/reports/j12x3KYLJAVp4tBP#fight=7&type=summary&source=5","@ErBesto","Falnyss seshrit","ass-dawn-herald-deadly-strike-perfected-slivers-of-the-null-arca","dps","Ass","Dawn","Herald","Deadly Strike","Perfected Slivers of the Null Arca","23550.7","3401.9","12.5","23550.7 DPS","","Slimecraw Guise (Slimecraw)","Deadly Jack (Deadly Strike)","Perfected Null Arca Arm Cops (Perfected Slivers of the Null Arca)","Deadly Bracers (Deadly Strike)","","Deadly Guards (Deadly Strike)","Deadly Boots (Deadly Strike)","","Perfected Null Arca Ring (Perfected Slivers of the Null Arca)","Perfected Null Arca Ring (Perfected Slivers of the Null Arca)","Perfected Null Arca Dagger (Perfected Slivers of the Null Arca)","Perfected Null Arca Dagger (Perfected Slivers of the Null Arca)","The Maelstrom's Perfected Greatsword (Perfected Merciless Charge)"," ()","Cephaliarch's Flail","Pragmatic Fatecarver","Radiant Glory","Quick Cloak","Camouflaged Hunter","Soul Harvest","Inspired Scholarship","Stampede","Fulminating Rune","Solar Barrage","Resolving Vigor","The Languid Eye"
"Aetherian Archive","Trash Builds","https://www.esologs.com/reports/j12x3KYLJAVp4tBP#fight=7&type=summary&source=10","@Bootyy","ßat","ass-dawn-herald-deadly-strike-perfected-slivers-of-the-null-arca","dps","Ass","Dawn","Herald","Deadly Strike","Perfected Slivers of the Null Arca","97709.0","3787.5","53.8","97709.0 DPS","","Deadly Helmet (Deadly Strike)","Perfected Null Arca Jack (Perfected Slivers of the Null Arca)","Slimecraw Epaulets (Slimecraw)","Perfected Null Arca Bracers (Perfected Slivers of the Null Arca)","","Perfected Null Arca Guards (Perfected Slivers of the Null Arca)","Perfected Null Arca Boots (Perfected Slivers of the Null Arca)","","Deadly Ring (Deadly Strike)","Deadly Ring (Deadly Strike)","Deadly Dagger (Deadly Strike)","Deadly Dagger (Deadly Strike)","The Maelstrom's Perfected Greatsword (Perfected Merciless Charge)"," ()","Quick Cloak","Camouflaged Hunter","Cephaliarch's Flail","Radiant Destruction","Pragmatic Fatecarver","Death Stroke","Stampede","Resolving Vigor","Solar Barrage","Inspired Scholarship","Relentless Focus","The Languid Eye"
"Aetherian Archive","Trash Builds","https://www.esologs.com/reports/j12x3KYLJAVp4tBP#fight=7&type=summary&source=3","@RayDrxp","Ecliptic Holy Monarch","ass-dawn-herald-deadly-strike-perfected-slivers-of-the-null-arca","dps","Ass","Dawn","Herald","Perfected Slivers of the Null Arca","Deadly Strike","66704.9","4023.1","31.1","66704.9 DPS","","Slimecraw Mask (Slimecraw)","Perfected Null Arca Jack (Perfected Slivers of the Null Arca)","Deadly Arm Cops (Deadly Strike)","Perfected Null Arca Bracers (Perfected Slivers of the Null Arca)","","Perfected Null Arca Guards (Perfected Slivers of the Null Arca)","Perfected Null Arca Boots (Perfected Slivers of the Null Arca)","","Deadly Ring (Deadly Strike)","Deadly Ring (Deadly Strike)","Deadly Dagger (Deadly Strike)","Deadly Dagger (Deadly Strike)","The Maelstrom's Perfected Greatsword (Perfected Merciless Charge)"," ()","Pragmatic Fatecarver","Quick Cloak","Cephaliarch's Flail","Radiant Glory","Camouflaged Hunter","Soul Harvest","Stampede","Inspired Scholarship","Solar Barrage","Fulminating Rune","Relentless Focus","The Languid Eye"
"Aetherian Archive","Trash Builds","https://www.esologs.com/reports/j12x3KYLJAVp4tBP#fight=7&type=summary&source=10","@Bootyy","ßat","ass-dawn-herald-deadly-strike-perfected-slivers-of-the-null-arca","dps","Ass","Dawn","Herald","Deadly Strike","Perfected Slivers of the Null Arca","84912.1","4048.8","45.1","84912.1 DPS","","Deadly Helmet (Deadly Strike)","Perfected Null Arca Jack (Perfected Slivers of the Null Arca)","Slimecraw Epaulets (Slimecraw)","Perfected Null Arca Bracers (Perfected Slivers of the Null Arca)","","Perfected Null Arca Guards (Perfected Slivers of the Null Arca)","Perfected Null Arca Boots (Perfected Slivers of the Null Arca)","","Deadly Ring (Deadly Strike)","Deadly Ring (Deadly Strike)","Deadly Dagger (Deadly Strike)","Deadly Dagger (Deadly Strike)","The Maelstrom's Perfected Greatsword (Perfected Merciless Charge)"," ()","Quick Cloak","Camouflaged Hunter","Cephaliarch's Flail","Radiant Destruction","Pragmatic Fatecarver","Death Stroke","Stampede","Resolving Vigor","Solar Barrage","Inspired Scholarship","Relentless Focus","The Languid Eye"
"Aetherian Archive","Trash Builds","https://www.esologs.com/reports/j12x3KYLJAVp4tBP#fight=7&type=summary&source=3","@RayDrxp","Ecliptic Holy Monarch","ass-dawn-herald-deadly-strike-perfected-slivers-of-the-null-arca","dps","Ass","Dawn","Herald","Perfected Slivers of the Null Arca","Deadly Strike","90398.8","2951.9","21.1","90398.8 DPS","","Slimecraw Mask (Slimecraw)","Perfected Null Arca Jack (Perfected Slivers of the Null Arca)","Deadly Arm Cops (Deadly Strike)","Perfected Null Arca Bracers (Perfected Slivers of the Null Arca)","","Perfected Null Arca Guards (Perfected Slivers of the Null Arca)","Perfected Null Arca Boots (Perfected Slivers of the Null Arca)","","Deadly Ring (Deadly Strike)","Deadly Ring (Deadly Strike)","Deadly Dagger (Deadly Strike)","Deadly Dagger (Deadly Strike)","The Maelstrom's Perfected Greatsword (Perfected Merciless Charge)"," ()","Pragmatic Fatecarver","Quick Cloak","Cephaliarch's Flail","Radiant Glory","Camouflaged Hunter","Soul Harvest","Stampede","Inspired Scholarship","Solar Barrage","Fulminating Rune","Relentless Focus","The Languid Eye"
