"Trial Name","Boss Name","ESO Logs Player Link","Player Handle","Character Name","Build Slug","Role","Subclass 1","Subclass 2","Subclass 3","Signature Set 1","Signature Set 2","DPS","HPS","CPM","Primary Metric","Mundus Stone","Gear: Head","Gear: Chest","Gear: Shoulders","Gear: Hands","Gear: Waist","Gear: Legs","Gear: Feet","Gear: Necklace","Gear: Ring1","Gear: Ring2","Gear: Main_Hand","Gear: Off_Hand","Gear: Backup_Main_Hand","Gear: Backup_Off_Hand","Bar 1 Ability 1","Bar 1 Ability 2","Bar 1 Ability 3","Bar 1 Ability 4","Bar 1 Ability 5","Bar 1 Ability 6","Bar 2 Ability 1","Bar 2 Ability 2","Bar 2 Ability 3","Bar 2 Ability 4","Bar 2 Ability 5","Bar 2 Ability 6"
"Asylum Sanctorium","Saint Olms the Just","https://www.esologs.com/reports/YGyWMz8p7hBVjq3J#fight=9&type=summary&source=4","@Aruu","Arüucanist","ass-dawn-herald-deadly-strike-perfected-slivers-of-the-null-arca","dps","Ass","Dawn","Herald","Perfected Slivers of the Null Arca","Deadly Strike","151601.3","10099.8","29.2","151601.3 DPS","","Perfected Null Arca Helmet (Perfected Slivers of the Null Arca)","Deadly Jack (Deadly Strike)","Slimecraw Arm Cops (Slimecraw)","Perfected Null Arca Bracers (Perfected Slivers of the Null Arca)","","Perfected Null Arca Guards (Perfected Slivers of the Null Arca)","Perfected Null Arca Boots (Perfected Slivers of the Null Arca)","","Deadly Ring (Deadly Strike)","Deadly Ring (Deadly Strike)","Deadly Dagger (Deadly Strike)","Deadly Dagger (Deadly Strike)","The Maelstrom's Perfected Greatsword (Perfected Merciless Charge)"," ()","Radiant Oppression","Exhausting Fatecarver","Camouflaged Hunter","Cephaliarch's Flail","Relentless Focus","Incapacitating Strike","Stampede","Inspired Scholarship","Solar Barrage","Fulminating Rune","Blood Frenzy","The Languid Eye"
"Asylum Sanctorium","Saint Olms the Just","https://www.esologs.com/reports/YGyWMz8p7hBVjq3J#fight=9&type=summary&source=104","@Aruu","Arüucanist","ass-dawn-herald-deadly-strike-perfected-slivers-of-the-null-arca","dps","Ass","Dawn","Herald","Perfected Slivers of the Null Arca","Deadly Strike","169642.6","4320.9","40.1","169642.6 DPS","","Perfected Null Arca Helmet (Perfected Slivers of the Null Arca)","Deadly Jack (Deadly Strike)","Slimecraw Arm Cops (Slimecraw)","Perfected Null Arca Bracers (Perfected Slivers of the Null Arca)","","Perfected Null Arca Guards (Perfected Slivers of the Null Arca)","Perfected Null Arca Boots (Perfected Slivers of the Null Arca)","","Deadly Ring (Deadly Strike)","Deadly Ring (Deadly Strike)","Deadly Dagger (Deadly Strike)","Deadly Dagger (Deadly Strike)","The Maelstrom's Perfected Greatsword (Perfected Merciless Charge)"," ()","Radiant Oppression","Pragmatic Fatecarver","Camouflaged Hunter","Cephaliarch's Flail","Quick Cloak","Incapacitating Strike","Stampede","Inspired Scholarship","Solar Barrage","Fulminating Rune","Shadow Silk","The Languid Eye"
"Asylum Sanctorium","Saint Olms the Just","https://www.esologs.com/reports/YGyWMz8p7hBVjq3J#fight=9&type=summary&source=77","@damage_1","Super Saiyajin Green God","ass-dawn-herald-deadly-strike-perfected-slivers-of-the-null-arca","dps","Ass","Dawn","Herald","Perfected Slivers of the Null Arca","Deadly Strike","156894.2","4670.8","24.5","156894.2 DPS","","Slimecraw Mask (Slimecraw)","Perfected Null Arca Jack (Perfected Slivers of the Null Arca)","Perfected Null Arca Arm Cops (Perfected Slivers of the Null Arca)","Perfected Null Arca Bracers (Perfected Slivers of the Null Arca)","","Perfected Null Arca Guards (Perfected Slivers of the Null Arca)","Perfected Null Arca Boots (Perfected Slivers of the Null Arca)","","Deadly Ring (Deadly Strike)","Deadly Ring (Deadly Strike)","Deadly Dagger (Deadly Strike)","Deadly Dagger (Deadly Strike)","The Maelstrom's Perfected Greatsword (Perfected Merciless Charge)"," ()","Cephaliarch's Flail","Pragmatic Fatecarver","Quick Cloak","Radiant Oppression","Banner Bearer","Incapacitating Strike","Stampede","Solar Barrage","Inspired Scholarship","Merciless Resolve","Banner Bearer","The Languid Eye"
"Asylum Sanctorium","Saint Olms the Just","https://www.esologs.com/reports/YGyWMz8p7hBVjq3J#fight=9&type=summary&source=10","@Aruu67","Chris Rockanist","ass-dawn-herald-deadly-strike-perfected-slivers-of-the-null-arca","dps","Ass","Dawn","Herald","Perfected Slivers of the Null Arca","Deadly Strike","162831.3","3659.4","39.9","162831.3 DPS","","Slimecraw Guise (Slimecraw)","Perfected Null Arca Jack (Perfected Slivers of the Null Arca)","Deadly Arm Cops (Deadly Strike)","Perfected Null Arca Bracers (Perfected Slivers of the Null Arca)","","Perfected Null Arca Guards (Perfected Slivers of the Null Arca)","Perfected Null Arca Boots (Perfected Slivers of the Null Arca)","","Deadly Ring (Deadly Strike)","Deadly Ring (Deadly Strike)","Deadly Dagger (Deadly Strike)","Deadly Dagger (Deadly Strike)","The Maelstrom's Perfected Greatsword (Perfected Merciless Charge)"," ()","Banner Bearer","Pragmatic Fatecarver","Radiant Oppression","Cephaliarch's Flail","Camouflaged Hunter","Incapacitating Strike","Stampede","Inspired Scholarship","Solar Barrage","Fulminating Rune","Banner Bearer","The Languid Eye"
"Asylum Sanctorium","Saint Olms the Just","https://www.esologs.com/reports/YGyWMz8p7hBVjq3J#fight=9&type=summary&source=8","@damage_1","Super Saiyajin Green God","ass-dawn-herald-deadly-strike-perfected-slivers-of-the-null-arca","dps","Ass","Dawn","Herald","Perfected Slivers of the Null Arca","Deadly Strike","162675.9","5588.3","25.2","162675.9 DPS","","Slimecraw Mask (Slimecraw)","Perfected Null Arca Jack (Perfected Slivers of the Null Arca)","Perfected Null Arca Arm Cops (Perfected Slivers of the Null Arca)","Perfected Null Arca Bracers (Perfected Slivers of the Null Arca)","","Perfected Null Arca Guards (Perfected Slivers of the Null Arca)","Perfected Null Arca Boots (Perfected Slivers of the Null Arca)","","Deadly Ring (Deadly Strike)","Deadly Ring (Deadly Strike)","Deadly Dagger (Deadly Strike)","Deadly Dagger (Deadly Strike)","The Maelstrom's Perfected Greatsword (Perfected Merciless Charge)"," ()","Cephaliarch's Flail","Pragmatic Fatecarver","Camouflaged Hunter","Radiant Oppression","Banner Bearer","Incapacitating Strike","Stampede","Solar Barrage","Inspired Scholarship","Concealed Weapon","Banner Bearer","The Languid Eye"
"Asylum Sanctorium","Saint Olms the Just","https://www.esologs.com/reports/YGyWMz8p7hBVjq3J#fight=9&type=summary&source=10","@Aruu","Arüucanist","ass-dawn-herald-deadly-strike-perfected-slivers-of-the-null-arca","dps","Ass","Dawn","Herald","Perfected Slivers of the Null Arca","Deadly Strike","174649.0","4470.8","34.6","174649.0 DPS","","Perfected Null Arca Helmet (Perfected Slivers of the Null Arca)","Deadly Jack (Deadly Strike)","Slimecraw Arm Cops (Slimecraw)","Perfected Null Arca Bracers (Perfected Slivers of the Null Arca)","","Perfected Null Arca Guards (Perfected Slivers of the Null Arca)","Perfected Null Arca Boots (Perfected Slivers of the Null Arca)","","Deadly Ring (Deadly Strike)","Deadly Ring (Deadly Strike)","Deadly Dagger (Deadly Strike)","Deadly Dagger (Deadly Strike)","The Maelstrom's Perfected Greatsword (Perfected Merciless Charge)"," ()","Radiant Oppression","Pragmatic Fatecarver","Camouflaged Hunter","Cephaliarch's Flail","Quick Cloak","Incapacitating Strike","Stampede","Inspired Scholarship","Solar Barrage","Fulminating Rune","Vampire's Bane","The Languid Eye"
"Asylum Sanctorium","Saint Olms the Just","https://www.esologs.com/reports/YGyWMz8p7hBVjq3J#fight=9&type=summary&source=3","@Aruu","Arüu","ass-dawn-herald-deadly-strike-perfected-slivers-of-the-null-arca","dps","Ass","Dawn","Herald","Deadly Strike","Perfected Slivers of the Null Arca","126382.7","3663.5","32.6","126382.7 DPS","","Deadly Helmet (Deadly Strike)","Perfected Null Arca Jack (Perfected Slivers of the Null Arca)","Slimecraw Arm Cops (Slimecraw)","Perfected Null Arca Bracers (Perfected Slivers of the Null Arca)","","Perfected Null Arca Guards (Perfected Slivers of the Null Arca)","Perfected Null Arca Boots (Perfected Slivers of the Null Arca)","","Deadly Ring (Deadly Strike)","Deadly Ring (Deadly Strike)","Deadly Dagger (Deadly Strike)","Deadly Dagger (Deadly Strike)","The Maelstrom's Perfected Greatsword (Perfected Merciless Charge)"," ()","Radiant Oppression","Pragmatic Fatecarver","Camouflaged Hunter","Cephaliarch's Flail","Quick Cloak","Incapacitating Strike","Stampede","Inspired Scholarship","Solar Barrage","Fulminating Rune","Vampire's Bane","The Languid Eye"
"Asylum Sanctorium","Saint Olms the Just","https://www.esologs.com/reports/YGyWMz8p7hBVjq3J#fight=9&type=summary&source=10","@IgnDarius","Darius Skr","ass-dawn-herald-deadly-strike-perfected-slivers-of-the-null-arca","dps","Ass","Dawn","Herald","Perfected Slivers of the Null Arca","Deadly Strike","123791.0","8226.6","40.3","123791.0 DPS","","Slimecraw Mask (Slimecraw)","Perfected Null Arca Jack (Perfected Slivers of the Null Arca)","Deadly Arm Cops (Deadly Strike)","Perfected Null Arca Bracers (Perfected Slivers of the Null Arca)","","Perfected Null Arca Guards (Perfected Slivers of the Null Arca)","Perfected Null Arca Boots (Perfected Slivers of the Null Arca)","","Deadly Ring (Deadly Strike)","Deadly Ring (Deadly Strike)","Deadly Dagger (Deadly Strike)","Deadly Dagger (Deadly Strike)","The Maelstrom's Perfected Greatsword (Perfected Merciless Charge)"," ()","Camouflaged Hunter","Quick Cloak","Cephaliarch's Flail","Pragmatic Fatecarver","Radiant Glory","Incapacitating Strike","Scalding Rune","Stampede","Fulminating Rune","Solar Barrage","Inspired Scholarship","The Languid Eye"
"Asylum Sanctorium","Saint Olms the Just","https://www.esologs.com/reports/YGyWMz8p7hBVjq3J#fight=9&type=summary&source=6","@currymaster123","urthipuj","ass-dawn-herald-deadly-strike-perfected-slivers-of-the-null-arca","dps","Ass","Dawn","Herald","Perfected Slivers of the Null Arca","Deadly Strike","99113.8","5998.8","40.3","99113.8 DPS","","Slimecraw Mask (Slimecraw)","Perfected Null Arca Jack (Perfected Slivers of the Null Arca)","Perfected Null Arca Arm Cops (Perfected Slivers of the Null Arca)","Perfected Null Arca Bracers (Perfected Slivers of the Null Arca)","","Perfected Null Arca Guards (Perfected Slivers of the Null Arca)","Deadly Boots (Deadly Strike)","","Deadly Ring (Deadly Strike)","Deadly Ring (Deadly Strike)","Deadly Dagger (Deadly Strike)","Deadly Dagger (Deadly Strike)","The Maelstrom's Perfected Greatsword (Perfected Merciless Charge)"," ()","Cephaliarch's Flail","Radiant Glory","Banner Bearer","Pragmatic Fatecarver","Quick Cloak","Soul Harvest","Solar Barrage","Banner Bearer","Inspired Scholarship","Relentless Focus","Stampede","The Languid Eye"
"Asylum Sanctorium","Saint Olms the Just","https://www.esologs.com/reports/YGyWMz8p7hBVjq3J#fight=9&type=summary&source=13","@Nahlot_Sunvaar","Jetfuel can't melt beams","ass-dawn-herald-deadly-strike-perfected-slivers-of-the-null-arca","dps","Ass","Dawn","Herald","Perfected Slivers of the Null Arca","Deadly Strike","104932.4","8642.8","32.0","104932.4 DPS","","Slimecraw Mask (Slimecraw)","Perfected Null Arca Jack (Perfected Slivers of the Null Arca)","Deadly Arm Cops (Deadly Strike)","Perfected Null Arca Bracers (Perfected Slivers of the Null Arca)","","Perfected Null Arca Guards (Perfected Slivers of the Null Arca)","Perfected Null Arca Boots (Perfected Slivers of the Null Arca)","","Deadly Ring (Deadly Strike)","Deadly Ring (Deadly Strike)","Deadly Dagger (Deadly Strike)","Deadly Dagger (Deadly Strike)","The Maelstrom's Perfected Bow (Perfected Thunderous Volley)"," ()","Camouflaged Hunter","Radiant Oppression","Pragmatic Fatecarver","Cephaliarch's Flail","Quick Cloak","Incapacitating Strike","Solar Barrage","Fulminating Rune","Stampede","Inspired Scholarship","Camouflaged Hunter","The Languid Eye"
"Asylum Sanctorium","Saint Olms the Just","https://www.esologs.com/reports/YGyWMz8p7hBVjq3J#fight=9&type=summary&source=457","@Valjaria","Val Kyma","ass-dawn-herald-deadly-strike-perfected-slivers-of-the-null-arca","dps","Ass","Dawn","Herald","Perfected Slivers of the Null Arca","Deadly Strike","123842.8","6951.0","39.7","123842.8 DPS","","Zaan Guise (Zaan)","Perfected Null Arca Jack (Perfected Slivers of the Null Arca)","Perfected Null Arca Arm Cops (Perfected Slivers of the Null Arca)","Perfected Null Arca Bracers (Perfected Slivers of the Null Arca)","","Perfected Null Arca Guards (Perfected Slivers of the Null Arca)","Perfected Null Arca Boots (Perfected Slivers of the Null Arca)","","Deadly Ring (Deadly Strike)","Deadly Ring (Deadly Strike)","Deadly Dagger (Deadly Strike)","Deadly Dagger (Deadly Strike)","The Maelstrom's Perfected Greatsword (Perfected Merciless Charge)"," ()","Cephaliarch's Flail","Pragmatic Fatecarver","Radiant Glory","Quick Cloak","Camouflaged Hunter","Incapacitating Strike","Stampede","Fulminating Rune","Solar Barrage","Inspired Scholarship","Vampire's Bane","The Languid Eye"
"Asylum Sanctorium","Saint Olms the Just","https://www.esologs.com/reports/YGyWMz8p7hBVjq3J#fight=9&type=summary&source=2","@Coopersnoww","Adreno Snow","ass-dawn-herald-deadly-strike-perfected-slivers-of-the-null-arca","dps","Ass","Dawn","Herald","Deadly Strike","Perfected Slivers of the Null Arca","142373.0","2771.8","22.0","142373.0 DPS","","Zaan Guise (Zaan)","Deadly Jack (Deadly Strike)","Perfected Null Arca Arm Cops (Perfected Slivers of the Null Arca)","Perfected Null Arca Bracers (Perfected Slivers of the Null Arca)","","Perfected Null Arca Guards (Perfected Slivers of the Null Arca)","Deadly Boots (Deadly Strike)","","Perfected Null Arca Ring (Perfected Slivers of the Null Arca)","Perfected Null Arca Ring (Perfected Slivers of the Null Arca)","Deadly Dagger (Deadly Strike)","Deadly Dagger (Deadly Strike)","The Maelstrom's Perfected Greatsword (Perfected Merciless Charge)"," ()","Camouflaged Hunter","Quick Cloak","Radiant Oppression","Cephaliarch's Flail","Exhausting Fatecarver","Incapacitating Strike","Shadow Silk","Inspired Scholarship","Fulminating Rune","Stampede","Solar Barrage","The Languid Eye"
"Asylum Sanctorium","Saint Olms the Just","https://www.esologs.com/reports/YGyWMz8p7hBVjq3J#fight=9&type=summary&source=4","@R1VA","Angela Gossoẅ","ass-dawn-herald-deadly-strike-perfected-slivers-of-the-null-arca","dps","Ass","Dawn","Herald","Perfected Slivers of the Null Arca","Deadly Strike","86333.5","3717.1","17.8","86333.5 DPS","","Slimecraw Mask (Slimecraw)","Perfected Null Arca Jack (Perfected Slivers of the Null Arca)","Perfected Null Arca Arm Cops (Perfected Slivers of the Null Arca)","Perfected Null Arca Bracers (Perfected Slivers of the Null Arca)","","Perfected Null Arca Guards (Perfected Slivers of the Null Arca)","Perfected Null Arca Boots (Perfected Slivers of the Null Arca)","","Deadly Ring (Deadly Strike)","Deadly Ring (Deadly Strike)","Deadly Dagger (Deadly Strike)","Deadly Dagger (Deadly Strike)","The Maelstrom's Perfected Greatsword (Perfected Merciless Charge)"," ()","Camouflaged Hunter","Pragmatic Fatecarver","Cephaliarch's Flail","Radiant Glory","Banner Bearer","Incapacitating Strike","Stampede","Solar Barrage","Relentless Focus","Inspired Scholarship","Banner Bearer","The Languid Eye"
"Asylum Sanctorium","Saint Olms the Just","https://www.esologs.com/reports/YGyWMz8p7hBVjq3J#fight=9&type=summary&source=9","@Anorage","Ra'hirr-Zivrani","ass-dawn-herald-deadly-strike-perfected-slivers-of-the-null-arca","dps","Ass","Dawn","Herald","Perfected Slivers of the Null Arca","Deadly Strike","95974.0","11313.6","33.9","95974.0 DPS","","Slimecraw Guise (Slimecraw)","Perfected Null Arca Jack (Perfected Slivers of the Null Arca)","Deadly Arm Cops (Deadly Strike)","Perfected Null Arca Bracers (Perfected Slivers of the Null Arca)","","Perfected Null Arca Guards (Perfected Slivers of the Null Arca)","Perfected Null Arca Boots (Perfected Slivers of the Null Arca)","","Deadly Ring (Deadly Strike)","Deadly Ring (Deadly Strike)","Deadly Dagger (Deadly Strike)","Deadly Dagger (Deadly Strike)","The Maelstrom's Perfected Greatsword (Perfected Merciless Charge)"," ()","Camouflaged Hunter","Pragmatic Fatecarver","Cephaliarch's Flail","Radiant Glory","Quick Cloak","Soul Harvest","Inspired Scholarship","Concealed Weapon","Stampede","Solar Barrage","Fulminating Rune","The Languid Eye"
"Asylum Sanctorium","Saint Olms the Just","https://www.esologs.com/reports/YGyWMz8p7hBVjq3J#fight=9&type=summary&source=12","@Ryanater2302","Zynaccine Alfredo","ass-dawn-herald-deadly-strike-perfected-slivers-of-the-null-arca","dps","Ass","Dawn","Herald","Deadly Strike","Perfected Slivers of the Null Arca","130927.3","4616.9","35.5","130927.3 DPS","","Slimecraw Mask (Slimecraw)","Deadly Jack (Deadly Strike)","Deadly Arm Cops (Deadly Strike)","Deadly Bracers (Deadly Strike)","","Perfected Null Arca Guards (Perfected Slivers of the Null Arca)","Deadly Boots (Deadly Strike)","","Perfected Null Arca Ring (Perfected Slivers of the Null Arca)","Perfected Null Arca Ring (Perfected Slivers of the Null Arca)","Perfected Null Arca Dagger (Perfected Slivers of the Null Arca)","Perfected Null Arca Dagger (Perfected Slivers of the Null Arca)","The Maelstrom's Perfected Greatsword (Perfected Merciless Charge)"," ()","Quick Cloak","Cephaliarch's Flail","Pragmatic Fatecarver","Radiant Oppression","Camouflaged Hunter","Incapacitating Strike","Stampede","Solar Barrage","Concealed Weapon","Inspired Scholarship","Camouflaged Hunter","The Languid Eye"
"Asylum Sanctorium","Saint Olms the Just","https://www.esologs.com/reports/YGyWMz8p7hBVjq3J#fight=9&type=summary&source=2","@Lizardmonger","Accelegator","ass-dawn-herald-deadly-strike-perfected-slivers-of-the-null-arca","dps","Ass","Dawn","Herald","Perfected Slivers of the Null Arca","Deadly Strike","71390.6","4521.6","13.2","71390.6 DPS","","Slimecraw Guise (Slimecraw)","Perfected Null Arca Jack (Perfected Slivers of the Null Arca)","Deadly Arm Cops (Deadly Strike)","Perfected Null Arca Bracers (Perfected Slivers of the Null Arca)","","Perfected Null Arca Guards (Perfected Slivers of the Null Arca)","Perfected Null Arca Boots (Perfected Slivers of the Null Arca)","","Deadly Ring (Deadly Strike)","Deadly Ring (Deadly Strike)","Deadly Dagger (Deadly Strike)","Deadly Dagger (Deadly Strike)","The Maelstrom's Perfected Greatsword (Perfected Merciless Charge)"," ()","Cephaliarch's Flail","Pragmatic Fatecarver","Quick Cloak","Radiant Glory","Camouflaged Hunter","Soul Harvest","Inspired Scholarship","Solar Barrage","Stampede","Resolving Vigor","Relentless Focus","The Languid Eye"
"Asylum Sanctorium","Saint Olms the Just","https://www.esologs.com/reports/YGyWMz8p7hBVjq3J#fight=9&type=summary&source=10","@twopups","toopups","ass-dawn-herald-deadly-strike-perfected-slivers-of-the-null-arca","dps","Ass","Dawn","Herald","Perfected Slivers of the Null Arca","Deadly Strike","105173.4","4778.6","30.2","105173.4 DPS","","Slimecraw Guise (Slimecraw)","Perfected Null Arca Jack (Perfected Slivers of the Null Arca)","Perfected Null Arca Arm Cops (Perfected Slivers of the Null Arca)","Perfected Null Arca Bracers (Perfected Slivers of the Null Arca)","","Perfected Null Arca Guards (Perfected Slivers of the Null Arca)","Perfected Null Arca Boots (Perfected Slivers of the Null Arca)","","Deadly Ring (Deadly Strike)","Deadly Ring (Deadly Strike)","Deadly Dagger (Deadly Strike)","Deadly Dagger (Deadly Strike)","The Maelstrom's Perfected Greatsword (Perfected Merciless Charge)"," ()","Pragmatic Fatecarver","Cephaliarch's Flail","Quick Cloak","Radiant Oppression","Camouflaged Hunter","Incapacitating Strike","Fulminating Rune","Stampede","Inspired Scholarship","Solar Barrage","Relentless Focus","The Languid Eye"
"Asylum Sanctorium","Saint Olms the Just","https://www.esologs.com/reports/YGyWMz8p7hBVjq3J#fight=9&type=summary&source=11","@Br1m","ukratose","ass-dawn-herald-deadly-strike-perfected-slivers-of-the-null-arca","dps","Ass","Dawn","Herald","Perfected Slivers of the Null Arca","Deadly Strike","99825.9","3893.3","30.6","99825.9 DPS","","Slimecraw Guise (Slimecraw)","Perfected Null Arca Jack (Perfected Slivers of the Null Arca)","Deadly Arm Cops (Deadly Strike)","Perfected Null Arca Bracers (Perfected Slivers of the Null Arca)","","Perfected Null Arca Guards (Perfected Slivers of the Null Arca)","Perfected Null Arca Boots (Perfected Slivers of the Null Arca)","","Deadly Ring (Deadly Strike)","Deadly Ring (Deadly Strike)","Deadly Dagger (Deadly Strike)","Deadly Dagger (Deadly Strike)","The Maelstrom's Greatsword (Merciless Charge)"," ()","Quick Cloak","Radiant Glory","Cephaliarch's Flail","Pragmatic Fatecarver","Camouflaged Hunter","Incapacitating Strike","Stampede","Solar Barrage","Fulminating Rune","Inspired Scholarship","Concealed Weapon","The Languid Eye"
"Asylum Sanctorium","Saint Olms the Just","https://www.esologs.com/reports/YGyWMz8p7hBVjq3J#fight=9&type=summary&source=5","@Darth_Crusoe","Cru'søe","ass-dawn-herald-deadly-strike-perfected-slivers-of-the-null-arca","dps","Ass","Dawn","Herald","Deadly Strike","Perfected Slivers of the Null Arca","83502.6","4448.6","38.0","83502.6 DPS","","Slimecraw Guise (Slimecraw)","Deadly Jack (Deadly Strike)","Perfected Null Arca Arm Cops (Perfected Slivers of the Null Arca)","Deadly Bracers (Deadly Strike)","","Deadly Guards (Deadly Strike)","Deadly Boots (Deadly Strike)","","Perfected Null Arca Ring (Perfected Slivers of the Null Arca)","Perfected Null Arca Ring (Perfected Slivers of the Null Arca)","Perfected Null Arca Dagger (Perfected Slivers of the Null Arca)","Perfected Null Arca Dagger (Perfected Slivers of the Null Arca)","The Maelstrom's Perfected Greatsword (Perfected Merciless Charge)"," ()","Camouflaged Hunter","Radiant Glory","Pragmatic Fatecarver","Cephaliarch's Flail","Quick Cloak","Soul Harvest","Merciless Resolve","Resolving Vigor","Stampede","Solar Barrage","Inspired Scholarship","The Languid Eye"
"Asylum Sanctorium","Saint Olms the Just","https://www.esologs.com/reports/YGyWMz8p7hBVjq3J#fight=9&type=summary&source=2","@Maccies","'Chadplar","ass-dawn-herald-deadly-strike-perfected-slivers-of-the-null-arca","dps","Ass","Dawn","Herald","Perfected Slivers of the Null Arca","Deadly Strike","77591.1","9866.7","24.1","77591.1 DPS","","Slimecraw Mask (Slimecraw)","Perfected Null Arca Jack (Perfected Slivers of the Null Arca)","Deadly Arm Cops (Deadly Strike)","Perfected Null Arca Bracers (Perfected Slivers of the Null Arca)","","Perfected Null Arca Guards (Perfected Slivers of the Null Arca)","Perfected Null Arca Boots (Perfected Slivers of the Null Arca)","","Deadly Ring (Deadly Strike)","Deadly Ring (Deadly Strike)","Deadly Dagger (Deadly Strike)","Deadly Dagger (Deadly Strike)","The Master's Perfected Bow (Perfected Caustic Arrow)"," ()","Pragmatic Fatecarver","Quick Cloak","Camouflaged Hunter","Cephaliarch's Flail","Radiant Glory","Incapacitating Strike","Inspired Scholarship","Poison Injection","Resolving Vigor","Endless Hail","Solar Barrage","The Languid Eye"
"Asylum Sanctorium","Saint Olms the Just","https://www.esologs.com/reports/YGyWMz8p7hBVjq3J#fight=9&type=summary&source=10","@Miragent","Naked Altmer","ass-dawn-herald-deadly-strike-perfected-slivers-of-the-null-arca","dps","Ass","Dawn","Herald","Perfected Slivers of the Null Arca","Deadly Strike","48531.3","3374.8","24.1","48531.3 DPS","","Slimecraw Mask (Slimecraw)","Perfected Null Arca Jack (Perfected Slivers of the Null Arca)","Deadly Arm Cops (Deadly Strike)","Perfected Null Arca Bracers (Perfected Slivers of the Null Arca)","","Perfected Null Arca Guards (Perfected Slivers of the Null Arca)","Perfected Null Arca Boots (Perfected Slivers of the Null Arca)","","Deadly Ring (Deadly Strike)","Deadly Ring (Deadly Strike)","Deadly Dagger (Deadly Strike)","Deadly Dagger (Deadly Strike)","The Master's Perfected Bow (Perfected Caustic Arrow)"," ()","Cephaliarch's Flail","Pragmatic Fatecarver","Radiant Glory","Quick Cloak","Camouflaged Hunter","Soul Harvest","Fulminating Rune","Endless Hail","Poison Injection","Inspired Scholarship","Solar Barrage","The Languid Eye"
"Asylum Sanctorium","Saint Olms the Just","https://www.esologs.com/reports/YGyWMz8p7hBVjq3J#fight=9&type=summary&source=11","@HuffyTheFox","Okami no kami","ass-dawn-herald-deadly-strike-perfected-slivers-of-the-null-arca","dps","Ass","Dawn","Herald","Deadly Strike","Perfected Slivers of the Null Arca","93932.4","4476.9","41.7","93932.4 DPS","","Deadly Helmet (Deadly Strike)","Perfected Null Arca Jack (Perfected Slivers of the Null Arca)","Zaan Epaulets (Zaan)","Perfected Null Arca Bracers (Perfected Slivers of the Null Arca)","","Perfected Null Arca Guards (Perfected Slivers of the Null Arca)","Perfected Null Arca Boots (Perfected Slivers of the Null Arca)","","Deadly Ring (Deadly Strike)","Deadly Ring (Deadly Strike)","Deadly Dagger (Deadly Strike)","Deadly Dagger (Deadly Strike)","The Master's Perfected Bow (Perfected Caustic Arrow)"," ()","Pragmatic Fatecarver","Radiant Glory","Cephaliarch's Flail","Camouflaged Hunter","Quick Cloak","Incapacitating Strike","Camouflaged Hunter","Endless Hail","Solar Barrage","Inspired Scholarship","Poison Injection","The Languid Eye"
"Asylum Sanctorium","Saint Olms the Just","https://www.esologs.com/reports/YGyWMz8p7hBVjq3J#fight=9&type=summary&source=6","@birdy42","Gromash He'llbeam","ass-dawn-herald-deadly-strike-perfected-slivers-of-the-null-arca","dps","Ass","Dawn","Herald","Perfected Slivers of the Null Arca","Deadly Strike","74407.6","3602.5","22.9","74407.6 DPS","","Slimecraw Mask (Slimecraw)","Perfected Null Arca Jack (Perfected Slivers of the Null Arca)","Deadly Arm Cops (Deadly Strike)","Deadly Bracers (Deadly Strike)","","Perfected Null Arca Guards (Perfected Slivers of the Null Arca)","Perfected Null Arca Boots (Perfected Slivers of the Null Arca)","","Perfected Null Arca Ring (Perfected Slivers of the Null Arca)","Perfected Null Arca Ring (Perfected Slivers of the Null Arca)","Deadly Dagger (Deadly Strike)","Deadly Dagger (Deadly Strike)","The Master's Perfected Bow (Perfected Caustic Arrow)"," ()","Pragmatic Fatecarver","Cephaliarch's Flail","Radiant Glory","Camouflaged Hunter","Quick Cloak","Incapacitating Strike","Poison Injection","Endless Hail","Inspired Scholarship","Camouflaged Hunter","Fulminating Rune","The Languid Eye"
"Asylum Sanctorium","Saint Olms the Just","https://www.esologs.com/reports/YGyWMz8p7hBVjq3J#fight=9&type=summary&source=4","@Rexeyas","Cream of the Crux","ass-dawn-herald-deadly-strike-perfected-slivers-of-the-null-arca","dps","Ass","Dawn","Herald","Perfected Slivers of the Null Arca","Deadly Strike","75617.2","4509.4","40.4","75617.2 DPS","","Slimecraw Mask (Slimecraw)","Perfected Null Arca Jack (Perfected Slivers of the Null Arca)","Deadly Arm Cops (Deadly Strike)","Perfected Null Arca Bracers (Perfected Slivers of the Null Arca)","","Perfected Null Arca Guards (Perfected Slivers of the Null Arca)","Perfected Null Arca Boots (Perfected Slivers of the Null Arca)","","Deadly Ring (Deadly Strike)","Deadly Ring (Deadly Strike)","Deadly Dagger (Deadly Strike)","Deadly Dagger (Deadly Strike)","The Master's Perfected Bow (Perfected Caustic Arrow)"," ()","Quick Cloak","Radiant Glory","Cephaliarch's Flail","Camouflaged Hunter","Pragmatic Fatecarver","Incapacitating Strike","Inspired Scholarship","Solar Barrage","Poison Injection","Camouflaged Hunter","Endless Hail","The Languid Eye"
"Asylum Sanctorium","Saint Olms the Just","https://www.esologs.com/reports/YGyWMz8p7hBVjq3J#fight=9&type=summary&source=11","@twopups","toopups","ass-dawn-herald-deadly-strike-perfected-slivers-of-the-null-arca","dps","Ass","Dawn","Herald","Perfected Slivers of the Null Arca","Deadly Strike","70664.4","4570.5","21.5","70664.4 DPS","","Slimecraw Guise (Slimecraw)","Perfected Null Arca Jack (Perfected Slivers of the Null Arca)","Perfected Null Arca Arm Cops (Perfected Slivers of the Null Arca)","Perfected Null Arca Bracers (Perfected Slivers of the Null Arca)","","Perfected Null Arca Guards (Perfected Slivers of the Null Arca)","Perfected Null Arca Boots (Perfected Slivers of the Null Arca)","","Deadly Ring (Deadly Strike)","Deadly Ring (Deadly Strike)","Deadly Dagger (Deadly Strike)","Deadly Dagger (Deadly Strike)","The Maelstrom's Perfected Greatsword (Perfected Merciless Charge)"," ()","Pragmatic Fatecarver","Cephaliarch's Flail","Radiant Oppression","Camouflaged Hunter","Banner Bearer","Incapacitating Strike","Fulminating Rune","Stampede","Inspired Scholarship","Solar Barrage","Banner Bearer","The Languid Eye"
"Asylum Sanctorium","Saint Olms the Just","https://www.esologs.com/reports/YGyWMz8p7hBVjq3J#fight=9&type=summary&source=7","@Gopher07","Dase Trolleri","ass-dawn-herald-perfected-slivers-of-the-null-arca-tide-born-wildstalker","dps","Ass","Dawn","Herald","Perfected Slivers of the Null Arca","Tide-Born Wildstalker","153261.0","381.9","77.0","153261.0 DPS",""," (Huntsman's Warmask)","Perfected Null Arca Jack (Perfected Slivers of the Null Arca)","Slimecraw Arm Cops (Slimecraw)","Perfected Null Arca Bracers (Perfected Slivers of the Null Arca)","","Perfected Null Arca Guards (Perfected Slivers of the Null Arca)","Perfected Null Arca Boots (Perfected Slivers of the Null Arca)","","Tide-Born Ring (Tide-Born Wildstalker)","Tide-Born Ring (Tide-Born Wildstalker)","Tide-Born Dagger (Tide-Born Wildstalker)","Tide-Born Dagger (Tide-Born Wildstalker)","The Maelstrom's Perfected Greatsword (Perfected Merciless Charge)"," ()","Power of the Light","Tentacular Dread","Escalating Runeblades","Radiant Oppression","Relentless Focus","Incapacitating Strike","Inspired Scholarship","Stampede","Solar Barrage","Barbed Trap","Vampire's Bane","The Languid Eye"
"Asylum Sanctorium","Saint Olms the Just","https://www.esologs.com/reports/YGyWMz8p7hBVjq3J#fight=9&type=summary&source=2","@Coopersnoww","Adreno Snow","ass-dawn-herald-perfected-slivers-of-the-null-arca-tide-born-wildstalker","dps","Ass","Dawn","Herald","Tide-Born Wildstalker","Perfected Slivers of the Null Arca","132556.7","492.7","55.7","132556.7 DPS",""," (Huntsman's Warmask)","Tide-Born Jack (Tide-Born Wildstalker)","Zaan Arm Cops (Zaan)","Perfected Null Arca Bracers (Perfected Slivers of the Null Arca)","","Perfected Null Arca Guards (Perfected Slivers of the Null Arca)","Tide-Born Boots (Tide-Born Wildstalker)","","Perfected Null Arca Ring (Perfected Slivers of the Null Arca)","Perfected Null Arca Ring (Perfected Slivers of the Null Arca)","Tide-Born Dagger (Tide-Born Wildstalker)","Tide-Born Dagger (Tide-Born Wildstalker)","The Maelstrom's Perfected Greatsword (Perfected Merciless Charge)"," ()","Power of the Light","Tentacular Dread","Radiant Oppression","Escalating Runeblades","Relentless Focus","Incapacitating Strike","Barbed Trap","Inspired Scholarship","Fulminating Rune","Stampede","Solar Barrage","The Languid Eye"
"Asylum Sanctorium","Saint Olms the Just","https://www.esologs.com/reports/YGyWMz8p7hBVjq3J#fight=9&type=summary&source=11","@damage_1","Super Saiyajin Green God","ass-dawn-herald-perfected-slivers-of-the-null-arca-tide-born-wildstalker","dps","Ass","Dawn","Herald","Perfected Slivers of the Null Arca","Tide-Born Wildstalker","138276.4","3238.5","23.9","138276.4 DPS","","Slimecraw Mask (Slimecraw)","Perfected Null Arca Jack (Perfected Slivers of the Null Arca)","Perfected Null Arca Arm Cops (Perfected Slivers of the Null Arca)","Perfected Null Arca Bracers (Perfected Slivers of the Null Arca)","","Perfected Null Arca Guards (Perfected Slivers of the Null Arca)","Perfected Null Arca Boots (Perfected Slivers of the Null Arca)","","Tide-Born Ring (Tide-Born Wildstalker)","Tide-Born Ring (Tide-Born Wildstalker)","Tide-Born Dagger (Tide-Born Wildstalker)","Tide-Born Dagger (Tide-Born Wildstalker)","The Maelstrom's Perfected Greatsword (Perfected Merciless Charge)"," ()","Cephaliarch's Flail","Pragmatic Fatecarver","Camouflaged Hunter","Radiant Oppression","Banner Bearer","Incapacitating Strike","Stampede","Solar Barrage","Inspired Scholarship","Concealed Weapon","Banner Bearer","The Languid Eye"
"Asylum Sanctorium","Saint Olms the Just","https://www.esologs.com/reports/YGyWMz8p7hBVjq3J#fight=9&type=summary&source=41","@JacobWasTake'n","Book Enthusiast","ass-dawn-herald-perfected-slivers-of-the-null-arca-tide-born-wildstalker","dps","Ass","Dawn","Herald","Perfected Slivers of the Null Arca","Tide-Born Wildstalker","194570.6","6230.1","75.4","194570.6 DPS","The Thief"," (Huntsman's Warmask)","Perfected Null Arca Jack (Perfected Slivers of the Null Arca)","Slimecraw Arm Cops (Slimecraw)","Perfected Null Arca Bracers (Perfected Slivers of the Null Arca)","","Perfected Null Arca Guards (Perfected Slivers of the Null Arca)","Perfected Null Arca Boots (Perfected Slivers of the Null Arca)","","Tide-Born Ring (Tide-Born Wildstalker)","Tide-Born Ring (Tide-Born Wildstalker)","Tide-Born Bow (Tide-Born Wildstalker)"," ()","The Maelstrom's Perfected Greatsword (Perfected Merciless Charge)"," ()","Radiant Oppression","Relentless Focus","Tentacular Dread","Escalating Runeblades","Power of the Light","Incapacitating Strike","Barbed Trap","Stampede","Inspired Scholarship","Solar Barrage","Vampire's Bane","The Languid Eye"
"Asylum Sanctorium","Saint Olms the Just","https://www.esologs.com/reports/YGyWMz8p7hBVjq3J#fight=9&type=summary&source=105","@Invisiblx-IV","Malnourished Crack Bandit","ass-dawn-herald-perfected-slivers-of-the-null-arca-tide-born-wildstalker","dps","Ass","Dawn","Herald","Perfected Slivers of the Null Arca","Tide-Born Wildstalker","165918.0","6101.4","83.2","165918.0 DPS",""," (Huntsman's Warmask)","Perfected Null Arca Jack (Perfected Slivers of the Null Arca)","Zaan Epaulets (Zaan)","Perfected Null Arca Bracers (Perfected Slivers of the Null Arca)","","Perfected Null Arca Guards (Perfected Slivers of the Null Arca)","Perfected Null Arca Boots (Perfected Slivers of the Null Arca)","","Tide-Born Ring (Tide-Born Wildstalker)","Tide-Born Ring (Tide-Born Wildstalker)","Tide-Born Dagger (Tide-Born Wildstalker)","Tide-Born Dagger (Tide-Born Wildstalker)","The Maelstrom's Perfected Bow (Perfected Thunderous Volley)"," ()","Escalating Runeblades","Tentacular Dread","Relentless Focus","Power of the Light","Radiant Oppression","Incapacitating Strike","Vampire's Bane","Stampede","Barbed Trap","Solar Barrage","Inspired Scholarship","The Languid Eye"
"Asylum Sanctorium","Saint Olms the Just","https://www.esologs.com/reports/YGyWMz8p7hBVjq3J#fight=9&type=summary&source=43","@Coopersnoww","Adreno Snow","ass-dawn-herald-perfected-slivers-of-the-null-arca-tide-born-wildstalker","dps","Ass","Dawn","Herald","Tide-Born Wildstalker","Perfected Slivers of the Null Arca","177030.0","5881.6","77.3","177030.0 DPS",""," (Huntsman's Warmask)","Tide-Born Jack (Tide-Born Wildstalker)","Zaan Arm Cops (Zaan)","Perfected Null Arca Bracers (Perfected Slivers of the Null Arca)","","Perfected Null Arca Guards (Perfected Slivers of the Null Arca)","Tide-Born Boots (Tide-Born Wildstalker)","","Perfected Null Arca Ring (Perfected Slivers of the Null Arca)","Perfected Null Arca Ring (Perfected Slivers of the Null Arca)","Tide-Born Dagger (Tide-Born Wildstalker)","Tide-Born Dagger (Tide-Born Wildstalker)","The Maelstrom's Perfected Greatsword (Perfected Merciless Charge)"," ()","Power of the Light","Tentacular Dread","Radiant Oppression","Escalating Runeblades","Relentless Focus","Incapacitating Strike","Barbed Trap","Inspired Scholarship","Fulminating Rune","Stampede","Solar Barrage","The Languid Eye"
"Asylum Sanctorium","Saint Olms the Just","https://www.esologs.com/reports/YGyWMz8p7hBVjq3J#fight=9&type=summary&source=12","@Rare_Form","Stamnist","ass-dawn-herald-perfected-slivers-of-the-null-arca-tide-born-wildstalker","dps","Ass","Dawn","Herald","Perfected Slivers of the Null Arca","Tide-Born Wildstalker","151424.0","2838.8","69.1","151424.0 DPS",""," (Huntsman's Warmask)","Perfected Null Arca Jack (Perfected Slivers of the Null Arca)","Slimecraw Arm Cops (Slimecraw)","Perfected Null Arca Bracers (Perfected Slivers of the Null Arca)","","Perfected Null Arca Guards (Perfected Slivers of the Null Arca)","Perfected Null Arca Boots (Perfected Slivers of the Null Arca)","","Tide-Born Ring (Tide-Born Wildstalker)","Tide-Born Ring (Tide-Born Wildstalker)","Tide-Born Dagger (Tide-Born Wildstalker)","Tide-Born Dagger (Tide-Born Wildstalker)","The Maelstrom's Perfected Greatsword (Perfected Merciless Charge)"," ()","Escalating Runeblades","Relentless Focus","Power of the Light","Radiant Oppression","Tentacular Dread","Incapacitating Strike","Stampede","Barbed Trap","Vampire's Bane","Solar Barrage","Inspired Scholarship","The Languid Eye"
"Asylum Sanctorium","Saint Olms the Just","https://www.esologs.com/reports/YGyWMz8p7hBVjq3J#fight=9&type=summary&source=8","@Immortalized007","Ábsølutîòñ","ass-dawn-herald-perfected-slivers-of-the-null-arca-tide-born-wildstalker","dps","Ass","Dawn","Herald","Tide-Born Wildstalker","Perfected Slivers of the Null Arca","104926.5","2824.6","30.0","104926.5 DPS","","Tide-Born Helmet (Tide-Born Wildstalker)","Perfected Null Arca Jack (Perfected Slivers of the Null Arca)","Slimecraw Epaulets (Slimecraw)","Perfected Null Arca Bracers (Perfected Slivers of the Null Arca)","","Perfected Null Arca Guards (Perfected Slivers of the Null Arca)","Perfected Null Arca Boots (Perfected Slivers of the Null Arca)","","Tide-Born Ring (Tide-Born Wildstalker)","Tide-Born Ring (Tide-Born Wildstalker)","Tide-Born Dagger (Tide-Born Wildstalker)","Tide-Born Dagger (Tide-Born Wildstalker)","The Maelstrom's Perfected Greatsword (Perfected Merciless Charge)"," ()","Radiant Oppression","Camouflaged Hunter","Cephaliarch's Flail","Exhausting Fatecarver","Quick Cloak","Soul Harvest","Stampede","Concealed Weapon","Fulminating Rune","Inspired Scholarship","Solar Barrage","The Languid Eye"
"Asylum Sanctorium","Saint Olms the Just","https://www.esologs.com/reports/YGyWMz8p7hBVjq3J#fight=9&type=summary&source=3","@twopups","twocrux","ass-dawn-herald-perfected-slivers-of-the-null-arca-tide-born-wildstalker","dps","Ass","Dawn","Herald","Perfected Slivers of the Null Arca","Tide-Born Wildstalker","128197.8","3450.7","32.5","128197.8 DPS","","Slimecraw Guise (Slimecraw)","Perfected Null Arca Jack (Perfected Slivers of the Null Arca)","Perfected Null Arca Arm Cops (Perfected Slivers of the Null Arca)","Perfected Null Arca Bracers (Perfected Slivers of the Null Arca)","","Perfected Null Arca Guards (Perfected Slivers of the Null Arca)","Perfected Null Arca Boots (Perfected Slivers of the Null Arca)","","Tide-Born Ring (Tide-Born Wildstalker)","Tide-Born Ring (Tide-Born Wildstalker)","Tide-Born Dagger (Tide-Born Wildstalker)","Tide-Born Dagger (Tide-Born Wildstalker)","The Maelstrom's Perfected Greatsword (Perfected Merciless Charge)"," ()","Pragmatic Fatecarver","Cephaliarch's Flail","Quick Cloak","Radiant Oppression","Camouflaged Hunter","Incapacitating Strike","Fulminating Rune","Stampede","Inspired Scholarship","Solar Barrage","Relentless Focus","The Languid Eye"
"Asylum Sanctorium","Saint Olms the Just","https://www.esologs.com/reports/YGyWMz8p7hBVjq3J#fight=9&type=summary&source=7","@Cronoc","Mulsaa","ass-dawn-herald-perfected-slivers-of-the-null-arca-tide-born-wildstalker","dps","Ass","Dawn","Herald","Perfected Slivers of the Null Arca","Tide-Born Wildstalker","178177.4","4649.9","79.9","178177.4 DPS",""," (Huntsman's Warmask)","Perfected Null Arca Jack (Perfected Slivers of the Null Arca)","Slimecraw Epaulets (Slimecraw)","Perfected Null Arca Bracers (Perfected Slivers of the Null Arca)","","Perfected Null Arca Guards (Perfected Slivers of the Null Arca)","Tide-Born Boots (Tide-Born Wildstalker)","","Tide-Born Ring (Tide-Born Wildstalker)","Tide-Born Ring (Tide-Born Wildstalker)","Tide-Born Dagger (Tide-Born Wildstalker)","Tide-Born Dagger (Tide-Born Wildstalker)","The Maelstrom's Perfected Greatsword (Perfected Merciless Charge)"," ()","Power of the Light","Escalating Runeblades","Tentacular Dread","Relentless Focus","Radiant Oppression","Incapacitating Strike","Stampede","Barbed Trap","Inspired Scholarship","Vampire's Bane","Solar Barrage","The Languid Eye"
"Asylum Sanctorium","Saint Olms the Just","https://www.esologs.com/reports/YGyWMz8p7hBVjq3J#fight=9&type=summary&source=7","@Coopersnoww","Adreno Snow","ass-dawn-herald-perfected-slivers-of-the-null-arca-tide-born-wildstalker","dps","Ass","Dawn","Herald","Tide-Born Wildstalker","Perfected Slivers of the Null Arca","169073.6","3921.2","71.3","169073.6 DPS",""," (Huntsman's Warmask)","Tide-Born Jack (Tide-Born Wildstalker)","Zaan Arm Cops (Zaan)","Perfected Null Arca Bracers (Perfected Slivers of the Null Arca)","","Perfected Null Arca Guards (Perfected Slivers of the Null Arca)","Tide-Born Boots (Tide-Born Wildstalker)","","Perfected Null Arca Ring (Perfected Slivers of the Null Arca)","Perfected Null Arca Ring (Perfected Slivers of the Null Arca)","Tide-Born Dagger (Tide-Born Wildstalker)","Tide-Born Dagger (Tide-Born Wildstalker)","The Maelstrom's Perfected Greatsword (Perfected Merciless Charge)"," ()","Power of the Light","Tentacular Dread","Radiant Oppression","Escalating Runeblades","Relentless Focus","Incapacitating Strike","Barbed Trap","Inspired Scholarship","Fulminating Rune","Stampede","Solar Barrage","The Languid Eye"
"Asylum Sanctorium","Saint Olms the Just","https://www.esologs.com/reports/YGyWMz8p7hBVjq3J#fight=9&type=summary&source=10","@Melina2007","Melina Blade of Chaos","ass-dawn-herald-perfected-slivers-of-the-null-arca-tide-born-wildstalker","dps","Ass","Dawn","Herald","Perfected Slivers of the Null Arca","Tide-Born Wildstalker","81291.0","4357.7","12.9","81291.0 DPS","","Iceheart Mask (Iceheart)","Perfected Null Arca Jack (Perfected Slivers of the Null Arca)","Perfected Null Arca Arm Cops (Perfected Slivers of the Null Arca)","Perfected Null Arca Bracers (Perfected Slivers of the Null Arca)","","Tide-Born Guards (Tide-Born Wildstalker)","Perfected Null Arca Boots (Perfected Slivers of the Null Arca)","","Tide-Born Ring (Tide-Born Wildstalker)","Tide-Born Ring (Tide-Born Wildstalker)","Tide-Born Dagger (Tide-Born Wildstalker)","Tide-Born Dagger (Tide-Born Wildstalker)","The Maelstrom's Perfected Greatsword (Perfected Merciless Charge)"," ()","Radiant Glory","Cephaliarch's Flail","Quick Cloak","Pragmatic Fatecarver","Banner Bearer","Soul Harvest","Stampede","Fulminating Rune","Inspired Scholarship","Vampire's Bane","Banner Bearer","The Languid Eye"
"Asylum Sanctorium","Saint Olms the Just","https://www.esologs.com/reports/YGyWMz8p7hBVjq3J#fight=9&type=summary&source=9","@Yarcom","Your Average Book Enjoyer","ass-dawn-herald-perfected-slivers-of-the-null-arca-tide-born-wildstalker","dps","Ass","Dawn","Herald","Tide-Born Wildstalker","Perfected Slivers of the Null Arca","109354.8","5273.7","40.8","109354.8 DPS","","Tide-Born Helmet (Tide-Born Wildstalker)","Perfected Null Arca Jack (Perfected Slivers of the Null Arca)","Slimecraw Epaulets (Slimecraw)","Perfected Null Arca Bracers (Perfected Slivers of the Null Arca)","","Perfected Null Arca Guards (Perfected Slivers of the Null Arca)","Perfected Null Arca Boots (Perfected Slivers of the Null Arca)","","Tide-Born Ring (Tide-Born Wildstalker)","Tide-Born Ring (Tide-Born Wildstalker)","Tide-Born Dagger (Tide-Born Wildstalker)","Tide-Born Dagger (Tide-Born Wildstalker)","The Maelstrom's Perfected Greatsword (Perfected Merciless Charge)"," ()","Quick Cloak","Pragmatic Fatecarver","Radiant Glory","Cephaliarch's Flail","Camouflaged Hunter","Incapacitating Strike","Inspired Scholarship","Fulminating Rune","Stampede","Solar Barrage","Camouflaged Hunter","The Languid Eye"
"Asylum Sanctorium","Saint Olms the Just","https://www.esologs.com/reports/YGyWMz8p7hBVjq3J#fight=9&type=summary&source=6","@C3A5AR","Two-Third","ass-dawn-herald-perfected-slivers-of-the-null-arca-tide-born-wildstalker","dps","Ass","Dawn","Herald","Perfected Slivers of the Null Arca","Tide-Born Wildstalker","112782.3","3760.2","54.4","112782.3 DPS","","Perfected Null Arca Helmet (Perfected Slivers of the Null Arca)","Perfected Null Arca Jack (Perfected Slivers of the Null Arca)","Slimecraw Epaulets (Slimecraw)","Perfected Null Arca Bracers (Perfected Slivers of the Null Arca)","","Tide-Born Guards (Tide-Born Wildstalker)","Perfected Null Arca Boots (Perfected Slivers of the Null Arca)","","Tide-Born Ring (Tide-Born Wildstalker)","Tide-Born Ring (Tide-Born Wildstalker)","Tide-Born Dagger (Tide-Born Wildstalker)","Tide-Born Dagger (Tide-Born Wildstalker)","The Maelstrom's Perfected Greatsword (Perfected Merciless Charge)"," ()","Quick Cloak","Radiant Glory","Pragmatic Fatecarver","Camouflaged Hunter","Cephaliarch's Flail","Incapacitating Strike","Inspired Scholarship","Stampede","Solar Barrage","Camouflaged Hunter","Fulminating Rune","The Languid Eye"
"Asylum Sanctorium","Saint Olms the Just","https://www.esologs.com/reports/YGyWMz8p7hBVjq3J#fight=9&type=summary&source=1","@Morning_Skooma","In Rod We Trust","ass-dawn-herald-perfected-slivers-of-the-null-arca-tide-born-wildstalker","dps","Ass","Dawn","Herald","Perfected Slivers of the Null Arca","Tide-Born Wildstalker","132765.6","3820.2","63.3","132765.6 DPS","","Slimecraw Guise (Slimecraw)","Perfected Null Arca Jack (Perfected Slivers of the Null Arca)","Tide-Born Arm Cops (Tide-Born Wildstalker)","Perfected Null Arca Bracers (Perfected Slivers of the Null Arca)","","Perfected Null Arca Guards (Perfected Slivers of the Null Arca)","Perfected Null Arca Boots (Perfected Slivers of the Null Arca)","","Tide-Born Ring (Tide-Born Wildstalker)","Tide-Born Ring (Tide-Born Wildstalker)","Tide-Born Dagger (Tide-Born Wildstalker)","Tide-Born Dagger (Tide-Born Wildstalker)","The Maelstrom's Perfected Greatsword (Perfected Merciless Charge)"," ()","Cephaliarch's Flail","Pragmatic Fatecarver","Quick Cloak","Radiant Oppression","Camouflaged Hunter","Incapacitating Strike","Solar Barrage","Stampede","Fulminating Rune","Inspired Scholarship","Camouflaged Hunter","The Languid Eye"
"Asylum Sanctorium","Saint Olms the Just","https://www.esologs.com/reports/YGyWMz8p7hBVjq3J#fight=9&type=summary&source=4","@ImperfectPitch","M'zuraar","ass-dawn-herald-perfected-slivers-of-the-null-arca-tide-born-wildstalker","dps","Ass","Dawn","Herald","Perfected Slivers of the Null Arca","Tide-Born Wildstalker","104958.9","4441.4","54.9","104958.9 DPS","","Slimecraw Mask (Slimecraw)","Perfected Null Arca Jack (Perfected Slivers of the Null Arca)","Tide-Born Arm Cops (Tide-Born Wildstalker)","Perfected Null Arca Bracers (Perfected Slivers of the Null Arca)","","Perfected Null Arca Guards (Perfected Slivers of the Null Arca)","Perfected Null Arca Boots (Perfected Slivers of the Null Arca)","","Tide-Born Ring (Tide-Born Wildstalker)","Tide-Born Ring (Tide-Born Wildstalker)","Tide-Born Dagger (Tide-Born Wildstalker)","Tide-Born Dagger (Tide-Born Wildstalker)","The Maelstrom's Perfected Greatsword (Perfected Merciless Charge)"," ()","Quick Cloak","Radiant Glory","Cephaliarch's Flail","Pragmatic Fatecarver","Camouflaged Hunter","Incapacitating Strike","Stampede","Fulminating Rune","Inspired Scholarship","Solar Barrage","Merciless Resolve","The Languid Eye"
"Asylum Sanctorium","Saint Olms the Just","https://www.esologs.com/reports/YGyWMz8p7hBVjq3J#fight=9&type=summary&source=7","@PrinceOfChaos1423","Valkyn Tanta","ass-dawn-herald-perfected-slivers-of-the-null-arca-tide-born-wildstalker","dps","Ass","Dawn","Herald","Tide-Born Wildstalker","Perfected Slivers of the Null Arca","122609.4","3181.8","54.9","122609.4 DPS","","Slimecraw Mask (Slimecraw)","Tide-Born Jack (Tide-Born Wildstalker)","Perfected Null Arca Arm Cops (Perfected Slivers of the Null Arca)","Perfected Null Arca Bracers (Perfected Slivers of the Null Arca)","","Perfected Null Arca Guards (Perfected Slivers of the Null Arca)","Perfected Null Arca Boots (Perfected Slivers of the Null Arca)","","Tide-Born Ring (Tide-Born Wildstalker)","Tide-Born Ring (Tide-Born Wildstalker)","Tide-Born Dagger (Tide-Born Wildstalker)","Tide-Born Dagger (Tide-Born Wildstalker)","The Maelstrom's Perfected Greatsword (Perfected Merciless Charge)"," ()","Cephaliarch's Flail","Quick Cloak","Pragmatic Fatecarver","Radiant Oppression","Camouflaged Hunter","Incapacitating Strike","Stampede","Inspired Scholarship","Solar Barrage","Fulminating Rune","Camouflaged Hunter","The Languid Eye"
"Asylum Sanctorium","Saint Olms the Just","https://www.esologs.com/reports/YGyWMz8p7hBVjq3J#fight=9&type=summary&source=9","@Invisiblx-IV","Malnourished Crack Bandit","ass-dawn-herald-perfected-slivers-of-the-null-arca-tide-born-wildstalker","dps","Ass","Dawn","Herald","Perfected Slivers of the Null Arca","Tide-Born Wildstalker","152896.8","4491.6","57.5","152896.8 DPS",""," (Huntsman's Warmask)","Perfected Null Arca Jack (Perfected Slivers of the Null Arca)","Zaan Arm Cops (Zaan)","Perfected Null Arca Bracers (Perfected Slivers of the Null Arca)","","Perfected Null Arca Guards (Perfected Slivers of the Null Arca)","Perfected Null Arca Boots (Perfected Slivers of the Null Arca)","","Tide-Born Ring (Tide-Born Wildstalker)","Tide-Born Ring (Tide-Born Wildstalker)","Tide-Born Dagger (Tide-Born Wildstalker)","Tide-Born Dagger (Tide-Born Wildstalker)","The Maelstrom's Perfected Greatsword (Perfected Merciless Charge)"," ()","Escalating Runeblades","Tentacular Dread","Relentless Focus","Power of the Light","Radiant Oppression","Incapacitating Strike","Fulminating Rune","Stampede","Barbed Trap","Solar Barrage","Inspired Scholarship","The Languid Eye"
"Asylum Sanctorium","Saint Olms the Just","https://www.esologs.com/reports/YGyWMz8p7hBVjq3J#fight=9&type=summary&source=6","@Fenuin","Fen'ru","ass-dawn-herald-perfected-slivers-of-the-null-arca-tide-born-wildstalker","dps","Ass","Dawn","Herald","Perfected Slivers of the Null Arca","Tide-Born Wildstalker","121341.0","4849.3","8.4","121341.0 DPS","","Perfected Null Arca Helmet (Perfected Slivers of the Null Arca)","Perfected Null Arca Jack (Perfected Slivers of the Null Arca)","Slimecraw Epaulets (Slimecraw)","Perfected Null Arca Bracers (Perfected Slivers of the Null Arca)","","Perfected Null Arca Guards (Perfected Slivers of the Null Arca)","Perfected Null Arca Boots (Perfected Slivers of the Null Arca)","","Tide-Born Ring (Tide-Born Wildstalker)","Tide-Born Ring (Tide-Born Wildstalker)","Tide-Born Dagger (Tide-Born Wildstalker)","Tide-Born Dagger (Tide-Born Wildstalker)","The Maelstrom's Perfected Greatsword (Perfected Merciless Charge)"," ()","Quick Cloak","Radiant Glory","Cephaliarch's Flail","Camouflaged Hunter","Pragmatic Fatecarver","Incapacitating Strike","Inspired Scholarship","Stampede","Solar Barrage","Relentless Focus","Fulminating Rune","The Languid Eye"
"Asylum Sanctorium","Saint Olms the Just","https://www.esologs.com/reports/YGyWMz8p7hBVjq3J#fight=9&type=summary&source=10","@DJ_M1n3r","Skrting on the Surface","ass-dawn-herald-perfected-slivers-of-the-null-arca-tide-born-wildstalker","dps","Ass","Dawn","Herald","Perfected Slivers of the Null Arca","Tide-Born Wildstalker","86275.3","3664.0","57.3","86275.3 DPS",""," (Huntsman's Warmask)","Perfected Null Arca Jack (Perfected Slivers of the Null Arca)","Slimecraw Arm Cops (Slimecraw)","Perfected Null Arca Bracers (Perfected Slivers of the Null Arca)","","Perfected Null Arca Guards (Perfected Slivers of the Null Arca)","Perfected Null Arca Boots (Perfected Slivers of the Null Arca)","","Tide-Born Ring (Tide-Born Wildstalker)","Tide-Born Ring (Tide-Born Wildstalker)","Tide-Born Dagger (Tide-Born Wildstalker)","Tide-Born Dagger (Tide-Born Wildstalker)","The Maelstrom's Perfected Greatsword (Perfected Merciless Charge)"," ()","Tentacular Dread","Relentless Focus","Escalating Runeblades","Radiant Glory","Quick Cloak","Incapacitating Strike","Stampede","Fulminating Rune","Solar Barrage","Inspired Scholarship","Reaper's Mark","The Languid Eye"
"Asylum Sanctorium","Saint Olms the Just","https://www.esologs.com/reports/YGyWMz8p7hBVjq3J#fight=9&type=summary&source=8","@JoeTotale","Eu Spy","ass-dawn-herald-perfected-slivers-of-the-null-arca-tide-born-wildstalker","dps","Ass","Dawn","Herald","Perfected Slivers of the Null Arca","Tide-Born Wildstalker","89121.8","2849.5","65.7","89121.8 DPS",""," (Huntsman's Warmask)","Perfected Null Arca Jack (Perfected Slivers of the Null Arca)","Slimecraw Epaulets (Slimecraw)","Tide-Born Bracers (Tide-Born Wildstalker)","","Perfected Null Arca Guards (Perfected Slivers of the Null Arca)","Tide-Born Boots (Tide-Born Wildstalker)","","Perfected Null Arca Ring (Perfected Slivers of the Null Arca)","Perfected Null Arca Ring (Perfected Slivers of the Null Arca)","Tide-Born Dagger (Tide-Born Wildstalker)","Tide-Born Dagger (Tide-Born Wildstalker)","The Maelstrom's Greatsword (Merciless Charge)"," ()","Escalating Runeblades","Relentless Focus","Tentacular Dread","Radiant Glory","Power of the Light","Incapacitating Strike","Stampede","Vampire's Bane","Inspired Scholarship","Solar Barrage","Barbed Trap","The Languid Eye"
"Asylum Sanctorium","Saint Olms the Just","https://www.esologs.com/reports/YGyWMz8p7hBVjq3J#fight=9&type=summary&source=5","@fheS","Better Oakensorc","ass-dawn-herald-perfected-slivers-of-the-null-arca-tide-born-wildstalker","dps","Ass","Dawn","Herald","Perfected Slivers of the Null Arca","Tide-Born Wildstalker","97054.7","3316.8","57.3","97054.7 DPS",""," (Huntsman's Warmask)","Perfected Null Arca Jack (Perfected Slivers of the Null Arca)","Slimecraw Epaulets (Slimecraw)","Perfected Null Arca Bracers (Perfected Slivers of the Null Arca)","","Perfected Null Arca Guards (Perfected Slivers of the Null Arca)","Perfected Null Arca Boots (Perfected Slivers of the Null Arca)","","Tide-Born Ring (Tide-Born Wildstalker)","Tide-Born Ring (Tide-Born Wildstalker)","Tide-Born Dagger (Tide-Born Wildstalker)","Tide-Born Dagger (Tide-Born Wildstalker)","The Maelstrom's Perfected Greatsword (Perfected Merciless Charge)"," ()","Radiant Glory","Power of the Light","Escalating Runeblades","Tentacular Dread","Relentless Focus","Incapacitating Strike","Barbed Trap","Inspired Scholarship","Vampire's Bane","Solar Barrage","Stampede","The Languid Eye"
"Asylum Sanctorium","Saint Olms the Just","https://www.esologs.com/reports/YGyWMz8p7hBVjq3J#fight=9&type=summary&source=5","@JacobWasTake'n","Book Enthusiast","ass-dawn-herald-berserking-warrior-perfected-slivers-of-the-null-arca","dps","Ass","Dawn","Herald","Perfected Slivers of the Null Arca","Berserking Warrior","129264.7","2370.3","87.6","129264.7 DPS",""," (Huntsman's Warmask)","Perfected Null Arca Jack (Perfected Slivers of the Null Arca)","Slimecraw Arm Cops (Slimecraw)","Perfected Null Arca Bracers (Perfected Slivers of the Null Arca)","","Perfected Null Arca Guards (Perfected Slivers of the Null Arca)","Perfected Null Arca Boots (Perfected Slivers of the Null Arca)","","Ring of the Advancing Yokeda (Berserking Warrior)","Ring of the Advancing Yokeda (Berserking Warrior)","Dagger of the Advancing Yokeda (Berserking Warrior)","Dagger of the Advancing Yokeda (Berserking Warrior)","The Maelstrom's Perfected Greatsword (Perfected Merciless Charge)"," ()","Radiant Oppression","Relentless Focus","Tentacular Dread","Escalating Runeblades","Power of the Light","Incapacitating Strike","Barbed Trap","Stampede","Inspired Scholarship","Solar Barrage","Vampire's Bane","The Languid Eye"
"Asylum Sanctorium","Saint Olms the Just","https://www.esologs.com/reports/YGyWMz8p7hBVjq3J#fight=9&type=summary&source=6","@JoeTotale","Eu Spy","ass-dawn-herald-berserking-warrior-perfected-slivers-of-the-null-arca","dps","Ass","Dawn","Herald","Perfected Slivers of the Null Arca","Berserking Warrior","175757.8","2703.9","74.9","175757.8 DPS",""," (Huntsman's Warmask)","Perfected Null Arca Jack (Perfected Slivers of the Null Arca)","Slimecraw Epaulets (Slimecraw)","Perfected Null Arca Bracers (Perfected Slivers of the Null Arca)","","Perfected Null Arca Guards (Perfected Slivers of the Null Arca)","Perfected Null Arca Boots (Perfected Slivers of the Null Arca)","","Ring of the Advancing Yokeda (Berserking Warrior)","Ring of the Advancing Yokeda (Berserking Warrior)","Dagger of the Advancing Yokeda (Berserking Warrior)","Dagger of the Advancing Yokeda (Berserking Warrior)","The Maelstrom's Greatsword (Merciless Charge)"," ()","Escalating Runeblades","Relentless Focus","Tentacular Dread","Radiant Oppression","Power of the Light","Incapacitating Strike","Stampede","Vampire's Bane","Inspired Scholarship","Solar Barrage","Barbed Trap","The Languid Eye"
"Asylum Sanctorium","Saint Olms the Just","https://www.esologs.com/reports/YGyWMz8p7hBVjq3J#fight=9&type=summary&source=3","@Invisiblx-IV","Malnourished Crack Bandit","ass-dawn-herald-berserking-warrior-perfected-slivers-of-the-null-arca","dps","Ass","Dawn","Herald","Perfected Slivers of the Null Arca","Berserking Warrior","187838.4","6649.7","79.7","187838.4 DPS",""," (Huntsman's Warmask)","Perfected Null Arca Jack (Perfected Slivers of the Null Arca)","Zaan Epaulets (Zaan)","Perfected Null Arca Bracers (Perfected Slivers of the Null Arca)","","Perfected Null Arca Guards (Perfected Slivers of the Null Arca)","Perfected Null Arca Boots (Perfected Slivers of the Null Arca)","","Ring of the Advancing Yokeda (Berserking Warrior)","Ring of the Advancing Yokeda (Berserking Warrior)","Dagger of the Advancing Yokeda (Berserking Warrior)","Dagger of the Advancing Yokeda (Berserking Warrior)","The Maelstrom's Perfected Greatsword (Perfected Merciless Charge)"," ()","Escalating Runeblades","Tentacular Dread","Relentless Focus","Power of the Light","Radiant Oppression","Incapacitating Strike","Fulminating Rune","Stampede","Barbed Trap","Solar Barrage","Inspired Scholarship","The Languid Eye"
"Asylum Sanctorium","Saint Olms the Just","https://www.esologs.com/reports/YGyWMz8p7hBVjq3J#fight=9&type=summary&source=6","@IgnDarius","Darius Skr","ass-dawn-herald-berserking-warrior-perfected-slivers-of-the-null-arca","dps","Ass","Dawn","Herald","Perfected Slivers of the Null Arca","Berserking Warrior","180051.6","5791.0","69.2","180051.6 DPS",""," (Huntsman's Warmask)","Perfected Null Arca Jack (Perfected Slivers of the Null Arca)","Slimecraw Arm Cops (Slimecraw)","Perfected Null Arca Bracers (Perfected Slivers of the Null Arca)","","Perfected Null Arca Guards (Perfected Slivers of the Null Arca)","Perfected Null Arca Boots (Perfected Slivers of the Null Arca)","","Ring of the Advancing Yokeda (Berserking Warrior)","Ring of the Advancing Yokeda (Berserking Warrior)","Dagger of the Advancing Yokeda (Berserking Warrior)","Dagger of the Advancing Yokeda (Berserking Warrior)","The Maelstrom's Perfected Greatsword (Perfected Merciless Charge)"," ()","Relentless Focus","Tentacular Dread","Power of the Light","Escalating Runeblades","Radiant Oppression","Incapacitating Strike","Barbed Trap","Stampede","Vampire's Bane","Solar Barrage","Inspired Scholarship","The Languid Eye"
"Asylum Sanctorium","Saint Olms the Just","https://www.esologs.com/reports/YGyWMz8p7hBVjq3J#fight=9&type=summary&source=1","@JacobWasTake'n","Book Enthusiast","ass-dawn-herald-berserking-warrior-perfected-slivers-of-the-null-arca","dps","Ass","Dawn","Herald","Perfected Slivers of the Null Arca","Berserking Warrior","194744.1","5883.6","81.8","194744.1 DPS","The Thief"," (Huntsman's Warmask)","Perfected Null Arca Jack (Perfected Slivers of the Null Arca)","Slimecraw Arm Cops (Slimecraw)","Perfected Null Arca Bracers (Perfected Slivers of the Null Arca)","","Perfected Null Arca Guards (Perfected Slivers of the Null Arca)","Perfected Null Arca Boots (Perfected Slivers of the Null Arca)","","Ring of the Advancing Yokeda (Berserking Warrior)","Ring of the Advancing Yokeda (Berserking Warrior)","Dagger of the Advancing Yokeda (Berserking Warrior)","Dagger of the Advancing Yokeda (Berserking Warrior)","The Maelstrom's Perfected Greatsword (Perfected Merciless Charge)"," ()","Radiant Oppression","Relentless Focus","Tentacular Dread","Escalating Runeblades","Power of the Light","Incapacitating Strike","Barbed Trap","Stampede","Inspired Scholarship","Solar Barrage","Vampire's Bane","The Languid Eye"
"Asylum Sanctorium","Saint Olms the Just","https://www.esologs.com/reports/YGyWMz8p7hBVjq3J#fight=9&type=summary&source=4","@A234Ri12","Barrius Teriani","ass-dawn-herald-berserking-warrior-perfected-slivers-of-the-null-arca","dps","Ass","Dawn","Herald","Perfected Slivers of the Null Arca","Berserking Warrior","120991.4","4625.0","35.3","120991.4 DPS",""," (Huntsman's Warmask)","Perfected Null Arca Jack (Perfected Slivers of the Null Arca)","Zaan Epaulets (Zaan)","Perfected Null Arca Bracers (Perfected Slivers of the Null Arca)","","Perfected Null Arca Guards (Perfected Slivers of the Null Arca)","Perfected Null Arca Boots (Perfected Slivers of the Null Arca)","","Ring of the Advancing Yokeda (Berserking Warrior)","Ring of the Advancing Yokeda (Berserking Warrior)","Dagger of the Advancing Yokeda (Berserking Warrior)","Dagger of the Advancing Yokeda (Berserking Warrior)","The Maelstrom's Perfected Greatsword (Perfected Merciless Charge)"," ()","Radiant Oppression","Tentacular Dread","Escalating Runeblades","Relentless Focus","Power of the Light","Soul Harvest","Stampede","Inspired Scholarship","Solar Barrage","Barbed Trap","Vampire's Bane","The Languid Eye"
"Asylum Sanctorium","Saint Olms the Just","https://www.esologs.com/reports/YGyWMz8p7hBVjq3J#fight=9&type=summary&source=6","@Gopher07","Dase Trolleri","ass-dawn-herald-berserking-warrior-perfected-slivers-of-the-null-arca","dps","Ass","Dawn","Herald","Perfected Slivers of the Null Arca","Berserking Warrior","165164.2","6523.2","59.1","165164.2 DPS",""," (Huntsman's Warmask)","Perfected Null Arca Jack (Perfected Slivers of the Null Arca)","Slimecraw Arm Cops (Slimecraw)","Perfected Null Arca Bracers (Perfected Slivers of the Null Arca)","","Perfected Null Arca Guards (Perfected Slivers of the Null Arca)","Perfected Null Arca Boots (Perfected Slivers of the Null Arca)","","Ring of the Advancing Yokeda (Berserking Warrior)","Ring of the Advancing Yokeda (Berserking Warrior)","Dagger of the Advancing Yokeda (Berserking Warrior)","Dagger of the Advancing Yokeda (Berserking Warrior)","The Maelstrom's Perfected Greatsword (Perfected Merciless Charge)"," ()","Power of the Light","Tentacular Dread","Escalating Runeblades","Radiant Oppression","Relentless Focus","Incapacitating Strike","Inspired Scholarship","Stampede","Solar Barrage","Barbed Trap","Vampire's Bane","The Languid Eye"
"Asylum Sanctorium","Saint Olms the Just","https://www.esologs.com/reports/YGyWMz8p7hBVjq3J#fight=9&type=summary&source=2","@Simondu0","Arkanistdunull","ass-dawn-herald-berserking-warrior-perfected-slivers-of-the-null-arca","dps","Ass","Dawn","Herald","Perfected Slivers of the Null Arca","Berserking Warrior","139868.4","3173.1","65.9","139868.4 DPS",""," (Huntsman's Warmask)","Perfected Null Arca Jack (Perfected Slivers of the Null Arca)","Slimecraw Epaulets (Slimecraw)","Perfected Null Arca Bracers (Perfected Slivers of the Null Arca)","","Perfected Null Arca Guards (Perfected Slivers of the Null Arca)","Perfected Null Arca Boots (Perfected Slivers of the Null Arca)","","Ring of the Advancing Yokeda (Berserking Warrior)","Ring of the Advancing Yokeda (Berserking Warrior)","Dagger of the Advancing Yokeda (Berserking Warrior)","Dagger of the Advancing Yokeda (Berserking Warrior)","The Maelstrom's Perfected Greatsword (Perfected Merciless Charge)"," ()","Relentless Focus","Escalating Runeblades","Tentacular Dread","Radiant Oppression","Power of the Light","Incapacitating Strike","Solar Barrage","Inspired Scholarship","Stampede","Barbed Trap","Vampire's Bane","The Languid Eye"
"Asylum Sanctorium","Saint Olms the Just","https://www.esologs.com/reports/YGyWMz8p7hBVjq3J#fight=9&type=summary&source=1","@JacobWasTake'n","Book Enthusiast","ass-dawn-herald-berserking-warrior-perfected-slivers-of-the-null-arca","dps","Ass","Dawn","Herald","Perfected Slivers of the Null Arca","Berserking Warrior","174058.6","5369.9","63.9","174058.6 DPS",""," (Huntsman's Warmask)","Perfected Null Arca Jack (Perfected Slivers of the Null Arca)","Slimecraw Arm Cops (Slimecraw)","Perfected Null Arca Bracers (Perfected Slivers of the Null Arca)","","Perfected Null Arca Guards (Perfected Slivers of the Null Arca)","Perfected Null Arca Boots (Perfected Slivers of the Null Arca)","","Ring of the Advancing Yokeda (Berserking Warrior)","Ring of the Advancing Yokeda (Berserking Warrior)","Dagger of the Advancing Yokeda (Berserking Warrior)","Dagger of the Advancing Yokeda (Berserking Warrior)","The Maelstrom's Perfected Greatsword (Perfected Merciless Charge)"," ()","Radiant Oppression","Relentless Focus","Tentacular Dread","Escalating Runeblades","Power of the Light","Incapacitating Strike","Barbed Trap","Stampede","Inspired Scholarship","Solar Barrage","Vampire's Bane","The Languid Eye"
"Asylum Sanctorium","Saint Olms the Just","https://www.esologs.com/reports/YGyWMz8p7hBVjq3J#fight=9&type=summary&source=11","@JacobWasTake'n","Book Enthusiast","ass-dawn-herald-berserking-warrior-perfected-slivers-of-the-null-arca","dps","Ass","Dawn","Herald","Perfected Slivers of the Null Arca","Berserking Warrior","133463.9","5007.7","72.9","133463.9 DPS",""," (Huntsman's Warmask)","Perfected Null Arca Jack (Perfected Slivers of the Null Arca)","Slimecraw Arm Cops (Slimecraw)","Perfected Null Arca Bracers (Perfected Slivers of the Null Arca)","","Perfected Null Arca Guards (Perfected Slivers of the Null Arca)","Perfected Null Arca Boots (Perfected Slivers of the Null Arca)","","Ring of the Advancing Yokeda (Berserking Warrior)","Ring of the Advancing Yokeda (Berserking Warrior)","Dagger of the Advancing Yokeda (Berserking Warrior)","Dagger of the Advancing Yokeda (Berserking Warrior)","The Maelstrom's Perfected Greatsword (Perfected Merciless Charge)"," ()","Radiant Glory","Relentless Focus","Tentacular Dread","Escalating Runeblades","Power of the Light","Incapacitating Strike","Barbed Trap","Stampede","Inspired Scholarship","Solar Barrage","Vampire's Bane","The Languid Eye"
"Asylum Sanctorium","Saint Olms the Just","https://www.esologs.com/reports/YGyWMz8p7hBVjq3J#fight=9&type=summary&source=7","@korgaard","Sivayn","ass-dawn-herald-berserking-warrior-perfected-slivers-of-the-null-arca","dps","Ass","Dawn","Herald","Perfected Slivers of the Null Arca","Berserking Warrior","99378.1","4061.3","59.9","99378.1 DPS",""," (Huntsman's Warmask)","Perfected Null Arca Jack (Perfected Slivers of the Null Arca)","Slimecraw Arm Cops (Slimecraw)","Perfected Null Arca Bracers (Perfected Slivers of the Null Arca)","","Perfected Null Arca Guards (Perfected Slivers of the Null Arca)","Perfected Null Arca Boots (Perfected Slivers of the Null Arca)","","Ring of the Advancing Yokeda (Berserking Warrior)","Ring of the Advancing Yokeda (Berserking Warrior)","Dagger of the Advancing Yokeda (Berserking Warrior)","Dagger of the Advancing Yokeda (Berserking Warrior)","The Maelstrom's Greatsword (Merciless Charge)"," ()","Escalating Runeblades","Radiant Oppression","Tentacular Dread","Relentless Focus","Power of the Light","Soul Harvest","Stampede","Barbed Trap","Inspired Scholarship","Fulminating Rune","Solar Barrage","The Languid Eye"
"Asylum Sanctorium","Saint Olms the Just","https://www.esologs.com/reports/YGyWMz8p7hBVjq3J#fight=9&type=summary&source=11","@Radien","Skinke'Rytter","ass-dawn-herald-berserking-warrior-perfected-slivers-of-the-null-arca","dps","Ass","Dawn","Herald","Perfected Slivers of the Null Arca","Berserking Warrior","144355.5","3817.0","68.5","144355.5 DPS",""," (Huntsman's Warmask)","Perfected Null Arca Jack (Perfected Slivers of the Null Arca)","Slimecraw Arm Cops (Slimecraw)","Perfected Null Arca Bracers (Perfected Slivers of the Null Arca)","","Perfected Null Arca Guards (Perfected Slivers of the Null Arca)","Perfected Null Arca Boots (Perfected Slivers of the Null Arca)","","Ring of the Advancing Yokeda (Berserking Warrior)","Ring of the Advancing Yokeda (Berserking Warrior)","Dagger of the Advancing Yokeda (Berserking Warrior)","Dagger of the Advancing Yokeda (Berserking Warrior)","The Maelstrom's Perfected Greatsword (Perfected Merciless Charge)"," ()","Tentacular Dread","Power of the Light","Escalating Runeblades","Radiant Oppression","Relentless Focus","Incapacitating Strike","Barbed Trap","Stampede","Solar Barrage","Inspired Scholarship","Vampire's Bane","The Languid Eye"
"Asylum Sanctorium","Saint Olms the Just","https://www.esologs.com/reports/YGyWMz8p7hBVjq3J#fight=9&type=summary&source=5","@Gopher07","Dase Trolleri","ass-dawn-herald-berserking-warrior-perfected-slivers-of-the-null-arca","dps","Ass","Dawn","Herald","Perfected Slivers of the Null Arca","Berserking Warrior","160650.1","5563.4","50.7","160650.1 DPS",""," (Huntsman's Warmask)","Perfected Null Arca Jack (Perfected Slivers of the Null Arca)","Slimecraw Arm Cops (Slimecraw)","Perfected Null Arca Bracers (Perfected Slivers of the Null Arca)","","Perfected Null Arca Guards (Perfected Slivers of the Null Arca)","Perfected Null Arca Boots (Perfected Slivers of the Null Arca)","","Ring of the Advancing Yokeda (Berserking Warrior)","Ring of the Advancing Yokeda (Berserking Warrior)","Dagger of the Advancing Yokeda (Berserking Warrior)","Dagger of the Advancing Yokeda (Berserking Warrior)","The Maelstrom's Perfected Greatsword (Perfected Merciless Charge)"," ()","Power of the Light","Tentacular Dread","Escalating Runeblades","Radiant Oppression","Relentless Focus","Incapacitating Strike","Inspired Scholarship","Stampede","Solar Barrage","Barbed Trap","Vampire's Bane","The Languid Eye"
"Asylum Sanctorium","Saint Olms the Just","https://www.esologs.com/reports/YGyWMz8p7hBVjq3J#fight=9&type=summary&source=9","@StepsInTheSilence","Me'Arcanist'Yes","ass-dawn-herald-berserking-warrior-perfected-slivers-of-the-null-arca","dps","Ass","Dawn","Herald","Perfected Slivers of the Null Arca","Berserking Warrior","78027.9","4152.1","55.4","78027.9 DPS",""," (Huntsman's Warmask)","Perfected Null Arca Jack (Perfected Slivers of the Null Arca)","Slimecraw Epaulets (Slimecraw)","Perfected Null Arca Bracers (Perfected Slivers of the Null Arca)","","Perfected Null Arca Guards (Perfected Slivers of the Null Arca)","Perfected Null Arca Boots (Perfected Slivers of the Null Arca)","","Ring of the Advancing Yokeda (Berserking Warrior)","Ring of the Advancing Yokeda (Berserking Warrior)","Dagger of the Advancing Yokeda (Berserking Warrior)","Dagger of the Advancing Yokeda (Berserking Warrior)","The Maelstrom's Perfected Greatsword (Perfected Merciless Charge)"," ()","Relentless Focus","Power of the Light","Tentacular Dread","Escalating Runeblades","Radiant Glory","Incapacitating Strike","Stampede","Solar Barrage","Inspired Scholarship","Barbed Trap","Vampire's Bane","The Languid Eye"
"Asylum Sanctorium","Saint Olms the Just","https://www.esologs.com/reports/YGyWMz8p7hBVjq3J#fight=9&type=summary&source=8","@sandrulino","Īëñīåĉlē","ass-dawn-herald-deadly-strike-war-machine","dps","Ass","Dawn","Herald","War Machine","Deadly Strike","93658.9","3732.6","31.8","93658.9 DPS","","Slimecraw Mask (Slimecraw)","War Machine Jack (War Machine)","War Machine Arm Cops (War Machine)","War Machine Bracers (War Machine)","","War Machine Guards (War Machine)","Deadly Boots (Deadly Strike)","","Deadly Ring (Deadly Strike)","Deadly Ring (Deadly Strike)","Deadly Dagger (Deadly Strike)","Deadly Dagger (Deadly Strike)","The Maelstrom's Perfected Greatsword (Perfected Merciless Charge)"," ()","Pragmatic Fatecarver","Radiant Glory","Cephaliarch's Flail","Camouflaged Hunter","Banner Bearer","Soul Harvest","Concealed Weapon","Solar Barrage","Inspired Scholarship","Stampede","Banner Bearer","The Languid Eye"
"Asylum Sanctorium","Saint Olms the Just","https://www.esologs.com/reports/YGyWMz8p7hBVjq3J#fight=9&type=summary&source=103","@IgnDarius","Darius Skr","ass-dawn-herald-deadly-strike-war-machine","dps","Ass","Dawn","Herald","War Machine","Deadly Strike","154208.7","2559.7","41.1","154208.7 DPS","","Slimecraw Mask (Slimecraw)","War Machine Jack (War Machine)","Deadly Arm Cops (Deadly Strike)","War Machine Bracers (War Machine)","","War Machine Guards (War Machine)","War Machine Boots (War Machine)","","Deadly Ring (Deadly Strike)","Deadly Ring (Deadly Strike)","Deadly Dagger (Deadly Strike)","Deadly Dagger (Deadly Strike)","The Maelstrom's Perfected Greatsword (Perfected Merciless Charge)"," ()","Banner Bearer","Camouflaged Hunter","Cephaliarch's Flail","Exhausting Fatecarver","Radiant Oppression","Incapacitating Strike","Banner Bearer","Stampede","Fulminating Rune","Solar Barrage","Inspired Scholarship","The Languid Eye"
"Asylum Sanctorium","Saint Olms the Just","https://www.esologs.com/reports/YGyWMz8p7hBVjq3J#fight=9&type=summary&source=5","@Nahlot_Sunvaar","Beams on Toast","ass-dawn-herald-deadly-strike-war-machine","dps","Ass","Dawn","Herald","War Machine","Deadly Strike","123423.1","3917.5","37.4","123423.1 DPS","","Slimecraw Mask (Slimecraw)","War Machine Jack (War Machine)","Deadly Arm Cops (Deadly Strike)","War Machine Bracers (War Machine)","","War Machine Guards (War Machine)","War Machine Boots (War Machine)","","Deadly Ring (Deadly Strike)","Deadly Ring (Deadly Strike)","Deadly Dagger (Deadly Strike)","Deadly Dagger (Deadly Strike)","The Maelstrom's Greatsword (Merciless Charge)"," ()","Camouflaged Hunter","Radiant Oppression","Pragmatic Fatecarver","Cephaliarch's Flail","Banner Bearer","Incapacitating Strike","Solar Barrage","Fulminating Rune","Stampede","Inspired Scholarship","Banner Bearer","The Languid Eye"
"Asylum Sanctorium","Saint Olms the Just","https://www.esologs.com/reports/YGyWMz8p7hBVjq3J#fight=9&type=summary&source=4","@CRaull","ldk man","ass-dawn-herald-deadly-strike-war-machine","dps","Ass","Dawn","Herald","War Machine","Deadly Strike","151255.6","2209.2","38.8","151255.6 DPS","","Slimecraw Mask (Slimecraw)","War Machine Jack (War Machine)","Deadly Arm Cops (Deadly Strike)","War Machine Bracers (War Machine)","","War Machine Guards (War Machine)","War Machine Boots (War Machine)","","Deadly Ring (Deadly Strike)","Deadly Ring (Deadly Strike)","Deadly Dagger (Deadly Strike)","Deadly Dagger (Deadly Strike)","The Maelstrom's Perfected Greatsword (Perfected Merciless Charge)"," ()","Camouflaged Hunter","Exhausting Fatecarver","Cephaliarch's Flail","Radiant Oppression","Banner Bearer","Incapacitating Strike","Stampede","Inspired Scholarship","Fulminating Rune","Solar Barrage","Banner Bearer","The Languid Eye"
"Asylum Sanctorium","Saint Olms the Just","https://www.esologs.com/reports/YGyWMz8p7hBVjq3J#fight=9&type=summary&source=5","@IgnDarius","Darius Skr","ass-dawn-herald-deadly-strike-war-machine","dps","Ass","Dawn","Herald","War Machine","Deadly Strike","122034.3","3818.2","42.1","122034.3 DPS","","Slimecraw Mask (Slimecraw)","War Machine Jack (War Machine)","Deadly Arm Cops (Deadly Strike)","War Machine Bracers (War Machine)","","War Machine Guards (War Machine)","War Machine Boots (War Machine)","","Deadly Ring (Deadly Strike)","Deadly Ring (Deadly Strike)","Deadly Dagger (Deadly Strike)","Deadly Dagger (Deadly Strike)","The Maelstrom's Perfected Greatsword (Perfected Merciless Charge)"," ()","Banner Bearer","Camouflaged Hunter","Cephaliarch's Flail","Pragmatic Fatecarver","Radiant Oppression","Incapacitating Strike","Banner Bearer","Stampede","Fulminating Rune","Solar Barrage","Inspired Scholarship","The Languid Eye"
"Asylum Sanctorium","Saint Olms the Just","https://www.esologs.com/reports/YGyWMz8p7hBVjq3J#fight=9&type=summary&source=1","@ShuguBota","Carpeting Around","ass-dawn-herald-deadly-strike-war-machine","dps","Ass","Dawn","Herald","War Machine","Deadly Strike","78654.9","5834.8","36.2","78654.9 DPS","","Slimecraw Mask (Slimecraw)","War Machine Jack (War Machine)","Deadly Arm Cops (Deadly Strike)","War Machine Bracers (War Machine)","","War Machine Guards (War Machine)","War Machine Boots (War Machine)","","Deadly Ring (Deadly Strike)","Deadly Ring (Deadly Strike)","Deadly Dagger (Deadly Strike)","Deadly Dagger (Deadly Strike)","The Maelstrom's Greatsword (Merciless Charge)"," ()","Cephaliarch's Flail","Camouflaged Hunter","Pragmatic Fatecarver","Radiant Glory","Banner Bearer","Soul Harvest","Stampede","Inspired Scholarship","Solar Barrage","Relentless Focus","Banner Bearer","The Languid Eye"
"Asylum Sanctorium","Saint Olms the Just","https://www.esologs.com/reports/YGyWMz8p7hBVjq3J#fight=9&type=summary&source=8","@Adaventi","Viridis Pugnator","ass-dawn-herald-deadly-strike-war-machine","dps","Ass","Dawn","Herald","War Machine","Deadly Strike","84608.7","5817.1","46.0","84608.7 DPS","","Slimecraw Guise (Slimecraw)","War Machine Jack (War Machine)","Deadly Arm Cops (Deadly Strike)","War Machine Bracers (War Machine)","","War Machine Guards (War Machine)","War Machine Boots (War Machine)","","Deadly Ring (Deadly Strike)","Deadly Ring (Deadly Strike)","Deadly Dagger (Deadly Strike)","Deadly Dagger (Deadly Strike)","The Maelstrom's Perfected Greatsword (Perfected Merciless Charge)"," ()","Camouflaged Hunter","Cephaliarch's Flail","Pragmatic Fatecarver","Radiant Glory","Shocking Banner (Cavalier's Charge / Courage)","Incapacitating Strike","Inspired Scholarship","Concealed Weapon","Solar Barrage","Stampede","Shocking Banner (Cavalier's Charge / Courage)","The Languid Eye"
"Asylum Sanctorium","Saint Olms the Just","https://www.esologs.com/reports/YGyWMz8p7hBVjq3J#fight=9&type=summary&source=2","@JakeX1V","Arcandelf","ass-dawn-herald-deadly-strike-war-machine","dps","Ass","Dawn","Herald","War Machine","Deadly Strike","75053.7","4442.0","40.3","75053.7 DPS","","Valkyn Skoria Guise (Valkyn Skoria)","War Machine Jack (War Machine)","Deadly Arm Cops (Deadly Strike)","War Machine Bracers (War Machine)","","War Machine Guards (War Machine)","War Machine Boots (War Machine)","","Deadly Ring (Deadly Strike)","Deadly Ring (Deadly Strike)","Deadly Dagger (Deadly Strike)","Deadly Dagger (Deadly Strike)","The Maelstrom's Perfected Greatsword (Perfected Merciless Charge)"," ()","Pragmatic Fatecarver","Cephaliarch's Flail","Quick Cloak","Radiant Glory","Shocking Banner (Cavalier's Charge / Courage)","Incapacitating Strike","Solar Barrage","Stampede","Inspired Scholarship","Relentless Focus","Shocking Banner (Cavalier's Charge / Courage)","The Languid Eye"
"Asylum Sanctorium","Saint Olms the Just","https://www.esologs.com/reports/YGyWMz8p7hBVjq3J#fight=9&type=summary&source=10","@Qb3k","Pałolo-Ssałelo","ass-dawn-herald-deadly-strike-war-machine","dps","Ass","Dawn","Herald","War Machine","Deadly Strike","65294.6","6698.8","31.9","65294.6 DPS","","Slimecraw Guise (Slimecraw)","War Machine Jack (War Machine)","War Machine Arm Cops (War Machine)","War Machine Bracers (War Machine)","","War Machine Guards (War Machine)","War Machine Boots (War Machine)","","Deadly Ring (Deadly Strike)","Deadly Ring (Deadly Strike)","Deadly Dagger (Deadly Strike)","Deadly Dagger (Deadly Strike)","The Maelstrom's Perfected Greatsword (Perfected Merciless Charge)"," ()","Cephaliarch's Flail","Pragmatic Fatecarver","Radiant Glory","Camouflaged Hunter","Banner Bearer","Soul Harvest","Stampede","Fulminating Rune","Inspired Scholarship","Solar Barrage","Banner Bearer","The Languid Eye"
"Asylum Sanctorium","Saint Olms the Just","https://www.esologs.com/reports/YGyWMz8p7hBVjq3J#fight=9&type=summary&source=3","@StepsInTheSilence","Arc'brain'Arc'brain","ass-daedric-herald-war-machine-way-of-martial-knowledge","dps","Daedric","Ass","Herald","War Machine","Way of Martial Knowledge","87692.2","1475.0","90.2","87692.2 DPS","","Slimecraw Mask (Slimecraw)","War Machine Jack (War Machine)","Epaulets of Martial Knowledge (Way of Martial Knowledge)","War Machine Bracers (War Machine)","","War Machine Guards (War Machine)","War Machine Boots (War Machine)","","Ring of Martial Knowledge (Way of Martial Knowledge)","Ring of Martial Knowledge (Way of Martial Knowledge)","Dagger of Martial Knowledge (Way of Martial Knowledge)","Dagger of Martial Knowledge (Way of Martial Knowledge)","The Maelstrom's Greatsword (Merciless Charge)"," ()","Relentless Focus","Camouflaged Hunter","Tentacular Dread","Escalating Runeblades","Killer's Blade","Incapacitating Strike","Stampede","Camouflaged Hunter","Inspired Scholarship","Fulminating Rune","Concealed Weapon","Greater Storm Atronach"
"Asylum Sanctorium","Saint Olms the Just","https://www.esologs.com/reports/YGyWMz8p7hBVjq3J#fight=9&type=summary&source=40","@Valjaria","Val Kyma","ass-daedric-herald-war-machine-way-of-martial-knowledge","dps","Daedric","Ass","Herald","War Machine","Way of Martial Knowledge","120824.3","2757.0","80.3","120824.3 DPS",""," (Huntsman's Warmask)","War Machine Jack (War Machine)","Zaan Epaulets (Zaan)","War Machine Bracers (War Machine)","","War Machine Guards (War Machine)","War Machine Boots (War Machine)","","Ring of Martial Knowledge (Way of Martial Knowledge)","Ring of Martial Knowledge (Way of Martial Knowledge)","Dagger of Martial Knowledge (Way of Martial Knowledge)","Dagger of Martial Knowledge (Way of Martial Knowledge)","The Maelstrom's Perfected Greatsword (Perfected Merciless Charge)"," ()","Escalating Runeblades","Tentacular Dread","Killer's Blade","Relentless Focus","Camouflaged Hunter","Incapacitating Strike","Stampede","Fulminating Rune","Haunting Curse","Inspired Scholarship","Barbed Trap","Greater Storm Atronach"
"Asylum Sanctorium","Saint Olms the Just","https://www.esologs.com/reports/YGyWMz8p7hBVjq3J#fight=9&type=summary&source=4","@StepsInTheSilence","Me'Arcanist'Yes","ass-daedric-herald-war-machine-way-of-martial-knowledge","dps","Daedric","Ass","Herald","War Machine","Way of Martial Knowledge","99973.6","2842.3","80.7","99973.6 DPS",""," (Huntsman's Warmask)","War Machine Jack (War Machine)","Slimecraw Epaulets (Slimecraw)","War Machine Bracers (War Machine)","","War Machine Guards (War Machine)","War Machine Boots (War Machine)","","Ring of Martial Knowledge (Way of Martial Knowledge)","Ring of Martial Knowledge (Way of Martial Knowledge)","Dagger of Martial Knowledge (Way of Martial Knowledge)","Dagger of Martial Knowledge (Way of Martial Knowledge)","The Maelstrom's Perfected Greatsword (Perfected Merciless Charge)"," ()","Relentless Focus","Concealed Weapon","Tentacular Dread","Escalating Runeblades","Killer's Blade","Incapacitating Strike","Stampede","Barbed Trap","Inspired Scholarship","Haunting Curse","Fulminating Rune","Greater Storm Atronach"
"Asylum Sanctorium","Saint Olms the Just","https://www.esologs.com/reports/YGyWMz8p7hBVjq3J#fight=9&type=summary&source=9","@Asthrae","Allenys","ass-daedric-herald-war-machine-way-of-martial-knowledge","dps","Daedric","Ass","Herald","War Machine","Way of Martial Knowledge","137205.3","4499.0","94.4","137205.3 DPS","The Thief"," (Huntsman's Warmask)","War Machine Jack (War Machine)","Slimecraw Epaulets (Slimecraw)","War Machine Bracers (War Machine)","","War Machine Guards (War Machine)","War Machine Boots (War Machine)","","Ring of Martial Knowledge (Way of Martial Knowledge)","Ring of Martial Knowledge (Way of Martial Knowledge)","Dagger of Martial Knowledge (Way of Martial Knowledge)","Dagger of Martial Knowledge (Way of Martial Knowledge)","The Maelstrom's Perfected Greatsword (Perfected Merciless Charge)"," ()","Escalating Runeblades","Daedric Prey","Tentacular Dread","Relentless Focus","Summon Twilight Tormentor","Incapacitating Strike","Fulminating Rune","Stampede","Inspired Scholarship","Barbed Trap","Summon Twilight Tormentor","Greater Storm Atronach"
"Asylum Sanctorium","Saint Olms the Just","https://www.esologs.com/reports/YGyWMz8p7hBVjq3J#fight=9&type=summary&source=12","@damage_1","Elsinirith","ass-daedric-herald-war-machine-way-of-martial-knowledge","dps","Daedric","Ass","Herald","War Machine","Way of Martial Knowledge","83978.9","3377.8","59.1","83978.9 DPS","","Slimecraw Mask (Slimecraw)","War Machine Jack (War Machine)","War Machine Arm Cops (War Machine)","War Machine Bracers (War Machine)","","War Machine Guards (War Machine)","War Machine Boots (War Machine)","","Ring of Martial Knowledge (Way of Martial Knowledge)","Ring of Martial Knowledge (Way of Martial Knowledge)","Bow of Martial Knowledge (Way of Martial Knowledge)"," ()","The Maelstrom's Perfected Greatsword (Perfected Merciless Charge)"," ()","Escalating Runeblades","Tentacular Dread","Relentless Focus","Killer's Blade","Camouflaged Hunter","Incapacitating Strike","Stampede","Fulminating Rune","Inspired Scholarship","Daedric Prey","Barbed Trap","Greater Storm Atronach"
"Asylum Sanctorium","Saint Olms the Just","https://www.esologs.com/reports/YGyWMz8p7hBVjq3J#fight=9&type=summary&source=5","@xZephyria","Naenia Deathangel","ass-daedric-herald-war-machine-way-of-martial-knowledge","dps","Daedric","Ass","Herald","War Machine","Way of Martial Knowledge","51979.9","2978.5","68.8","51979.9 DPS","","Slimecraw Mask (Slimecraw)","War Machine Jack (War Machine)","War Machine Arm Cops (War Machine)","War Machine Bracers (War Machine)","","War Machine Guards (War Machine)","War Machine Boots (War Machine)","","Ring of Martial Knowledge (Way of Martial Knowledge)","Ring of Martial Knowledge (Way of Martial Knowledge)","Bow of Martial Knowledge (Way of Martial Knowledge)"," ()","The Master's Bow (Caustic Arrow)"," ()","Relentless Focus","Camouflaged Hunter","Escalating Runeblades","Tentacular Dread","Summon Twilight Tormentor","Soul Harvest","Inspired Scholarship","Poison Injection","Fulminating Rune","Daedric Prey","Summon Twilight Tormentor","Greater Storm Atronach"
"Asylum Sanctorium","Saint Olms the Just","https://www.esologs.com/reports/YGyWMz8p7hBVjq3J#fight=9&type=summary&source=8","@nephAA","He Who Beams A Lot","ass-daedric-herald-war-machine-way-of-martial-knowledge","dps","Daedric","Ass","Herald","War Machine","Way of Martial Knowledge","78460.9","1574.3","55.4","78460.9 DPS",""," (Huntsman's Warmask)","War Machine Jack (War Machine)","Slimecraw Arm Cops (Slimecraw)","War Machine Bracers (War Machine)","","War Machine Guards (War Machine)","War Machine Boots (War Machine)","","Ring of Martial Knowledge (Way of Martial Knowledge)","Ring of Martial Knowledge (Way of Martial Knowledge)","Dagger of Martial Knowledge (Way of Martial Knowledge)","Dagger of Martial Knowledge (Way of Martial Knowledge)","The Maelstrom's Perfected Greatsword (Perfected Merciless Charge)"," ()","Escalating Runeblades","Tentacular Dread","Relentless Focus","Killer's Blade","Camouflaged Hunter","Incapacitating Strike","Inspired Scholarship","Stampede","Fulminating Rune","Haunting Curse","Barbed Trap","Summon Charged Atronach"
"Asylum Sanctorium","Saint Olms the Just","https://www.esologs.com/reports/YGyWMz8p7hBVjq3J#fight=9&type=summary&source=4","@Nahlot_Sunvaar","Beams on Toast","ass-daedric-herald-war-machine-way-of-martial-knowledge","dps","Daedric","Ass","Herald","War Machine","Way of Martial Knowledge","69405.8","2718.6","77.3","69405.8 DPS","","Slimecraw Mask (Slimecraw)","War Machine Jack (War Machine)","Epaulets of Martial Knowledge (Way of Martial Knowledge)","War Machine Bracers (War Machine)","","War Machine Guards (War Machine)","War Machine Boots (War Machine)","","Ring of Martial Knowledge (Way of Martial Knowledge)","Ring of Martial Knowledge (Way of Martial Knowledge)","Bow of Martial Knowledge (Way of Martial Knowledge)"," ()","The Maelstrom's Greatsword (Merciless Charge)"," ()","Relentless Focus","Killer's Blade","Escalating Runeblades","Tentacular Dread","Camouflaged Hunter","Incapacitating Strike","Haunting Curse","Fulminating Rune","Stampede","Inspired Scholarship","Camouflaged Hunter","Greater Storm Atronach"
"Asylum Sanctorium","Saint Olms the Just","https://www.esologs.com/reports/YGyWMz8p7hBVjq3J#fight=9&type=summary&source=9","@Asthrae","Matthis Dayer","ardent-earthen-winter-perfected-pearlescent-ward-zens-redress","dps","Ardent","Earthen","Winter","Perfected Pearlescent Ward","Z'en's Redress","42395.5","1134.8","98.2","42395.5 DPS","","Slimecraw Mask (Slimecraw)","Cryptcanon Vestments (Cryptcanon Vestments)","Perfected Pearlescent Pauldrons (Perfected Pearlescent Ward)","Z'en's Gloves (Z'en's Redress)","","Perfected Pearlescent Greaves (Perfected Pearlescent Ward)","Z'en's Shoes (Z'en's Redress)","","Perfected Pearlescent Ring (Perfected Pearlescent Ward)","Perfected Pearlescent Ring (Perfected Pearlescent Ward)","Z'en's Dagger (Z'en's Redress)","Z'en's Dagger (Z'en's Redress)","The Maelstrom's Perfected Lightning Staff (Perfected Crushing Wall)"," ()","Inner Rage","Sundering Knife","Stone Giant","Venomous Claw","Magical Burst","Temporal Guard","Flames of Oblivion","Elemental Blockade","Expansive Frost Cloak","Engulfing Flames","Ulfsild's Contingency","Temporal Guard"
"Asylum Sanctorium","Saint Olms the Just","https://www.esologs.com/reports/YGyWMz8p7hBVjq3J#fight=9&type=summary&source=2","@KulkGin142","Burning zhe tail","ardent-earthen-winter-perfected-pearlescent-ward-zens-redress","dps","Ardent","Earthen","Winter","Perfected Pearlescent Ward","Z'en's Redress","48172.0","1459.2","88.2","48172.0 DPS","","Slimecraw Mask (Slimecraw)","Cryptcanon Vestments (Cryptcanon Vestments)","Perfected Pearlescent Pauldrons (Perfected Pearlescent Ward)","Z'en's Gloves (Z'en's Redress)","","Perfected Pearlescent Greaves (Perfected Pearlescent Ward)","Z'en's Shoes (Z'en's Redress)","","Perfected Pearlescent Ring (Perfected Pearlescent Ward)","Perfected Pearlescent Ring (Perfected Pearlescent Ward)","Z'en's Dagger (Z'en's Redress)","Z'en's Dagger (Z'en's Redress)","The Maelstrom's Perfected Lightning Staff (Perfected Crushing Wall)"," ()","Venomous Claw","Stone Giant","Sundering Knife","Ulfsild's Contingency","Magical Burst","Sleet Storm","Engulfing Flames","Elemental Blockade","Inner Rage","Flames of Oblivion","Expansive Frost Cloak","Sleet Storm"
"Asylum Sanctorium","Saint Olms the Just","https://www.esologs.com/reports/YGyWMz8p7hBVjq3J#fight=9&type=summary&source=5","@KulkGin142","Alphius Shojox","ardent-earthen-winter-perfected-pearlescent-ward-zens-redress","dps","Ardent","Earthen","Winter","Z'en's Redress","Perfected Pearlescent Ward","53762.4","3942.7","91.2","53762.4 DPS","The Thief","Slimecraw Mask (Slimecraw)","Cryptcanon Vestments (Cryptcanon Vestments)","Z'en's Epaulets (Z'en's Redress)","Z'en's Gloves (Z'en's Redress)","","Perfected Pearlescent Greaves (Perfected Pearlescent Ward)","Perfected Pearlescent Sabatons (Perfected Pearlescent Ward)","","Perfected Pearlescent Ring (Perfected Pearlescent Ward)","Perfected Pearlescent Ring (Perfected Pearlescent Ward)","Z'en's Dagger (Z'en's Redress)","Z'en's Dagger (Z'en's Redress)","The Maelstrom's Perfected Lightning Staff (Perfected Crushing Wall)"," ()","Venomous Claw","Stone Giant","Sundering Knife","Engulfing Flames","Flames of Oblivion","Temporal Guard","Magical Burst","Elemental Blockade","Inner Rage","Ulfsild's Contingency","Expansive Frost Cloak","Temporal Guard"
"Asylum Sanctorium","Saint Olms the Just","https://www.esologs.com/reports/YGyWMz8p7hBVjq3J#fight=9&type=summary&source=9","@Asthrae","Matthis Dayer","ardent-earthen-winter-perfected-pearlescent-ward-zens-redress","dps","Ardent","Earthen","Winter","Perfected Pearlescent Ward","Z'en's Redress","43897.0","1703.7","90.4","43897.0 DPS","","Slimecraw Mask (Slimecraw)","Cryptcanon Vestments (Cryptcanon Vestments)","Perfected Pearlescent Pauldrons (Perfected Pearlescent Ward)","Z'en's Gloves (Z'en's Redress)","","Perfected Pearlescent Greaves (Perfected Pearlescent Ward)","Z'en's Shoes (Z'en's Redress)","","Perfected Pearlescent Ring (Perfected Pearlescent Ward)","Perfected Pearlescent Ring (Perfected Pearlescent Ward)","Z'en's Dagger (Z'en's Redress)","Z'en's Dagger (Z'en's Redress)","The Maelstrom's Perfected Lightning Staff (Perfected Crushing Wall)"," ()","Inner Rage","Sundering Knife","Stone Giant","Venomous Claw","Magical Burst","Temporal Guard","Flames of Oblivion","Elemental Blockade","Expansive Frost Cloak","Engulfing Flames","Ulfsild's Contingency","Temporal Guard"
"Asylum Sanctorium","Saint Olms the Just","https://www.esologs.com/reports/YGyWMz8p7hBVjq3J#fight=9&type=summary&source=3","@Asthrae","Matthis Dayer","ardent-earthen-winter-perfected-pearlescent-ward-zens-redress","dps","Ardent","Earthen","Winter","Perfected Pearlescent Ward","Z'en's Redress","35378.1","1911.2","96.1","35378.1 DPS","","Slimecraw Mask (Slimecraw)","Cryptcanon Vestments (Cryptcanon Vestments)","Perfected Pearlescent Pauldrons (Perfected Pearlescent Ward)","Z'en's Gloves (Z'en's Redress)","","Perfected Pearlescent Greaves (Perfected Pearlescent Ward)","Z'en's Shoes (Z'en's Redress)","","Perfected Pearlescent Ring (Perfected Pearlescent Ward)","Perfected Pearlescent Ring (Perfected Pearlescent Ward)","Z'en's Dagger (Z'en's Redress)","Z'en's Dagger (Z'en's Redress)","The Maelstrom's Perfected Lightning Staff (Perfected Crushing Wall)"," ()","Inner Rage","Sundering Knife","Stone Giant","Venomous Claw","Magical Burst","Temporal Guard","Flames of Oblivion","Elemental Blockade","Expansive Frost Cloak","Engulfing Flames","Ulfsild's Contingency","Temporal Guard"
"Asylum Sanctorium","Saint Olms the Just","https://www.esologs.com/reports/YGyWMz8p7hBVjq3J#fight=9&type=summary&source=3","@KulkGin142","Alphius Shojox","ardent-earthen-winter-perfected-pearlescent-ward-zens-redress","dps","Ardent","Earthen","Winter","Z'en's Redress","Perfected Pearlescent Ward","36082.0","2558.8","77.9","36082.0 DPS","","Slimecraw Mask (Slimecraw)","Cryptcanon Vestments (Cryptcanon Vestments)","Z'en's Epaulets (Z'en's Redress)","Z'en's Gloves (Z'en's Redress)","","Perfected Pearlescent Greaves (Perfected Pearlescent Ward)","Perfected Pearlescent Sabatons (Perfected Pearlescent Ward)","","Perfected Pearlescent Ring (Perfected Pearlescent Ward)","Perfected Pearlescent Ring (Perfected Pearlescent Ward)","Z'en's Dagger (Z'en's Redress)","Z'en's Dagger (Z'en's Redress)","The Maelstrom's Perfected Lightning Staff (Perfected Crushing Wall)"," ()","Venomous Claw","Stone Giant","Sundering Knife","Magical Burst","Flames of Oblivion","Temporal Guard","Engulfing Flames","Elemental Blockade","Inner Rage","Ulfsild's Contingency","Expansive Frost Cloak","Temporal Guard"
"Asylum Sanctorium","Saint Olms the Just","https://www.esologs.com/reports/YGyWMz8p7hBVjq3J#fight=9&type=summary&source=3","@Bitter_Apple21","Bc-barrier","ardent-earthen-winter-perfected-pearlescent-ward-zens-redress","tank","Ardent","Earthen","Winter","Z'en's Redress","Perfected Pearlescent Ward","5303.2","4368.3","33.4","33.4 CPM","","Perfected Pearlescent Helm (Perfected Pearlescent Ward)","Cryptcanon Vestments (Cryptcanon Vestments)","Magma Incarnate Arm Cops (Magma Incarnate)","Z'en's Gloves (Z'en's Redress)","","Perfected Pearlescent Greaves (Perfected Pearlescent Ward)","Perfected Pearlescent Sabatons (Perfected Pearlescent Ward)","","Perfected Pearlescent Ring (Perfected Pearlescent Ward)","Z'en's Ring (Z'en's Redress)","Z'en's Dagger (Z'en's Redress)","Z'en's Dagger (Z'en's Redress)","Z'en's Ice Staff (Z'en's Redress)"," ()","Entropy","Soul Trap","Shattering Knife","Venomous Claw","Fiery Breath","Temporal Guard","Elemental Susceptibility","Inner Rage","Polar Wind","Stone Giant","Expansive Frost Cloak","Temporal Guard"
"Asylum Sanctorium","Saint Olms the Just","https://www.esologs.com/reports/MbgPGx4waKY2RvDW#fight=23&type=summary&source=1","@Nahlot_Sunvaar","Nord-Warden-Dusk","green-resto-soldier-perfected-pillagers-profit-spell-power-cure","healer","Resto","Green","Soldier","Perfected Pillager's Profit","Spell Power Cure","7697.0","91850.0","74.4","91850.0 HPS","The Ritual","Nazaray Mask (Nazaray)","Gallant Chain (Armor of the Trainee)","Nazaray Epaulets (Nazaray)","Spell Power Cure Gloves (Spell Power Cure)","","Spell Power Cure Breeches (Spell Power Cure)","Spell Power Cure Shoes (Spell Power Cure)","","Perfected Pillager's Band (Perfected Pillager's Profit)","Perfected Pillager's Band (Perfected Pillager's Profit)","Spell Power Cure Restoration Staff (Spell Power Cure)"," ()","Perfected Pillager's Lightning Staff (Perfected Pillager's Profit)"," ()","Budding Seeds","Radiating Regeneration","Blessing of Restoration","Illustrious Healing","Echoing Vigor","Barrier","Elemental Susceptibility","Rune of the Colorless Pool","Lotus Blossom","Extended Ritual","Overflowing Altar","Aggressive Horn"
"Asylum Sanctorium","Saint Olms the Just","https://www.esologs.com/reports/MbgPGx4waKY2RvDW#fight=23&type=summary&source=1","@Med-li","Opossums","green-resto-soldier-perfected-pillagers-profit-spell-power-cure","healer","Resto","Green","Soldier","Perfected Pillager's Profit","Spell Power Cure","3563.8","83995.3","87.4","83995.3 HPS","","Nazaray Visage (Nazaray)","Cuirass of the Trainee (Armor of the Trainee)","Nazaray Arm Cops (Nazaray)","Spell Power Cure Gloves (Spell Power Cure)","","Spell Power Cure Breeches (Spell Power Cure)","Spell Power Cure Shoes (Spell Power Cure)","","Perfected Pillager's Band (Perfected Pillager's Profit)","Perfected Pillager's Band (Perfected Pillager's Profit)","Perfected Pillager's Ice Staff (Perfected Pillager's Profit)"," ()","Spell Power Cure Restoration Staff (Spell Power Cure)"," ()","Channeled Focus","Overflowing Altar","Elemental Susceptibility","Extended Ritual","Rune of the Colorless Pool","Aggressive Horn","Echoing Vigor","Combat Prayer","Radiating Regeneration","Illustrious Healing","Budding Seeds","Gibbering Shield"
"Asylum Sanctorium","Saint Olms the Just","https://www.esologs.com/reports/MbgPGx4waKY2RvDW#fight=23&type=summary&source=13","@Sleepyhead1100","Mid Healer","green-resto-soldier-perfected-pillagers-profit-spell-power-cure","healer","Resto","Green","Soldier","Spell Power Cure","Perfected Pillager's Profit","6066.2","72974.5","80.7","72974.5 HPS","","Nazaray Guise (Nazaray)","Spell Power Cure Robe (Spell Power Cure)","Nazaray Epaulets (Nazaray)","Spell Power Cure Gloves (Spell Power Cure)","","Spell Power Cure Breeches (Spell Power Cure)","Perfected Pillager's Shoes (Perfected Pillager's Profit)","","Perfected Pillager's Band (Perfected Pillager's Profit)","Perfected Pillager's Band (Perfected Pillager's Profit)","Spell Power Cure Restoration Staff (Spell Power Cure)"," ()","Perfected Pillager's Ice Staff (Perfected Pillager's Profit)"," ()","Illustrious Healing","Radiating Regeneration","Budding Seeds","Combat Prayer","Echoing Vigor","Reviving Barrier","Elemental Susceptibility","Overflowing Altar","Extended Ritual","Rune of the Colorless Pool","Inner Rage","Aggressive Horn"
"Asylum Sanctorium","Saint Olms the Just","https://www.esologs.com/reports/MbgPGx4waKY2RvDW#fight=23&type=summary&source=8","@Yffii","Enjoys the forests","green-resto-soldier-perfected-pillagers-profit-spell-power-cure","healer","Resto","Green","Soldier","Perfected Pillager's Profit","Spell Power Cure","4313.4","87966.0","72.7","87966.0 HPS","","Nazaray Guise (Nazaray)","Perfected Pillager's Robe (Perfected Pillager's Profit)","Nazaray Epaulets (Nazaray)","Perfected Pillager's Gloves (Perfected Pillager's Profit)","","Spell Power Cure Breeches (Spell Power Cure)","Spell Power Cure Shoes (Spell Power Cure)","","Perfected Pillager's Band (Perfected Pillager's Profit)","Perfected Pillager's Band (Perfected Pillager's Profit)","Spell Power Cure Restoration Staff (Spell Power Cure)"," ()","Perfected Pillager's Lightning Staff (Perfected Pillager's Profit)"," ()","Blessing of Restoration","Radiating Regeneration","Illustrious Healing","Budding Seeds","Rune of the Colorless Pool","Gibbering Shield","Elemental Susceptibility","Extended Ritual","Echoing Vigor","Radiant Aura","Overflowing Altar","Aggressive Horn"
"Asylum Sanctorium","Saint Olms the Just","https://www.esologs.com/reports/MbgPGx4waKY2RvDW#fight=23&type=summary&source=4","@Sleepyhead1100","Mid Healer","green-resto-soldier-perfected-pillagers-profit-spell-power-cure","healer","Resto","Green","Soldier","Spell Power Cure","Perfected Pillager's Profit","4723.7","65668.5","79.5","65668.5 HPS","","Nazaray Guise (Nazaray)","Spell Power Cure Robe (Spell Power Cure)","Nazaray Epaulets (Nazaray)","Spell Power Cure Gloves (Spell Power Cure)","","Spell Power Cure Breeches (Spell Power Cure)","Perfected Pillager's Shoes (Perfected Pillager's Profit)","","Perfected Pillager's Band (Perfected Pillager's Profit)","Perfected Pillager's Band (Perfected Pillager's Profit)","Spell Power Cure Restoration Staff (Spell Power Cure)"," ()","Perfected Pillager's Ice Staff (Perfected Pillager's Profit)"," ()","Illustrious Healing","Radiating Regeneration","Budding Seeds","Combat Prayer","Echoing Vigor","Reviving Barrier","Elemental Susceptibility","Overflowing Altar","Extended Ritual","Rune of the Colorless Pool","Radiant Aura","Aggressive Horn"
"Asylum Sanctorium","Saint Olms the Just","https://www.esologs.com/reports/MbgPGx4waKY2RvDW#fight=23&type=summary&source=1","@JacobWasTake'n","Ro Jogan","green-resto-soldier-perfected-pillagers-profit-spell-power-cure","healer","Resto","Green","Soldier","Spell Power Cure","Perfected Pillager's Profit","5529.1","55589.7","82.1","55589.7 HPS","","Nazaray Guise (Nazaray)","Perfected Pillager's Robe (Perfected Pillager's Profit)","Nazaray Epaulets (Nazaray)","Spell Power Cure Gloves (Spell Power Cure)","","Spell Power Cure Breeches (Spell Power Cure)","Spell Power Cure Shoes (Spell Power Cure)","","Perfected Pillager's Band (Perfected Pillager's Profit)","Perfected Pillager's Band (Perfected Pillager's Profit)","Spell Power Cure Restoration Staff (Spell Power Cure)"," ()","Perfected Pillager's Ice Staff (Perfected Pillager's Profit)"," ()","Echoing Vigor","Budding Seeds","Illustrious Healing","Combat Prayer","Radiating Regeneration","Reviving Barrier","Rune of the Colorless Pool","Blockade of Frost","Elemental Susceptibility","Overflowing Altar","Extended Ritual","Aggressive Horn"
"Asylum Sanctorium","Saint Olms the Just","https://www.esologs.com/reports/MbgPGx4waKY2RvDW#fight=23&type=summary&source=2","@Rare_Form","Ariella Heals","green-resto-soldier-perfected-pillagers-profit-spell-power-cure","healer","Resto","Green","Soldier","Spell Power Cure","Perfected Pillager's Profit","3033.0","53593.5","64.6","53593.5 HPS","","Nazaray Guise (Nazaray)","Spell Power Cure Robe (Spell Power Cure)","Nazaray Arm Cops (Nazaray)","Spell Power Cure Gloves (Spell Power Cure)","","Spell Power Cure Breeches (Spell Power Cure)","Perfected Pillager's Shoes (Perfected Pillager's Profit)","","Perfected Pillager's Band (Perfected Pillager's Profit)","Perfected Pillager's Band (Perfected Pillager's Profit)","Spell Power Cure Restoration Staff (Spell Power Cure)"," ()","Perfected Pillager's Lightning Staff (Perfected Pillager's Profit)"," ()","Combat Prayer","Radiating Regeneration","Rune of the Colorless Pool","Budding Seeds","Illustrious Healing","Gibbering Shield","Elemental Blockade","Echoing Vigor","Extended Ritual","Elemental Susceptibility","Overflowing Altar","Aggressive Horn"
"Asylum Sanctorium","Saint Olms the Just","https://www.esologs.com/reports/Cj6zdvP1R84Qpayk#fight=13&type=summary&source=21","@Kyushkin","Yashel-Suliysh","ardent-herald-spear-perfected-slivers-of-the-null-arca-tide-born-wildstalker","dps","Ardent","Spear","Herald","Perfected Slivers of the Null Arca","Tide-Born Wildstalker","102429.6","8092.8","20.7","102429.6 DPS","","Slimecraw Guise (Slimecraw)","Perfected Null Arca Jack (Perfected Slivers of the Null Arca)","Tide-Born Arm Cops (Tide-Born Wildstalker)","Perfected Null Arca Bracers (Perfected Slivers of the Null Arca)","","Perfected Null Arca Guards (Perfected Slivers of the Null Arca)","Perfected Null Arca Boots (Perfected Slivers of the Null Arca)","","Tide-Born Ring (Tide-Born Wildstalker)","Tide-Born Ring (Tide-Born Wildstalker)","Tide-Born Dagger (Tide-Born Wildstalker)","Tide-Born Dagger (Tide-Born Wildstalker)","The Maelstrom's Perfected Greatsword (Perfected Merciless Charge)"," ()","Quick Cloak","Cephaliarch's Flail","Pragmatic Fatecarver","Blazing Spear","Camouflaged Hunter","Flawless Dawnbreaker","Stampede","Inspired Scholarship","Flames of Oblivion","Venomous Claw","Molten Whip","The Languid Eye"
"Asylum Sanctorium","Saint Olms the Just","https://www.esologs.com/reports/Cj6zdvP1R84Qpayk#fight=13&type=summary&source=19","@HircineTK","Kritical Kitty","ardent-herald-spear-perfected-slivers-of-the-null-arca-tide-born-wildstalker","dps","Ardent","Spear","Herald","Perfected Slivers of the Null Arca","Tide-Born Wildstalker","76809.5","9297.8","22.3","76809.5 DPS","","Slimecraw Guise (Slimecraw)","Perfected Null Arca Jack (Perfected Slivers of the Null Arca)","Tide-Born Arm Cops (Tide-Born Wildstalker)","Perfected Null Arca Bracers (Perfected Slivers of the Null Arca)","","Perfected Null Arca Guards (Perfected Slivers of the Null Arca)","Perfected Null Arca Boots (Perfected Slivers of the Null Arca)","","Tide-Born Ring (Tide-Born Wildstalker)","Tide-Born Ring (Tide-Born Wildstalker)","Tide-Born Dagger (Tide-Born Wildstalker)","Tide-Born Dagger (Tide-Born Wildstalker)","The Maelstrom's Perfected Inferno Staff (Perfected Crushing Wall)"," ()","Cephaliarch's Flail","Pragmatic Fatecarver","Quick Cloak","Blazing Spear","Camouflaged Hunter","The Languid Eye","Elemental Blockade","Flames of Oblivion","Inspired Scholarship","Structured Entropy","Molten Whip","Barrier"
"Asylum Sanctorium","Saint Olms the Just","https://www.esologs.com/reports/Cj6zdvP1R84Qpayk#fight=13&type=summary&source=16","@Retrobutionn10","Mercedeez Beams","ardent-herald-spear-perfected-slivers-of-the-null-arca-tide-born-wildstalker","dps","Ardent","Spear","Herald","Tide-Born Wildstalker","Perfected Slivers of the Null Arca","86266.6","5713.7","29.8","86266.6 DPS","","Slimecraw Mask (Slimecraw)","Tide-Born Jack (Tide-Born Wildstalker)","Perfected Null Arca Arm Cops (Perfected Slivers of the Null Arca)","Perfected Null Arca Bracers (Perfected Slivers of the Null Arca)","","Perfected Null Arca Guards (Perfected Slivers of the Null Arca)","Perfected Null Arca Boots (Perfected Slivers of the Null Arca)","","Tide-Born Ring (Tide-Born Wildstalker)","Tide-Born Ring (Tide-Born Wildstalker)","Tide-Born Dagger (Tide-Born Wildstalker)","Tide-Born Dagger (Tide-Born Wildstalker)","The Maelstrom's Perfected Greatsword (Perfected Merciless Charge)"," ()","Quick Cloak","Venomous Claw","Camouflaged Hunter","Cephaliarch's Flail","Pragmatic Fatecarver","Crescent Sweep","Inspired Scholarship","Molten Whip","Fulminating Rune","Flames of Oblivion","Stampede","The Languid Eye"
"Asylum Sanctorium","Saint Olms the Just","https://www.esologs.com/reports/Cj6zdvP1R84Qpayk#fight=13&type=summary&source=22","@super_donkey","Fane Fenelyus Mira","ardent-herald-spear-perfected-slivers-of-the-null-arca-tide-born-wildstalker","dps","Ardent","Spear","Herald","Perfected Slivers of the Null Arca","Tide-Born Wildstalker","99196.1","3745.3","29.0","99196.1 DPS","","Perfected Null Arca Helmet (Perfected Slivers of the Null Arca)","Perfected Null Arca Jack (Perfected Slivers of the Null Arca)","Slimecraw Epaulets (Slimecraw)","Tide-Born Bracers (Tide-Born Wildstalker)","","Perfected Null Arca Guards (Perfected Slivers of the Null Arca)","Tide-Born Boots (Tide-Born Wildstalker)","","Perfected Null Arca Ring (Perfected Slivers of the Null Arca)","Perfected Null Arca Ring (Perfected Slivers of the Null Arca)","Tide-Born Dagger (Tide-Born Wildstalker)","Tide-Born Dagger (Tide-Born Wildstalker)","The Maelstrom's Perfected Inferno Staff (Perfected Crushing Wall)"," ()","Quick Cloak","Banner Bearer","Cephaliarch's Flail","Pragmatic Fatecarver","Camouflaged Hunter","Crescent Sweep","Banner Bearer","Flames of Oblivion","Elemental Blockade","Molten Whip","Inspired Scholarship","The Languid Eye"
"Asylum Sanctorium","Saint Olms the Just","https://www.esologs.com/reports/Cj6zdvP1R84Qpayk#fight=13&type=summary&source=14","@Ap_pA","Appa d'Skybison","ardent-herald-spear-perfected-slivers-of-the-null-arca-tide-born-wildstalker","dps","Ardent","Spear","Herald","Perfected Slivers of the Null Arca","Tide-Born Wildstalker","102455.3","7236.7","26.0","102455.3 DPS","The Thief","Slimecraw Mask (Slimecraw)","Perfected Null Arca Jack (Perfected Slivers of the Null Arca)","Tide-Born Arm Cops (Tide-Born Wildstalker)","Perfected Null Arca Bracers (Perfected Slivers of the Null Arca)","","Perfected Null Arca Guards (Perfected Slivers of the Null Arca)","Perfected Null Arca Boots (Perfected Slivers of the Null Arca)","","Tide-Born Ring (Tide-Born Wildstalker)","Tide-Born Ring (Tide-Born Wildstalker)","Tide-Born Dagger (Tide-Born Wildstalker)","Tide-Born Dagger (Tide-Born Wildstalker)","The Maelstrom's Perfected Greatsword (Perfected Merciless Charge)"," ()","Cephaliarch's Flail","Camouflaged Hunter","Pragmatic Fatecarver","Fulminating Rune","Quick Cloak","Crescent Sweep","Stampede","Molten Whip","Venomous Claw","Inspired Scholarship","Flames of Oblivion","The Languid Eye"
"Asylum Sanctorium","Saint Olms the Just","https://www.esologs.com/reports/Cj6zdvP1R84Qpayk#fight=13&type=summary&source=23","@Pantry.Raid","Chili Con Carnage","ardent-herald-spear-perfected-slivers-of-the-null-arca-tide-born-wildstalker","dps","Ardent","Spear","Herald","Tide-Born Wildstalker","Perfected Slivers of the Null Arca","90259.2","6277.9","45.6","90259.2 DPS","","Slimecraw Guise (Slimecraw)","Tide-Born Jack (Tide-Born Wildstalker)","Perfected Null Arca Arm Cops (Perfected Slivers of the Null Arca)","Tide-Born Bracers (Tide-Born Wildstalker)","","Tide-Born Guards (Tide-Born Wildstalker)","Tide-Born Boots (Tide-Born Wildstalker)","","Perfected Null Arca Ring (Perfected Slivers of the Null Arca)","Perfected Null Arca Ring (Perfected Slivers of the Null Arca)","Perfected Null Arca Dagger (Perfected Slivers of the Null Arca)","Perfected Null Arca Dagger (Perfected Slivers of the Null Arca)","The Maelstrom's Perfected Greatsword (Perfected Merciless Charge)"," ()","Cephaliarch's Flail","Pragmatic Fatecarver","Blazing Spear","Quick Cloak","Camouflaged Hunter","Flawless Dawnbreaker","Inspired Scholarship","Stampede","Venomous Claw","Molten Whip","Flames of Oblivion","The Languid Eye"
"Asylum Sanctorium","Saint Olms the Just","https://www.esologs.com/reports/YGyWMz8p7hBVjq3J#fight=9&type=summary&source=12","@Valjaria","Val Kyma","ass-dawn-herald-perfected-slivers-of-the-null-arca-roar-of-alkosh","dps","Ass","Dawn","Herald","Roar of Alkosh","Perfected Slivers of the Null Arca","106281.7","1174.3","61.0","106281.7 DPS",""," (Huntsman's Warmask)","Jack of Alkosh (Roar of Alkosh)","Zaan Epaulets (Zaan)","Bracers of Alkosh (Roar of Alkosh)","","Guards of Alkosh (Roar of Alkosh)","Boots of Alkosh (Roar of Alkosh)","","Perfected Null Arca Ring (Perfected Slivers of the Null Arca)","Perfected Null Arca Ring (Perfected Slivers of the Null Arca)","Perfected Null Arca Dagger (Perfected Slivers of the Null Arca)","Perfected Null Arca Dagger (Perfected Slivers of the Null Arca)","The Maelstrom's Perfected Greatsword (Perfected Merciless Charge)"," ()","Escalating Runeblades","Tentacular Dread","Radiant Oppression","Power of the Light","Relentless Focus","Incapacitating Strike","Stampede","Barbed Trap","Solar Barrage","Inspired Scholarship","Fulminating Rune","The Languid Eye"
"Asylum Sanctorium","Saint Olms the Just","https://www.esologs.com/reports/YGyWMz8p7hBVjq3J#fight=9&type=summary&source=60","@Droper10","Vw Passat Tdi","ass-dawn-herald-perfected-slivers-of-the-null-arca-roar-of-alkosh","dps","Ass","Dawn","Herald","Roar of Alkosh","Perfected Slivers of the Null Arca","129699.3","1497.8","58.7","129699.3 DPS","","Helmet of Alkosh (Roar of Alkosh)","Jack of Alkosh (Roar of Alkosh)","Slimecraw Epaulets (Slimecraw)","Bracers of Alkosh (Roar of Alkosh)","","Guards of Alkosh (Roar of Alkosh)","Boots of Alkosh (Roar of Alkosh)","","Perfected Null Arca Ring (Perfected Slivers of the Null Arca)","Perfected Null Arca Ring (Perfected Slivers of the Null Arca)","Perfected Null Arca Dagger (Perfected Slivers of the Null Arca)","Perfected Null Arca Dagger (Perfected Slivers of the Null Arca)","The Maelstrom's Perfected Greatsword (Perfected Merciless Charge)"," ()","Escalating Runeblades","Tentacular Dread","Power of the Light","Radiant Oppression","Relentless Focus","Incapacitating Strike","Stampede","Inspired Scholarship","Solar Barrage","Barbed Trap","Fulminating Rune","The Languid Eye"
"Asylum Sanctorium","Saint Olms the Just","https://www.esologs.com/reports/YGyWMz8p7hBVjq3J#fight=9&type=summary&source=2","@Valjaria","Val Kyma","ass-dawn-herald-perfected-slivers-of-the-null-arca-roar-of-alkosh","dps","Ass","Dawn","Herald","Roar of Alkosh","Perfected Slivers of the Null Arca","142513.3","4933.0","65.0","142513.3 DPS","The Thief"," (Huntsman's Warmask)","Jack of Alkosh (Roar of Alkosh)","Zaan Epaulets (Zaan)","Bracers of Alkosh (Roar of Alkosh)","","Guards of Alkosh (Roar of Alkosh)","Boots of Alkosh (Roar of Alkosh)","","Perfected Null Arca Ring (Perfected Slivers of the Null Arca)","Perfected Null Arca Ring (Perfected Slivers of the Null Arca)","Perfected Null Arca Dagger (Perfected Slivers of the Null Arca)","Perfected Null Arca Dagger (Perfected Slivers of the Null Arca)","The Maelstrom's Perfected Greatsword (Perfected Merciless Charge)"," ()","Escalating Runeblades","Tentacular Dread","Radiant Oppression","Power of the Light","Relentless Focus","Incapacitating Strike","Stampede","Barbed Trap","Solar Barrage","Inspired Scholarship","Fulminating Rune","The Languid Eye"
"Asylum Sanctorium","Saint Olms the Just","https://www.esologs.com/reports/YGyWMz8p7hBVjq3J#fight=9&type=summary&source=11","@Valjaria","Val Kyma","ass-dawn-herald-perfected-slivers-of-the-null-arca-roar-of-alkosh","dps","Ass","Dawn","Herald","Roar of Alkosh","Perfected Slivers of the Null Arca","133151.8","4094.3","59.1","133151.8 DPS",""," (Huntsman's Warmask)","Jack of Alkosh (Roar of Alkosh)","Zaan Epaulets (Zaan)","Bracers of Alkosh (Roar of Alkosh)","","Guards of Alkosh (Roar of Alkosh)","Boots of Alkosh (Roar of Alkosh)","","Perfected Null Arca Ring (Perfected Slivers of the Null Arca)","Perfected Null Arca Ring (Perfected Slivers of the Null Arca)","Perfected Null Arca Dagger (Perfected Slivers of the Null Arca)","Perfected Null Arca Dagger (Perfected Slivers of the Null Arca)","The Maelstrom's Perfected Bow (Perfected Thunderous Volley)"," ()","Escalating Runeblades","Tentacular Dread","Radiant Oppression","Power of the Light","Relentless Focus","Incapacitating Strike","Stampede","Barbed Trap","Solar Barrage","Inspired Scholarship","Fulminating Rune","The Languid Eye"
"Asylum Sanctorium","Saint Olms the Just","https://www.esologs.com/reports/YGyWMz8p7hBVjq3J#fight=9&type=summary&source=12","@Valjaria","Val Kyma","ass-dawn-herald-perfected-slivers-of-the-null-arca-roar-of-alkosh","dps","Ass","Dawn","Herald","Roar of Alkosh","Perfected Slivers of the Null Arca","114454.0","2927.6","44.9","114454.0 DPS",""," (Huntsman's Warmask)","Jack of Alkosh (Roar of Alkosh)","Zaan Epaulets (Zaan)","Bracers of Alkosh (Roar of Alkosh)","","Guards of Alkosh (Roar of Alkosh)","Boots of Alkosh (Roar of Alkosh)","","Perfected Null Arca Ring (Perfected Slivers of the Null Arca)","Perfected Null Arca Ring (Perfected Slivers of the Null Arca)","Perfected Null Arca Dagger (Perfected Slivers of the Null Arca)","Perfected Null Arca Dagger (Perfected Slivers of the Null Arca)","The Maelstrom's Perfected Greatsword (Perfected Merciless Charge)"," ()","Escalating Runeblades","Tentacular Dread","Radiant Oppression","Power of the Light","Relentless Focus","Incapacitating Strike","Stampede","Barbed Trap","Solar Barrage","Inspired Scholarship","Fulminating Rune","Aggressive Horn"
"Asylum Sanctorium","Saint Olms the Just","https://www.esologs.com/reports/4gqtdW6P7xJ1pfc2#fight=11&type=summary&source=9","@Cozen22","Joe-Crozen","grave-x-x-perfected-saxhleel-champion-powerful-assault","tank","Grave","x","x","Powerful Assault","Perfected Saxhleel Champion","14566.8","14177.3","58.2","58.2 CPM","The Atronach","Magma Incarnate Visage (Magma Incarnate)","Jack of the Powerful Assault (Powerful Assault)","Spaulder of Ruin (Spaulder of Ruin)","Bracers of the Powerful Assault (Powerful Assault)","","Guards of the Powerful Assault (Powerful Assault)","Boots of the Powerful Assault (Powerful Assault)","","Saxhleel Champion's Perfected Ring (Perfected Saxhleel Champion)","Saxhleel Champion's Perfected Ring (Perfected Saxhleel Champion)","Ice Staff of the Seducer (Armor of the Seducer)"," ()","Saxhleel Champion's Perfected Sword (Perfected Saxhleel Champion)","Saxhleel Champion's Perfected Sword (Perfected Saxhleel Champion)","Echoing Vigor","Destructive Clench","Exhilarating Drain","Crushing Shock","Elemental Susceptibility","Panacea","Shattering Knife","Unnerving Boneyard","Mystic Orb","Elude","Sundering Trample","Glacial Colossus"
"Asylum Sanctorium","Saint Olms the Just","https://www.esologs.com/reports/4gqtdW6P7xJ1pfc2#fight=11&type=summary&source=8","@Kamii-i","Okamiz","grave-x-x-perfected-saxhleel-champion-powerful-assault","tank","Grave","x","x","Powerful Assault","Perfected Saxhleel Champion","5042.6","14639.1","55.0","55.0 CPM","","Baron Zaudrus Visage (Baron Zaudrus)","Jack of the Powerful Assault (Powerful Assault)","Spaulder of Ruin (Spaulder of Ruin)","Bracers of the Powerful Assault (Powerful Assault)","","Guards of the Powerful Assault (Powerful Assault)","Boots of the Powerful Assault (Powerful Assault)","","Saxhleel Champion's Perfected Ring (Perfected Saxhleel Champion)","Saxhleel Champion's Perfected Ring (Perfected Saxhleel Champion)","The Master's Perfected Dagger (Perfected Puncturing Remedy)","The Master's Perfected Shield (Perfected Puncturing Remedy)","Saxhleel Champion's Perfected Ice Staff (Perfected Saxhleel Champion)"," ()","Mystic Orb","Unnerving Boneyard","Exhilarating Drain","Elude","Pierce Armor","Barrier","Crushing Shock","Race Against Time","Echoing Vigor","Magical Trample","Inner Rage","Glacial Colossus"
"Asylum Sanctorium","Saint Olms the Just","https://www.esologs.com/reports/NMkxpV2KqYtcZDAg#fight=29&type=summary&source=13","@JustAMist","Bael'Umbra","green-resto-siphon-perfected-pillagers-profit-spell-power-cure","healer","Siphon","Resto","Green","Spell Power Cure","Perfected Pillager's Profit","2547.3","88967.4","76.3","88967.4 HPS","","Nazaray Guise (Nazaray)","Bleakrock Garrison Plate (Armor of the Trainee)","Nazaray Epaulets (Nazaray)","Spell Power Cure Gloves (Spell Power Cure)","","Perfected Pillager's Breeches (Perfected Pillager's Profit)","Spell Power Cure Shoes (Spell Power Cure)","","Perfected Pillager's Band (Perfected Pillager's Profit)","Perfected Pillager's Band (Perfected Pillager's Profit)","Spell Power Cure Restoration Staff (Spell Power Cure)"," ()","Perfected Pillager's Ice Staff (Perfected Pillager's Profit)"," ()","Blessing of Restoration","Echoing Vigor","Budding Seeds","Radiating Regeneration","Illustrious Healing","Soul Siphon","Channeled Focus","Elemental Susceptibility","Extended Ritual","Radiant Aura","Overflowing Altar","Reviving Barrier"
"Asylum Sanctorium","Saint Olms the Just","https://www.esologs.com/reports/NMkxpV2KqYtcZDAg#fight=29&type=summary&source=6","@KittyKeta","Keta Cat","green-resto-siphon-perfected-pillagers-profit-spell-power-cure","healer","Siphon","Resto","Green","Spell Power Cure","Perfected Pillager's Profit","2657.9","62175.4","69.0","62175.4 HPS","The Thief","Nazaray Guise (Nazaray)","Cuirass of the Trainee (Armor of the Trainee)","Nazaray Arm Cops (Nazaray)","Spell Power Cure Gloves (Spell Power Cure)","","Spell Power Cure Breeches (Spell Power Cure)","Perfected Pillager's Shoes (Perfected Pillager's Profit)","","Perfected Pillager's Band (Perfected Pillager's Profit)","Perfected Pillager's Band (Perfected Pillager's Profit)","Spell Power Cure Restoration Staff (Spell Power Cure)"," ()","Perfected Pillager's Ice Staff (Perfected Pillager's Profit)"," ()","Blessing of Restoration","Budding Seeds","Radiating Regeneration","Illustrious Healing","Echoing Vigor","Soul Siphon","Elemental Susceptibility","Extended Ritual","Channeled Focus","Radiant Aura","Overflowing Altar","Aggressive Horn"
"Asylum Sanctorium","Saint Olms the Just","https://www.esologs.com/reports/NMkxpV2KqYtcZDAg#fight=29&type=summary&source=3","@Hobahn","Aura The Explorer","earthen-soldier-winter-perfected-lucent-echoes-perfected-pearlescent-ward","tank","Earthen","Winter","Soldier","Perfected Lucent Echoes","Perfected Pearlescent Ward","9585.8","1138.9","80.5","80.5 CPM","The Atronach","Baron Thirsk's Mask (Baron Thirsk)","Cryptcanon Vestments (Cryptcanon Vestments)","Perfected Pearlescent Pauldrons (Perfected Pearlescent Ward)","Perfected Pearlescent Gauntlets (Perfected Pearlescent Ward)","","Perfected Pearlescent Greaves (Perfected Pearlescent Ward)","Perfected Pearlescent Sabatons (Perfected Pearlescent Ward)","","Lucent Echoes Perfected Ring (Perfected Lucent Echoes)","Lucent Echoes Perfected Ring (Perfected Lucent Echoes)","Lucent Echoes Perfected Dagger (Perfected Lucent Echoes)","Lucent Echoes Perfected Dagger (Perfected Lucent Echoes)","Lucent Echoes Perfected Lightning Staff (Perfected Lucent Echoes)"," ()","Quick Cloak","Runic Sunder","Stone Giant","Igneous Shield","Shattering Knife (Warrior's Opportunity / Maim)","Crypt Transfer","Blockade of Storms","Elemental Susceptibility","Mystic Orb","Expansive Frost Cloak","Rune of the Colorless Pool","Crypt Transfer"
"Asylum Sanctorium","Saint Olms the Just","https://www.esologs.com/reports/NMkxpV2KqYtcZDAg#fight=29&type=summary&source=5","@Lost_Pat","ipups","earthen-soldier-winter-perfected-lucent-echoes-perfected-pearlescent-ward","tank","Earthen","Winter","Soldier","Perfected Lucent Echoes","Perfected Pearlescent Ward","7873.9","1736.0","41.3","41.3 CPM","","Tremorscale Visage (Tremorscale)","Perfected Pearlescent Cuirass (Perfected Pearlescent Ward)","Tremorscale Pauldrons (Tremorscale)","Perfected Pearlescent Gauntlets (Perfected Pearlescent Ward)","","Perfected Pearlescent Greaves (Perfected Pearlescent Ward)","Perfected Pearlescent Sabatons (Perfected Pearlescent Ward)","","Lucent Echoes Perfected Ring (Perfected Lucent Echoes)","Lucent Echoes Perfected Ring (Perfected Lucent Echoes)","Lucent Echoes Perfected Dagger (Perfected Lucent Echoes)","Lucent Echoes Perfected Dagger (Perfected Lucent Echoes)","Lucent Echoes Perfected Ice Staff (Perfected Lucent Echoes)"," ()","Stone Giant","Polar Wind","Runic Sunder","Shattering Knife","Expansive Frost Cloak","Gibbering Shelter","Magical Trample","Eruption","Elemental Blockade","Elemental Susceptibility","Rune of the Colorless Pool","Aggressive Horn"
"Asylum Sanctorium","Saint Llothis the Pious","https://www.esologs.com/reports/zQkb2GHp8vCn4RZy#fight=9&type=summary&source=5","@Darth_Crusoe","Cru'søe","ass-dawn-herald-deadly-strike-perfected-slivers-of-the-null-arca","dps","Ass","Dawn","Herald","Deadly Strike","Perfected Slivers of the Null Arca","80987.0","4607.8","43.6","80987.0 DPS","","Slimecraw Guise (Slimecraw)","Deadly Jack (Deadly Strike)","Perfected Null Arca Arm Cops (Perfected Slivers of the Null Arca)","Deadly Bracers (Deadly Strike)","","Deadly Guards (Deadly Strike)","Deadly Boots (Deadly Strike)","","Perfected Null Arca Ring (Perfected Slivers of the Null Arca)","Perfected Null Arca Ring (Perfected Slivers of the Null Arca)","Perfected Null Arca Dagger (Perfected Slivers of the Null Arca)","Perfected Null Arca Dagger (Perfected Slivers of the Null Arca)","The Maelstrom's Perfected Greatsword (Perfected Merciless Charge)"," ()","Camouflaged Hunter","Radiant Glory","Pragmatic Fatecarver","Cephaliarch's Flail","Quick Cloak","Soul Harvest","Merciless Resolve","Resolving Vigor","Stampede","Solar Barrage","Inspired Scholarship","The Languid Eye"
"Asylum Sanctorium","Saint Llothis the Pious","https://www.esologs.com/reports/zQkb2GHp8vCn4RZy#fight=9&type=summary&source=2","@Maccies","'Chadplar","ass-dawn-herald-deadly-strike-perfected-slivers-of-the-null-arca","dps","Ass","Dawn","Herald","Perfected Slivers of the Null Arca","Deadly Strike","74147.9","6013.1","27.4","74147.9 DPS","","Slimecraw Mask (Slimecraw)","Perfected Null Arca Jack (Perfected Slivers of the Null Arca)","Deadly Arm Cops (Deadly Strike)","Perfected Null Arca Bracers (Perfected Slivers of the Null Arca)","","Perfected Null Arca Guards (Perfected Slivers of the Null Arca)","Perfected Null Arca Boots (Perfected Slivers of the Null Arca)","","Deadly Ring (Deadly Strike)","Deadly Ring (Deadly Strike)","Deadly Dagger (Deadly Strike)","Deadly Dagger (Deadly Strike)","The Master's Perfected Bow (Perfected Caustic Arrow)"," ()","Pragmatic Fatecarver","Quick Cloak","Camouflaged Hunter","Cephaliarch's Flail","Radiant Glory","Incapacitating Strike","Inspired Scholarship","Poison Injection","Resolving Vigor","Endless Hail","Solar Barrage","The Languid Eye"
"Asylum Sanctorium","Saint Llothis the Pious","https://www.esologs.com/reports/zQkb2GHp8vCn4RZy#fight=9&type=summary&source=10","@Miragent","Naked Altmer","ass-dawn-herald-deadly-strike-perfected-slivers-of-the-null-arca","dps","Ass","Dawn","Herald","Perfected Slivers of the Null Arca","Deadly Strike","49990.0","2941.1","24.2","49990.0 DPS","","Slimecraw Mask (Slimecraw)","Perfected Null Arca Jack (Perfected Slivers of the Null Arca)","Deadly Arm Cops (Deadly Strike)","Perfected Null Arca Bracers (Perfected Slivers of the Null Arca)","","Perfected Null Arca Guards (Perfected Slivers of the Null Arca)","Perfected Null Arca Boots (Perfected Slivers of the Null Arca)","","Deadly Ring (Deadly Strike)","Deadly Ring (Deadly Strike)","Deadly Dagger (Deadly Strike)","Deadly Dagger (Deadly Strike)","The Master's Perfected Bow (Perfected Caustic Arrow)"," ()","Cephaliarch's Flail","Pragmatic Fatecarver","Radiant Glory","Quick Cloak","Camouflaged Hunter","Soul Harvest","Fulminating Rune","Endless Hail","Poison Injection","Inspired Scholarship","Solar Barrage","The Languid Eye"
"Asylum Sanctorium","Saint Llothis the Pious","https://www.esologs.com/reports/zQkb2GHp8vCn4RZy#fight=9&type=summary&source=11","@HuffyTheFox","Okami no kami","ass-dawn-herald-deadly-strike-perfected-slivers-of-the-null-arca","dps","Ass","Dawn","Herald","Deadly Strike","Perfected Slivers of the Null Arca","81621.9","3415.4","50.0","81621.9 DPS","","Deadly Helmet (Deadly Strike)","Perfected Null Arca Jack (Perfected Slivers of the Null Arca)","Zaan Epaulets (Zaan)","Perfected Null Arca Bracers (Perfected Slivers of the Null Arca)","","Perfected Null Arca Guards (Perfected Slivers of the Null Arca)","Perfected Null Arca Boots (Perfected Slivers of the Null Arca)","","Deadly Ring (Deadly Strike)","Deadly Ring (Deadly Strike)","Deadly Dagger (Deadly Strike)","Deadly Dagger (Deadly Strike)","The Master's Perfected Bow (Perfected Caustic Arrow)"," ()","Pragmatic Fatecarver","Radiant Glory","Cephaliarch's Flail","Camouflaged Hunter","Quick Cloak","Incapacitating Strike","Camouflaged Hunter","Endless Hail","Solar Barrage","Inspired Scholarship","Poison Injection","The Languid Eye"
"Asylum Sanctorium","Saint Llothis the Pious","https://www.esologs.com/reports/zQkb2GHp8vCn4RZy#fight=9&type=summary&source=6","@birdy42","Gromash He'llbeam","ass-dawn-herald-deadly-strike-perfected-slivers-of-the-null-arca","dps","Ass","Dawn","Herald","Perfected Slivers of the Null Arca","Deadly Strike","72720.3","3552.1","26.6","72720.3 DPS","","Slimecraw Mask (Slimecraw)","Perfected Null Arca Jack (Perfected Slivers of the Null Arca)","Deadly Arm Cops (Deadly Strike)","Deadly Bracers (Deadly Strike)","","Perfected Null Arca Guards (Perfected Slivers of the Null Arca)","Perfected Null Arca Boots (Perfected Slivers of the Null Arca)","","Perfected Null Arca Ring (Perfected Slivers of the Null Arca)","Perfected Null Arca Ring (Perfected Slivers of the Null Arca)","Deadly Dagger (Deadly Strike)","Deadly Dagger (Deadly Strike)","The Master's Perfected Bow (Perfected Caustic Arrow)"," ()","Pragmatic Fatecarver","Cephaliarch's Flail","Radiant Glory","Camouflaged Hunter","Quick Cloak","Incapacitating Strike","Poison Injection","Endless Hail","Inspired Scholarship","Camouflaged Hunter","Fulminating Rune","The Languid Eye"
"Asylum Sanctorium","Saint Llothis the Pious","https://www.esologs.com/reports/zQkb2GHp8vCn4RZy#fight=9&type=summary&source=4","@Rexeyas","Cream of the Crux","ass-dawn-herald-deadly-strike-perfected-slivers-of-the-null-arca","dps","Ass","Dawn","Herald","Perfected Slivers of the Null Arca","Deadly Strike","82890.2","4578.2","43.6","82890.2 DPS","The Thief","Slimecraw Mask (Slimecraw)","Perfected Null Arca Jack (Perfected Slivers of the Null Arca)","Deadly Arm Cops (Deadly Strike)","Perfected Null Arca Bracers (Perfected Slivers of the Null Arca)","","Perfected Null Arca Guards (Perfected Slivers of the Null Arca)","Perfected Null Arca Boots (Perfected Slivers of the Null Arca)","","Deadly Ring (Deadly Strike)","Deadly Ring (Deadly Strike)","Deadly Dagger (Deadly Strike)","Deadly Dagger (Deadly Strike)","The Master's Perfected Bow (Perfected Caustic Arrow)"," ()","Quick Cloak","Radiant Glory","Cephaliarch's Flail","Camouflaged Hunter","Pragmatic Fatecarver","Incapacitating Strike","Inspired Scholarship","Solar Barrage","Poison Injection","Camouflaged Hunter","Endless Hail","The Languid Eye"
"Asylum Sanctorium","Saint Llothis the Pious","https://www.esologs.com/reports/zQkb2GHp8vCn4RZy#fight=9&type=summary&source=8","@Sc4rlite","Mirafir Elsinor","curative-green-siphon-perfected-pillagers-profit-spell-power-cure","healer","Siphon","Green","Curative","Perfected Pillager's Profit","Spell Power Cure","2895.2","58296.8","46.0","58296.8 HPS","","Nazaray Mask (Nazaray)","Spell Power Cure Robe (Spell Power Cure)","Nazaray Epaulets (Nazaray)","Spell Power Cure Gloves (Spell Power Cure)","","Spell Power Cure Breeches (Spell Power Cure)","Spell Power Cure Shoes (Spell Power Cure)","","Perfected Pillager's Band (Perfected Pillager's Profit)","Perfected Pillager's Band (Perfected Pillager's Profit)","Perfected Pillager's Restoration Staff (Perfected Pillager's Profit)"," ()","Perfected Pillager's Lightning Staff (Perfected Pillager's Profit)"," ()","Illustrious Healing","Fleet-Footed Gate","Blessing of Restoration","Radiating Regeneration","Budding Seeds","Reviving Barrier","Magical Trample","Overflowing Altar","Elemental Susceptibility","Siphoning Attacks","Echoing Vigor","Resonating Glyphic"
"Asylum Sanctorium","Saint Llothis the Pious","https://www.esologs.com/reports/zQkb2GHp8vCn4RZy#fight=9&type=summary&source=12","@Avanyarima","Tindómiél","grave-resto-winter-perfected-saxhleel-champion-powerful-assault","tank","Resto","Winter","Grave","Perfected Saxhleel Champion","Powerful Assault","4379.9","4801.7","42.8","42.8 CPM","","Magma Incarnate Mask (Magma Incarnate)","Saxhleel Champion's Perfected Cuirass (Perfected Saxhleel Champion)","Spaulder of Ruin (Spaulder of Ruin)","Saxhleel Champion's Perfected Gauntlets (Perfected Saxhleel Champion)","","Saxhleel Champion's Perfected Greaves (Perfected Saxhleel Champion)","Saxhleel Champion's Perfected Sabatons (Perfected Saxhleel Champion)","","Ring of the Powerful Assault (Powerful Assault)","Ring of the Powerful Assault (Powerful Assault)","Ice Staff of the Powerful Assault (Powerful Assault)"," ()","The Maelstrom's Perfected Lightning Staff (Perfected Crushing Wall)"," ()","Inner Rage","Radiant Aura","Polar Wind","Crushing Shock","Echoing Vigor","Reviving Barrier","Elemental Blockade","Mystic Orb","Extended Ritual","Expansive Frost Cloak","Race Against Time","Glacial Colossus"
"Asylum Sanctorium","Saint Llothis the Pious","https://www.esologs.com/reports/zQkb2GHp8vCn4RZy#fight=9&type=summary&source=7","@PizzaHeart","Lettuce Fingers","dawn-earthen-soldier-perfected-pearlescent-ward-zens-redress","tank","Earthen","Dawn","Soldier","Perfected Pearlescent Ward","Z'en's Redress","14415.8","2235.6","61.3","61.3 CPM","","Perfected Pearlescent Helm (Perfected Pearlescent Ward)","Perfected Pearlescent Cuirass (Perfected Pearlescent Ward)","Z'en's Epaulets (Z'en's Redress)","Z'en's Gloves (Z'en's Redress)","","Perfected Pearlescent Greaves (Perfected Pearlescent Ward)","Z'en's Shoes (Z'en's Redress)","","Perfected Pearlescent Ring (Perfected Pearlescent Ward)","Perfected Pearlescent Ring (Perfected Pearlescent Ward)","Relequen's Perfected Dagger (Perfected Arms of Relequen)","Relequen's Perfected Dagger (Perfected Arms of Relequen)","The Maelstrom's Perfected Ice Staff (Perfected Crushing Wall)"," ()","Radiant Glory","Stone Giant","Magic Knife","Runeguard of Still Waters","Ulfsild's Contingency","Gibbering Shield","Barbed Trap","Runic Sunder","Structured Entropy","Elemental Blockade","Rune of the Colorless Pool","Aggressive Horn"
"Asylum Sanctorium","Saint Felms the Bold","https://www.esologs.com/reports/zQkb2GHp8vCn4RZy#fight=8&type=summary&source=5","@Darth_Crusoe","Cru'søe","ass-dawn-herald-deadly-strike-perfected-slivers-of-the-null-arca","dps","Ass","Dawn","Herald","Deadly Strike","Perfected Slivers of the Null Arca","73019.8","4694.2","45.4","73019.8 DPS","","Slimecraw Guise (Slimecraw)","Deadly Jack (Deadly Strike)","Perfected Null Arca Arm Cops (Perfected Slivers of the Null Arca)","Deadly Bracers (Deadly Strike)","","Deadly Guards (Deadly Strike)","Deadly Boots (Deadly Strike)","","Perfected Null Arca Ring (Perfected Slivers of the Null Arca)","Perfected Null Arca Ring (Perfected Slivers of the Null Arca)","Perfected Null Arca Dagger (Perfected Slivers of the Null Arca)","Perfected Null Arca Dagger (Perfected Slivers of the Null Arca)","The Maelstrom's Perfected Greatsword (Perfected Merciless Charge)"," ()","Camouflaged Hunter","Radiant Glory","Pragmatic Fatecarver","Cephaliarch's Flail","Quick Cloak","Soul Harvest","Merciless Resolve","Resolving Vigor","Stampede","Solar Barrage","Inspired Scholarship","The Languid Eye"
"Asylum Sanctorium","Saint Felms the Bold","https://www.esologs.com/reports/zQkb2GHp8vCn4RZy#fight=8&type=summary&source=2","@Maccies","'Chadplar","ass-dawn-herald-deadly-strike-perfected-slivers-of-the-null-arca","dps","Ass","Dawn","Herald","Perfected Slivers of the Null Arca","Deadly Strike","52480.2","7036.0","29.6","52480.2 DPS","","Slimecraw Mask (Slimecraw)","Perfected Null Arca Jack (Perfected Slivers of the Null Arca)","Deadly Arm Cops (Deadly Strike)","Perfected Null Arca Bracers (Perfected Slivers of the Null Arca)","","Perfected Null Arca Guards (Perfected Slivers of the Null Arca)","Perfected Null Arca Boots (Perfected Slivers of the Null Arca)","","Deadly Ring (Deadly Strike)","Deadly Ring (Deadly Strike)","Deadly Dagger (Deadly Strike)","Deadly Dagger (Deadly Strike)","The Master's Perfected Bow (Perfected Caustic Arrow)"," ()","Pragmatic Fatecarver","Quick Cloak","Camouflaged Hunter","Cephaliarch's Flail","Radiant Glory","Incapacitating Strike","Inspired Scholarship","Poison Injection","Resolving Vigor","Endless Hail","Solar Barrage","The Languid Eye"
"Asylum Sanctorium","Saint Felms the Bold","https://www.esologs.com/reports/zQkb2GHp8vCn4RZy#fight=8&type=summary&source=10","@Miragent","Naked Altmer","ass-dawn-herald-deadly-strike-perfected-slivers-of-the-null-arca","dps","Ass","Dawn","Herald","Perfected Slivers of the Null Arca","Deadly Strike","43875.1","3803.2","21.3","43875.1 DPS","","Slimecraw Mask (Slimecraw)","Perfected Null Arca Jack (Perfected Slivers of the Null Arca)","Deadly Arm Cops (Deadly Strike)","Perfected Null Arca Bracers (Perfected Slivers of the Null Arca)","","Perfected Null Arca Guards (Perfected Slivers of the Null Arca)","Perfected Null Arca Boots (Perfected Slivers of the Null Arca)","","Deadly Ring (Deadly Strike)","Deadly Ring (Deadly Strike)","Deadly Dagger (Deadly Strike)","Deadly Dagger (Deadly Strike)","The Master's Perfected Bow (Perfected Caustic Arrow)"," ()","Cephaliarch's Flail","Pragmatic Fatecarver","Radiant Glory","Quick Cloak","Camouflaged Hunter","Soul Harvest","Fulminating Rune","Endless Hail","Poison Injection","Inspired Scholarship","Solar Barrage","The Languid Eye"
"Asylum Sanctorium","Saint Felms the Bold","https://www.esologs.com/reports/zQkb2GHp8vCn4RZy#fight=8&type=summary&source=11","@HuffyTheFox","Okami no kami","ass-dawn-herald-deadly-strike-perfected-slivers-of-the-null-arca","dps","Ass","Dawn","Herald","Deadly Strike","Perfected Slivers of the Null Arca","79501.4","6274.9","39.9","79501.4 DPS","The Thief","Deadly Helmet (Deadly Strike)","Perfected Null Arca Jack (Perfected Slivers of the Null Arca)","Zaan Epaulets (Zaan)","Perfected Null Arca Bracers (Perfected Slivers of the Null Arca)","","Perfected Null Arca Guards (Perfected Slivers of the Null Arca)","Perfected Null Arca Boots (Perfected Slivers of the Null Arca)","","Deadly Ring (Deadly Strike)","Deadly Ring (Deadly Strike)","Deadly Dagger (Deadly Strike)","Deadly Dagger (Deadly Strike)","The Master's Perfected Bow (Perfected Caustic Arrow)"," ()","Pragmatic Fatecarver","Radiant Glory","Cephaliarch's Flail","Camouflaged Hunter","Quick Cloak","Incapacitating Strike","Camouflaged Hunter","Endless Hail","Solar Barrage","Inspired Scholarship","Poison Injection","The Languid Eye"
"Asylum Sanctorium","Saint Felms the Bold","https://www.esologs.com/reports/zQkb2GHp8vCn4RZy#fight=8&type=summary&source=6","@birdy42","Gromash He'llbeam","ass-dawn-herald-deadly-strike-perfected-slivers-of-the-null-arca","dps","Ass","Dawn","Herald","Perfected Slivers of the Null Arca","Deadly Strike","65436.9","4879.4","23.4","65436.9 DPS","","Slimecraw Mask (Slimecraw)","Perfected Null Arca Jack (Perfected Slivers of the Null Arca)","Deadly Arm Cops (Deadly Strike)","Deadly Bracers (Deadly Strike)","","Perfected Null Arca Guards (Perfected Slivers of the Null Arca)","Perfected Null Arca Boots (Perfected Slivers of the Null Arca)","","Perfected Null Arca Ring (Perfected Slivers of the Null Arca)","Perfected Null Arca Ring (Perfected Slivers of the Null Arca)","Deadly Dagger (Deadly Strike)","Deadly Dagger (Deadly Strike)","The Master's Perfected Bow (Perfected Caustic Arrow)"," ()","Pragmatic Fatecarver","Cephaliarch's Flail","Radiant Glory","Camouflaged Hunter","Quick Cloak","Incapacitating Strike","Poison Injection","Endless Hail","Inspired Scholarship","Camouflaged Hunter","Fulminating Rune","The Languid Eye"
"Asylum Sanctorium","Saint Felms the Bold","https://www.esologs.com/reports/zQkb2GHp8vCn4RZy#fight=8&type=summary&source=4","@Rexeyas","Cream of the Crux","ass-dawn-herald-deadly-strike-perfected-slivers-of-the-null-arca","dps","Ass","Dawn","Herald","Perfected Slivers of the Null Arca","Deadly Strike","64458.8","4657.3","44.1","64458.8 DPS","","Slimecraw Mask (Slimecraw)","Perfected Null Arca Jack (Perfected Slivers of the Null Arca)","Deadly Arm Cops (Deadly Strike)","Perfected Null Arca Bracers (Perfected Slivers of the Null Arca)","","Perfected Null Arca Guards (Perfected Slivers of the Null Arca)","Perfected Null Arca Boots (Perfected Slivers of the Null Arca)","","Deadly Ring (Deadly Strike)","Deadly Ring (Deadly Strike)","Deadly Dagger (Deadly Strike)","Deadly Dagger (Deadly Strike)","The Master's Perfected Bow (Perfected Caustic Arrow)"," ()","Quick Cloak","Radiant Glory","Cephaliarch's Flail","Camouflaged Hunter","Pragmatic Fatecarver","Incapacitating Strike","Inspired Scholarship","Solar Barrage","Poison Injection","Camouflaged Hunter","Endless Hail","The Languid Eye"
"Asylum Sanctorium","Saint Felms the Bold","https://www.esologs.com/reports/zQkb2GHp8vCn4RZy#fight=8&type=summary&source=8","@Sc4rlite","Mirafir Elsinor","curative-green-siphon-perfected-pillagers-profit-spell-power-cure","healer","Siphon","Green","Curative","Perfected Pillager's Profit","Spell Power Cure","1771.8","60834.8","50.9","60834.8 HPS","","Nazaray Mask (Nazaray)","Spell Power Cure Robe (Spell Power Cure)","Nazaray Epaulets (Nazaray)","Spell Power Cure Gloves (Spell Power Cure)","","Spell Power Cure Breeches (Spell Power Cure)","Spell Power Cure Shoes (Spell Power Cure)","","Perfected Pillager's Band (Perfected Pillager's Profit)","Perfected Pillager's Band (Perfected Pillager's Profit)","Perfected Pillager's Restoration Staff (Perfected Pillager's Profit)"," ()","Perfected Pillager's Lightning Staff (Perfected Pillager's Profit)"," ()","Illustrious Healing","Fleet-Footed Gate","Blessing of Restoration","Radiating Regeneration","Budding Seeds","Reviving Barrier","Magical Trample","Overflowing Altar","Elemental Susceptibility","Siphoning Attacks","Echoing Vigor","Resonating Glyphic"
"Asylum Sanctorium","Saint Felms the Bold","https://www.esologs.com/reports/zQkb2GHp8vCn4RZy#fight=8&type=summary&source=12","@Avanyarima","Tindómiél","grave-resto-winter-perfected-saxhleel-champion-powerful-assault","tank","Resto","Winter","Grave","Perfected Saxhleel Champion","Powerful Assault","3591.6","16305.8","45.4","45.4 CPM","","Magma Incarnate Mask (Magma Incarnate)","Saxhleel Champion's Perfected Cuirass (Perfected Saxhleel Champion)","Spaulder of Ruin (Spaulder of Ruin)","Saxhleel Champion's Perfected Gauntlets (Perfected Saxhleel Champion)","","Saxhleel Champion's Perfected Greaves (Perfected Saxhleel Champion)","Saxhleel Champion's Perfected Sabatons (Perfected Saxhleel Champion)","","Ring of the Powerful Assault (Powerful Assault)","Ring of the Powerful Assault (Powerful Assault)","Ice Staff of the Powerful Assault (Powerful Assault)"," ()","The Maelstrom's Perfected Lightning Staff (Perfected Crushing Wall)"," ()","Inner Rage","Radiant Aura","Polar Wind","Crushing Shock","Echoing Vigor","Reviving Barrier","Elemental Blockade","Mystic Orb","Extended Ritual","Expansive Frost Cloak","Race Against Time","Glacial Colossus"
"Asylum Sanctorium","Saint Felms the Bold","https://www.esologs.com/reports/zQkb2GHp8vCn4RZy#fight=8&type=summary&source=7","@PizzaHeart","Lettuce Fingers","dawn-earthen-soldier-perfected-pearlescent-ward-zens-redress","tank","Earthen","Dawn","Soldier","Perfected Pearlescent Ward","Z'en's Redress","9194.1","2013.3","51.6","51.6 CPM","","Perfected Pearlescent Helm (Perfected Pearlescent Ward)","Perfected Pearlescent Cuirass (Perfected Pearlescent Ward)","Z'en's Epaulets (Z'en's Redress)","Z'en's Gloves (Z'en's Redress)","","Perfected Pearlescent Greaves (Perfected Pearlescent Ward)","Z'en's Shoes (Z'en's Redress)","","Perfected Pearlescent Ring (Perfected Pearlescent Ward)","Perfected Pearlescent Ring (Perfected Pearlescent Ward)","Relequen's Perfected Dagger (Perfected Arms of Relequen)","Relequen's Perfected Dagger (Perfected Arms of Relequen)","The Maelstrom's Perfected Ice Staff (Perfected Crushing Wall)"," ()","Radiant Glory","Stone Giant","Magic Knife","Runeguard of Still Waters","Ulfsild's Contingency","Gibbering Shield","Barbed Trap","Power of the Light","Structured Entropy","Elemental Blockade","Rune of the Colorless Pool","Aggressive Horn"
