"Trial Name","Boss Name","ESO Logs Player Link","Player Handle","Character Name","Build Slug","Role","Subclass 1","Subclass 2","Subclass 3","Signature Set 1","Signature Set 2","DPS","HPS","CPM","Primary Metric","Mundus Stone","Gear: Head","Gear: Chest","Gear: Shoulders","Gear: Hands","Gear: Waist","Gear: Legs","Gear: Feet","Gear: Necklace","Gear: Ring1","Gear: Ring2","Gear: Main_Hand","Gear: Off_Hand","Gear: Backup_Main_Hand","Gear: Backup_Off_Hand","Bar 1 Ability 1","Bar 1 Ability 2","Bar 1 Ability 3","Bar 1 Ability 4","Bar 1 Ability 5","Bar 1 Ability 6","Bar 2 Ability 1","Bar 2 Ability 2","Bar 2 Ability 3","Bar 2 Ability 4","Bar 2 Ability 5","Bar 2 Ability 6"
"Kyne's Aegis","Captain Vrol","https://www.esologs.com/reports/f9XwPTmn2apGc3ZR#fight=84&type=summary&source=5","@SuperMexHero","One Skill","ardent-ass-herald-berserking-warrior-perfected-slivers-of-the-null-arca","dps","Ardent","Ass","Herald","Perfected Slivers of the Null Arca","Berserking Warrior","261095.7","13796.8","106.0","261095.7 DPS",""," (Huntsman's Warmask)","Perfected Null Arca Jack (Perfected Slivers of the Null Arca)","Zaan Epaulets (Zaan)","Perfected Null Arca Bracers (Perfected Slivers of the Null Arca)","","Perfected Null Arca Guards (Perfected Slivers of the Null Arca)","Perfected Null Arca Boots (Perfected Slivers of the Null Arca)","","Ring of the Advancing Yokeda (Berserking Warrior)","Ring of the Advancing Yokeda (Berserking Warrior)","Dagger of the Advancing Yokeda (Berserking Warrior)","Dagger of the Advancing Yokeda (Berserking Warrior)","The Maelstrom's Perfected Greatsword (Perfected Merciless Charge)"," ()","Tentacular Dread","Killer's Blade","Relentless Focus","Escalating Runeblades","Barbed Trap","Incapacitating Strike","Venomous Claw","Fulminating Rune","Inspired Scholarship","Flames of Oblivion","Stampede","Standard of Might"
"Kyne's Aegis","Captain Vrol","https://www.esologs.com/reports/f9XwPTmn2apGc3ZR#fight=84&type=summary&source=6","@ickypiggy","Anahità","ardent-ass-herald-berserking-warrior-perfected-slivers-of-the-null-arca","dps","Ardent","Ass","Herald","Perfected Slivers of the Null Arca","Berserking Warrior","245735.2","14514.3","93.4","245735.2 DPS",""," (Huntsman's Warmask)","Perfected Null Arca Jack (Perfected Slivers of the Null Arca)","Slimecraw Epaulets (Slimecraw)","Perfected Null Arca Bracers (Perfected Slivers of the Null Arca)","","Perfected Null Arca Guards (Perfected Slivers of the Null Arca)","Perfected Null Arca Boots (Perfected Slivers of the Null Arca)","","Ring of the Advancing Yokeda (Berserking Warrior)","Ring of the Advancing Yokeda (Berserking Warrior)","Dagger of the Advancing Yokeda (Berserking Warrior)","Dagger of the Advancing Yokeda (Berserking Warrior)","The Maelstrom's Perfected Greatsword (Perfected Merciless Charge)"," ()","Escalating Runeblades","Tentacular Dread","Killer's Blade","Relentless Focus","Barbed Trap","Incapacitating Strike","Stampede","Molten Whip","Venomous Claw","Flames of Oblivion","Inspired Scholarship","Standard of Might"
"Kyne's Aegis","Captain Vrol","https://www.esologs.com/reports/f9XwPTmn2apGc3ZR#fight=84&type=summary&source=9","@f.rags","Game Hard Me Bad","ardent-ass-herald-berserking-warrior-perfected-slivers-of-the-null-arca","dps","Ardent","Ass","Herald","Perfected Slivers of the Null Arca","Berserking Warrior","280124.1","16522.8","91.8","280124.1 DPS","The Thief"," (Huntsman's Warmask)","Perfected Null Arca Jack (Perfected Slivers of the Null Arca)","Zaan Arm Cops (Zaan)","Perfected Null Arca Bracers (Perfected Slivers of the Null Arca)","","Perfected Null Arca Guards (Perfected Slivers of the Null Arca)","Perfected Null Arca Boots (Perfected Slivers of the Null Arca)","","Ring of the Advancing Yokeda (Berserking Warrior)","Ring of the Advancing Yokeda (Berserking Warrior)","Dagger of the Advancing Yokeda (Berserking Warrior)","Dagger of the Advancing Yokeda (Berserking Warrior)","The Maelstrom's Greatsword (Merciless Charge)"," ()","Escalating Runeblades","Barbed Trap","Killer's Blade","Relentless Focus","Tentacular Dread","Incapacitating Strike","Inspired Scholarship","Molten Whip","Venomous Claw","Flames of Oblivion","Stampede","Standard of Might"
"Kyne's Aegis","Captain Vrol","https://www.esologs.com/reports/f9XwPTmn2apGc3ZR#fight=84&type=summary&source=8","@Wynir","Wynir Beams","ardent-ass-herald-berserking-warrior-perfected-slivers-of-the-null-arca","dps","Ardent","Ass","Herald","Perfected Slivers of the Null Arca","Berserking Warrior","265781.8","13451.2","88.6","265781.8 DPS",""," (Huntsman's Warmask)","Perfected Null Arca Jack (Perfected Slivers of the Null Arca)","Slimecraw Epaulets (Slimecraw)","Perfected Null Arca Bracers (Perfected Slivers of the Null Arca)","","Perfected Null Arca Guards (Perfected Slivers of the Null Arca)","Perfected Null Arca Boots (Perfected Slivers of the Null Arca)","","Ring of the Advancing Yokeda (Berserking Warrior)","Ring of the Advancing Yokeda (Berserking Warrior)","Dagger of the Advancing Yokeda (Berserking Warrior)","Dagger of the Advancing Yokeda (Berserking Warrior)","The Maelstrom's Perfected Greatsword (Perfected Merciless Charge)"," ()","Tentacular Dread","Relentless Focus","Escalating Runeblades","Barbed Trap","Killer's Blade","Incapacitating Strike","Stampede","Venomous Claw","Inspired Scholarship","Flames of Oblivion","Molten Whip","Standard of Might"
"Kyne's Aegis","Captain Vrol","https://www.esologs.com/reports/f9XwPTmn2apGc3ZR#fight=84&type=summary&source=11","@God'sGifttoGaming","Dreaming and Beaming","ardent-ass-herald-berserking-warrior-perfected-slivers-of-the-null-arca","dps","Ardent","Ass","Herald","Perfected Slivers of the Null Arca","Berserking Warrior","260816.9","14405.8","94.9","260816.9 DPS",""," (Huntsman's Warmask)","Perfected Null Arca Jack (Perfected Slivers of the Null Arca)","Slimecraw Epaulets (Slimecraw)","Perfected Null Arca Bracers (Perfected Slivers of the Null Arca)","","Perfected Null Arca Guards (Perfected Slivers of the Null Arca)","Perfected Null Arca Boots (Perfected Slivers of the Null Arca)","","Ring of the Advancing Yokeda (Berserking Warrior)","Ring of the Advancing Yokeda (Berserking Warrior)","Dagger of the Advancing Yokeda (Berserking Warrior)","Dagger of the Advancing Yokeda (Berserking Warrior)","The Maelstrom's Perfected Greatsword (Perfected Merciless Charge)"," ()","Barbed Trap","Tentacular Dread","Escalating Runeblades","Killer's Blade","Relentless Focus","Incapacitating Strike","Venomous Claw","Stampede","Fulminating Rune","Inspired Scholarship","Flames of Oblivion","Standard of Might"
"Kyne's Aegis","Captain Vrol","https://www.esologs.com/reports/f9XwPTmn2apGc3ZR#fight=84&type=summary&source=5","@Gopher07","Dase Trolleri","ardent-ass-herald-berserking-warrior-perfected-slivers-of-the-null-arca","dps","Ardent","Ass","Herald","Perfected Slivers of the Null Arca","Berserking Warrior","251360.3","11522.2","90.1","251360.3 DPS",""," (Huntsman's Warmask)","Perfected Null Arca Jack (Perfected Slivers of the Null Arca)","Slimecraw Epaulets (Slimecraw)","Perfected Null Arca Bracers (Perfected Slivers of the Null Arca)","","Perfected Null Arca Guards (Perfected Slivers of the Null Arca)","Perfected Null Arca Boots (Perfected Slivers of the Null Arca)","","Ring of the Advancing Yokeda (Berserking Warrior)","Ring of the Advancing Yokeda (Berserking Warrior)","Dagger of the Advancing Yokeda (Berserking Warrior)","Dagger of the Advancing Yokeda (Berserking Warrior)","The Maelstrom's Perfected Greatsword (Perfected Merciless Charge)"," ()","Barbed Trap","Tentacular Dread","Escalating Runeblades","Killer's Blade","Relentless Focus","Incapacitating Strike","Inspired Scholarship","Stampede","Flames of Oblivion","Molten Whip","Venomous Claw","Standard of Might"
"Kyne's Aegis","Captain Vrol","https://www.esologs.com/reports/f9XwPTmn2apGc3ZR#fight=84&type=summary&source=3","@A234Ri12","Barrius Teriani","ardent-ass-herald-berserking-warrior-perfected-slivers-of-the-null-arca","dps","Ardent","Ass","Herald","Perfected Slivers of the Null Arca","Berserking Warrior","227112.2","9761.4","87.0","227112.2 DPS",""," (Huntsman's Warmask)","Perfected Null Arca Jack (Perfected Slivers of the Null Arca)","Zaan Epaulets (Zaan)","Perfected Null Arca Bracers (Perfected Slivers of the Null Arca)","","Perfected Null Arca Guards (Perfected Slivers of the Null Arca)","Perfected Null Arca Boots (Perfected Slivers of the Null Arca)","","Ring of the Advancing Yokeda (Berserking Warrior)","Ring of the Advancing Yokeda (Berserking Warrior)","Dagger of the Advancing Yokeda (Berserking Warrior)","Dagger of the Advancing Yokeda (Berserking Warrior)","The Maelstrom's Perfected Greatsword (Perfected Merciless Charge)"," ()","Barbed Trap","Tentacular Dread","Escalating Runeblades","Relentless Focus","Killer's Blade","Soul Harvest","Stampede","Inspired Scholarship","Flames of Oblivion","Venomous Claw","Molten Whip","Standard of Might"
"Kyne's Aegis","Captain Vrol","https://www.esologs.com/reports/f9XwPTmn2apGc3ZR#fight=84&type=summary&source=7","@ar2r_papian","Here Can Be Your Ads","ardent-ass-herald-berserking-warrior-perfected-slivers-of-the-null-arca","dps","Ardent","Ass","Herald","Perfected Slivers of the Null Arca","Berserking Warrior","262595.1","8845.9","82.4","262595.1 DPS",""," (Huntsman's Warmask)","Perfected Null Arca Jack (Perfected Slivers of the Null Arca)","Zaan Epaulets (Zaan)","Perfected Null Arca Bracers (Perfected Slivers of the Null Arca)","","Perfected Null Arca Guards (Perfected Slivers of the Null Arca)","Perfected Null Arca Boots (Perfected Slivers of the Null Arca)","","Ring of the Advancing Yokeda (Berserking Warrior)","Ring of the Advancing Yokeda (Berserking Warrior)","Dagger of the Advancing Yokeda (Berserking Warrior)","Dagger of the Advancing Yokeda (Berserking Warrior)","The Maelstrom's Perfected Greatsword (Perfected Merciless Charge)"," ()","Relentless Focus","Tentacular Dread","Escalating Runeblades","Barbed Trap","Killer's Blade","Incapacitating Strike","Stampede","Venomous Claw","Flames of Oblivion","Inspired Scholarship","Molten Whip","Standard of Might"
"Kyne's Aegis","Captain Vrol","https://www.esologs.com/reports/f9XwPTmn2apGc3ZR#fight=84&type=summary&source=5","@sf.grim","Grim Focus","ardent-ass-herald-berserking-warrior-perfected-slivers-of-the-null-arca","dps","Ardent","Ass","Herald","Perfected Slivers of the Null Arca","Berserking Warrior","219911.7","21199.0","93.9","219911.7 DPS",""," (Huntsman's Warmask)","Perfected Null Arca Jack (Perfected Slivers of the Null Arca)","Zaan Epaulets (Zaan)","Perfected Null Arca Bracers (Perfected Slivers of the Null Arca)","","Perfected Null Arca Guards (Perfected Slivers of the Null Arca)","Perfected Null Arca Boots (Perfected Slivers of the Null Arca)","","Ring of the Advancing Yokeda (Berserking Warrior)","Ring of the Advancing Yokeda (Berserking Warrior)","Dagger of the Advancing Yokeda (Berserking Warrior)","Dagger of the Advancing Yokeda (Berserking Warrior)","The Maelstrom's Perfected Greatsword (Perfected Merciless Charge)"," ()","Escalating Runeblades","Barbed Trap","Tentacular Dread","Killer's Blade","Relentless Focus","Incapacitating Strike","Inspired Scholarship","Flames of Oblivion","Molten Whip","Venomous Claw","Stampede","Standard of Might"
"Kyne's Aegis","Captain Vrol","https://www.esologs.com/reports/f9XwPTmn2apGc3ZR#fight=84&type=summary&source=6","@AmpEBK","Long-Tent Style","ardent-ass-herald-berserking-warrior-perfected-slivers-of-the-null-arca","dps","Ardent","Ass","Herald","Perfected Slivers of the Null Arca","Berserking Warrior","170998.1","15167.4","68.7","170998.1 DPS",""," (Huntsman's Warmask)","Perfected Null Arca Jack (Perfected Slivers of the Null Arca)","Slimecraw Epaulets (Slimecraw)","Perfected Null Arca Bracers (Perfected Slivers of the Null Arca)","","Perfected Null Arca Guards (Perfected Slivers of the Null Arca)","Perfected Null Arca Boots (Perfected Slivers of the Null Arca)","","Ring of the Advancing Yokeda (Berserking Warrior)","Ring of the Advancing Yokeda (Berserking Warrior)","Dagger of the Advancing Yokeda (Berserking Warrior)","Dagger of the Advancing Yokeda (Berserking Warrior)","The Maelstrom's Perfected Greatsword (Perfected Merciless Charge)"," ()","Barbed Trap","Tentacular Dread","Escalating Runeblades","Relentless Focus","Killer's Blade","Incapacitating Strike","Fulminating Rune","Flames of Oblivion","Venomous Claw","Inspired Scholarship","Stampede","Standard of Might"
"Kyne's Aegis","Captain Vrol","https://www.esologs.com/reports/f9XwPTmn2apGc3ZR#fight=84&type=summary&source=15","@Danielknight96","Lavinia Dunwich","ardent-ass-herald-berserking-warrior-perfected-slivers-of-the-null-arca","dps","Ardent","Ass","Herald","Perfected Slivers of the Null Arca","Berserking Warrior","192566.5","11384.0","86.9","192566.5 DPS",""," (Huntsman's Warmask)","Perfected Null Arca Jack (Perfected Slivers of the Null Arca)","Slimecraw Epaulets (Slimecraw)","Perfected Null Arca Bracers (Perfected Slivers of the Null Arca)","","Perfected Null Arca Guards (Perfected Slivers of the Null Arca)","Perfected Null Arca Boots (Perfected Slivers of the Null Arca)","","Ring of the Advancing Yokeda (Berserking Warrior)","Ring of the Advancing Yokeda (Berserking Warrior)","Dagger of the Advancing Yokeda (Berserking Warrior)","Dagger of the Advancing Yokeda (Berserking Warrior)","The Maelstrom's Perfected Greatsword (Perfected Merciless Charge)"," ()","Killer's Blade","Tentacular Dread","Escalating Runeblades","Relentless Focus","Camouflaged Hunter","Incapacitating Strike","Stampede","Flames of Oblivion","Venomous Claw","Inspired Scholarship","Molten Whip","Standard of Might"
"Kyne's Aegis","Captain Vrol","https://www.esologs.com/reports/f9XwPTmn2apGc3ZR#fight=84&type=summary&source=10","@Jack-errer","Jackarca","ardent-ass-herald-berserking-warrior-perfected-slivers-of-the-null-arca","dps","Ardent","Ass","Herald","Perfected Slivers of the Null Arca","Berserking Warrior","183873.6","12728.2","74.9","183873.6 DPS","","Selene Guise (Selene)","Perfected Null Arca Jack (Perfected Slivers of the Null Arca)","Selene Arm Cops (Selene)","Perfected Null Arca Bracers (Perfected Slivers of the Null Arca)","","Perfected Null Arca Guards (Perfected Slivers of the Null Arca)","Perfected Null Arca Boots (Perfected Slivers of the Null Arca)","","Ring of the Advancing Yokeda (Berserking Warrior)","Ring of the Advancing Yokeda (Berserking Warrior)","Dagger of the Advancing Yokeda (Berserking Warrior)","Dagger of the Advancing Yokeda (Berserking Warrior)","The Maelstrom's Perfected Greatsword (Perfected Merciless Charge)"," ()","Escalating Runeblades","Tentacular Dread","Killer's Blade","Relentless Focus","Barbed Trap","Incapacitating Strike","Stampede","Inspired Scholarship","Venomous Claw","Flames of Oblivion","Molten Whip","Standard of Might"
"Kyne's Aegis","Captain Vrol","https://www.esologs.com/reports/f9XwPTmn2apGc3ZR#fight=84&type=summary&source=218","@TheElusiveBread","Arch'nist","ardent-ass-herald-berserking-warrior-perfected-slivers-of-the-null-arca","dps","Ardent","Ass","Herald","Perfected Slivers of the Null Arca","Berserking Warrior","132041.2","6127.1","63.2","132041.2 DPS",""," (Huntsman's Warmask)","Perfected Null Arca Jack (Perfected Slivers of the Null Arca)","Slimecraw Arm Cops (Slimecraw)","Perfected Null Arca Bracers (Perfected Slivers of the Null Arca)","","Perfected Null Arca Guards (Perfected Slivers of the Null Arca)","Perfected Null Arca Boots (Perfected Slivers of the Null Arca)","","Ring of the Advancing Yokeda (Berserking Warrior)","Ring of the Advancing Yokeda (Berserking Warrior)","Dagger of the Advancing Yokeda (Berserking Warrior)","Dagger of the Advancing Yokeda (Berserking Warrior)","The Maelstrom's Perfected Greatsword (Perfected Merciless Charge)"," ()","Escalating Runeblades","Tentacular Dread","Barbed Trap","Killer's Blade","Relentless Focus","Incapacitating Strike","Venomous Claw","Stampede","Inspired Scholarship","Flames of Oblivion","Molten Whip","Standard of Might"
"Kyne's Aegis","Captain Vrol","https://www.esologs.com/reports/f9XwPTmn2apGc3ZR#fight=84&type=summary&source=217","@Prxvokedlegend","The Arc Reactor","ardent-ass-herald-berserking-warrior-perfected-slivers-of-the-null-arca","dps","Ardent","Ass","Herald","Perfected Slivers of the Null Arca","Berserking Warrior","199173.1","8956.3","74.8","199173.1 DPS",""," (Huntsman's Warmask)","Perfected Null Arca Jack (Perfected Slivers of the Null Arca)","Slimecraw Epaulets (Slimecraw)","Perfected Null Arca Bracers (Perfected Slivers of the Null Arca)","","Perfected Null Arca Guards (Perfected Slivers of the Null Arca)","Perfected Null Arca Boots (Perfected Slivers of the Null Arca)","","Ring of the Advancing Yokeda (Berserking Warrior)","Ring of the Advancing Yokeda (Berserking Warrior)","Dagger of the Advancing Yokeda (Berserking Warrior)","Dagger of the Advancing Yokeda (Berserking Warrior)","The Maelstrom's Greatsword (Merciless Charge)"," ()","Barbed Trap","Tentacular Dread","Relentless Focus","Escalating Runeblades","Killer's Blade","Incapacitating Strike","Fulminating Rune","Stampede","Venomous Claw","Inspired Scholarship","Flames of Oblivion","Standard of Might"
"Kyne's Aegis","Captain Vrol","https://www.esologs.com/reports/f9XwPTmn2apGc3ZR#fight=84&type=summary&source=6","@AmpEBK","Long-Tent Style","ardent-ass-herald-berserking-warrior-perfected-slivers-of-the-null-arca","dps","Ardent","Ass","Herald","Perfected Slivers of the Null Arca","Berserking Warrior","211399.2","9509.5","73.9","211399.2 DPS",""," (Huntsman's Warmask)","Perfected Null Arca Jack (Perfected Slivers of the Null Arca)","Slimecraw Arm Cops (Slimecraw)","Perfected Null Arca Bracers (Perfected Slivers of the Null Arca)","","Perfected Null Arca Guards (Perfected Slivers of the Null Arca)","Perfected Null Arca Boots (Perfected Slivers of the Null Arca)","","Ring of the Advancing Yokeda (Berserking Warrior)","Ring of the Advancing Yokeda (Berserking Warrior)","Dagger of the Advancing Yokeda (Berserking Warrior)","Dagger of the Advancing Yokeda (Berserking Warrior)","The Maelstrom's Perfected Greatsword (Perfected Merciless Charge)"," ()","Barbed Trap","Tentacular Dread","Escalating Runeblades","Relentless Focus","Killer's Blade","Incapacitating Strike","Fulminating Rune","Flames of Oblivion","Venomous Claw","Inspired Scholarship","Stampede","Standard of Might"
"Kyne's Aegis","Captain Vrol","https://www.esologs.com/reports/f9XwPTmn2apGc3ZR#fight=84&type=summary&source=8","@EvilxQC","The Evil Stalker","ardent-ass-herald-berserking-warrior-perfected-slivers-of-the-null-arca","dps","Ardent","Ass","Herald","Perfected Slivers of the Null Arca","Berserking Warrior","153584.5","8211.0","63.0","153584.5 DPS",""," (Huntsman's Warmask)","Perfected Null Arca Jack (Perfected Slivers of the Null Arca)","Zaan Epaulets (Zaan)","Perfected Null Arca Bracers (Perfected Slivers of the Null Arca)","","Perfected Null Arca Guards (Perfected Slivers of the Null Arca)","Perfected Null Arca Boots (Perfected Slivers of the Null Arca)","","Ring of the Advancing Yokeda (Berserking Warrior)","Ring of the Advancing Yokeda (Berserking Warrior)","Dagger of the Advancing Yokeda (Berserking Warrior)","Dagger of the Advancing Yokeda (Berserking Warrior)","The Maelstrom's Perfected Greatsword (Perfected Merciless Charge)"," ()","Escalating Runeblades","Tentacular Dread","Killer's Blade","Barbed Trap","Relentless Focus","Incapacitating Strike","Stampede","Flames of Oblivion","Venomous Claw","Inspired Scholarship","Molten Whip","Standard of Might"
"Kyne's Aegis","Captain Vrol","https://www.esologs.com/reports/f9XwPTmn2apGc3ZR#fight=84&type=summary&source=6","@Vanoumenou","Némésïs","ardent-ass-herald-berserking-warrior-perfected-slivers-of-the-null-arca","dps","Ardent","Ass","Herald","Perfected Slivers of the Null Arca","Berserking Warrior","131212.6","11958.0","44.1","131212.6 DPS",""," (Huntsman's Warmask)","Perfected Null Arca Jack (Perfected Slivers of the Null Arca)","Slimecraw Arm Cops (Slimecraw)","Perfected Null Arca Bracers (Perfected Slivers of the Null Arca)","","Perfected Null Arca Guards (Perfected Slivers of the Null Arca)","Perfected Null Arca Boots (Perfected Slivers of the Null Arca)","","Ring of the Advancing Yokeda (Berserking Warrior)","Ring of the Advancing Yokeda (Berserking Warrior)","Dagger of the Advancing Yokeda (Berserking Warrior)","Dagger of the Advancing Yokeda (Berserking Warrior)","The Maelstrom's Perfected Greatsword (Perfected Merciless Charge)"," ()","Barbed Trap","Killer's Blade","Tentacular Dread","Escalating Runeblades","Relentless Focus","Incapacitating Strike","Stampede","Flames of Oblivion","Venomous Claw","Inspired Scholarship","Fulminating Rune","Standard of Might"
"Kyne's Aegis","Captain Vrol","https://www.esologs.com/reports/f9XwPTmn2apGc3ZR#fight=84&type=summary&source=8","@Ottokristus","Ottoelf","ardent-ass-herald-berserking-warrior-perfected-slivers-of-the-null-arca","dps","Ardent","Ass","Herald","Perfected Slivers of the Null Arca","Berserking Warrior","177086.2","14071.1","85.0","177086.2 DPS","","Selene Mask (Selene)","Perfected Null Arca Jack (Perfected Slivers of the Null Arca)","Selene Arm Cops (Selene)","Perfected Null Arca Bracers (Perfected Slivers of the Null Arca)","","Perfected Null Arca Guards (Perfected Slivers of the Null Arca)","Perfected Null Arca Boots (Perfected Slivers of the Null Arca)","","Ring of the Advancing Yokeda (Berserking Warrior)","Ring of the Advancing Yokeda (Berserking Warrior)","Dagger of the Advancing Yokeda (Berserking Warrior)","Dagger of the Advancing Yokeda (Berserking Warrior)","The Maelstrom's Perfected Greatsword (Perfected Merciless Charge)"," ()","Barbed Trap","Killer's Blade","Escalating Runeblades","Merciless Resolve","Tentacular Dread","Soul Harvest","Molten Whip","Stampede","Venomous Claw","Inspired Scholarship","Flames of Oblivion","Standard of Might"
"Kyne's Aegis","Captain Vrol","https://www.esologs.com/reports/vZJ8mdA4FVXjL7cw#fight=44&type=summary&source=12","@EstarossaOfHate","Velmor Of Vvardenfell","ardent-ass-herald-aegis-caller-perfected-slivers-of-the-null-arca","dps","Ardent","Ass","Herald","Perfected Slivers of the Null Arca","Aegis Caller","256261.7","12459.6","87.0","256261.7 DPS",""," (Huntsman's Warmask)","Perfected Null Arca Jack (Perfected Slivers of the Null Arca)","Slimecraw Arm Cops (Slimecraw)","Perfected Null Arca Bracers (Perfected Slivers of the Null Arca)","","Perfected Null Arca Guards (Perfected Slivers of the Null Arca)","Perfected Null Arca Boots (Perfected Slivers of the Null Arca)","","Aegis Caller's Ring (Aegis Caller)","Aegis Caller's Ring (Aegis Caller)","Aegis Caller's Dagger (Aegis Caller)","Aegis Caller's Dagger (Aegis Caller)","The Maelstrom's Perfected Greatsword (Perfected Merciless Charge)"," ()","Tentacular Dread","Escalating Runeblades","Killer's Blade","Barbed Trap","Relentless Focus","Incapacitating Strike","Flames of Oblivion","Stampede","Molten Whip","Inspired Scholarship","Venomous Claw","Standard of Might"
"Kyne's Aegis","Captain Vrol","https://www.esologs.com/reports/vZJ8mdA4FVXjL7cw#fight=44&type=summary&source=10","@Alcadeios","Renareth Mora","ardent-ass-herald-aegis-caller-perfected-slivers-of-the-null-arca","dps","Ardent","Ass","Herald","Perfected Slivers of the Null Arca","Aegis Caller","283282.5","11761.0","102.6","283282.5 DPS","The Thief"," (Huntsman's Warmask)","Perfected Null Arca Jack (Perfected Slivers of the Null Arca)","Slimecraw Arm Cops (Slimecraw)","Perfected Null Arca Bracers (Perfected Slivers of the Null Arca)","","Perfected Null Arca Guards (Perfected Slivers of the Null Arca)","Perfected Null Arca Boots (Perfected Slivers of the Null Arca)","","Aegis Caller's Ring (Aegis Caller)","Aegis Caller's Ring (Aegis Caller)","Aegis Caller's Dagger (Aegis Caller)","Aegis Caller's Dagger (Aegis Caller)","The Maelstrom's Perfected Greatsword (Perfected Merciless Charge)"," ()","Escalating Runeblades","Killer's Blade","Relentless Focus","Tentacular Dread","Barbed Trap","Soul Harvest","Flames of Oblivion","Stampede","Venomous Claw","Inspired Scholarship","Molten Whip","Standard of Might"
"Kyne's Aegis","Captain Vrol","https://www.esologs.com/reports/vZJ8mdA4FVXjL7cw#fight=44&type=summary&source=7","@G8GETA","Sir beams A lot","ardent-ass-herald-aegis-caller-perfected-slivers-of-the-null-arca","dps","Ardent","Ass","Herald","Perfected Slivers of the Null Arca","Aegis Caller","207539.9","18939.5","90.5","207539.9 DPS","","Slimecraw Guise (Slimecraw)","Perfected Null Arca Jack (Perfected Slivers of the Null Arca)","Aegis Caller's Arm Cops (Aegis Caller)","Perfected Null Arca Bracers (Perfected Slivers of the Null Arca)","","Perfected Null Arca Guards (Perfected Slivers of the Null Arca)","Perfected Null Arca Boots (Perfected Slivers of the Null Arca)","","Aegis Caller's Ring (Aegis Caller)","Aegis Caller's Ring (Aegis Caller)","Aegis Caller's Dagger (Aegis Caller)","Aegis Caller's Dagger (Aegis Caller)","The Maelstrom's Perfected Greatsword (Perfected Merciless Charge)"," ()","Escalating Runeblades","Tentacular Dread","Relentless Focus","Camouflaged Hunter","Killer's Blade","Soul Harvest","Inspired Scholarship","Stampede","Venomous Claw","Flames of Oblivion","Molten Whip","Standard of Might"
"Kyne's Aegis","Captain Vrol","https://www.esologs.com/reports/vZJ8mdA4FVXjL7cw#fight=44&type=summary&source=5","@IItsSquidgyI","I Cant Spakee","ardent-ass-herald-aegis-caller-perfected-slivers-of-the-null-arca","dps","Ardent","Ass","Herald","Aegis Caller","Perfected Slivers of the Null Arca","200170.7","14368.6","62.9","200170.7 DPS","","Aegis Caller's Helmet (Aegis Caller)","Aegis Caller's Jack (Aegis Caller)","Slimecraw Epaulets (Slimecraw)","Aegis Caller's Bracers (Aegis Caller)","","Null Arca Guards (Slivers of the Null Arca)","Perfected Null Arca Boots (Perfected Slivers of the Null Arca)","","Null Arca Ring (Slivers of the Null Arca)","Null Arca Ring (Slivers of the Null Arca)","Aegis Caller's Dagger (Aegis Caller)","Aegis Caller's Dagger (Aegis Caller)","The Maelstrom's Perfected Greatsword (Perfected Merciless Charge)"," ()","Tentacular Dread","Escalating Runeblades","Quick Cloak","Killer's Blade","Merciless Resolve","Incapacitating Strike","Stampede","Venomous Claw","Molten Whip","Flames of Oblivion","Inspired Scholarship","Standard of Might"
"Kyne's Aegis","Captain Vrol","https://www.esologs.com/reports/vZJ8mdA4FVXjL7cw#fight=44&type=summary&source=9","@liserac","Xiomara Vermothah","ardent-ass-herald-aegis-caller-perfected-slivers-of-the-null-arca","dps","Ardent","Ass","Herald","Aegis Caller","Perfected Slivers of the Null Arca","215480.6","10193.8","46.0","215480.6 DPS","","Nerien'eth Guise (Nerien'eth)","Perfected Null Arca Jack (Perfected Slivers of the Null Arca)","Nerien'eth Arm Cops (Nerien'eth)","Perfected Null Arca Bracers (Perfected Slivers of the Null Arca)","","Perfected Null Arca Guards (Perfected Slivers of the Null Arca)","Perfected Null Arca Boots (Perfected Slivers of the Null Arca)","","Aegis Caller's Ring (Aegis Caller)","Aegis Caller's Ring (Aegis Caller)","Aegis Caller's Dagger (Aegis Caller)","Aegis Caller's Dagger (Aegis Caller)","The Maelstrom's Perfected Greatsword (Perfected Merciless Charge)"," ()","Pragmatic Fatecarver","Quick Cloak","Cephaliarch's Flail","Venomous Claw","Banner Bearer","Soul Harvest","Inspired Scholarship","Flames of Oblivion","Stampede","Fulminating Rune","Banner Bearer","Standard of Might"
"Kyne's Aegis","Captain Vrol","https://www.esologs.com/reports/vZJ8mdA4FVXjL7cw#fight=44&type=summary&source=5","@Maxi_oKs","Easy-Tank-oks","ardent-ass-herald-aegis-caller-perfected-slivers-of-the-null-arca","dps","Ardent","Ass","Herald","Perfected Slivers of the Null Arca","Aegis Caller","159586.3","13403.1","77.2","159586.3 DPS",""," (Huntsman's Warmask)","Perfected Null Arca Jack (Perfected Slivers of the Null Arca)","Valkyn Skoria Epaulets (Valkyn Skoria)","Perfected Null Arca Bracers (Perfected Slivers of the Null Arca)","","Perfected Null Arca Guards (Perfected Slivers of the Null Arca)","Perfected Null Arca Boots (Perfected Slivers of the Null Arca)","","Aegis Caller's Ring (Aegis Caller)","Aegis Caller's Ring (Aegis Caller)","Aegis Caller's Dagger (Aegis Caller)","Aegis Caller's Dagger (Aegis Caller)","The Maelstrom's Greatsword (Merciless Charge)"," ()","Killer's Blade","Escalating Runeblades","Tentacular Dread","Quick Cloak","Relentless Focus","Incapacitating Strike","Stampede","Venomous Claw","Inspired Scholarship","Flames of Oblivion","Molten Whip","Standard of Might"
"Kyne's Aegis","Captain Vrol","https://www.esologs.com/reports/vZJ8mdA4FVXjL7cw#fight=44&type=summary&source=4","@R4tPr1nce","Llythren","ardent-ass-herald-aegis-caller-perfected-slivers-of-the-null-arca","dps","Ardent","Ass","Herald","Perfected Slivers of the Null Arca","Aegis Caller","199514.0","12518.1","84.2","199514.0 DPS","","Zaan Guise (Zaan)","Perfected Null Arca Jack (Perfected Slivers of the Null Arca)","Aegis Caller's Arm Cops (Aegis Caller)","Perfected Null Arca Bracers (Perfected Slivers of the Null Arca)","","Perfected Null Arca Guards (Perfected Slivers of the Null Arca)","Perfected Null Arca Boots (Perfected Slivers of the Null Arca)","","Aegis Caller's Ring (Aegis Caller)","Aegis Caller's Ring (Aegis Caller)","Aegis Caller's Dagger (Aegis Caller)","Aegis Caller's Dagger (Aegis Caller)","The Maelstrom's Perfected Greatsword (Perfected Merciless Charge)"," ()","Relentless Focus","Tentacular Dread","Escalating Runeblades","Killer's Blade","Camouflaged Hunter","Incapacitating Strike","Stampede","Venomous Claw","Inspired Scholarship","Molten Whip","Flames of Oblivion","Standard of Might"
"Kyne's Aegis","Captain Vrol","https://www.esologs.com/reports/vZJ8mdA4FVXjL7cw#fight=44&type=summary&source=9","@xZuga","Zugá","ardent-ass-herald-aegis-caller-perfected-slivers-of-the-null-arca","dps","Ardent","Ass","Herald","Perfected Slivers of the Null Arca","Aegis Caller","181753.6","12322.7","87.4","181753.6 DPS",""," (Huntsman's Warmask)","Perfected Null Arca Jack (Perfected Slivers of the Null Arca)","Slimecraw Epaulets (Slimecraw)","Perfected Null Arca Bracers (Perfected Slivers of the Null Arca)","","Perfected Null Arca Guards (Perfected Slivers of the Null Arca)","Perfected Null Arca Boots (Perfected Slivers of the Null Arca)","","Aegis Caller's Ring (Aegis Caller)","Aegis Caller's Ring (Aegis Caller)","Aegis Caller's Dagger (Aegis Caller)","Aegis Caller's Dagger (Aegis Caller)","The Maelstrom's Perfected Greatsword (Perfected Merciless Charge)"," ()","Escalating Runeblades","Barbed Trap","Killer's Blade","Relentless Focus","Tentacular Dread","Incapacitating Strike","Stampede","Inspired Scholarship","Venomous Claw","Molten Whip","Flames of Oblivion","Standard of Might"
"Kyne's Aegis","Captain Vrol","https://www.esologs.com/reports/vZJ8mdA4FVXjL7cw#fight=44&type=summary&source=10","@Wheskedow","Lil-Tite-Peau","ardent-ass-herald-aegis-caller-perfected-slivers-of-the-null-arca","dps","Ardent","Ass","Herald","Aegis Caller","Perfected Slivers of the Null Arca","179729.4","13381.7","80.3","179729.4 DPS","","Slimecraw Mask (Slimecraw)","Aegis Caller's Jack (Aegis Caller)","Perfected Null Arca Arm Cops (Perfected Slivers of the Null Arca)","Perfected Null Arca Bracers (Perfected Slivers of the Null Arca)","","Aegis Caller's Guards (Aegis Caller)","Aegis Caller's Boots (Aegis Caller)","","Perfected Null Arca Ring (Perfected Slivers of the Null Arca)","Perfected Null Arca Ring (Perfected Slivers of the Null Arca)","Aegis Caller's Dagger (Aegis Caller)","Aegis Caller's Dagger (Aegis Caller)","The Maelstrom's Perfected Greatsword (Perfected Merciless Charge)"," ()","Escalating Runeblades","Tentacular Dread","Fulminating Rune","Killer's Blade","Relentless Focus","Soul Harvest","Molten Whip","Stampede","Flames of Oblivion","Venomous Claw","Inspired Scholarship","Standard of Might"
"Kyne's Aegis","Captain Vrol","https://www.esologs.com/reports/f9XwPTmn2apGc3ZR#fight=84&type=summary&source=14","@JoeTotale","Eu Spy","ardent-ass-herald-perfected-slivers-of-the-null-arca-tide-born-wildstalker","dps","Ardent","Ass","Herald","Tide-Born Wildstalker","Perfected Slivers of the Null Arca","220645.7","9603.3","90.2","220645.7 DPS","The Thief"," (Huntsman's Warmask)","Tide-Born Jack (Tide-Born Wildstalker)","Slimecraw Arm Cops (Slimecraw)","Tide-Born Bracers (Tide-Born Wildstalker)","","Tide-Born Guards (Tide-Born Wildstalker)","Tide-Born Boots (Tide-Born Wildstalker)","","Perfected Null Arca Ring (Perfected Slivers of the Null Arca)","Perfected Null Arca Ring (Perfected Slivers of the Null Arca)","Perfected Null Arca Dagger (Perfected Slivers of the Null Arca)","Perfected Null Arca Dagger (Perfected Slivers of the Null Arca)","The Maelstrom's Greatsword (Merciless Charge)"," ()","Escalating Runeblades","Relentless Focus","Tentacular Dread","Killer's Blade","Shocking Banner (Cavalier's Charge / Courage)","Incapacitating Strike","Stampede","Flames of Oblivion","Inspired Scholarship","Barbed Trap","Shocking Banner (Cavalier's Charge / Courage)","Standard of Might"
"Kyne's Aegis","Captain Vrol","https://www.esologs.com/reports/f9XwPTmn2apGc3ZR#fight=84&type=summary&source=18","@Zorgslayer","Sabenthy'S","ardent-ass-herald-perfected-slivers-of-the-null-arca-tide-born-wildstalker","dps","Ardent","Ass","Herald","Perfected Slivers of the Null Arca","Tide-Born Wildstalker","146365.3","2129.2","40.5","146365.3 DPS","","Slimecraw Guise (Slimecraw)","Perfected Null Arca Jack (Perfected Slivers of the Null Arca)","Tide-Born Arm Cops (Tide-Born Wildstalker)","Perfected Null Arca Bracers (Perfected Slivers of the Null Arca)","","Perfected Null Arca Guards (Perfected Slivers of the Null Arca)","Perfected Null Arca Boots (Perfected Slivers of the Null Arca)","","Tide-Born Ring (Tide-Born Wildstalker)","Tide-Born Ring (Tide-Born Wildstalker)","Tide-Born Dagger (Tide-Born Wildstalker)","Tide-Born Dagger (Tide-Born Wildstalker)","The Maelstrom's Perfected Greatsword (Perfected Merciless Charge)"," ()","Barbed Trap","Killer's Blade","Pragmatic Fatecarver","Cephaliarch's Flail","Quick Cloak","Incapacitating Strike","Stampede","Molten Whip","Inspired Scholarship","Venomous Claw","Flames of Oblivion","Standard of Might"
"Kyne's Aegis","Captain Vrol","https://www.esologs.com/reports/f9XwPTmn2apGc3ZR#fight=84&type=summary&source=15","@Cajinia","Icajinia","ardent-ass-herald-perfected-slivers-of-the-null-arca-tide-born-wildstalker","dps","Ardent","Ass","Herald","Perfected Slivers of the Null Arca","Tide-Born Wildstalker","166315.4","5969.8","33.9","166315.4 DPS","","Slimecraw Mask (Slimecraw)","Perfected Null Arca Jack (Perfected Slivers of the Null Arca)","Tide-Born Epaulets (Tide-Born Wildstalker)","Perfected Null Arca Bracers (Perfected Slivers of the Null Arca)","","Perfected Null Arca Guards (Perfected Slivers of the Null Arca)","Perfected Null Arca Boots (Perfected Slivers of the Null Arca)","","Tide-Born Ring (Tide-Born Wildstalker)","Tide-Born Ring (Tide-Born Wildstalker)","Tide-Born Dagger (Tide-Born Wildstalker)","Tide-Born Dagger (Tide-Born Wildstalker)","The Maelstrom's Perfected Greatsword (Perfected Merciless Charge)"," ()","Cephaliarch's Flail","Pragmatic Fatecarver","Quick Cloak","Killer's Blade","Camouflaged Hunter","Incapacitating Strike","Flames of Oblivion","Stampede","Venomous Claw","Inspired Scholarship","Molten Whip","Standard of Might"
"Kyne's Aegis","Captain Vrol","https://www.esologs.com/reports/f9XwPTmn2apGc3ZR#fight=84&type=summary&source=11","@bdbd3","Grom the Punch","ardent-ass-herald-perfected-slivers-of-the-null-arca-tide-born-wildstalker","dps","Ardent","Ass","Herald","Perfected Slivers of the Null Arca","Tide-Born Wildstalker","162607.7","6974.1","40.5","162607.7 DPS","","Perfected Null Arca Helmet (Perfected Slivers of the Null Arca)","Perfected Null Arca Jack (Perfected Slivers of the Null Arca)","Slimecraw Arm Cops (Slimecraw)","Tide-Born Bracers (Tide-Born Wildstalker)","","Perfected Null Arca Guards (Perfected Slivers of the Null Arca)","Perfected Null Arca Boots (Perfected Slivers of the Null Arca)","","Tide-Born Ring (Tide-Born Wildstalker)","Tide-Born Ring (Tide-Born Wildstalker)","Tide-Born Dagger (Tide-Born Wildstalker)","Tide-Born Dagger (Tide-Born Wildstalker)","The Maelstrom's Perfected Greatsword (Perfected Merciless Charge)"," ()","Cephaliarch's Flail","Pragmatic Fatecarver","Killer's Blade","Quick Cloak","Camouflaged Hunter","Incapacitating Strike","Inspired Scholarship","Flames of Oblivion","Stampede","Venomous Claw","Molten Whip","Standard of Might"
"Kyne's Aegis","Captain Vrol","https://www.esologs.com/reports/f9XwPTmn2apGc3ZR#fight=84&type=summary&source=9","@Fs212","Vókul","ardent-ass-herald-perfected-slivers-of-the-null-arca-tide-born-wildstalker","dps","Ardent","Ass","Herald","Perfected Slivers of the Null Arca","Tide-Born Wildstalker","187945.1","3995.5","36.1","187945.1 DPS","","Zaan Mask (Zaan)","Perfected Null Arca Jack (Perfected Slivers of the Null Arca)","Perfected Null Arca Arm Cops (Perfected Slivers of the Null Arca)","Perfected Null Arca Bracers (Perfected Slivers of the Null Arca)","","Perfected Null Arca Guards (Perfected Slivers of the Null Arca)","Tide-Born Boots (Tide-Born Wildstalker)","","Tide-Born Ring (Tide-Born Wildstalker)","Tide-Born Ring (Tide-Born Wildstalker)","Tide-Born Dagger (Tide-Born Wildstalker)","Tide-Born Dagger (Tide-Born Wildstalker)","The Maelstrom's Greatsword (Merciless Charge)"," ()","Quick Cloak","Cephaliarch's Flail","Pragmatic Fatecarver","Killer's Blade","Camouflaged Hunter","Soul Harvest","Stampede","Flames of Oblivion","Inspired Scholarship","Venomous Claw","Molten Whip","Standard of Might"
"Kyne's Aegis","Captain Vrol","https://www.esologs.com/reports/f9XwPTmn2apGc3ZR#fight=84&type=summary&source=1","@JohnnyTsunami1337","Unfugmacherin","ardent-ass-herald-perfected-slivers-of-the-null-arca-tide-born-wildstalker","dps","Ardent","Ass","Herald","Perfected Slivers of the Null Arca","Tide-Born Wildstalker","177009.0","4512.3","49.8","177009.0 DPS","","Slimecraw Guise (Slimecraw)","Perfected Null Arca Jack (Perfected Slivers of the Null Arca)","Tide-Born Arm Cops (Tide-Born Wildstalker)","Perfected Null Arca Bracers (Perfected Slivers of the Null Arca)","","Tide-Born Guards (Tide-Born Wildstalker)","Perfected Null Arca Boots (Perfected Slivers of the Null Arca)","","Perfected Null Arca Ring (Perfected Slivers of the Null Arca)","Perfected Null Arca Ring (Perfected Slivers of the Null Arca)","Tide-Born Dagger (Tide-Born Wildstalker)","Tide-Born Dagger (Tide-Born Wildstalker)","The Maelstrom's Perfected Inferno Staff (Perfected Crushing Wall)"," ()","Camouflaged Hunter","Quick Cloak","Cephaliarch's Flail","Pragmatic Fatecarver","Barbed Trap","Soul Harvest","Molten Whip","Flames of Oblivion","Inspired Scholarship","Blockade of Fire","Venomous Claw","Standard of Might"
"Kyne's Aegis","Captain Vrol","https://www.esologs.com/reports/f9XwPTmn2apGc3ZR#fight=84&type=summary&source=7","@tomfant","Arcnfant","ardent-ass-herald-perfected-slivers-of-the-null-arca-tide-born-wildstalker","dps","Ardent","Ass","Herald","Perfected Slivers of the Null Arca","Tide-Born Wildstalker","165863.8","5868.5","42.1","165863.8 DPS","","Zaan Mask (Zaan)","Perfected Null Arca Jack (Perfected Slivers of the Null Arca)","Tide-Born Arm Cops (Tide-Born Wildstalker)","Tide-Born Bracers (Tide-Born Wildstalker)","","Tide-Born Guards (Tide-Born Wildstalker)","Perfected Null Arca Boots (Perfected Slivers of the Null Arca)","","Tide-Born Ring (Tide-Born Wildstalker)","Tide-Born Ring (Tide-Born Wildstalker)","Perfected Null Arca Dagger (Perfected Slivers of the Null Arca)","Perfected Null Arca Dagger (Perfected Slivers of the Null Arca)","The Maelstrom's Perfected Greatsword (Perfected Merciless Charge)"," ()","Cephaliarch's Flail","Pragmatic Fatecarver","Killer's Blade","Quick Cloak","Camouflaged Hunter","Incapacitating Strike","Stampede","Flames of Oblivion","Venomous Claw","Inspired Scholarship","Molten Whip","Standard of Might"
"Kyne's Aegis","Captain Vrol","https://www.esologs.com/reports/f9XwPTmn2apGc3ZR#fight=84&type=summary&source=17","@JulianHunter","Màrk Stárk","ardent-ass-herald-perfected-slivers-of-the-null-arca-tide-born-wildstalker","dps","Ardent","Ass","Herald","Perfected Slivers of the Null Arca","Tide-Born Wildstalker","169916.3","7923.5","44.6","169916.3 DPS","","Slimecraw Guise (Slimecraw)","Perfected Null Arca Jack (Perfected Slivers of the Null Arca)","Tide-Born Arm Cops (Tide-Born Wildstalker)","Perfected Null Arca Bracers (Perfected Slivers of the Null Arca)","","Perfected Null Arca Guards (Perfected Slivers of the Null Arca)","Perfected Null Arca Boots (Perfected Slivers of the Null Arca)","","Tide-Born Ring (Tide-Born Wildstalker)","Tide-Born Ring (Tide-Born Wildstalker)","Tide-Born Dagger (Tide-Born Wildstalker)","Tide-Born Dagger (Tide-Born Wildstalker)","The Maelstrom's Perfected Inferno Staff (Perfected Crushing Wall)"," ()","Quick Cloak","Pragmatic Fatecarver","Cephaliarch's Flail","Killer's Blade","Camouflaged Hunter","Soul Harvest","Elemental Blockade","Venomous Claw","Molten Whip","Inspired Scholarship","Flames of Oblivion","Standard of Might"
"Kyne's Aegis","Captain Vrol","https://www.esologs.com/reports/B6hNzXCnvdWt3Ayw#fight=28&type=summary&source=4","@Elwoodville","Got Oppressed","ardent-ass-herald-highland-sentinel-perfected-slivers-of-the-null-arca","dps","Ardent","Ass","Herald","Perfected Slivers of the Null Arca","Highland Sentinel","159920.2","3561.7","49.2","159920.2 DPS","","Nerien'eth Mask (Nerien'eth)","Perfected Null Arca Jack (Perfected Slivers of the Null Arca)","Nerien'eth Epaulets (Nerien'eth)","Perfected Null Arca Bracers (Perfected Slivers of the Null Arca)","","Perfected Null Arca Guards (Perfected Slivers of the Null Arca)","Perfected Null Arca Boots (Perfected Slivers of the Null Arca)","","Highland Sentinel Ring (Highland Sentinel)","Highland Sentinel Ring (Highland Sentinel)","Highland Sentinel Dagger (Highland Sentinel)","Highland Sentinel Dagger (Highland Sentinel)","The Maelstrom's Perfected Greatsword (Perfected Merciless Charge)"," ()","Pragmatic Fatecarver","Venomous Claw","Quick Cloak","Cephaliarch's Flail","Shocking Banner (Cavalier's Charge / Courage)","Incapacitating Strike","Molten Whip","Flames of Oblivion","Inspired Scholarship","Stampede","Shocking Banner (Cavalier's Charge / Courage)","Standard of Might"
"Kyne's Aegis","Captain Vrol","https://www.esologs.com/reports/B6hNzXCnvdWt3Ayw#fight=28&type=summary&source=3","@TheElusiveBread","Arch'nist","ardent-ass-herald-highland-sentinel-perfected-slivers-of-the-null-arca","dps","Ardent","Ass","Herald","Perfected Slivers of the Null Arca","Highland Sentinel","228033.3","5341.1","48.1","228033.3 DPS","The Thief","Nerien'eth Mask (Nerien'eth)","Perfected Null Arca Jack (Perfected Slivers of the Null Arca)","Nerien'eth Arm Cops (Nerien'eth)","Highland Sentinel Bracers (Highland Sentinel)","","Perfected Null Arca Guards (Perfected Slivers of the Null Arca)","Perfected Null Arca Boots (Perfected Slivers of the Null Arca)","","Perfected Null Arca Ring (Perfected Slivers of the Null Arca)","Perfected Null Arca Ring (Perfected Slivers of the Null Arca)","Highland Sentinel Dagger (Highland Sentinel)","Highland Sentinel Dagger (Highland Sentinel)","The Maelstrom's Perfected Greatsword (Perfected Merciless Charge)"," ()","Pragmatic Fatecarver","Cephaliarch's Flail","Quick Cloak","Venomous Claw","Shocking Banner (Cavalier's Charge / Courage)","Incapacitating Strike","Flames of Oblivion","Stampede","Inspired Scholarship","Molten Whip","Shocking Banner (Cavalier's Charge / Courage)","Standard of Might"
"Kyne's Aegis","Captain Vrol","https://www.esologs.com/reports/B6hNzXCnvdWt3Ayw#fight=28&type=summary&source=8","@ChiLLOutZ808","Vettel von Verzettelt","ardent-ass-herald-highland-sentinel-perfected-slivers-of-the-null-arca","dps","Ardent","Ass","Herald","Highland Sentinel","Perfected Slivers of the Null Arca","177021.7","6158.5","37.2","177021.7 DPS","","Highland Sentinel Helmet (Highland Sentinel)","Perfected Null Arca Jack (Perfected Slivers of the Null Arca)","Slimecraw Epaulets (Slimecraw)","Perfected Null Arca Bracers (Perfected Slivers of the Null Arca)","","Perfected Null Arca Guards (Perfected Slivers of the Null Arca)","Perfected Null Arca Boots (Perfected Slivers of the Null Arca)","","Highland Sentinel Ring (Highland Sentinel)","Highland Sentinel Ring (Highland Sentinel)","Highland Sentinel Dagger (Highland Sentinel)","Highland Sentinel Dagger (Highland Sentinel)","The Maelstrom's Perfected Greatsword (Perfected Merciless Charge)"," ()","Cephaliarch's Flail","Quick Cloak","Pragmatic Fatecarver","Killer's Blade","Barbed Trap","Incapacitating Strike","Molten Whip","Inspired Scholarship","Stampede","Venomous Claw","Flames of Oblivion","Standard of Might"
"Kyne's Aegis","Captain Vrol","https://www.esologs.com/reports/B6hNzXCnvdWt3Ayw#fight=28&type=summary&source=5","@MagToast","Prof Dr Hexadeca Dachtylo","ardent-ass-herald-highland-sentinel-perfected-slivers-of-the-null-arca","dps","Ardent","Ass","Herald","Highland Sentinel","Perfected Slivers of the Null Arca","184082.4","7329.0","36.1","184082.4 DPS","","Highland Sentinel Helmet (Highland Sentinel)","Perfected Null Arca Jack (Perfected Slivers of the Null Arca)","Slimecraw Epaulets (Slimecraw)","Highland Sentinel Bracers (Highland Sentinel)","","Perfected Null Arca Guards (Perfected Slivers of the Null Arca)","Perfected Null Arca Boots (Perfected Slivers of the Null Arca)","","Highland Sentinel Ring (Highland Sentinel)","Highland Sentinel Ring (Highland Sentinel)","Perfected Null Arca Dagger (Perfected Slivers of the Null Arca)","Perfected Null Arca Dagger (Perfected Slivers of the Null Arca)","The Maelstrom's Perfected Greatsword (Perfected Merciless Charge)"," ()","Killer's Blade","Quick Cloak","Cephaliarch's Flail","Pragmatic Fatecarver","Banner Bearer","Soul Harvest","Inspired Scholarship","Flames of Oblivion","Stampede","Molten Whip","Banner Bearer","Standard of Might"
"Kyne's Aegis","Captain Vrol","https://www.esologs.com/reports/B6hNzXCnvdWt3Ayw#fight=28&type=summary&source=16","@Shadowshintaro","Shadow-Tentacle or Mora","ardent-ass-herald-highland-sentinel-perfected-slivers-of-the-null-arca","dps","Ardent","Ass","Herald","Perfected Slivers of the Null Arca","Highland Sentinel","167079.9","11411.4","48.1","167079.9 DPS","","Perfected Null Arca Helmet (Perfected Slivers of the Null Arca)","Highland Sentinel Jack (Highland Sentinel)","Slimecraw Epaulets (Slimecraw)","Highland Sentinel Bracers (Highland Sentinel)","","Highland Sentinel Guards (Highland Sentinel)","Highland Sentinel Boots (Highland Sentinel)","","Perfected Null Arca Ring (Perfected Slivers of the Null Arca)","Perfected Null Arca Ring (Perfected Slivers of the Null Arca)","Perfected Null Arca Dagger (Perfected Slivers of the Null Arca)","Perfected Null Arca Dagger (Perfected Slivers of the Null Arca)","The Maelstrom's Perfected Greatsword (Perfected Merciless Charge)"," ()","Cephaliarch's Flail","Killer's Blade","Pragmatic Fatecarver","Quick Cloak","Camouflaged Hunter","Soul Harvest","Stampede","Inspired Scholarship","Flames of Oblivion","Venomous Claw","Molten Whip","Standard of Might"
"Kyne's Aegis","Captain Vrol","https://www.esologs.com/reports/B6hNzXCnvdWt3Ayw#fight=28&type=summary&source=361","@cabokel","Mavi Shundre","ardent-ass-herald-highland-sentinel-perfected-slivers-of-the-null-arca","dps","Ardent","Ass","Herald","Highland Sentinel","Perfected Slivers of the Null Arca","194928.5","8022.6","35.4","194928.5 DPS","","Slimecraw Mask (Slimecraw)","Highland Sentinel Jack (Highland Sentinel)","Perfected Null Arca Arm Cops (Perfected Slivers of the Null Arca)","Highland Sentinel Bracers (Highland Sentinel)","","Perfected Null Arca Guards (Perfected Slivers of the Null Arca)","Highland Sentinel Boots (Highland Sentinel)","","Highland Sentinel Ring (Highland Sentinel)","Highland Sentinel Ring (Highland Sentinel)","Perfected Null Arca Dagger (Perfected Slivers of the Null Arca)","Perfected Null Arca Dagger (Perfected Slivers of the Null Arca)","The Maelstrom's Perfected Greatsword (Perfected Merciless Charge)"," ()","Cephaliarch's Flail","Quick Cloak","Killer's Blade","Pragmatic Fatecarver","Relentless Focus","Soul Harvest","Stampede","Inspired Scholarship","Venomous Claw","Flames of Oblivion","Molten Whip","Standard of Might"
"Kyne's Aegis","Captain Vrol","https://www.esologs.com/reports/B6hNzXCnvdWt3Ayw#fight=28&type=summary&source=220","@WhyteGoblin","Kessel Bot","ardent-ass-herald-highland-sentinel-perfected-slivers-of-the-null-arca","dps","Ardent","Ass","Herald","Perfected Slivers of the Null Arca","Highland Sentinel","191597.5","3346.3","55.4","191597.5 DPS","","Nerien'eth Mask (Nerien'eth)","Perfected Null Arca Jack (Perfected Slivers of the Null Arca)","Nerien'eth Epaulets (Nerien'eth)","Perfected Null Arca Bracers (Perfected Slivers of the Null Arca)","","Perfected Null Arca Guards (Perfected Slivers of the Null Arca)","Perfected Null Arca Boots (Perfected Slivers of the Null Arca)","","Highland Sentinel Ring (Highland Sentinel)","Highland Sentinel Ring (Highland Sentinel)","Highland Sentinel Dagger (Highland Sentinel)","Highland Sentinel Dagger (Highland Sentinel)","The Maelstrom's Perfected Greatsword (Perfected Merciless Charge)"," ()","Pragmatic Fatecarver","Quick Cloak","Cephaliarch's Flail","Inspired Scholarship","Shocking Banner (Cavalier's Charge / Courage)","Incapacitating Strike","Flames of Oblivion","Stampede","Venomous Claw","Molten Whip","Shocking Banner (Cavalier's Charge / Courage)","Standard of Might"
"Kyne's Aegis","Captain Vrol","https://www.esologs.com/reports/vZJ8mdA4FVXjL7cw#fight=44&type=summary&source=1","@yaasshaa","arcaeea","ardent-ass-herald-roar-of-alkosh-zens-redress","dps","Ardent","Ass","Herald","Roar of Alkosh","Z'en's Redress","202377.6","10579.0","87.0","202377.6 DPS","The Thief"," (Huntsman's Warmask)","Jack of Alkosh (Roar of Alkosh)","Slimecraw Epaulets (Slimecraw)","Bracers of Alkosh (Roar of Alkosh)","","Guards of Alkosh (Roar of Alkosh)","Boots of Alkosh (Roar of Alkosh)","","Z'en's Ring (Z'en's Redress)","Z'en's Ring (Z'en's Redress)","Z'en's Dagger (Z'en's Redress)","Z'en's Dagger (Z'en's Redress)","The Maelstrom's Perfected Greatsword (Perfected Merciless Charge)"," ()","Barbed Trap","Relentless Focus","Tentacular Dread","Escalating Runeblades","Killer's Blade","Incapacitating Strike","Fulminating Rune","Flames of Oblivion","Stampede","Venomous Claw","Engulfing Flames","Standard of Might"
"Kyne's Aegis","Captain Vrol","https://www.esologs.com/reports/vZJ8mdA4FVXjL7cw#fight=44&type=summary&source=8","@derbaderb","Sorcerer Timothy","ardent-ass-herald-roar-of-alkosh-zens-redress","dps","Ardent","Ass","Herald","Roar of Alkosh","Z'en's Redress","122906.2","7234.7","69.8","122906.2 DPS","","Slimecraw Guise (Slimecraw)","Cryptcanon Vestments (Cryptcanon Vestments)","Arm Cops of Alkosh (Roar of Alkosh)","Bracers of Alkosh (Roar of Alkosh)","","Guards of Alkosh (Roar of Alkosh)","Boots of Alkosh (Roar of Alkosh)","","Z'en's Ring (Z'en's Redress)","Z'en's Ring (Z'en's Redress)","Z'en's Dagger (Z'en's Redress)","Z'en's Dagger (Z'en's Redress)","The Maelstrom's Greatsword (Merciless Charge)"," ()","Killer's Blade","Tentacular Dread","Relentless Focus","Shattering Knife (Warrior's Opportunity / Off Balance)","Escalating Runeblades","Crypt Transfer","Barbed Trap","Stampede","Engulfing Flames","Venomous Claw","Flames of Oblivion","Crypt Transfer"
"Kyne's Aegis","Captain Vrol","https://www.esologs.com/reports/vZJ8mdA4FVXjL7cw#fight=44&type=summary&source=4","@Tsuzura","Mąąze","ardent-ass-herald-roar-of-alkosh-zens-redress","dps","Ardent","Ass","Herald","Roar of Alkosh","Z'en's Redress","159055.5","7609.6","77.6","159055.5 DPS",""," (Huntsman's Warmask)","Jack of Alkosh (Roar of Alkosh)","Zaan Arm Cops (Zaan)","Bracers of Alkosh (Roar of Alkosh)","","Guards of Alkosh (Roar of Alkosh)","Boots of Alkosh (Roar of Alkosh)","","Z'en's Ring (Z'en's Redress)","Z'en's Ring (Z'en's Redress)","Z'en's Dagger (Z'en's Redress)","Z'en's Dagger (Z'en's Redress)","The Maelstrom's Perfected Greatsword (Perfected Merciless Charge)"," ()","Escalating Runeblades","Tentacular Dread","Killer's Blade","Relentless Focus","Barbed Trap","Soul Harvest","Stampede","Venomous Claw","Engulfing Flames","Inspired Scholarship","Flames of Oblivion","Standard of Might"
"Kyne's Aegis","Captain Vrol","https://www.esologs.com/reports/vZJ8mdA4FVXjL7cw#fight=44&type=summary&source=2","@Axphykz","All Raid No Sleep","ardent-ass-herald-roar-of-alkosh-zens-redress","dps","Ardent","Ass","Herald","Roar of Alkosh","Z'en's Redress","139768.8","6086.7","79.1","139768.8 DPS",""," (Huntsman's Warmask)","Jack of Alkosh (Roar of Alkosh)","Kra'gh Arm Cops (Kra'gh)","Bracers of Alkosh (Roar of Alkosh)","","Guards of Alkosh (Roar of Alkosh)","Boots of Alkosh (Roar of Alkosh)","","Z'en's Ring (Z'en's Redress)","Z'en's Ring (Z'en's Redress)","Z'en's Dagger (Z'en's Redress)","Z'en's Dagger (Z'en's Redress)","The Maelstrom's Perfected Greatsword (Perfected Merciless Charge)"," ()","Merciless Resolve","Escalating Runeblades","Tentacular Dread","Killer's Blade","Quick Cloak","Soul Harvest","Flames of Oblivion","Engulfing Flames","Inspired Scholarship","Venomous Claw","Stampede","Standard of Might"
"Kyne's Aegis","Captain Vrol","https://www.esologs.com/reports/vZJ8mdA4FVXjL7cw#fight=44&type=summary&source=223","@derbaderb","Sorcerer Timothy","ardent-ass-herald-roar-of-alkosh-zens-redress","dps","Ardent","Ass","Herald","Roar of Alkosh","Z'en's Redress","119528.1","3021.8","64.2","119528.1 DPS","","Slimecraw Guise (Slimecraw)","Cryptcanon Vestments (Cryptcanon Vestments)","Arm Cops of Alkosh (Roar of Alkosh)","Bracers of Alkosh (Roar of Alkosh)","","Guards of Alkosh (Roar of Alkosh)","Boots of Alkosh (Roar of Alkosh)","","Z'en's Ring (Z'en's Redress)","Z'en's Ring (Z'en's Redress)","Z'en's Dagger (Z'en's Redress)","Z'en's Dagger (Z'en's Redress)","The Maelstrom's Greatsword (Merciless Charge)"," ()","Killer's Blade","Tentacular Dread","Relentless Focus","Shattering Knife (Warrior's Opportunity / Berserk)","Escalating Runeblades","Crypt Transfer","Barbed Trap","Stampede","Engulfing Flames","Venomous Claw","Flames of Oblivion","Crypt Transfer"
"Kyne's Aegis","Captain Vrol","https://www.esologs.com/reports/vZJ8mdA4FVXjL7cw#fight=44&type=summary&source=6","@Gabnich","Gabshow","green-resto-siphon-perfected-pillagers-profit-spell-power-cure","healer","Siphon","Resto","Green","Perfected Pillager's Profit","Spell Power Cure","9613.8","123566.9","69.9","123566.9 HPS","","Nazaray Guise (Nazaray)","Jack of the Trainee (Armor of the Trainee)","Nazaray Epaulets (Nazaray)","Spell Power Cure Gloves (Spell Power Cure)","","Spell Power Cure Breeches (Spell Power Cure)","Spell Power Cure Shoes (Spell Power Cure)","","Perfected Pillager's Band (Perfected Pillager's Profit)","Perfected Pillager's Band (Perfected Pillager's Profit)","Spell Power Cure Restoration Staff (Spell Power Cure)"," ()","Perfected Pillager's Lightning Staff (Perfected Pillager's Profit)"," ()","Illustrious Healing","Budding Seeds","Combat Prayer","Inner Light","Siphoning Attacks","Reviving Barrier","Echoing Vigor","Extended Ritual","Elemental Blockade","Overflowing Altar","Mystic Orb","Aggressive Horn"
"Kyne's Aegis","Captain Vrol","https://www.esologs.com/reports/vZJ8mdA4FVXjL7cw#fight=44&type=summary&source=11","@ChristineCamaro","x Allison Chains x","green-resto-siphon-perfected-pillagers-profit-spell-power-cure","healer","Siphon","Resto","Green","Spell Power Cure","Perfected Pillager's Profit","7738.0","118420.6","77.9","118420.6 HPS","","Nazaray Guise (Nazaray)","Robe of the Trainee (Armor of the Trainee)","Nazaray Epaulets (Nazaray)","Spell Power Cure Gloves (Spell Power Cure)","","Spell Power Cure Breeches (Spell Power Cure)","Perfected Pillager's Shoes (Perfected Pillager's Profit)","","Perfected Pillager's Band (Perfected Pillager's Profit)","Perfected Pillager's Band (Perfected Pillager's Profit)","Spell Power Cure Restoration Staff (Spell Power Cure)"," ()","Perfected Pillager's Lightning Staff (Perfected Pillager's Profit)"," ()","Budding Seeds","Echoing Vigor","Combat Prayer","Radiating Regeneration","Illustrious Healing","Soul Siphon","Overflowing Altar","Blockade of Storms","Extended Ritual","Energy Orb","Radiant Aura","Aggressive Horn"
"Kyne's Aegis","Captain Vrol","https://www.esologs.com/reports/vZJ8mdA4FVXjL7cw#fight=44&type=summary&source=7","@notsojuicy","Lauryn'Heal","green-resto-siphon-perfected-pillagers-profit-spell-power-cure","healer","Siphon","Resto","Green","Spell Power Cure","Perfected Pillager's Profit","7432.1","105621.5","59.0","105621.5 HPS","","Nazaray Guise (Nazaray)","Robe of the Trainee (Armor of the Trainee)","Nazaray Arm Cops (Nazaray)","Spell Power Cure Gloves (Spell Power Cure)","","Perfected Pillager's Breeches (Perfected Pillager's Profit)","Spell Power Cure Shoes (Spell Power Cure)","","Perfected Pillager's Band (Perfected Pillager's Profit)","Perfected Pillager's Band (Perfected Pillager's Profit)","Spell Power Cure Restoration Staff (Spell Power Cure)"," ()","Perfected Pillager's Lightning Staff (Perfected Pillager's Profit)"," ()","Radiating Regeneration","Combat Prayer","Healing Springs","Budding Seeds","Echoing Vigor","Soul Siphon","Elemental Blockade","Energy Orb","Ulfsild's Contingency","Extended Ritual","Sundering Soul","Aggressive Horn"
"Kyne's Aegis","Captain Vrol","https://www.esologs.com/reports/vZJ8mdA4FVXjL7cw#fight=44&type=summary&source=11","@ChristineCamaro","x Allison Chains x","green-resto-siphon-perfected-pillagers-profit-spell-power-cure","healer","Siphon","Resto","Green","Spell Power Cure","Perfected Pillager's Profit","11878.7","110597.8","78.7","110597.8 HPS","The Thief","Nazaray Guise (Nazaray)","Robe of the Trainee (Armor of the Trainee)","Nazaray Epaulets (Nazaray)","Spell Power Cure Gloves (Spell Power Cure)","","Spell Power Cure Breeches (Spell Power Cure)","Perfected Pillager's Shoes (Perfected Pillager's Profit)","","Perfected Pillager's Band (Perfected Pillager's Profit)","Perfected Pillager's Band (Perfected Pillager's Profit)","Spell Power Cure Restoration Staff (Spell Power Cure)"," ()","Perfected Pillager's Lightning Staff (Perfected Pillager's Profit)"," ()","Budding Seeds","Siphoning Attacks","Combat Prayer","Radiating Regeneration","Illustrious Healing","Soul Siphon","Echoing Vigor","Blockade of Storms","Extended Ritual","Mystic Orb","Overflowing Altar","Aggressive Horn"
"Kyne's Aegis","Captain Vrol","https://www.esologs.com/reports/NcrZkx3ntjYLvQPy#fight=76&type=summary&source=1","@Onyx643","Onyx Overload","daedric-soldier-winter-perfected-pearlescent-ward-powerful-assault","tank","Daedric","Winter","Soldier","Perfected Pearlescent Ward","Powerful Assault","43839.2","11891.5","71.1","71.1 CPM","The Thief","Nazaray Mask (Nazaray)","Perfected Pearlescent Cuirass (Perfected Pearlescent Ward)","Nazaray Arm Cops (Nazaray)","Bracers of the Powerful Assault (Powerful Assault)","","Perfected Pearlescent Greaves (Perfected Pearlescent Ward)","Perfected Pearlescent Sabatons (Perfected Pearlescent Ward)","","Ring of the Powerful Assault (Powerful Assault)","Ring of the Powerful Assault (Powerful Assault)","Dagger of the Powerful Assault (Powerful Assault)","Dagger of the Powerful Assault (Powerful Assault)","The Maelstrom's Inferno Staff (Crushing Wall)"," ()","Mystic Orb","Razor Caltrops","Sundering Knife","Rune of the Colorless Pool","Expansive Frost Cloak","Flawless Dawnbreaker","Charging Maneuver","Blockade of Fire","Inner Rage","Elemental Susceptibility","Crushing Shock","Summon Charged Atronach"
"Kyne's Aegis","Captain Vrol","https://www.esologs.com/reports/NcrZkx3ntjYLvQPy#fight=76&type=summary&source=10","@Ned919x","Tanks All Evening","daedric-soldier-winter-perfected-pearlescent-ward-powerful-assault","tank","Daedric","Winter","Soldier","Powerful Assault","Perfected Pearlescent Ward","13933.5","13384.2","40.1","40.1 CPM","","Nunatak's Visage (Nunatak)","Perfected Pearlescent Cuirass (Perfected Pearlescent Ward)","Nunatak's Arm Cops (Nunatak)","Perfected Pearlescent Gauntlets (Perfected Pearlescent Ward)","","Perfected Pearlescent Greaves (Perfected Pearlescent Ward)","Perfected Pearlescent Sabatons (Perfected Pearlescent Ward)","","Ring of the Powerful Assault (Powerful Assault)","Ring of the Powerful Assault (Powerful Assault)","Ice Staff of the Powerful Assault (Powerful Assault)"," ()","Ice Staff of the Powerful Assault (Powerful Assault)"," ()","Expansive Frost Cloak","Lingering Flare","Inner Rage","Leashing Soul (Druid's Resurgence / Maim)","Polar Wind","Reviving Barrier","Elemental Susceptibility","Rune of the Colorless Pool","Blockade of Frost","Bound Aegis","Echoing Vigor","Summon Charged Atronach"
"Kyne's Aegis","Captain Vrol","https://www.esologs.com/reports/NcrZkx3ntjYLvQPy#fight=76&type=summary&source=2","@Samlucas","Arcanouille","daedric-soldier-winter-perfected-pearlescent-ward-powerful-assault","tank","Daedric","Winter","Soldier","Perfected Pearlescent Ward","Powerful Assault","13492.6","6272.5","44.9","44.9 CPM","","Nazaray Mask (Nazaray)","Perfected Pearlescent Cuirass (Perfected Pearlescent Ward)","Nazaray Epaulets (Nazaray)","Perfected Pearlescent Gauntlets (Perfected Pearlescent Ward)","","Perfected Pearlescent Greaves (Perfected Pearlescent Ward)","Perfected Pearlescent Sabatons (Perfected Pearlescent Ward)","","Ring of the Powerful Assault (Powerful Assault)","Ring of the Powerful Assault (Powerful Assault)","The Master's Perfected Mace (Perfected Puncturing Remedy)","The Master's Perfected Shield (Perfected Puncturing Remedy)","Ice Staff of the Powerful Assault (Powerful Assault)"," ()","Revealing Flare","Impervious Runeward","Rune of the Colorless Pool","Inner Rage","Bound Aegis","Gibbering Shelter","Mystic Orb","Blockade of Frost","Expansive Frost Cloak","Elemental Susceptibility","Razor Caltrops","Summon Charged Atronach"
"Kyne's Aegis","Captain Vrol","https://www.esologs.com/reports/vZJ8mdA4FVXjL7cw#fight=44&type=summary&source=8","@Einhorn23","Op-Asian","earthen-soldier-winter-perfected-lucent-echoes-perfected-pearlescent-ward","tank","Earthen","Winter","Soldier","Perfected Pearlescent Ward","Perfected Lucent Echoes","11848.7","8782.2","52.8","52.8 CPM","The Atronach","Magma Incarnate Mask (Magma Incarnate)","Cryptcanon Vestments (Cryptcanon Vestments)","Lucent Echoes Perfected Pauldrons (Perfected Lucent Echoes)","Lucent Echoes Perfected Gauntlets (Perfected Lucent Echoes)","","Lucent Echoes Perfected Greaves (Perfected Lucent Echoes)","Lucent Echoes Perfected Sabatons (Perfected Lucent Echoes)","","Perfected Pearlescent Ring (Perfected Pearlescent Ward)","Perfected Pearlescent Ring (Perfected Pearlescent Ward)","Perfected Pearlescent Sword (Perfected Pearlescent Ward)","Perfected Pearlescent Shield (Perfected Pearlescent Ward)","Perfected Pearlescent Ice Staff (Perfected Pearlescent Ward)"," ()","Inner Rage","Stone Giant","Rune of the Colorless Pool","Igneous Shield","Revealing Flare","Reviving Barrier","Elemental Blockade","Elemental Susceptibility","Runeguard of Still Waters","Expansive Frost Cloak","Igneous Weapons","Aggressive Horn"
"Kyne's Aegis","Captain Vrol","https://www.esologs.com/reports/vZJ8mdA4FVXjL7cw#fight=44&type=summary&source=1","@Bluxx","Bluxxcrux","earthen-soldier-winter-perfected-lucent-echoes-perfected-pearlescent-ward","tank","Earthen","Winter","Soldier","Perfected Pearlescent Ward","Perfected Lucent Echoes","6472.4","11718.6","51.4","51.4 CPM","","Encratis's Behemoth Mask (Encratis's Behemoth)","Lucent Echoes Perfected Cuirass (Perfected Lucent Echoes)","Encratis's Behemoth Pauldron (Encratis's Behemoth)","Lucent Echoes Perfected Gauntlets (Perfected Lucent Echoes)","","Lucent Echoes Perfected Greaves (Perfected Lucent Echoes)","Lucent Echoes Perfected Sabatons (Perfected Lucent Echoes)","","Perfected Pearlescent Ring (Perfected Pearlescent Ward)","Perfected Pearlescent Ring (Perfected Pearlescent Ward)","Perfected Pearlescent Ice Staff (Perfected Pearlescent Ward)"," ()","Perfected Pearlescent Ice Staff (Perfected Pearlescent Ward)"," ()","Inner Rage","Runeguard of Freedom","Stone Giant","Polar Wind","Igneous Shield","Replenishing Barrier","Expansive Frost Cloak","Elemental Susceptibility","Leashing Soul","Rune of the Colorless Pool","Blockade of Frost","Aggressive Horn"
"Kyne's Aegis","Lord Falgravn","https://www.esologs.com/reports/NcrZkx3ntjYLvQPy#fight=59&type=summary&source=9","@Brassmoose","Naomi Archag am Arc'gah","ardent-ass-herald-aegis-caller-perfected-slivers-of-the-null-arca","dps","Ardent","Ass","Herald","Perfected Slivers of the Null Arca","Aegis Caller","215280.7","6823.3","85.4","215280.7 DPS","","Perfected Null Arca Helmet (Perfected Slivers of the Null Arca)","Perfected Null Arca Jack (Perfected Slivers of the Null Arca)","Zaan Epaulets (Zaan)","Perfected Null Arca Bracers (Perfected Slivers of the Null Arca)","","Perfected Null Arca Guards (Perfected Slivers of the Null Arca)","Perfected Null Arca Boots (Perfected Slivers of the Null Arca)","","Aegis Caller's Ring (Aegis Caller)","Aegis Caller's Ring (Aegis Caller)","Aegis Caller's Dagger (Aegis Caller)","Aegis Caller's Dagger (Aegis Caller)","The Maelstrom's Perfected Greatsword (Perfected Merciless Charge)"," ()","Tentacular Dread","Escalating Runeblades","Relentless Focus","Killer's Blade","Quick Cloak","Incapacitating Strike","Stampede","Venomous Claw","Flames of Oblivion","Inspired Scholarship","Molten Whip","Standard of Might"
"Kyne's Aegis","Lord Falgravn","https://www.esologs.com/reports/NcrZkx3ntjYLvQPy#fight=59&type=summary&source=8","@maybe_brandon","Malicious Intentacles","ardent-ass-herald-aegis-caller-perfected-slivers-of-the-null-arca","dps","Ardent","Ass","Herald","Perfected Slivers of the Null Arca","Aegis Caller","189354.3","7376.5","81.9","189354.3 DPS","","Slimecraw Mask (Slimecraw)","Perfected Null Arca Jack (Perfected Slivers of the Null Arca)","Perfected Null Arca Arm Cops (Perfected Slivers of the Null Arca)","Aegis Caller's Bracers (Aegis Caller)","","Perfected Null Arca Guards (Perfected Slivers of the Null Arca)","Aegis Caller's Boots (Aegis Caller)","","Perfected Null Arca Ring (Perfected Slivers of the Null Arca)","Perfected Null Arca Ring (Perfected Slivers of the Null Arca)","Aegis Caller's Dagger (Aegis Caller)","Aegis Caller's Dagger (Aegis Caller)","The Maelstrom's Perfected Greatsword (Perfected Merciless Charge)"," ()","Escalating Runeblades","Tentacular Dread","Relentless Focus","Killer's Blade","Banner Bearer","Incapacitating Strike","Stampede","Venomous Claw","Flames of Oblivion","Inspired Scholarship","Banner Bearer","Standard of Might"
"Kyne's Aegis","Lord Falgravn","https://www.esologs.com/reports/NcrZkx3ntjYLvQPy#fight=59&type=summary&source=5","@Foolebuilt","hentcanist","ardent-ass-herald-aegis-caller-perfected-slivers-of-the-null-arca","dps","Ardent","Ass","Herald","Perfected Slivers of the Null Arca","Aegis Caller","204952.3","8747.1","89.5","204952.3 DPS","","Slimecraw Mask (Slimecraw)","Perfected Null Arca Jack (Perfected Slivers of the Null Arca)","Perfected Null Arca Arm Cops (Perfected Slivers of the Null Arca)","Perfected Null Arca Bracers (Perfected Slivers of the Null Arca)","","Perfected Null Arca Guards (Perfected Slivers of the Null Arca)","Aegis Caller's Boots (Aegis Caller)","","Aegis Caller's Ring (Aegis Caller)","Aegis Caller's Ring (Aegis Caller)","Aegis Caller's Dagger (Aegis Caller)","Aegis Caller's Dagger (Aegis Caller)","The Maelstrom's Perfected Greatsword (Perfected Merciless Charge)"," ()","Tentacular Dread","Quick Cloak","Escalating Runeblades","Killer's Blade","Relentless Focus","Incapacitating Strike","Stampede","Venomous Claw","Molten Whip","Inspired Scholarship","Flames of Oblivion","Standard of Might"
"Kyne's Aegis","Lord Falgravn","https://www.esologs.com/reports/NcrZkx3ntjYLvQPy#fight=59&type=summary&source=4","@God'sGifttoGaming","Dreaming and Beaming","ardent-ass-herald-aegis-caller-perfected-slivers-of-the-null-arca","dps","Ardent","Ass","Herald","Perfected Slivers of the Null Arca","Aegis Caller","211009.4","8013.7","93.7","211009.4 DPS","","Slimecraw Mask (Slimecraw)","Perfected Null Arca Jack (Perfected Slivers of the Null Arca)","Aegis Caller's Arm Cops (Aegis Caller)","Perfected Null Arca Bracers (Perfected Slivers of the Null Arca)","","Perfected Null Arca Guards (Perfected Slivers of the Null Arca)","Perfected Null Arca Boots (Perfected Slivers of the Null Arca)","","Aegis Caller's Ring (Aegis Caller)","Aegis Caller's Ring (Aegis Caller)","Aegis Caller's Dagger (Aegis Caller)","Aegis Caller's Dagger (Aegis Caller)","The Maelstrom's Perfected Greatsword (Perfected Merciless Charge)"," ()","Quick Cloak","Tentacular Dread","Escalating Runeblades","Killer's Blade","Relentless Focus","Incapacitating Strike","Venomous Claw","Stampede","Molten Whip","Inspired Scholarship","Flames of Oblivion","Standard of Might"
"Kyne's Aegis","Lord Falgravn","https://www.esologs.com/reports/NcrZkx3ntjYLvQPy#fight=59&type=summary&source=7","@tanner.k","Kąrs","ardent-ass-herald-aegis-caller-perfected-slivers-of-the-null-arca","dps","Ardent","Ass","Herald","Perfected Slivers of the Null Arca","Aegis Caller","217325.2","9384.1","93.7","217325.2 DPS","The Thief","Slimecraw Mask (Slimecraw)","Perfected Null Arca Jack (Perfected Slivers of the Null Arca)","Aegis Caller's Arm Cops (Aegis Caller)","Perfected Null Arca Bracers (Perfected Slivers of the Null Arca)","","Perfected Null Arca Guards (Perfected Slivers of the Null Arca)","Perfected Null Arca Boots (Perfected Slivers of the Null Arca)","","Aegis Caller's Ring (Aegis Caller)","Aegis Caller's Ring (Aegis Caller)","Aegis Caller's Dagger (Aegis Caller)","Aegis Caller's Dagger (Aegis Caller)","The Maelstrom's Perfected Greatsword (Perfected Merciless Charge)"," ()","Tentacular Dread","Escalating Runeblades","Relentless Focus","Quick Cloak","Killer's Blade","Incapacitating Strike","Stampede","Fulminating Rune","Inspired Scholarship","Flames of Oblivion","Venomous Claw","Standard of Might"
"Kyne's Aegis","Lord Falgravn","https://www.esologs.com/reports/NcrZkx3ntjYLvQPy#fight=59&type=summary&source=6","@ickypiggy","Anahità","ardent-ass-herald-aegis-caller-perfected-slivers-of-the-null-arca","dps","Ardent","Ass","Herald","Perfected Slivers of the Null Arca","Aegis Caller","188027.2","7891.9","70.8","188027.2 DPS","","Perfected Null Arca Helmet (Perfected Slivers of the Null Arca)","Perfected Null Arca Jack (Perfected Slivers of the Null Arca)","Slimecraw Arm Cops (Slimecraw)","Perfected Null Arca Bracers (Perfected Slivers of the Null Arca)","","Perfected Null Arca Guards (Perfected Slivers of the Null Arca)","Perfected Null Arca Boots (Perfected Slivers of the Null Arca)","","Aegis Caller's Ring (Aegis Caller)","Aegis Caller's Ring (Aegis Caller)","Aegis Caller's Dagger (Aegis Caller)","Aegis Caller's Dagger (Aegis Caller)","The Maelstrom's Perfected Greatsword (Perfected Merciless Charge)"," ()","Escalating Runeblades","Tentacular Dread","Killer's Blade","Relentless Focus","Quick Cloak","Incapacitating Strike","Stampede","Molten Whip","Venomous Claw","Flames of Oblivion","Inspired Scholarship","Standard of Might"
"Kyne's Aegis","Lord Falgravn","https://www.esologs.com/reports/NcrZkx3ntjYLvQPy#fight=59&type=summary&source=9","@f.rags","Game Hard Me Bad","ardent-ass-herald-aegis-caller-perfected-slivers-of-the-null-arca","dps","Ardent","Ass","Herald","Perfected Slivers of the Null Arca","Aegis Caller","212199.1","10916.1","87.2","212199.1 DPS","","Slimecraw Mask (Slimecraw)","Perfected Null Arca Jack (Perfected Slivers of the Null Arca)","Perfected Null Arca Arm Cops (Perfected Slivers of the Null Arca)","Perfected Null Arca Bracers (Perfected Slivers of the Null Arca)","","Perfected Null Arca Guards (Perfected Slivers of the Null Arca)","Aegis Caller's Boots (Aegis Caller)","","Aegis Caller's Ring (Aegis Caller)","Aegis Caller's Ring (Aegis Caller)","Aegis Caller's Dagger (Aegis Caller)","Aegis Caller's Dagger (Aegis Caller)","The Maelstrom's Greatsword (Merciless Charge)"," ()","Escalating Runeblades","Quick Cloak","Killer's Blade","Relentless Focus","Tentacular Dread","Incapacitating Strike","Inspired Scholarship","Molten Whip","Venomous Claw","Flames of Oblivion","Stampede","Standard of Might"
"Kyne's Aegis","Lord Falgravn","https://www.esologs.com/reports/NcrZkx3ntjYLvQPy#fight=59&type=summary&source=11","@God'sGifttoGaming","Dreaming and Beaming","ardent-ass-herald-aegis-caller-perfected-slivers-of-the-null-arca","dps","Ardent","Ass","Herald","Perfected Slivers of the Null Arca","Aegis Caller","207474.7","10053.2","89.4","207474.7 DPS","","Slimecraw Mask (Slimecraw)","Perfected Null Arca Jack (Perfected Slivers of the Null Arca)","Aegis Caller's Arm Cops (Aegis Caller)","Perfected Null Arca Bracers (Perfected Slivers of the Null Arca)","","Perfected Null Arca Guards (Perfected Slivers of the Null Arca)","Perfected Null Arca Boots (Perfected Slivers of the Null Arca)","","Aegis Caller's Ring (Aegis Caller)","Aegis Caller's Ring (Aegis Caller)","Aegis Caller's Dagger (Aegis Caller)","Aegis Caller's Dagger (Aegis Caller)","The Maelstrom's Perfected Greatsword (Perfected Merciless Charge)"," ()","Quick Cloak","Tentacular Dread","Escalating Runeblades","Killer's Blade","Relentless Focus","Incapacitating Strike","Venomous Claw","Stampede","Fulminating Rune","Inspired Scholarship","Flames of Oblivion","Standard of Might"
"Kyne's Aegis","Lord Falgravn","https://www.esologs.com/reports/NcrZkx3ntjYLvQPy#fight=59&type=summary&source=12","@EstarossaOfHate","Velmor Of Vvardenfell","ardent-ass-herald-aegis-caller-perfected-slivers-of-the-null-arca","dps","Ardent","Ass","Herald","Perfected Slivers of the Null Arca","Aegis Caller","187397.4","6916.1","87.4","187397.4 DPS","","Slimecraw Mask (Slimecraw)","Perfected Null Arca Jack (Perfected Slivers of the Null Arca)","Aegis Caller's Arm Cops (Aegis Caller)","Perfected Null Arca Bracers (Perfected Slivers of the Null Arca)","","Perfected Null Arca Guards (Perfected Slivers of the Null Arca)","Perfected Null Arca Boots (Perfected Slivers of the Null Arca)","","Aegis Caller's Ring (Aegis Caller)","Aegis Caller's Ring (Aegis Caller)","Aegis Caller's Dagger (Aegis Caller)","Aegis Caller's Dagger (Aegis Caller)","The Maelstrom's Perfected Greatsword (Perfected Merciless Charge)"," ()","Tentacular Dread","Escalating Runeblades","Killer's Blade","Quick Cloak","Relentless Focus","Incapacitating Strike","Flames of Oblivion","Stampede","Molten Whip","Inspired Scholarship","Venomous Claw","Standard of Might"
"Kyne's Aegis","Lord Falgravn","https://www.esologs.com/reports/NcrZkx3ntjYLvQPy#fight=59&type=summary&source=5","@Gopher07","Dase Trolleri","ardent-ass-herald-aegis-caller-perfected-slivers-of-the-null-arca","dps","Ardent","Ass","Herald","Perfected Slivers of the Null Arca","Aegis Caller","200531.6","7897.6","86.9","200531.6 DPS","","Perfected Null Arca Helmet (Perfected Slivers of the Null Arca)","Perfected Null Arca Jack (Perfected Slivers of the Null Arca)","Slimecraw Epaulets (Slimecraw)","Aegis Caller's Bracers (Aegis Caller)","","Perfected Null Arca Guards (Perfected Slivers of the Null Arca)","Perfected Null Arca Boots (Perfected Slivers of the Null Arca)","","Aegis Caller's Ring (Aegis Caller)","Aegis Caller's Ring (Aegis Caller)","Aegis Caller's Dagger (Aegis Caller)","Aegis Caller's Dagger (Aegis Caller)","The Maelstrom's Perfected Greatsword (Perfected Merciless Charge)"," ()","Quick Cloak","Tentacular Dread","Escalating Runeblades","Killer's Blade","Relentless Focus","Incapacitating Strike","Inspired Scholarship","Stampede","Flames of Oblivion","Molten Whip","Venomous Claw","Standard of Might"
"Kyne's Aegis","Lord Falgravn","https://www.esologs.com/reports/NcrZkx3ntjYLvQPy#fight=59&type=summary&source=3","@A234Ri12","Barrius Teriani","ardent-ass-herald-aegis-caller-perfected-slivers-of-the-null-arca","dps","Ardent","Ass","Herald","Aegis Caller","Perfected Slivers of the Null Arca","169477.4","7554.9","83.3","169477.4 DPS","","Slimecraw Guise (Slimecraw)","Aegis Caller's Jack (Aegis Caller)","Perfected Null Arca Arm Cops (Perfected Slivers of the Null Arca)","Perfected Null Arca Bracers (Perfected Slivers of the Null Arca)","","Perfected Null Arca Guards (Perfected Slivers of the Null Arca)","Perfected Null Arca Boots (Perfected Slivers of the Null Arca)","","Aegis Caller's Ring (Aegis Caller)","Aegis Caller's Ring (Aegis Caller)","Aegis Caller's Dagger (Aegis Caller)","Aegis Caller's Dagger (Aegis Caller)","The Maelstrom's Perfected Greatsword (Perfected Merciless Charge)"," ()","Quick Cloak","Tentacular Dread","Escalating Runeblades","Relentless Focus","Killer's Blade","Soul Harvest","Stampede","Inspired Scholarship","Flames of Oblivion","Venomous Claw","Molten Whip","Standard of Might"
"Kyne's Aegis","Lord Falgravn","https://www.esologs.com/reports/NcrZkx3ntjYLvQPy#fight=59&type=summary&source=7","@ar2r_papian","Here Can Be Your Ads","ardent-ass-herald-aegis-caller-perfected-slivers-of-the-null-arca","dps","Ardent","Ass","Herald","Perfected Slivers of the Null Arca","Aegis Caller","191127.7","6546.5","90.9","191127.7 DPS","","Slimecraw Mask (Slimecraw)","Perfected Null Arca Jack (Perfected Slivers of the Null Arca)","Aegis Caller's Arm Cops (Aegis Caller)","Perfected Null Arca Bracers (Perfected Slivers of the Null Arca)","","Perfected Null Arca Guards (Perfected Slivers of the Null Arca)","Perfected Null Arca Boots (Perfected Slivers of the Null Arca)","","Aegis Caller's Ring (Aegis Caller)","Aegis Caller's Ring (Aegis Caller)","Aegis Caller's Dagger (Aegis Caller)","Aegis Caller's Dagger (Aegis Caller)","The Maelstrom's Perfected Greatsword (Perfected Merciless Charge)"," ()","Relentless Focus","Tentacular Dread","Escalating Runeblades","Quick Cloak","Killer's Blade","Incapacitating Strike","Stampede","Venomous Claw","Flames of Oblivion","Inspired Scholarship","Molten Whip","Standard of Might"
"Kyne's Aegis","Lord Falgravn","https://www.esologs.com/reports/NcrZkx3ntjYLvQPy#fight=59&type=summary&source=10","@Alcadeios","Renareth Mora","ardent-ass-herald-aegis-caller-perfected-slivers-of-the-null-arca","dps","Ardent","Ass","Herald","Aegis Caller","Perfected Slivers of the Null Arca","193487.0","7358.3","85.4","193487.0 DPS","","Aegis Caller's Helmet (Aegis Caller)","Perfected Null Arca Jack (Perfected Slivers of the Null Arca)","Slimecraw Arm Cops (Slimecraw)","Perfected Null Arca Bracers (Perfected Slivers of the Null Arca)","","Perfected Null Arca Guards (Perfected Slivers of the Null Arca)","Perfected Null Arca Boots (Perfected Slivers of the Null Arca)","","Aegis Caller's Ring (Aegis Caller)","Aegis Caller's Ring (Aegis Caller)","Aegis Caller's Dagger (Aegis Caller)","Aegis Caller's Dagger (Aegis Caller)","The Maelstrom's Perfected Greatsword (Perfected Merciless Charge)"," ()","Escalating Runeblades","Killer's Blade","Relentless Focus","Tentacular Dread","Quick Cloak","Soul Harvest","Flames of Oblivion","Stampede","Venomous Claw","Inspired Scholarship","Molten Whip","Standard of Might"
"Kyne's Aegis","Lord Falgravn","https://www.esologs.com/reports/NcrZkx3ntjYLvQPy#fight=59&type=summary&source=5","@sf.grim","Grim Focus","ardent-ass-herald-aegis-caller-perfected-slivers-of-the-null-arca","dps","Ardent","Ass","Herald","Perfected Slivers of the Null Arca","Aegis Caller","177650.5","7698.6","88.9","177650.5 DPS","","Slimecraw Guise (Slimecraw)","Perfected Null Arca Jack (Perfected Slivers of the Null Arca)","Perfected Null Arca Arm Cops (Perfected Slivers of the Null Arca)","Perfected Null Arca Bracers (Perfected Slivers of the Null Arca)","","Perfected Null Arca Guards (Perfected Slivers of the Null Arca)","Perfected Null Arca Boots (Perfected Slivers of the Null Arca)","","Aegis Caller's Ring (Aegis Caller)","Aegis Caller's Ring (Aegis Caller)","Aegis Caller's Dagger (Aegis Caller)","Aegis Caller's Dagger (Aegis Caller)","The Maelstrom's Perfected Greatsword (Perfected Merciless Charge)"," ()","Escalating Runeblades","Quick Cloak","Tentacular Dread","Killer's Blade","Relentless Focus","Incapacitating Strike","Inspired Scholarship","Flames of Oblivion","Molten Whip","Venomous Claw","Stampede","Standard of Might"
"Kyne's Aegis","Lord Falgravn","https://www.esologs.com/reports/NcrZkx3ntjYLvQPy#fight=59&type=summary&source=6","@AmpEBK","Long-Tent Style","ardent-ass-herald-aegis-caller-perfected-slivers-of-the-null-arca","dps","Ardent","Ass","Herald","Aegis Caller","Perfected Slivers of the Null Arca","138750.6","6172.1","75.1","138750.6 DPS","","Slimecraw Guise (Slimecraw)","Aegis Caller's Jack (Aegis Caller)","Perfected Null Arca Arm Cops (Perfected Slivers of the Null Arca)","Perfected Null Arca Bracers (Perfected Slivers of the Null Arca)","","Perfected Null Arca Guards (Perfected Slivers of the Null Arca)","Perfected Null Arca Boots (Perfected Slivers of the Null Arca)","","Aegis Caller's Ring (Aegis Caller)","Aegis Caller's Ring (Aegis Caller)","Aegis Caller's Dagger (Aegis Caller)","Aegis Caller's Dagger (Aegis Caller)","The Maelstrom's Perfected Greatsword (Perfected Merciless Charge)"," ()","Quick Cloak","Tentacular Dread","Escalating Runeblades","Relentless Focus","Killer's Blade","Incapacitating Strike","Molten Whip","Flames of Oblivion","Venomous Claw","Inspired Scholarship","Stampede","Standard of Might"
"Kyne's Aegis","Lord Falgravn","https://www.esologs.com/reports/NcrZkx3ntjYLvQPy#fight=59&type=summary&source=15","@Danielknight96","Lavinia Dunwich","ardent-ass-herald-aegis-caller-perfected-slivers-of-the-null-arca","dps","Ardent","Ass","Herald","Perfected Slivers of the Null Arca","Aegis Caller","133288.4","11467.6","69.6","133288.4 DPS","","Slimecraw Mask (Slimecraw)","Perfected Null Arca Jack (Perfected Slivers of the Null Arca)","Aegis Caller's Arm Cops (Aegis Caller)","Perfected Null Arca Bracers (Perfected Slivers of the Null Arca)","","Perfected Null Arca Guards (Perfected Slivers of the Null Arca)","Perfected Null Arca Boots (Perfected Slivers of the Null Arca)","","Aegis Caller's Ring (Aegis Caller)","Aegis Caller's Ring (Aegis Caller)","Aegis Caller's Dagger (Aegis Caller)","Aegis Caller's Dagger (Aegis Caller)","The Maelstrom's Perfected Greatsword (Perfected Merciless Charge)"," ()","Killer's Blade","Tentacular Dread","Escalating Runeblades","Relentless Focus","Camouflaged Hunter","Incapacitating Strike","Stampede","Flames of Oblivion","Venomous Claw","Inspired Scholarship","Molten Whip","Standard of Might"
"Kyne's Aegis","Lord Falgravn","https://www.esologs.com/reports/NcrZkx3ntjYLvQPy#fight=59&type=summary&source=5","@IItsSquidgyI","I Cant Spakee","ardent-ass-herald-aegis-caller-perfected-slivers-of-the-null-arca","dps","Ardent","Ass","Herald","Aegis Caller","Perfected Slivers of the Null Arca","142303.0","9435.9","63.4","142303.0 DPS","","Aegis Caller's Helmet (Aegis Caller)","Aegis Caller's Jack (Aegis Caller)","Slimecraw Epaulets (Slimecraw)","Aegis Caller's Bracers (Aegis Caller)","","Null Arca Guards (Slivers of the Null Arca)","Perfected Null Arca Boots (Perfected Slivers of the Null Arca)","","Null Arca Ring (Slivers of the Null Arca)","Null Arca Ring (Slivers of the Null Arca)","Aegis Caller's Dagger (Aegis Caller)","Aegis Caller's Dagger (Aegis Caller)","The Maelstrom's Perfected Greatsword (Perfected Merciless Charge)"," ()","Tentacular Dread","Escalating Runeblades","Quick Cloak","Killer's Blade","Merciless Resolve","Incapacitating Strike","Stampede","Venomous Claw","Molten Whip","Flames of Oblivion","Inspired Scholarship","Standard of Might"
"Kyne's Aegis","Lord Falgravn","https://www.esologs.com/reports/NcrZkx3ntjYLvQPy#fight=59&type=summary&source=5","@Maxi_oKs","Easy-Tank-oks","ardent-ass-herald-aegis-caller-perfected-slivers-of-the-null-arca","dps","Ardent","Ass","Herald","Perfected Slivers of the Null Arca","Aegis Caller","139718.9","10697.2","73.7","139718.9 DPS","","Slimecraw Guise (Slimecraw)","Perfected Null Arca Jack (Perfected Slivers of the Null Arca)","Aegis Caller's Arm Cops (Aegis Caller)","Perfected Null Arca Bracers (Perfected Slivers of the Null Arca)","","Perfected Null Arca Guards (Perfected Slivers of the Null Arca)","Perfected Null Arca Boots (Perfected Slivers of the Null Arca)","","Aegis Caller's Ring (Aegis Caller)","Aegis Caller's Ring (Aegis Caller)","Aegis Caller's Dagger (Aegis Caller)","Aegis Caller's Dagger (Aegis Caller)","The Maelstrom's Greatsword (Merciless Charge)"," ()","Killer's Blade","Escalating Runeblades","Tentacular Dread","Quick Cloak","Relentless Focus","Incapacitating Strike","Stampede","Venomous Claw","Inspired Scholarship","Flames of Oblivion","Molten Whip","Standard of Might"
"Kyne's Aegis","Lord Falgravn","https://www.esologs.com/reports/NcrZkx3ntjYLvQPy#fight=59&type=summary&source=218","@TheElusiveBread","Arch'nist","ardent-ass-herald-aegis-caller-perfected-slivers-of-the-null-arca","dps","Ardent","Ass","Herald","Perfected Slivers of the Null Arca","Aegis Caller","122440.2","6474.3","60.3","122440.2 DPS","","Slimecraw Guise (Slimecraw)","Perfected Null Arca Jack (Perfected Slivers of the Null Arca)","Aegis Caller's Arm Cops (Aegis Caller)","Perfected Null Arca Bracers (Perfected Slivers of the Null Arca)","","Perfected Null Arca Guards (Perfected Slivers of the Null Arca)","Perfected Null Arca Boots (Perfected Slivers of the Null Arca)","","Aegis Caller's Ring (Aegis Caller)","Aegis Caller's Ring (Aegis Caller)","Aegis Caller's Dagger (Aegis Caller)","Aegis Caller's Dagger (Aegis Caller)","The Maelstrom's Perfected Greatsword (Perfected Merciless Charge)"," ()","Escalating Runeblades","Tentacular Dread","Quick Cloak","Killer's Blade","Relentless Focus","Incapacitating Strike","Venomous Claw","Stampede","Inspired Scholarship","Flames of Oblivion","Molten Whip","Standard of Might"
"Kyne's Aegis","Lord Falgravn","https://www.esologs.com/reports/NcrZkx3ntjYLvQPy#fight=59&type=summary&source=217","@Prxvokedlegend","The Arc Reactor","ardent-ass-herald-aegis-caller-perfected-slivers-of-the-null-arca","dps","Ardent","Ass","Herald","Perfected Slivers of the Null Arca","Aegis Caller","129835.3","6392.8","75.0","129835.3 DPS","","Slimecraw Guise (Slimecraw)","Perfected Null Arca Jack (Perfected Slivers of the Null Arca)","Aegis Caller's Arm Cops (Aegis Caller)","Perfected Null Arca Bracers (Perfected Slivers of the Null Arca)","","Perfected Null Arca Guards (Perfected Slivers of the Null Arca)","Perfected Null Arca Boots (Perfected Slivers of the Null Arca)","","Aegis Caller's Ring (Aegis Caller)","Aegis Caller's Ring (Aegis Caller)","Aegis Caller's Dagger (Aegis Caller)","Aegis Caller's Dagger (Aegis Caller)","The Maelstrom's Greatsword (Merciless Charge)"," ()","Quick Cloak","Tentacular Dread","Relentless Focus","Escalating Runeblades","Killer's Blade","Incapacitating Strike","Fulminating Rune","Stampede","Venomous Claw","Inspired Scholarship","Flames of Oblivion","Standard of Might"
"Kyne's Aegis","Lord Falgravn","https://www.esologs.com/reports/NcrZkx3ntjYLvQPy#fight=59&type=summary&source=6","@AmpEBK","Long-Tent Style","ardent-ass-herald-aegis-caller-perfected-slivers-of-the-null-arca","dps","Ardent","Ass","Herald","Aegis Caller","Perfected Slivers of the Null Arca","139642.8","6418.2","73.9","139642.8 DPS","","Slimecraw Guise (Slimecraw)","Aegis Caller's Jack (Aegis Caller)","Perfected Null Arca Arm Cops (Perfected Slivers of the Null Arca)","Perfected Null Arca Bracers (Perfected Slivers of the Null Arca)","","Perfected Null Arca Guards (Perfected Slivers of the Null Arca)","Perfected Null Arca Boots (Perfected Slivers of the Null Arca)","","Aegis Caller's Ring (Aegis Caller)","Aegis Caller's Ring (Aegis Caller)","Aegis Caller's Dagger (Aegis Caller)","Aegis Caller's Dagger (Aegis Caller)","The Maelstrom's Perfected Greatsword (Perfected Merciless Charge)"," ()","Quick Cloak","Tentacular Dread","Escalating Runeblades","Relentless Focus","Killer's Blade","Incapacitating Strike","Fulminating Rune","Flames of Oblivion","Venomous Claw","Inspired Scholarship","Stampede","Standard of Might"
"Kyne's Aegis","Lord Falgravn","https://www.esologs.com/reports/NcrZkx3ntjYLvQPy#fight=59&type=summary&source=4","@R4tPr1nce","Llythren","ardent-ass-herald-aegis-caller-perfected-slivers-of-the-null-arca","dps","Ardent","Ass","Herald","Perfected Slivers of the Null Arca","Aegis Caller","146026.9","11400.5","71.2","146026.9 DPS","","Zaan Guise (Zaan)","Perfected Null Arca Jack (Perfected Slivers of the Null Arca)","Aegis Caller's Arm Cops (Aegis Caller)","Perfected Null Arca Bracers (Perfected Slivers of the Null Arca)","","Perfected Null Arca Guards (Perfected Slivers of the Null Arca)","Perfected Null Arca Boots (Perfected Slivers of the Null Arca)","","Aegis Caller's Ring (Aegis Caller)","Aegis Caller's Ring (Aegis Caller)","Aegis Caller's Dagger (Aegis Caller)","Aegis Caller's Dagger (Aegis Caller)","The Maelstrom's Perfected Greatsword (Perfected Merciless Charge)"," ()","Relentless Focus","Tentacular Dread","Escalating Runeblades","Killer's Blade","Quick Cloak","Incapacitating Strike","Stampede","Venomous Claw","Inspired Scholarship","Molten Whip","Flames of Oblivion","Standard of Might"
"Kyne's Aegis","Lord Falgravn","https://www.esologs.com/reports/NcrZkx3ntjYLvQPy#fight=59&type=summary&source=9","@xZuga","Zugá","ardent-ass-herald-aegis-caller-perfected-slivers-of-the-null-arca","dps","Ardent","Ass","Herald","Perfected Slivers of the Null Arca","Aegis Caller","158737.7","9249.9","70.8","158737.7 DPS","","Slimecraw Guise (Slimecraw)","Perfected Null Arca Jack (Perfected Slivers of the Null Arca)","Perfected Null Arca Arm Cops (Perfected Slivers of the Null Arca)","Aegis Caller's Bracers (Aegis Caller)","","Perfected Null Arca Guards (Perfected Slivers of the Null Arca)","Perfected Null Arca Boots (Perfected Slivers of the Null Arca)","","Aegis Caller's Ring (Aegis Caller)","Aegis Caller's Ring (Aegis Caller)","Aegis Caller's Dagger (Aegis Caller)","Aegis Caller's Dagger (Aegis Caller)","The Maelstrom's Perfected Greatsword (Perfected Merciless Charge)"," ()","Escalating Runeblades","Quick Cloak","Killer's Blade","Relentless Focus","Tentacular Dread","Incapacitating Strike","Stampede","Inspired Scholarship","Venomous Claw","Molten Whip","Flames of Oblivion","Standard of Might"
"Kyne's Aegis","Lord Falgravn","https://www.esologs.com/reports/NcrZkx3ntjYLvQPy#fight=59&type=summary&source=6","@Vanoumenou","Némésïs","ardent-ass-herald-aegis-caller-perfected-slivers-of-the-null-arca","dps","Ardent","Ass","Herald","Perfected Slivers of the Null Arca","Aegis Caller","121976.9","11732.3","43.8","121976.9 DPS","","Slimecraw Mask (Slimecraw)","Perfected Null Arca Jack (Perfected Slivers of the Null Arca)","Aegis Caller's Arm Cops (Aegis Caller)","Perfected Null Arca Bracers (Perfected Slivers of the Null Arca)","","Perfected Null Arca Guards (Perfected Slivers of the Null Arca)","Perfected Null Arca Boots (Perfected Slivers of the Null Arca)","","Aegis Caller's Ring (Aegis Caller)","Aegis Caller's Ring (Aegis Caller)","Aegis Caller's Dagger (Aegis Caller)","Aegis Caller's Dagger (Aegis Caller)","The Maelstrom's Perfected Greatsword (Perfected Merciless Charge)"," ()","Quick Cloak","Killer's Blade","Tentacular Dread","Escalating Runeblades","Relentless Focus","Incapacitating Strike","Stampede","Flames of Oblivion","Venomous Claw","Inspired Scholarship","Fulminating Rune","Standard of Might"
"Kyne's Aegis","Lord Falgravn","https://www.esologs.com/reports/NcrZkx3ntjYLvQPy#fight=59&type=summary&source=10","@Wheskedow","Lil-Tite-Peau","ardent-ass-herald-aegis-caller-perfected-slivers-of-the-null-arca","dps","Ardent","Ass","Herald","Aegis Caller","Perfected Slivers of the Null Arca","150649.6","9642.5","78.2","150649.6 DPS","","Slimecraw Mask (Slimecraw)","Aegis Caller's Jack (Aegis Caller)","Perfected Null Arca Arm Cops (Perfected Slivers of the Null Arca)","Perfected Null Arca Bracers (Perfected Slivers of the Null Arca)","","Aegis Caller's Guards (Aegis Caller)","Aegis Caller's Boots (Aegis Caller)","","Perfected Null Arca Ring (Perfected Slivers of the Null Arca)","Perfected Null Arca Ring (Perfected Slivers of the Null Arca)","Aegis Caller's Dagger (Aegis Caller)","Aegis Caller's Dagger (Aegis Caller)","The Maelstrom's Perfected Greatsword (Perfected Merciless Charge)"," ()","Escalating Runeblades","Tentacular Dread","Fulminating Rune","Killer's Blade","Relentless Focus","Soul Harvest","Molten Whip","Stampede","Flames of Oblivion","Venomous Claw","Inspired Scholarship","Standard of Might"
"Kyne's Aegis","Lord Falgravn","https://www.esologs.com/reports/f9XwPTmn2apGc3ZR#fight=74&type=summary&source=14","@JoeTotale","Eu Spy","ardent-ass-herald-perfected-slivers-of-the-null-arca-tide-born-wildstalker","dps","Ardent","Ass","Herald","Tide-Born Wildstalker","Perfected Slivers of the Null Arca","206280.4","9689.9","89.1","206280.4 DPS","The Thief","Slimecraw Mask (Slimecraw)","Tide-Born Jack (Tide-Born Wildstalker)","Tide-Born Arm Cops (Tide-Born Wildstalker)","Tide-Born Bracers (Tide-Born Wildstalker)","","Perfected Null Arca Guards (Perfected Slivers of the Null Arca)","Tide-Born Boots (Tide-Born Wildstalker)","","Perfected Null Arca Ring (Perfected Slivers of the Null Arca)","Perfected Null Arca Ring (Perfected Slivers of the Null Arca)","Perfected Null Arca Dagger (Perfected Slivers of the Null Arca)","Perfected Null Arca Dagger (Perfected Slivers of the Null Arca)","The Maelstrom's Greatsword (Merciless Charge)"," ()","Escalating Runeblades","Relentless Focus","Tentacular Dread","Killer's Blade","Shocking Banner (Cavalier's Charge / Courage)","Incapacitating Strike","Stampede","Flames of Oblivion","Inspired Scholarship","Venomous Claw","Shocking Banner (Cavalier's Charge / Courage)","Standard of Might"
"Kyne's Aegis","Lord Falgravn","https://www.esologs.com/reports/f9XwPTmn2apGc3ZR#fight=74&type=summary&source=8","@ChiLLOutZ808","Vettel von Verzettelt","ardent-ass-herald-perfected-slivers-of-the-null-arca-tide-born-wildstalker","dps","Ardent","Ass","Herald","Tide-Born Wildstalker","Perfected Slivers of the Null Arca","144647.2","5329.2","35.5","144647.2 DPS","","Tide-Born Helmet (Tide-Born Wildstalker)","Perfected Null Arca Jack (Perfected Slivers of the Null Arca)","Slimecraw Epaulets (Slimecraw)","Perfected Null Arca Bracers (Perfected Slivers of the Null Arca)","","Perfected Null Arca Guards (Perfected Slivers of the Null Arca)","Perfected Null Arca Boots (Perfected Slivers of the Null Arca)","","Tide-Born Ring (Tide-Born Wildstalker)","Tide-Born Ring (Tide-Born Wildstalker)","Tide-Born Dagger (Tide-Born Wildstalker)","Tide-Born Dagger (Tide-Born Wildstalker)","The Maelstrom's Perfected Inferno Staff (Perfected Crushing Wall)"," ()","Cephaliarch's Flail","Quick Cloak","Pragmatic Fatecarver","Killer's Blade","Camouflaged Hunter","Incapacitating Strike","Molten Whip","Inspired Scholarship","Elemental Blockade","Venomous Claw","Flames of Oblivion","Standard of Might"
"Kyne's Aegis","Lord Falgravn","https://www.esologs.com/reports/f9XwPTmn2apGc3ZR#fight=74&type=summary&source=18","@Zorgslayer","Sabenthy'S","ardent-ass-herald-perfected-slivers-of-the-null-arca-tide-born-wildstalker","dps","Ardent","Ass","Herald","Perfected Slivers of the Null Arca","Tide-Born Wildstalker","126435.3","3007.9","35.3","126435.3 DPS","","Slimecraw Guise (Slimecraw)","Perfected Null Arca Jack (Perfected Slivers of the Null Arca)","Tide-Born Arm Cops (Tide-Born Wildstalker)","Perfected Null Arca Bracers (Perfected Slivers of the Null Arca)","","Perfected Null Arca Guards (Perfected Slivers of the Null Arca)","Perfected Null Arca Boots (Perfected Slivers of the Null Arca)","","Tide-Born Ring (Tide-Born Wildstalker)","Tide-Born Ring (Tide-Born Wildstalker)","Tide-Born Dagger (Tide-Born Wildstalker)","Tide-Born Dagger (Tide-Born Wildstalker)","The Maelstrom's Perfected Inferno Staff (Perfected Crushing Wall)"," ()","Barbed Trap","Killer's Blade","Pragmatic Fatecarver","Cephaliarch's Flail","Quick Cloak","Incapacitating Strike","Unstable Wall of Elements","Molten Whip","Inspired Scholarship","Venomous Claw","Flames of Oblivion","Standard of Might"
"Kyne's Aegis","Lord Falgravn","https://www.esologs.com/reports/f9XwPTmn2apGc3ZR#fight=74&type=summary&source=15","@Cajinia","Icajinia","ardent-ass-herald-perfected-slivers-of-the-null-arca-tide-born-wildstalker","dps","Ardent","Ass","Herald","Perfected Slivers of the Null Arca","Tide-Born Wildstalker","117582.1","5907.7","37.2","117582.1 DPS","","Slimecraw Mask (Slimecraw)","Perfected Null Arca Jack (Perfected Slivers of the Null Arca)","Tide-Born Epaulets (Tide-Born Wildstalker)","Perfected Null Arca Bracers (Perfected Slivers of the Null Arca)","","Perfected Null Arca Guards (Perfected Slivers of the Null Arca)","Perfected Null Arca Boots (Perfected Slivers of the Null Arca)","","Tide-Born Ring (Tide-Born Wildstalker)","Tide-Born Ring (Tide-Born Wildstalker)","Tide-Born Dagger (Tide-Born Wildstalker)","Tide-Born Dagger (Tide-Born Wildstalker)","The Maelstrom's Perfected Inferno Staff (Perfected Crushing Wall)"," ()","Cephaliarch's Flail","Pragmatic Fatecarver","Quick Cloak","Killer's Blade","Camouflaged Hunter","Incapacitating Strike","Flames of Oblivion","Elemental Blockade","Venomous Claw","Inspired Scholarship","Molten Whip","Standard of Might"
"Kyne's Aegis","Lord Falgravn","https://www.esologs.com/reports/f9XwPTmn2apGc3ZR#fight=74&type=summary&source=11","@bdbd3","Grom the Punch","ardent-ass-herald-perfected-slivers-of-the-null-arca-tide-born-wildstalker","dps","Ardent","Ass","Herald","Perfected Slivers of the Null Arca","Tide-Born Wildstalker","140322.2","7590.0","36.2","140322.2 DPS","","Perfected Null Arca Helmet (Perfected Slivers of the Null Arca)","Perfected Null Arca Jack (Perfected Slivers of the Null Arca)","Slimecraw Arm Cops (Slimecraw)","Tide-Born Bracers (Tide-Born Wildstalker)","","Perfected Null Arca Guards (Perfected Slivers of the Null Arca)","Perfected Null Arca Boots (Perfected Slivers of the Null Arca)","","Tide-Born Ring (Tide-Born Wildstalker)","Tide-Born Ring (Tide-Born Wildstalker)","Tide-Born Dagger (Tide-Born Wildstalker)","Tide-Born Dagger (Tide-Born Wildstalker)","The Maelstrom's Perfected Inferno Staff (Perfected Crushing Wall)"," ()","Cephaliarch's Flail","Pragmatic Fatecarver","Killer's Blade","Quick Cloak","Camouflaged Hunter","Incapacitating Strike","Inspired Scholarship","Flames of Oblivion","Elemental Blockade","Venomous Claw","Molten Whip","Standard of Might"
"Kyne's Aegis","Lord Falgravn","https://www.esologs.com/reports/f9XwPTmn2apGc3ZR#fight=74&type=summary&source=9","@Fs212","Vókul","ardent-ass-herald-perfected-slivers-of-the-null-arca-tide-born-wildstalker","dps","Ardent","Ass","Herald","Perfected Slivers of the Null Arca","Tide-Born Wildstalker","122637.6","3203.2","36.6","122637.6 DPS","","Zaan Mask (Zaan)","Perfected Null Arca Jack (Perfected Slivers of the Null Arca)","Perfected Null Arca Arm Cops (Perfected Slivers of the Null Arca)","Perfected Null Arca Bracers (Perfected Slivers of the Null Arca)","","Perfected Null Arca Guards (Perfected Slivers of the Null Arca)","Tide-Born Boots (Tide-Born Wildstalker)","","Tide-Born Ring (Tide-Born Wildstalker)","Tide-Born Ring (Tide-Born Wildstalker)","Tide-Born Dagger (Tide-Born Wildstalker)","Tide-Born Dagger (Tide-Born Wildstalker)","The Maelstrom's Inferno Staff (Crushing Wall)"," ()","Quick Cloak","Cephaliarch's Flail","Pragmatic Fatecarver","Killer's Blade","Camouflaged Hunter","Soul Harvest","Elemental Blockade","Flames of Oblivion","Inspired Scholarship","Venomous Claw","Molten Whip","Standard of Might"
"Kyne's Aegis","Lord Falgravn","https://www.esologs.com/reports/f9XwPTmn2apGc3ZR#fight=74&type=summary&source=1","@JohnnyTsunami1337","Unfugmacherin","ardent-ass-herald-perfected-slivers-of-the-null-arca-tide-born-wildstalker","dps","Ardent","Ass","Herald","Perfected Slivers of the Null Arca","Tide-Born Wildstalker","131900.5","5099.4","42.8","131900.5 DPS","","Slimecraw Guise (Slimecraw)","Perfected Null Arca Jack (Perfected Slivers of the Null Arca)","Tide-Born Arm Cops (Tide-Born Wildstalker)","Perfected Null Arca Bracers (Perfected Slivers of the Null Arca)","","Tide-Born Guards (Tide-Born Wildstalker)","Perfected Null Arca Boots (Perfected Slivers of the Null Arca)","","Perfected Null Arca Ring (Perfected Slivers of the Null Arca)","Perfected Null Arca Ring (Perfected Slivers of the Null Arca)","Tide-Born Dagger (Tide-Born Wildstalker)","Tide-Born Dagger (Tide-Born Wildstalker)","The Maelstrom's Perfected Inferno Staff (Perfected Crushing Wall)"," ()","Camouflaged Hunter","Quick Cloak","Cephaliarch's Flail","Pragmatic Fatecarver","Barbed Trap","Soul Harvest","Molten Whip","Flames of Oblivion","Inspired Scholarship","Elemental Blockade","Venomous Claw","Standard of Might"
"Kyne's Aegis","Lord Falgravn","https://www.esologs.com/reports/f9XwPTmn2apGc3ZR#fight=74&type=summary&source=7","@tomfant","Arcnfant","ardent-ass-herald-perfected-slivers-of-the-null-arca-tide-born-wildstalker","dps","Ardent","Ass","Herald","Perfected Slivers of the Null Arca","Tide-Born Wildstalker","128291.2","4854.0","41.2","128291.2 DPS","","Zaan Mask (Zaan)","Perfected Null Arca Jack (Perfected Slivers of the Null Arca)","Tide-Born Arm Cops (Tide-Born Wildstalker)","Tide-Born Bracers (Tide-Born Wildstalker)","","Tide-Born Guards (Tide-Born Wildstalker)","Perfected Null Arca Boots (Perfected Slivers of the Null Arca)","","Tide-Born Ring (Tide-Born Wildstalker)","Tide-Born Ring (Tide-Born Wildstalker)","Perfected Null Arca Dagger (Perfected Slivers of the Null Arca)","Perfected Null Arca Dagger (Perfected Slivers of the Null Arca)","The Maelstrom's Perfected Inferno Staff (Perfected Crushing Wall)"," ()","Cephaliarch's Flail","Pragmatic Fatecarver","Killer's Blade","Quick Cloak","Camouflaged Hunter","Incapacitating Strike","Elemental Blockade","Flames of Oblivion","Venomous Claw","Inspired Scholarship","Molten Whip","Standard of Might"
"Kyne's Aegis","Lord Falgravn","https://www.esologs.com/reports/f9XwPTmn2apGc3ZR#fight=74&type=summary&source=17","@JulianHunter","Màrk Stárk","ardent-ass-herald-perfected-slivers-of-the-null-arca-tide-born-wildstalker","dps","Ardent","Ass","Herald","Perfected Slivers of the Null Arca","Tide-Born Wildstalker","117114.3","8039.5","47.0","117114.3 DPS","","Slimecraw Guise (Slimecraw)","Perfected Null Arca Jack (Perfected Slivers of the Null Arca)","Tide-Born Arm Cops (Tide-Born Wildstalker)","Perfected Null Arca Bracers (Perfected Slivers of the Null Arca)","","Perfected Null Arca Guards (Perfected Slivers of the Null Arca)","Perfected Null Arca Boots (Perfected Slivers of the Null Arca)","","Tide-Born Ring (Tide-Born Wildstalker)","Tide-Born Ring (Tide-Born Wildstalker)","Tide-Born Dagger (Tide-Born Wildstalker)","Tide-Born Dagger (Tide-Born Wildstalker)","The Maelstrom's Perfected Inferno Staff (Perfected Crushing Wall)"," ()","Quick Cloak","Pragmatic Fatecarver","Cephaliarch's Flail","Killer's Blade","Camouflaged Hunter","Soul Harvest","Elemental Blockade","Venomous Claw","Molten Whip","Inspired Scholarship","Flames of Oblivion","Standard of Might"
"Kyne's Aegis","Lord Falgravn","https://www.esologs.com/reports/f9XwPTmn2apGc3ZR#fight=74&type=summary&source=16","@Shadowshintaro","Shadow-Tentacle or Mora","ardent-ass-herald-perfected-slivers-of-the-null-arca-tide-born-wildstalker","dps","Ardent","Ass","Herald","Tide-Born Wildstalker","Perfected Slivers of the Null Arca","125960.1","4848.3","45.2","125960.1 DPS","","Tide-Born Helmet (Tide-Born Wildstalker)","Perfected Null Arca Jack (Perfected Slivers of the Null Arca)","Slimecraw Epaulets (Slimecraw)","Perfected Null Arca Bracers (Perfected Slivers of the Null Arca)","","Perfected Null Arca Guards (Perfected Slivers of the Null Arca)","Perfected Null Arca Boots (Perfected Slivers of the Null Arca)","","Tide-Born Ring (Tide-Born Wildstalker)","Tide-Born Ring (Tide-Born Wildstalker)","Tide-Born Dagger (Tide-Born Wildstalker)","Tide-Born Dagger (Tide-Born Wildstalker)","The Maelstrom's Perfected Greatsword (Perfected Merciless Charge)"," ()","Cephaliarch's Flail","Killer's Blade","Pragmatic Fatecarver","Venomous Claw","Mystic Guard","Soul Harvest","Stampede","Inspired Scholarship","Flames of Oblivion","Molten Whip","Mystic Guard","Standard of Might"
"Kyne's Aegis","Lord Falgravn","https://www.esologs.com/reports/f9XwPTmn2apGc3ZR#fight=74&type=summary&source=12","@Mr.Quamfy","Suck Deez Crux","ardent-ass-herald-perfected-slivers-of-the-null-arca-tide-born-wildstalker","dps","Ardent","Ass","Herald","Perfected Slivers of the Null Arca","Tide-Born Wildstalker","113777.0","3903.4","42.5","113777.0 DPS","","Slimecraw Guise (Slimecraw)","Perfected Null Arca Jack (Perfected Slivers of the Null Arca)","Tide-Born Arm Cops (Tide-Born Wildstalker)","Perfected Null Arca Bracers (Perfected Slivers of the Null Arca)","","Perfected Null Arca Guards (Perfected Slivers of the Null Arca)","Perfected Null Arca Boots (Perfected Slivers of the Null Arca)","","Tide-Born Ring (Tide-Born Wildstalker)","Tide-Born Ring (Tide-Born Wildstalker)","Tide-Born Dagger (Tide-Born Wildstalker)","Tide-Born Dagger (Tide-Born Wildstalker)","The Maelstrom's Perfected Inferno Staff (Perfected Crushing Wall)"," ()","Pragmatic Fatecarver","Cephaliarch's Flail","Relentless Focus","Quick Cloak","Killer's Blade","Soul Harvest","Elemental Blockade","Flames of Oblivion","Venomous Claw","Inspired Scholarship","Molten Whip","Standard of Might"
"Kyne's Aegis","Lord Falgravn","https://www.esologs.com/reports/f9XwPTmn2apGc3ZR#fight=74&type=summary&source=11","@Anxileel","Salyni Fyr","ardent-ass-herald-perfected-slivers-of-the-null-arca-tide-born-wildstalker","dps","Ardent","Ass","Herald","Perfected Slivers of the Null Arca","Tide-Born Wildstalker","121385.5","8052.2","48.8","121385.5 DPS","","Slimecraw Guise (Slimecraw)","Perfected Null Arca Jack (Perfected Slivers of the Null Arca)","Tide-Born Arm Cops (Tide-Born Wildstalker)","Perfected Null Arca Bracers (Perfected Slivers of the Null Arca)","","Perfected Null Arca Guards (Perfected Slivers of the Null Arca)","Perfected Null Arca Boots (Perfected Slivers of the Null Arca)","","Tide-Born Ring (Tide-Born Wildstalker)","Tide-Born Ring (Tide-Born Wildstalker)","Tide-Born Dagger (Tide-Born Wildstalker)","Tide-Born Dagger (Tide-Born Wildstalker)","The Maelstrom's Perfected Inferno Staff (Perfected Crushing Wall)"," ()","Cephaliarch's Flail","Pragmatic Fatecarver","Killer's Blade","Quick Cloak","Banner Bearer","Incapacitating Strike","Elemental Blockade","Flames of Oblivion","Inspired Scholarship","Venomous Claw","Banner Bearer","Standard of Might"
"Kyne's Aegis","Lord Falgravn","https://www.esologs.com/reports/f9XwPTmn2apGc3ZR#fight=74&type=summary&source=2","@LocoJohnson","Arc De Loco","ardent-ass-herald-perfected-slivers-of-the-null-arca-tide-born-wildstalker","dps","Ardent","Ass","Herald","Perfected Slivers of the Null Arca","Tide-Born Wildstalker","121211.5","8729.6","31.6","121211.5 DPS","","Slimecraw Guise (Slimecraw)","Perfected Null Arca Jack (Perfected Slivers of the Null Arca)","Tide-Born Arm Cops (Tide-Born Wildstalker)","Perfected Null Arca Bracers (Perfected Slivers of the Null Arca)","","Perfected Null Arca Guards (Perfected Slivers of the Null Arca)","Perfected Null Arca Boots (Perfected Slivers of the Null Arca)","","Tide-Born Ring (Tide-Born Wildstalker)","Tide-Born Ring (Tide-Born Wildstalker)","Tide-Born Dagger (Tide-Born Wildstalker)","Tide-Born Dagger (Tide-Born Wildstalker)","The Maelstrom's Perfected Inferno Staff (Perfected Crushing Wall)"," ()","Cephaliarch's Flail","Relentless Focus","Pragmatic Fatecarver","Killer's Blade","Quick Cloak","Incapacitating Strike","Inspired Scholarship","Molten Whip","Flames of Oblivion","Venomous Claw","Elemental Blockade","Standard of Might"
"Kyne's Aegis","Lord Falgravn","https://www.esologs.com/reports/f9XwPTmn2apGc3ZR#fight=74&type=summary&source=10","@darkmetal06","Ravani Dilleth","ardent-ass-herald-perfected-slivers-of-the-null-arca-tide-born-wildstalker","dps","Ardent","Ass","Herald","Perfected Slivers of the Null Arca","Tide-Born Wildstalker","112266.8","4279.5","34.2","112266.8 DPS","","Slimecraw Guise (Slimecraw)","Perfected Null Arca Jack (Perfected Slivers of the Null Arca)","Perfected Null Arca Arm Cops (Perfected Slivers of the Null Arca)","Perfected Null Arca Bracers (Perfected Slivers of the Null Arca)","","Perfected Null Arca Guards (Perfected Slivers of the Null Arca)","Perfected Null Arca Boots (Perfected Slivers of the Null Arca)","","Tide-Born Ring (Tide-Born Wildstalker)","Tide-Born Ring (Tide-Born Wildstalker)","Tide-Born Dagger (Tide-Born Wildstalker)","Tide-Born Dagger (Tide-Born Wildstalker)","The Maelstrom's Perfected Inferno Staff (Perfected Crushing Wall)"," ()","Relentless Focus","Quick Cloak","Cephaliarch's Flail","Pragmatic Fatecarver","Killer's Blade","Incapacitating Strike","Venomous Claw","Inspired Scholarship","Elemental Blockade","Flames of Oblivion","Molten Whip","Standard of Might"
"Kyne's Aegis","Lord Falgravn","https://www.esologs.com/reports/B6hNzXCnvdWt3Ayw#fight=50&type=summary&source=4","@Elwoodville","Got Oppressed","ardent-ass-herald-highland-sentinel-perfected-slivers-of-the-null-arca","dps","Ardent","Ass","Herald","Perfected Slivers of the Null Arca","Highland Sentinel","97061.3","2284.6","44.7","97061.3 DPS","","Nerien'eth Mask (Nerien'eth)","Perfected Null Arca Jack (Perfected Slivers of the Null Arca)","Nerien'eth Epaulets (Nerien'eth)","Perfected Null Arca Bracers (Perfected Slivers of the Null Arca)","","Perfected Null Arca Guards (Perfected Slivers of the Null Arca)","Perfected Null Arca Boots (Perfected Slivers of the Null Arca)","","Highland Sentinel Ring (Highland Sentinel)","Highland Sentinel Ring (Highland Sentinel)","Highland Sentinel Dagger (Highland Sentinel)","Highland Sentinel Dagger (Highland Sentinel)","The Maelstrom's Perfected Greatsword (Perfected Merciless Charge)"," ()","Pragmatic Fatecarver","Venomous Claw","Quick Cloak","Cephaliarch's Flail","Shocking Banner (Cavalier's Charge / Courage)","Incapacitating Strike","Molten Whip","Flames of Oblivion","Inspired Scholarship","Stampede","Shocking Banner (Cavalier's Charge / Courage)","Standard of Might"
"Kyne's Aegis","Lord Falgravn","https://www.esologs.com/reports/B6hNzXCnvdWt3Ayw#fight=50&type=summary&source=3","@TheElusiveBread","Arch'nist","ardent-ass-herald-highland-sentinel-perfected-slivers-of-the-null-arca","dps","Ardent","Ass","Herald","Perfected Slivers of the Null Arca","Highland Sentinel","127280.3","2744.7","45.1","127280.3 DPS","","Nerien'eth Mask (Nerien'eth)","Perfected Null Arca Jack (Perfected Slivers of the Null Arca)","Nerien'eth Arm Cops (Nerien'eth)","Highland Sentinel Bracers (Highland Sentinel)","","Perfected Null Arca Guards (Perfected Slivers of the Null Arca)","Perfected Null Arca Boots (Perfected Slivers of the Null Arca)","","Perfected Null Arca Ring (Perfected Slivers of the Null Arca)","Perfected Null Arca Ring (Perfected Slivers of the Null Arca)","Highland Sentinel Dagger (Highland Sentinel)","Highland Sentinel Dagger (Highland Sentinel)","The Maelstrom's Perfected Greatsword (Perfected Merciless Charge)"," ()","Pragmatic Fatecarver","Cephaliarch's Flail","Quick Cloak","Venomous Claw","Shocking Banner (Cavalier's Charge / Courage)","Incapacitating Strike","Flames of Oblivion","Stampede","Inspired Scholarship","Molten Whip","Shocking Banner (Cavalier's Charge / Courage)","Standard of Might"
"Kyne's Aegis","Lord Falgravn","https://www.esologs.com/reports/B6hNzXCnvdWt3Ayw#fight=50&type=summary&source=5","@MagToast","Prof Dr Hexadeca Dachtylo","ardent-ass-herald-highland-sentinel-perfected-slivers-of-the-null-arca","dps","Ardent","Ass","Herald","Highland Sentinel","Perfected Slivers of the Null Arca","151099.7","5196.6","46.1","151099.7 DPS","The Thief","Highland Sentinel Helmet (Highland Sentinel)","Perfected Null Arca Jack (Perfected Slivers of the Null Arca)","Slimecraw Epaulets (Slimecraw)","Highland Sentinel Bracers (Highland Sentinel)","","Perfected Null Arca Guards (Perfected Slivers of the Null Arca)","Perfected Null Arca Boots (Perfected Slivers of the Null Arca)","","Highland Sentinel Ring (Highland Sentinel)","Highland Sentinel Ring (Highland Sentinel)","Perfected Null Arca Dagger (Perfected Slivers of the Null Arca)","Perfected Null Arca Dagger (Perfected Slivers of the Null Arca)","The Maelstrom's Perfected Inferno Staff (Perfected Crushing Wall)"," ()","Killer's Blade","Quick Cloak","Cephaliarch's Flail","Pragmatic Fatecarver","Banner Bearer","Soul Harvest","Inspired Scholarship","Flames of Oblivion","Elemental Blockade","Molten Whip","Banner Bearer","Standard of Might"
"Kyne's Aegis","Lord Falgravn","https://www.esologs.com/reports/B6hNzXCnvdWt3Ayw#fight=50&type=summary&source=3","@KingKabel","Daemon Telvayn","ardent-ass-herald-highland-sentinel-perfected-slivers-of-the-null-arca","dps","Ardent","Ass","Herald","Perfected Slivers of the Null Arca","Highland Sentinel","149876.2","8506.4","29.2","149876.2 DPS","","Nerien'eth Mask (Nerien'eth)","Highland Sentinel Jack (Highland Sentinel)","Nerien'eth Arm Cops (Nerien'eth)","Highland Sentinel Bracers (Highland Sentinel)","","Highland Sentinel Guards (Highland Sentinel)","Perfected Null Arca Boots (Perfected Slivers of the Null Arca)","","Highland Sentinel Ring (Highland Sentinel)","Perfected Null Arca Ring (Perfected Slivers of the Null Arca)","Perfected Null Arca Dagger (Perfected Slivers of the Null Arca)","Perfected Null Arca Dagger (Perfected Slivers of the Null Arca)","The Maelstrom's Perfected Greatsword (Perfected Merciless Charge)"," ()","Quick Cloak","Cephaliarch's Flail","Pragmatic Fatecarver","Flames of Oblivion","Banner Bearer","Soul Harvest","Stampede","Fulminating Rune","Inspired Scholarship","Venomous Claw","Banner Bearer","Standard of Might"
"Kyne's Aegis","Lord Falgravn","https://www.esologs.com/reports/B6hNzXCnvdWt3Ayw#fight=50&type=summary&source=9","@liserac","Xiomara Vermothah","ardent-ass-herald-highland-sentinel-perfected-slivers-of-the-null-arca","dps","Ardent","Ass","Herald","Perfected Slivers of the Null Arca","Highland Sentinel","137058.5","6772.1","35.3","137058.5 DPS","","Nerien'eth Guise (Nerien'eth)","Perfected Null Arca Jack (Perfected Slivers of the Null Arca)","Nerien'eth Arm Cops (Nerien'eth)","Highland Sentinel Bracers (Highland Sentinel)","","Perfected Null Arca Guards (Perfected Slivers of the Null Arca)","Perfected Null Arca Boots (Perfected Slivers of the Null Arca)","","Highland Sentinel Ring (Highland Sentinel)","Highland Sentinel Ring (Highland Sentinel)","Perfected Null Arca Dagger (Perfected Slivers of the Null Arca)","Perfected Null Arca Dagger (Perfected Slivers of the Null Arca)","The Maelstrom's Perfected Greatsword (Perfected Merciless Charge)"," ()","Pragmatic Fatecarver","Quick Cloak","Cephaliarch's Flail","Venomous Claw","Banner Bearer","Soul Harvest","Inspired Scholarship","Flames of Oblivion","Stampede","Fulminating Rune","Banner Bearer","Standard of Might"
"Kyne's Aegis","Lord Falgravn","https://www.esologs.com/reports/B6hNzXCnvdWt3Ayw#fight=50&type=summary&source=361","@cabokel","Mavi Shundre","ardent-ass-herald-highland-sentinel-perfected-slivers-of-the-null-arca","dps","Ardent","Ass","Herald","Highland Sentinel","Perfected Slivers of the Null Arca","136651.5","10067.4","36.5","136651.5 DPS","","Slimecraw Mask (Slimecraw)","Highland Sentinel Jack (Highland Sentinel)","Perfected Null Arca Arm Cops (Perfected Slivers of the Null Arca)","Highland Sentinel Bracers (Highland Sentinel)","","Perfected Null Arca Guards (Perfected Slivers of the Null Arca)","Highland Sentinel Boots (Highland Sentinel)","","Highland Sentinel Ring (Highland Sentinel)","Highland Sentinel Ring (Highland Sentinel)","Perfected Null Arca Dagger (Perfected Slivers of the Null Arca)","Perfected Null Arca Dagger (Perfected Slivers of the Null Arca)","The Maelstrom's Perfected Inferno Staff (Perfected Crushing Wall)"," ()","Cephaliarch's Flail","Quick Cloak","Killer's Blade","Pragmatic Fatecarver","Relentless Focus","Soul Harvest","Elemental Blockade","Inspired Scholarship","Venomous Claw","Flames of Oblivion","Molten Whip","Standard of Might"
"Kyne's Aegis","Lord Falgravn","https://www.esologs.com/reports/NcrZkx3ntjYLvQPy#fight=59&type=summary&source=3","@Em.pire","Dagöth Úr","ardent-ass-herald-roar-of-alkosh-zens-redress","dps","Ardent","Ass","Herald","Roar of Alkosh","Z'en's Redress","128694.6","7639.1","82.5","128694.6 DPS","","Slimecraw Mask (Slimecraw)","Cryptcanon Vestments (Cryptcanon Vestments)","Arm Cops of Alkosh (Roar of Alkosh)","Bracers of Alkosh (Roar of Alkosh)","","Guards of Alkosh (Roar of Alkosh)","Boots of Alkosh (Roar of Alkosh)","","Z'en's Ring (Z'en's Redress)","Z'en's Ring (Z'en's Redress)","Z'en's Dagger (Z'en's Redress)","Z'en's Dagger (Z'en's Redress)","The Maelstrom's Perfected Greatsword (Perfected Merciless Charge)"," ()","Killer's Blade","Escalating Runeblades","Barbed Trap","Tentacular Dread","Relentless Focus","Soul Harvest","Flames of Oblivion","Stampede","Engulfing Flames","Inspired Scholarship","Fulminating Rune","Elemental Rage"
"Kyne's Aegis","Lord Falgravn","https://www.esologs.com/reports/NcrZkx3ntjYLvQPy#fight=59&type=summary&source=1","@yaasshaa","arcaeea","ardent-ass-herald-roar-of-alkosh-zens-redress","dps","Ardent","Ass","Herald","Roar of Alkosh","Z'en's Redress","150918.0","6137.5","86.6","150918.0 DPS","The Thief","Slimecraw Mask (Slimecraw)","Jack of Alkosh (Roar of Alkosh)","Arm Cops of Alkosh (Roar of Alkosh)","Bracers of Alkosh (Roar of Alkosh)","","Guards of Alkosh (Roar of Alkosh)","Boots of Alkosh (Roar of Alkosh)","","Z'en's Ring (Z'en's Redress)","Z'en's Ring (Z'en's Redress)","Z'en's Dagger (Z'en's Redress)","Z'en's Dagger (Z'en's Redress)","The Maelstrom's Perfected Greatsword (Perfected Merciless Charge)"," ()","Fulminating Rune","Relentless Focus","Tentacular Dread","Escalating Runeblades","Killer's Blade","Incapacitating Strike","Inspired Scholarship","Flames of Oblivion","Stampede","Carve","Engulfing Flames","Standard of Might"
"Kyne's Aegis","Lord Falgravn","https://www.esologs.com/reports/NcrZkx3ntjYLvQPy#fight=59&type=summary&source=8","@derbaderb","Sorcerer Timothy","ardent-ass-herald-roar-of-alkosh-zens-redress","dps","Ardent","Ass","Herald","Roar of Alkosh","Z'en's Redress","86837.5","3705.7","62.3","86837.5 DPS","","Slimecraw Guise (Slimecraw)","Cryptcanon Vestments (Cryptcanon Vestments)","Arm Cops of Alkosh (Roar of Alkosh)","Bracers of Alkosh (Roar of Alkosh)","","Guards of Alkosh (Roar of Alkosh)","Boots of Alkosh (Roar of Alkosh)","","Z'en's Ring (Z'en's Redress)","Z'en's Ring (Z'en's Redress)","Z'en's Dagger (Z'en's Redress)","Z'en's Dagger (Z'en's Redress)","The Maelstrom's Greatsword (Merciless Charge)"," ()","Killer's Blade","Tentacular Dread","Relentless Focus","Shattering Knife (Warrior's Opportunity / Off Balance)","Escalating Runeblades","Crypt Transfer","Carve","Stampede","Engulfing Flames","Venomous Claw","Flames of Oblivion","Crypt Transfer"
"Kyne's Aegis","Lord Falgravn","https://www.esologs.com/reports/NcrZkx3ntjYLvQPy#fight=59&type=summary&source=2","@Axphykz","All Raid No Sleep","ardent-ass-herald-roar-of-alkosh-zens-redress","dps","Ardent","Ass","Herald","Roar of Alkosh","Z'en's Redress","100909.8","11664.7","70.7","100909.8 DPS",""," (Huntsman's Warmask)","Jack of Alkosh (Roar of Alkosh)","Kra'gh Arm Cops (Kra'gh)","Bracers of Alkosh (Roar of Alkosh)","","Guards of Alkosh (Roar of Alkosh)","Boots of Alkosh (Roar of Alkosh)","","Z'en's Ring (Z'en's Redress)","Z'en's Ring (Z'en's Redress)","Z'en's Dagger (Z'en's Redress)","Z'en's Dagger (Z'en's Redress)","The Maelstrom's Perfected Greatsword (Perfected Merciless Charge)"," ()","Merciless Resolve","Escalating Runeblades","Tentacular Dread","Killer's Blade","Quick Cloak","Soul Harvest","Flames of Oblivion","Engulfing Flames","Inspired Scholarship","Venomous Claw","Stampede","Standard of Might"
"Kyne's Aegis","Lord Falgravn","https://www.esologs.com/reports/NcrZkx3ntjYLvQPy#fight=59&type=summary&source=223","@derbaderb","Sorcerer Timothy","ardent-ass-herald-roar-of-alkosh-zens-redress","dps","Ardent","Ass","Herald","Roar of Alkosh","Z'en's Redress","85106.7","3619.8","60.3","85106.7 DPS","","Slimecraw Guise (Slimecraw)","Cryptcanon Vestments (Cryptcanon Vestments)","Arm Cops of Alkosh (Roar of Alkosh)","Bracers of Alkosh (Roar of Alkosh)","","Guards of Alkosh (Roar of Alkosh)","Boots of Alkosh (Roar of Alkosh)","","Z'en's Ring (Z'en's Redress)","Z'en's Ring (Z'en's Redress)","Z'en's Dagger (Z'en's Redress)","Z'en's Dagger (Z'en's Redress)","The Maelstrom's Greatsword (Merciless Charge)"," ()","Killer's Blade","Tentacular Dread","Relentless Focus","Shattering Knife (Warrior's Opportunity / Berserk)","Escalating Runeblades","Crypt Transfer","Barbed Trap","Stampede","Engulfing Flames","Venomous Claw","Flames of Oblivion","Crypt Transfer"
"Kyne's Aegis","Lord Falgravn","https://www.esologs.com/reports/vZJ8mdA4FVXjL7cw#fight=75&type=summary&source=6","@Gabnich","Gabshow","green-resto-siphon-perfected-pillagers-profit-spell-power-cure","healer","Siphon","Resto","Green","Perfected Pillager's Profit","Spell Power Cure","7497.8","115626.0","52.1","115626.0 HPS","","Nazaray Guise (Nazaray)","Jack of the Trainee (Armor of the Trainee)","Nazaray Epaulets (Nazaray)","Spell Power Cure Gloves (Spell Power Cure)","","Spell Power Cure Breeches (Spell Power Cure)","Spell Power Cure Shoes (Spell Power Cure)","","Perfected Pillager's Band (Perfected Pillager's Profit)","Perfected Pillager's Band (Perfected Pillager's Profit)","Spell Power Cure Restoration Staff (Spell Power Cure)"," ()","Perfected Pillager's Lightning Staff (Perfected Pillager's Profit)"," ()","Illustrious Healing","Budding Seeds","Combat Prayer","Siphoning Attacks","Radiating Regeneration","Reviving Barrier","Echoing Vigor","Extended Ritual","Elemental Blockade","Radiant Aura","Overflowing Altar","Aggressive Horn"
"Kyne's Aegis","Lord Falgravn","https://www.esologs.com/reports/vZJ8mdA4FVXjL7cw#fight=75&type=summary&source=11","@ChristineCamaro","x Allison Chains x","green-resto-siphon-perfected-pillagers-profit-spell-power-cure","healer","Siphon","Resto","Green","Spell Power Cure","Perfected Pillager's Profit","9259.6","104268.2","66.6","104268.2 HPS","The Thief","Nazaray Guise (Nazaray)","Robe of the Trainee (Armor of the Trainee)","Nazaray Epaulets (Nazaray)","Spell Power Cure Gloves (Spell Power Cure)","","Spell Power Cure Breeches (Spell Power Cure)","Perfected Pillager's Shoes (Perfected Pillager's Profit)","","Perfected Pillager's Band (Perfected Pillager's Profit)","Perfected Pillager's Band (Perfected Pillager's Profit)","Spell Power Cure Restoration Staff (Spell Power Cure)"," ()","Perfected Pillager's Lightning Staff (Perfected Pillager's Profit)"," ()","Budding Seeds","Warding Bond (Warmage's Defense / Vitality)","Combat Prayer","Radiating Regeneration","Illustrious Healing","Soul Siphon","Overflowing Altar","Blockade of Storms","Extended Ritual","Echoing Vigor","Radiant Aura","Aggressive Horn"
"Kyne's Aegis","Lord Falgravn","https://www.esologs.com/reports/vZJ8mdA4FVXjL7cw#fight=75&type=summary&source=7","@notsojuicy","Lauryn'Heal","green-resto-siphon-perfected-pillagers-profit-spell-power-cure","healer","Siphon","Resto","Green","Spell Power Cure","Perfected Pillager's Profit","4744.2","119237.3","47.7","119237.3 HPS","","Nazaray Guise (Nazaray)","Robe of the Trainee (Armor of the Trainee)","Nazaray Arm Cops (Nazaray)","Spell Power Cure Gloves (Spell Power Cure)","","Perfected Pillager's Breeches (Perfected Pillager's Profit)","Spell Power Cure Shoes (Spell Power Cure)","","Perfected Pillager's Band (Perfected Pillager's Profit)","Perfected Pillager's Band (Perfected Pillager's Profit)","Spell Power Cure Restoration Staff (Spell Power Cure)"," ()","Perfected Pillager's Lightning Staff (Perfected Pillager's Profit)"," ()","Radiating Regeneration","Combat Prayer","Healing Springs","Budding Seeds","Echoing Vigor","Soul Siphon","Elemental Blockade","Energy Orb","Radiant Aura","Extended Ritual","Sundering Soul","Reviving Barrier"
"Kyne's Aegis","Lord Falgravn","https://www.esologs.com/reports/vZJ8mdA4FVXjL7cw#fight=75&type=summary&source=11","@ChristineCamaro","x Allison Chains x","green-resto-siphon-perfected-pillagers-profit-spell-power-cure","healer","Siphon","Resto","Green","Spell Power Cure","Perfected Pillager's Profit","7248.4","113272.2","66.0","113272.2 HPS","","Nazaray Guise (Nazaray)","Robe of the Trainee (Armor of the Trainee)","Nazaray Epaulets (Nazaray)","Spell Power Cure Gloves (Spell Power Cure)","","Spell Power Cure Breeches (Spell Power Cure)","Perfected Pillager's Shoes (Perfected Pillager's Profit)","","Perfected Pillager's Band (Perfected Pillager's Profit)","Perfected Pillager's Band (Perfected Pillager's Profit)","Spell Power Cure Restoration Staff (Spell Power Cure)"," ()","Perfected Pillager's Lightning Staff (Perfected Pillager's Profit)"," ()","Budding Seeds","Siphoning Attacks","Combat Prayer","Radiating Regeneration","Illustrious Healing","Soul Siphon","Echoing Vigor","Blockade of Storms","Extended Ritual","Mystic Orb","Overflowing Altar","Reviving Barrier"
"Kyne's Aegis","Lord Falgravn","https://www.esologs.com/reports/vZJ8mdA4FVXjL7cw#fight=75&type=summary&source=8","@Einhorn23","Op-Asian","earthen-soldier-winter-perfected-lucent-echoes-perfected-pearlescent-ward","tank","Earthen","Winter","Soldier","Perfected Pearlescent Ward","Perfected Lucent Echoes","12858.3","4101.1","56.4","56.4 CPM","The Atronach","Magma Incarnate Mask (Magma Incarnate)","Cryptcanon Vestments (Cryptcanon Vestments)","Lucent Echoes Perfected Pauldrons (Perfected Lucent Echoes)","Lucent Echoes Perfected Gauntlets (Perfected Lucent Echoes)","","Lucent Echoes Perfected Greaves (Perfected Lucent Echoes)","Lucent Echoes Perfected Sabatons (Perfected Lucent Echoes)","","Perfected Pearlescent Ring (Perfected Pearlescent Ward)","Perfected Pearlescent Ring (Perfected Pearlescent Ward)","Perfected Pearlescent Sword (Perfected Pearlescent Ward)","Perfected Pearlescent Shield (Perfected Pearlescent Ward)","Perfected Pearlescent Ice Staff (Perfected Pearlescent Ward)"," ()","Inner Rage","Stone Giant","Leashing Soul","Impervious Runeward","Rune of the Colorless Pool","Reviving Barrier","Elemental Blockade","Elemental Susceptibility","Runeguard of Still Waters","Expansive Frost Cloak","Igneous Weapons","Aggressive Horn"
"Kyne's Aegis","Lord Falgravn","https://www.esologs.com/reports/vZJ8mdA4FVXjL7cw#fight=75&type=summary&source=1","@Bluxx","Bluxxcrux","earthen-soldier-winter-perfected-lucent-echoes-perfected-pearlescent-ward","tank","Earthen","Winter","Soldier","Perfected Pearlescent Ward","Perfected Lucent Echoes","5024.5","10671.5","46.1","46.1 CPM","","Encratis's Behemoth Mask (Encratis's Behemoth)","Lucent Echoes Perfected Cuirass (Perfected Lucent Echoes)","Encratis's Behemoth Pauldron (Encratis's Behemoth)","Lucent Echoes Perfected Gauntlets (Perfected Lucent Echoes)","","Lucent Echoes Perfected Greaves (Perfected Lucent Echoes)","Lucent Echoes Perfected Sabatons (Perfected Lucent Echoes)","","Perfected Pearlescent Ring (Perfected Pearlescent Ward)","Perfected Pearlescent Ring (Perfected Pearlescent Ward)","Perfected Pearlescent Ice Staff (Perfected Pearlescent Ward)"," ()","Perfected Pearlescent Ice Staff (Perfected Pearlescent Ward)"," ()","Inner Rage","Lingering Flare","Stone Giant","Polar Wind","Igneous Shield","Replenishing Barrier","Expansive Frost Cloak","Elemental Susceptibility","Runeguard of Freedom","Rune of the Colorless Pool","Blockade of Frost","Aggressive Horn"
"Kyne's Aegis","Lord Falgravn","https://www.esologs.com/reports/B6hNzXCnvdWt3Ayw#fight=50&type=summary&source=10","@Ned919x","Tanks All Evening","daedric-soldier-winter-perfected-lucent-echoes-perfected-pearlescent-ward","tank","Daedric","Winter","Soldier","Perfected Lucent Echoes","Perfected Pearlescent Ward","6873.9","15315.1","37.2","37.2 CPM","","Archdruid Devyric's Visage (Archdruid Devyric)","Perfected Pearlescent Cuirass (Perfected Pearlescent Ward)","Archdruid Devyric's Pauldron (Archdruid Devyric)","Perfected Pearlescent Gauntlets (Perfected Pearlescent Ward)","","Perfected Pearlescent Greaves (Perfected Pearlescent Ward)","Perfected Pearlescent Sabatons (Perfected Pearlescent Ward)","","Lucent Echoes Perfected Ring (Perfected Lucent Echoes)","Lucent Echoes Perfected Ring (Perfected Lucent Echoes)","Lucent Echoes Perfected Ice Staff (Perfected Lucent Echoes)"," ()","Lucent Echoes Perfected Ice Staff (Perfected Lucent Echoes)"," ()","Expansive Frost Cloak","Lingering Flare","Inner Rage","Healing Contingency (Gladiator's Tenacity / Protection)","Polar Wind","Reviving Barrier","Elemental Susceptibility","Rune of the Colorless Pool","Blockade of Frost","Leashing Soul (Druid's Resurgence / Maim)","Hardened Ward","Summon Charged Atronach"
"Kyne's Aegis","Lord Falgravn","https://www.esologs.com/reports/B6hNzXCnvdWt3Ayw#fight=50&type=summary&source=2","@Samlucas","Arcanouille","daedric-soldier-winter-perfected-lucent-echoes-perfected-pearlescent-ward","tank","Daedric","Winter","Soldier","Perfected Pearlescent Ward","Perfected Lucent Echoes","9635.4","18374.3","53.4","53.4 CPM","The Thief","Archdruid Devyric's Mask (Archdruid Devyric)","Lucent Echoes Perfected Cuirass (Perfected Lucent Echoes)","Archdruid Devyric's Pauldron (Archdruid Devyric)","Lucent Echoes Perfected Gauntlets (Perfected Lucent Echoes)","","Lucent Echoes Perfected Greaves (Perfected Lucent Echoes)","Lucent Echoes Perfected Sabatons (Perfected Lucent Echoes)","","Perfected Pearlescent Ring (Perfected Pearlescent Ward)","Perfected Pearlescent Ring (Perfected Pearlescent Ward)","Perfected Pearlescent Ice Staff (Perfected Pearlescent Ward)"," ()","Perfected Pearlescent Ice Staff (Perfected Pearlescent Ward)"," ()","Revealing Flare","Impervious Runeward","Rune of the Colorless Pool","Runic Sunder","Bound Aegis","Replenishing Barrier","Overflowing Altar","Blockade of Frost","Expansive Frost Cloak","Elemental Susceptibility","Echoing Vigor","Summon Charged Atronach"
