"Trial Name","Boss Name","ESO Logs Player Link","Player Handle","Character Name","Build Slug","Role","Subclass 1","Subclass 2","Subclass 3","Signature Set 1","Signature Set 2","DPS","HPS","CPM","Primary Metric","Mundus Stone","Gear: Head","Gear: Chest","Gear: Shoulders","Gear: Hands","Gear: Waist","Gear: Legs","Gear: Feet","Gear: Necklace","Gear: Ring1","Gear: Ring2","Gear: Main_Hand","Gear: Off_Hand","Gear: Backup_Main_Hand","Gear: Backup_Off_Hand","Bar 1 Ability 1","Bar 1 Ability 2","Bar 1 Ability 3","Bar 1 Ability 4","Bar 1 Ability 5","Bar 1 Ability 6","Bar 2 Ability 1","Bar 2 Ability 2","Bar 2 Ability 3","Bar 2 Ability 4","Bar 2 Ability 5","Bar 2 Ability 6"
"Lucent Citadel","Cavot Agnan","https://www.esologs.com/reports/z3LRAKbXCmrdNtHB#fight=31&type=summary&source=11","@dudu_biberveldt","Three Two One Beam","ardent-ass-herald-perfected-slivers-of-the-null-arca-tide-born-wildstalker","dps","Ardent","Ass","Herald","Perfected Slivers of the Null Arca","Tide-Born Wildstalker","152364.8","10839.4","42.8","152364.8 DPS","","Slimecraw Guise (Slimecraw)","Perfected Null Arca Jack (Perfected Slivers of the Null Arca)","Tide-Born Arm Cops (Tide-Born Wildstalker)","Perfected Null Arca Bracers (Perfected Slivers of the Null Arca)","","Perfected Null Arca Guards (Perfected Slivers of the Null Arca)","Perfected Null Arca Boots (Perfected Slivers of the Null Arca)","","Tide-Born Ring (Tide-Born Wildstalker)","Tide-Born Ring (Tide-Born Wildstalker)","Tide-Born Dagger (Tide-Born Wildstalker)","Tide-Born Dagger (Tide-Born Wildstalker)","The Maelstrom's Perfected Greatsword (Perfected Merciless Charge)"," ()","Cephaliarch's Flail","Merciless Resolve","Killer's Blade","Pragmatic Fatecarver","Quick Cloak","Soul Harvest","Stampede","Venomous Claw","Flames of Oblivion","Inspired Scholarship","Molten Whip","Standard of Might"
"Lucent Citadel","Cavot Agnan","https://www.esologs.com/reports/z3LRAKbXCmrdNtHB#fight=31&type=summary&source=9","@Sxhmock","Nerf this bs Class","ardent-ass-herald-perfected-slivers-of-the-null-arca-tide-born-wildstalker","dps","Ardent","Ass","Herald","Perfected Slivers of the Null Arca","Tide-Born Wildstalker","150693.8","9524.3","57.7","150693.8 DPS","","Slimecraw Guise (Slimecraw)","Perfected Null Arca Jack (Perfected Slivers of the Null Arca)","Tide-Born Arm Cops (Tide-Born Wildstalker)","Perfected Null Arca Bracers (Perfected Slivers of the Null Arca)","","Perfected Null Arca Guards (Perfected Slivers of the Null Arca)","Perfected Null Arca Boots (Perfected Slivers of the Null Arca)","","Tide-Born Ring (Tide-Born Wildstalker)","Tide-Born Ring (Tide-Born Wildstalker)","Tide-Born Dagger (Tide-Born Wildstalker)","Tide-Born Dagger (Tide-Born Wildstalker)","The Maelstrom's Perfected Inferno Staff (Perfected Crushing Wall)"," ()","Cephaliarch's Flail","Killer's Blade","Quick Cloak","Pragmatic Fatecarver","Camouflaged Hunter","Soul Harvest","Venomous Claw","Flames of Oblivion","Elemental Blockade","Inspired Scholarship","Molten Whip","Standard of Might"
"Lucent Citadel","Cavot Agnan","https://www.esologs.com/reports/z3LRAKbXCmrdNtHB#fight=31&type=summary&source=11","@MedicateMe","The Cruxfather","ardent-ass-herald-perfected-slivers-of-the-null-arca-tide-born-wildstalker","dps","Ardent","Ass","Herald","Perfected Slivers of the Null Arca","Tide-Born Wildstalker","160815.9","12921.2","50.9","160815.9 DPS","","Slimecraw Guise (Slimecraw)","Perfected Null Arca Jack (Perfected Slivers of the Null Arca)","Perfected Null Arca Arm Cops (Perfected Slivers of the Null Arca)","Perfected Null Arca Bracers (Perfected Slivers of the Null Arca)","","Tide-Born Guards (Tide-Born Wildstalker)","Tide-Born Boots (Tide-Born Wildstalker)","","Perfected Null Arca Ring (Perfected Slivers of the Null Arca)","Perfected Null Arca Ring (Perfected Slivers of the Null Arca)","Tide-Born Lightning Staff (Tide-Born Wildstalker)"," ()","The Maelstrom's Perfected Greatsword (Perfected Merciless Charge)"," ()","Cephaliarch's Flail","Pragmatic Fatecarver","Flames of Oblivion","Killer's Blade","Camouflaged Hunter","Soul Harvest","Stampede","Venomous Claw","Fulminating Rune","Inspired Scholarship","Molten Whip","Standard of Might"
"Lucent Citadel","Cavot Agnan","https://www.esologs.com/reports/z3LRAKbXCmrdNtHB#fight=31&type=summary&source=7","@Fjior","Lost Arcanist","ardent-ass-herald-perfected-slivers-of-the-null-arca-tide-born-wildstalker","dps","Ardent","Ass","Herald","Perfected Slivers of the Null Arca","Tide-Born Wildstalker","142069.0","7243.2","57.7","142069.0 DPS","","Slimecraw Guise (Slimecraw)","Perfected Null Arca Jack (Perfected Slivers of the Null Arca)","Tide-Born Arm Cops (Tide-Born Wildstalker)","Perfected Null Arca Bracers (Perfected Slivers of the Null Arca)","","Tide-Born Guards (Tide-Born Wildstalker)","Perfected Null Arca Boots (Perfected Slivers of the Null Arca)","","Perfected Null Arca Ring (Perfected Slivers of the Null Arca)","Perfected Null Arca Ring (Perfected Slivers of the Null Arca)","Tide-Born Dagger (Tide-Born Wildstalker)","Tide-Born Dagger (Tide-Born Wildstalker)","The Maelstrom's Perfected Greatsword (Perfected Merciless Charge)"," ()","Quick Cloak","Pragmatic Fatecarver","Cephaliarch's Flail","Killer's Blade","Camouflaged Hunter","Soul Harvest","Stampede","Inspired Scholarship","Flames of Oblivion","Venomous Claw","Molten Whip","Standard of Might"
"Lucent Citadel","Cavot Agnan","https://www.esologs.com/reports/z3LRAKbXCmrdNtHB#fight=31&type=summary&source=6","@P4inK1IL","Jînxx","ardent-ass-herald-perfected-slivers-of-the-null-arca-tide-born-wildstalker","dps","Ardent","Ass","Herald","Perfected Slivers of the Null Arca","Tide-Born Wildstalker","158278.1","11244.8","45.8","158278.1 DPS","","Slimecraw Mask (Slimecraw)","Perfected Null Arca Jack (Perfected Slivers of the Null Arca)","Tide-Born Arm Cops (Tide-Born Wildstalker)","Perfected Null Arca Bracers (Perfected Slivers of the Null Arca)","","Perfected Null Arca Guards (Perfected Slivers of the Null Arca)","Perfected Null Arca Boots (Perfected Slivers of the Null Arca)","","Tide-Born Ring (Tide-Born Wildstalker)","Tide-Born Ring (Tide-Born Wildstalker)","Tide-Born Dagger (Tide-Born Wildstalker)","Tide-Born Dagger (Tide-Born Wildstalker)","The Maelstrom's Perfected Inferno Staff (Perfected Crushing Wall)"," ()","Pragmatic Fatecarver","Cephaliarch's Flail","Killer's Blade","Quick Cloak","Barbed Trap","Soul Harvest","Elemental Blockade","Venomous Claw","Molten Whip","Inspired Scholarship","Flames of Oblivion","Standard of Might"
"Lucent Citadel","Cavot Agnan","https://www.esologs.com/reports/z3LRAKbXCmrdNtHB#fight=31&type=summary&source=5","@MagiiC_One","Jeánne d Arc","ardent-ass-herald-perfected-slivers-of-the-null-arca-tide-born-wildstalker","dps","Ardent","Ass","Herald","Perfected Slivers of the Null Arca","Tide-Born Wildstalker","115617.4","3739.0","40.7","115617.4 DPS","","Slimecraw Guise (Slimecraw)","Perfected Null Arca Jack (Perfected Slivers of the Null Arca)","Perfected Null Arca Arm Cops (Perfected Slivers of the Null Arca)","Perfected Null Arca Bracers (Perfected Slivers of the Null Arca)","","Perfected Null Arca Guards (Perfected Slivers of the Null Arca)","Tide-Born Boots (Tide-Born Wildstalker)","","Tide-Born Ring (Tide-Born Wildstalker)","Tide-Born Ring (Tide-Born Wildstalker)","Tide-Born Dagger (Tide-Born Wildstalker)","Tide-Born Dagger (Tide-Born Wildstalker)","The Maelstrom's Perfected Inferno Staff (Perfected Crushing Wall)"," ()","Quick Cloak","Banner Bearer","Killer's Blade","Cephaliarch's Flail","Pragmatic Fatecarver","Soul Harvest","Venomous Claw","Banner Bearer","Inspired Scholarship","Elemental Blockade","Flames of Oblivion","Standard of Might"
"Lucent Citadel","Cavot Agnan","https://www.esologs.com/reports/z3LRAKbXCmrdNtHB#fight=31&type=summary&source=10","@YungGunz","Saphira'a","ardent-ass-herald-perfected-slivers-of-the-null-arca-tide-born-wildstalker","dps","Ardent","Ass","Herald","Perfected Slivers of the Null Arca","Tide-Born Wildstalker","150036.6","11383.2","61.1","150036.6 DPS","","Slimecraw Mask (Slimecraw)","Perfected Null Arca Jack (Perfected Slivers of the Null Arca)","Tide-Born Epaulets (Tide-Born Wildstalker)","Perfected Null Arca Bracers (Perfected Slivers of the Null Arca)","","Perfected Null Arca Guards (Perfected Slivers of the Null Arca)","Perfected Null Arca Boots (Perfected Slivers of the Null Arca)","","Tide-Born Ring (Tide-Born Wildstalker)","Tide-Born Ring (Tide-Born Wildstalker)","Tide-Born Dagger (Tide-Born Wildstalker)","Tide-Born Dagger (Tide-Born Wildstalker)","The Maelstrom's Perfected Greatsword (Perfected Merciless Charge)"," ()","Cephaliarch's Flail","Pragmatic Fatecarver","Quick Cloak","Killer's Blade","Camouflaged Hunter","Soul Harvest","Stampede","Inspired Scholarship","Venomous Claw","Flames of Oblivion","Molten Whip","Standard of Might"
"Lucent Citadel","Cavot Agnan","https://www.esologs.com/reports/z3LRAKbXCmrdNtHB#fight=31&type=summary&source=6","@Sccereal","Indikar","ardent-ass-herald-perfected-slivers-of-the-null-arca-tide-born-wildstalker","dps","Ardent","Ass","Herald","Perfected Slivers of the Null Arca","Tide-Born Wildstalker","168663.2","2463.0","48.0","168663.2 DPS","","Perfected Null Arca Helmet (Perfected Slivers of the Null Arca)","Tide-Born Jack (Tide-Born Wildstalker)","Slimecraw Epaulets (Slimecraw)","Perfected Null Arca Bracers (Perfected Slivers of the Null Arca)","","Perfected Null Arca Guards (Perfected Slivers of the Null Arca)","Perfected Null Arca Boots (Perfected Slivers of the Null Arca)","","Tide-Born Ring (Tide-Born Wildstalker)","Tide-Born Ring (Tide-Born Wildstalker)","Tide-Born Dagger (Tide-Born Wildstalker)","Tide-Born Dagger (Tide-Born Wildstalker)","The Maelstrom's Perfected Greatsword (Perfected Merciless Charge)"," ()","Inspired Scholarship","Quick Cloak","Venomous Claw","Cephaliarch's Flail","Pragmatic Fatecarver","Soul Harvest","Molten Whip","Stampede","Engulfing Flames","Fulminating Rune","Flames of Oblivion","Standard of Might"
"Lucent Citadel","Cavot Agnan","https://www.esologs.com/reports/z3LRAKbXCmrdNtHB#fight=31&type=summary&source=8","@Maglaud","Pin-head-larry","ardent-ass-herald-perfected-slivers-of-the-null-arca-tide-born-wildstalker","dps","Ardent","Ass","Herald","Perfected Slivers of the Null Arca","Tide-Born Wildstalker","156689.9","13451.5","89.4","156689.9 DPS","","Slimecraw Mask (Slimecraw)","Perfected Null Arca Jack (Perfected Slivers of the Null Arca)","Tide-Born Arm Cops (Tide-Born Wildstalker)","Perfected Null Arca Bracers (Perfected Slivers of the Null Arca)","","Perfected Null Arca Guards (Perfected Slivers of the Null Arca)","Perfected Null Arca Boots (Perfected Slivers of the Null Arca)","","Tide-Born Ring (Tide-Born Wildstalker)","Tide-Born Ring (Tide-Born Wildstalker)","Tide-Born Dagger (Tide-Born Wildstalker)","Tide-Born Dagger (Tide-Born Wildstalker)","The Maelstrom's Perfected Greatsword (Perfected Merciless Charge)"," ()","Escalating Runeblades","Killer's Blade","Tentacular Dread","Barbed Trap","Relentless Focus","Soul Harvest","Fulminating Rune","Flames of Oblivion","Venomous Claw","Inspired Scholarship","Stampede","Standard of Might"
"Lucent Citadel","Cavot Agnan","https://www.esologs.com/reports/z3LRAKbXCmrdNtHB#fight=31&type=summary&source=2","@LilFreebs99","Miss Jenna","ardent-ass-herald-perfected-slivers-of-the-null-arca-tide-born-wildstalker","dps","Ardent","Ass","Herald","Perfected Slivers of the Null Arca","Tide-Born Wildstalker","167039.0","9163.6","47.9","167039.0 DPS","","Slimecraw Guise (Slimecraw)","Perfected Null Arca Jack (Perfected Slivers of the Null Arca)","Tide-Born Arm Cops (Tide-Born Wildstalker)","Perfected Null Arca Bracers (Perfected Slivers of the Null Arca)","","Perfected Null Arca Guards (Perfected Slivers of the Null Arca)","Perfected Null Arca Boots (Perfected Slivers of the Null Arca)","","Tide-Born Ring (Tide-Born Wildstalker)","Tide-Born Ring (Tide-Born Wildstalker)","Tide-Born Dagger (Tide-Born Wildstalker)","Tide-Born Dagger (Tide-Born Wildstalker)","The Maelstrom's Perfected Greatsword (Perfected Merciless Charge)"," ()","Pragmatic Fatecarver","Camouflaged Hunter","Quick Cloak","Killer's Blade","Cephaliarch's Flail","Incapacitating Strike","Venomous Claw","Molten Whip","Stampede","Inspired Scholarship","Flames of Oblivion","Standard of Might"
"Lucent Citadel","Cavot Agnan","https://www.esologs.com/reports/z3LRAKbXCmrdNtHB#fight=31&type=summary&source=4","@BriBellz","This One Holds The Book","ardent-ass-herald-perfected-slivers-of-the-null-arca-tide-born-wildstalker","dps","Ardent","Ass","Herald","Perfected Slivers of the Null Arca","Tide-Born Wildstalker","112178.3","4458.3","37.4","112178.3 DPS","","Slimecraw Mask (Slimecraw)","Perfected Null Arca Jack (Perfected Slivers of the Null Arca)","Tide-Born Arm Cops (Tide-Born Wildstalker)","Perfected Null Arca Bracers (Perfected Slivers of the Null Arca)","","Tide-Born Guards (Tide-Born Wildstalker)","Perfected Null Arca Boots (Perfected Slivers of the Null Arca)","","Tide-Born Ring (Tide-Born Wildstalker)","Tide-Born Ring (Tide-Born Wildstalker)","Perfected Null Arca Dagger (Perfected Slivers of the Null Arca)","Perfected Null Arca Dagger (Perfected Slivers of the Null Arca)","The Maelstrom's Perfected Inferno Staff (Perfected Crushing Wall)"," ()","Killer's Blade","Pragmatic Fatecarver","Cephaliarch's Flail","Quick Cloak","Camouflaged Hunter","Soul Harvest","Venomous Claw","Elemental Blockade","Inspired Scholarship","Flames of Oblivion","Molten Whip","Standard of Might"
"Lucent Citadel","Cavot Agnan","https://www.esologs.com/reports/z3LRAKbXCmrdNtHB#fight=31&type=summary&source=10","@Beersies","Uh Oh Detected","ardent-ass-herald-perfected-slivers-of-the-null-arca-tide-born-wildstalker","dps","Ardent","Ass","Herald","Tide-Born Wildstalker","Perfected Slivers of the Null Arca","182438.0","15023.8","33.5","182438.0 DPS","The Atronach","Slimecraw Guise (Slimecraw)","Tide-Born Jack (Tide-Born Wildstalker)","Perfected Null Arca Arm Cops (Perfected Slivers of the Null Arca)","Perfected Null Arca Bracers (Perfected Slivers of the Null Arca)","","Perfected Null Arca Guards (Perfected Slivers of the Null Arca)","Perfected Null Arca Boots (Perfected Slivers of the Null Arca)","","Tide-Born Ring (Tide-Born Wildstalker)","Tide-Born Ring (Tide-Born Wildstalker)","Tide-Born Dagger (Tide-Born Wildstalker)","Tide-Born Dagger (Tide-Born Wildstalker)","The Maelstrom's Perfected Greatsword (Perfected Merciless Charge)"," ()","Cephaliarch's Flail","Pragmatic Fatecarver","Barbed Trap","Flames of Oblivion","Quick Cloak","Soul Harvest","Stampede","Engulfing Flames","Venomous Claw","Inspired Scholarship","Molten Whip","Standard of Might"
"Lucent Citadel","Cavot Agnan","https://www.esologs.com/reports/z3LRAKbXCmrdNtHB#fight=31&type=summary&source=8","@SentryAg","Rosa The Sea Otter","ardent-ass-herald-perfected-slivers-of-the-null-arca-tide-born-wildstalker","dps","Ardent","Ass","Herald","Perfected Slivers of the Null Arca","Tide-Born Wildstalker","166001.7","15507.0","59.9","166001.7 DPS","","Slimecraw Guise (Slimecraw)","Perfected Null Arca Jack (Perfected Slivers of the Null Arca)","Tide-Born Arm Cops (Tide-Born Wildstalker)","Perfected Null Arca Bracers (Perfected Slivers of the Null Arca)","","Perfected Null Arca Guards (Perfected Slivers of the Null Arca)","Perfected Null Arca Boots (Perfected Slivers of the Null Arca)","","Tide-Born Ring (Tide-Born Wildstalker)","Tide-Born Ring (Tide-Born Wildstalker)","Tide-Born Dagger (Tide-Born Wildstalker)","Tide-Born Dagger (Tide-Born Wildstalker)","The Maelstrom's Perfected Greatsword (Perfected Merciless Charge)"," ()","Quick Cloak","Killer's Blade","Barbed Trap","Pragmatic Fatecarver","Cephaliarch's Flail","Soul Harvest","Inspired Scholarship","Fulminating Rune","Venomous Claw","Flames of Oblivion","Stampede","Standard of Might"
"Lucent Citadel","Cavot Agnan","https://www.esologs.com/reports/3ryVatC1nN2k8mFf#fight=16&type=summary&source=37","@TyoxicWayste","Vesper Thelyss","ardent-ass-herald-deadly-strike-perfected-slivers-of-the-null-arca","dps","Ardent","Ass","Herald","Perfected Slivers of the Null Arca","Deadly Strike","75616.5","2930.2","39.1","75616.5 DPS","","Slimecraw Guise (Slimecraw)","Perfected Null Arca Jack (Perfected Slivers of the Null Arca)","Deadly Arm Cops (Deadly Strike)","Perfected Null Arca Bracers (Perfected Slivers of the Null Arca)","","Perfected Null Arca Guards (Perfected Slivers of the Null Arca)","Perfected Null Arca Boots (Perfected Slivers of the Null Arca)","","Deadly Ring (Deadly Strike)","Deadly Ring (Deadly Strike)","Deadly Dagger (Deadly Strike)","Deadly Dagger (Deadly Strike)","The Maelstrom's Greatsword (Merciless Charge)"," ()","Cephaliarch's Flail","Pragmatic Fatecarver","Resolving Vigor","Quick Cloak","Camouflaged Hunter","Incapacitating Strike","Inspired Scholarship","Flames of Oblivion","Venomous Claw","Stampede","Molten Whip","Standard of Might"
"Lucent Citadel","Cavot Agnan","https://www.esologs.com/reports/3ryVatC1nN2k8mFf#fight=16&type=summary&source=10","@gigisalvo","Tàliön","ardent-ass-herald-deadly-strike-perfected-slivers-of-the-null-arca","dps","Ardent","Ass","Herald","Perfected Slivers of the Null Arca","Deadly Strike","103572.7","4068.2","37.8","103572.7 DPS","","Slimecraw Guise (Slimecraw)","Perfected Null Arca Jack (Perfected Slivers of the Null Arca)","Perfected Null Arca Arm Cops (Perfected Slivers of the Null Arca)","Perfected Null Arca Bracers (Perfected Slivers of the Null Arca)","","Deadly Guards (Deadly Strike)","Perfected Null Arca Boots (Perfected Slivers of the Null Arca)","","Deadly Ring (Deadly Strike)","Deadly Ring (Deadly Strike)","Deadly Dagger (Deadly Strike)","Deadly Dagger (Deadly Strike)","The Maelstrom's Perfected Inferno Staff (Perfected Crushing Wall)"," ()","Quick Cloak","Pragmatic Fatecarver","Venomous Claw","Cephaliarch's Flail","Banner Bearer","Incapacitating Strike","Stampede","Scalding Rune","Inspired Scholarship","Flames of Oblivion","Banner Bearer","Standard of Might"
"Lucent Citadel","Cavot Agnan","https://www.esologs.com/reports/3ryVatC1nN2k8mFf#fight=16&type=summary&source=5","@Drkif","Dr-Bararc","ardent-ass-herald-deadly-strike-perfected-slivers-of-the-null-arca","dps","Ardent","Ass","Herald","Perfected Slivers of the Null Arca","Deadly Strike","128183.9","7725.1","51.7","128183.9 DPS","","Slimecraw Mask (Slimecraw)","Perfected Null Arca Jack (Perfected Slivers of the Null Arca)","Deadly Arm Cops (Deadly Strike)","Perfected Null Arca Bracers (Perfected Slivers of the Null Arca)","","Perfected Null Arca Guards (Perfected Slivers of the Null Arca)","Perfected Null Arca Boots (Perfected Slivers of the Null Arca)","","Deadly Ring (Deadly Strike)","Deadly Ring (Deadly Strike)","Deadly Dagger (Deadly Strike)","Deadly Dagger (Deadly Strike)","The Maelstrom's Perfected Greatsword (Perfected Merciless Charge)"," ()","Cephaliarch's Flail","Pragmatic Fatecarver","Quick Cloak","Killer's Blade","Camouflaged Hunter","Soul Harvest","Flames of Oblivion","Stampede","Inspired Scholarship","Venomous Claw","Molten Whip","Standard of Might"
"Lucent Citadel","Cavot Agnan","https://www.esologs.com/reports/3ryVatC1nN2k8mFf#fight=16&type=summary&source=7","@Colosseum","Mega Giga","ardent-ass-herald-deadly-strike-perfected-slivers-of-the-null-arca","dps","Ardent","Ass","Herald","Perfected Slivers of the Null Arca","Deadly Strike","110679.7","5168.2","21.4","110679.7 DPS","","Slimecraw Mask (Slimecraw)","Perfected Null Arca Jack (Perfected Slivers of the Null Arca)","Deadly Arm Cops (Deadly Strike)","Perfected Null Arca Bracers (Perfected Slivers of the Null Arca)","","Perfected Null Arca Guards (Perfected Slivers of the Null Arca)","Perfected Null Arca Boots (Perfected Slivers of the Null Arca)","","Deadly Ring (Deadly Strike)","Deadly Ring (Deadly Strike)","Deadly Dagger (Deadly Strike)","Deadly Dagger (Deadly Strike)","The Maelstrom's Perfected Inferno Staff (Perfected Crushing Wall)"," ()","Killer's Blade","Cephaliarch's Flail","Pragmatic Fatecarver","Quick Cloak","Camouflaged Hunter","Soul Harvest","Inspired Scholarship","Flames of Oblivion","Stampede","Molten Whip","Venomous Claw","Standard of Might"
"Lucent Citadel","Cavot Agnan","https://www.esologs.com/reports/3ryVatC1nN2k8mFf#fight=16&type=summary&source=14","@A234Ri12","Barrius Teriani","ardent-ass-herald-deadly-strike-perfected-slivers-of-the-null-arca","dps","Ardent","Ass","Herald","Perfected Slivers of the Null Arca","Deadly Strike","146916.8","8728.2","42.8","146916.8 DPS","","Valkyn Skoria Guise (Valkyn Skoria)","Perfected Null Arca Jack (Perfected Slivers of the Null Arca)","Perfected Null Arca Arm Cops (Perfected Slivers of the Null Arca)","Perfected Null Arca Bracers (Perfected Slivers of the Null Arca)","","Perfected Null Arca Guards (Perfected Slivers of the Null Arca)","Deadly Boots (Deadly Strike)","","Deadly Ring (Deadly Strike)","Deadly Ring (Deadly Strike)","Deadly Dagger (Deadly Strike)","Deadly Dagger (Deadly Strike)","The Maelstrom's Perfected Greatsword (Perfected Merciless Charge)"," ()","Quick Cloak","Pragmatic Fatecarver","Cephaliarch's Flail","Killer's Blade","Camouflaged Hunter","Soul Harvest","Stampede","Inspired Scholarship","Flames of Oblivion","Venomous Claw","Molten Whip","Standard of Might"
"Lucent Citadel","Cavot Agnan","https://www.esologs.com/reports/3ryVatC1nN2k8mFf#fight=16&type=summary&source=7","@SrednaKrom","Nuclær","ardent-ass-herald-deadly-strike-perfected-slivers-of-the-null-arca","dps","Ardent","Ass","Herald","Deadly Strike","Perfected Slivers of the Null Arca","122113.4","10852.6","47.6","122113.4 DPS","","Slimecraw Guise (Slimecraw)","Deadly Jack (Deadly Strike)","Perfected Null Arca Arm Cops (Perfected Slivers of the Null Arca)","Perfected Null Arca Bracers (Perfected Slivers of the Null Arca)","","Deadly Guards (Deadly Strike)","Perfected Null Arca Boots (Perfected Slivers of the Null Arca)","","Perfected Null Arca Ring (Perfected Slivers of the Null Arca)","Perfected Null Arca Ring (Perfected Slivers of the Null Arca)","Deadly Dagger (Deadly Strike)","Deadly Dagger (Deadly Strike)","The Maelstrom's Perfected Greatsword (Perfected Merciless Charge)"," ()","Cephaliarch's Flail","Quick Cloak","Pragmatic Fatecarver","Killer's Blade","Camouflaged Hunter","Soul Harvest","Stampede","Molten Whip","Flames of Oblivion","Venomous Claw","Inspired Scholarship","Standard of Might"
"Lucent Citadel","Cavot Agnan","https://www.esologs.com/reports/3ryVatC1nN2k8mFf#fight=16&type=summary&source=9","@Slygonder","The Matte Kudasai","ardent-ass-herald-deadly-strike-perfected-slivers-of-the-null-arca","dps","Ardent","Ass","Herald","Perfected Slivers of the Null Arca","Deadly Strike","150432.2","4930.8","44.4","150432.2 DPS","","Valkyn Skoria Guise (Valkyn Skoria)","Perfected Null Arca Jack (Perfected Slivers of the Null Arca)","Deadly Arm Cops (Deadly Strike)","Perfected Null Arca Bracers (Perfected Slivers of the Null Arca)","","Perfected Null Arca Guards (Perfected Slivers of the Null Arca)","Perfected Null Arca Boots (Perfected Slivers of the Null Arca)","","Deadly Ring (Deadly Strike)","Deadly Ring (Deadly Strike)","Deadly Dagger (Deadly Strike)","Deadly Dagger (Deadly Strike)","The Maelstrom's Perfected Inferno Staff (Perfected Crushing Wall)"," ()","Killer's Blade","Pragmatic Fatecarver","Cephaliarch's Flail","Camouflaged Hunter","Barbed Trap","Soul Harvest","Elemental Blockade","Flames of Oblivion","Venomous Claw","Molten Whip","Inspired Scholarship","Standard of Might"
"Lucent Citadel","Cavot Agnan","https://www.esologs.com/reports/3ryVatC1nN2k8mFf#fight=16&type=summary&source=6","@p0rk","my hog","ardent-ass-herald-deadly-strike-perfected-slivers-of-the-null-arca","dps","Ardent","Ass","Herald","Deadly Strike","Perfected Slivers of the Null Arca","129200.3","2939.7","61.8","129200.3 DPS","","Nerien'eth Mask (Nerien'eth)","Perfected Null Arca Jack (Perfected Slivers of the Null Arca)","Nerien'eth Epaulets (Nerien'eth)","Perfected Null Arca Bracers (Perfected Slivers of the Null Arca)","","Deadly Guards (Deadly Strike)","Perfected Null Arca Boots (Perfected Slivers of the Null Arca)","","Deadly Ring (Deadly Strike)","Deadly Ring (Deadly Strike)","Deadly Dagger (Deadly Strike)","Deadly Dagger (Deadly Strike)","The Maelstrom's Greatsword (Merciless Charge)"," ()","Quick Cloak","Pragmatic Fatecarver","Cephaliarch's Flail","Killer's Blade","Shocking Banner (Cavalier's Charge / Courage)","Soul Harvest","Flames of Oblivion","Stampede","Venomous Claw","Inspired Scholarship","Shocking Banner (Cavalier's Charge / Courage)","Standard of Might"
"Lucent Citadel","Cavot Agnan","https://www.esologs.com/reports/3ryVatC1nN2k8mFf#fight=16&type=summary&source=13","@JoeTotale","Eu Spy","ardent-ass-herald-deadly-strike-perfected-slivers-of-the-null-arca","dps","Ardent","Ass","Herald","Perfected Slivers of the Null Arca","Deadly Strike","151580.4","7804.5","46.4","151580.4 DPS","","Slimecraw Guise (Slimecraw)","Perfected Null Arca Jack (Perfected Slivers of the Null Arca)","Deadly Arm Cops (Deadly Strike)","Perfected Null Arca Bracers (Perfected Slivers of the Null Arca)","","Perfected Null Arca Guards (Perfected Slivers of the Null Arca)","Deadly Boots (Deadly Strike)","","Perfected Null Arca Ring (Perfected Slivers of the Null Arca)","Perfected Null Arca Ring (Perfected Slivers of the Null Arca)","Deadly Dagger (Deadly Strike)","Deadly Dagger (Deadly Strike)","The Maelstrom's Greatsword (Merciless Charge)"," ()","Cephaliarch's Flail","Killer's Blade","Quick Cloak","Pragmatic Fatecarver","Camouflaged Hunter","Incapacitating Strike","Stampede","Venomous Claw","Inspired Scholarship","Molten Whip","Flames of Oblivion","Standard of Might"
"Lucent Citadel","Cavot Agnan","https://www.esologs.com/reports/3ryVatC1nN2k8mFf#fight=16&type=summary&source=14","@ImNotBrick","Chickén Alfredo","ardent-ass-herald-deadly-strike-perfected-slivers-of-the-null-arca","dps","Ardent","Ass","Herald","Deadly Strike","Perfected Slivers of the Null Arca","153826.0","9886.8","38.9","153826.0 DPS","","Deadly Helmet (Deadly Strike)","Perfected Null Arca Jack (Perfected Slivers of the Null Arca)","Slimecraw Epaulets (Slimecraw)","Perfected Null Arca Bracers (Perfected Slivers of the Null Arca)","","Perfected Null Arca Guards (Perfected Slivers of the Null Arca)","Perfected Null Arca Boots (Perfected Slivers of the Null Arca)","","Deadly Ring (Deadly Strike)","Deadly Ring (Deadly Strike)","Deadly Dagger (Deadly Strike)","Deadly Dagger (Deadly Strike)","The Maelstrom's Perfected Greatsword (Perfected Merciless Charge)"," ()","Cephaliarch's Flail","Quick Cloak","Camouflaged Hunter","Killer's Blade","Pragmatic Fatecarver","Soul Harvest","Stampede","Flames of Oblivion","Inspired Scholarship","Molten Whip","Venomous Claw","Standard of Might"
"Lucent Citadel","Cavot Agnan","https://www.esologs.com/reports/3ryVatC1nN2k8mFf#fight=16&type=summary&source=9","@DJ_M1n3r","Skrting on the Surface","ardent-ass-herald-deadly-strike-perfected-slivers-of-the-null-arca","dps","Ardent","Ass","Herald","Perfected Slivers of the Null Arca","Deadly Strike","172474.3","8886.8","45.8","172474.3 DPS","The Atronach","Slimecraw Guise (Slimecraw)","Perfected Null Arca Jack (Perfected Slivers of the Null Arca)","Deadly Arm Cops (Deadly Strike)","Perfected Null Arca Bracers (Perfected Slivers of the Null Arca)","","Perfected Null Arca Guards (Perfected Slivers of the Null Arca)","Perfected Null Arca Boots (Perfected Slivers of the Null Arca)","","Deadly Ring (Deadly Strike)","Deadly Ring (Deadly Strike)","Deadly Dagger (Deadly Strike)","Deadly Dagger (Deadly Strike)","The Maelstrom's Perfected Greatsword (Perfected Merciless Charge)"," ()","Pragmatic Fatecarver","Killer's Blade","Cephaliarch's Flail","Venomous Claw","Quick Cloak","Soul Harvest","Stampede","Fulminating Rune","Flames of Oblivion","Inspired Scholarship","Molten Whip","Standard of Might"
"Lucent Citadel","Cavot Agnan","https://www.esologs.com/reports/GBMfX7pdtANakCYx#fight=24&type=summary&source=3","@Missina","Aurora Invara","ass-herald-spear-perfected-slivers-of-the-null-arca-tide-born-wildstalker","dps","Ass","Spear","Herald","Perfected Slivers of the Null Arca","Tide-Born Wildstalker","144823.3","13172.4","31.5","144823.3 DPS","","Slimecraw Guise (Slimecraw)","Perfected Null Arca Jack (Perfected Slivers of the Null Arca)","Perfected Null Arca Arm Cops (Perfected Slivers of the Null Arca)","Perfected Null Arca Bracers (Perfected Slivers of the Null Arca)","","Tide-Born Guards (Tide-Born Wildstalker)","Perfected Null Arca Boots (Perfected Slivers of the Null Arca)","","Tide-Born Ring (Tide-Born Wildstalker)","Tide-Born Ring (Tide-Born Wildstalker)","Tide-Born Dagger (Tide-Born Wildstalker)","Tide-Born Dagger (Tide-Born Wildstalker)","The Maelstrom's Perfected Inferno Staff (Perfected Crushing Wall)"," ()","Blazing Spear","Quick Cloak","Cephaliarch's Flail","Pragmatic Fatecarver","Camouflaged Hunter","Incapacitating Strike","Inspired Scholarship","Elemental Blockade","Anti-Cavalry Caltrops","Fulminating Rune","Camouflaged Hunter","The Languid Eye"
"Lucent Citadel","Cavot Agnan","https://www.esologs.com/reports/GBMfX7pdtANakCYx#fight=24&type=summary&source=8","@Goroshia1","Harmaras Mora","ass-herald-spear-perfected-slivers-of-the-null-arca-tide-born-wildstalker","dps","Ass","Spear","Herald","Perfected Slivers of the Null Arca","Tide-Born Wildstalker","155947.0","11242.5","39.8","155947.0 DPS","The Thief","Slimecraw Guise (Slimecraw)","Perfected Null Arca Jack (Perfected Slivers of the Null Arca)","Perfected Null Arca Arm Cops (Perfected Slivers of the Null Arca)","Perfected Null Arca Bracers (Perfected Slivers of the Null Arca)","","Perfected Null Arca Guards (Perfected Slivers of the Null Arca)","Perfected Null Arca Boots (Perfected Slivers of the Null Arca)","","Tide-Born Ring (Tide-Born Wildstalker)","Tide-Born Ring (Tide-Born Wildstalker)","Tide-Born Dagger (Tide-Born Wildstalker)","Tide-Born Dagger (Tide-Born Wildstalker)","The Maelstrom's Perfected Inferno Staff (Perfected Crushing Wall)"," ()","Cephaliarch's Flail","Pragmatic Fatecarver","Blazing Spear","Quick Cloak","Camouflaged Hunter","Soul Harvest","Elemental Blockade","Inspired Scholarship","Fulminating Rune","Anti-Cavalry Caltrops","Concealed Weapon","The Languid Eye"
"Lucent Citadel","Cavot Agnan","https://www.esologs.com/reports/GBMfX7pdtANakCYx#fight=24&type=summary&source=4","@I_RobzzX","Berta die Buschige","ass-herald-spear-perfected-slivers-of-the-null-arca-tide-born-wildstalker","dps","Ass","Spear","Herald","Perfected Slivers of the Null Arca","Tide-Born Wildstalker","134909.5","7925.4","48.0","134909.5 DPS","","Slimecraw Guise (Slimecraw)","Perfected Null Arca Jack (Perfected Slivers of the Null Arca)","Tide-Born Arm Cops (Tide-Born Wildstalker)","Perfected Null Arca Bracers (Perfected Slivers of the Null Arca)","","Perfected Null Arca Guards (Perfected Slivers of the Null Arca)","Perfected Null Arca Boots (Perfected Slivers of the Null Arca)","","Tide-Born Ring (Tide-Born Wildstalker)","Tide-Born Ring (Tide-Born Wildstalker)","Tide-Born Dagger (Tide-Born Wildstalker)","Tide-Born Dagger (Tide-Born Wildstalker)","The Maelstrom's Perfected Greatsword (Perfected Merciless Charge)"," ()","Pragmatic Fatecarver","Cephaliarch's Flail","Blazing Spear","Quick Cloak","Camouflaged Hunter","Incapacitating Strike","Stampede","Inspired Scholarship","Anti-Cavalry Caltrops","Relentless Focus","Fulminating Rune","The Languid Eye"
"Lucent Citadel","Cavot Agnan","https://www.esologs.com/reports/GBMfX7pdtANakCYx#fight=24&type=summary&source=1","@Flonke","Zerena Zweifinger","ass-herald-spear-perfected-slivers-of-the-null-arca-tide-born-wildstalker","dps","Ass","Spear","Herald","Perfected Slivers of the Null Arca","Tide-Born Wildstalker","122278.6","8309.7","48.0","122278.6 DPS","","Perfected Null Arca Helmet (Perfected Slivers of the Null Arca)","Perfected Null Arca Jack (Perfected Slivers of the Null Arca)","Slimecraw Epaulets (Slimecraw)","Perfected Null Arca Bracers (Perfected Slivers of the Null Arca)","","Perfected Null Arca Guards (Perfected Slivers of the Null Arca)","Tide-Born Boots (Tide-Born Wildstalker)","","Tide-Born Ring (Tide-Born Wildstalker)","Tide-Born Ring (Tide-Born Wildstalker)","Tide-Born Dagger (Tide-Born Wildstalker)","Tide-Born Dagger (Tide-Born Wildstalker)","The Maelstrom's Perfected Inferno Staff (Perfected Crushing Wall)"," ()","Cephaliarch's Flail","Pragmatic Fatecarver","Blazing Spear","Quick Cloak","Banner Bearer","Incapacitating Strike","Blockade of Fire","Fulminating Rune","Concealed Weapon","Inspired Scholarship","Banner Bearer","The Languid Eye"
"Lucent Citadel","Cavot Agnan","https://www.esologs.com/reports/GBMfX7pdtANakCYx#fight=24&type=summary&source=5","@Wolf_Adrian","Cruxwolf","ass-herald-spear-perfected-slivers-of-the-null-arca-tide-born-wildstalker","dps","Ass","Spear","Herald","Perfected Slivers of the Null Arca","Tide-Born Wildstalker","139118.5","8932.2","49.7","139118.5 DPS","","Slimecraw Guise (Slimecraw)","Perfected Null Arca Jack (Perfected Slivers of the Null Arca)","Perfected Null Arca Arm Cops (Perfected Slivers of the Null Arca)","Perfected Null Arca Bracers (Perfected Slivers of the Null Arca)","","Perfected Null Arca Guards (Perfected Slivers of the Null Arca)","Tide-Born Boots (Tide-Born Wildstalker)","","Tide-Born Ring (Tide-Born Wildstalker)","Tide-Born Ring (Tide-Born Wildstalker)","Tide-Born Dagger (Tide-Born Wildstalker)","Tide-Born Dagger (Tide-Born Wildstalker)","The Maelstrom's Perfected Inferno Staff (Perfected Crushing Wall)"," ()","Cephaliarch's Flail","Pragmatic Fatecarver","Quick Cloak","Blazing Spear","Banner Bearer","Incapacitating Strike","Elemental Blockade","Fulminating Rune","Inspired Scholarship","Relentless Focus","Banner Bearer","The Languid Eye"
"Lucent Citadel","Cavot Agnan","https://www.esologs.com/reports/GBMfX7pdtANakCYx#fight=24&type=summary&source=12","@steve.o","Nelazi","ass-herald-spear-perfected-slivers-of-the-null-arca-tide-born-wildstalker","dps","Ass","Spear","Herald","Perfected Slivers of the Null Arca","Tide-Born Wildstalker","121009.8","6692.1","46.4","121009.8 DPS","","Slimecraw Guise (Slimecraw)","Perfected Null Arca Jack (Perfected Slivers of the Null Arca)","Tide-Born Epaulets (Tide-Born Wildstalker)","Perfected Null Arca Bracers (Perfected Slivers of the Null Arca)","","Perfected Null Arca Guards (Perfected Slivers of the Null Arca)","Perfected Null Arca Boots (Perfected Slivers of the Null Arca)","","Tide-Born Ring (Tide-Born Wildstalker)","Tide-Born Ring (Tide-Born Wildstalker)","Tide-Born Dagger (Tide-Born Wildstalker)","Tide-Born Dagger (Tide-Born Wildstalker)","The Maelstrom's Perfected Inferno Staff (Perfected Crushing Wall)"," ()","Blazing Spear","Pragmatic Fatecarver","Cephaliarch's Flail","Quick Cloak","Camouflaged Hunter","Incapacitating Strike","Scalding Rune","Elemental Blockade","Fulminating Rune","Inspired Scholarship","Camouflaged Hunter","The Languid Eye"
"Lucent Citadel","Cavot Agnan","https://www.esologs.com/reports/GBMfX7pdtANakCYx#fight=24&type=summary&source=2","@aerwarim","Arcanenarim der Erste","ass-herald-spear-perfected-slivers-of-the-null-arca-tide-born-wildstalker","dps","Ass","Spear","Herald","Perfected Slivers of the Null Arca","Tide-Born Wildstalker","148653.2","8592.3","36.4","148653.2 DPS","","Slimecraw Guise (Slimecraw)","Perfected Null Arca Jack (Perfected Slivers of the Null Arca)","Perfected Null Arca Arm Cops (Perfected Slivers of the Null Arca)","Perfected Null Arca Bracers (Perfected Slivers of the Null Arca)","","Tide-Born Guards (Tide-Born Wildstalker)","Perfected Null Arca Boots (Perfected Slivers of the Null Arca)","","Tide-Born Ring (Tide-Born Wildstalker)","Tide-Born Ring (Tide-Born Wildstalker)","Tide-Born Dagger (Tide-Born Wildstalker)","Tide-Born Dagger (Tide-Born Wildstalker)","The Maelstrom's Perfected Greatsword (Perfected Merciless Charge)"," ()","Quick Cloak","Cephaliarch's Flail","Camouflaged Hunter","Pragmatic Fatecarver","Blazing Spear","Incapacitating Strike","Scalding Rune","Stampede","Barbed Trap","Fulminating Rune","Inspired Scholarship","The Languid Eye"
"Lucent Citadel","Cavot Agnan","https://www.esologs.com/reports/waKyjdZWGbtcp4N2#fight=38&type=summary&source=5","@AmpEBK","Long-Tent Style","ardent-ass-herald-perfected-slivers-of-the-null-arca-unknown","dps","Ardent","Ass","Herald","Perfected Slivers of the Null Arca","Nerien'eth","135942.7","5474.7","44.4","135942.7 DPS","","Nerien'eth Mask (Nerien'eth)","Perfected Null Arca Jack (Perfected Slivers of the Null Arca)","Nerien'eth Arm Cops (Nerien'eth)","Perfected Null Arca Bracers (Perfected Slivers of the Null Arca)","","Perfected Null Arca Guards (Perfected Slivers of the Null Arca)","Perfected Null Arca Boots (Perfected Slivers of the Null Arca)","","Highland Sentinel Ring (Highland Sentinel)","Highland Sentinel Ring (Highland Sentinel)","Blackrose Perfected Dagger (Perfected Spectral Cloak)","Blackrose Perfected Dagger (Perfected Spectral Cloak)","The Maelstrom's Perfected Greatsword (Perfected Merciless Charge)"," ()","Quick Cloak","Cephaliarch's Flail","Camouflaged Hunter","Pragmatic Fatecarver","Killer's Blade","Incapacitating Strike","Fulminating Rune","Flames of Oblivion","Venomous Claw","Inspired Scholarship","Stampede","Standard of Might"
"Lucent Citadel","Cavot Agnan","https://www.esologs.com/reports/waKyjdZWGbtcp4N2#fight=38&type=summary&source=10","@Dan_Prime","Varinia Aventius","ardent-ass-herald-perfected-slivers-of-the-null-arca-unknown","dps","Ardent","Ass","Herald","Perfected Slivers of the Null Arca","Nerien'eth","137618.7","3963.5","45.9","137618.7 DPS","","Nerien'eth Mask (Nerien'eth)","Perfected Null Arca Jack (Perfected Slivers of the Null Arca)","Nerien'eth Epaulets (Nerien'eth)","Perfected Null Arca Bracers (Perfected Slivers of the Null Arca)","","Perfected Null Arca Guards (Perfected Slivers of the Null Arca)","Perfected Null Arca Boots (Perfected Slivers of the Null Arca)","","Highland Sentinel Ring (Highland Sentinel)","Highland Sentinel Ring (Highland Sentinel)","Blackrose Perfected Dagger (Perfected Spectral Cloak)","Blackrose Perfected Dagger (Perfected Spectral Cloak)","The Maelstrom's Perfected Greatsword (Perfected Merciless Charge)"," ()","Killer's Blade","Quick Cloak","Pragmatic Fatecarver","Camouflaged Hunter","Cephaliarch's Flail","Incapacitating Strike","Molten Whip","Venomous Claw","Stampede","Flames of Oblivion","Inspired Scholarship","Standard of Might"
"Lucent Citadel","Cavot Agnan","https://www.esologs.com/reports/waKyjdZWGbtcp4N2#fight=38&type=summary&source=9","@Magma9783","Taterheadbam","ardent-ass-herald-perfected-slivers-of-the-null-arca-unknown","dps","Ardent","Ass","Herald","Perfected Slivers of the Null Arca","Nerien'eth","153916.1","3769.3","52.3","153916.1 DPS","The Thief","Nerien'eth Mask (Nerien'eth)","Perfected Null Arca Jack (Perfected Slivers of the Null Arca)","Nerien'eth Epaulets (Nerien'eth)","Perfected Null Arca Bracers (Perfected Slivers of the Null Arca)","","Perfected Null Arca Guards (Perfected Slivers of the Null Arca)","Perfected Null Arca Boots (Perfected Slivers of the Null Arca)","","Ring of the Advancing Yokeda (Berserking Warrior)","Ring of the Advancing Yokeda (Berserking Warrior)","Blackrose Perfected Dagger (Perfected Spectral Cloak)","Blackrose Perfected Dagger (Perfected Spectral Cloak)","The Maelstrom's Greatsword (Merciless Charge)"," ()","Camouflaged Hunter","Killer's Blade","Quick Cloak","Pragmatic Fatecarver","Cephaliarch's Flail","Soul Harvest","Molten Whip","Flames of Oblivion","Venomous Claw","Inspired Scholarship","Stampede","Standard of Might"
"Lucent Citadel","Cavot Agnan","https://www.esologs.com/reports/waKyjdZWGbtcp4N2#fight=38&type=summary&source=7","@Dan_Prime","Varinia Aventius","ardent-ass-herald-perfected-slivers-of-the-null-arca-unknown","dps","Ardent","Ass","Herald","Perfected Slivers of the Null Arca","Nerien'eth","101263.2","3696.7","44.7","101263.2 DPS","","Nerien'eth Mask (Nerien'eth)","Perfected Null Arca Jack (Perfected Slivers of the Null Arca)","Nerien'eth Epaulets (Nerien'eth)","Perfected Null Arca Bracers (Perfected Slivers of the Null Arca)","","Perfected Null Arca Guards (Perfected Slivers of the Null Arca)","Perfected Null Arca Boots (Perfected Slivers of the Null Arca)","","Highland Sentinel Ring (Highland Sentinel)","Highland Sentinel Ring (Highland Sentinel)","Blackrose Perfected Dagger (Perfected Spectral Cloak)","Blackrose Perfected Dagger (Perfected Spectral Cloak)","The Maelstrom's Perfected Greatsword (Perfected Merciless Charge)"," ()","Killer's Blade","Quick Cloak","Pragmatic Fatecarver","Camouflaged Hunter","Cephaliarch's Flail","Incapacitating Strike","Molten Whip","Venomous Claw","Stampede","Flames of Oblivion","Inspired Scholarship","Standard of Might"
"Lucent Citadel","Cavot Agnan","https://www.esologs.com/reports/waKyjdZWGbtcp4N2#fight=38&type=summary&source=15","@Magma9783","Taterheadbam","ardent-ass-herald-perfected-slivers-of-the-null-arca-unknown","dps","Ardent","Ass","Herald","Perfected Slivers of the Null Arca","Nerien'eth","115789.8","5501.4","41.6","115789.8 DPS","","Nerien'eth Mask (Nerien'eth)","Perfected Null Arca Jack (Perfected Slivers of the Null Arca)","Nerien'eth Epaulets (Nerien'eth)","Perfected Null Arca Bracers (Perfected Slivers of the Null Arca)","","Perfected Null Arca Guards (Perfected Slivers of the Null Arca)","Perfected Null Arca Boots (Perfected Slivers of the Null Arca)","","Ring of the Advancing Yokeda (Berserking Warrior)","Ring of the Advancing Yokeda (Berserking Warrior)","Blackrose Perfected Dagger (Perfected Spectral Cloak)","Blackrose Perfected Dagger (Perfected Spectral Cloak)","The Master's Perfected Bow (Perfected Caustic Arrow)"," ()","Shadow Silk","Killer's Blade","Quick Cloak","Pragmatic Fatecarver","Cephaliarch's Flail","Incapacitating Strike","Barbed Trap","Anti-Cavalry Caltrops","Scalding Rune","Inspired Scholarship","Endless Hail","Standard of Might"
"Lucent Citadel","Cavot Agnan","https://www.esologs.com/reports/waKyjdZWGbtcp4N2#fight=38&type=summary&source=10","@Dan_Prime","Varinia Aventius","ardent-ass-herald-perfected-slivers-of-the-null-arca-unknown","dps","Ardent","Ass","Herald","Perfected Slivers of the Null Arca","Nerien'eth","103756.6","6643.8","33.0","103756.6 DPS","","Nerien'eth Mask (Nerien'eth)","Perfected Null Arca Jack (Perfected Slivers of the Null Arca)","Nerien'eth Epaulets (Nerien'eth)","Perfected Null Arca Bracers (Perfected Slivers of the Null Arca)","","Perfected Null Arca Guards (Perfected Slivers of the Null Arca)","Perfected Null Arca Boots (Perfected Slivers of the Null Arca)","","Highland Sentinel Ring (Highland Sentinel)","Highland Sentinel Ring (Highland Sentinel)","Blackrose Perfected Dagger (Perfected Spectral Cloak)","Blackrose Perfected Dagger (Perfected Spectral Cloak)","The Maelstrom's Perfected Greatsword (Perfected Merciless Charge)"," ()","Killer's Blade","Quick Cloak","Pragmatic Fatecarver","Banner Bearer","Cephaliarch's Flail","Incapacitating Strike","Banner Bearer","Venomous Claw","Stampede","Flames of Oblivion","Inspired Scholarship","Standard of Might"
"Lucent Citadel","Cavot Agnan","https://www.esologs.com/reports/d6BDW8ArHmjtVyg9#fight=29&type=summary&source=9","@tofua","Nymatea","green-resto-x-perfected-pillagers-profit-spell-power-cure","healer","Resto","Green","x","Spell Power Cure","Perfected Pillager's Profit","3684.9","72053.8","33.6","72053.8 HPS","","Ozezan the Inferno's Mask (Ozezan the Inferno)","Spell Power Cure Robe (Spell Power Cure)","Ozezan the Inferno's Epaulets (Ozezan the Inferno)","Spell Power Cure Gloves (Spell Power Cure)","","Spell Power Cure Breeches (Spell Power Cure)","Spell Power Cure Shoes (Spell Power Cure)","","Perfected Pillager's Band (Perfected Pillager's Profit)","Perfected Pillager's Band (Perfected Pillager's Profit)","The Asylum's Perfected Restoration Staff (Perfected Timeless Blessing)"," ()","Perfected Pillager's Ice Staff (Perfected Pillager's Profit)"," ()","Illustrious Healing","Budding Seeds","Combat Prayer","Echoing Vigor","Healthy Offering","Replenishing Barrier","Magical Trample","Elemental Blockade","Overflowing Altar","Extended Ritual","Energy Orb","Replenishing Barrier"
"Lucent Citadel","Cavot Agnan","https://www.esologs.com/reports/d6BDW8ArHmjtVyg9#fight=29&type=summary&source=2","@MrsLizardFace","Edward The Gayden","green-resto-x-perfected-pillagers-profit-spell-power-cure","healer","Resto","Green","x","Perfected Pillager's Profit","Spell Power Cure","8523.9","127384.2","65.0","127384.2 HPS","The Ritual","Ozezan the Inferno's Mask (Ozezan the Inferno)","Spell Power Cure Robe (Spell Power Cure)","Ozezan the Inferno's Epaulets (Ozezan the Inferno)","Perfected Pillager's Gloves (Perfected Pillager's Profit)","","Spell Power Cure Breeches (Spell Power Cure)","Spell Power Cure Shoes (Spell Power Cure)","","Perfected Pillager's Band (Perfected Pillager's Profit)","Perfected Pillager's Band (Perfected Pillager's Profit)","Spell Power Cure Restoration Staff (Spell Power Cure)"," ()","Perfected Pillager's Lightning Staff (Perfected Pillager's Profit)"," ()","Combat Prayer","Radiating Regeneration","Illustrious Healing","Radiant Aura","Echoing Vigor","Reviving Barrier","Elemental Blockade","Budding Seeds","Energy Orb","Extended Ritual","Elemental Explosion","Reviving Barrier"
"Lucent Citadel","Cavot Agnan","https://www.esologs.com/reports/waKyjdZWGbtcp4N2#fight=38&type=summary&source=11","@ChristineCamaro","x Allison Chains x","green-resto-siphon-perfected-saxhleel-champion-spell-power-cure","healer","Siphon","Resto","Green","Spell Power Cure","Perfected Saxhleel Champion","6212.9","116237.9","74.4","116237.9 HPS","The Atronach","Nazaray Guise (Nazaray)","Robe of the Trainee (Armor of the Trainee)","Nazaray Epaulets (Nazaray)","Spell Power Cure Gloves (Spell Power Cure)","","Spell Power Cure Breeches (Spell Power Cure)","Saxhleel Champion's Perfected Sabatons (Perfected Saxhleel Champion)","","Saxhleel Champion's Perfected Ring (Perfected Saxhleel Champion)","Saxhleel Champion's Perfected Ring (Perfected Saxhleel Champion)","Spell Power Cure Restoration Staff (Spell Power Cure)"," ()","Saxhleel Champion's Perfected Lightning Staff (Perfected Saxhleel Champion)"," ()","Budding Seeds","Ring of Preservation","Combat Prayer","Radiating Regeneration","Illustrious Healing","Soul Siphon","Echoing Vigor","Blockade of Storms","Extended Ritual","Mystic Orb","Siphoning Attacks","Reviving Barrier"
"Lucent Citadel","Cavot Agnan","https://www.esologs.com/reports/waKyjdZWGbtcp4N2#fight=38&type=summary&source=8","@ChristineCamaro","x Allison Chains x","green-resto-siphon-perfected-saxhleel-champion-spell-power-cure","healer","Siphon","Resto","Green","Spell Power Cure","Perfected Saxhleel Champion","5903.1","103701.1","72.8","103701.1 HPS","","Nazaray Guise (Nazaray)","Robe of the Trainee (Armor of the Trainee)","Nazaray Epaulets (Nazaray)","Spell Power Cure Gloves (Spell Power Cure)","","Spell Power Cure Breeches (Spell Power Cure)","Saxhleel Champion's Perfected Sabatons (Perfected Saxhleel Champion)","","Saxhleel Champion's Perfected Ring (Perfected Saxhleel Champion)","Saxhleel Champion's Perfected Ring (Perfected Saxhleel Champion)","Spell Power Cure Restoration Staff (Spell Power Cure)"," ()","Saxhleel Champion's Perfected Lightning Staff (Perfected Saxhleel Champion)"," ()","Budding Seeds","Ring of Preservation","Combat Prayer","Radiating Regeneration","Illustrious Healing","Soul Siphon","Echoing Vigor","Elemental Blockade","Extended Ritual","Mystic Orb","Siphoning Attacks","Reviving Barrier"
"Lucent Citadel","Cavot Agnan","https://www.esologs.com/reports/zfJLphnBH6TWYcCV#fight=17&type=summary&source=1","@MeggySlayer69","Meggyslayer","green-resto-siphon-perfected-pillagers-profit-spell-power-cure","healer","Siphon","Resto","Green","Perfected Pillager's Profit","Spell Power Cure","4215.2","145401.6","49.4","145401.6 HPS","","Ozezan the Inferno's Mask (Ozezan the Inferno)","Spell Power Cure Robe (Spell Power Cure)","Ozezan the Inferno's Epaulets (Ozezan the Inferno)","Perfected Pillager's Gloves (Perfected Pillager's Profit)","","Spell Power Cure Breeches (Spell Power Cure)","Spell Power Cure Shoes (Spell Power Cure)","","Perfected Pillager's Band (Perfected Pillager's Profit)","Perfected Pillager's Band (Perfected Pillager's Profit)","Spell Power Cure Restoration Staff (Spell Power Cure)"," ()","Perfected Pillager's Lightning Staff (Perfected Pillager's Profit)"," ()","Combat Prayer","Radiating Regeneration","Illustrious Healing","Budding Seeds","Energy Orb","Soul Siphon","Elemental Blockade","Echoing Vigor","Ulfsild's Contingency","Extended Ritual","Siphoning Attacks","Reviving Barrier"
"Lucent Citadel","Cavot Agnan","https://www.esologs.com/reports/zfJLphnBH6TWYcCV#fight=17&type=summary&source=5","@Luust","Ice to meet youu","green-resto-siphon-perfected-pillagers-profit-spell-power-cure","healer","Siphon","Resto","Green","Spell Power Cure","Perfected Pillager's Profit","5185.4","145798.3","68.7","145798.3 HPS","","Ozezan the Inferno's Guise (Ozezan the Inferno)","Spell Power Cure Robe (Spell Power Cure)","Ozezan the Inferno's Arm Cops (Ozezan the Inferno)","Spell Power Cure Gloves (Spell Power Cure)","","Breeches of the Trainee (Armor of the Trainee)","Perfected Pillager's Shoes (Perfected Pillager's Profit)","","Perfected Pillager's Band (Perfected Pillager's Profit)","Perfected Pillager's Band (Perfected Pillager's Profit)","Spell Power Cure Restoration Staff (Spell Power Cure)"," ()","Perfected Pillager's Lightning Staff (Perfected Pillager's Profit)"," ()","Echoing Vigor","Illustrious Healing","Energy Orb","Combat Prayer","Radiating Regeneration","Soul Siphon","Overflowing Altar","Elemental Blockade","Budding Seeds","Radiant Aura","Extended Ritual","Replenishing Barrier"
"Lucent Citadel","Cavot Agnan","https://www.esologs.com/reports/zfJLphnBH6TWYcCV#fight=17&type=summary&source=22","@AlienBeeings","Stinvar","earthen-soldier-winter-perfected-lucent-echoes-unknown","tank","Earthen","Winter","Soldier","Perfected Lucent Echoes","Perfected Saxhleel Champion","14157.0","4317.5","64.4","64.4 CPM","","Nazaray Mask (Nazaray)","Lucent Echoes Perfected Cuirass (Perfected Lucent Echoes)","Nazaray Epaulets (Nazaray)","Lucent Echoes Perfected Gauntlets (Perfected Lucent Echoes)","","Lucent Echoes Perfected Greaves (Perfected Lucent Echoes)","Lucent Echoes Perfected Sabatons (Perfected Lucent Echoes)","","Saxhleel Champion's Perfected Ring (Perfected Saxhleel Champion)","Saxhleel Champion's Perfected Ring (Perfected Saxhleel Champion)","Ice Staff of the Powerful Assault (Powerful Assault)"," ()","The Maelstrom's Perfected Inferno Staff (Perfected Crushing Wall)"," ()","Runic Sunder","Stone Giant","Igneous Shield","Winter's Revenge","Rune of the Colorless Pool","Aggressive Horn","Elemental Susceptibility","Elemental Blockade","Leashing Soul","Expansive Frost Cloak","Igneous Weapons","Blood Scion"
"Lucent Citadel","Cavot Agnan","https://www.esologs.com/reports/zfJLphnBH6TWYcCV#fight=17&type=summary&source=3","@CaptainRele","Miss O'Ginny","daedric-storm-x-war-machine-way-of-martial-knowledge","tank","Daedric","Storm","x","War Machine","Way of Martial Knowledge","41817.2","15203.8","76.4","76.4 CPM","","Slimecraw Mask (Slimecraw)","War Machine Jack (War Machine)","War Machine Arm Cops (War Machine)","War Machine Bracers (War Machine)","","War Machine Guards (War Machine)","War Machine Boots (War Machine)","","Ring of Martial Knowledge (Way of Martial Knowledge)","Ring of Martial Knowledge (Way of Martial Knowledge)","Dagger of Martial Knowledge (Way of Martial Knowledge)","Dagger of Martial Knowledge (Way of Martial Knowledge)","The Maelstrom's Perfected Inferno Staff (Perfected Crushing Wall)"," ()","Camouflaged Hunter","Daedric Prey","Shattering Knife","Mystic Orb","Razor Caltrops","Flawless Dawnbreaker","Lightning Flood","Time Freeze","Elemental Blockade","Magical Trample","Leashing Soul","Summon Charged Atronach"
"Lucent Citadel","Orphic Shattered Shard","https://www.esologs.com/reports/3ryVatC1nN2k8mFf#fight=20&type=summary&source=15","@M0R_Gaming","Kallíópē","ardent-ass-herald-deadly-strike-perfected-ansuuls-torment","dps","Ardent","Ass","Herald","Deadly Strike","Perfected Ansuul's Torment","90082.0","2529.5","23.8","90082.0 DPS","","Deadly Helmet (Deadly Strike)","Deadly Jack (Deadly Strike)","Valkyn Skoria Epaulets (Valkyn Skoria)","Ansuul's Perfected Bracers (Perfected Ansuul's Torment)","","Ansuul's Perfected Guards (Perfected Ansuul's Torment)","Deadly Boots (Deadly Strike)","","Ansuul's Perfected Ring (Perfected Ansuul's Torment)","Ansuul's Perfected Ring (Perfected Ansuul's Torment)","Deadly Dagger (Deadly Strike)","Deadly Dagger (Deadly Strike)","The Maelstrom's Perfected Greatsword (Perfected Merciless Charge)"," ()","Cephaliarch's Flail","Venomous Claw","Exhausting Fatecarver","Flames of Oblivion","Quick Cloak","Soul Harvest","Stampede","Molten Whip","Inspired Scholarship","Relentless Focus","Camouflaged Hunter","Standard of Might"
"Lucent Citadel","Orphic Shattered Shard","https://www.esologs.com/reports/3ryVatC1nN2k8mFf#fight=20&type=summary&source=14","@A234Ri12","Barrius Teriani","ardent-ass-herald-deadly-strike-perfected-ansuuls-torment","dps","Ardent","Ass","Herald","Perfected Ansuul's Torment","Deadly Strike","159060.6","4745.3","34.0","159060.6 DPS","The Thief","Slimecraw Guise (Slimecraw)","Ansuul's Perfected Jack (Perfected Ansuul's Torment)","Ansuul's Perfected Arm Cops (Perfected Ansuul's Torment)","Ansuul's Perfected Bracers (Perfected Ansuul's Torment)","","Ansuul's Perfected Guards (Perfected Ansuul's Torment)","Deadly Boots (Deadly Strike)","","Deadly Ring (Deadly Strike)","Deadly Ring (Deadly Strike)","Deadly Dagger (Deadly Strike)","Deadly Dagger (Deadly Strike)","The Maelstrom's Perfected Greatsword (Perfected Merciless Charge)"," ()","Quick Cloak","Pragmatic Fatecarver","Cephaliarch's Flail","Venomous Claw","Killer's Blade","Soul Harvest","Stampede","Inspired Scholarship","Flames of Oblivion","Sundering Trample","Molten Whip","The Languid Eye"
"Lucent Citadel","Orphic Shattered Shard","https://www.esologs.com/reports/3ryVatC1nN2k8mFf#fight=20&type=summary&source=7","@SrednaKrom","Nuclær","ardent-ass-herald-deadly-strike-perfected-ansuuls-torment","dps","Ardent","Ass","Herald","Deadly Strike","Perfected Ansuul's Torment","146000.0","6241.0","37.0","146000.0 DPS","","Slimecraw Guise (Slimecraw)","Deadly Jack (Deadly Strike)","Ansuul's Perfected Arm Cops (Perfected Ansuul's Torment)","Ansuul's Perfected Bracers (Perfected Ansuul's Torment)","","Deadly Guards (Deadly Strike)","Ansuul's Perfected Boots (Perfected Ansuul's Torment)","","Ansuul's Perfected Ring (Perfected Ansuul's Torment)","Ansuul's Perfected Ring (Perfected Ansuul's Torment)","Deadly Dagger (Deadly Strike)","Deadly Dagger (Deadly Strike)","The Maelstrom's Perfected Greatsword (Perfected Merciless Charge)"," ()","Cephaliarch's Flail","Quick Cloak","Pragmatic Fatecarver","Killer's Blade","Camouflaged Hunter","Soul Harvest","Stampede","Molten Whip","Flames of Oblivion","Venomous Claw","Inspired Scholarship","The Languid Eye"
"Lucent Citadel","Orphic Shattered Shard","https://www.esologs.com/reports/3ryVatC1nN2k8mFf#fight=20&type=summary&source=11","@dudu_biberveldt","Three Two One Beam","ardent-ass-herald-deadly-strike-perfected-ansuuls-torment","dps","Ardent","Ass","Herald","Perfected Ansuul's Torment","Deadly Strike","139272.4","5348.8","36.6","139272.4 DPS","","Slimecraw Guise (Slimecraw)","Ansuul's Perfected Jack (Perfected Ansuul's Torment)","Deadly Arm Cops (Deadly Strike)","Ansuul's Perfected Bracers (Perfected Ansuul's Torment)","","Ansuul's Perfected Guards (Perfected Ansuul's Torment)","Ansuul's Perfected Boots (Perfected Ansuul's Torment)","","Deadly Ring (Deadly Strike)","Deadly Ring (Deadly Strike)","Deadly Dagger (Deadly Strike)","Deadly Dagger (Deadly Strike)","The Maelstrom's Perfected Greatsword (Perfected Merciless Charge)"," ()","Cephaliarch's Flail","Flames of Oblivion","Camouflaged Hunter","Pragmatic Fatecarver","Quick Cloak","Soul Harvest","Stampede","Venomous Claw","Engulfing Flames","Inspired Scholarship","Molten Whip","The Languid Eye"
"Lucent Citadel","Orphic Shattered Shard","https://www.esologs.com/reports/3ryVatC1nN2k8mFf#fight=20&type=summary&source=9","@Slygonder","The Matte Kudasai","ardent-ass-herald-deadly-strike-perfected-ansuuls-torment","dps","Ardent","Ass","Herald","Perfected Ansuul's Torment","Deadly Strike","128278.4","5663.3","32.1","128278.4 DPS","","Slimecraw Guise (Slimecraw)","Ansuul's Perfected Jack (Perfected Ansuul's Torment)","Deadly Arm Cops (Deadly Strike)","Ansuul's Perfected Bracers (Perfected Ansuul's Torment)","","Ansuul's Perfected Guards (Perfected Ansuul's Torment)","Ansuul's Perfected Boots (Perfected Ansuul's Torment)","","Deadly Ring (Deadly Strike)","Deadly Ring (Deadly Strike)","Deadly Dagger (Deadly Strike)","Deadly Dagger (Deadly Strike)","The Maelstrom's Perfected Inferno Staff (Perfected Crushing Wall)"," ()","Quick Cloak","Pragmatic Fatecarver","Cephaliarch's Flail","Camouflaged Hunter","Killer's Blade","Soul Harvest","Elemental Blockade","Flames of Oblivion","Venomous Claw","Molten Whip","Inspired Scholarship","The Languid Eye"
"Lucent Citadel","Orphic Shattered Shard","https://www.esologs.com/reports/3ryVatC1nN2k8mFf#fight=20&type=summary&source=9","@Sxhmock","Nerf this bs Class","ardent-ass-herald-deadly-strike-perfected-ansuuls-torment","dps","Ardent","Ass","Herald","Perfected Ansuul's Torment","Deadly Strike","131585.0","8072.0","52.7","131585.0 DPS","","Slimecraw Guise (Slimecraw)","Ansuul's Perfected Jack (Perfected Ansuul's Torment)","Deadly Arm Cops (Deadly Strike)","Ansuul's Perfected Bracers (Perfected Ansuul's Torment)","","Ansuul's Perfected Guards (Perfected Ansuul's Torment)","Ansuul's Perfected Boots (Perfected Ansuul's Torment)","","Deadly Ring (Deadly Strike)","Deadly Ring (Deadly Strike)","Deadly Dagger (Deadly Strike)","Deadly Dagger (Deadly Strike)","The Maelstrom's Perfected Greatsword (Perfected Merciless Charge)"," ()","Cephaliarch's Flail","Killer's Blade","Quick Cloak","Pragmatic Fatecarver","Camouflaged Hunter","Soul Harvest","Venomous Claw","Flames of Oblivion","Stampede","Inspired Scholarship","Echoing Vigor","The Languid Eye"
"Lucent Citadel","Orphic Shattered Shard","https://www.esologs.com/reports/3ryVatC1nN2k8mFf#fight=20&type=summary&source=11","@MedicateMe","The Cruxfather","ardent-ass-herald-deadly-strike-perfected-ansuuls-torment","dps","Ardent","Ass","Herald","Perfected Ansuul's Torment","Deadly Strike","132033.5","14367.7","33.2","132033.5 DPS","","Slimecraw Guise (Slimecraw)","Ansuul's Perfected Jack (Perfected Ansuul's Torment)","Deadly Arm Cops (Deadly Strike)","Deadly Bracers (Deadly Strike)","","Deadly Guards (Deadly Strike)","Ansuul's Perfected Boots (Perfected Ansuul's Torment)","","Ansuul's Perfected Ring (Perfected Ansuul's Torment)","Ansuul's Perfected Ring (Perfected Ansuul's Torment)","Deadly Dagger (Deadly Strike)","Deadly Dagger (Deadly Strike)","The Maelstrom's Perfected Inferno Staff (Perfected Crushing Wall)"," ()","Cephaliarch's Flail","Pragmatic Fatecarver","Killer's Blade","Quick Cloak","Camouflaged Hunter","Soul Harvest","Elemental Blockade","Venomous Claw","Flames of Oblivion","Inspired Scholarship","Echoing Vigor","The Languid Eye"
"Lucent Citadel","Orphic Shattered Shard","https://www.esologs.com/reports/3ryVatC1nN2k8mFf#fight=20&type=summary&source=7","@Fjior","Lost Arcanist","ardent-ass-herald-deadly-strike-perfected-ansuuls-torment","dps","Ardent","Ass","Herald","Perfected Ansuul's Torment","Deadly Strike","137248.0","11939.7","52.2","137248.0 DPS","","Slimecraw Guise (Slimecraw)","Ansuul's Perfected Jack (Perfected Ansuul's Torment)","Deadly Arm Cops (Deadly Strike)","Deadly Bracers (Deadly Strike)","","Ansuul's Perfected Guards (Perfected Ansuul's Torment)","Deadly Boots (Deadly Strike)","","Ansuul's Perfected Ring (Perfected Ansuul's Torment)","Ansuul's Perfected Ring (Perfected Ansuul's Torment)","Deadly Dagger (Deadly Strike)","Deadly Dagger (Deadly Strike)","The Maelstrom's Perfected Greatsword (Perfected Merciless Charge)"," ()","Quick Cloak","Pragmatic Fatecarver","Cephaliarch's Flail","Killer's Blade","Camouflaged Hunter","Soul Harvest","Stampede","Inspired Scholarship","Flames of Oblivion","Echoing Vigor","Molten Whip","The Languid Eye"
"Lucent Citadel","Orphic Shattered Shard","https://www.esologs.com/reports/3ryVatC1nN2k8mFf#fight=20&type=summary&source=6","@P4inK1IL","Jînxx","ardent-ass-herald-deadly-strike-perfected-ansuuls-torment","dps","Ardent","Ass","Herald","Perfected Ansuul's Torment","Deadly Strike","141059.9","10593.1","46.4","141059.9 DPS","","Slimecraw Guise (Slimecraw)","Ansuul's Perfected Jack (Perfected Ansuul's Torment)","Ansuul's Perfected Arm Cops (Perfected Ansuul's Torment)","Deadly Bracers (Deadly Strike)","","Ansuul's Perfected Guards (Perfected Ansuul's Torment)","Ansuul's Perfected Boots (Perfected Ansuul's Torment)","","Deadly Ring (Deadly Strike)","Deadly Ring (Deadly Strike)","Deadly Dagger (Deadly Strike)","Deadly Dagger (Deadly Strike)","The Maelstrom's Perfected Greatsword (Perfected Merciless Charge)"," ()","Pragmatic Fatecarver","Cephaliarch's Flail","Killer's Blade","Quick Cloak","Camouflaged Hunter","Soul Harvest","Stampede","Venomous Claw","Echoing Vigor","Inspired Scholarship","Flames of Oblivion","The Languid Eye"
"Lucent Citadel","Orphic Shattered Shard","https://www.esologs.com/reports/3ryVatC1nN2k8mFf#fight=20&type=summary&source=5","@MagiiC_One","Jeánne d Arc","ardent-ass-herald-deadly-strike-perfected-ansuuls-torment","dps","Ardent","Ass","Herald","Perfected Ansuul's Torment","Deadly Strike","120439.3","2456.8","35.5","120439.3 DPS","","Slimecraw Guise (Slimecraw)","Ansuul's Perfected Jack (Perfected Ansuul's Torment)","Ansuul's Perfected Arm Cops (Perfected Ansuul's Torment)","Ansuul's Perfected Bracers (Perfected Ansuul's Torment)","","Ansuul's Perfected Guards (Perfected Ansuul's Torment)","Deadly Boots (Deadly Strike)","","Deadly Ring (Deadly Strike)","Deadly Ring (Deadly Strike)","Deadly Dagger (Deadly Strike)","Deadly Dagger (Deadly Strike)","The Maelstrom's Perfected Inferno Staff (Perfected Crushing Wall)"," ()","Quick Cloak","Banner Bearer","Killer's Blade","Cephaliarch's Flail","Pragmatic Fatecarver","Soul Harvest","Venomous Claw","Banner Bearer","Inspired Scholarship","Elemental Blockade","Flames of Oblivion","The Languid Eye"
"Lucent Citadel","Orphic Shattered Shard","https://www.esologs.com/reports/3ryVatC1nN2k8mFf#fight=20&type=summary&source=10","@YungGunz","Saphira'a","ardent-ass-herald-deadly-strike-perfected-ansuuls-torment","dps","Ardent","Ass","Herald","Perfected Ansuul's Torment","Deadly Strike","120876.4","8882.5","48.4","120876.4 DPS","","Slimecraw Guise (Slimecraw)","Ansuul's Perfected Jack (Perfected Ansuul's Torment)","Deadly Arm Cops (Deadly Strike)","Ansuul's Perfected Bracers (Perfected Ansuul's Torment)","","Ansuul's Perfected Guards (Perfected Ansuul's Torment)","Ansuul's Perfected Boots (Perfected Ansuul's Torment)","","Deadly Ring (Deadly Strike)","Deadly Ring (Deadly Strike)","Deadly Dagger (Deadly Strike)","Deadly Dagger (Deadly Strike)","The Maelstrom's Perfected Greatsword (Perfected Merciless Charge)"," ()","Cephaliarch's Flail","Pragmatic Fatecarver","Quick Cloak","Killer's Blade","Camouflaged Hunter","Soul Harvest","Stampede","Inspired Scholarship","Echoing Vigor","Flames of Oblivion","Molten Whip","The Languid Eye"
"Lucent Citadel","Orphic Shattered Shard","https://www.esologs.com/reports/3ryVatC1nN2k8mFf#fight=20&type=summary&source=2","@Dovhesi","Apäthy","ardent-ass-herald-deadly-strike-perfected-ansuuls-torment","dps","Ardent","Ass","Herald","Perfected Ansuul's Torment","Deadly Strike","102730.7","5601.4","27.8","102730.7 DPS","","Slimecraw Guise (Slimecraw)","Ansuul's Perfected Jack (Perfected Ansuul's Torment)","Ansuul's Perfected Arm Cops (Perfected Ansuul's Torment)","Ansuul's Perfected Bracers (Perfected Ansuul's Torment)","","Ansuul's Perfected Guards (Perfected Ansuul's Torment)","Ansuul's Perfected Boots (Perfected Ansuul's Torment)","","Deadly Ring (Deadly Strike)","Deadly Ring (Deadly Strike)","Deadly Dagger (Deadly Strike)","Deadly Dagger (Deadly Strike)","The Maelstrom's Perfected Greatsword (Perfected Merciless Charge)"," ()","Quick Cloak","Killer's Blade","Camouflaged Hunter","Cephaliarch's Flail","Pragmatic Fatecarver","Soul Harvest","Venomous Claw","Stampede","Flames of Oblivion","Inspired Scholarship","Sundering Trample","Standard of Might"
"Lucent Citadel","Orphic Shattered Shard","https://www.esologs.com/reports/waKyjdZWGbtcp4N2#fight=13&type=summary&source=6","@p0rk","my hog","ardent-ass-herald-perfected-slivers-of-the-null-arca-unknown","dps","Ardent","Ass","Herald","Perfected Slivers of the Null Arca","Nerien'eth","112035.5","2233.5","46.7","112035.5 DPS","","Nerien'eth Mask (Nerien'eth)","Perfected Null Arca Jack (Perfected Slivers of the Null Arca)","Nerien'eth Epaulets (Nerien'eth)","Perfected Null Arca Bracers (Perfected Slivers of the Null Arca)","","Perfected Null Arca Guards (Perfected Slivers of the Null Arca)","Perfected Null Arca Boots (Perfected Slivers of the Null Arca)","","Highland Sentinel Ring (Highland Sentinel)","Highland Sentinel Ring (Highland Sentinel)","Blackrose Dagger (Spectral Cloak)","Blackrose Dagger (Spectral Cloak)","The Maelstrom's Greatsword (Merciless Charge)"," ()","Quick Cloak","Pragmatic Fatecarver","Cephaliarch's Flail","Killer's Blade","Shocking Banner (Cavalier's Charge / Courage)","Soul Harvest","Flames of Oblivion","Stampede","Venomous Claw","Inspired Scholarship","Shocking Banner (Cavalier's Charge / Courage)","The Languid Eye"
"Lucent Citadel","Orphic Shattered Shard","https://www.esologs.com/reports/waKyjdZWGbtcp4N2#fight=13&type=summary&source=5","@AmpEBK","Long-Tent Style","ardent-ass-herald-perfected-slivers-of-the-null-arca-unknown","dps","Ardent","Ass","Herald","Perfected Slivers of the Null Arca","Nerien'eth","127339.1","2356.0","41.9","127339.1 DPS","","Nerien'eth Mask (Nerien'eth)","Perfected Null Arca Jack (Perfected Slivers of the Null Arca)","Nerien'eth Arm Cops (Nerien'eth)","Perfected Null Arca Bracers (Perfected Slivers of the Null Arca)","","Perfected Null Arca Guards (Perfected Slivers of the Null Arca)","Perfected Null Arca Boots (Perfected Slivers of the Null Arca)","","Highland Sentinel Ring (Highland Sentinel)","Highland Sentinel Ring (Highland Sentinel)","Blackrose Perfected Dagger (Perfected Spectral Cloak)","Blackrose Perfected Dagger (Perfected Spectral Cloak)","The Maelstrom's Perfected Greatsword (Perfected Merciless Charge)"," ()","Quick Cloak","Cephaliarch's Flail","Camouflaged Hunter","Pragmatic Fatecarver","Killer's Blade","Incapacitating Strike","Fulminating Rune","Flames of Oblivion","Venomous Claw","Inspired Scholarship","Stampede","Standard of Might"
"Lucent Citadel","Orphic Shattered Shard","https://www.esologs.com/reports/waKyjdZWGbtcp4N2#fight=13&type=summary&source=10","@Dan_Prime","Varinia Aventius","ardent-ass-herald-perfected-slivers-of-the-null-arca-unknown","dps","Ardent","Ass","Herald","Perfected Slivers of the Null Arca","Nerien'eth","121555.4","2676.4","46.2","121555.4 DPS","","Nerien'eth Mask (Nerien'eth)","Perfected Null Arca Jack (Perfected Slivers of the Null Arca)","Nerien'eth Epaulets (Nerien'eth)","Perfected Null Arca Bracers (Perfected Slivers of the Null Arca)","","Perfected Null Arca Guards (Perfected Slivers of the Null Arca)","Perfected Null Arca Boots (Perfected Slivers of the Null Arca)","","Highland Sentinel Ring (Highland Sentinel)","Highland Sentinel Ring (Highland Sentinel)","Blackrose Perfected Dagger (Perfected Spectral Cloak)","Blackrose Perfected Dagger (Perfected Spectral Cloak)","The Maelstrom's Perfected Greatsword (Perfected Merciless Charge)"," ()","Killer's Blade","Quick Cloak","Pragmatic Fatecarver","Camouflaged Hunter","Cephaliarch's Flail","Incapacitating Strike","Molten Whip","Venomous Claw","Stampede","Flames of Oblivion","Inspired Scholarship","Standard of Might"
"Lucent Citadel","Orphic Shattered Shard","https://www.esologs.com/reports/waKyjdZWGbtcp4N2#fight=13&type=summary&source=7","@Dan_Prime","Varinia Aventius","ardent-ass-herald-perfected-slivers-of-the-null-arca-unknown","dps","Ardent","Ass","Herald","Perfected Slivers of the Null Arca","Nerien'eth","142054.7","3185.9","42.1","142054.7 DPS","The Atronach","Nerien'eth Mask (Nerien'eth)","Perfected Null Arca Jack (Perfected Slivers of the Null Arca)","Nerien'eth Epaulets (Nerien'eth)","Perfected Null Arca Bracers (Perfected Slivers of the Null Arca)","","Perfected Null Arca Guards (Perfected Slivers of the Null Arca)","Perfected Null Arca Boots (Perfected Slivers of the Null Arca)","","Highland Sentinel Ring (Highland Sentinel)","Highland Sentinel Ring (Highland Sentinel)","Blackrose Perfected Dagger (Perfected Spectral Cloak)","Blackrose Perfected Dagger (Perfected Spectral Cloak)","The Maelstrom's Perfected Greatsword (Perfected Merciless Charge)"," ()","Killer's Blade","Quick Cloak","Pragmatic Fatecarver","Camouflaged Hunter","Cephaliarch's Flail","Incapacitating Strike","Molten Whip","Venomous Claw","Stampede","Flames of Oblivion","Inspired Scholarship","Standard of Might"
"Lucent Citadel","Orphic Shattered Shard","https://www.esologs.com/reports/waKyjdZWGbtcp4N2#fight=13&type=summary&source=18","@p0rk","my hog","ardent-ass-herald-perfected-slivers-of-the-null-arca-unknown","dps","Ardent","Ass","Herald","Perfected Slivers of the Null Arca","Nerien'eth","115473.8","3284.1","43.1","115473.8 DPS","","Nerien'eth Mask (Nerien'eth)","Perfected Null Arca Jack (Perfected Slivers of the Null Arca)","Nerien'eth Epaulets (Nerien'eth)","Perfected Null Arca Bracers (Perfected Slivers of the Null Arca)","","Perfected Null Arca Guards (Perfected Slivers of the Null Arca)","Perfected Null Arca Boots (Perfected Slivers of the Null Arca)","","Highland Sentinel Ring (Highland Sentinel)","Highland Sentinel Ring (Highland Sentinel)","Blackrose Dagger (Spectral Cloak)","Blackrose Dagger (Spectral Cloak)","The Maelstrom's Greatsword (Merciless Charge)"," ()","Quick Cloak","Pragmatic Fatecarver","Cephaliarch's Flail","Killer's Blade","Banner Bearer","Soul Harvest","Flames of Oblivion","Stampede","Venomous Claw","Inspired Scholarship","Banner Bearer","The Languid Eye"
"Lucent Citadel","Orphic Shattered Shard","https://www.esologs.com/reports/waKyjdZWGbtcp4N2#fight=13&type=summary&source=15","@Magma9783","Taterheadbam","ardent-ass-herald-perfected-slivers-of-the-null-arca-unknown","dps","Ardent","Ass","Herald","Perfected Slivers of the Null Arca","Nerien'eth","125938.6","2829.5","48.4","125938.6 DPS","","Nerien'eth Mask (Nerien'eth)","Perfected Null Arca Jack (Perfected Slivers of the Null Arca)","Nerien'eth Epaulets (Nerien'eth)","Perfected Null Arca Bracers (Perfected Slivers of the Null Arca)","","Perfected Null Arca Guards (Perfected Slivers of the Null Arca)","Perfected Null Arca Boots (Perfected Slivers of the Null Arca)","","Ring of the Advancing Yokeda (Berserking Warrior)","Ring of the Advancing Yokeda (Berserking Warrior)","Blackrose Perfected Dagger (Perfected Spectral Cloak)","Blackrose Perfected Dagger (Perfected Spectral Cloak)","The Maelstrom's Greatsword (Merciless Charge)"," ()","Camouflaged Hunter","Killer's Blade","Quick Cloak","Pragmatic Fatecarver","Cephaliarch's Flail","Incapacitating Strike","Molten Whip","Flames of Oblivion","Venomous Claw","Inspired Scholarship","Stampede","Standard of Might"
"Lucent Citadel","Orphic Shattered Shard","https://www.esologs.com/reports/waKyjdZWGbtcp4N2#fight=13&type=summary&source=10","@Dan_Prime","Varinia Aventius","ardent-ass-herald-perfected-slivers-of-the-null-arca-unknown","dps","Ardent","Ass","Herald","Perfected Slivers of the Null Arca","Nerien'eth","97042.3","4978.1","41.1","97042.3 DPS","","Nerien'eth Mask (Nerien'eth)","Perfected Null Arca Jack (Perfected Slivers of the Null Arca)","Nerien'eth Epaulets (Nerien'eth)","Perfected Null Arca Bracers (Perfected Slivers of the Null Arca)","","Perfected Null Arca Guards (Perfected Slivers of the Null Arca)","Perfected Null Arca Boots (Perfected Slivers of the Null Arca)","","Highland Sentinel Ring (Highland Sentinel)","Highland Sentinel Ring (Highland Sentinel)","Blackrose Perfected Dagger (Perfected Spectral Cloak)","Blackrose Perfected Dagger (Perfected Spectral Cloak)","The Maelstrom's Perfected Greatsword (Perfected Merciless Charge)"," ()","Killer's Blade","Quick Cloak","Pragmatic Fatecarver","Banner Bearer","Cephaliarch's Flail","Incapacitating Strike","Banner Bearer","Venomous Claw","Stampede","Flames of Oblivion","Inspired Scholarship","Standard of Might"
"Lucent Citadel","Orphic Shattered Shard","https://www.esologs.com/reports/GBMfX7pdtANakCYx#fight=27&type=summary&source=3","@Missina","Aurora Invara","ass-herald-spear-deadly-strike-perfected-ansuuls-torment","dps","Ass","Spear","Herald","Perfected Ansuul's Torment","Deadly Strike","134502.3","6191.5","27.6","134502.3 DPS","The Thief","Slimecraw Guise (Slimecraw)","Ansuul's Perfected Jack (Perfected Ansuul's Torment)","Ansuul's Perfected Arm Cops (Perfected Ansuul's Torment)","Ansuul's Perfected Bracers (Perfected Ansuul's Torment)","","Deadly Guards (Deadly Strike)","Ansuul's Perfected Boots (Perfected Ansuul's Torment)","","Deadly Ring (Deadly Strike)","Deadly Ring (Deadly Strike)","Deadly Dagger (Deadly Strike)","Deadly Dagger (Deadly Strike)","The Maelstrom's Perfected Inferno Staff (Perfected Crushing Wall)"," ()","Blazing Spear","Quick Cloak","Cephaliarch's Flail","Pragmatic Fatecarver","Camouflaged Hunter","Incapacitating Strike","Inspired Scholarship","Elemental Blockade","Anti-Cavalry Caltrops","Fulminating Rune","Camouflaged Hunter","The Languid Eye"
"Lucent Citadel","Orphic Shattered Shard","https://www.esologs.com/reports/GBMfX7pdtANakCYx#fight=27&type=summary&source=8","@Goroshia1","Harmaras Mora","ass-herald-spear-deadly-strike-perfected-ansuuls-torment","dps","Ass","Spear","Herald","Perfected Ansuul's Torment","Deadly Strike","121625.3","5686.7","41.6","121625.3 DPS","","Slimecraw Guise (Slimecraw)","Ansuul's Perfected Jack (Perfected Ansuul's Torment)","Ansuul's Perfected Arm Cops (Perfected Ansuul's Torment)","Deadly Bracers (Deadly Strike)","","Ansuul's Perfected Guards (Perfected Ansuul's Torment)","Ansuul's Perfected Boots (Perfected Ansuul's Torment)","","Deadly Ring (Deadly Strike)","Deadly Ring (Deadly Strike)","Deadly Dagger (Deadly Strike)","Deadly Dagger (Deadly Strike)","The Maelstrom's Perfected Inferno Staff (Perfected Crushing Wall)"," ()","Cephaliarch's Flail","Pragmatic Fatecarver","Blazing Spear","Quick Cloak","Camouflaged Hunter","Soul Harvest","Elemental Blockade","Inspired Scholarship","Fulminating Rune","Anti-Cavalry Caltrops","Concealed Weapon","The Languid Eye"
"Lucent Citadel","Orphic Shattered Shard","https://www.esologs.com/reports/GBMfX7pdtANakCYx#fight=27&type=summary&source=1","@Flonke","Zerena Zweifinger","ass-herald-spear-deadly-strike-perfected-ansuuls-torment","dps","Ass","Spear","Herald","Perfected Ansuul's Torment","Deadly Strike","122128.3","4304.0","38.9","122128.3 DPS","","Ansuul's Perfected Helmet (Perfected Ansuul's Torment)","Ansuul's Perfected Jack (Perfected Ansuul's Torment)","Slimecraw Epaulets (Slimecraw)","Ansuul's Perfected Bracers (Perfected Ansuul's Torment)","","Deadly Guards (Deadly Strike)","Ansuul's Perfected Boots (Perfected Ansuul's Torment)","","Deadly Ring (Deadly Strike)","Deadly Ring (Deadly Strike)","Deadly Dagger (Deadly Strike)","Deadly Dagger (Deadly Strike)","The Maelstrom's Perfected Inferno Staff (Perfected Crushing Wall)"," ()","Cephaliarch's Flail","Pragmatic Fatecarver","Blazing Spear","Quick Cloak","Banner Bearer","Incapacitating Strike","Blockade of Fire","Fulminating Rune","Concealed Weapon","Inspired Scholarship","Banner Bearer","The Languid Eye"
"Lucent Citadel","Orphic Shattered Shard","https://www.esologs.com/reports/GBMfX7pdtANakCYx#fight=27&type=summary&source=5","@Wolf_Adrian","Cruxwolf","ass-herald-spear-deadly-strike-perfected-ansuuls-torment","dps","Ass","Spear","Herald","Perfected Ansuul's Torment","Deadly Strike","97044.6","4517.7","32.8","97044.6 DPS","","Slimecraw Guise (Slimecraw)","Ansuul's Perfected Jack (Perfected Ansuul's Torment)","Ansuul's Perfected Arm Cops (Perfected Ansuul's Torment)","Ansuul's Perfected Bracers (Perfected Ansuul's Torment)","","Ansuul's Perfected Guards (Perfected Ansuul's Torment)","Deadly Boots (Deadly Strike)","","Deadly Ring (Deadly Strike)","Deadly Ring (Deadly Strike)","Deadly Dagger (Deadly Strike)","Deadly Dagger (Deadly Strike)","The Maelstrom's Perfected Inferno Staff (Perfected Crushing Wall)"," ()","Cephaliarch's Flail","Pragmatic Fatecarver","Quick Cloak","Blazing Spear","Banner Bearer","Incapacitating Strike","Elemental Blockade","Fulminating Rune","Inspired Scholarship","Relentless Focus","Banner Bearer","The Languid Eye"
"Lucent Citadel","Orphic Shattered Shard","https://www.esologs.com/reports/GBMfX7pdtANakCYx#fight=27&type=summary&source=12","@steve.o","Nelazi","ass-herald-spear-deadly-strike-perfected-ansuuls-torment","dps","Ass","Spear","Herald","Perfected Ansuul's Torment","Deadly Strike","124529.6","5029.6","46.1","124529.6 DPS","","Slimecraw Guise (Slimecraw)","Ansuul's Perfected Jack (Perfected Ansuul's Torment)","Deadly Arm Cops (Deadly Strike)","Ansuul's Perfected Bracers (Perfected Ansuul's Torment)","","Ansuul's Perfected Guards (Perfected Ansuul's Torment)","Ansuul's Perfected Boots (Perfected Ansuul's Torment)","","Deadly Ring (Deadly Strike)","Deadly Ring (Deadly Strike)","Deadly Dagger (Deadly Strike)","Deadly Dagger (Deadly Strike)","The Maelstrom's Perfected Inferno Staff (Perfected Crushing Wall)"," ()","Blazing Spear","Pragmatic Fatecarver","Cephaliarch's Flail","Quick Cloak","Camouflaged Hunter","Incapacitating Strike","Anti-Cavalry Caltrops","Elemental Blockade","Fulminating Rune","Inspired Scholarship","Camouflaged Hunter","The Languid Eye"
"Lucent Citadel","Orphic Shattered Shard","https://www.esologs.com/reports/GBMfX7pdtANakCYx#fight=27&type=summary&source=2","@aerwarim","Arcanenarim der Erste","ass-herald-spear-deadly-strike-perfected-ansuuls-torment","dps","Ass","Spear","Herald","Deadly Strike","Perfected Ansuul's Torment","115371.0","4855.0","37.6","115371.0 DPS","","Slimecraw Guise (Slimecraw)","Deadly Jack (Deadly Strike)","Deadly Arm Cops (Deadly Strike)","Deadly Bracers (Deadly Strike)","","Ansuul's Perfected Guards (Perfected Ansuul's Torment)","Ansuul's Perfected Boots (Perfected Ansuul's Torment)","","Ansuul's Perfected Ring (Perfected Ansuul's Torment)","Ansuul's Perfected Ring (Perfected Ansuul's Torment)","Deadly Dagger (Deadly Strike)","Deadly Dagger (Deadly Strike)","The Maelstrom's Perfected Inferno Staff (Perfected Crushing Wall)"," ()","Quick Cloak","Cephaliarch's Flail","Camouflaged Hunter","Pragmatic Fatecarver","Blazing Spear","Incapacitating Strike","Barbed Trap","Elemental Blockade","Scalding Rune","Fulminating Rune","Inspired Scholarship","The Languid Eye"
"Lucent Citadel","Orphic Shattered Shard","https://www.esologs.com/reports/3ryVatC1nN2k8mFf#fight=20&type=summary&source=8","@Revan5577","Razzaq at-Gamati","ass-dawn-herald-deadly-strike-perfected-ansuuls-torment","dps","Ass","Dawn","Herald","Deadly Strike","Perfected Ansuul's Torment","89788.7","2284.5","27.4","89788.7 DPS","","Slimecraw Guise (Slimecraw)","Deadly Jack (Deadly Strike)","Ansuul's Perfected Arm Cops (Perfected Ansuul's Torment)","Ansuul's Perfected Bracers (Perfected Ansuul's Torment)","","Ansuul's Perfected Guards (Perfected Ansuul's Torment)","Ansuul's Perfected Boots (Perfected Ansuul's Torment)","","Deadly Ring (Deadly Strike)","Deadly Ring (Deadly Strike)","Deadly Dagger (Deadly Strike)","Deadly Dagger (Deadly Strike)","The Maelstrom's Inferno Staff (Crushing Wall)"," ()","Quick Cloak","Cephaliarch's Flail","Pragmatic Fatecarver","Camouflaged Hunter","Radiant Glory","Soul Harvest","Inspired Scholarship","Elemental Blockade","Solar Barrage","Concealed Weapon","Resolving Vigor","The Languid Eye"
"Lucent Citadel","Orphic Shattered Shard","https://www.esologs.com/reports/3ryVatC1nN2k8mFf#fight=20&type=summary&source=7","@TheClawlessConqueror","Myfanny Soleil-Scarlet","ass-dawn-herald-deadly-strike-perfected-ansuuls-torment","dps","Ass","Dawn","Herald","Perfected Ansuul's Torment","Deadly Strike","92493.7","9449.7","40.8","92493.7 DPS","","Ansuul's Perfected Helmet (Perfected Ansuul's Torment)","Deadly Jack (Deadly Strike)","Slimecraw Arm Cops (Slimecraw)","Ansuul's Perfected Bracers (Perfected Ansuul's Torment)","","Ansuul's Perfected Guards (Perfected Ansuul's Torment)","Ansuul's Perfected Boots (Perfected Ansuul's Torment)","","Deadly Ring (Deadly Strike)","Deadly Ring (Deadly Strike)","Deadly Dagger (Deadly Strike)","Deadly Dagger (Deadly Strike)","The Maelstrom's Perfected Inferno Staff (Perfected Crushing Wall)"," ()","Camouflaged Hunter","Radiant Glory","Pragmatic Fatecarver","Cephaliarch's Flail","Quick Cloak","Soul Harvest","Inspired Scholarship","Concealed Weapon","Solar Barrage","Echoing Vigor","Elemental Blockade","The Languid Eye"
"Lucent Citadel","Orphic Shattered Shard","https://www.esologs.com/reports/3ryVatC1nN2k8mFf#fight=20&type=summary&source=3","@bobavan","Earil Greywyn","ass-dawn-herald-deadly-strike-perfected-ansuuls-torment","dps","Ass","Dawn","Herald","Perfected Ansuul's Torment","Deadly Strike","67794.6","3336.8","29.2","67794.6 DPS","","Slimecraw Guise (Slimecraw)","Ansuul's Perfected Jack (Perfected Ansuul's Torment)","Deadly Arm Cops (Deadly Strike)","Ansuul's Perfected Bracers (Perfected Ansuul's Torment)","","Ansuul's Perfected Guards (Perfected Ansuul's Torment)","Ansuul's Perfected Boots (Perfected Ansuul's Torment)","","Deadly Ring (Deadly Strike)","Deadly Ring (Deadly Strike)","Deadly Dagger (Deadly Strike)","Deadly Dagger (Deadly Strike)","The Maelstrom's Perfected Greatsword (Perfected Merciless Charge)"," ()","Radiant Glory","Quick Cloak","Pragmatic Fatecarver","Cephaliarch's Flail","Camouflaged Hunter","Soul Harvest","Fulminating Rune","Stampede","Solar Barrage","Inspired Scholarship","Resolving Vigor","The Languid Eye"
"Lucent Citadel","Orphic Shattered Shard","https://www.esologs.com/reports/3ryVatC1nN2k8mFf#fight=20&type=summary&source=12","@Treuce","Treuce","ass-dawn-herald-deadly-strike-perfected-ansuuls-torment","dps","Ass","Dawn","Herald","Perfected Ansuul's Torment","Deadly Strike","105843.3","5254.6","27.2","105843.3 DPS","","Slimecraw Guise (Slimecraw)","Ansuul's Perfected Jack (Perfected Ansuul's Torment)","Deadly Arm Cops (Deadly Strike)","Ansuul's Perfected Bracers (Perfected Ansuul's Torment)","","Ansuul's Perfected Guards (Perfected Ansuul's Torment)","Ansuul's Perfected Boots (Perfected Ansuul's Torment)","","Deadly Ring (Deadly Strike)","Deadly Ring (Deadly Strike)","Deadly Dagger (Deadly Strike)","Deadly Dagger (Deadly Strike)","The Maelstrom's Perfected Inferno Staff (Perfected Crushing Wall)"," ()","Cephaliarch's Flail","Pragmatic Fatecarver","Radiant Glory","Quick Cloak","Camouflaged Hunter","Soul Harvest","Elemental Blockade","Scalding Rune","Solar Barrage","Inspired Scholarship","Anti-Cavalry Caltrops","The Languid Eye"
"Lucent Citadel","Orphic Shattered Shard","https://www.esologs.com/reports/3ryVatC1nN2k8mFf#fight=20&type=summary&source=1","@Jem159","Suckatron","ass-dawn-herald-deadly-strike-perfected-ansuuls-torment","dps","Ass","Dawn","Herald","Perfected Ansuul's Torment","Deadly Strike","141931.8","6405.5","33.0","141931.8 DPS","The Ritual","Slimecraw Guise (Slimecraw)","Ansuul's Perfected Jack (Perfected Ansuul's Torment)","Deadly Arm Cops (Deadly Strike)","Ansuul's Perfected Bracers (Perfected Ansuul's Torment)","","Ansuul's Perfected Guards (Perfected Ansuul's Torment)","Ansuul's Perfected Boots (Perfected Ansuul's Torment)","","Deadly Ring (Deadly Strike)","Deadly Ring (Deadly Strike)","Deadly Dagger (Deadly Strike)","Deadly Dagger (Deadly Strike)","The Maelstrom's Perfected Greatsword (Perfected Merciless Charge)"," ()","Camouflaged Hunter","Quick Cloak","Radiant Glory","Cephaliarch's Flail","Pragmatic Fatecarver","Soul Harvest","Anti-Cavalry Caltrops","Fulminating Rune","Inspired Scholarship","Solar Barrage","Stampede","The Languid Eye"
"Lucent Citadel","Orphic Shattered Shard","https://www.esologs.com/reports/GZ9kfnQ2XBhga7p1#fight=14&type=summary&source=2","@Asthrae","Allenys","ardent-ass-herald-deadly-strike-perfected-sul-xans-torment","dps","Ardent","Ass","Herald","Perfected Sul-Xan's Torment","Deadly Strike","129139.9","3630.5","44.7","129139.9 DPS","","Perfected Helmet of Sul-Xan's Torment (Perfected Sul-Xan's Torment)","Deadly Jack (Deadly Strike)","Slimecraw Epaulets (Slimecraw)","Deadly Bracers (Deadly Strike)","","Deadly Guards (Deadly Strike)","Deadly Boots (Deadly Strike)","","Perfected Ring of Sul-Xan's Torment (Perfected Sul-Xan's Torment)","Perfected Ring of Sul-Xan's Torment (Perfected Sul-Xan's Torment)","Perfected Dagger of Sul-Xan's Torment (Perfected Sul-Xan's Torment)","Perfected Dagger of Sul-Xan's Torment (Perfected Sul-Xan's Torment)","The Maelstrom's Perfected Inferno Staff (Perfected Crushing Wall)"," ()","Pragmatic Fatecarver","Quick Cloak","Cephaliarch's Flail","Reaper's Mark","Camouflaged Hunter","Soul Harvest","Flames of Oblivion","Elemental Blockade","Inspired Scholarship","Molten Whip","Proximity Detonation","The Languid Eye"
"Lucent Citadel","Orphic Shattered Shard","https://www.esologs.com/reports/GZ9kfnQ2XBhga7p1#fight=14&type=summary&source=10","@gigisalvo","Tàliön","ardent-ass-herald-deadly-strike-perfected-sul-xans-torment","dps","Ardent","Ass","Herald","Perfected Sul-Xan's Torment","Deadly Strike","122036.6","2816.3","40.1","122036.6 DPS","","Slimecraw Guise (Slimecraw)","Perfected Jack of Sul-Xan's Torment (Perfected Sul-Xan's Torment)","Perfected Arm Cops of Sul-Xan's Torment (Perfected Sul-Xan's Torment)","Perfected Bracers of Sul-Xan's Torment (Perfected Sul-Xan's Torment)","","Deadly Guards (Deadly Strike)","Perfected Boots of Sul-Xan's Torment (Perfected Sul-Xan's Torment)","","Deadly Ring (Deadly Strike)","Deadly Ring (Deadly Strike)","Deadly Dagger (Deadly Strike)","Deadly Dagger (Deadly Strike)","The Maelstrom's Perfected Greatsword (Perfected Merciless Charge)"," ()","Quick Cloak","Pragmatic Fatecarver","Camouflaged Hunter","Cephaliarch's Flail","Banner Bearer","Incapacitating Strike","Stampede","Flames of Oblivion","Inspired Scholarship","Scalding Rune","Banner Bearer","The Languid Eye"
"Lucent Citadel","Orphic Shattered Shard","https://www.esologs.com/reports/GZ9kfnQ2XBhga7p1#fight=14&type=summary&source=5","@Drkif","Dr-Bararc","ardent-ass-herald-deadly-strike-perfected-sul-xans-torment","dps","Ardent","Ass","Herald","Deadly Strike","Perfected Sul-Xan's Torment","112407.4","3980.9","38.5","112407.4 DPS","","Slimecraw Guise (Slimecraw)","Deadly Jack (Deadly Strike)","Deadly Arm Cops (Deadly Strike)","Perfected Bracers of Sul-Xan's Torment (Perfected Sul-Xan's Torment)","","Deadly Guards (Deadly Strike)","Deadly Boots (Deadly Strike)","","Perfected Ring of Sul-Xan's Torment (Perfected Sul-Xan's Torment)","Perfected Ring of Sul-Xan's Torment (Perfected Sul-Xan's Torment)","Perfected Dagger of Sul-Xan's Torment (Perfected Sul-Xan's Torment)","Perfected Dagger of Sul-Xan's Torment (Perfected Sul-Xan's Torment)","The Maelstrom's Perfected Inferno Staff (Perfected Crushing Wall)"," ()","Cephaliarch's Flail","Pragmatic Fatecarver","Quick Cloak","Killer's Blade","Camouflaged Hunter","Soul Harvest","Flames of Oblivion","Elemental Blockade","Inspired Scholarship","Proximity Detonation","Molten Whip","Elemental Rage"
"Lucent Citadel","Orphic Shattered Shard","https://www.esologs.com/reports/GZ9kfnQ2XBhga7p1#fight=14&type=summary&source=7","@Colosseum","Mega Giga","ardent-ass-herald-deadly-strike-perfected-sul-xans-torment","dps","Ardent","Ass","Herald","Perfected Sul-Xan's Torment","Deadly Strike","129338.3","5829.6","36.5","129338.3 DPS","The Thief","Slimecraw Mask (Slimecraw)","Perfected Jack of Sul-Xan's Torment (Perfected Sul-Xan's Torment)","Deadly Arm Cops (Deadly Strike)","Perfected Bracers of Sul-Xan's Torment (Perfected Sul-Xan's Torment)","","Perfected Guards of Sul-Xan's Torment (Perfected Sul-Xan's Torment)","Perfected Boots of Sul-Xan's Torment (Perfected Sul-Xan's Torment)","","Deadly Ring (Deadly Strike)","Deadly Ring (Deadly Strike)","Deadly Dagger (Deadly Strike)","Deadly Dagger (Deadly Strike)","The Maelstrom's Perfected Inferno Staff (Perfected Crushing Wall)"," ()","Camouflaged Hunter","Cephaliarch's Flail","Pragmatic Fatecarver","Quick Cloak","Scalding Rune","Soul Harvest","Inspired Scholarship","Flames of Oblivion","Elemental Blockade","Proximity Detonation","Anti-Cavalry Caltrops","Elemental Rage"
"Lucent Citadel","Orphic Shattered Shard","https://www.esologs.com/reports/GZ9kfnQ2XBhga7p1#fight=14&type=summary&source=13","@JoeTotale","Eu Spy","ardent-ass-herald-deadly-strike-perfected-sul-xans-torment","dps","Ardent","Ass","Herald","Deadly Strike","Perfected Sul-Xan's Torment","112374.4","5463.2","36.1","112374.4 DPS","","Slimecraw Mask (Slimecraw)","Deadly Jack (Deadly Strike)","Deadly Arm Cops (Deadly Strike)","Deadly Bracers (Deadly Strike)","","Perfected Guards of Sul-Xan's Torment (Perfected Sul-Xan's Torment)","Deadly Boots (Deadly Strike)","","Perfected Ring of Sul-Xan's Torment (Perfected Sul-Xan's Torment)","Perfected Ring of Sul-Xan's Torment (Perfected Sul-Xan's Torment)","Perfected Dagger of Sul-Xan's Torment (Perfected Sul-Xan's Torment)","Perfected Dagger of Sul-Xan's Torment (Perfected Sul-Xan's Torment)","The Maelstrom's Inferno Staff (Crushing Wall)"," ()","Cephaliarch's Flail","Heroic Torch","Quick Cloak","Pragmatic Fatecarver","Camouflaged Hunter","Incapacitating Strike","Elemental Blockade","Ulfsild's Contingency","Inspired Scholarship","Proximity Detonation","Flames of Oblivion","The Languid Eye"
"Lucent Citadel","Orphic Shattered Shard","https://www.esologs.com/reports/waKyjdZWGbtcp4N2#fight=13&type=summary&source=11","@ChristineCamaro","x Allison Chains x","green-resto-siphon-perfected-pillagers-profit-spell-power-cure","healer","Siphon","Resto","Green","Spell Power Cure","Perfected Pillager's Profit","4450.7","60681.6","69.0","60681.6 HPS","The Atronach","Ozezan the Inferno's Guise (Ozezan the Inferno)","Robe of the Trainee (Armor of the Trainee)","Ozezan the Inferno's Epaulets (Ozezan the Inferno)","Spell Power Cure Gloves (Spell Power Cure)","","Spell Power Cure Breeches (Spell Power Cure)","Perfected Pillager's Shoes (Perfected Pillager's Profit)","","Perfected Pillager's Band (Perfected Pillager's Profit)","Perfected Pillager's Band (Perfected Pillager's Profit)","Spell Power Cure Restoration Staff (Spell Power Cure)"," ()","Perfected Pillager's Lightning Staff (Perfected Pillager's Profit)"," ()","Budding Seeds","Healthy Offering","Combat Prayer","Radiating Regeneration","Illustrious Healing","Soul Siphon","Echoing Vigor","Blockade of Storms","Extended Ritual","Mystic Orb","Siphoning Attacks","Reviving Barrier"
"Lucent Citadel","Orphic Shattered Shard","https://www.esologs.com/reports/waKyjdZWGbtcp4N2#fight=13&type=summary&source=8","@ChristineCamaro","x Allison Chains x","green-resto-siphon-perfected-pillagers-profit-spell-power-cure","healer","Siphon","Resto","Green","Spell Power Cure","Perfected Pillager's Profit","4368.2","61044.4","65.4","61044.4 HPS","","Ozezan the Inferno's Guise (Ozezan the Inferno)","Robe of the Trainee (Armor of the Trainee)","Ozezan the Inferno's Epaulets (Ozezan the Inferno)","Spell Power Cure Gloves (Spell Power Cure)","","Spell Power Cure Breeches (Spell Power Cure)","Perfected Pillager's Shoes (Perfected Pillager's Profit)","","Perfected Pillager's Band (Perfected Pillager's Profit)","Perfected Pillager's Band (Perfected Pillager's Profit)","Spell Power Cure Restoration Staff (Spell Power Cure)"," ()","Perfected Pillager's Lightning Staff (Perfected Pillager's Profit)"," ()","Budding Seeds","Healthy Offering","Combat Prayer","Radiating Regeneration","Illustrious Healing","Soul Siphon","Echoing Vigor","Elemental Blockade","Extended Ritual","Mystic Orb","Siphoning Attacks","Reviving Barrier"
"Lucent Citadel","Orphic Shattered Shard","https://www.esologs.com/reports/waKyjdZWGbtcp4N2#fight=13&type=summary&source=1","@MeggySlayer69","Meggyslayer","green-resto-siphon-perfected-pillagers-profit-spell-power-cure","healer","Siphon","Resto","Green","Perfected Pillager's Profit","Spell Power Cure","3125.5","77227.8","51.2","77227.8 HPS","","Ozezan the Inferno's Mask (Ozezan the Inferno)","Spell Power Cure Robe (Spell Power Cure)","Ozezan the Inferno's Epaulets (Ozezan the Inferno)","Perfected Pillager's Gloves (Perfected Pillager's Profit)","","Spell Power Cure Breeches (Spell Power Cure)","Spell Power Cure Shoes (Spell Power Cure)","","Perfected Pillager's Band (Perfected Pillager's Profit)","Perfected Pillager's Band (Perfected Pillager's Profit)","Spell Power Cure Restoration Staff (Spell Power Cure)"," ()","Perfected Pillager's Lightning Staff (Perfected Pillager's Profit)"," ()","Combat Prayer","Radiating Regeneration","Illustrious Healing","Budding Seeds","Energy Orb","Soul Siphon","Blockade of Storms","Echoing Vigor","Radiant Aura","Extended Ritual","Siphoning Attacks","Reviving Barrier"
"Lucent Citadel","Orphic Shattered Shard","https://www.esologs.com/reports/GZ9kfnQ2XBhga7p1#fight=14&type=summary&source=8","@Polly22","Ollivee","bone-green-siphon-perfected-pillagers-profit-spell-power-cure","healer","Siphon","Green","Bone","Perfected Pillager's Profit","Spell Power Cure","2954.9","80638.3","60.9","80638.3 HPS","","Ozezan the Inferno's Mask (Ozezan the Inferno)","Perfected Pillager's Robe (Perfected Pillager's Profit)","Ozezan the Inferno's Epaulets (Ozezan the Inferno)","Perfected Pillager's Gloves (Perfected Pillager's Profit)","","Spell Power Cure Breeches (Spell Power Cure)","Spell Power Cure Shoes (Spell Power Cure)","","Perfected Pillager's Band (Perfected Pillager's Profit)","Perfected Pillager's Band (Perfected Pillager's Profit)","Spell Power Cure Restoration Staff (Spell Power Cure)"," ()","Perfected Pillager's Lightning Staff (Perfected Pillager's Profit)"," ()","Radiating Regeneration","Combat Prayer","Illustrious Healing","Budding Seeds","Necrotic Potency","Soul Siphon","Elemental Blockade","Echoing Vigor","Overflowing Altar","Energy Orb","Siphoning Attacks","Reviving Barrier"
"Lucent Citadel","Orphic Shattered Shard","https://www.esologs.com/reports/GZ9kfnQ2XBhga7p1#fight=14&type=summary&source=2","@CaliburXIII","Cal Brought You Flowers","bone-green-siphon-perfected-pillagers-profit-spell-power-cure","healer","Siphon","Green","Bone","Perfected Pillager's Profit","Spell Power Cure","5140.0","74233.2","72.2","74233.2 HPS","The Thief","The Blind Guise (The Blind)","Robe of the Trainee (Armor of the Trainee)","The Blind Arm Cops (The Blind)","Spell Power Cure Gloves (Spell Power Cure)","","Spell Power Cure Breeches (Spell Power Cure)","Spell Power Cure Shoes (Spell Power Cure)","","Perfected Pillager's Band (Perfected Pillager's Profit)","Perfected Pillager's Band (Perfected Pillager's Profit)","Spell Power Cure Restoration Staff (Spell Power Cure)"," ()","Perfected Pillager's Ice Staff (Perfected Pillager's Profit)"," ()","Illustrious Healing","Siphoning Attacks","Combat Prayer","Echoing Vigor","Radiating Regeneration","Reviving Barrier","Blockade of Frost","Budding Seeds","Energy Orb","Overflowing Altar","Necrotic Potency","Reviving Barrier"
"Lucent Citadel","Orphic Shattered Shard","https://www.esologs.com/reports/waKyjdZWGbtcp4N2#fight=13&type=summary&source=8","@Ned919x","Tanksallday","daedric-earthen-winter-perfected-pearlescent-ward-perfected-saxhleel-champion","tank","Earthen","Daedric","Winter","Perfected Saxhleel Champion","Perfected Pearlescent Ward","3629.0","5655.7","35.0","35.0 CPM","","Archdruid Devyric's Visage (Archdruid Devyric)","Perfected Pearlescent Cuirass (Perfected Pearlescent Ward)","Archdruid Devyric's Pauldron (Archdruid Devyric)","Perfected Pearlescent Gauntlets (Perfected Pearlescent Ward)","","Perfected Pearlescent Greaves (Perfected Pearlescent Ward)","Perfected Pearlescent Sabatons (Perfected Pearlescent Ward)","","Saxhleel Champion's Perfected Ring (Perfected Saxhleel Champion)","Saxhleel Champion's Perfected Ring (Perfected Saxhleel Champion)","Saxhleel Champion's Perfected Ice Staff (Perfected Saxhleel Champion)"," ()","Saxhleel Champion's Perfected Ice Staff (Perfected Saxhleel Champion)"," ()","Igneous Shield","Revealing Flare","Inner Rage","Expansive Frost Cloak","Polar Wind","Temporal Guard","Elemental Susceptibility","Stone Giant","Blockade of Frost","Leashing Soul (Druid's Resurgence / Cowardice)","Igneous Weapons","Summon Charged Atronach"
"Lucent Citadel","Orphic Shattered Shard","https://www.esologs.com/reports/waKyjdZWGbtcp4N2#fight=13&type=summary&source=6","@Ned919x","Tanksallday","daedric-earthen-winter-perfected-pearlescent-ward-perfected-saxhleel-champion","tank","Earthen","Daedric","Winter","Perfected Saxhleel Champion","Perfected Pearlescent Ward","3872.3","8285.1","39.3","39.3 CPM","The Thief","Archdruid Devyric's Visage (Archdruid Devyric)","Perfected Pearlescent Cuirass (Perfected Pearlescent Ward)","Archdruid Devyric's Pauldron (Archdruid Devyric)","Perfected Pearlescent Gauntlets (Perfected Pearlescent Ward)","","Perfected Pearlescent Greaves (Perfected Pearlescent Ward)","Perfected Pearlescent Sabatons (Perfected Pearlescent Ward)","","Saxhleel Champion's Perfected Ring (Perfected Saxhleel Champion)","Saxhleel Champion's Perfected Ring (Perfected Saxhleel Champion)","Saxhleel Champion's Perfected Ice Staff (Perfected Saxhleel Champion)"," ()","Saxhleel Champion's Perfected Ice Staff (Perfected Saxhleel Champion)"," ()","Igneous Shield","Revealing Flare","Inner Rage","Expansive Frost Cloak","Polar Wind","Temporal Guard","Elemental Susceptibility","Stone Giant","Elemental Blockade","Leashing Soul","Igneous Weapons","Summon Charged Atronach"
"Lucent Citadel","Orphic Shattered Shard","https://www.esologs.com/reports/waKyjdZWGbtcp4N2#fight=13&type=summary&source=7","@STUDLETON","Studlestabby","daedric-resto-siphon-master-architect-powerful-assault","healer","Daedric","Siphon","Resto","Powerful Assault","Master Architect","8087.9","51449.8","64.1","51449.8 HPS","The Atronach","Nazaray Guise (Nazaray)","Jack of the Trainee (Armor of the Trainee)","Nazaray Epaulets (Nazaray)","Master Architect Gloves (Master Architect)","","Master Architect Breeches (Master Architect)","Master Architect Shoes (Master Architect)","","Ring of the Powerful Assault (Powerful Assault)","Ring of the Powerful Assault (Powerful Assault)","Master Architect Lightning Staff (Master Architect)"," ()","Restoration Staff of the Powerful Assault (Powerful Assault)"," ()","Radiant Aura","Extended Ritual","Mystic Orb","Overflowing Altar","Blockade of Storms","Summon Charged Atronach","Radiating Regeneration","Illustrious Healing","Echoing Vigor","Combat Prayer","Siphoning Attacks","Soul Shred"
"Lucent Citadel","Orphic Shattered Shard","https://www.esologs.com/reports/waKyjdZWGbtcp4N2#fight=13&type=summary&source=9","@STUDLETON","Studlestabby","daedric-resto-siphon-master-architect-powerful-assault","healer","Daedric","Siphon","Resto","Powerful Assault","Master Architect","7241.1","59174.2","53.1","59174.2 HPS","","Nazaray Guise (Nazaray)","Jack of the Trainee (Armor of the Trainee)","Nazaray Epaulets (Nazaray)","Master Architect Gloves (Master Architect)","","Master Architect Breeches (Master Architect)","Master Architect Shoes (Master Architect)","","Ring of the Powerful Assault (Powerful Assault)","Ring of the Powerful Assault (Powerful Assault)","Master Architect Lightning Staff (Master Architect)"," ()","Restoration Staff of the Powerful Assault (Powerful Assault)"," ()","Radiant Aura","Extended Ritual","Mystic Orb","Overflowing Altar","Elemental Blockade","Summon Charged Atronach","Radiating Regeneration","Illustrious Healing","Echoing Vigor","Combat Prayer","Siphoning Attacks","Soul Shred"
"Lucent Citadel","Orphic Shattered Shard","https://www.esologs.com/reports/zfJLphnBH6TWYcCV#fight=21&type=summary&source=9","@KittyKeta","Keta Cat","green-resto-siphon-master-architect-powerful-assault","healer","Siphon","Resto","Green","Master Architect","Powerful Assault","4340.9","97296.2","72.8","97296.2 HPS","The Ritual","The Blind Guise (The Blind)","Master Architect Robe (Master Architect)","The Blind Arm Cops (The Blind)","Master Architect Gloves (Master Architect)","","Master Architect Breeches (Master Architect)","Boots of the Powerful Assault (Powerful Assault)","","Ring of the Powerful Assault (Powerful Assault)","Ring of the Powerful Assault (Powerful Assault)","Restoration Staff of the Powerful Assault (Powerful Assault)"," ()","Master Architect Lightning Staff (Master Architect)"," ()","Combat Prayer","Budding Seeds","Radiating Regeneration","Illustrious Healing","Echoing Vigor","Soul Siphon","Energy Orb","Extended Ritual","Elemental Blockade","Overflowing Altar","Siphoning Attacks","Reviving Barrier"
"Lucent Citadel","Orphic Shattered Shard","https://www.esologs.com/reports/zfJLphnBH6TWYcCV#fight=21&type=summary&source=5","@Luust","Ice to meet youu","green-resto-siphon-master-architect-powerful-assault","healer","Siphon","Resto","Green","Powerful Assault","Master Architect","3984.9","80328.8","66.0","80328.8 HPS","","Nazaray Guise (Nazaray)","Jack of the Powerful Assault (Powerful Assault)","Nazaray Epaulets (Nazaray)","Master Architect Gloves (Master Architect)","","Breeches of the Trainee (Armor of the Trainee)","Master Architect Shoes (Master Architect)","","Ring of the Powerful Assault (Powerful Assault)","Ring of the Powerful Assault (Powerful Assault)","Restoration Staff of the Powerful Assault (Powerful Assault)"," ()","Master Architect Lightning Staff (Master Architect)"," ()","Echoing Vigor","Illustrious Healing","Energy Orb","Combat Prayer","Radiating Regeneration","Soul Siphon","Overflowing Altar","Elemental Blockade","Budding Seeds","Radiant Aura","Extended Ritual","Replenishing Barrier"
"Lucent Citadel","Trash Builds","https://www.esologs.com/reports/GBMfX7pdtANakCYx#fight=59&type=summary&source=1","@Flonke","Zerena Zweifinger","ass-herald-spear-deadly-strike-perfected-ansuuls-torment","dps","Ass","Spear","Herald","Perfected Ansuul's Torment","Deadly Strike","73368.6","4583.8","43.3","73368.6 DPS","","Ansuul's Perfected Helmet (Perfected Ansuul's Torment)","Ansuul's Perfected Jack (Perfected Ansuul's Torment)","Slimecraw Epaulets (Slimecraw)","Ansuul's Perfected Bracers (Perfected Ansuul's Torment)","","Deadly Guards (Deadly Strike)","Ansuul's Perfected Boots (Perfected Ansuul's Torment)","","Deadly Ring (Deadly Strike)","Deadly Ring (Deadly Strike)","Deadly Dagger (Deadly Strike)","Deadly Dagger (Deadly Strike)","The Maelstrom's Perfected Inferno Staff (Perfected Crushing Wall)"," ()","Cephaliarch's Flail","Pragmatic Fatecarver","Blazing Spear","Quick Cloak","Banner Bearer","Incapacitating Strike","Blockade of Fire","Anti-Cavalry Caltrops","Concealed Weapon","Inspired Scholarship","Banner Bearer","Fiery Rage"
"Lucent Citadel","Trash Builds","https://www.esologs.com/reports/GBMfX7pdtANakCYx#fight=59&type=summary&source=3","@Missina","Aurora Invara","ass-herald-spear-deadly-strike-perfected-ansuuls-torment","dps","Ass","Spear","Herald","Perfected Ansuul's Torment","Deadly Strike","89271.2","6234.8","35.7","89271.2 DPS","","Slimecraw Guise (Slimecraw)","Ansuul's Perfected Jack (Perfected Ansuul's Torment)","Ansuul's Perfected Arm Cops (Perfected Ansuul's Torment)","Ansuul's Perfected Bracers (Perfected Ansuul's Torment)","","Deadly Guards (Deadly Strike)","Ansuul's Perfected Boots (Perfected Ansuul's Torment)","","Deadly Ring (Deadly Strike)","Deadly Ring (Deadly Strike)","Deadly Dagger (Deadly Strike)","Deadly Dagger (Deadly Strike)","The Maelstrom's Perfected Inferno Staff (Perfected Crushing Wall)"," ()","Blazing Spear","Quick Cloak","Cephaliarch's Flail","Pragmatic Fatecarver","Camouflaged Hunter","Incapacitating Strike","Inspired Scholarship","Elemental Blockade","Anti-Cavalry Caltrops","Fulminating Rune","Camouflaged Hunter","Elemental Rage"
"Lucent Citadel","Trash Builds","https://www.esologs.com/reports/GBMfX7pdtANakCYx#fight=59&type=summary&source=5","@Wolf_Adrian","Cruxwolf","ass-herald-spear-deadly-strike-perfected-ansuuls-torment","dps","Ass","Spear","Herald","Perfected Ansuul's Torment","Deadly Strike","72359.9","4977.5","32.5","72359.9 DPS","","Slimecraw Guise (Slimecraw)","Ansuul's Perfected Jack (Perfected Ansuul's Torment)","Ansuul's Perfected Arm Cops (Perfected Ansuul's Torment)","Ansuul's Perfected Bracers (Perfected Ansuul's Torment)","","Ansuul's Perfected Guards (Perfected Ansuul's Torment)","Deadly Boots (Deadly Strike)","","Deadly Ring (Deadly Strike)","Deadly Ring (Deadly Strike)","Deadly Dagger (Deadly Strike)","Deadly Dagger (Deadly Strike)","The Maelstrom's Perfected Inferno Staff (Perfected Crushing Wall)"," ()","Cephaliarch's Flail","Pragmatic Fatecarver","Quick Cloak","Blazing Spear","Banner Bearer","Incapacitating Strike","Elemental Blockade","Ulfsild's Contingency","Inspired Scholarship","Relentless Focus","Banner Bearer","The Languid Eye"
"Lucent Citadel","Trash Builds","https://www.esologs.com/reports/GBMfX7pdtANakCYx#fight=59&type=summary&source=8","@Goroshia1","Harmaras Mora","ass-herald-spear-deadly-strike-perfected-ansuuls-torment","dps","Ass","Spear","Herald","Perfected Ansuul's Torment","Deadly Strike","73742.6","7289.8","45.5","73742.6 DPS","","Slimecraw Guise (Slimecraw)","Ansuul's Perfected Jack (Perfected Ansuul's Torment)","Ansuul's Perfected Arm Cops (Perfected Ansuul's Torment)","Deadly Bracers (Deadly Strike)","","Ansuul's Perfected Guards (Perfected Ansuul's Torment)","Ansuul's Perfected Boots (Perfected Ansuul's Torment)","","Deadly Ring (Deadly Strike)","Deadly Ring (Deadly Strike)","Deadly Dagger (Deadly Strike)","Deadly Dagger (Deadly Strike)","The Maelstrom's Perfected Inferno Staff (Perfected Crushing Wall)"," ()","Cephaliarch's Flail","Pragmatic Fatecarver","Blazing Spear","Quick Cloak","Camouflaged Hunter","Soul Harvest","Elemental Blockade","Inspired Scholarship","Proximity Detonation","Anti-Cavalry Caltrops","Concealed Weapon","The Languid Eye"
"Lucent Citadel","Trash Builds","https://www.esologs.com/reports/GBMfX7pdtANakCYx#fight=59&type=summary&source=12","@steve.o","Nelazi","ass-herald-spear-deadly-strike-perfected-ansuuls-torment","dps","Ass","Spear","Herald","Perfected Ansuul's Torment","Deadly Strike","89908.8","6258.9","41.2","89908.8 DPS","","Slimecraw Guise (Slimecraw)","Ansuul's Perfected Jack (Perfected Ansuul's Torment)","Deadly Arm Cops (Deadly Strike)","Ansuul's Perfected Bracers (Perfected Ansuul's Torment)","","Ansuul's Perfected Guards (Perfected Ansuul's Torment)","Ansuul's Perfected Boots (Perfected Ansuul's Torment)","","Deadly Ring (Deadly Strike)","Deadly Ring (Deadly Strike)","Deadly Dagger (Deadly Strike)","Deadly Dagger (Deadly Strike)","The Maelstrom's Perfected Inferno Staff (Perfected Crushing Wall)"," ()","Blazing Spear","Pragmatic Fatecarver","Cephaliarch's Flail","Quick Cloak","Camouflaged Hunter","Incapacitating Strike","Proximity Detonation","Elemental Blockade","Anti-Cavalry Caltrops","Inspired Scholarship","Camouflaged Hunter","Elemental Rage"
"Lucent Citadel","Trash Builds","https://www.esologs.com/reports/GBMfX7pdtANakCYx#fight=59&type=summary&source=4","@I_RobzzX","Berta die Buschige","ass-herald-spear-deadly-strike-perfected-ansuuls-torment","dps","Ass","Spear","Herald","Perfected Ansuul's Torment","Deadly Strike","93428.7","8110.6","45.5","93428.7 DPS","","Slimecraw Guise (Slimecraw)","Ansuul's Perfected Jack (Perfected Ansuul's Torment)","Deadly Arm Cops (Deadly Strike)","Ansuul's Perfected Bracers (Perfected Ansuul's Torment)","","Ansuul's Perfected Guards (Perfected Ansuul's Torment)","Ansuul's Perfected Boots (Perfected Ansuul's Torment)","","Deadly Ring (Deadly Strike)","Deadly Ring (Deadly Strike)","Deadly Dagger (Deadly Strike)","Deadly Dagger (Deadly Strike)","The Maelstrom's Perfected Inferno Staff (Perfected Crushing Wall)"," ()","Pragmatic Fatecarver","Cephaliarch's Flail","Blazing Spear","Quick Cloak","Camouflaged Hunter","Incapacitating Strike","Elemental Blockade","Inspired Scholarship","Anti-Cavalry Caltrops","Relentless Focus","Proximity Detonation","Elemental Rage"
"Lucent Citadel","Trash Builds","https://www.esologs.com/reports/GBMfX7pdtANakCYx#fight=59&type=summary&source=2","@aerwarim","Arcanenarim der Erste","ass-herald-spear-deadly-strike-perfected-ansuuls-torment","dps","Ass","Spear","Herald","Deadly Strike","Perfected Ansuul's Torment","86428.6","3401.4","37.9","86428.6 DPS","","Slimecraw Guise (Slimecraw)","Deadly Jack (Deadly Strike)","Deadly Arm Cops (Deadly Strike)","Deadly Bracers (Deadly Strike)","","Ansuul's Perfected Guards (Perfected Ansuul's Torment)","Ansuul's Perfected Boots (Perfected Ansuul's Torment)","","Ansuul's Perfected Ring (Perfected Ansuul's Torment)","Ansuul's Perfected Ring (Perfected Ansuul's Torment)","Deadly Dagger (Deadly Strike)","Deadly Dagger (Deadly Strike)","The Maelstrom's Perfected Inferno Staff (Perfected Crushing Wall)"," ()","Quick Cloak","Cephaliarch's Flail","Camouflaged Hunter","Pragmatic Fatecarver","Blazing Spear","Incapacitating Strike","Camouflaged Hunter","Elemental Blockade","Mystic Orb","Anti-Cavalry Caltrops","Inspired Scholarship","The Languid Eye"
"Lucent Citadel","Trash Builds","https://www.esologs.com/reports/GBMfX7pdtANakCYx#fight=59&type=summary&source=1","@Flonke","Zerena Zweifinger","ass-herald-spear-deadly-strike-perfected-ansuuls-torment","dps","Ass","Spear","Herald","Perfected Ansuul's Torment","Deadly Strike","95369.2","4627.0","32.9","95369.2 DPS","","Ansuul's Perfected Helmet (Perfected Ansuul's Torment)","Ansuul's Perfected Jack (Perfected Ansuul's Torment)","Slimecraw Epaulets (Slimecraw)","Ansuul's Perfected Bracers (Perfected Ansuul's Torment)","","Deadly Guards (Deadly Strike)","Ansuul's Perfected Boots (Perfected Ansuul's Torment)","","Deadly Ring (Deadly Strike)","Deadly Ring (Deadly Strike)","Deadly Dagger (Deadly Strike)","Deadly Dagger (Deadly Strike)","The Maelstrom's Perfected Inferno Staff (Perfected Crushing Wall)"," ()","Cephaliarch's Flail","Pragmatic Fatecarver","Radiant Ward","Revealing Flare","Camouflaged Hunter","Incapacitating Strike","Elemental Blockade","Fulminating Rune","Concealed Weapon","Inspired Scholarship","Camouflaged Hunter","The Languid Eye"
"Lucent Citadel","Trash Builds","https://www.esologs.com/reports/GBMfX7pdtANakCYx#fight=59&type=summary&source=3","@Missina","Aurora Invara","ass-herald-spear-deadly-strike-perfected-ansuuls-torment","dps","Ass","Spear","Herald","Perfected Ansuul's Torment","Deadly Strike","104380.0","7098.6","27.3","104380.0 DPS","","Slimecraw Guise (Slimecraw)","Ansuul's Perfected Jack (Perfected Ansuul's Torment)","Ansuul's Perfected Arm Cops (Perfected Ansuul's Torment)","Ansuul's Perfected Bracers (Perfected Ansuul's Torment)","","Deadly Guards (Deadly Strike)","Ansuul's Perfected Boots (Perfected Ansuul's Torment)","","Deadly Ring (Deadly Strike)","Deadly Ring (Deadly Strike)","Deadly Dagger (Deadly Strike)","Deadly Dagger (Deadly Strike)","The Maelstrom's Perfected Inferno Staff (Perfected Crushing Wall)"," ()","Radiant Ward","Quick Cloak","Cephaliarch's Flail","Pragmatic Fatecarver","Camouflaged Hunter","Incapacitating Strike","Inspired Scholarship","Elemental Blockade","Anti-Cavalry Caltrops","Fulminating Rune","Camouflaged Hunter","The Languid Eye"
"Lucent Citadel","Trash Builds","https://www.esologs.com/reports/GBMfX7pdtANakCYx#fight=59&type=summary&source=5","@Wolf_Adrian","Cruxwolf","ass-herald-spear-deadly-strike-perfected-ansuuls-torment","dps","Ass","Spear","Herald","Perfected Ansuul's Torment","Deadly Strike","95513.2","6122.0","30.9","95513.2 DPS","","Slimecraw Guise (Slimecraw)","Ansuul's Perfected Jack (Perfected Ansuul's Torment)","Ansuul's Perfected Arm Cops (Perfected Ansuul's Torment)","Ansuul's Perfected Bracers (Perfected Ansuul's Torment)","","Ansuul's Perfected Guards (Perfected Ansuul's Torment)","Deadly Boots (Deadly Strike)","","Deadly Ring (Deadly Strike)","Deadly Ring (Deadly Strike)","Deadly Dagger (Deadly Strike)","Deadly Dagger (Deadly Strike)","The Maelstrom's Perfected Inferno Staff (Perfected Crushing Wall)"," ()","Cephaliarch's Flail","Pragmatic Fatecarver","Revealing Flare","Radiant Ward","Banner Bearer","Incapacitating Strike","Elemental Blockade","Fulminating Rune","Inspired Scholarship","Relentless Focus","Banner Bearer","The Languid Eye"
"Lucent Citadel","Trash Builds","https://www.esologs.com/reports/GBMfX7pdtANakCYx#fight=59&type=summary&source=8","@Goroshia1","Harmaras Mora","ass-herald-spear-deadly-strike-perfected-ansuuls-torment","dps","Ass","Spear","Herald","Perfected Ansuul's Torment","Deadly Strike","112517.5","8784.5","38.6","112517.5 DPS","","Slimecraw Guise (Slimecraw)","Ansuul's Perfected Jack (Perfected Ansuul's Torment)","Ansuul's Perfected Arm Cops (Perfected Ansuul's Torment)","Deadly Bracers (Deadly Strike)","","Ansuul's Perfected Guards (Perfected Ansuul's Torment)","Ansuul's Perfected Boots (Perfected Ansuul's Torment)","","Deadly Ring (Deadly Strike)","Deadly Ring (Deadly Strike)","Deadly Dagger (Deadly Strike)","Deadly Dagger (Deadly Strike)","The Maelstrom's Perfected Inferno Staff (Perfected Crushing Wall)"," ()","Cephaliarch's Flail","Pragmatic Fatecarver","Blazing Spear","Revealing Flare","Banner Bearer","Soul Harvest","Elemental Blockade","Inspired Scholarship","Radiant Ward","Concealed Weapon","Banner Bearer","The Languid Eye"
"Lucent Citadel","Trash Builds","https://www.esologs.com/reports/GBMfX7pdtANakCYx#fight=59&type=summary&source=4","@I_RobzzX","Berta die Buschige","ass-herald-spear-deadly-strike-perfected-ansuuls-torment","dps","Ass","Spear","Herald","Perfected Ansuul's Torment","Deadly Strike","100987.3","7458.5","50.1","100987.3 DPS","","Slimecraw Guise (Slimecraw)","Ansuul's Perfected Jack (Perfected Ansuul's Torment)","Deadly Arm Cops (Deadly Strike)","Ansuul's Perfected Bracers (Perfected Ansuul's Torment)","","Ansuul's Perfected Guards (Perfected Ansuul's Torment)","Ansuul's Perfected Boots (Perfected Ansuul's Torment)","","Deadly Ring (Deadly Strike)","Deadly Ring (Deadly Strike)","Deadly Dagger (Deadly Strike)","Deadly Dagger (Deadly Strike)","The Maelstrom's Perfected Greatsword (Perfected Merciless Charge)"," ()","Pragmatic Fatecarver","Cephaliarch's Flail","Blazing Spear","Quick Cloak","Revealing Flare","Incapacitating Strike","Stampede","Inspired Scholarship","Anti-Cavalry Caltrops","Relentless Focus","Fulminating Rune","The Languid Eye"
"Lucent Citadel","Trash Builds","https://www.esologs.com/reports/GBMfX7pdtANakCYx#fight=59&type=summary&source=12","@steve.o","Nelazi","ass-herald-spear-deadly-strike-perfected-ansuuls-torment","dps","Ass","Spear","Herald","Perfected Ansuul's Torment","Deadly Strike","104530.9","7451.2","32.7","104530.9 DPS","","Slimecraw Guise (Slimecraw)","Ansuul's Perfected Jack (Perfected Ansuul's Torment)","Deadly Arm Cops (Deadly Strike)","Ansuul's Perfected Bracers (Perfected Ansuul's Torment)","","Ansuul's Perfected Guards (Perfected Ansuul's Torment)","Ansuul's Perfected Boots (Perfected Ansuul's Torment)","","Deadly Ring (Deadly Strike)","Deadly Ring (Deadly Strike)","Deadly Dagger (Deadly Strike)","Deadly Dagger (Deadly Strike)","The Maelstrom's Perfected Inferno Staff (Perfected Crushing Wall)"," ()","Radiant Ward","Pragmatic Fatecarver","Cephaliarch's Flail","Revealing Flare","Camouflaged Hunter","Incapacitating Strike","Scalding Rune","Elemental Blockade","Fulminating Rune","Inspired Scholarship","Camouflaged Hunter","The Languid Eye"
"Lucent Citadel","Trash Builds","https://www.esologs.com/reports/GBMfX7pdtANakCYx#fight=59&type=summary&source=2","@aerwarim","Arcanenarim der Erste","ass-herald-spear-deadly-strike-perfected-ansuuls-torment","dps","Ass","Spear","Herald","Deadly Strike","Perfected Ansuul's Torment","112579.2","5223.9","39.5","112579.2 DPS","The Thief","Slimecraw Guise (Slimecraw)","Deadly Jack (Deadly Strike)","Deadly Arm Cops (Deadly Strike)","Deadly Bracers (Deadly Strike)","","Ansuul's Perfected Guards (Perfected Ansuul's Torment)","Ansuul's Perfected Boots (Perfected Ansuul's Torment)","","Ansuul's Perfected Ring (Perfected Ansuul's Torment)","Ansuul's Perfected Ring (Perfected Ansuul's Torment)","Deadly Dagger (Deadly Strike)","Deadly Dagger (Deadly Strike)","The Maelstrom's Perfected Inferno Staff (Perfected Crushing Wall)"," ()","Quick Cloak","Cephaliarch's Flail","Camouflaged Hunter","Pragmatic Fatecarver","Radiant Ward","Incapacitating Strike","Camouflaged Hunter","Elemental Blockade","Scalding Rune","Fulminating Rune","Inspired Scholarship","The Languid Eye"
"Lucent Citadel","Trash Builds","https://www.esologs.com/reports/3ryVatC1nN2k8mFf#fight=19&type=summary&source=15","@M0R_Gaming","Kallíópē","ardent-ass-herald-deadly-strike-perfected-ansuuls-torment","dps","Ardent","Ass","Herald","Deadly Strike","Perfected Ansuul's Torment","105225.4","2715.1","25.5","105225.4 DPS","","Deadly Helmet (Deadly Strike)","Deadly Jack (Deadly Strike)","Valkyn Skoria Epaulets (Valkyn Skoria)","Ansuul's Perfected Bracers (Perfected Ansuul's Torment)","","Ansuul's Perfected Guards (Perfected Ansuul's Torment)","Deadly Boots (Deadly Strike)","","Ansuul's Perfected Ring (Perfected Ansuul's Torment)","Ansuul's Perfected Ring (Perfected Ansuul's Torment)","Deadly Dagger (Deadly Strike)","Deadly Dagger (Deadly Strike)","The Maelstrom's Perfected Greatsword (Perfected Merciless Charge)"," ()","Cephaliarch's Flail","Venomous Claw","Exhausting Fatecarver","Flames of Oblivion","Quick Cloak","Soul Harvest","Stampede","Molten Whip","Inspired Scholarship","Relentless Focus","Camouflaged Hunter","Standard of Might"
"Lucent Citadel","Trash Builds","https://www.esologs.com/reports/3ryVatC1nN2k8mFf#fight=19&type=summary&source=15","@M0R_Gaming","Kallíópē","ardent-ass-herald-deadly-strike-perfected-ansuuls-torment","dps","Ardent","Ass","Herald","Deadly Strike","Perfected Ansuul's Torment","73598.2","3050.2","26.7","73598.2 DPS","","Deadly Helmet (Deadly Strike)","Deadly Jack (Deadly Strike)","Valkyn Skoria Epaulets (Valkyn Skoria)","Ansuul's Perfected Bracers (Perfected Ansuul's Torment)","","Ansuul's Perfected Guards (Perfected Ansuul's Torment)","Deadly Boots (Deadly Strike)","","Ansuul's Perfected Ring (Perfected Ansuul's Torment)","Ansuul's Perfected Ring (Perfected Ansuul's Torment)","Deadly Dagger (Deadly Strike)","Deadly Dagger (Deadly Strike)","The Maelstrom's Perfected Greatsword (Perfected Merciless Charge)"," ()","Cephaliarch's Flail","Venomous Claw","Exhausting Fatecarver","Flames of Oblivion","Quick Cloak","Soul Harvest","Stampede","Molten Whip","Inspired Scholarship","Relentless Focus","Camouflaged Hunter","Standard of Might"
"Lucent Citadel","Trash Builds","https://www.esologs.com/reports/3ryVatC1nN2k8mFf#fight=19&type=summary&source=1","@CBaer","Stella Dragonheart","ardent-ass-herald-deadly-strike-perfected-ansuuls-torment","dps","Ardent","Ass","Herald","Perfected Ansuul's Torment","Deadly Strike","87091.6","8165.5","21.7","87091.6 DPS","","Slimecraw Guise (Slimecraw)","Ansuul's Perfected Jack (Perfected Ansuul's Torment)","Deadly Arm Cops (Deadly Strike)","Ansuul's Perfected Bracers (Perfected Ansuul's Torment)","","Ansuul's Perfected Guards (Perfected Ansuul's Torment)","Ansuul's Perfected Boots (Perfected Ansuul's Torment)","","Deadly Ring (Deadly Strike)","Deadly Ring (Deadly Strike)","The Maelstrom's Perfected Inferno Staff (Perfected Crushing Wall)"," ()","Deadly Dagger (Deadly Strike)","Deadly Dagger (Deadly Strike)","Blockade of Fire","Concealed Weapon","Resolving Vigor","Inspired Scholarship","Molten Whip","Standard of Might","Cephaliarch's Flail","Quick Cloak","Fulminating Rune","Pragmatic Fatecarver","Flames of Oblivion","Soul Harvest"
"Lucent Citadel","Trash Builds","https://www.esologs.com/reports/3ryVatC1nN2k8mFf#fight=19&type=summary&source=7","@SrednaKrom","Nuclær","ardent-ass-herald-deadly-strike-perfected-ansuuls-torment","dps","Ardent","Ass","Herald","Deadly Strike","Perfected Ansuul's Torment","112546.5","6203.7","40.5","112546.5 DPS","","Slimecraw Guise (Slimecraw)","Deadly Jack (Deadly Strike)","Ansuul's Perfected Arm Cops (Perfected Ansuul's Torment)","Ansuul's Perfected Bracers (Perfected Ansuul's Torment)","","Deadly Guards (Deadly Strike)","Ansuul's Perfected Boots (Perfected Ansuul's Torment)","","Ansuul's Perfected Ring (Perfected Ansuul's Torment)","Ansuul's Perfected Ring (Perfected Ansuul's Torment)","Deadly Dagger (Deadly Strike)","Deadly Dagger (Deadly Strike)","The Maelstrom's Perfected Greatsword (Perfected Merciless Charge)"," ()","Cephaliarch's Flail","Quick Cloak","Pragmatic Fatecarver","Killer's Blade","Camouflaged Hunter","Soul Harvest","Stampede","Molten Whip","Flames of Oblivion","Venomous Claw","Inspired Scholarship","The Languid Eye"
"Lucent Citadel","Trash Builds","https://www.esologs.com/reports/3ryVatC1nN2k8mFf#fight=19&type=summary&source=11","@dudu_biberveldt","Three Two One Beam","ardent-ass-herald-deadly-strike-perfected-ansuuls-torment","dps","Ardent","Ass","Herald","Perfected Ansuul's Torment","Deadly Strike","112298.1","3681.1","41.4","112298.1 DPS","","Slimecraw Guise (Slimecraw)","Ansuul's Perfected Jack (Perfected Ansuul's Torment)","Deadly Arm Cops (Deadly Strike)","Ansuul's Perfected Bracers (Perfected Ansuul's Torment)","","Ansuul's Perfected Guards (Perfected Ansuul's Torment)","Ansuul's Perfected Boots (Perfected Ansuul's Torment)","","Deadly Ring (Deadly Strike)","Deadly Ring (Deadly Strike)","Deadly Dagger (Deadly Strike)","Deadly Dagger (Deadly Strike)","The Maelstrom's Perfected Inferno Staff (Perfected Crushing Wall)"," ()","Cephaliarch's Flail","Flames of Oblivion","Camouflaged Hunter","Pragmatic Fatecarver","Quick Cloak","Soul Harvest","Elemental Blockade","Venomous Claw","Engulfing Flames","Inspired Scholarship","Molten Whip","The Languid Eye"
"Lucent Citadel","Trash Builds","https://www.esologs.com/reports/3ryVatC1nN2k8mFf#fight=19&type=summary&source=9","@Slygonder","The Matte Kudasai","ardent-ass-herald-deadly-strike-perfected-ansuuls-torment","dps","Ardent","Ass","Herald","Perfected Ansuul's Torment","Deadly Strike","103569.3","8192.6","32.9","103569.3 DPS","","Slimecraw Guise (Slimecraw)","Ansuul's Perfected Jack (Perfected Ansuul's Torment)","Deadly Arm Cops (Deadly Strike)","Ansuul's Perfected Bracers (Perfected Ansuul's Torment)","","Ansuul's Perfected Guards (Perfected Ansuul's Torment)","Ansuul's Perfected Boots (Perfected Ansuul's Torment)","","Deadly Ring (Deadly Strike)","Deadly Ring (Deadly Strike)","Deadly Dagger (Deadly Strike)","Deadly Dagger (Deadly Strike)","The Maelstrom's Perfected Inferno Staff (Perfected Crushing Wall)"," ()","Quick Cloak","Pragmatic Fatecarver","Cephaliarch's Flail","Camouflaged Hunter","Killer's Blade","Soul Harvest","Elemental Blockade","Flames of Oblivion","Venomous Claw","Molten Whip","Inspired Scholarship","The Languid Eye"
"Lucent Citadel","Trash Builds","https://www.esologs.com/reports/3ryVatC1nN2k8mFf#fight=19&type=summary&source=3","@DragonBank","Dragon-Beam","ardent-ass-herald-deadly-strike-perfected-ansuuls-torment","dps","Ardent","Ass","Herald","Perfected Ansuul's Torment","Deadly Strike","137717.4","9633.8","42.1","137717.4 DPS","The Thief","Slimecraw Guise (Slimecraw)","Ansuul's Perfected Jack (Perfected Ansuul's Torment)","Deadly Arm Cops (Deadly Strike)","Ansuul's Perfected Bracers (Perfected Ansuul's Torment)","","Ansuul's Perfected Guards (Perfected Ansuul's Torment)","Ansuul's Perfected Boots (Perfected Ansuul's Torment)","","Deadly Ring (Deadly Strike)","Deadly Ring (Deadly Strike)","Deadly Dagger (Deadly Strike)","Deadly Dagger (Deadly Strike)","The Maelstrom's Perfected Inferno Staff (Perfected Crushing Wall)"," ()","Camouflaged Hunter","Reaper's Mark","Quick Cloak","Cephaliarch's Flail","Pragmatic Fatecarver","The Languid Eye","Molten Whip","Proximity Detonation","Inspired Scholarship","Flames of Oblivion","Blockade of Fire","Elemental Rage"
"Lucent Citadel","Trash Builds","https://www.esologs.com/reports/3ryVatC1nN2k8mFf#fight=19&type=summary&source=1","@DragonBank","Dragon-Beam","ardent-ass-herald-deadly-strike-perfected-ansuuls-torment","dps","Ardent","Ass","Herald","Perfected Ansuul's Torment","Deadly Strike","132711.6","4713.2","44.4","132711.6 DPS","","Slimecraw Guise (Slimecraw)","Ansuul's Perfected Jack (Perfected Ansuul's Torment)","Deadly Arm Cops (Deadly Strike)","Ansuul's Perfected Bracers (Perfected Ansuul's Torment)","","Ansuul's Perfected Guards (Perfected Ansuul's Torment)","Ansuul's Perfected Boots (Perfected Ansuul's Torment)","","Deadly Ring (Deadly Strike)","Deadly Ring (Deadly Strike)","Deadly Dagger (Deadly Strike)","Deadly Dagger (Deadly Strike)","The Maelstrom's Perfected Inferno Staff (Perfected Crushing Wall)"," ()","Camouflaged Hunter","Reaper's Mark","Quick Cloak","Cephaliarch's Flail","Pragmatic Fatecarver","The Languid Eye","Molten Whip","Proximity Detonation","Inspired Scholarship","Flames of Oblivion","Blockade of Fire","Fiery Rage"
"Lucent Citadel","Trash Builds","https://www.esologs.com/reports/3ryVatC1nN2k8mFf#fight=19&type=summary&source=37","@TyoxicWayste","Vesper Thelyss","ardent-ass-herald-deadly-strike-perfected-slivers-of-the-null-arca","dps","Ardent","Ass","Herald","Perfected Slivers of the Null Arca","Deadly Strike","94600.2","3101.0","27.7","94600.2 DPS","","Slimecraw Guise (Slimecraw)","Perfected Null Arca Jack (Perfected Slivers of the Null Arca)","Deadly Arm Cops (Deadly Strike)","Perfected Null Arca Bracers (Perfected Slivers of the Null Arca)","","Perfected Null Arca Guards (Perfected Slivers of the Null Arca)","Perfected Null Arca Boots (Perfected Slivers of the Null Arca)","","Deadly Ring (Deadly Strike)","Deadly Ring (Deadly Strike)","Deadly Dagger (Deadly Strike)","Deadly Dagger (Deadly Strike)","The Maelstrom's Greatsword (Merciless Charge)"," ()","Cephaliarch's Flail","Pragmatic Fatecarver","Resolving Vigor","Quick Cloak","Camouflaged Hunter","Incapacitating Strike","Inspired Scholarship","Flames of Oblivion","Venomous Claw","Stampede","Molten Whip","Standard of Might"
"Lucent Citadel","Trash Builds","https://www.esologs.com/reports/3ryVatC1nN2k8mFf#fight=19&type=summary&source=6","@Momopeacho","Mielli Vaer","ardent-ass-herald-deadly-strike-perfected-slivers-of-the-null-arca","dps","Ardent","Ass","Herald","Perfected Slivers of the Null Arca","Deadly Strike","60931.3","4248.8","26.6","60931.3 DPS","","Slimecraw Mask (Slimecraw)","Perfected Null Arca Jack (Perfected Slivers of the Null Arca)","Deadly Arm Cops (Deadly Strike)","Deadly Bracers (Deadly Strike)","","Perfected Null Arca Guards (Perfected Slivers of the Null Arca)","Perfected Null Arca Boots (Perfected Slivers of the Null Arca)","","Perfected Null Arca Ring (Perfected Slivers of the Null Arca)","Deadly Ring (Deadly Strike)","Deadly Dagger (Deadly Strike)","Deadly Dagger (Deadly Strike)","The Maelstrom's Greatsword (Merciless Charge)"," ()","Killer's Blade","Pragmatic Fatecarver","Cephaliarch's Flail","Quick Cloak","Camouflaged Hunter","Incapacitating Strike","Flames of Oblivion","Venomous Claw","Stampede","Inspired Scholarship","Molten Whip","Standard of Might"
"Lucent Citadel","Trash Builds","https://www.esologs.com/reports/3ryVatC1nN2k8mFf#fight=19&type=summary&source=37","@TyoxicWayste","Vesper Thelyss","ardent-ass-herald-deadly-strike-perfected-slivers-of-the-null-arca","dps","Ardent","Ass","Herald","Perfected Slivers of the Null Arca","Deadly Strike","51015.1","2997.5","27.3","51015.1 DPS","","Slimecraw Guise (Slimecraw)","Perfected Null Arca Jack (Perfected Slivers of the Null Arca)","Deadly Arm Cops (Deadly Strike)","Perfected Null Arca Bracers (Perfected Slivers of the Null Arca)","","Perfected Null Arca Guards (Perfected Slivers of the Null Arca)","Perfected Null Arca Boots (Perfected Slivers of the Null Arca)","","Deadly Ring (Deadly Strike)","Deadly Ring (Deadly Strike)","Deadly Dagger (Deadly Strike)","Deadly Dagger (Deadly Strike)","The Maelstrom's Greatsword (Merciless Charge)"," ()","Cephaliarch's Flail","Pragmatic Fatecarver","Resolving Vigor","Quick Cloak","Camouflaged Hunter","Incapacitating Strike","Inspired Scholarship","Flames of Oblivion","Venomous Claw","Stampede","Molten Whip","Standard of Might"
"Lucent Citadel","Trash Builds","https://www.esologs.com/reports/3ryVatC1nN2k8mFf#fight=19&type=summary&source=6","@Momopeacho","Mielli Vaer","ardent-ass-herald-deadly-strike-perfected-slivers-of-the-null-arca","dps","Ardent","Ass","Herald","Perfected Slivers of the Null Arca","Deadly Strike","48956.8","2978.0","28.7","48956.8 DPS","","Slimecraw Mask (Slimecraw)","Perfected Null Arca Jack (Perfected Slivers of the Null Arca)","Deadly Arm Cops (Deadly Strike)","Deadly Bracers (Deadly Strike)","","Perfected Null Arca Guards (Perfected Slivers of the Null Arca)","Perfected Null Arca Boots (Perfected Slivers of the Null Arca)","","Perfected Null Arca Ring (Perfected Slivers of the Null Arca)","Deadly Ring (Deadly Strike)","Deadly Dagger (Deadly Strike)","Deadly Dagger (Deadly Strike)","The Maelstrom's Greatsword (Merciless Charge)"," ()","Killer's Blade","Pragmatic Fatecarver","Cephaliarch's Flail","Quick Cloak","Camouflaged Hunter","Incapacitating Strike","Flames of Oblivion","Venomous Claw","Stampede","Inspired Scholarship","Molten Whip","Standard of Might"
"Lucent Citadel","Trash Builds","https://www.esologs.com/reports/3ryVatC1nN2k8mFf#fight=19&type=summary&source=6","@p0rk","my hog","ardent-ass-herald-deadly-strike-perfected-slivers-of-the-null-arca","dps","Ardent","Ass","Herald","Deadly Strike","Perfected Slivers of the Null Arca","98264.6","3053.7","39.0","98264.6 DPS","","Nerien'eth Mask (Nerien'eth)","Perfected Null Arca Jack (Perfected Slivers of the Null Arca)","Nerien'eth Epaulets (Nerien'eth)","Perfected Null Arca Bracers (Perfected Slivers of the Null Arca)","","Deadly Guards (Deadly Strike)","Perfected Null Arca Boots (Perfected Slivers of the Null Arca)","","Deadly Ring (Deadly Strike)","Deadly Ring (Deadly Strike)","Deadly Dagger (Deadly Strike)","Deadly Dagger (Deadly Strike)","The Maelstrom's Inferno Staff (Crushing Wall)"," ()","Quick Cloak","Pragmatic Fatecarver","Cephaliarch's Flail","Killer's Blade","Shocking Banner (Cavalier's Charge / Courage)","Soul Harvest","Flames of Oblivion","Blockade of Fire","Venomous Claw","Inspired Scholarship","Shocking Banner (Cavalier's Charge / Courage)","Standard of Might"
"Lucent Citadel","Trash Builds","https://www.esologs.com/reports/3ryVatC1nN2k8mFf#fight=19&type=summary&source=18","@p0rk","my hog","ardent-ass-herald-deadly-strike-perfected-slivers-of-the-null-arca","dps","Ardent","Ass","Herald","Deadly Strike","Perfected Slivers of the Null Arca","100435.0","3347.8","30.3","100435.0 DPS","","Nerien'eth Mask (Nerien'eth)","Perfected Null Arca Jack (Perfected Slivers of the Null Arca)","Nerien'eth Epaulets (Nerien'eth)","Perfected Null Arca Bracers (Perfected Slivers of the Null Arca)","","Deadly Guards (Deadly Strike)","Perfected Null Arca Boots (Perfected Slivers of the Null Arca)","","Deadly Ring (Deadly Strike)","Deadly Ring (Deadly Strike)","Deadly Dagger (Deadly Strike)","Deadly Dagger (Deadly Strike)","The Maelstrom's Inferno Staff (Crushing Wall)"," ()","Quick Cloak","Pragmatic Fatecarver","Cephaliarch's Flail","Killer's Blade","Banner Bearer","Soul Harvest","Flames of Oblivion","Elemental Blockade","Venomous Claw","Inspired Scholarship","Banner Bearer","Standard of Might"
"Lucent Citadel","Trash Builds","https://www.esologs.com/reports/d6BDW8ArHmjtVyg9#fight=31&type=summary&source=8","@Nuzgulus","Nuzgul","ardent-ass-herald-deadly-strike-perfected-sul-xans-torment","dps","Ardent","Ass","Herald","Deadly Strike","Perfected Sul-Xan's Torment","38803.1","3514.7","24.2","38803.1 DPS","","Slimecraw Mask (Slimecraw)","Deadly Jack (Deadly Strike)","Perfected Arm Cops of Sul-Xan's Torment (Perfected Sul-Xan's Torment)","Deadly Bracers (Deadly Strike)","","Deadly Guards (Deadly Strike)","Deadly Boots (Deadly Strike)","","Perfected Ring of Sul-Xan's Torment (Perfected Sul-Xan's Torment)","Perfected Ring of Sul-Xan's Torment (Perfected Sul-Xan's Torment)","Perfected Dagger of Sul-Xan's Torment (Perfected Sul-Xan's Torment)","Perfected Dagger of Sul-Xan's Torment (Perfected Sul-Xan's Torment)","The Maelstrom's Inferno Staff (Crushing Wall)"," ()","Killer's Blade","Escalating Runeblades","Relentless Focus","Fatecarver","Camouflaged Hunter","Dragonknight Standard","Venomous Claw","Flames of Oblivion","Inspired Scholarship","Wall of Elements","Engulfing Flames","Elemental Rage"
"Lucent Citadel","Trash Builds","https://www.esologs.com/reports/d6BDW8ArHmjtVyg9#fight=31&type=summary&source=10","@Motep","moteparkanist","ardent-ass-herald-deadly-strike-perfected-sul-xans-torment","dps","Ardent","Ass","Herald","Perfected Sul-Xan's Torment","Deadly Strike","62163.8","2865.2","46.6","62163.8 DPS","","Slimecraw Mask (Slimecraw)","Perfected Jack of Sul-Xan's Torment (Perfected Sul-Xan's Torment)","Perfected Arm Cops of Sul-Xan's Torment (Perfected Sul-Xan's Torment)","Deadly Bracers (Deadly Strike)","","Perfected Guards of Sul-Xan's Torment (Perfected Sul-Xan's Torment)","Perfected Boots of Sul-Xan's Torment (Perfected Sul-Xan's Torment)","","Deadly Ring (Deadly Strike)","Deadly Ring (Deadly Strike)","Deadly Dagger (Deadly Strike)","Deadly Dagger (Deadly Strike)","The Maelstrom's Perfected Inferno Staff (Perfected Crushing Wall)"," ()","Quick Cloak","Pragmatic Fatecarver","Cephaliarch's Flail","Camouflaged Hunter","Barbed Trap","Incapacitating Strike","Elemental Blockade","Engulfing Flames","Anti-Cavalry Caltrops","Flames of Oblivion","Inspired Scholarship","Elemental Rage"
"Lucent Citadel","Trash Builds","https://www.esologs.com/reports/d6BDW8ArHmjtVyg9#fight=31&type=summary&source=6","@p0rk","my hog","ardent-ass-herald-deadly-strike-perfected-sul-xans-torment","dps","Ardent","Ass","Herald","Perfected Sul-Xan's Torment","Deadly Strike","94131.7","2313.2","42.1","94131.7 DPS","","Valkyn Skoria Guise (Valkyn Skoria)","Perfected Jack of Sul-Xan's Torment (Perfected Sul-Xan's Torment)","Perfected Arm Cops of Sul-Xan's Torment (Perfected Sul-Xan's Torment)","Perfected Bracers of Sul-Xan's Torment (Perfected Sul-Xan's Torment)","","Deadly Guards (Deadly Strike)","Perfected Boots of Sul-Xan's Torment (Perfected Sul-Xan's Torment)","","Deadly Ring (Deadly Strike)","Deadly Ring (Deadly Strike)","Deadly Dagger (Deadly Strike)","Deadly Dagger (Deadly Strike)","The Maelstrom's Inferno Staff (Crushing Wall)"," ()","Inspired Scholarship","Pragmatic Fatecarver","Cephaliarch's Flail","Whirling Blades","Shocking Banner (Cavalier's Charge / Courage)","Soul Harvest","Flames of Oblivion","Blockade of Fire","Proximity Detonation","Magical Trample (Cavalier's Charge / Heroism)","Shocking Banner (Cavalier's Charge / Courage)","Elemental Rage"
"Lucent Citadel","Trash Builds","https://www.esologs.com/reports/d6BDW8ArHmjtVyg9#fight=31&type=summary&source=10","@Dan_Prime","Varinia Aventius","ardent-ass-herald-deadly-strike-perfected-sul-xans-torment","dps","Ardent","Ass","Herald","Perfected Sul-Xan's Torment","Deadly Strike","100035.8","5418.5","58.9","100035.8 DPS","","Slimecraw Guise (Slimecraw)","Perfected Jack of Sul-Xan's Torment (Perfected Sul-Xan's Torment)","Deadly Arm Cops (Deadly Strike)","Deadly Bracers (Deadly Strike)","","Deadly Guards (Deadly Strike)","Deadly Boots (Deadly Strike)","","Perfected Ring of Sul-Xan's Torment (Perfected Sul-Xan's Torment)","Perfected Ring of Sul-Xan's Torment (Perfected Sul-Xan's Torment)","Perfected Dagger of Sul-Xan's Torment (Perfected Sul-Xan's Torment)","Perfected Dagger of Sul-Xan's Torment (Perfected Sul-Xan's Torment)","The Maelstrom's Perfected Inferno Staff (Perfected Crushing Wall)"," ()","Whirling Blades","Quick Cloak","Pragmatic Fatecarver","Camouflaged Hunter","Cephaliarch's Flail","Incapacitating Strike","Anti-Cavalry Caltrops","Reaper's Mark","Blockade of Fire","Flames of Oblivion","Inspired Scholarship","Elemental Rage"
"Lucent Citadel","Trash Builds","https://www.esologs.com/reports/d6BDW8ArHmjtVyg9#fight=31&type=summary&source=7","@Dan_Prime","Varinia Aventius","ardent-ass-herald-deadly-strike-perfected-sul-xans-torment","dps","Ardent","Ass","Herald","Perfected Sul-Xan's Torment","Deadly Strike","79473.3","5246.5","44.4","79473.3 DPS","","Slimecraw Guise (Slimecraw)","Perfected Jack of Sul-Xan's Torment (Perfected Sul-Xan's Torment)","Deadly Arm Cops (Deadly Strike)","Deadly Bracers (Deadly Strike)","","Deadly Guards (Deadly Strike)","Deadly Boots (Deadly Strike)","","Perfected Ring of Sul-Xan's Torment (Perfected Sul-Xan's Torment)","Perfected Ring of Sul-Xan's Torment (Perfected Sul-Xan's Torment)","Perfected Dagger of Sul-Xan's Torment (Perfected Sul-Xan's Torment)","Perfected Dagger of Sul-Xan's Torment (Perfected Sul-Xan's Torment)","The Maelstrom's Perfected Inferno Staff (Perfected Crushing Wall)"," ()","Whirling Blades","Quick Cloak","Pragmatic Fatecarver","Camouflaged Hunter","Cephaliarch's Flail","Incapacitating Strike","Anti-Cavalry Caltrops","Reaper's Mark","Elemental Blockade","Flames of Oblivion","Inspired Scholarship","Elemental Rage"
"Lucent Citadel","Trash Builds","https://www.esologs.com/reports/d6BDW8ArHmjtVyg9#fight=31&type=summary&source=18","@p0rk","my hog","ardent-ass-herald-deadly-strike-perfected-sul-xans-torment","dps","Ardent","Ass","Herald","Perfected Sul-Xan's Torment","Deadly Strike","110621.7","4150.3","44.4","110621.7 DPS","","Valkyn Skoria Guise (Valkyn Skoria)","Perfected Jack of Sul-Xan's Torment (Perfected Sul-Xan's Torment)","Perfected Arm Cops of Sul-Xan's Torment (Perfected Sul-Xan's Torment)","Perfected Bracers of Sul-Xan's Torment (Perfected Sul-Xan's Torment)","","Deadly Guards (Deadly Strike)","Perfected Boots of Sul-Xan's Torment (Perfected Sul-Xan's Torment)","","Deadly Ring (Deadly Strike)","Deadly Ring (Deadly Strike)","Deadly Dagger (Deadly Strike)","Deadly Dagger (Deadly Strike)","The Maelstrom's Inferno Staff (Crushing Wall)"," ()","Inspired Scholarship","Pragmatic Fatecarver","Cephaliarch's Flail","Whirling Blades","Banner Bearer","Soul Harvest","Flames of Oblivion","Elemental Blockade","Proximity Detonation","Magical Trample","Banner Bearer","Elemental Rage"
"Lucent Citadel","Trash Builds","https://www.esologs.com/reports/3ryVatC1nN2k8mFf#fight=19&type=summary&source=8","@Revan5577","Razzaq at-Gamati","ass-dawn-herald-deadly-strike-perfected-ansuuls-torment","dps","Ass","Dawn","Herald","Deadly Strike","Perfected Ansuul's Torment","86945.2","2445.7","27.7","86945.2 DPS","","Slimecraw Guise (Slimecraw)","Deadly Jack (Deadly Strike)","Ansuul's Perfected Arm Cops (Perfected Ansuul's Torment)","Ansuul's Perfected Bracers (Perfected Ansuul's Torment)","","Ansuul's Perfected Guards (Perfected Ansuul's Torment)","Ansuul's Perfected Boots (Perfected Ansuul's Torment)","","Deadly Ring (Deadly Strike)","Deadly Ring (Deadly Strike)","Deadly Dagger (Deadly Strike)","Deadly Dagger (Deadly Strike)","The Maelstrom's Inferno Staff (Crushing Wall)"," ()","Quick Cloak","Cephaliarch's Flail","Pragmatic Fatecarver","Camouflaged Hunter","Radiant Glory","Soul Harvest","Inspired Scholarship","Elemental Blockade","Solar Barrage","Concealed Weapon","Resolving Vigor","The Languid Eye"
"Lucent Citadel","Trash Builds","https://www.esologs.com/reports/3ryVatC1nN2k8mFf#fight=19&type=summary&source=7","@TheClawlessConqueror","Myfanny Soleil-Scarlet","ass-dawn-herald-deadly-strike-perfected-ansuuls-torment","dps","Ass","Dawn","Herald","Perfected Ansuul's Torment","Deadly Strike","127911.4","13673.5","46.0","127911.4 DPS","The Thief","Ansuul's Perfected Helmet (Perfected Ansuul's Torment)","Deadly Jack (Deadly Strike)","Slimecraw Arm Cops (Slimecraw)","Ansuul's Perfected Bracers (Perfected Ansuul's Torment)","","Ansuul's Perfected Guards (Perfected Ansuul's Torment)","Ansuul's Perfected Boots (Perfected Ansuul's Torment)","","Deadly Ring (Deadly Strike)","Deadly Ring (Deadly Strike)","Deadly Dagger (Deadly Strike)","Deadly Dagger (Deadly Strike)","The Maelstrom's Perfected Inferno Staff (Perfected Crushing Wall)"," ()","Camouflaged Hunter","Radiant Glory","Pragmatic Fatecarver","Cephaliarch's Flail","Quick Cloak","Soul Harvest","Inspired Scholarship","Concealed Weapon","Solar Barrage","Echoing Vigor","Elemental Blockade","The Languid Eye"
"Lucent Citadel","Trash Builds","https://www.esologs.com/reports/3ryVatC1nN2k8mFf#fight=19&type=summary&source=3","@bobavan","Earil Greywyn","ass-dawn-herald-deadly-strike-perfected-ansuuls-torment","dps","Ass","Dawn","Herald","Perfected Ansuul's Torment","Deadly Strike","116715.8","3059.2","33.8","116715.8 DPS","","Slimecraw Guise (Slimecraw)","Ansuul's Perfected Jack (Perfected Ansuul's Torment)","Deadly Arm Cops (Deadly Strike)","Ansuul's Perfected Bracers (Perfected Ansuul's Torment)","","Ansuul's Perfected Guards (Perfected Ansuul's Torment)","Ansuul's Perfected Boots (Perfected Ansuul's Torment)","","Deadly Ring (Deadly Strike)","Deadly Ring (Deadly Strike)","Deadly Dagger (Deadly Strike)","Deadly Dagger (Deadly Strike)","The Maelstrom's Perfected Greatsword (Perfected Merciless Charge)"," ()","Radiant Glory","Quick Cloak","Pragmatic Fatecarver","Cephaliarch's Flail","Camouflaged Hunter","Soul Harvest","Fulminating Rune","Stampede","Solar Barrage","Inspired Scholarship","Resolving Vigor","The Languid Eye"
"Lucent Citadel","Trash Builds","https://www.esologs.com/reports/3ryVatC1nN2k8mFf#fight=19&type=summary&source=8","@Revan5577","Razzaq at-Gamati","ass-dawn-herald-deadly-strike-perfected-ansuuls-torment","dps","Ass","Dawn","Herald","Deadly Strike","Perfected Ansuul's Torment","51032.0","3577.1","22.8","51032.0 DPS","","Slimecraw Guise (Slimecraw)","Deadly Jack (Deadly Strike)","Ansuul's Perfected Arm Cops (Perfected Ansuul's Torment)","Ansuul's Perfected Bracers (Perfected Ansuul's Torment)","","Ansuul's Perfected Guards (Perfected Ansuul's Torment)","Ansuul's Perfected Boots (Perfected Ansuul's Torment)","","Deadly Ring (Deadly Strike)","Deadly Ring (Deadly Strike)","Deadly Dagger (Deadly Strike)","Deadly Dagger (Deadly Strike)","The Maelstrom's Inferno Staff (Crushing Wall)"," ()","Quick Cloak","Cephaliarch's Flail","Pragmatic Fatecarver","Camouflaged Hunter","Radiant Glory","Soul Harvest","Inspired Scholarship","Elemental Blockade","Solar Barrage","Concealed Weapon","Resolving Vigor","The Languid Eye"
"Lucent Citadel","Trash Builds","https://www.esologs.com/reports/3ryVatC1nN2k8mFf#fight=19&type=summary&source=7","@TheClawlessConqueror","Myfanny Soleil-Scarlet","ass-dawn-herald-deadly-strike-perfected-ansuuls-torment","dps","Ass","Dawn","Herald","Perfected Ansuul's Torment","Deadly Strike","71832.3","9726.9","40.8","71832.3 DPS","","Ansuul's Perfected Helmet (Perfected Ansuul's Torment)","Deadly Jack (Deadly Strike)","Slimecraw Arm Cops (Slimecraw)","Ansuul's Perfected Bracers (Perfected Ansuul's Torment)","","Ansuul's Perfected Guards (Perfected Ansuul's Torment)","Ansuul's Perfected Boots (Perfected Ansuul's Torment)","","Deadly Ring (Deadly Strike)","Deadly Ring (Deadly Strike)","Deadly Dagger (Deadly Strike)","Deadly Dagger (Deadly Strike)","The Maelstrom's Perfected Inferno Staff (Perfected Crushing Wall)"," ()","Camouflaged Hunter","Radiant Glory","Pragmatic Fatecarver","Cephaliarch's Flail","Quick Cloak","Soul Harvest","Inspired Scholarship","Concealed Weapon","Solar Barrage","Echoing Vigor","Elemental Blockade","The Languid Eye"
"Lucent Citadel","Trash Builds","https://www.esologs.com/reports/3ryVatC1nN2k8mFf#fight=19&type=summary&source=4","@Pure_Chaos117","Faeryn Iratil","ass-dawn-herald-deadly-strike-perfected-slivers-of-the-null-arca","dps","Ass","Dawn","Herald","Perfected Slivers of the Null Arca","Deadly Strike","98323.7","2921.3","16.6","98323.7 DPS","The Thief","Slimecraw Guise (Slimecraw)","Perfected Null Arca Jack (Perfected Slivers of the Null Arca)","Deadly Arm Cops (Deadly Strike)","Perfected Null Arca Bracers (Perfected Slivers of the Null Arca)","","Perfected Null Arca Guards (Perfected Slivers of the Null Arca)","Perfected Null Arca Boots (Perfected Slivers of the Null Arca)","","Deadly Ring (Deadly Strike)","Deadly Ring (Deadly Strike)","Deadly Dagger (Deadly Strike)","Deadly Dagger (Deadly Strike)","The Maelstrom's Inferno Staff (Crushing Wall)"," ()","Radiant Glory","Pragmatic Fatecarver","Cephaliarch's Flail","Quick Cloak","Banner Bearer","Incapacitating Strike","Resolving Vigor","Elemental Blockade","Solar Barrage","Inspired Scholarship","Banner Bearer","The Languid Eye"
"Lucent Citadel","Trash Builds","https://www.esologs.com/reports/3ryVatC1nN2k8mFf#fight=19&type=summary&source=4","@Pure_Chaos117","Faeryn Iratil","ass-dawn-herald-deadly-strike-perfected-slivers-of-the-null-arca","dps","Ass","Dawn","Herald","Perfected Slivers of the Null Arca","Deadly Strike","68762.8","3546.6","22.0","68762.8 DPS","","Slimecraw Guise (Slimecraw)","Perfected Null Arca Jack (Perfected Slivers of the Null Arca)","Deadly Arm Cops (Deadly Strike)","Perfected Null Arca Bracers (Perfected Slivers of the Null Arca)","","Perfected Null Arca Guards (Perfected Slivers of the Null Arca)","Perfected Null Arca Boots (Perfected Slivers of the Null Arca)","","Deadly Ring (Deadly Strike)","Deadly Ring (Deadly Strike)","Deadly Dagger (Deadly Strike)","Deadly Dagger (Deadly Strike)","The Maelstrom's Inferno Staff (Crushing Wall)"," ()","Radiant Glory","Pragmatic Fatecarver","Cephaliarch's Flail","Quick Cloak","Banner Bearer","Incapacitating Strike","Merciless Resolve","Elemental Blockade","Solar Barrage","Inspired Scholarship","Banner Bearer","The Languid Eye"
"Lucent Citadel","Trash Builds","https://www.esologs.com/reports/3ryVatC1nN2k8mFf#fight=19&type=summary&source=3","@bobavan","Earil Greywyn","ass-dawn-herald-deadly-strike-perfected-slivers-of-the-null-arca","dps","Ass","Dawn","Herald","Perfected Slivers of the Null Arca","Deadly Strike","60208.0","3202.4","25.7","60208.0 DPS","","Slimecraw Guise (Slimecraw)","Perfected Null Arca Jack (Perfected Slivers of the Null Arca)","Deadly Arm Cops (Deadly Strike)","Perfected Null Arca Bracers (Perfected Slivers of the Null Arca)","","Perfected Null Arca Guards (Perfected Slivers of the Null Arca)","Perfected Null Arca Boots (Perfected Slivers of the Null Arca)","","Deadly Ring (Deadly Strike)","Deadly Ring (Deadly Strike)","Deadly Dagger (Deadly Strike)","Deadly Dagger (Deadly Strike)","The Maelstrom's Perfected Greatsword (Perfected Merciless Charge)"," ()","Radiant Glory","Quick Cloak","Pragmatic Fatecarver","Cephaliarch's Flail","Camouflaged Hunter","Soul Harvest","Fulminating Rune","Stampede","Solar Barrage","Inspired Scholarship","Concealed Weapon","The Languid Eye"
"Lucent Citadel","Trash Builds","https://www.esologs.com/reports/3ryVatC1nN2k8mFf#fight=19&type=summary&source=11","@WipperSchnapper","Zaddy Chill","ass-dawn-herald-deadly-strike-perfected-slivers-of-the-null-arca","dps","Ass","Dawn","Herald","Perfected Slivers of the Null Arca","Deadly Strike","81534.8","5263.7","42.6","81534.8 DPS","","Slimecraw Guise (Slimecraw)","Perfected Null Arca Jack (Perfected Slivers of the Null Arca)","Deadly Arm Cops (Deadly Strike)","Perfected Null Arca Bracers (Perfected Slivers of the Null Arca)","","Perfected Null Arca Guards (Perfected Slivers of the Null Arca)","Perfected Null Arca Boots (Perfected Slivers of the Null Arca)","","Deadly Ring (Deadly Strike)","Deadly Ring (Deadly Strike)","Deadly Dagger (Deadly Strike)","Deadly Dagger (Deadly Strike)","The Maelstrom's Perfected Greatsword (Perfected Merciless Charge)"," ()","Camouflaged Hunter","Quick Cloak","Cephaliarch's Flail","Pragmatic Fatecarver","Radiant Glory","Incapacitating Strike","Scalding Rune","Solar Barrage","Stampede","Inspired Scholarship","Resolving Vigor","The Languid Eye"
"Lucent Citadel","Trash Builds","https://www.esologs.com/reports/3ryVatC1nN2k8mFf#fight=19&type=summary&source=11","@WipperSchnapper","Zaddy Chill","ass-dawn-herald-deadly-strike-perfected-slivers-of-the-null-arca","dps","Ass","Dawn","Herald","Perfected Slivers of the Null Arca","Deadly Strike","74292.1","6521.1","29.7","74292.1 DPS","","Slimecraw Guise (Slimecraw)","Perfected Null Arca Jack (Perfected Slivers of the Null Arca)","Deadly Arm Cops (Deadly Strike)","Perfected Null Arca Bracers (Perfected Slivers of the Null Arca)","","Perfected Null Arca Guards (Perfected Slivers of the Null Arca)","Perfected Null Arca Boots (Perfected Slivers of the Null Arca)","","Deadly Ring (Deadly Strike)","Deadly Ring (Deadly Strike)","Deadly Dagger (Deadly Strike)","Deadly Dagger (Deadly Strike)","The Maelstrom's Perfected Greatsword (Perfected Merciless Charge)"," ()","Camouflaged Hunter","Quick Cloak","Cephaliarch's Flail","Pragmatic Fatecarver","Radiant Glory","Incapacitating Strike","Scalding Rune","Solar Barrage","Stampede","Inspired Scholarship","Resolving Vigor","The Languid Eye"
"Lucent Citadel","Arcane Knot/Xoryn","https://www.esologs.com/reports/3ryVatC1nN2k8mFf#fight=21&type=summary&source=15","@M0R_Gaming","Kallíópē","ardent-ass-herald-deadly-strike-perfected-ansuuls-torment","dps","Ardent","Ass","Herald","Deadly Strike","Perfected Ansuul's Torment","73598.2","3050.2","26.7","73598.2 DPS","","Deadly Helmet (Deadly Strike)","Deadly Jack (Deadly Strike)","Valkyn Skoria Epaulets (Valkyn Skoria)","Ansuul's Perfected Bracers (Perfected Ansuul's Torment)","","Ansuul's Perfected Guards (Perfected Ansuul's Torment)","Deadly Boots (Deadly Strike)","","Ansuul's Perfected Ring (Perfected Ansuul's Torment)","Ansuul's Perfected Ring (Perfected Ansuul's Torment)","Deadly Dagger (Deadly Strike)","Deadly Dagger (Deadly Strike)","The Maelstrom's Perfected Greatsword (Perfected Merciless Charge)"," ()","Cephaliarch's Flail","Venomous Claw","Exhausting Fatecarver","Flames of Oblivion","Quick Cloak","Soul Harvest","Stampede","Molten Whip","Inspired Scholarship","Relentless Focus","Camouflaged Hunter","Standard of Might"
"Lucent Citadel","Arcane Knot/Xoryn","https://www.esologs.com/reports/3ryVatC1nN2k8mFf#fight=21&type=summary&source=10","@gigisalvo","Tàliön","ardent-ass-herald-deadly-strike-perfected-ansuuls-torment","dps","Ardent","Ass","Herald","Perfected Ansuul's Torment","Deadly Strike","77588.6","3289.3","34.4","77588.6 DPS","","Slimecraw Guise (Slimecraw)","Ansuul's Perfected Jack (Perfected Ansuul's Torment)","Ansuul's Perfected Arm Cops (Perfected Ansuul's Torment)","Ansuul's Perfected Bracers (Perfected Ansuul's Torment)","","Deadly Guards (Deadly Strike)","Ansuul's Perfected Boots (Perfected Ansuul's Torment)","","Deadly Ring (Deadly Strike)","Deadly Ring (Deadly Strike)","Deadly Dagger (Deadly Strike)","Deadly Dagger (Deadly Strike)","The Maelstrom's Perfected Inferno Staff (Perfected Crushing Wall)"," ()","Quick Cloak","Pragmatic Fatecarver","Camouflaged Hunter","Cephaliarch's Flail","Banner Bearer","Incapacitating Strike","Elemental Blockade","Fulminating Rune","Inspired Scholarship","Flames of Oblivion","Banner Bearer","The Languid Eye"
"Lucent Citadel","Arcane Knot/Xoryn","https://www.esologs.com/reports/3ryVatC1nN2k8mFf#fight=21&type=summary&source=7","@SrednaKrom","Nuclær","ardent-ass-herald-deadly-strike-perfected-ansuuls-torment","dps","Ardent","Ass","Herald","Deadly Strike","Perfected Ansuul's Torment","112546.5","6203.7","40.5","112546.5 DPS","","Slimecraw Guise (Slimecraw)","Deadly Jack (Deadly Strike)","Ansuul's Perfected Arm Cops (Perfected Ansuul's Torment)","Ansuul's Perfected Bracers (Perfected Ansuul's Torment)","","Deadly Guards (Deadly Strike)","Ansuul's Perfected Boots (Perfected Ansuul's Torment)","","Ansuul's Perfected Ring (Perfected Ansuul's Torment)","Ansuul's Perfected Ring (Perfected Ansuul's Torment)","Deadly Dagger (Deadly Strike)","Deadly Dagger (Deadly Strike)","The Maelstrom's Perfected Greatsword (Perfected Merciless Charge)"," ()","Cephaliarch's Flail","Quick Cloak","Pragmatic Fatecarver","Killer's Blade","Camouflaged Hunter","Soul Harvest","Stampede","Molten Whip","Flames of Oblivion","Venomous Claw","Inspired Scholarship","The Languid Eye"
"Lucent Citadel","Arcane Knot/Xoryn","https://www.esologs.com/reports/3ryVatC1nN2k8mFf#fight=21&type=summary&source=11","@dudu_biberveldt","Three Two One Beam","ardent-ass-herald-deadly-strike-perfected-ansuuls-torment","dps","Ardent","Ass","Herald","Perfected Ansuul's Torment","Deadly Strike","112298.1","3681.1","41.4","112298.1 DPS","","Slimecraw Guise (Slimecraw)","Ansuul's Perfected Jack (Perfected Ansuul's Torment)","Deadly Arm Cops (Deadly Strike)","Ansuul's Perfected Bracers (Perfected Ansuul's Torment)","","Ansuul's Perfected Guards (Perfected Ansuul's Torment)","Ansuul's Perfected Boots (Perfected Ansuul's Torment)","","Deadly Ring (Deadly Strike)","Deadly Ring (Deadly Strike)","Deadly Dagger (Deadly Strike)","Deadly Dagger (Deadly Strike)","The Maelstrom's Perfected Inferno Staff (Perfected Crushing Wall)"," ()","Cephaliarch's Flail","Flames of Oblivion","Camouflaged Hunter","Pragmatic Fatecarver","Quick Cloak","Soul Harvest","Elemental Blockade","Venomous Claw","Engulfing Flames","Inspired Scholarship","Molten Whip","The Languid Eye"
"Lucent Citadel","Arcane Knot/Xoryn","https://www.esologs.com/reports/3ryVatC1nN2k8mFf#fight=21&type=summary&source=9","@Slygonder","The Matte Kudasai","ardent-ass-herald-deadly-strike-perfected-ansuuls-torment","dps","Ardent","Ass","Herald","Perfected Ansuul's Torment","Deadly Strike","103569.3","8192.6","32.9","103569.3 DPS","","Slimecraw Guise (Slimecraw)","Ansuul's Perfected Jack (Perfected Ansuul's Torment)","Deadly Arm Cops (Deadly Strike)","Ansuul's Perfected Bracers (Perfected Ansuul's Torment)","","Ansuul's Perfected Guards (Perfected Ansuul's Torment)","Ansuul's Perfected Boots (Perfected Ansuul's Torment)","","Deadly Ring (Deadly Strike)","Deadly Ring (Deadly Strike)","Deadly Dagger (Deadly Strike)","Deadly Dagger (Deadly Strike)","The Maelstrom's Perfected Inferno Staff (Perfected Crushing Wall)"," ()","Quick Cloak","Pragmatic Fatecarver","Cephaliarch's Flail","Camouflaged Hunter","Killer's Blade","Soul Harvest","Elemental Blockade","Flames of Oblivion","Venomous Claw","Molten Whip","Inspired Scholarship","The Languid Eye"
"Lucent Citadel","Arcane Knot/Xoryn","https://www.esologs.com/reports/3ryVatC1nN2k8mFf#fight=21&type=summary&source=9","@Sxhmock","Nerf this bs Class","ardent-ass-herald-deadly-strike-perfected-ansuuls-torment","dps","Ardent","Ass","Herald","Perfected Ansuul's Torment","Deadly Strike","101564.9","6753.7","40.4","101564.9 DPS","","Valkyn Skoria Guise (Valkyn Skoria)","Ansuul's Perfected Jack (Perfected Ansuul's Torment)","Deadly Arm Cops (Deadly Strike)","Ansuul's Perfected Bracers (Perfected Ansuul's Torment)","","Ansuul's Perfected Guards (Perfected Ansuul's Torment)","Ansuul's Perfected Boots (Perfected Ansuul's Torment)","","Deadly Ring (Deadly Strike)","Deadly Ring (Deadly Strike)","Deadly Dagger (Deadly Strike)","Deadly Dagger (Deadly Strike)","The Maelstrom's Perfected Inferno Staff (Perfected Crushing Wall)"," ()","Cephaliarch's Flail","Killer's Blade","Quick Cloak","Pragmatic Fatecarver","Camouflaged Hunter","Soul Harvest","Venomous Claw","Flames of Oblivion","Elemental Blockade","Inspired Scholarship","Molten Whip","The Languid Eye"
"Lucent Citadel","Arcane Knot/Xoryn","https://www.esologs.com/reports/3ryVatC1nN2k8mFf#fight=21&type=summary&source=11","@MedicateMe","The Cruxfather","ardent-ass-herald-deadly-strike-perfected-ansuuls-torment","dps","Ardent","Ass","Herald","Perfected Ansuul's Torment","Deadly Strike","101429.3","6370.6","32.8","101429.3 DPS","","Slimecraw Guise (Slimecraw)","Ansuul's Perfected Jack (Perfected Ansuul's Torment)","Deadly Arm Cops (Deadly Strike)","Deadly Bracers (Deadly Strike)","","Deadly Guards (Deadly Strike)","Ansuul's Perfected Boots (Perfected Ansuul's Torment)","","Ansuul's Perfected Ring (Perfected Ansuul's Torment)","Ansuul's Perfected Ring (Perfected Ansuul's Torment)","Deadly Dagger (Deadly Strike)","Deadly Dagger (Deadly Strike)","The Maelstrom's Perfected Inferno Staff (Perfected Crushing Wall)"," ()","Cephaliarch's Flail","Pragmatic Fatecarver","Flames of Oblivion","Quick Cloak","Camouflaged Hunter","Soul Harvest","Elemental Blockade","Fulminating Rune","Venomous Claw","Inspired Scholarship","Ulfsild's Contingency","The Languid Eye"
"Lucent Citadel","Arcane Knot/Xoryn","https://www.esologs.com/reports/3ryVatC1nN2k8mFf#fight=21&type=summary&source=7","@Fjior","Lost Arcanist","ardent-ass-herald-deadly-strike-perfected-ansuuls-torment","dps","Ardent","Ass","Herald","Perfected Ansuul's Torment","Deadly Strike","93189.3","5007.8","51.5","93189.3 DPS","","Slimecraw Guise (Slimecraw)","Ansuul's Perfected Jack (Perfected Ansuul's Torment)","Deadly Arm Cops (Deadly Strike)","Deadly Bracers (Deadly Strike)","","Ansuul's Perfected Guards (Perfected Ansuul's Torment)","Deadly Boots (Deadly Strike)","","Ansuul's Perfected Ring (Perfected Ansuul's Torment)","Ansuul's Perfected Ring (Perfected Ansuul's Torment)","Deadly Dagger (Deadly Strike)","Deadly Dagger (Deadly Strike)","The Maelstrom's Perfected Inferno Staff (Perfected Crushing Wall)"," ()","Quick Cloak","Pragmatic Fatecarver","Cephaliarch's Flail","Killer's Blade","Camouflaged Hunter","Soul Harvest","Elemental Blockade","Inspired Scholarship","Flames of Oblivion","Venomous Claw","Molten Whip","The Languid Eye"
"Lucent Citadel","Arcane Knot/Xoryn","https://www.esologs.com/reports/3ryVatC1nN2k8mFf#fight=21&type=summary&source=6","@P4inK1IL","Jînxx","ardent-ass-herald-deadly-strike-perfected-ansuuls-torment","dps","Ardent","Ass","Herald","Perfected Ansuul's Torment","Deadly Strike","106580.9","7507.3","40.0","106580.9 DPS","","Slimecraw Mask (Slimecraw)","Ansuul's Perfected Jack (Perfected Ansuul's Torment)","Ansuul's Perfected Arm Cops (Perfected Ansuul's Torment)","Deadly Bracers (Deadly Strike)","","Ansuul's Perfected Guards (Perfected Ansuul's Torment)","Ansuul's Perfected Boots (Perfected Ansuul's Torment)","","Deadly Ring (Deadly Strike)","Deadly Ring (Deadly Strike)","Deadly Dagger (Deadly Strike)","Deadly Dagger (Deadly Strike)","The Maelstrom's Perfected Inferno Staff (Perfected Crushing Wall)"," ()","Pragmatic Fatecarver","Cephaliarch's Flail","Killer's Blade","Quick Cloak","Camouflaged Hunter","Soul Harvest","Elemental Blockade","Venomous Claw","Molten Whip","Inspired Scholarship","Flames of Oblivion","The Languid Eye"
"Lucent Citadel","Arcane Knot/Xoryn","https://www.esologs.com/reports/3ryVatC1nN2k8mFf#fight=21&type=summary&source=5","@MagiiC_One","Jeánne d Arc","ardent-ass-herald-deadly-strike-perfected-ansuuls-torment","dps","Ardent","Ass","Herald","Perfected Ansuul's Torment","Deadly Strike","122160.1","3479.1","24.9","122160.1 DPS","The Ritual","Slimecraw Guise (Slimecraw)","Ansuul's Perfected Jack (Perfected Ansuul's Torment)","Ansuul's Perfected Arm Cops (Perfected Ansuul's Torment)","Ansuul's Perfected Bracers (Perfected Ansuul's Torment)","","Ansuul's Perfected Guards (Perfected Ansuul's Torment)","Deadly Boots (Deadly Strike)","","Deadly Ring (Deadly Strike)","Deadly Ring (Deadly Strike)","Deadly Dagger (Deadly Strike)","Deadly Dagger (Deadly Strike)","The Maelstrom's Perfected Inferno Staff (Perfected Crushing Wall)"," ()","Quick Cloak","Banner Bearer","Killer's Blade","Cephaliarch's Flail","Pragmatic Fatecarver","Soul Harvest","Venomous Claw","Banner Bearer","Inspired Scholarship","Elemental Blockade","Flames of Oblivion","The Languid Eye"
"Lucent Citadel","Arcane Knot/Xoryn","https://www.esologs.com/reports/3ryVatC1nN2k8mFf#fight=21&type=summary&source=10","@YungGunz","Saphira'a","ardent-ass-herald-deadly-strike-perfected-ansuuls-torment","dps","Ardent","Ass","Herald","Perfected Ansuul's Torment","Deadly Strike","104884.9","7091.3","36.6","104884.9 DPS","","Slimecraw Guise (Slimecraw)","Ansuul's Perfected Jack (Perfected Ansuul's Torment)","Deadly Arm Cops (Deadly Strike)","Ansuul's Perfected Bracers (Perfected Ansuul's Torment)","","Ansuul's Perfected Guards (Perfected Ansuul's Torment)","Ansuul's Perfected Boots (Perfected Ansuul's Torment)","","Deadly Ring (Deadly Strike)","Deadly Ring (Deadly Strike)","Deadly Dagger (Deadly Strike)","Deadly Dagger (Deadly Strike)","The Maelstrom's Perfected Inferno Staff (Perfected Crushing Wall)"," ()","Cephaliarch's Flail","Pragmatic Fatecarver","Quick Cloak","Killer's Blade","Camouflaged Hunter","Soul Harvest","Elemental Blockade","Inspired Scholarship","Venomous Claw","Flames of Oblivion","Molten Whip","The Languid Eye"
"Lucent Citadel","Arcane Knot/Xoryn","https://www.esologs.com/reports/GBMfX7pdtANakCYx#fight=66&type=summary&source=1","@Flonke","Zerena Zweifinger","ass-herald-spear-deadly-strike-perfected-ansuuls-torment","dps","Ass","Spear","Herald","Perfected Ansuul's Torment","Deadly Strike","95369.2","4627.0","32.9","95369.2 DPS","","Ansuul's Perfected Helmet (Perfected Ansuul's Torment)","Ansuul's Perfected Jack (Perfected Ansuul's Torment)","Slimecraw Epaulets (Slimecraw)","Ansuul's Perfected Bracers (Perfected Ansuul's Torment)","","Deadly Guards (Deadly Strike)","Ansuul's Perfected Boots (Perfected Ansuul's Torment)","","Deadly Ring (Deadly Strike)","Deadly Ring (Deadly Strike)","Deadly Dagger (Deadly Strike)","Deadly Dagger (Deadly Strike)","The Maelstrom's Perfected Inferno Staff (Perfected Crushing Wall)"," ()","Cephaliarch's Flail","Pragmatic Fatecarver","Radiant Ward","Revealing Flare","Camouflaged Hunter","Incapacitating Strike","Elemental Blockade","Fulminating Rune","Concealed Weapon","Inspired Scholarship","Camouflaged Hunter","The Languid Eye"
"Lucent Citadel","Arcane Knot/Xoryn","https://www.esologs.com/reports/GBMfX7pdtANakCYx#fight=66&type=summary&source=3","@Missina","Aurora Invara","ass-herald-spear-deadly-strike-perfected-ansuuls-torment","dps","Ass","Spear","Herald","Perfected Ansuul's Torment","Deadly Strike","104380.0","7098.6","27.3","104380.0 DPS","","Slimecraw Guise (Slimecraw)","Ansuul's Perfected Jack (Perfected Ansuul's Torment)","Ansuul's Perfected Arm Cops (Perfected Ansuul's Torment)","Ansuul's Perfected Bracers (Perfected Ansuul's Torment)","","Deadly Guards (Deadly Strike)","Ansuul's Perfected Boots (Perfected Ansuul's Torment)","","Deadly Ring (Deadly Strike)","Deadly Ring (Deadly Strike)","Deadly Dagger (Deadly Strike)","Deadly Dagger (Deadly Strike)","The Maelstrom's Perfected Inferno Staff (Perfected Crushing Wall)"," ()","Radiant Ward","Quick Cloak","Cephaliarch's Flail","Pragmatic Fatecarver","Camouflaged Hunter","Incapacitating Strike","Inspired Scholarship","Elemental Blockade","Anti-Cavalry Caltrops","Fulminating Rune","Camouflaged Hunter","The Languid Eye"
"Lucent Citadel","Arcane Knot/Xoryn","https://www.esologs.com/reports/GBMfX7pdtANakCYx#fight=66&type=summary&source=5","@Wolf_Adrian","Cruxwolf","ass-herald-spear-deadly-strike-perfected-ansuuls-torment","dps","Ass","Spear","Herald","Perfected Ansuul's Torment","Deadly Strike","95513.2","6122.0","30.9","95513.2 DPS","","Slimecraw Guise (Slimecraw)","Ansuul's Perfected Jack (Perfected Ansuul's Torment)","Ansuul's Perfected Arm Cops (Perfected Ansuul's Torment)","Ansuul's Perfected Bracers (Perfected Ansuul's Torment)","","Ansuul's Perfected Guards (Perfected Ansuul's Torment)","Deadly Boots (Deadly Strike)","","Deadly Ring (Deadly Strike)","Deadly Ring (Deadly Strike)","Deadly Dagger (Deadly Strike)","Deadly Dagger (Deadly Strike)","The Maelstrom's Perfected Inferno Staff (Perfected Crushing Wall)"," ()","Cephaliarch's Flail","Pragmatic Fatecarver","Revealing Flare","Radiant Ward","Banner Bearer","Incapacitating Strike","Elemental Blockade","Fulminating Rune","Inspired Scholarship","Relentless Focus","Banner Bearer","The Languid Eye"
"Lucent Citadel","Arcane Knot/Xoryn","https://www.esologs.com/reports/GBMfX7pdtANakCYx#fight=66&type=summary&source=8","@Goroshia1","Harmaras Mora","ass-herald-spear-deadly-strike-perfected-ansuuls-torment","dps","Ass","Spear","Herald","Perfected Ansuul's Torment","Deadly Strike","112517.5","8784.5","38.6","112517.5 DPS","","Slimecraw Guise (Slimecraw)","Ansuul's Perfected Jack (Perfected Ansuul's Torment)","Ansuul's Perfected Arm Cops (Perfected Ansuul's Torment)","Deadly Bracers (Deadly Strike)","","Ansuul's Perfected Guards (Perfected Ansuul's Torment)","Ansuul's Perfected Boots (Perfected Ansuul's Torment)","","Deadly Ring (Deadly Strike)","Deadly Ring (Deadly Strike)","Deadly Dagger (Deadly Strike)","Deadly Dagger (Deadly Strike)","The Maelstrom's Perfected Inferno Staff (Perfected Crushing Wall)"," ()","Cephaliarch's Flail","Pragmatic Fatecarver","Blazing Spear","Revealing Flare","Banner Bearer","Soul Harvest","Elemental Blockade","Inspired Scholarship","Radiant Ward","Concealed Weapon","Banner Bearer","The Languid Eye"
"Lucent Citadel","Arcane Knot/Xoryn","https://www.esologs.com/reports/GBMfX7pdtANakCYx#fight=66&type=summary&source=4","@I_RobzzX","Berta die Buschige","ass-herald-spear-deadly-strike-perfected-ansuuls-torment","dps","Ass","Spear","Herald","Perfected Ansuul's Torment","Deadly Strike","100987.3","7458.5","50.1","100987.3 DPS","","Slimecraw Guise (Slimecraw)","Ansuul's Perfected Jack (Perfected Ansuul's Torment)","Deadly Arm Cops (Deadly Strike)","Ansuul's Perfected Bracers (Perfected Ansuul's Torment)","","Ansuul's Perfected Guards (Perfected Ansuul's Torment)","Ansuul's Perfected Boots (Perfected Ansuul's Torment)","","Deadly Ring (Deadly Strike)","Deadly Ring (Deadly Strike)","Deadly Dagger (Deadly Strike)","Deadly Dagger (Deadly Strike)","The Maelstrom's Perfected Greatsword (Perfected Merciless Charge)"," ()","Pragmatic Fatecarver","Cephaliarch's Flail","Blazing Spear","Quick Cloak","Revealing Flare","Incapacitating Strike","Stampede","Inspired Scholarship","Anti-Cavalry Caltrops","Relentless Focus","Fulminating Rune","The Languid Eye"
"Lucent Citadel","Arcane Knot/Xoryn","https://www.esologs.com/reports/GBMfX7pdtANakCYx#fight=66&type=summary&source=12","@steve.o","Nelazi","ass-herald-spear-deadly-strike-perfected-ansuuls-torment","dps","Ass","Spear","Herald","Perfected Ansuul's Torment","Deadly Strike","104530.9","7451.2","32.7","104530.9 DPS","","Slimecraw Guise (Slimecraw)","Ansuul's Perfected Jack (Perfected Ansuul's Torment)","Deadly Arm Cops (Deadly Strike)","Ansuul's Perfected Bracers (Perfected Ansuul's Torment)","","Ansuul's Perfected Guards (Perfected Ansuul's Torment)","Ansuul's Perfected Boots (Perfected Ansuul's Torment)","","Deadly Ring (Deadly Strike)","Deadly Ring (Deadly Strike)","Deadly Dagger (Deadly Strike)","Deadly Dagger (Deadly Strike)","The Maelstrom's Perfected Inferno Staff (Perfected Crushing Wall)"," ()","Radiant Ward","Pragmatic Fatecarver","Cephaliarch's Flail","Revealing Flare","Camouflaged Hunter","Incapacitating Strike","Scalding Rune","Elemental Blockade","Fulminating Rune","Inspired Scholarship","Camouflaged Hunter","The Languid Eye"
"Lucent Citadel","Arcane Knot/Xoryn","https://www.esologs.com/reports/GBMfX7pdtANakCYx#fight=66&type=summary&source=2","@aerwarim","Arcanenarim der Erste","ass-herald-spear-deadly-strike-perfected-ansuuls-torment","dps","Ass","Spear","Herald","Deadly Strike","Perfected Ansuul's Torment","112579.2","5223.9","39.5","112579.2 DPS","The Thief","Slimecraw Guise (Slimecraw)","Deadly Jack (Deadly Strike)","Deadly Arm Cops (Deadly Strike)","Deadly Bracers (Deadly Strike)","","Ansuul's Perfected Guards (Perfected Ansuul's Torment)","Ansuul's Perfected Boots (Perfected Ansuul's Torment)","","Ansuul's Perfected Ring (Perfected Ansuul's Torment)","Ansuul's Perfected Ring (Perfected Ansuul's Torment)","Deadly Dagger (Deadly Strike)","Deadly Dagger (Deadly Strike)","The Maelstrom's Perfected Inferno Staff (Perfected Crushing Wall)"," ()","Quick Cloak","Cephaliarch's Flail","Camouflaged Hunter","Pragmatic Fatecarver","Radiant Ward","Incapacitating Strike","Camouflaged Hunter","Elemental Blockade","Scalding Rune","Fulminating Rune","Inspired Scholarship","The Languid Eye"
"Lucent Citadel","Arcane Knot/Xoryn","https://www.esologs.com/reports/3ryVatC1nN2k8mFf#fight=21&type=summary&source=37","@TyoxicWayste","Vesper Thelyss","ardent-ass-herald-deadly-strike-perfected-slivers-of-the-null-arca","dps","Ardent","Ass","Herald","Perfected Slivers of the Null Arca","Deadly Strike","51015.1","2997.5","27.3","51015.1 DPS","","Slimecraw Guise (Slimecraw)","Perfected Null Arca Jack (Perfected Slivers of the Null Arca)","Deadly Arm Cops (Deadly Strike)","Perfected Null Arca Bracers (Perfected Slivers of the Null Arca)","","Perfected Null Arca Guards (Perfected Slivers of the Null Arca)","Perfected Null Arca Boots (Perfected Slivers of the Null Arca)","","Deadly Ring (Deadly Strike)","Deadly Ring (Deadly Strike)","Deadly Dagger (Deadly Strike)","Deadly Dagger (Deadly Strike)","The Maelstrom's Greatsword (Merciless Charge)"," ()","Cephaliarch's Flail","Pragmatic Fatecarver","Resolving Vigor","Quick Cloak","Camouflaged Hunter","Incapacitating Strike","Inspired Scholarship","Flames of Oblivion","Venomous Claw","Stampede","Molten Whip","Standard of Might"
"Lucent Citadel","Arcane Knot/Xoryn","https://www.esologs.com/reports/3ryVatC1nN2k8mFf#fight=21&type=summary&source=6","@Momopeacho","Mielli Vaer","ardent-ass-herald-deadly-strike-perfected-slivers-of-the-null-arca","dps","Ardent","Ass","Herald","Perfected Slivers of the Null Arca","Deadly Strike","48956.8","2978.0","28.7","48956.8 DPS","","Slimecraw Mask (Slimecraw)","Perfected Null Arca Jack (Perfected Slivers of the Null Arca)","Deadly Arm Cops (Deadly Strike)","Deadly Bracers (Deadly Strike)","","Perfected Null Arca Guards (Perfected Slivers of the Null Arca)","Perfected Null Arca Boots (Perfected Slivers of the Null Arca)","","Perfected Null Arca Ring (Perfected Slivers of the Null Arca)","Deadly Ring (Deadly Strike)","Deadly Dagger (Deadly Strike)","Deadly Dagger (Deadly Strike)","The Maelstrom's Greatsword (Merciless Charge)"," ()","Killer's Blade","Pragmatic Fatecarver","Cephaliarch's Flail","Quick Cloak","Camouflaged Hunter","Incapacitating Strike","Flames of Oblivion","Venomous Claw","Stampede","Inspired Scholarship","Molten Whip","Standard of Might"
"Lucent Citadel","Arcane Knot/Xoryn","https://www.esologs.com/reports/3ryVatC1nN2k8mFf#fight=21&type=summary&source=7","@Colosseum","Mega Giga","ardent-ass-herald-deadly-strike-perfected-slivers-of-the-null-arca","dps","Ardent","Ass","Herald","Perfected Slivers of the Null Arca","Deadly Strike","121483.9","6550.0","41.5","121483.9 DPS","The Thief","Slimecraw Mask (Slimecraw)","Perfected Null Arca Jack (Perfected Slivers of the Null Arca)","Deadly Arm Cops (Deadly Strike)","Perfected Null Arca Bracers (Perfected Slivers of the Null Arca)","","Perfected Null Arca Guards (Perfected Slivers of the Null Arca)","Perfected Null Arca Boots (Perfected Slivers of the Null Arca)","","Deadly Ring (Deadly Strike)","Deadly Ring (Deadly Strike)","Deadly Dagger (Deadly Strike)","Deadly Dagger (Deadly Strike)","The Maelstrom's Perfected Greatsword (Perfected Merciless Charge)"," ()","Killer's Blade","Cephaliarch's Flail","Pragmatic Fatecarver","Quick Cloak","Camouflaged Hunter","Soul Harvest","Inspired Scholarship","Flames of Oblivion","Stampede","Carve","Venomous Claw","Standard of Might"
"Lucent Citadel","Arcane Knot/Xoryn","https://www.esologs.com/reports/3ryVatC1nN2k8mFf#fight=21&type=summary&source=6","@p0rk","my hog","ardent-ass-herald-deadly-strike-perfected-slivers-of-the-null-arca","dps","Ardent","Ass","Herald","Deadly Strike","Perfected Slivers of the Null Arca","91445.1","2637.1","38.6","91445.1 DPS","","Nerien'eth Mask (Nerien'eth)","Perfected Null Arca Jack (Perfected Slivers of the Null Arca)","Nerien'eth Epaulets (Nerien'eth)","Perfected Null Arca Bracers (Perfected Slivers of the Null Arca)","","Deadly Guards (Deadly Strike)","Perfected Null Arca Boots (Perfected Slivers of the Null Arca)","","Deadly Ring (Deadly Strike)","Deadly Ring (Deadly Strike)","Deadly Dagger (Deadly Strike)","Deadly Dagger (Deadly Strike)","The Maelstrom's Inferno Staff (Crushing Wall)"," ()","Quick Cloak","Pragmatic Fatecarver","Cephaliarch's Flail","Killer's Blade","Shocking Banner (Cavalier's Charge / Courage)","Soul Harvest","Flames of Oblivion","Blockade of Fire","Venomous Claw","Inspired Scholarship","Shocking Banner (Cavalier's Charge / Courage)","Standard of Might"
"Lucent Citadel","Arcane Knot/Xoryn","https://www.esologs.com/reports/3ryVatC1nN2k8mFf#fight=21&type=summary&source=18","@p0rk","my hog","ardent-ass-herald-deadly-strike-perfected-slivers-of-the-null-arca","dps","Ardent","Ass","Herald","Deadly Strike","Perfected Slivers of the Null Arca","100435.0","3347.8","30.3","100435.0 DPS","","Nerien'eth Mask (Nerien'eth)","Perfected Null Arca Jack (Perfected Slivers of the Null Arca)","Nerien'eth Epaulets (Nerien'eth)","Perfected Null Arca Bracers (Perfected Slivers of the Null Arca)","","Deadly Guards (Deadly Strike)","Perfected Null Arca Boots (Perfected Slivers of the Null Arca)","","Deadly Ring (Deadly Strike)","Deadly Ring (Deadly Strike)","Deadly Dagger (Deadly Strike)","Deadly Dagger (Deadly Strike)","The Maelstrom's Inferno Staff (Crushing Wall)"," ()","Quick Cloak","Pragmatic Fatecarver","Cephaliarch's Flail","Killer's Blade","Banner Bearer","Soul Harvest","Flames of Oblivion","Elemental Blockade","Venomous Claw","Inspired Scholarship","Banner Bearer","Standard of Might"
"Lucent Citadel","Arcane Knot/Xoryn","https://www.esologs.com/reports/3ryVatC1nN2k8mFf#fight=21&type=summary&source=14","@ImNotBrick","Chickén Alfredo","ardent-ass-herald-deadly-strike-perfected-slivers-of-the-null-arca","dps","Ardent","Ass","Herald","Deadly Strike","Perfected Slivers of the Null Arca","102626.2","7953.8","35.0","102626.2 DPS","","Deadly Helmet (Deadly Strike)","Perfected Null Arca Jack (Perfected Slivers of the Null Arca)","Slimecraw Epaulets (Slimecraw)","Perfected Null Arca Bracers (Perfected Slivers of the Null Arca)","","Perfected Null Arca Guards (Perfected Slivers of the Null Arca)","Perfected Null Arca Boots (Perfected Slivers of the Null Arca)","","Deadly Ring (Deadly Strike)","Deadly Ring (Deadly Strike)","Deadly Dagger (Deadly Strike)","Deadly Dagger (Deadly Strike)","The Maelstrom's Perfected Greatsword (Perfected Merciless Charge)"," ()","Cephaliarch's Flail","Quick Cloak","Camouflaged Hunter","Killer's Blade","Pragmatic Fatecarver","Soul Harvest","Stampede","Flames of Oblivion","Inspired Scholarship","Molten Whip","Venomous Claw","Standard of Might"
"Lucent Citadel","Arcane Knot/Xoryn","https://www.esologs.com/reports/GZ9kfnQ2XBhga7p1#fight=15&type=summary&source=2","@Asthrae","Allenys","ardent-ass-herald-berserking-warrior-perfected-slivers-of-the-null-arca","dps","Ardent","Ass","Herald","Perfected Slivers of the Null Arca","Berserking Warrior","123598.1","4531.2","42.5","123598.1 DPS","","Nerien'eth Mask (Nerien'eth)","Perfected Null Arca Jack (Perfected Slivers of the Null Arca)","Nerien'eth Epaulets (Nerien'eth)","Perfected Null Arca Bracers (Perfected Slivers of the Null Arca)","","Perfected Null Arca Guards (Perfected Slivers of the Null Arca)","Perfected Null Arca Boots (Perfected Slivers of the Null Arca)","","Ring of the Advancing Yokeda (Berserking Warrior)","Ring of the Advancing Yokeda (Berserking Warrior)","Dagger of the Advancing Yokeda (Berserking Warrior)","Dagger of the Advancing Yokeda (Berserking Warrior)","The Maelstrom's Perfected Greatsword (Perfected Merciless Charge)"," ()","Pragmatic Fatecarver","Quick Cloak","Cephaliarch's Flail","Killer's Blade","Camouflaged Hunter","Soul Harvest","Flames of Oblivion","Stampede","Inspired Scholarship","Venomous Claw","Molten Whip","Standard of Might"
"Lucent Citadel","Arcane Knot/Xoryn","https://www.esologs.com/reports/GZ9kfnQ2XBhga7p1#fight=15&type=summary&source=5","@Drkif","Dr-Bararc","ardent-ass-herald-berserking-warrior-perfected-slivers-of-the-null-arca","dps","Ardent","Ass","Herald","Perfected Slivers of the Null Arca","Berserking Warrior","102223.8","5488.8","35.4","102223.8 DPS","","Nerien'eth Guise (Nerien'eth)","Perfected Null Arca Jack (Perfected Slivers of the Null Arca)","Nerien'eth Arm Cops (Nerien'eth)","Perfected Null Arca Bracers (Perfected Slivers of the Null Arca)","","Perfected Null Arca Guards (Perfected Slivers of the Null Arca)","Perfected Null Arca Boots (Perfected Slivers of the Null Arca)","","Ring of the Advancing Yokeda (Berserking Warrior)","Ring of the Advancing Yokeda (Berserking Warrior)","Dagger of the Advancing Yokeda (Berserking Warrior)","Dagger of the Advancing Yokeda (Berserking Warrior)","The Maelstrom's Perfected Greatsword (Perfected Merciless Charge)"," ()","Cephaliarch's Flail","Pragmatic Fatecarver","Quick Cloak","Killer's Blade","Camouflaged Hunter","Soul Harvest","Flames of Oblivion","Stampede","Inspired Scholarship","Venomous Claw","Molten Whip","The Languid Eye"
"Lucent Citadel","Arcane Knot/Xoryn","https://www.esologs.com/reports/GZ9kfnQ2XBhga7p1#fight=15&type=summary&source=4","@Gopher07","Dase Trolleri","ardent-ass-herald-berserking-warrior-perfected-slivers-of-the-null-arca","dps","Ardent","Ass","Herald","Perfected Slivers of the Null Arca","Berserking Warrior","106057.3","6167.0","39.0","106057.3 DPS","","Nerien'eth Mask (Nerien'eth)","Perfected Null Arca Jack (Perfected Slivers of the Null Arca)","Nerien'eth Epaulets (Nerien'eth)","Perfected Null Arca Bracers (Perfected Slivers of the Null Arca)","","Perfected Null Arca Guards (Perfected Slivers of the Null Arca)","Perfected Null Arca Boots (Perfected Slivers of the Null Arca)","","Ring of the Advancing Yokeda (Berserking Warrior)","Ring of the Advancing Yokeda (Berserking Warrior)","Dagger of the Advancing Yokeda (Berserking Warrior)","Dagger of the Advancing Yokeda (Berserking Warrior)","The Maelstrom's Perfected Greatsword (Perfected Merciless Charge)"," ()","Quick Cloak","Cephaliarch's Flail","Pragmatic Fatecarver","Killer's Blade","Camouflaged Hunter","Soul Harvest","Inspired Scholarship","Stampede","Flames of Oblivion","Molten Whip","Venomous Claw","Standard of Might"
"Lucent Citadel","Arcane Knot/Xoryn","https://www.esologs.com/reports/GZ9kfnQ2XBhga7p1#fight=15&type=summary&source=8","@Maglaud","Pin-head-larry","ardent-ass-herald-berserking-warrior-perfected-slivers-of-the-null-arca","dps","Ardent","Ass","Herald","Perfected Slivers of the Null Arca","Berserking Warrior","127815.8","11410.3","52.5","127815.8 DPS","The Ritual","Nerien'eth Mask (Nerien'eth)","Perfected Null Arca Jack (Perfected Slivers of the Null Arca)","Nerien'eth Arm Cops (Nerien'eth)","Perfected Null Arca Bracers (Perfected Slivers of the Null Arca)","","Perfected Null Arca Guards (Perfected Slivers of the Null Arca)","Perfected Null Arca Boots (Perfected Slivers of the Null Arca)","","Ring of the Advancing Yokeda (Berserking Warrior)","Ring of the Advancing Yokeda (Berserking Warrior)","Dagger of the Advancing Yokeda (Berserking Warrior)","Dagger of the Advancing Yokeda (Berserking Warrior)","The Maelstrom's Perfected Greatsword (Perfected Merciless Charge)"," ()","Escalating Runeblades","Flames of Oblivion","Tentacular Dread","Barbed Trap","Pragmatic Fatecarver","Soul Harvest","Fulminating Rune","Venomous Claw","Molten Whip","Inspired Scholarship","Stampede","The Languid Eye"
"Lucent Citadel","Arcane Knot/Xoryn","https://www.esologs.com/reports/GZ9kfnQ2XBhga7p1#fight=15&type=summary&source=20","@iiTzFlyy","Ânor","ardent-ass-herald-berserking-warrior-perfected-slivers-of-the-null-arca","dps","Ardent","Ass","Herald","Perfected Slivers of the Null Arca","Berserking Warrior","85300.7","6984.9","31.9","85300.7 DPS","","Nerien'eth Guise (Nerien'eth)","Perfected Null Arca Jack (Perfected Slivers of the Null Arca)","Nerien'eth Arm Cops (Nerien'eth)","Perfected Null Arca Bracers (Perfected Slivers of the Null Arca)","","Perfected Null Arca Guards (Perfected Slivers of the Null Arca)","Perfected Null Arca Boots (Perfected Slivers of the Null Arca)","","Ring of the Advancing Yokeda (Berserking Warrior)","Ring of the Advancing Yokeda (Berserking Warrior)","Dagger of the Advancing Yokeda (Berserking Warrior)","Dagger of the Advancing Yokeda (Berserking Warrior)","The Maelstrom's Perfected Inferno Staff (Perfected Crushing Wall)"," ()","Cephaliarch's Flail","Pragmatic Fatecarver","Quick Cloak","Killer's Blade","Banner Bearer","Soul Harvest","Elemental Blockade","Venomous Claw","Inspired Scholarship","Flames of Oblivion","Banner Bearer","Standard of Might"
"Lucent Citadel","Arcane Knot/Xoryn","https://www.esologs.com/reports/GZ9kfnQ2XBhga7p1#fight=15&type=summary&source=10","@Beersies","Uh Oh Detected","ardent-ass-herald-berserking-warrior-perfected-slivers-of-the-null-arca","dps","Ardent","Ass","Herald","Perfected Slivers of the Null Arca","Berserking Warrior","91081.6","16806.0","40.0","91081.6 DPS","","Nerien'eth Mask (Nerien'eth)","Perfected Null Arca Jack (Perfected Slivers of the Null Arca)","Nerien'eth Epaulets (Nerien'eth)","Perfected Null Arca Bracers (Perfected Slivers of the Null Arca)","","Perfected Null Arca Guards (Perfected Slivers of the Null Arca)","Perfected Null Arca Boots (Perfected Slivers of the Null Arca)","","Ring of the Advancing Yokeda (Berserking Warrior)","Ring of the Advancing Yokeda (Berserking Warrior)","Dagger of the Advancing Yokeda (Berserking Warrior)","Dagger of the Advancing Yokeda (Berserking Warrior)","The Maelstrom's Perfected Inferno Staff (Perfected Crushing Wall)"," ()","Cephaliarch's Flail","Pragmatic Fatecarver","Barbed Trap","Flames of Oblivion","Quick Cloak","Soul Harvest","Elemental Blockade","Venomous Claw","Echoing Vigor","Inspired Scholarship","Molten Whip","The Languid Eye"
"Lucent Citadel","Arcane Knot/Xoryn","https://www.esologs.com/reports/waKyjdZWGbtcp4N2#fight=29&type=summary&source=5","@AmpEBK","Long-Tent Style","ardent-ass-herald-highland-sentinel-perfected-slivers-of-the-null-arca","dps","Ardent","Ass","Herald","Perfected Slivers of the Null Arca","Highland Sentinel","77349.9","3088.6","35.4","77349.9 DPS","","Nerien'eth Mask (Nerien'eth)","Perfected Null Arca Jack (Perfected Slivers of the Null Arca)","Nerien'eth Arm Cops (Nerien'eth)","Perfected Null Arca Bracers (Perfected Slivers of the Null Arca)","","Perfected Null Arca Guards (Perfected Slivers of the Null Arca)","Perfected Null Arca Boots (Perfected Slivers of the Null Arca)","","Highland Sentinel Ring (Highland Sentinel)","Highland Sentinel Ring (Highland Sentinel)","Highland Sentinel Dagger (Highland Sentinel)","Highland Sentinel Dagger (Highland Sentinel)","The Maelstrom's Perfected Greatsword (Perfected Merciless Charge)"," ()","Quick Cloak","Cephaliarch's Flail","Camouflaged Hunter","Pragmatic Fatecarver","Killer's Blade","Incapacitating Strike","Fulminating Rune","Flames of Oblivion","Venomous Claw","Inspired Scholarship","Stampede","Standard of Might"
"Lucent Citadel","Arcane Knot/Xoryn","https://www.esologs.com/reports/waKyjdZWGbtcp4N2#fight=29&type=summary&source=3","@DragonBank","Dragon-Beam","ardent-ass-herald-highland-sentinel-perfected-slivers-of-the-null-arca","dps","Ardent","Ass","Herald","Perfected Slivers of the Null Arca","Highland Sentinel","85899.2","4454.2","36.7","85899.2 DPS","","Nerien'eth Mask (Nerien'eth)","Perfected Null Arca Jack (Perfected Slivers of the Null Arca)","Nerien'eth Arm Cops (Nerien'eth)","Highland Sentinel Bracers (Highland Sentinel)","","Highland Sentinel Guards (Highland Sentinel)","Highland Sentinel Boots (Highland Sentinel)","","Perfected Null Arca Ring (Perfected Slivers of the Null Arca)","Perfected Null Arca Ring (Perfected Slivers of the Null Arca)","Perfected Null Arca Dagger (Perfected Slivers of the Null Arca)","Perfected Null Arca Dagger (Perfected Slivers of the Null Arca)","The Maelstrom's Perfected Greatsword (Perfected Merciless Charge)"," ()","Camouflaged Hunter","Killer's Blade","Quick Cloak","Cephaliarch's Flail","Pragmatic Fatecarver","The Languid Eye","Molten Whip","Inspired Scholarship","Venomous Claw","Flames of Oblivion","Stampede","Standard of Might"
"Lucent Citadel","Arcane Knot/Xoryn","https://www.esologs.com/reports/waKyjdZWGbtcp4N2#fight=29&type=summary&source=7","@Dan_Prime","Varinia Aventius","ardent-ass-herald-highland-sentinel-perfected-slivers-of-the-null-arca","dps","Ardent","Ass","Herald","Perfected Slivers of the Null Arca","Highland Sentinel","100163.3","3487.6","39.5","100163.3 DPS","","Nerien'eth Mask (Nerien'eth)","Perfected Null Arca Jack (Perfected Slivers of the Null Arca)","Nerien'eth Epaulets (Nerien'eth)","Perfected Null Arca Bracers (Perfected Slivers of the Null Arca)","","Perfected Null Arca Guards (Perfected Slivers of the Null Arca)","Perfected Null Arca Boots (Perfected Slivers of the Null Arca)","","Highland Sentinel Ring (Highland Sentinel)","Highland Sentinel Ring (Highland Sentinel)","Highland Sentinel Dagger (Highland Sentinel)","Highland Sentinel Dagger (Highland Sentinel)","The Maelstrom's Perfected Greatsword (Perfected Merciless Charge)"," ()","Killer's Blade","Quick Cloak","Pragmatic Fatecarver","Camouflaged Hunter","Cephaliarch's Flail","Incapacitating Strike","Molten Whip","Venomous Claw","Stampede","Flames of Oblivion","Inspired Scholarship","Standard of Might"
"Lucent Citadel","Arcane Knot/Xoryn","https://www.esologs.com/reports/waKyjdZWGbtcp4N2#fight=29&type=summary&source=1","@DragonBank","Dragon-Beam","ardent-ass-herald-highland-sentinel-perfected-slivers-of-the-null-arca","dps","Ardent","Ass","Herald","Perfected Slivers of the Null Arca","Highland Sentinel","116609.4","4521.6","37.7","116609.4 DPS","The Thief","Nerien'eth Mask (Nerien'eth)","Perfected Null Arca Jack (Perfected Slivers of the Null Arca)","Nerien'eth Arm Cops (Nerien'eth)","Highland Sentinel Bracers (Highland Sentinel)","","Highland Sentinel Guards (Highland Sentinel)","Highland Sentinel Boots (Highland Sentinel)","","Perfected Null Arca Ring (Perfected Slivers of the Null Arca)","Perfected Null Arca Ring (Perfected Slivers of the Null Arca)","Perfected Null Arca Dagger (Perfected Slivers of the Null Arca)","Perfected Null Arca Dagger (Perfected Slivers of the Null Arca)","The Maelstrom's Perfected Greatsword (Perfected Merciless Charge)"," ()","Camouflaged Hunter","Killer's Blade","Quick Cloak","Cephaliarch's Flail","Pragmatic Fatecarver","The Languid Eye","Molten Whip","Inspired Scholarship","Venomous Claw","Flames of Oblivion","Stampede","Standard of Might"
"Lucent Citadel","Arcane Knot/Xoryn","https://www.esologs.com/reports/waKyjdZWGbtcp4N2#fight=29&type=summary&source=9","@DJ_M1n3r","Skrting on the Surface","ardent-ass-herald-highland-sentinel-perfected-slivers-of-the-null-arca","dps","Ardent","Ass","Herald","Perfected Slivers of the Null Arca","Highland Sentinel","87537.2","8370.0","40.7","87537.2 DPS","","Nerien'eth Mask (Nerien'eth)","Perfected Null Arca Jack (Perfected Slivers of the Null Arca)","Nerien'eth Arm Cops (Nerien'eth)","Perfected Null Arca Bracers (Perfected Slivers of the Null Arca)","","Perfected Null Arca Guards (Perfected Slivers of the Null Arca)","Perfected Null Arca Boots (Perfected Slivers of the Null Arca)","","Highland Sentinel Ring (Highland Sentinel)","Highland Sentinel Ring (Highland Sentinel)","Highland Sentinel Dagger (Highland Sentinel)","Highland Sentinel Dagger (Highland Sentinel)","The Maelstrom's Perfected Inferno Staff (Perfected Crushing Wall)"," ()","Pragmatic Fatecarver","Camouflaged Hunter","Cephaliarch's Flail","Venomous Claw","Quick Cloak","Soul Harvest","Elemental Blockade","Fulminating Rune","Flames of Oblivion","Inspired Scholarship","Molten Whip","Standard of Might"
"Lucent Citadel","Arcane Knot/Xoryn","https://www.esologs.com/reports/waKyjdZWGbtcp4N2#fight=29&type=summary&source=8","@SentryAg","Rosa The Sea Otter","ardent-ass-herald-highland-sentinel-perfected-slivers-of-the-null-arca","dps","Ardent","Ass","Herald","Perfected Slivers of the Null Arca","Highland Sentinel","106017.8","7103.8","43.2","106017.8 DPS","","Nerien'eth Mask (Nerien'eth)","Highland Sentinel Jack (Highland Sentinel)","Nerien'eth Epaulets (Nerien'eth)","Highland Sentinel Bracers (Highland Sentinel)","","Perfected Null Arca Guards (Perfected Slivers of the Null Arca)","Perfected Null Arca Boots (Perfected Slivers of the Null Arca)","","Highland Sentinel Ring (Highland Sentinel)","Highland Sentinel Ring (Highland Sentinel)","Perfected Null Arca Dagger (Perfected Slivers of the Null Arca)","Perfected Null Arca Dagger (Perfected Slivers of the Null Arca)","The Maelstrom's Perfected Greatsword (Perfected Merciless Charge)"," ()","Quick Cloak","Killer's Blade","Camouflaged Hunter","Pragmatic Fatecarver","Cephaliarch's Flail","Soul Harvest","Inspired Scholarship","Carve","Venomous Claw","Flames of Oblivion","Stampede","Standard of Might"
"Lucent Citadel","Arcane Knot/Xoryn","https://www.esologs.com/reports/z3LRAKbXCmrdNtHB#fight=82&type=summary&source=14","@A234Ri12","Barrius Teriani","ardent-ass-herald-perfected-slivers-of-the-null-arca-unknown","dps","Ardent","Ass","Herald","Perfected Slivers of the Null Arca","Nerien'eth","131521.1","3559.3","38.6","131521.1 DPS","The Thief","Nerien'eth Guise (Nerien'eth)","Perfected Null Arca Jack (Perfected Slivers of the Null Arca)","Nerien'eth Arm Cops (Nerien'eth)","Perfected Null Arca Bracers (Perfected Slivers of the Null Arca)","","Perfected Null Arca Guards (Perfected Slivers of the Null Arca)","Perfected Null Arca Boots (Perfected Slivers of the Null Arca)","","Threads of War Ring (Threads of War)","Threads of War Ring (Threads of War)","Blackrose Perfected Dagger (Perfected Spectral Cloak)","Blackrose Perfected Dagger (Perfected Spectral Cloak)","The Maelstrom's Perfected Greatsword (Perfected Merciless Charge)"," ()","Quick Cloak","Pragmatic Fatecarver","Cephaliarch's Flail","Killer's Blade","Camouflaged Hunter","Soul Harvest","Stampede","Inspired Scholarship","Flames of Oblivion","Venomous Claw","Molten Whip","The Languid Eye"
"Lucent Citadel","Arcane Knot/Xoryn","https://www.esologs.com/reports/z3LRAKbXCmrdNtHB#fight=82&type=summary&source=10","@Dan_Prime","Varinia Aventius","ardent-ass-herald-perfected-slivers-of-the-null-arca-unknown","dps","Ardent","Ass","Herald","Perfected Slivers of the Null Arca","Nerien'eth","92576.0","3225.4","42.7","92576.0 DPS","","Nerien'eth Mask (Nerien'eth)","Perfected Null Arca Jack (Perfected Slivers of the Null Arca)","Nerien'eth Epaulets (Nerien'eth)","Perfected Null Arca Bracers (Perfected Slivers of the Null Arca)","","Perfected Null Arca Guards (Perfected Slivers of the Null Arca)","Perfected Null Arca Boots (Perfected Slivers of the Null Arca)","","Highland Sentinel Ring (Highland Sentinel)","Highland Sentinel Ring (Highland Sentinel)","Blackrose Perfected Dagger (Perfected Spectral Cloak)","Blackrose Perfected Dagger (Perfected Spectral Cloak)","The Maelstrom's Perfected Greatsword (Perfected Merciless Charge)"," ()","Killer's Blade","Quick Cloak","Pragmatic Fatecarver","Camouflaged Hunter","Cephaliarch's Flail","Incapacitating Strike","Molten Whip","Venomous Claw","Stampede","Flames of Oblivion","Inspired Scholarship","Standard of Might"
"Lucent Citadel","Arcane Knot/Xoryn","https://www.esologs.com/reports/z3LRAKbXCmrdNtHB#fight=82&type=summary&source=9","@Magma9783","Taterheadbam","ardent-ass-herald-perfected-slivers-of-the-null-arca-unknown","dps","Ardent","Ass","Herald","Perfected Slivers of the Null Arca","Nerien'eth","91133.6","3527.2","42.7","91133.6 DPS","","Nerien'eth Mask (Nerien'eth)","Perfected Null Arca Jack (Perfected Slivers of the Null Arca)","Nerien'eth Epaulets (Nerien'eth)","Perfected Null Arca Bracers (Perfected Slivers of the Null Arca)","","Perfected Null Arca Guards (Perfected Slivers of the Null Arca)","Perfected Null Arca Boots (Perfected Slivers of the Null Arca)","","Ring of the Advancing Yokeda (Berserking Warrior)","Ring of the Advancing Yokeda (Berserking Warrior)","Blackrose Perfected Dagger (Perfected Spectral Cloak)","Blackrose Perfected Dagger (Perfected Spectral Cloak)","The Maelstrom's Greatsword (Merciless Charge)"," ()","Camouflaged Hunter","Venomous Claw","Quick Cloak","Pragmatic Fatecarver","Cephaliarch's Flail","Soul Harvest","Molten Whip","Flames of Oblivion","Fulminating Rune","Inspired Scholarship","Stampede","The Languid Eye"
"Lucent Citadel","Arcane Knot/Xoryn","https://www.esologs.com/reports/z3LRAKbXCmrdNtHB#fight=82&type=summary&source=15","@Magma9783","Taterheadbam","ardent-ass-herald-perfected-slivers-of-the-null-arca-unknown","dps","Ardent","Ass","Herald","Perfected Slivers of the Null Arca","Nerien'eth","109599.5","3478.3","34.7","109599.5 DPS","","Nerien'eth Mask (Nerien'eth)","Perfected Null Arca Jack (Perfected Slivers of the Null Arca)","Nerien'eth Epaulets (Nerien'eth)","Perfected Null Arca Bracers (Perfected Slivers of the Null Arca)","","Perfected Null Arca Guards (Perfected Slivers of the Null Arca)","Perfected Null Arca Boots (Perfected Slivers of the Null Arca)","","Ring of the Advancing Yokeda (Berserking Warrior)","Ring of the Advancing Yokeda (Berserking Warrior)","Blackrose Perfected Dagger (Perfected Spectral Cloak)","Blackrose Perfected Dagger (Perfected Spectral Cloak)","The Maelstrom's Greatsword (Merciless Charge)"," ()","Camouflaged Hunter","Killer's Blade","Quick Cloak","Pragmatic Fatecarver","Cephaliarch's Flail","Incapacitating Strike","Molten Whip","Flames of Oblivion","Venomous Claw","Inspired Scholarship","Stampede","Standard of Might"
"Lucent Citadel","Arcane Knot/Xoryn","https://www.esologs.com/reports/z3LRAKbXCmrdNtHB#fight=82&type=summary&source=10","@Dan_Prime","Varinia Aventius","ardent-ass-herald-perfected-slivers-of-the-null-arca-unknown","dps","Ardent","Ass","Herald","Perfected Slivers of the Null Arca","Nerien'eth","94927.5","7685.7","33.0","94927.5 DPS","","Nerien'eth Mask (Nerien'eth)","Perfected Null Arca Jack (Perfected Slivers of the Null Arca)","Nerien'eth Epaulets (Nerien'eth)","Perfected Null Arca Bracers (Perfected Slivers of the Null Arca)","","Perfected Null Arca Guards (Perfected Slivers of the Null Arca)","Perfected Null Arca Boots (Perfected Slivers of the Null Arca)","","Highland Sentinel Ring (Highland Sentinel)","Highland Sentinel Ring (Highland Sentinel)","Blackrose Perfected Dagger (Perfected Spectral Cloak)","Blackrose Perfected Dagger (Perfected Spectral Cloak)","The Maelstrom's Perfected Greatsword (Perfected Merciless Charge)"," ()","Killer's Blade","Quick Cloak","Pragmatic Fatecarver","Banner Bearer","Cephaliarch's Flail","Incapacitating Strike","Banner Bearer","Venomous Claw","Stampede","Flames of Oblivion","Inspired Scholarship","Standard of Might"
"Lucent Citadel","Arcane Knot/Xoryn","https://www.esologs.com/reports/GZ9kfnQ2XBhga7p1#fight=15&type=summary&source=8","@Polly22","Ollivee","bone-green-siphon-perfected-pillagers-profit-spell-power-cure","healer","Siphon","Green","Bone","Spell Power Cure","Perfected Pillager's Profit","2647.6","74247.7","61.9","74247.7 HPS","","Symphony of Blades Mask (Symphony of Blades)","Cuirass of the Trainee (Armor of the Trainee)","Symphony of Blades Epaulets (Symphony of Blades)","Perfected Pillager's Gloves (Perfected Pillager's Profit)","","Spell Power Cure Breeches (Spell Power Cure)","Spell Power Cure Shoes (Spell Power Cure)","","Perfected Pillager's Band (Perfected Pillager's Profit)","Perfected Pillager's Band (Perfected Pillager's Profit)","Spell Power Cure Restoration Staff (Spell Power Cure)"," ()","Perfected Pillager's Lightning Staff (Perfected Pillager's Profit)"," ()","Radiating Regeneration","Combat Prayer","Illustrious Healing","Budding Seeds","Siphoning Attacks","Soul Siphon","Elemental Blockade","Echoing Vigor","Energy Orb","Overflowing Altar","Necrotic Potency","Reviving Barrier"
"Lucent Citadel","Arcane Knot/Xoryn","https://www.esologs.com/reports/GZ9kfnQ2XBhga7p1#fight=15&type=summary&source=3","@ASSA-Zz","Arthemıs","bone-green-siphon-perfected-pillagers-profit-spell-power-cure","healer","Siphon","Green","Bone","Spell Power Cure","Perfected Pillager's Profit","4205.1","70634.6","65.9","70634.6 HPS","","Nazaray Guise (Nazaray)","Spell Power Cure Jerkin (Spell Power Cure)","Nazaray Epaulets (Nazaray)","Spell Power Cure Gloves (Spell Power Cure)","","Perfected Pillager's Breeches (Perfected Pillager's Profit)","Shoes of the Trainee (Armor of the Trainee)","","Perfected Pillager's Band (Perfected Pillager's Profit)","Perfected Pillager's Band (Perfected Pillager's Profit)","Spell Power Cure Restoration Staff (Spell Power Cure)"," ()","Perfected Pillager's Lightning Staff (Perfected Pillager's Profit)"," ()","Combat Prayer","Budding Seeds","Radiating Regeneration","Illustrious Healing","Healthy Offering","Soul Siphon","Elemental Blockade","Energy Orb","Echoing Vigor","Overflowing Altar","Empowering Grasp","Reviving Barrier"
"Lucent Citadel","Arcane Knot/Xoryn","https://www.esologs.com/reports/GZ9kfnQ2XBhga7p1#fight=15&type=summary&source=8","@Shandiran","Jado Antul","bone-green-siphon-perfected-pillagers-profit-spell-power-cure","healer","Siphon","Green","Bone","Perfected Pillager's Profit","Spell Power Cure","3796.5","70395.1","57.7","70395.1 HPS","","Symphony of Blades Guise (Symphony of Blades)","Perfected Pillager's Robe (Perfected Pillager's Profit)","Symphony of Blades Epaulets (Symphony of Blades)","Perfected Pillager's Gloves (Perfected Pillager's Profit)","","Spell Power Cure Breeches (Spell Power Cure)","Perfected Pillager's Shoes (Perfected Pillager's Profit)","","Spell Power Cure Ring (Spell Power Cure)","Spell Power Cure Ring (Spell Power Cure)","Spell Power Cure Restoration Staff (Spell Power Cure)"," ()","Perfected Pillager's Lightning Staff (Perfected Pillager's Profit)"," ()","Warding Burst","Combat Prayer","Radiating Regeneration","Illustrious Healing","Necrotic Potency","Soul Shred","Budding Seeds","Energy Orb","Echoing Vigor","Elemental Blockade","Ulfsild's Contingency","Reviving Barrier"
"Lucent Citadel","Arcane Knot/Xoryn","https://www.esologs.com/reports/GZ9kfnQ2XBhga7p1#fight=15&type=summary&source=2","@CaliburXIII","Cal Brought You Flowers","bone-green-siphon-perfected-pillagers-profit-spell-power-cure","healer","Siphon","Green","Bone","Perfected Pillager's Profit","Spell Power Cure","5006.6","65261.2","57.8","65261.2 HPS","The Thief","Symphony of Blades Mask (Symphony of Blades)","Robe of the Trainee (Armor of the Trainee)","Symphony of Blades Epaulets (Symphony of Blades)","Spell Power Cure Gloves (Spell Power Cure)","","Spell Power Cure Breeches (Spell Power Cure)","Spell Power Cure Shoes (Spell Power Cure)","","Perfected Pillager's Band (Perfected Pillager's Profit)","Perfected Pillager's Band (Perfected Pillager's Profit)","Spell Power Cure Restoration Staff (Spell Power Cure)"," ()","Perfected Pillager's Lightning Staff (Perfected Pillager's Profit)"," ()","Illustrious Healing","Warding Bond (Sage's Remedy / Heroism)","Combat Prayer","Echoing Vigor","Radiating Regeneration","Reviving Barrier","Blockade of Storms","Budding Seeds","Energy Orb","Necrotic Potency","Siphoning Attacks","Reviving Barrier"
"Lucent Citadel","Arcane Knot/Xoryn","https://www.esologs.com/reports/z3LRAKbXCmrdNtHB#fight=82&type=summary&source=2","@MrsLizardFace","Edward The Gayden","green-resto-siphon-perfected-pillagers-profit-spell-power-cure","healer","Siphon","Resto","Green","Perfected Pillager's Profit","Spell Power Cure","5829.8","74164.6","60.3","74164.6 HPS","The Ritual","Ozezan the Inferno's Mask (Ozezan the Inferno)","Spell Power Cure Robe (Spell Power Cure)","Ozezan the Inferno's Epaulets (Ozezan the Inferno)","Perfected Pillager's Gloves (Perfected Pillager's Profit)","","Spell Power Cure Breeches (Spell Power Cure)","Spell Power Cure Shoes (Spell Power Cure)","","Perfected Pillager's Band (Perfected Pillager's Profit)","Perfected Pillager's Band (Perfected Pillager's Profit)","Spell Power Cure Restoration Staff (Spell Power Cure)"," ()","Perfected Pillager's Lightning Staff (Perfected Pillager's Profit)"," ()","Combat Prayer","Radiating Regeneration","Illustrious Healing","Siphoning Attacks","Echoing Vigor","Reviving Barrier","Elemental Blockade","Budding Seeds","Warding Burst","Radiant Aura","Extended Ritual","Reviving Barrier"
"Lucent Citadel","Arcane Knot/Xoryn","https://www.esologs.com/reports/z3LRAKbXCmrdNtHB#fight=82&type=summary&source=11","@ChristineCamaro","x Allison Chains x","green-resto-siphon-perfected-pillagers-profit-spell-power-cure","healer","Siphon","Resto","Green","Spell Power Cure","Perfected Pillager's Profit","5347.3","70137.0","66.8","70137.0 HPS","","Ozezan the Inferno's Guise (Ozezan the Inferno)","Robe of the Trainee (Armor of the Trainee)","Ozezan the Inferno's Epaulets (Ozezan the Inferno)","Spell Power Cure Gloves (Spell Power Cure)","","Spell Power Cure Breeches (Spell Power Cure)","Perfected Pillager's Shoes (Perfected Pillager's Profit)","","Perfected Pillager's Band (Perfected Pillager's Profit)","Perfected Pillager's Band (Perfected Pillager's Profit)","Spell Power Cure Restoration Staff (Spell Power Cure)"," ()","Perfected Pillager's Lightning Staff (Perfected Pillager's Profit)"," ()","Budding Seeds","Fortifying Bond (Sage's Remedy / Protection)","Combat Prayer","Radiating Regeneration","Illustrious Healing","Soul Siphon","Echoing Vigor","Blockade of Storms","Extended Ritual","Mystic Orb","Siphoning Attacks","Reviving Barrier"
"Lucent Citadel","Arcane Knot/Xoryn","https://www.esologs.com/reports/z3LRAKbXCmrdNtHB#fight=82&type=summary&source=8","@ChristineCamaro","x Allison Chains x","green-resto-siphon-perfected-pillagers-profit-spell-power-cure","healer","Siphon","Resto","Green","Spell Power Cure","Perfected Pillager's Profit","3998.2","67556.7","65.7","67556.7 HPS","","Ozezan the Inferno's Guise (Ozezan the Inferno)","Robe of the Trainee (Armor of the Trainee)","Ozezan the Inferno's Epaulets (Ozezan the Inferno)","Spell Power Cure Gloves (Spell Power Cure)","","Spell Power Cure Breeches (Spell Power Cure)","Perfected Pillager's Shoes (Perfected Pillager's Profit)","","Perfected Pillager's Band (Perfected Pillager's Profit)","Perfected Pillager's Band (Perfected Pillager's Profit)","Spell Power Cure Restoration Staff (Spell Power Cure)"," ()","Perfected Pillager's Lightning Staff (Perfected Pillager's Profit)"," ()","Budding Seeds","Fortifying Bond","Combat Prayer","Radiating Regeneration","Illustrious Healing","Soul Siphon","Echoing Vigor","Elemental Blockade","Extended Ritual","Mystic Orb","Siphoning Attacks","Reviving Barrier"
"Lucent Citadel","Arcane Knot/Xoryn","https://www.esologs.com/reports/z3LRAKbXCmrdNtHB#fight=82&type=summary&source=1","@MeggySlayer69","Meggyslayer","green-resto-siphon-perfected-pillagers-profit-spell-power-cure","healer","Siphon","Resto","Green","Perfected Pillager's Profit","Spell Power Cure","2360.4","85942.7","54.4","85942.7 HPS","","Symphony of Blades Guise (Symphony of Blades)","Spell Power Cure Robe (Spell Power Cure)","Symphony of Blades Arm Cops (Symphony of Blades)","Perfected Pillager's Gloves (Perfected Pillager's Profit)","","Spell Power Cure Breeches (Spell Power Cure)","Spell Power Cure Shoes (Spell Power Cure)","","Perfected Pillager's Band (Perfected Pillager's Profit)","Perfected Pillager's Band (Perfected Pillager's Profit)","Spell Power Cure Restoration Staff (Spell Power Cure)"," ()","Perfected Pillager's Lightning Staff (Perfected Pillager's Profit)"," ()","Combat Prayer","Radiating Regeneration","Illustrious Healing","Budding Seeds","Ulfsild's Contingency","Soul Siphon","Energy Orb","Echoing Vigor","Radiant Aura","Extended Ritual","Siphoning Attacks","Reviving Barrier"
"Lucent Citadel","Arcane Knot/Xoryn","https://www.esologs.com/reports/GZ9kfnQ2XBhga7p1#fight=15&type=summary&source=3","@Sleepyhead1100","Average-Stagger-Enjoyer","daedric-earthen-winter-perfected-pearlescent-ward-perfected-saxhleel-champion","tank","Earthen","Daedric","Winter","Perfected Saxhleel Champion","Perfected Pearlescent Ward","8563.2","9484.7","48.3","48.3 CPM","The Atronach","Magma Incarnate Mask (Magma Incarnate)","Perfected Pearlescent Cuirass (Perfected Pearlescent Ward)","Spaulder of Ruin (Spaulder of Ruin)","Perfected Pearlescent Gauntlets (Perfected Pearlescent Ward)","","Perfected Pearlescent Greaves (Perfected Pearlescent Ward)","Perfected Pearlescent Sabatons (Perfected Pearlescent Ward)","","Saxhleel Champion's Perfected Ring (Perfected Saxhleel Champion)","Saxhleel Champion's Perfected Ring (Perfected Saxhleel Champion)","Saxhleel Champion's Perfected Ice Staff (Perfected Saxhleel Champion)"," ()","Saxhleel Champion's Perfected Ice Staff (Perfected Saxhleel Champion)"," ()","Inner Rage","Winter's Revenge","Bound Aegis","Polar Wind","Stone Giant","Replenishing Barrier","Elemental Blockade","Elemental Susceptibility","Charging Maneuver","Expansive Frost Cloak","Igneous Weapons","Summon Charged Atronach"
"Lucent Citadel","Arcane Knot/Xoryn","https://www.esologs.com/reports/GZ9kfnQ2XBhga7p1#fight=15&type=summary&source=8","@Ned919x","Tanksallday","daedric-earthen-winter-perfected-pearlescent-ward-perfected-saxhleel-champion","tank","Earthen","Daedric","Winter","Perfected Saxhleel Champion","Perfected Pearlescent Ward","4499.8","4321.8","25.5","25.5 CPM","","Magma Incarnate Visage (Magma Incarnate)","Perfected Pearlescent Cuirass (Perfected Pearlescent Ward)","Perfected Pearlescent Pauldrons (Perfected Pearlescent Ward)","Perfected Pearlescent Gauntlets (Perfected Pearlescent Ward)","","Perfected Pearlescent Greaves (Perfected Pearlescent Ward)","Saxhleel Champion's Perfected Sabatons (Perfected Saxhleel Champion)","","Ring of the Wild Hunt (Ring of the Wild Hunt)","Saxhleel Champion's Perfected Ring (Perfected Saxhleel Champion)","Saxhleel Champion's Perfected Ice Staff (Perfected Saxhleel Champion)"," ()","Saxhleel Champion's Perfected Ice Staff (Perfected Saxhleel Champion)"," ()","Igneous Shield","Revealing Flare","Inner Rage","Expansive Frost Cloak","Polar Wind","Temporal Guard","Charging Maneuver","Bound Aegis","Blockade of Frost","Elemental Susceptibility","Igneous Weapons","Summon Charged Atronach"
"Lucent Citadel","Arcane Knot/Xoryn","https://www.esologs.com/reports/GZ9kfnQ2XBhga7p1#fight=15&type=summary&source=6","@Ned919x","Tanksallday","daedric-earthen-winter-perfected-pearlescent-ward-perfected-saxhleel-champion","tank","Earthen","Daedric","Winter","Perfected Saxhleel Champion","Perfected Pearlescent Ward","6229.8","5972.1","27.9","27.9 CPM","","Magma Incarnate Visage (Magma Incarnate)","Perfected Pearlescent Cuirass (Perfected Pearlescent Ward)","Perfected Pearlescent Pauldrons (Perfected Pearlescent Ward)","Perfected Pearlescent Gauntlets (Perfected Pearlescent Ward)","","Perfected Pearlescent Greaves (Perfected Pearlescent Ward)","Saxhleel Champion's Perfected Sabatons (Perfected Saxhleel Champion)","","Ring of the Wild Hunt (Ring of the Wild Hunt)","Saxhleel Champion's Perfected Ring (Perfected Saxhleel Champion)","Saxhleel Champion's Perfected Ice Staff (Perfected Saxhleel Champion)"," ()","Saxhleel Champion's Perfected Ice Staff (Perfected Saxhleel Champion)"," ()","Igneous Shield","Revealing Flare","Inner Rage","Expansive Frost Cloak","Polar Wind","Temporal Guard","Charging Maneuver","Bound Aegis","Elemental Blockade","Elemental Susceptibility","Igneous Weapons","Summon Charged Atronach"
"Lucent Citadel","Arcane Knot/Xoryn","https://www.esologs.com/reports/d6BDW8ArHmjtVyg9#fight=34&type=summary&source=10","@melan4oly","Shishi Maru","daedric-green-siphon-master-architect-powerful-assault","healer","Daedric","Siphon","Green","Master Architect","Powerful Assault","5042.9","38954.3","29.0","38954.3 HPS","","The Blind Guise (The Blind)","Master Architect Robe (Master Architect)","The Blind Epaulets (The Blind)","Master Architect Gloves (Master Architect)","","Master Architect Breeches (Master Architect)","Master Architect Shoes (Master Architect)","","Ring of the Powerful Assault (Powerful Assault)","Ring of the Powerful Assault (Powerful Assault)","The Master's Restoration Staff (Grand Rejuvenation)"," ()","Lightning Staff of the Powerful Assault (Powerful Assault)"," ()","Budding Seeds","Combat Prayer","Illustrious Healing","Energy Orb","Radiating Regeneration","Soul Siphon","Elemental Blockade","Echoing Vigor","Overflowing Altar","Ulfsild's Contingency","Siphoning Attacks","Summon Charged Atronach"
"Lucent Citadel","Arcane Knot/Xoryn","https://www.esologs.com/reports/d6BDW8ArHmjtVyg9#fight=34&type=summary&source=10","@Pooya22","The Unşeen Blade","daedric-green-siphon-master-architect-powerful-assault","healer","Daedric","Siphon","Green","Master Architect","Powerful Assault","6100.0","62462.6","64.5","62462.6 HPS","The Ritual","Nazaray Guise (Nazaray)","Master Architect Robe (Master Architect)","Nazaray Epaulets (Nazaray)","Bracers of the Powerful Assault (Powerful Assault)","","Guards of the Powerful Assault (Powerful Assault)","Master Architect Shoes (Master Architect)","","Ring of the Powerful Assault (Powerful Assault)","Ring of the Powerful Assault (Powerful Assault)","The Master's Perfected Restoration Staff (Perfected Grand Rejuvenation)"," ()","Master Architect Lightning Staff (Master Architect)"," ()","Combat Prayer","Radiating Regeneration","Budding Seeds","Illustrious Healing","Warding Burst","Soul Siphon","Elemental Blockade","Overflowing Altar","Energy Orb","Echoing Vigor","Siphoning Attacks","Greater Storm Atronach"
"Lucent Citadel","Arcane Knot/Xoryn","https://www.esologs.com/reports/waKyjdZWGbtcp4N2#fight=29&type=summary&source=1","@Prxvokedlegend","Bbs Big Busty Sorc","daedric-earthen-soldier-perfected-lucent-echoes-perfected-saxhleel-champion","tank","Earthen","Daedric","Soldier","Perfected Lucent Echoes","Perfected Saxhleel Champion","6487.5","7052.5","39.1","39.1 CPM","The Atronach","Archdruid Devyric's Visage (Archdruid Devyric)","Lucent Echoes Perfected Cuirass (Perfected Lucent Echoes)","Archdruid Devyric's Pauldron (Archdruid Devyric)","Lucent Echoes Perfected Gauntlets (Perfected Lucent Echoes)","","Lucent Echoes Perfected Greaves (Perfected Lucent Echoes)","Lucent Echoes Perfected Sabatons (Perfected Lucent Echoes)","","Saxhleel Champion's Perfected Ring (Perfected Saxhleel Champion)","Saxhleel Champion's Perfected Ring (Perfected Saxhleel Champion)","Ice Staff of the Song of Lamae (Song of Lamae)"," ()","Saxhleel Champion's Perfected Ice Staff (Perfected Saxhleel Champion)"," ()","Revealing Flare","Runeguard of Still Waters","Runic Embrace","Impervious Runeward","Fragmented Shield","Reviving Barrier","Blockade of Frost","Razor Caltrops","Race Against Time","Cruxweaver Armor","Bound Aegis","Summon Charged Atronach"
"Lucent Citadel","Arcane Knot/Xoryn","https://www.esologs.com/reports/waKyjdZWGbtcp4N2#fight=29&type=summary&source=2","@Prxvokedlegend","Bbs Big Busty Sorc","daedric-earthen-soldier-perfected-lucent-echoes-perfected-saxhleel-champion","tank","Earthen","Daedric","Soldier","Perfected Lucent Echoes","Perfected Saxhleel Champion","5862.8","6122.6","34.7","34.7 CPM","","Archdruid Devyric's Visage (Archdruid Devyric)","Lucent Echoes Perfected Cuirass (Perfected Lucent Echoes)","Archdruid Devyric's Pauldron (Archdruid Devyric)","Lucent Echoes Perfected Gauntlets (Perfected Lucent Echoes)","","Lucent Echoes Perfected Greaves (Perfected Lucent Echoes)","Lucent Echoes Perfected Sabatons (Perfected Lucent Echoes)","","Saxhleel Champion's Perfected Ring (Perfected Saxhleel Champion)","Saxhleel Champion's Perfected Ring (Perfected Saxhleel Champion)","Ice Staff of the Song of Lamae (Song of Lamae)"," ()","Saxhleel Champion's Perfected Ice Staff (Perfected Saxhleel Champion)"," ()","Revealing Flare","Runeguard of Still Waters","Runic Embrace","Impervious Runeward","Fragmented Shield","Reviving Barrier","Elemental Blockade","Razor Caltrops","Race Against Time","Leashing Soul","Bound Aegis","Summon Charged Atronach"
"Lucent Citadel","Arcane Knot/Xoryn","https://www.esologs.com/reports/FWRLd8M2CAa9y6z7#fight=2&type=summary&source=7","@Staubfaenger","Gerald of Nvidia","grave-resto-siphon-master-architect-powerful-assault","healer","Siphon","Resto","Grave","Master Architect","Powerful Assault","13551.6","52427.4","52.0","52427.4 HPS","The Atronach","Ozezan the Inferno's Guise (Ozezan the Inferno)","Jack of the Powerful Assault (Powerful Assault)","Ozezan the Inferno's Epaulets (Ozezan the Inferno)","Master Architect Gloves (Master Architect)","","Master Architect Breeches (Master Architect)","Master Architect Shoes (Master Architect)","","Ring of the Powerful Assault (Powerful Assault)","Ring of the Powerful Assault (Powerful Assault)","Restoration Staff of the Powerful Assault (Powerful Assault)"," ()","Master Architect Lightning Staff (Master Architect)"," ()","Illustrious Healing","Combat Prayer","Radiating Regeneration","Echoing Vigor","Warding Soul","Soul Siphon","Elemental Blockade","Warding Burst","Overflowing Altar","Extended Ritual","Siphoning Attacks","Glacial Colossus"
"Lucent Citadel","Arcane Knot/Xoryn","https://www.esologs.com/reports/FWRLd8M2CAa9y6z7#fight=2&type=summary&source=1","@Brangwynn","Raisin Brann","grave-resto-siphon-master-architect-powerful-assault","healer","Siphon","Resto","Grave","Master Architect","Powerful Assault","4785.1","65029.8","62.3","65029.8 HPS","","Ozezan the Inferno's Guise (Ozezan the Inferno)","Master Architect Robe (Master Architect)","Ozezan the Inferno's Epaulets (Ozezan the Inferno)","Bracers of the Powerful Assault (Powerful Assault)","","Master Architect Breeches (Master Architect)","Master Architect Shoes (Master Architect)","","Ring of the Powerful Assault (Powerful Assault)","Ring of the Powerful Assault (Powerful Assault)","Master Architect Restoration Staff (Master Architect)"," ()","Restoration Staff of the Powerful Assault (Powerful Assault)"," ()","Illustrious Healing","Combat Prayer","Radiating Regeneration","Siphoning Attacks","Warding Bond (Warmage's Defense / Protection)","Reviving Barrier","Extended Ritual","Unnerving Boneyard","Energy Orb","Radiant Aura","Echoing Vigor","Soul Siphon"
