"Trial Name","Boss Name","ESO Logs Player Link","Player Handle","Character Name","Build Slug","Role","Subclass 1","Subclass 2","Subclass 3","Signature Set 1","Signature Set 2","DPS","HPS","CPM","Primary Metric","Mundus Stone","Gear: Head","Gear: Chest","Gear: Shoulders","Gear: Hands","Gear: Waist","Gear: Legs","Gear: Feet","Gear: Necklace","Gear: Ring1","Gear: Ring2","Gear: Main_Hand","Gear: Off_Hand","Gear: Backup_Main_Hand","Gear: Backup_Off_Hand","Bar 1 Ability 1","Bar 1 Ability 2","Bar 1 Ability 3","Bar 1 Ability 4","Bar 1 Ability 5","Bar 1 Ability 6","Bar 2 Ability 1","Bar 2 Ability 2","Bar 2 Ability 3","Bar 2 Ability 4","Bar 2 Ability 5","Bar 2 Ability 6"
"Maw of Lorkhaj","Zhaj'hassa the Forgotten","https://www.esologs.com/reports/pNb6GRnWVYtAZwk8#fight=79&type=summary&source=6","@ZweiFass4","Rünebladés-Beam-Sister","ardent-ass-herald-perfected-slivers-of-the-null-arca-tide-born-wildstalker","dps","Ardent","Ass","Herald","Tide-Born Wildstalker","Perfected Slivers of the Null Arca","262862.6","11382.0","88.4","262862.6 DPS","The Thief","Slimecraw Guise (Slimecraw)","Tide-Born Jack (Tide-Born Wildstalker)","Perfected Null Arca Arm Cops (Perfected Slivers of the Null Arca)","Tide-Born Bracers (Tide-Born Wildstalker)","","Tide-Born Guards (Tide-Born Wildstalker)","Tide-Born Boots (Tide-Born Wildstalker)","","Perfected Null Arca Ring (Perfected Slivers of the Null Arca)","Perfected Null Arca Ring (Perfected Slivers of the Null Arca)","Perfected Null Arca Dagger (Perfected Slivers of the Null Arca)","Perfected Null Arca Dagger (Perfected Slivers of the Null Arca)","The Maelstrom's Perfected Greatsword (Perfected Merciless Charge)"," ()","Tentacular Dread","Killer's Blade","Escalating Runeblades","Barbed Trap","Merciless Resolve","Incapacitating Strike","Stampede","Venomous Claw","Molten Whip","Flames of Oblivion","Inspired Scholarship","Standard of Might"
"Maw of Lorkhaj","Zhaj'hassa the Forgotten","https://www.esologs.com/reports/pNb6GRnWVYtAZwk8#fight=79&type=summary&source=8","@Shftx","Swftx","ardent-ass-herald-perfected-slivers-of-the-null-arca-tide-born-wildstalker","dps","Ardent","Ass","Herald","Perfected Slivers of the Null Arca","Tide-Born Wildstalker","222667.5","5735.2","76.7","222667.5 DPS","","Slimecraw Guise (Slimecraw)","Perfected Null Arca Jack (Perfected Slivers of the Null Arca)","Tide-Born Arm Cops (Tide-Born Wildstalker)","Perfected Null Arca Bracers (Perfected Slivers of the Null Arca)","","Perfected Null Arca Guards (Perfected Slivers of the Null Arca)","Perfected Null Arca Boots (Perfected Slivers of the Null Arca)","","Tide-Born Ring (Tide-Born Wildstalker)","Tide-Born Ring (Tide-Born Wildstalker)","Tide-Born Dagger (Tide-Born Wildstalker)","Tide-Born Dagger (Tide-Born Wildstalker)","The Maelstrom's Perfected Greatsword (Perfected Merciless Charge)"," ()","Quick Cloak","Killer's Blade","Escalating Runeblades","Tentacular Dread","Barbed Trap","Incapacitating Strike","Inspired Scholarship","Stampede","Venomous Claw","Flames of Oblivion","Molten Whip","Standard of Might"
"Maw of Lorkhaj","Zhaj'hassa the Forgotten","https://www.esologs.com/reports/pNb6GRnWVYtAZwk8#fight=79&type=summary&source=2","@Str4d3r","Stràder","ardent-ass-herald-perfected-slivers-of-the-null-arca-tide-born-wildstalker","dps","Ardent","Ass","Herald","Perfected Slivers of the Null Arca","Tide-Born Wildstalker","241930.7","11791.1","95.3","241930.7 DPS","","Slimecraw Guise (Slimecraw)","Perfected Null Arca Jack (Perfected Slivers of the Null Arca)","Tide-Born Arm Cops (Tide-Born Wildstalker)","Perfected Null Arca Bracers (Perfected Slivers of the Null Arca)","","Perfected Null Arca Guards (Perfected Slivers of the Null Arca)","Perfected Null Arca Boots (Perfected Slivers of the Null Arca)","","Tide-Born Ring (Tide-Born Wildstalker)","Tide-Born Ring (Tide-Born Wildstalker)","Tide-Born Dagger (Tide-Born Wildstalker)","Tide-Born Dagger (Tide-Born Wildstalker)","The Maelstrom's Perfected Greatsword (Perfected Merciless Charge)"," ()","Camouflaged Hunter","Relentless Focus","Killer's Blade","Escalating Runeblades","Tentacular Dread","Soul Harvest","Molten Whip","Flames of Oblivion","Stampede","Venomous Claw","Inspired Scholarship","Standard of Might"
"Maw of Lorkhaj","Zhaj'hassa the Forgotten","https://www.esologs.com/reports/pNb6GRnWVYtAZwk8#fight=79&type=summary&source=16","@ruciake","Runmei","ardent-ass-herald-perfected-slivers-of-the-null-arca-tide-born-wildstalker","dps","Ardent","Ass","Herald","Perfected Slivers of the Null Arca","Tide-Born Wildstalker","260702.9","12552.5","90.7","260702.9 DPS","","Slimecraw Guise (Slimecraw)","Perfected Null Arca Jack (Perfected Slivers of the Null Arca)","Tide-Born Arm Cops (Tide-Born Wildstalker)","Perfected Null Arca Bracers (Perfected Slivers of the Null Arca)","","Perfected Null Arca Guards (Perfected Slivers of the Null Arca)","Perfected Null Arca Boots (Perfected Slivers of the Null Arca)","","Tide-Born Ring (Tide-Born Wildstalker)","Tide-Born Ring (Tide-Born Wildstalker)","Tide-Born Dagger (Tide-Born Wildstalker)","Tide-Born Dagger (Tide-Born Wildstalker)","The Maelstrom's Perfected Greatsword (Perfected Merciless Charge)"," ()","Tentacular Dread","Escalating Runeblades","Relentless Focus","Killer's Blade","Camouflaged Hunter","Incapacitating Strike","Flames of Oblivion","Stampede","Inspired Scholarship","Venomous Claw","Molten Whip","Standard of Might"
"Maw of Lorkhaj","Zhaj'hassa the Forgotten","https://www.esologs.com/reports/pNb6GRnWVYtAZwk8#fight=79&type=summary&source=1","@ObsidianRazor","Wasn't blocking","ardent-ass-herald-perfected-slivers-of-the-null-arca-tide-born-wildstalker","dps","Ardent","Ass","Herald","Perfected Slivers of the Null Arca","Tide-Born Wildstalker","225493.3","2684.9","76.7","225493.3 DPS","","Slimecraw Mask (Slimecraw)","Perfected Null Arca Jack (Perfected Slivers of the Null Arca)","Perfected Null Arca Arm Cops (Perfected Slivers of the Null Arca)","Perfected Null Arca Bracers (Perfected Slivers of the Null Arca)","","Perfected Null Arca Guards (Perfected Slivers of the Null Arca)","Perfected Null Arca Boots (Perfected Slivers of the Null Arca)","","Tide-Born Ring (Tide-Born Wildstalker)","Tide-Born Ring (Tide-Born Wildstalker)","Tide-Born Dagger (Tide-Born Wildstalker)","Tide-Born Dagger (Tide-Born Wildstalker)","The Maelstrom's Perfected Greatsword (Perfected Merciless Charge)"," ()","Barbed Trap","Tentacular Dread","Killer's Blade","Escalating Runeblades","Relentless Focus","Incapacitating Strike","Fulminating Rune","Stampede","Molten Whip","Inspired Scholarship","Flames of Oblivion","Standard of Might"
"Maw of Lorkhaj","Zhaj'hassa the Forgotten","https://www.esologs.com/reports/pNb6GRnWVYtAZwk8#fight=79&type=summary&source=16","@LeoShogun","Nosferatu L Zodd","ardent-ass-herald-perfected-slivers-of-the-null-arca-tide-born-wildstalker","dps","Ardent","Ass","Herald","Perfected Slivers of the Null Arca","Tide-Born Wildstalker","228630.2","2634.8","54.9","228630.2 DPS","","Slimecraw Mask (Slimecraw)","Perfected Null Arca Jack (Perfected Slivers of the Null Arca)","Tide-Born Arm Cops (Tide-Born Wildstalker)","Tide-Born Bracers (Tide-Born Wildstalker)","","Tide-Born Guards (Tide-Born Wildstalker)","Tide-Born Boots (Tide-Born Wildstalker)","","Perfected Null Arca Ring (Perfected Slivers of the Null Arca)","Perfected Null Arca Ring (Perfected Slivers of the Null Arca)","Perfected Null Arca Dagger (Perfected Slivers of the Null Arca)","Perfected Null Arca Dagger (Perfected Slivers of the Null Arca)","The Maelstrom's Perfected Greatsword (Perfected Merciless Charge)"," ()","Quick Cloak","Cephaliarch's Flail","Killer's Blade","Camouflaged Hunter","Exhausting Fatecarver","Soul Harvest","Stampede","Venomous Claw","Inspired Scholarship","Flames of Oblivion","Molten Whip","Standard of Might"
"Maw of Lorkhaj","Zhaj'hassa the Forgotten","https://www.esologs.com/reports/pNb6GRnWVYtAZwk8#fight=79&type=summary&source=2","@Fat_Colossus","Divine Arcan","ardent-ass-herald-perfected-slivers-of-the-null-arca-tide-born-wildstalker","dps","Ardent","Ass","Herald","Tide-Born Wildstalker","Perfected Slivers of the Null Arca","196606.6","3424.4","39.2","196606.6 DPS","","Slimecraw Guise (Slimecraw)","Tide-Born Jack (Tide-Born Wildstalker)","Tide-Born Arm Cops (Tide-Born Wildstalker)","Tide-Born Bracers (Tide-Born Wildstalker)","","Tide-Born Guards (Tide-Born Wildstalker)","Perfected Null Arca Boots (Perfected Slivers of the Null Arca)","","Perfected Null Arca Ring (Perfected Slivers of the Null Arca)","Perfected Null Arca Ring (Perfected Slivers of the Null Arca)","Perfected Null Arca Dagger (Perfected Slivers of the Null Arca)","Perfected Null Arca Dagger (Perfected Slivers of the Null Arca)","The Maelstrom's Perfected Inferno Staff (Perfected Crushing Wall)"," ()","Exhausting Fatecarver","Cephaliarch's Flail","Killer's Blade","Banner Bearer","Quick Cloak","Incapacitating Strike","Elemental Blockade","Venomous Claw","Banner Bearer","Flames of Oblivion","Inspired Scholarship","Standard of Might"
"Maw of Lorkhaj","Zhaj'hassa the Forgotten","https://www.esologs.com/reports/pNb6GRnWVYtAZwk8#fight=79&type=summary&source=274","@Br1m","ukratose","ardent-ass-herald-perfected-slivers-of-the-null-arca-tide-born-wildstalker","dps","Ardent","Ass","Herald","Perfected Slivers of the Null Arca","Tide-Born Wildstalker","210059.9","12146.3","32.0","210059.9 DPS","","Slimecraw Guise (Slimecraw)","Perfected Null Arca Jack (Perfected Slivers of the Null Arca)","Tide-Born Arm Cops (Tide-Born Wildstalker)","Perfected Null Arca Bracers (Perfected Slivers of the Null Arca)","","Perfected Null Arca Guards (Perfected Slivers of the Null Arca)","Perfected Null Arca Boots (Perfected Slivers of the Null Arca)","","Tide-Born Ring (Tide-Born Wildstalker)","Tide-Born Ring (Tide-Born Wildstalker)","Tide-Born Dagger (Tide-Born Wildstalker)","Tide-Born Dagger (Tide-Born Wildstalker)","The Maelstrom's Greatsword (Merciless Charge)"," ()","Killer's Blade","Quick Cloak","Cephaliarch's Flail","Pragmatic Fatecarver","Camouflaged Hunter","Incapacitating Strike","Stampede","Flames of Oblivion","Venomous Claw","Inspired Scholarship","Molten Whip","Standard of Might"
"Maw of Lorkhaj","Zhaj'hassa the Forgotten","https://www.esologs.com/reports/pNb6GRnWVYtAZwk8#fight=79&type=summary&source=48","@Samnons88","ggboysgg","ardent-ass-herald-perfected-slivers-of-the-null-arca-tide-born-wildstalker","dps","Ardent","Ass","Herald","Tide-Born Wildstalker","Perfected Slivers of the Null Arca","171780.7","10656.4","83.2","171780.7 DPS",""," (Huntsman's Warmask)","Tide-Born Jack (Tide-Born Wildstalker)","Slimecraw Epaulets (Slimecraw)","Perfected Null Arca Bracers (Perfected Slivers of the Null Arca)","","Tide-Born Guards (Tide-Born Wildstalker)","Perfected Null Arca Boots (Perfected Slivers of the Null Arca)","","Perfected Null Arca Ring (Perfected Slivers of the Null Arca)","Perfected Null Arca Ring (Perfected Slivers of the Null Arca)","Tide-Born Dagger (Tide-Born Wildstalker)","Tide-Born Dagger (Tide-Born Wildstalker)","The Maelstrom's Perfected Greatsword (Perfected Merciless Charge)"," ()","Killer's Blade","Barbed Trap","Tentacular Dread","Escalating Runeblades","Relentless Focus","Incapacitating Strike","Stampede","Molten Whip","Venomous Claw","Inspired Scholarship","Flames of Oblivion","Standard of Might"
"Maw of Lorkhaj","Zhaj'hassa the Forgotten","https://www.esologs.com/reports/pNb6GRnWVYtAZwk8#fight=79&type=summary&source=7","@lord1858","Ledi v","ardent-ass-herald-perfected-slivers-of-the-null-arca-tide-born-wildstalker","dps","Ardent","Ass","Herald","Perfected Slivers of the Null Arca","Tide-Born Wildstalker","171263.6","10124.9","60.0","171263.6 DPS","","Slimecraw Guise (Slimecraw)","Perfected Null Arca Jack (Perfected Slivers of the Null Arca)","Tide-Born Arm Cops (Tide-Born Wildstalker)","Perfected Null Arca Bracers (Perfected Slivers of the Null Arca)","","Perfected Null Arca Guards (Perfected Slivers of the Null Arca)","Perfected Null Arca Boots (Perfected Slivers of the Null Arca)","","Tide-Born Ring (Tide-Born Wildstalker)","Tide-Born Ring (Tide-Born Wildstalker)","Tide-Born Dagger (Tide-Born Wildstalker)","Tide-Born Dagger (Tide-Born Wildstalker)","The Maelstrom's Perfected Greatsword (Perfected Merciless Charge)"," ()","Pragmatic Fatecarver","Cephaliarch's Flail","Killer's Blade","Quick Cloak","Camouflaged Hunter","Soul Harvest","Stampede","Venomous Claw","Flames of Oblivion","Inspired Scholarship","Molten Whip","Standard of Might"
"Maw of Lorkhaj","Zhaj'hassa the Forgotten","https://www.esologs.com/reports/pNb6GRnWVYtAZwk8#fight=79&type=summary&source=8","@Mistyriel","Mistyriel","ardent-ass-herald-perfected-slivers-of-the-null-arca-tide-born-wildstalker","dps","Ardent","Ass","Herald","Perfected Slivers of the Null Arca","Tide-Born Wildstalker","180611.7","3707.9","28.7","180611.7 DPS","","Slimecraw Mask (Slimecraw)","Perfected Null Arca Jack (Perfected Slivers of the Null Arca)","Tide-Born Epaulets (Tide-Born Wildstalker)","Perfected Null Arca Bracers (Perfected Slivers of the Null Arca)","","Perfected Null Arca Guards (Perfected Slivers of the Null Arca)","Perfected Null Arca Boots (Perfected Slivers of the Null Arca)","","Tide-Born Ring (Tide-Born Wildstalker)","Tide-Born Ring (Tide-Born Wildstalker)","Tide-Born Dagger (Tide-Born Wildstalker)","Tide-Born Dagger (Tide-Born Wildstalker)","The Maelstrom's Perfected Greatsword (Perfected Merciless Charge)"," ()","Cephaliarch's Flail","Pragmatic Fatecarver","Quick Cloak","Killer's Blade","Camouflaged Hunter","Soul Harvest","Venomous Claw","Stampede","Inspired Scholarship","Flames of Oblivion","Molten Whip","Standard of Might"
"Maw of Lorkhaj","Zhaj'hassa the Forgotten","https://www.esologs.com/reports/pNb6GRnWVYtAZwk8#fight=79&type=summary&source=9","@Anraijin","Nattvald","ardent-ass-herald-perfected-slivers-of-the-null-arca-tide-born-wildstalker","dps","Ardent","Ass","Herald","Perfected Slivers of the Null Arca","Tide-Born Wildstalker","127031.4","11163.9","31.3","127031.4 DPS","","Slimecraw Guise (Slimecraw)","Perfected Null Arca Jack (Perfected Slivers of the Null Arca)","Tide-Born Arm Cops (Tide-Born Wildstalker)","Perfected Null Arca Bracers (Perfected Slivers of the Null Arca)","","Perfected Null Arca Guards (Perfected Slivers of the Null Arca)","Perfected Null Arca Boots (Perfected Slivers of the Null Arca)","","Tide-Born Ring (Tide-Born Wildstalker)","Tide-Born Ring (Tide-Born Wildstalker)","Tide-Born Dagger (Tide-Born Wildstalker)","Tide-Born Dagger (Tide-Born Wildstalker)","The Maelstrom's Perfected Greatsword (Perfected Merciless Charge)"," ()","Cephaliarch's Flail","Camouflaged Hunter","Pragmatic Fatecarver","Killer's Blade","Quick Cloak","Soul Harvest","Flame Lash","Stampede","Flames of Oblivion","Venomous Claw","Inspired Scholarship","Standard of Might"
"Maw of Lorkhaj","Zhaj'hassa the Forgotten","https://www.esologs.com/reports/pNb6GRnWVYtAZwk8#fight=79&type=summary&source=8","@Fenuin","Toe-beanss","ardent-ass-herald-perfected-slivers-of-the-null-arca-tide-born-wildstalker","dps","Ardent","Ass","Herald","Perfected Slivers of the Null Arca","Tide-Born Wildstalker","94200.3","5987.5","27.1","94200.3 DPS","","Perfected Null Arca Helmet (Perfected Slivers of the Null Arca)","Perfected Null Arca Jack (Perfected Slivers of the Null Arca)","Slimecraw Epaulets (Slimecraw)","Tide-Born Bracers (Tide-Born Wildstalker)","","Perfected Null Arca Guards (Perfected Slivers of the Null Arca)","Perfected Null Arca Boots (Perfected Slivers of the Null Arca)","","Tide-Born Ring (Tide-Born Wildstalker)","Tide-Born Ring (Tide-Born Wildstalker)","Tide-Born Dagger (Tide-Born Wildstalker)","Tide-Born Dagger (Tide-Born Wildstalker)","The Maelstrom's Perfected Greatsword (Perfected Merciless Charge)"," ()","Quick Cloak","Camouflaged Hunter","Cephaliarch's Flail","Relentless Focus","Pragmatic Fatecarver","Incapacitating Strike","Inspired Scholarship","Stampede","Flames of Oblivion","Venomous Claw","Molten Whip","Standard of Might"
"Maw of Lorkhaj","Zhaj'hassa the Forgotten","https://www.esologs.com/reports/pNb6GRnWVYtAZwk8#fight=79&type=summary&source=12","@Hardardere","Zev Breminiev","ardent-ass-herald-perfected-slivers-of-the-null-arca-tide-born-wildstalker","dps","Ardent","Ass","Herald","Tide-Born Wildstalker","Perfected Slivers of the Null Arca","136390.1","9049.9","37.7","136390.1 DPS","","Slimecraw Guise (Slimecraw)","Tide-Born Jack (Tide-Born Wildstalker)","Perfected Null Arca Arm Cops (Perfected Slivers of the Null Arca)","Tide-Born Bracers (Tide-Born Wildstalker)","","Tide-Born Guards (Tide-Born Wildstalker)","Tide-Born Boots (Tide-Born Wildstalker)","","Perfected Null Arca Ring (Perfected Slivers of the Null Arca)","Perfected Null Arca Ring (Perfected Slivers of the Null Arca)","Perfected Null Arca Dagger (Perfected Slivers of the Null Arca)","Perfected Null Arca Dagger (Perfected Slivers of the Null Arca)","The Maelstrom's Perfected Greatsword (Perfected Merciless Charge)"," ()","Cephaliarch's Flail","Pragmatic Fatecarver","Killer's Blade","Quick Cloak","Relentless Focus","Soul Harvest","Inspired Scholarship","Venomous Claw","Flames of Oblivion","Stampede","Resolving Vigor","Standard of Might"
"Maw of Lorkhaj","Zhaj'hassa the Forgotten","https://www.esologs.com/reports/pNb6GRnWVYtAZwk8#fight=79&type=summary&source=10","@OcelOgihci","Tazman le Bricoleur","ardent-ass-herald-perfected-slivers-of-the-null-arca-tide-born-wildstalker","dps","Ardent","Ass","Herald","Perfected Slivers of the Null Arca","Tide-Born Wildstalker","135033.7","5728.4","31.2","135033.7 DPS","","Slimecraw Guise (Slimecraw)","Perfected Null Arca Jack (Perfected Slivers of the Null Arca)","Tide-Born Arm Cops (Tide-Born Wildstalker)","Perfected Null Arca Bracers (Perfected Slivers of the Null Arca)","","Tide-Born Guards (Tide-Born Wildstalker)","Perfected Null Arca Boots (Perfected Slivers of the Null Arca)","","Perfected Null Arca Ring (Perfected Slivers of the Null Arca)","Perfected Null Arca Ring (Perfected Slivers of the Null Arca)","Tide-Born Dagger (Tide-Born Wildstalker)","Tide-Born Dagger (Tide-Born Wildstalker)","The Maelstrom's Perfected Greatsword (Perfected Merciless Charge)"," ()","Quick Cloak","Killer's Blade","Pragmatic Fatecarver","Cephaliarch's Flail","Merciless Resolve","Soul Harvest","Stampede","Venomous Claw","Inspired Scholarship","Molten Whip","Flames of Oblivion","Standard of Might"
"Maw of Lorkhaj","Zhaj'hassa the Forgotten","https://www.esologs.com/reports/pNb6GRnWVYtAZwk8#fight=79&type=summary&source=5","@Clopidogrele","Millesabords","ardent-ass-herald-perfected-slivers-of-the-null-arca-tide-born-wildstalker","dps","Ardent","Ass","Herald","Perfected Slivers of the Null Arca","Tide-Born Wildstalker","124999.5","3703.1","40.9","124999.5 DPS","","Slimecraw Mask (Slimecraw)","Perfected Null Arca Jack (Perfected Slivers of the Null Arca)","Tide-Born Arm Cops (Tide-Born Wildstalker)","Perfected Null Arca Bracers (Perfected Slivers of the Null Arca)","","Perfected Null Arca Guards (Perfected Slivers of the Null Arca)","Perfected Null Arca Boots (Perfected Slivers of the Null Arca)","","Tide-Born Ring (Tide-Born Wildstalker)","Tide-Born Ring (Tide-Born Wildstalker)","Tide-Born Dagger (Tide-Born Wildstalker)","Tide-Born Dagger (Tide-Born Wildstalker)","The Maelstrom's Perfected Greatsword (Perfected Merciless Charge)"," ()","Quick Cloak","Pragmatic Fatecarver","Cephaliarch's Flail","Killer's Blade","Merciless Resolve","Soul Harvest","Inspired Scholarship","Stampede","Flames of Oblivion","Venomous Claw","Resolving Vigor","Standard of Might"
"Maw of Lorkhaj","Zhaj'hassa the Forgotten","https://www.esologs.com/reports/pNb6GRnWVYtAZwk8#fight=79&type=summary&source=1","@DragonBank","Dragon-Beam","ardent-ass-herald-perfected-slivers-of-the-null-arca-tide-born-wildstalker","dps","Ardent","Ass","Herald","Tide-Born Wildstalker","Perfected Slivers of the Null Arca","186339.9","4912.3","26.5","186339.9 DPS","","Slimecraw Guise (Slimecraw)","Tide-Born Jack (Tide-Born Wildstalker)","Perfected Null Arca Arm Cops (Perfected Slivers of the Null Arca)","Tide-Born Bracers (Tide-Born Wildstalker)","","Tide-Born Guards (Tide-Born Wildstalker)","Tide-Born Boots (Tide-Born Wildstalker)","","Perfected Null Arca Ring (Perfected Slivers of the Null Arca)","Perfected Null Arca Ring (Perfected Slivers of the Null Arca)","Perfected Null Arca Dagger (Perfected Slivers of the Null Arca)","Perfected Null Arca Dagger (Perfected Slivers of the Null Arca)","The Maelstrom's Perfected Greatsword (Perfected Merciless Charge)"," ()","Camouflaged Hunter","Killer's Blade","Quick Cloak","Cephaliarch's Flail","Exhausting Fatecarver","The Languid Eye","Molten Whip","Inspired Scholarship","Venomous Claw","Flames of Oblivion","Stampede","Standard of Might"
"Maw of Lorkhaj","Zhaj'hassa the Forgotten","https://www.esologs.com/reports/pNb6GRnWVYtAZwk8#fight=79&type=summary&source=26","@F9o0","Good fór nothing","ardent-ass-herald-perfected-slivers-of-the-null-arca-tide-born-wildstalker","dps","Ardent","Ass","Herald","Perfected Slivers of the Null Arca","Tide-Born Wildstalker","135431.4","10162.3","77.5","135431.4 DPS",""," (Huntsman's Warmask)","Perfected Null Arca Jack (Perfected Slivers of the Null Arca)","Slimecraw Epaulets (Slimecraw)","Perfected Null Arca Bracers (Perfected Slivers of the Null Arca)","","Perfected Null Arca Guards (Perfected Slivers of the Null Arca)","Perfected Null Arca Boots (Perfected Slivers of the Null Arca)","","Tide-Born Ring (Tide-Born Wildstalker)","Tide-Born Ring (Tide-Born Wildstalker)","Tide-Born Dagger (Tide-Born Wildstalker)","Tide-Born Dagger (Tide-Born Wildstalker)","The Maelstrom's Perfected Greatsword (Perfected Merciless Charge)"," ()","Tentacular Dread","Killer's Blade","Escalating Runeblades","Barbed Trap","Merciless Resolve","Soul Harvest","Stampede","Inspired Scholarship","Venomous Claw","Flames of Oblivion","Molten Whip","Standard of Might"
"Maw of Lorkhaj","Zhaj'hassa the Forgotten","https://www.esologs.com/reports/3qFwWVzyXJmNCdZx#fight=36&type=summary&source=5","@alansgaming","Light Attacks are Evil","ardent-ass-herald-berserking-warrior-perfected-slivers-of-the-null-arca","dps","Ardent","Ass","Herald","Perfected Slivers of the Null Arca","Berserking Warrior","236314.2","10896.5","99.2","236314.2 DPS",""," (Huntsman's Warmask)","Perfected Null Arca Jack (Perfected Slivers of the Null Arca)","Slimecraw Arm Cops (Slimecraw)","Perfected Null Arca Bracers (Perfected Slivers of the Null Arca)","","Perfected Null Arca Guards (Perfected Slivers of the Null Arca)","Perfected Null Arca Boots (Perfected Slivers of the Null Arca)","","Ring of the Advancing Yokeda (Berserking Warrior)","Ring of the Advancing Yokeda (Berserking Warrior)","Dagger of the Advancing Yokeda (Berserking Warrior)","Dagger of the Advancing Yokeda (Berserking Warrior)","The Maelstrom's Perfected Greatsword (Perfected Merciless Charge)"," ()","Killer's Blade","Tentacular Dread","Escalating Runeblades","Relentless Focus","Barbed Trap","Incapacitating Strike","Stampede","Venomous Claw","Flames of Oblivion","Inspired Scholarship","Molten Whip","Standard of Might"
"Maw of Lorkhaj","Zhaj'hassa the Forgotten","https://www.esologs.com/reports/3qFwWVzyXJmNCdZx#fight=36&type=summary&source=9","@Gurkmon","Goldener Raver","ardent-ass-herald-berserking-warrior-perfected-slivers-of-the-null-arca","dps","Ardent","Ass","Herald","Perfected Slivers of the Null Arca","Berserking Warrior","179639.5","11534.2","79.7","179639.5 DPS",""," (Huntsman's Warmask)","Perfected Null Arca Jack (Perfected Slivers of the Null Arca)","Slimecraw Arm Cops (Slimecraw)","Perfected Null Arca Bracers (Perfected Slivers of the Null Arca)","","Perfected Null Arca Guards (Perfected Slivers of the Null Arca)","Perfected Null Arca Boots (Perfected Slivers of the Null Arca)","","Ring of the Advancing Yokeda (Berserking Warrior)","Ring of the Advancing Yokeda (Berserking Warrior)","Dagger of the Advancing Yokeda (Berserking Warrior)","Dagger of the Advancing Yokeda (Berserking Warrior)","The Maelstrom's Perfected Greatsword (Perfected Merciless Charge)"," ()","Escalating Runeblades","Tentacular Dread","Relentless Focus","Killer's Blade","Barbed Trap","Incapacitating Strike","Stampede","Flames of Oblivion","Molten Whip","Inspired Scholarship","Venomous Claw","Standard of Might"
"Maw of Lorkhaj","Zhaj'hassa the Forgotten","https://www.esologs.com/reports/3qFwWVzyXJmNCdZx#fight=36&type=summary&source=17","@IgnDarius","Darius Skr","ardent-ass-herald-berserking-warrior-perfected-slivers-of-the-null-arca","dps","Ardent","Ass","Herald","Perfected Slivers of the Null Arca","Berserking Warrior","200285.7","13347.0","86.8","200285.7 DPS",""," (Huntsman's Warmask)","Perfected Null Arca Jack (Perfected Slivers of the Null Arca)","Slimecraw Epaulets (Slimecraw)","Perfected Null Arca Bracers (Perfected Slivers of the Null Arca)","","Perfected Null Arca Guards (Perfected Slivers of the Null Arca)","Perfected Null Arca Boots (Perfected Slivers of the Null Arca)","","Ring of the Advancing Yokeda (Berserking Warrior)","Ring of the Advancing Yokeda (Berserking Warrior)","Dagger of the Advancing Yokeda (Berserking Warrior)","Dagger of the Advancing Yokeda (Berserking Warrior)","The Maelstrom's Perfected Greatsword (Perfected Merciless Charge)"," ()","Relentless Focus","Tentacular Dread","Killer's Blade","Escalating Runeblades","Barbed Trap","Soul Harvest","Molten Whip","Stampede","Venomous Claw","Flames of Oblivion","Inspired Scholarship","Standard of Might"
"Maw of Lorkhaj","Zhaj'hassa the Forgotten","https://www.esologs.com/reports/3qFwWVzyXJmNCdZx#fight=36&type=summary&source=4","@HazeRiderz","Centerfolds","ardent-ass-herald-berserking-warrior-perfected-slivers-of-the-null-arca","dps","Ardent","Ass","Herald","Perfected Slivers of the Null Arca","Berserking Warrior","250196.0","12702.6","82.0","250196.0 DPS","The Ritual"," (Huntsman's Warmask)","Perfected Null Arca Jack (Perfected Slivers of the Null Arca)","Slimecraw Epaulets (Slimecraw)","Perfected Null Arca Bracers (Perfected Slivers of the Null Arca)","","Perfected Null Arca Guards (Perfected Slivers of the Null Arca)","Perfected Null Arca Boots (Perfected Slivers of the Null Arca)","","Ring of the Advancing Yokeda (Berserking Warrior)","Ring of the Advancing Yokeda (Berserking Warrior)","Dagger of the Advancing Yokeda (Berserking Warrior)","Dagger of the Advancing Yokeda (Berserking Warrior)","The Maelstrom's Perfected Greatsword (Perfected Merciless Charge)"," ()","Barbed Trap","Tentacular Dread","Escalating Runeblades","Merciless Resolve","Killer's Blade","Soul Harvest","Venomous Claw","Flames of Oblivion","Inspired Scholarship","Molten Whip","Stampede","Standard of Might"
"Maw of Lorkhaj","Zhaj'hassa the Forgotten","https://www.esologs.com/reports/3qFwWVzyXJmNCdZx#fight=36&type=summary&source=9","@IntoxicatedUltra","Isadora Runekeeper","ardent-ass-herald-berserking-warrior-perfected-slivers-of-the-null-arca","dps","Ardent","Ass","Herald","Perfected Slivers of the Null Arca","Berserking Warrior","199377.3","13568.7","67.6","199377.3 DPS",""," (Huntsman's Warmask)","Perfected Null Arca Jack (Perfected Slivers of the Null Arca)","Slimecraw Epaulets (Slimecraw)","Perfected Null Arca Bracers (Perfected Slivers of the Null Arca)","","Perfected Null Arca Guards (Perfected Slivers of the Null Arca)","Perfected Null Arca Boots (Perfected Slivers of the Null Arca)","","Ring of the Advancing Yokeda (Berserking Warrior)","Ring of the Advancing Yokeda (Berserking Warrior)","Dagger of the Advancing Yokeda (Berserking Warrior)","Dagger of the Advancing Yokeda (Berserking Warrior)","The Maelstrom's Greatsword (Merciless Charge)"," ()","Killer's Blade","Barbed Trap","Tentacular Dread","Escalating Runeblades","Relentless Focus","Soul Harvest","Stampede","Venomous Claw","Flames of Oblivion","Inspired Scholarship","Fulminating Rune","Standard of Might"
"Maw of Lorkhaj","Zhaj'hassa the Forgotten","https://www.esologs.com/reports/3qFwWVzyXJmNCdZx#fight=36&type=summary&source=12","@Ravex007","Whatamipapa","ardent-ass-herald-berserking-warrior-perfected-slivers-of-the-null-arca","dps","Ardent","Ass","Herald","Perfected Slivers of the Null Arca","Berserking Warrior","141757.3","3316.8","41.0","141757.3 DPS","","Nerien'eth Mask (Nerien'eth)","Perfected Null Arca Jack (Perfected Slivers of the Null Arca)","Nerien'eth Arm Cops (Nerien'eth)","Perfected Null Arca Bracers (Perfected Slivers of the Null Arca)","","Perfected Null Arca Guards (Perfected Slivers of the Null Arca)","Perfected Null Arca Boots (Perfected Slivers of the Null Arca)","","Ring of the Advancing Yokeda (Berserking Warrior)","Ring of the Advancing Yokeda (Berserking Warrior)","Dagger of the Advancing Yokeda (Berserking Warrior)","Dagger of the Advancing Yokeda (Berserking Warrior)","The Maelstrom's Perfected Inferno Staff (Perfected Crushing Wall)"," ()","Pragmatic Fatecarver","Cephaliarch's Flail","Quick Cloak","Banner Bearer","Flames of Oblivion","Soul Harvest","Venomous Claw","Engulfing Flames","Elemental Blockade","Banner Bearer","Inspired Scholarship","The Tide King's Gaze"
"Maw of Lorkhaj","Zhaj'hassa the Forgotten","https://www.esologs.com/reports/3qFwWVzyXJmNCdZx#fight=36&type=summary&source=210","@Ravex007","Whatamipapa","ardent-ass-herald-berserking-warrior-perfected-slivers-of-the-null-arca","dps","Ardent","Ass","Herald","Perfected Slivers of the Null Arca","Berserking Warrior","141772.0","3298.9","41.0","141772.0 DPS","","Nerien'eth Mask (Nerien'eth)","Perfected Null Arca Jack (Perfected Slivers of the Null Arca)","Nerien'eth Arm Cops (Nerien'eth)","Perfected Null Arca Bracers (Perfected Slivers of the Null Arca)","","Perfected Null Arca Guards (Perfected Slivers of the Null Arca)","Perfected Null Arca Boots (Perfected Slivers of the Null Arca)","","Ring of the Advancing Yokeda (Berserking Warrior)","Ring of the Advancing Yokeda (Berserking Warrior)","Dagger of the Advancing Yokeda (Berserking Warrior)","Dagger of the Advancing Yokeda (Berserking Warrior)","The Maelstrom's Perfected Inferno Staff (Perfected Crushing Wall)"," ()","Pragmatic Fatecarver","Cephaliarch's Flail","Quick Cloak","Banner Bearer","Flames of Oblivion","Soul Harvest","Venomous Claw","Engulfing Flames","Elemental Blockade","Banner Bearer","Inspired Scholarship","The Tide King's Gaze"
"Maw of Lorkhaj","Zhaj'hassa the Forgotten","https://www.esologs.com/reports/3qFwWVzyXJmNCdZx#fight=36&type=summary&source=179","@IntoxicatedUltra","Isadora Runekeeper","ardent-ass-herald-berserking-warrior-perfected-slivers-of-the-null-arca","dps","Ardent","Ass","Herald","Perfected Slivers of the Null Arca","Berserking Warrior","199363.6","13593.5","67.7","199363.6 DPS",""," (Huntsman's Warmask)","Perfected Null Arca Jack (Perfected Slivers of the Null Arca)","Slimecraw Epaulets (Slimecraw)","Perfected Null Arca Bracers (Perfected Slivers of the Null Arca)","","Perfected Null Arca Guards (Perfected Slivers of the Null Arca)","Perfected Null Arca Boots (Perfected Slivers of the Null Arca)","","Ring of the Advancing Yokeda (Berserking Warrior)","Ring of the Advancing Yokeda (Berserking Warrior)","Dagger of the Advancing Yokeda (Berserking Warrior)","Dagger of the Advancing Yokeda (Berserking Warrior)","The Maelstrom's Greatsword (Merciless Charge)"," ()","Killer's Blade","Barbed Trap","Tentacular Dread","Escalating Runeblades","Relentless Focus","Soul Harvest","Stampede","Venomous Claw","Flames of Oblivion","Inspired Scholarship","Fulminating Rune","Standard of Might"
"Maw of Lorkhaj","Zhaj'hassa the Forgotten","https://www.esologs.com/reports/3qFwWVzyXJmNCdZx#fight=36&type=summary&source=176","@HazeRiderz","Centerfolds","ardent-ass-herald-berserking-warrior-perfected-slivers-of-the-null-arca","dps","Ardent","Ass","Herald","Perfected Slivers of the Null Arca","Berserking Warrior","250101.3","12701.9","82.0","250101.3 DPS",""," (Huntsman's Warmask)","Perfected Null Arca Jack (Perfected Slivers of the Null Arca)","Slimecraw Epaulets (Slimecraw)","Perfected Null Arca Bracers (Perfected Slivers of the Null Arca)","","Perfected Null Arca Guards (Perfected Slivers of the Null Arca)","Perfected Null Arca Boots (Perfected Slivers of the Null Arca)","","Ring of the Advancing Yokeda (Berserking Warrior)","Ring of the Advancing Yokeda (Berserking Warrior)","Dagger of the Advancing Yokeda (Berserking Warrior)","Dagger of the Advancing Yokeda (Berserking Warrior)","The Maelstrom's Perfected Greatsword (Perfected Merciless Charge)"," ()","Barbed Trap","Tentacular Dread","Escalating Runeblades","Merciless Resolve","Killer's Blade","Soul Harvest","Venomous Claw","Flames of Oblivion","Inspired Scholarship","Molten Whip","Stampede","Standard of Might"
"Maw of Lorkhaj","Zhaj'hassa the Forgotten","https://www.esologs.com/reports/3qFwWVzyXJmNCdZx#fight=36&type=summary&source=6","@Wa2L","Meeracat","ardent-ass-herald-berserking-warrior-perfected-slivers-of-the-null-arca","dps","Ardent","Ass","Herald","Perfected Slivers of the Null Arca","Berserking Warrior","212886.0","10922.1","90.8","212886.0 DPS",""," (Huntsman's Warmask)","Perfected Null Arca Jack (Perfected Slivers of the Null Arca)","Slimecraw Epaulets (Slimecraw)","Perfected Null Arca Bracers (Perfected Slivers of the Null Arca)","","Perfected Null Arca Guards (Perfected Slivers of the Null Arca)","Perfected Null Arca Boots (Perfected Slivers of the Null Arca)","","Ring of the Advancing Yokeda (Berserking Warrior)","Ring of the Advancing Yokeda (Berserking Warrior)","Dagger of the Advancing Yokeda (Berserking Warrior)","Dagger of the Advancing Yokeda (Berserking Warrior)","The Maelstrom's Perfected Greatsword (Perfected Merciless Charge)"," ()","Tentacular Dread","Merciless Resolve","Escalating Runeblades","Killer's Blade","Barbed Trap","Incapacitating Strike","Stampede","Venomous Claw","Inspired Scholarship","Molten Whip","Flames of Oblivion","Standard of Might"
"Maw of Lorkhaj","Zhaj'hassa the Forgotten","https://www.esologs.com/reports/3qFwWVzyXJmNCdZx#fight=36&type=summary&source=10","@Diocliate","You Shall not Pärse","ardent-ass-herald-berserking-warrior-perfected-slivers-of-the-null-arca","dps","Ardent","Ass","Herald","Perfected Slivers of the Null Arca","Berserking Warrior","202608.3","15804.1","80.1","202608.3 DPS",""," (Huntsman's Warmask)","Perfected Null Arca Jack (Perfected Slivers of the Null Arca)","Slimecraw Epaulets (Slimecraw)","Perfected Null Arca Bracers (Perfected Slivers of the Null Arca)","","Perfected Null Arca Guards (Perfected Slivers of the Null Arca)","Perfected Null Arca Boots (Perfected Slivers of the Null Arca)","","Ring of the Advancing Yokeda (Berserking Warrior)","Ring of the Advancing Yokeda (Berserking Warrior)","Dagger of the Advancing Yokeda (Berserking Warrior)","Dagger of the Advancing Yokeda (Berserking Warrior)","The Maelstrom's Perfected Greatsword (Perfected Merciless Charge)"," ()","Barbed Trap","Merciless Resolve","Escalating Runeblades","Tentacular Dread","Killer's Blade","Incapacitating Strike","Stampede","Molten Whip","Inspired Scholarship","Venomous Claw","Flames of Oblivion","Standard of Might"
"Maw of Lorkhaj","Zhaj'hassa the Forgotten","https://www.esologs.com/reports/3qFwWVzyXJmNCdZx#fight=36&type=summary&source=46","@Xocius","Bradras Ravilnith","ardent-ass-herald-berserking-warrior-perfected-slivers-of-the-null-arca","dps","Ardent","Ass","Herald","Perfected Slivers of the Null Arca","Berserking Warrior","150269.4","4812.2","65.3","150269.4 DPS",""," (Huntsman's Warmask)","Perfected Null Arca Jack (Perfected Slivers of the Null Arca)","Slimecraw Epaulets (Slimecraw)","Perfected Null Arca Bracers (Perfected Slivers of the Null Arca)","","Perfected Null Arca Guards (Perfected Slivers of the Null Arca)","Perfected Null Arca Boots (Perfected Slivers of the Null Arca)","","Ring of the Advancing Yokeda (Berserking Warrior)","Ring of the Advancing Yokeda (Berserking Warrior)","Dagger of the Advancing Yokeda (Berserking Warrior)","Dagger of the Advancing Yokeda (Berserking Warrior)","The Maelstrom's Perfected Greatsword (Perfected Merciless Charge)"," ()","Killer's Blade","Merciless Resolve","Escalating Runeblades","Tentacular Dread","Barbed Trap","Incapacitating Strike","Flames of Oblivion","Venomous Claw","Stampede","Inspired Scholarship","Molten Whip","Standard of Might"
"Maw of Lorkhaj","Zhaj'hassa the Forgotten","https://www.esologs.com/reports/3qFwWVzyXJmNCdZx#fight=36&type=summary&source=49","@yy00","Dranav","ardent-ass-herald-berserking-warrior-perfected-slivers-of-the-null-arca","dps","Ardent","Ass","Herald","Perfected Slivers of the Null Arca","Berserking Warrior","134604.7","6656.4","97.4","134604.7 DPS",""," (Huntsman's Warmask)","Perfected Null Arca Jack (Perfected Slivers of the Null Arca)","Slimecraw Arm Cops (Slimecraw)","Perfected Null Arca Bracers (Perfected Slivers of the Null Arca)","","Perfected Null Arca Guards (Perfected Slivers of the Null Arca)","Perfected Null Arca Boots (Perfected Slivers of the Null Arca)","","Ring of the Advancing Yokeda (Berserking Warrior)","Ring of the Advancing Yokeda (Berserking Warrior)","Dagger of the Advancing Yokeda (Berserking Warrior)","Dagger of the Advancing Yokeda (Berserking Warrior)","The Maelstrom's Perfected Greatsword (Perfected Merciless Charge)"," ()","Relentless Focus","Tentacular Dread","Killer's Blade","Escalating Runeblades","Barbed Trap","Incapacitating Strike","Venomous Claw","Flames of Oblivion","Stampede","Inspired Scholarship","Molten Whip","Standard of Might"
"Maw of Lorkhaj","Zhaj'hassa the Forgotten","https://www.esologs.com/reports/3qFwWVzyXJmNCdZx#fight=36&type=summary&source=71","@Alykace","Ulyssee","ardent-ass-herald-aegis-caller-perfected-slivers-of-the-null-arca","dps","Ardent","Ass","Herald","Perfected Slivers of the Null Arca","Aegis Caller","222193.8","13261.7","83.3","222193.8 DPS","The Thief","Slimecraw Mask (Slimecraw)","Perfected Null Arca Jack (Perfected Slivers of the Null Arca)","Aegis Caller's Arm Cops (Aegis Caller)","Perfected Null Arca Bracers (Perfected Slivers of the Null Arca)","","Perfected Null Arca Guards (Perfected Slivers of the Null Arca)","Perfected Null Arca Boots (Perfected Slivers of the Null Arca)","","Aegis Caller's Ring (Aegis Caller)","Aegis Caller's Ring (Aegis Caller)","Aegis Caller's Dagger (Aegis Caller)","Aegis Caller's Dagger (Aegis Caller)","The Maelstrom's Perfected Greatsword (Perfected Merciless Charge)"," ()","Escalating Runeblades","Killer's Blade","Tentacular Dread","Relentless Focus","Quick Cloak","Soul Harvest","Stampede","Venomous Claw","Flames of Oblivion","Inspired Scholarship","Molten Whip","Standard of Might"
"Maw of Lorkhaj","Zhaj'hassa the Forgotten","https://www.esologs.com/reports/3qFwWVzyXJmNCdZx#fight=36&type=summary&source=193","@TheFaytFoundation","Fayt Light Leingod","ardent-ass-herald-aegis-caller-perfected-slivers-of-the-null-arca","dps","Ardent","Ass","Herald","Perfected Slivers of the Null Arca","Aegis Caller","197535.8","18080.7","65.8","197535.8 DPS","","Slimecraw Guise (Slimecraw)","Perfected Null Arca Jack (Perfected Slivers of the Null Arca)","Aegis Caller's Arm Cops (Aegis Caller)","Aegis Caller's Bracers (Aegis Caller)","","Perfected Null Arca Guards (Perfected Slivers of the Null Arca)","Perfected Null Arca Boots (Perfected Slivers of the Null Arca)","","Perfected Null Arca Ring (Perfected Slivers of the Null Arca)","Perfected Null Arca Ring (Perfected Slivers of the Null Arca)","Aegis Caller's Dagger (Aegis Caller)","Aegis Caller's Dagger (Aegis Caller)","The Maelstrom's Perfected Greatsword (Perfected Merciless Charge)"," ()","Tentacular Dread","Killer's Blade","Escalating Runeblades","Quick Cloak","Banner Bearer","Incapacitating Strike","Banner Bearer","Stampede","Flames of Oblivion","Inspired Scholarship","Ulfsild's Contingency","Standard of Might"
"Maw of Lorkhaj","Zhaj'hassa the Forgotten","https://www.esologs.com/reports/3qFwWVzyXJmNCdZx#fight=36&type=summary&source=12","@LadyDesire","Your Lady","ardent-ass-herald-aegis-caller-perfected-slivers-of-the-null-arca","dps","Ardent","Ass","Herald","Perfected Slivers of the Null Arca","Aegis Caller","176476.9","10956.0","75.9","176476.9 DPS","","Slimecraw Mask (Slimecraw)","Perfected Null Arca Jack (Perfected Slivers of the Null Arca)","Aegis Caller's Arm Cops (Aegis Caller)","Perfected Null Arca Bracers (Perfected Slivers of the Null Arca)","","Perfected Null Arca Guards (Perfected Slivers of the Null Arca)","Perfected Null Arca Boots (Perfected Slivers of the Null Arca)","","Aegis Caller's Ring (Aegis Caller)","Aegis Caller's Ring (Aegis Caller)","Aegis Caller's Dagger (Aegis Caller)","Aegis Caller's Dagger (Aegis Caller)","The Maelstrom's Perfected Greatsword (Perfected Merciless Charge)"," ()","Tentacular Dread","Escalating Runeblades","Killer's Blade","Barbed Trap","Relentless Focus","Incapacitating Strike","Flames of Oblivion","Stampede","Molten Whip","Inspired Scholarship","Venomous Claw","Standard of Might"
"Maw of Lorkhaj","Zhaj'hassa the Forgotten","https://www.esologs.com/reports/3qFwWVzyXJmNCdZx#fight=36&type=summary&source=45","@Merican_Hunter","Book of Scotty","ardent-ass-herald-aegis-caller-perfected-slivers-of-the-null-arca","dps","Ardent","Ass","Herald","Aegis Caller","Perfected Slivers of the Null Arca","184051.2","4900.7","96.3","184051.2 DPS","","Slimecraw Mask (Slimecraw)","Aegis Caller's Jack (Aegis Caller)","Perfected Null Arca Arm Cops (Perfected Slivers of the Null Arca)","Perfected Null Arca Bracers (Perfected Slivers of the Null Arca)","","Aegis Caller's Guards (Aegis Caller)","Aegis Caller's Boots (Aegis Caller)","","Perfected Null Arca Ring (Perfected Slivers of the Null Arca)","Perfected Null Arca Ring (Perfected Slivers of the Null Arca)","Aegis Caller's Dagger (Aegis Caller)","Aegis Caller's Dagger (Aegis Caller)","The Maelstrom's Perfected Greatsword (Perfected Merciless Charge)"," ()","Tentacular Dread","Relentless Focus","Killer's Blade","Escalating Runeblades","Barbed Trap","Incapacitating Strike","Venomous Claw","Molten Whip","Stampede","Flames of Oblivion","Inspired Scholarship","Standard of Might"
"Maw of Lorkhaj","Zhaj'hassa the Forgotten","https://www.esologs.com/reports/3qFwWVzyXJmNCdZx#fight=36&type=summary&source=11","@HighstoneUA","The Green Day","ardent-ass-herald-aegis-caller-perfected-slivers-of-the-null-arca","dps","Ardent","Ass","Herald","Perfected Slivers of the Null Arca","Aegis Caller","183729.5","8408.0","79.6","183729.5 DPS","","Valkyn Skoria Guise (Valkyn Skoria)","Perfected Null Arca Jack (Perfected Slivers of the Null Arca)","Aegis Caller's Arm Cops (Aegis Caller)","Perfected Null Arca Bracers (Perfected Slivers of the Null Arca)","","Perfected Null Arca Guards (Perfected Slivers of the Null Arca)","Perfected Null Arca Boots (Perfected Slivers of the Null Arca)","","Aegis Caller's Ring (Aegis Caller)","Aegis Caller's Ring (Aegis Caller)","Aegis Caller's Dagger (Aegis Caller)","Aegis Caller's Dagger (Aegis Caller)","The Maelstrom's Perfected Greatsword (Perfected Merciless Charge)"," ()","Killer's Blade","Barbed Trap","Relentless Focus","Tentacular Dread","Escalating Runeblades","Incapacitating Strike","Molten Whip","Inspired Scholarship","Venomous Claw","Flames of Oblivion","Stampede","Standard of Might"
"Maw of Lorkhaj","Zhaj'hassa the Forgotten","https://www.esologs.com/reports/3qFwWVzyXJmNCdZx#fight=36&type=summary&source=11","@GodDillPickle","Vor'Thoros","ardent-ass-herald-aegis-caller-perfected-slivers-of-the-null-arca","dps","Ardent","Ass","Herald","Perfected Slivers of the Null Arca","Aegis Caller","102405.2","10871.2","45.9","102405.2 DPS","","Slimecraw Guise (Slimecraw)","Perfected Null Arca Jack (Perfected Slivers of the Null Arca)","Perfected Null Arca Arm Cops (Perfected Slivers of the Null Arca)","Aegis Caller's Bracers (Aegis Caller)","","Perfected Null Arca Guards (Perfected Slivers of the Null Arca)","Perfected Null Arca Boots (Perfected Slivers of the Null Arca)","","Aegis Caller's Ring (Aegis Caller)","Aegis Caller's Ring (Aegis Caller)","Aegis Caller's Dagger (Aegis Caller)","Aegis Caller's Dagger (Aegis Caller)","The Maelstrom's Greatsword (Merciless Charge)"," ()","Escalating Runeblades","Relentless Focus","Tentacular Dread","Flames of Oblivion","Killer's Blade","Soul Harvest","Inspired Scholarship","Venomous Claw","Stampede","Fulminating Rune","Molten Whip","Standard of Might"
"Maw of Lorkhaj","Zhaj'hassa the Forgotten","https://www.esologs.com/reports/3qFwWVzyXJmNCdZx#fight=36&type=summary&source=5","@jeronimq","jø-rşıh'q","ardent-ass-herald-aegis-caller-perfected-slivers-of-the-null-arca","dps","Ardent","Ass","Herald","Aegis Caller","Perfected Slivers of the Null Arca","169991.7","27965.6","98.1","169991.7 DPS",""," (Huntsman's Warmask)","Aegis Caller's Jack (Aegis Caller)","Slimecraw Arm Cops (Slimecraw)","Aegis Caller's Bracers (Aegis Caller)","","Aegis Caller's Guards (Aegis Caller)","Aegis Caller's Boots (Aegis Caller)","","Perfected Null Arca Ring (Perfected Slivers of the Null Arca)","Perfected Null Arca Ring (Perfected Slivers of the Null Arca)","Perfected Null Arca Dagger (Perfected Slivers of the Null Arca)","Perfected Null Arca Dagger (Perfected Slivers of the Null Arca)","The Maelstrom's Perfected Greatsword (Perfected Merciless Charge)"," ()","Escalating Runeblades","Tentacular Dread","Killer's Blade","Merciless Resolve","Camouflaged Hunter","Soul Harvest","Flames of Oblivion","Stampede","Inspired Scholarship","Venomous Claw","Molten Whip","Standard of Might"
"Maw of Lorkhaj","Zhaj'hassa the Forgotten","https://www.esologs.com/reports/3qFwWVzyXJmNCdZx#fight=36&type=summary&source=7","@Rayba-Sama","Rayba","ardent-ass-herald-aegis-caller-perfected-slivers-of-the-null-arca","dps","Ardent","Ass","Herald","Perfected Slivers of the Null Arca","Aegis Caller","114041.9","10109.0","64.6","114041.9 DPS","","Slimecraw Guise (Slimecraw)","Perfected Null Arca Jack (Perfected Slivers of the Null Arca)","Perfected Null Arca Arm Cops (Perfected Slivers of the Null Arca)","Perfected Null Arca Bracers (Perfected Slivers of the Null Arca)","","Perfected Null Arca Guards (Perfected Slivers of the Null Arca)","Aegis Caller's Boots (Aegis Caller)","","Aegis Caller's Ring (Aegis Caller)","Aegis Caller's Ring (Aegis Caller)","Aegis Caller's Dagger (Aegis Caller)","Aegis Caller's Dagger (Aegis Caller)","The Maelstrom's Perfected Greatsword (Perfected Merciless Charge)"," ()","Killer's Blade","Escalating Runeblades","Tentacular Dread","Barbed Trap","Merciless Resolve","Soul Harvest","Inspired Scholarship","Stampede","Venomous Claw","Molten Whip","Flames of Oblivion","Standard of Might"
"Maw of Lorkhaj","Zhaj'hassa the Forgotten","https://www.esologs.com/reports/NnpK9QZm6JarkHgd#fight=67&type=summary&source=8","@HatchetHaro","Sears-with-Light","ass-dawn-herald-perfected-slivers-of-the-null-arca-tide-born-wildstalker","dps","Ass","Dawn","Herald","Perfected Slivers of the Null Arca","Tide-Born Wildstalker","176242.1","20776.8","42.7","176242.1 DPS","The Thief","Slimecraw Guise (Slimecraw)","Perfected Null Arca Jack (Perfected Slivers of the Null Arca)","Tide-Born Arm Cops (Tide-Born Wildstalker)","Tide-Born Bracers (Tide-Born Wildstalker)","","Perfected Null Arca Guards (Perfected Slivers of the Null Arca)","Tide-Born Boots (Tide-Born Wildstalker)","","Perfected Null Arca Ring (Perfected Slivers of the Null Arca)","Perfected Null Arca Ring (Perfected Slivers of the Null Arca)","Tide-Born Dagger (Tide-Born Wildstalker)","Tide-Born Dagger (Tide-Born Wildstalker)","The Maelstrom's Perfected Greatsword (Perfected Merciless Charge)"," ()","Camouflaged Hunter","Radiant Glory","Exhausting Fatecarver","Cephaliarch's Flail","Quick Cloak","Incapacitating Strike","Fulminating Rune","Stampede","Solar Barrage","Inspired Scholarship","Relentless Focus","The Languid Eye"
"Maw of Lorkhaj","Zhaj'hassa the Forgotten","https://www.esologs.com/reports/NnpK9QZm6JarkHgd#fight=67&type=summary&source=51","@MidnightMusical","Midknight Nocturne","ass-dawn-herald-perfected-slivers-of-the-null-arca-tide-born-wildstalker","dps","Ass","Dawn","Herald","Tide-Born Wildstalker","Perfected Slivers of the Null Arca","160730.9","10855.8","40.9","160730.9 DPS","","Tide-Born Helmet (Tide-Born Wildstalker)","Perfected Null Arca Jack (Perfected Slivers of the Null Arca)","Slimecraw Epaulets (Slimecraw)","Perfected Null Arca Bracers (Perfected Slivers of the Null Arca)","","Perfected Null Arca Guards (Perfected Slivers of the Null Arca)","Perfected Null Arca Boots (Perfected Slivers of the Null Arca)","","Tide-Born Ring (Tide-Born Wildstalker)","Tide-Born Ring (Tide-Born Wildstalker)","Tide-Born Dagger (Tide-Born Wildstalker)","Tide-Born Dagger (Tide-Born Wildstalker)","The Maelstrom's Perfected Greatsword (Perfected Merciless Charge)"," ()","Cephaliarch's Flail","Pragmatic Fatecarver","Quick Cloak","Camouflaged Hunter","Radiant Glory","Soul Harvest","Stampede","Solar Barrage","Resolving Vigor","Camouflaged Hunter","Inspired Scholarship","The Languid Eye"
"Maw of Lorkhaj","Zhaj'hassa the Forgotten","https://www.esologs.com/reports/NnpK9QZm6JarkHgd#fight=67&type=summary&source=11","@Xenus24","Xénus","ass-dawn-herald-perfected-slivers-of-the-null-arca-tide-born-wildstalker","dps","Ass","Dawn","Herald","Tide-Born Wildstalker","Perfected Slivers of the Null Arca","123084.3","8991.5","34.5","123084.3 DPS","","Tide-Born Helmet (Tide-Born Wildstalker)","Perfected Null Arca Jack (Perfected Slivers of the Null Arca)","Slimecraw Epaulets (Slimecraw)","Perfected Null Arca Bracers (Perfected Slivers of the Null Arca)","","Perfected Null Arca Guards (Perfected Slivers of the Null Arca)","Perfected Null Arca Boots (Perfected Slivers of the Null Arca)","","Tide-Born Ring (Tide-Born Wildstalker)","Tide-Born Ring (Tide-Born Wildstalker)","Tide-Born Dagger (Tide-Born Wildstalker)","Tide-Born Dagger (Tide-Born Wildstalker)","The Maelstrom's Perfected Greatsword (Perfected Merciless Charge)"," ()","Exhausting Fatecarver","Cephaliarch's Flail","Radiant Glory","Quick Cloak","Merciless Resolve","Soul Harvest","Stampede","Solar Barrage","Inspired Scholarship","Fulminating Rune","Resolving Vigor","The Languid Eye"
"Maw of Lorkhaj","Zhaj'hassa the Forgotten","https://www.esologs.com/reports/NnpK9QZm6JarkHgd#fight=67&type=summary&source=8","@erratum38","Serge Gainsbourg","ass-dawn-herald-perfected-slivers-of-the-null-arca-tide-born-wildstalker","dps","Ass","Dawn","Herald","Tide-Born Wildstalker","Perfected Slivers of the Null Arca","94932.8","6177.3","35.6","94932.8 DPS","","Slimecraw Guise (Slimecraw)","Tide-Born Jack (Tide-Born Wildstalker)","Tide-Born Arm Cops (Tide-Born Wildstalker)","Perfected Null Arca Bracers (Perfected Slivers of the Null Arca)","","Null Arca Guards (Slivers of the Null Arca)","Tide-Born Boots (Tide-Born Wildstalker)","","Null Arca Ring (Slivers of the Null Arca)","Null Arca Ring (Slivers of the Null Arca)","Tide-Born Dagger (Tide-Born Wildstalker)","Tide-Born Dagger (Tide-Born Wildstalker)","The Maelstrom's Perfected Greatsword (Perfected Merciless Charge)"," ()","Cephaliarch's Flail","Pragmatic Fatecarver","Radiant Glory","Power of the Light","Relentless Focus","Incapacitating Strike","Stampede","Solar Barrage","Barbed Trap","Inspired Scholarship","Resolving Vigor","The Languid Eye"
"Maw of Lorkhaj","Zhaj'hassa the Forgotten","https://www.esologs.com/reports/NnpK9QZm6JarkHgd#fight=67&type=summary&source=6","nil","Anonymous 6","ass-dawn-herald-perfected-slivers-of-the-null-arca-tide-born-wildstalker","dps","Ass","Dawn","Herald","Perfected Slivers of the Null Arca","Tide-Born Wildstalker","104265.3","3455.1","17.6","104265.3 DPS","","Slimecraw Guise (Slimecraw)","Perfected Null Arca Jack (Perfected Slivers of the Null Arca)","Tide-Born Arm Cops (Tide-Born Wildstalker)","Perfected Null Arca Bracers (Perfected Slivers of the Null Arca)","","Perfected Null Arca Guards (Perfected Slivers of the Null Arca)","Perfected Null Arca Boots (Perfected Slivers of the Null Arca)","","Tide-Born Ring (Tide-Born Wildstalker)","Tide-Born Ring (Tide-Born Wildstalker)","Tide-Born Dagger (Tide-Born Wildstalker)","Tide-Born Dagger (Tide-Born Wildstalker)","The Maelstrom's Perfected Greatsword (Perfected Merciless Charge)"," ()","Banner Bearer","Quick Cloak","Radiant Glory","Cephaliarch's Flail","Pragmatic Fatecarver","Soul Harvest","Banner Bearer","Inspired Scholarship","Solar Barrage","Stampede","Merciless Resolve","The Languid Eye"
"Maw of Lorkhaj","Zhaj'hassa the Forgotten","https://www.esologs.com/reports/QDdwXL4aATmFkKNB#fight=18&type=summary&source=47","@Errkk","Dashy Ar","ardent-ass-herald-deadly-strike-perfected-slivers-of-the-null-arca","dps","Ardent","Ass","Herald","Deadly Strike","Perfected Slivers of the Null Arca","169072.6","44928.0","77.3","169072.6 DPS","The Thief","Iceheart Mask (Iceheart)","Deadly Jack (Deadly Strike)","Perfected Null Arca Arm Cops (Perfected Slivers of the Null Arca)","Deadly Bracers (Deadly Strike)","","Deadly Guards (Deadly Strike)","Deadly Boots (Deadly Strike)","","Perfected Null Arca Ring (Perfected Slivers of the Null Arca)","Perfected Null Arca Ring (Perfected Slivers of the Null Arca)","Perfected Null Arca Dagger (Perfected Slivers of the Null Arca)","Perfected Null Arca Dagger (Perfected Slivers of the Null Arca)","The Maelstrom's Greatsword (Merciless Charge)"," ()","Killer's Blade","Merciless Resolve","Camouflaged Hunter","Escalating Runeblades","Tentacular Dread","Incapacitating Strike","Venomous Claw","Inspired Scholarship","Molten Whip","Stampede","Flames of Oblivion","Standard of Might"
"Maw of Lorkhaj","Zhaj'hassa the Forgotten","https://www.esologs.com/reports/QDdwXL4aATmFkKNB#fight=18&type=summary&source=50","@Roachdor","functionally illiterate","ardent-ass-herald-deadly-strike-perfected-slivers-of-the-null-arca","dps","Ardent","Ass","Herald","Perfected Slivers of the Null Arca","Deadly Strike","141051.4","4542.6","51.1","141051.4 DPS","","Slimecraw Guise (Slimecraw)","Perfected Null Arca Jack (Perfected Slivers of the Null Arca)","Deadly Arm Cops (Deadly Strike)","Perfected Null Arca Bracers (Perfected Slivers of the Null Arca)","","Perfected Null Arca Guards (Perfected Slivers of the Null Arca)","Perfected Null Arca Boots (Perfected Slivers of the Null Arca)","","Deadly Ring (Deadly Strike)","Deadly Ring (Deadly Strike)","Deadly Dagger (Deadly Strike)","Deadly Dagger (Deadly Strike)","The Maelstrom's Greatsword (Merciless Charge)"," ()","Cephaliarch's Flail","Quick Cloak","Pragmatic Fatecarver","Camouflaged Hunter","Killer's Blade","Incapacitating Strike","Inspired Scholarship","Venomous Claw","Stampede","Flames of Oblivion","Molten Whip","Standard of Might"
"Maw of Lorkhaj","Zhaj'hassa the Forgotten","https://www.esologs.com/reports/QDdwXL4aATmFkKNB#fight=18&type=summary&source=51","@TheAgentNZ","Khelshran","ardent-ass-herald-deadly-strike-perfected-slivers-of-the-null-arca","dps","Ardent","Ass","Herald","Perfected Slivers of the Null Arca","Deadly Strike","134062.2","4189.9","53.4","134062.2 DPS","","Slimecraw Guise (Slimecraw)","Perfected Null Arca Jack (Perfected Slivers of the Null Arca)","Deadly Arm Cops (Deadly Strike)","Perfected Null Arca Bracers (Perfected Slivers of the Null Arca)","","Perfected Null Arca Guards (Perfected Slivers of the Null Arca)","Perfected Null Arca Boots (Perfected Slivers of the Null Arca)","","Deadly Ring (Deadly Strike)","Deadly Ring (Deadly Strike)","Deadly Dagger (Deadly Strike)","Deadly Dagger (Deadly Strike)","The Maelstrom's Perfected Greatsword (Perfected Merciless Charge)"," ()","Pragmatic Fatecarver","Quick Cloak","Cephaliarch's Flail","Killer's Blade","Camouflaged Hunter","Incapacitating Strike","Stampede","Fulminating Rune","Inspired Scholarship","Venomous Claw","Molten Whip","Standard of Might"
"Maw of Lorkhaj","Zhaj'hassa the Forgotten","https://www.esologs.com/reports/QDdwXL4aATmFkKNB#fight=18&type=summary&source=1","@Dwarfking1999","Valyna Salaothi","ardent-ass-herald-deadly-strike-perfected-slivers-of-the-null-arca","dps","Ardent","Ass","Herald","Perfected Slivers of the Null Arca","Deadly Strike","134050.3","4333.8","29.7","134050.3 DPS","","Slimecraw Guise (Slimecraw)","Perfected Null Arca Jack (Perfected Slivers of the Null Arca)","Perfected Null Arca Arm Cops (Perfected Slivers of the Null Arca)","Perfected Null Arca Bracers (Perfected Slivers of the Null Arca)","","Deadly Guards (Deadly Strike)","Perfected Null Arca Boots (Perfected Slivers of the Null Arca)","","Deadly Ring (Deadly Strike)","Deadly Ring (Deadly Strike)","Deadly Dagger (Deadly Strike)","Deadly Dagger (Deadly Strike)","The Maelstrom's Greatsword (Merciless Charge)"," ()","Cephaliarch's Flail","Killer's Blade","Pragmatic Fatecarver","Camouflaged Hunter","Quick Cloak","Incapacitating Strike","Stampede","Inspired Scholarship","Venomous Claw","Molten Whip","Flames of Oblivion","Standard of Might"
"Maw of Lorkhaj","Zhaj'hassa the Forgotten","https://www.esologs.com/reports/QDdwXL4aATmFkKNB#fight=18&type=summary&source=11","@Deschain_Kidona","Walker Boh Kidona","ardent-ass-herald-deadly-strike-perfected-slivers-of-the-null-arca","dps","Ardent","Ass","Herald","Perfected Slivers of the Null Arca","Deadly Strike","117212.8","10383.4","49.0","117212.8 DPS","","Slimecraw Guise (Slimecraw)","Perfected Null Arca Jack (Perfected Slivers of the Null Arca)","Deadly Arm Cops (Deadly Strike)","Perfected Null Arca Bracers (Perfected Slivers of the Null Arca)","","Perfected Null Arca Guards (Perfected Slivers of the Null Arca)","Perfected Null Arca Boots (Perfected Slivers of the Null Arca)","","Deadly Ring (Deadly Strike)","Deadly Ring (Deadly Strike)","Deadly Dagger (Deadly Strike)","Deadly Dagger (Deadly Strike)","The Maelstrom's Perfected Greatsword (Perfected Merciless Charge)"," ()","Killer's Blade","Quick Cloak","Pragmatic Fatecarver","Cephaliarch's Flail","Camouflaged Hunter","Incapacitating Strike","Stampede","Fulminating Rune","Venomous Claw","Inspired Scholarship","Flames of Oblivion","Shifting Standard"
"Maw of Lorkhaj","Zhaj'hassa the Forgotten","https://www.esologs.com/reports/pNb6GRnWVYtAZwk8#fight=79&type=summary&source=4","@norncat","Not Qualified For This","green-resto-siphon-perfected-pillagers-profit-spell-power-cure","healer","Siphon","Resto","Green","Spell Power Cure","Perfected Pillager's Profit","5715.7","85328.8","53.5","85328.8 HPS","","Nazaray Guise (Nazaray)","Spell Power Cure Robe (Spell Power Cure)","Nazaray Epaulets (Nazaray)","Gloves of the Trainee (Armor of the Trainee)","","Spell Power Cure Breeches (Spell Power Cure)","Perfected Pillager's Shoes (Perfected Pillager's Profit)","","Perfected Pillager's Band (Perfected Pillager's Profit)","Perfected Pillager's Band (Perfected Pillager's Profit)","Spell Power Cure Restoration Staff (Spell Power Cure)"," ()","Perfected Pillager's Lightning Staff (Perfected Pillager's Profit)"," ()","Combat Prayer","Radiant Aura","Radiating Regeneration","Illustrious Healing","Echoing Vigor","Soul Siphon","Mystic Orb","Elemental Blockade","Overflowing Altar","Budding Seeds","Extended Ritual","Aggressive Horn"
"Maw of Lorkhaj","Zhaj'hassa the Forgotten","https://www.esologs.com/reports/pNb6GRnWVYtAZwk8#fight=79&type=summary&source=2","@zephyrus_eleison","Arkerion Aedael","green-resto-siphon-perfected-pillagers-profit-spell-power-cure","healer","Siphon","Resto","Green","Spell Power Cure","Perfected Pillager's Profit","10971.6","132821.9","82.0","132821.9 HPS","","Nazaray Mask (Nazaray)","Spell Power Cure Jerkin (Spell Power Cure)","Nazaray Epaulets (Nazaray)","Spell Power Cure Gloves (Spell Power Cure)","","Spell Power Cure Breeches (Spell Power Cure)","Druid's Shoes (Druid's Braid)","","Perfected Pillager's Band (Perfected Pillager's Profit)","Perfected Pillager's Band (Perfected Pillager's Profit)","Perfected Pillager's Lightning Staff (Perfected Pillager's Profit)"," ()","Spell Power Cure Restoration Staff (Spell Power Cure)"," ()","Overflowing Altar","Mystic Orb","Elemental Blockade","Extended Ritual","Siphoning Attacks","Aggressive Horn","Radiating Regeneration","Combat Prayer","Illustrious Healing","Budding Seeds","Echoing Vigor","Soul Shred"
"Maw of Lorkhaj","Zhaj'hassa the Forgotten","https://www.esologs.com/reports/pNb6GRnWVYtAZwk8#fight=79&type=summary&source=1","@zephyrus_eleison","Arkerion Aedael","green-resto-siphon-perfected-pillagers-profit-spell-power-cure","healer","Siphon","Resto","Green","Spell Power Cure","Perfected Pillager's Profit","10975.4","132866.3","82.0","132866.3 HPS","The Thief","Nazaray Mask (Nazaray)","Spell Power Cure Jerkin (Spell Power Cure)","Nazaray Epaulets (Nazaray)","Spell Power Cure Gloves (Spell Power Cure)","","Spell Power Cure Breeches (Spell Power Cure)","Druid's Shoes (Druid's Braid)","","Perfected Pillager's Band (Perfected Pillager's Profit)","Perfected Pillager's Band (Perfected Pillager's Profit)","Perfected Pillager's Lightning Staff (Perfected Pillager's Profit)"," ()","Spell Power Cure Restoration Staff (Spell Power Cure)"," ()","Overflowing Altar","Mystic Orb","Elemental Blockade","Extended Ritual","Siphoning Attacks","Aggressive Horn","Radiating Regeneration","Combat Prayer","Illustrious Healing","Budding Seeds","Echoing Vigor","Soul Shred"
"Maw of Lorkhaj","Zhaj'hassa the Forgotten","https://www.esologs.com/reports/pNb6GRnWVYtAZwk8#fight=79&type=summary&source=52","@Prince_Uzi","Piśces","green-resto-siphon-perfected-pillagers-profit-spell-power-cure","healer","Siphon","Resto","Green","Spell Power Cure","Perfected Pillager's Profit","8994.8","114168.4","83.2","114168.4 HPS","","Symphony of Blades Mask (Symphony of Blades)","Spell Power Cure Robe (Spell Power Cure)","Symphony of Blades Pauldrons (Symphony of Blades)","Spell Power Cure Gloves (Spell Power Cure)","","Spell Power Cure Breeches (Spell Power Cure)","Spell Power Cure Shoes (Spell Power Cure)","","Perfected Pillager's Band (Perfected Pillager's Profit)","Perfected Pillager's Band (Perfected Pillager's Profit)","The Master's Perfected Restoration Staff (Perfected Grand Rejuvenation)"," ()","Perfected Pillager's Lightning Staff (Perfected Pillager's Profit)"," ()","Illustrious Healing","Traumatic Trample","Overflowing Altar","Combat Prayer","Radiating Regeneration","Soul Shred","Budding Seeds","Elemental Blockade","Extended Ritual","Echoing Vigor","Energy Orb","Aggressive Horn"
"Maw of Lorkhaj","Zhaj'hassa the Forgotten","https://www.esologs.com/reports/pNb6GRnWVYtAZwk8#fight=79&type=summary&source=3","@Amadra_1","M'atcha Mochi","green-resto-siphon-perfected-pillagers-profit-spell-power-cure","healer","Siphon","Resto","Green","Spell Power Cure","Perfected Pillager's Profit","4276.5","105925.4","53.5","105925.4 HPS","","Symphony of Blades Guise (Symphony of Blades)","Spell Power Cure Robe (Spell Power Cure)","Symphony of Blades Epaulets (Symphony of Blades)","Perfected Pillager's Gloves (Perfected Pillager's Profit)","","Breeches of the Trainee (Armor of the Trainee)","Spell Power Cure Shoes (Spell Power Cure)","","Perfected Pillager's Band (Perfected Pillager's Profit)","Perfected Pillager's Band (Perfected Pillager's Profit)","Spell Power Cure Restoration Staff (Spell Power Cure)"," ()","Perfected Pillager's Lightning Staff (Perfected Pillager's Profit)"," ()","Illustrious Healing","Radiating Regeneration","Combat Prayer","Budding Seeds","Siphoning Attacks","Soul Siphon","Echoing Vigor","Energy Orb","Radiant Aura","Extended Ritual","Elemental Blockade","Reviving Barrier"
"Maw of Lorkhaj","Zhaj'hassa the Forgotten","https://www.esologs.com/reports/3qFwWVzyXJmNCdZx#fight=36&type=summary&source=4","@Silene-Armeria","Euphorbia Flanaganii","curative-green-siphon-perfected-pillagers-profit-spell-power-cure","healer","Siphon","Green","Curative","Perfected Pillager's Profit","Spell Power Cure","6870.0","116927.8","72.7","116927.8 HPS","","Ozezan the Inferno's Mask (Ozezan the Inferno)","Spell Power Cure Robe (Spell Power Cure)","Ozezan the Inferno's Arm Cops (Ozezan the Inferno)","Spell Power Cure Gloves (Spell Power Cure)","","Perfected Pillager's Breeches (Perfected Pillager's Profit)","Spell Power Cure Shoes (Spell Power Cure)","","Perfected Pillager's Band (Perfected Pillager's Profit)","Perfected Pillager's Band (Perfected Pillager's Profit)","Spell Power Cure Restoration Staff (Spell Power Cure)"," ()","Perfected Pillager's Lightning Staff (Perfected Pillager's Profit)"," ()","Radiating Regeneration","Illustrious Healing","Combat Prayer","Echoing Vigor","Energy Orb","Soul Siphon","Healing Contingency","Budding Seeds","Elemental Blockade","Siphoning Attacks","Overflowing Altar","Glyphic of the Tides"
"Maw of Lorkhaj","Zhaj'hassa the Forgotten","https://www.esologs.com/reports/3qFwWVzyXJmNCdZx#fight=36&type=summary&source=44","@stephnie","Ämelie","curative-green-siphon-perfected-pillagers-profit-spell-power-cure","healer","Siphon","Green","Curative","Spell Power Cure","Perfected Pillager's Profit","12418.7","86547.3","72.4","86547.3 HPS","","Ozezan the Inferno's Visage (Ozezan the Inferno)","Spell Power Cure Jerkin (Spell Power Cure)","Ozezan the Inferno's Epaulets (Ozezan the Inferno)","Spell Power Cure Gloves (Spell Power Cure)","","Perfected Pillager's Breeches (Perfected Pillager's Profit)","Spell Power Cure Shoes (Spell Power Cure)","","Perfected Pillager's Band (Perfected Pillager's Profit)","Perfected Pillager's Band (Perfected Pillager's Profit)","Spell Power Cure Restoration Staff (Spell Power Cure)"," ()","Perfected Pillager's Lightning Staff (Perfected Pillager's Profit)"," ()","Mystic Orb","Radiating Regeneration","Combat Prayer","Budding Seeds","Illustrious Healing","Soul Tether","Chakram of Destiny","Overflowing Altar","Echoing Vigor","Sap Essence","Elemental Blockade","Glyphic of the Tides"
"Maw of Lorkhaj","Zhaj'hassa the Forgotten","https://www.esologs.com/reports/TXV8b69hZJ3MajKg#fight=13&type=summary&source=7","@Earth.less","Frying Pan","daedric-earthen-soldier-perfected-pearlescent-ward-powerful-assault","tank","Earthen","Daedric","Soldier","Perfected Pearlescent Ward","Powerful Assault","46124.0","3074.6","71.7","71.7 CPM","The Thief","Slimecraw Guise (Slimecraw)","Cryptcanon Vestments (Cryptcanon Vestments)","Perfected Pearlescent Pauldrons (Perfected Pearlescent Ward)","Bracers of the Powerful Assault (Powerful Assault)","","Perfected Pearlescent Greaves (Perfected Pearlescent Ward)","Boots of the Powerful Assault (Powerful Assault)","","Perfected Pearlescent Ring (Perfected Pearlescent Ward)","Perfected Pearlescent Ring (Perfected Pearlescent Ward)","Ice Staff of the Powerful Assault (Powerful Assault)"," ()","The Maelstrom's Perfected Ice Staff (Perfected Crushing Wall)"," ()","Summon Twilight Tormentor","Stone Giant","Mystic Orb","Inner Rage","Magical Trample","Gibbering Shelter","Summon Twilight Tormentor","Elemental Blockade","Elemental Susceptibility","Rune of the Colorless Pool","Igneous Weapons","Aggressive Horn"
"Maw of Lorkhaj","Zhaj'hassa the Forgotten","https://www.esologs.com/reports/TXV8b69hZJ3MajKg#fight=13&type=summary&source=172","@Earth.less","Frying Pan","daedric-earthen-soldier-perfected-pearlescent-ward-powerful-assault","tank","Earthen","Daedric","Soldier","Perfected Pearlescent Ward","Powerful Assault","46096.2","3074.8","71.8","71.8 CPM","","Slimecraw Guise (Slimecraw)","Cryptcanon Vestments (Cryptcanon Vestments)","Perfected Pearlescent Pauldrons (Perfected Pearlescent Ward)","Bracers of the Powerful Assault (Powerful Assault)","","Perfected Pearlescent Greaves (Perfected Pearlescent Ward)","Boots of the Powerful Assault (Powerful Assault)","","Perfected Pearlescent Ring (Perfected Pearlescent Ward)","Perfected Pearlescent Ring (Perfected Pearlescent Ward)","Ice Staff of the Powerful Assault (Powerful Assault)"," ()","The Maelstrom's Perfected Ice Staff (Perfected Crushing Wall)"," ()","Summon Twilight Tormentor","Stone Giant","Mystic Orb","Inner Rage","Magical Trample","Gibbering Shelter","Summon Twilight Tormentor","Elemental Blockade","Elemental Susceptibility","Rune of the Colorless Pool","Igneous Weapons","Aggressive Horn"
"Maw of Lorkhaj","Zhaj'hassa the Forgotten","https://www.esologs.com/reports/QDdwXL4aATmFkKNB#fight=18&type=summary&source=5","@stephnie","Şerenìty","green-resto-siphon-jorvulds-guidance-perfected-roaring-opportunist","healer","Siphon","Resto","Green","Perfected Roaring Opportunist","Jorvuld's Guidance","9773.7","94353.7","43.8","94353.7 HPS","The Ritual","Archdruid Devyric's Visage (Archdruid Devyric)","Jorvuld's Guidance Robe (Jorvuld's Guidance)","Archdruid Devyric's Epaulets (Archdruid Devyric)","Jorvuld's Guidance Gloves (Jorvuld's Guidance)","","Jorvuld's Guidance Breeches (Jorvuld's Guidance)","Jorvuld's Guidance Shoes (Jorvuld's Guidance)","","Roaring Opportunist's Perfected Ring (Perfected Roaring Opportunist)","Roaring Opportunist's Perfected Ring (Perfected Roaring Opportunist)","Roaring Opportunist's Perfected Restoration Staff (Perfected Roaring Opportunist)"," ()","Roaring Opportunist's Perfected Lightning Staff (Perfected Roaring Opportunist)"," ()","Extended Ritual","Radiating Regeneration","Combat Prayer","Energy Orb","Illustrious Healing","Replenishing Barrier","Budding Seeds","Radiant Aura","Echoing Vigor","Sap Essence","Elemental Blockade","Aggressive Horn"
"Maw of Lorkhaj","Zhaj'hassa the Forgotten","https://www.esologs.com/reports/QDdwXL4aATmFkKNB#fight=18&type=summary&source=3","@JustAMist","Bael'Umbra","green-resto-siphon-jorvulds-guidance-perfected-roaring-opportunist","healer","Siphon","Resto","Green","Perfected Roaring Opportunist","Jorvuld's Guidance","6817.7","124430.0","47.0","124430.0 HPS","","Symphony of Blades Guise (Symphony of Blades)","Jorvuld's Guidance Robe (Jorvuld's Guidance)","Symphony of Blades Epaulets (Symphony of Blades)","Jorvuld's Guidance Gloves (Jorvuld's Guidance)","","Jorvuld's Guidance Breeches (Jorvuld's Guidance)","Jorvuld's Guidance Shoes (Jorvuld's Guidance)","","Roaring Opportunist's Perfected Ring (Perfected Roaring Opportunist)","Roaring Opportunist's Perfected Ring (Perfected Roaring Opportunist)","Roaring Opportunist's Perfected Restoration Staff (Perfected Roaring Opportunist)"," ()","Roaring Opportunist's Perfected Ice Staff (Perfected Roaring Opportunist)"," ()","Blessing of Restoration","Echoing Vigor","Budding Seeds","Radiating Regeneration","Illustrious Healing","Soul Siphon","Extended Ritual","Elemental Blockade","Energy Orb","Radiant Aura","Overflowing Altar","Aggressive Horn"
"Maw of Lorkhaj","The Twins","https://www.esologs.com/reports/3qFwWVzyXJmNCdZx#fight=40&type=summary&source=5","@alansgaming","Light Attacks are Evil","ardent-ass-herald-aegis-caller-perfected-slivers-of-the-null-arca","dps","Ardent","Ass","Herald","Perfected Slivers of the Null Arca","Aegis Caller","232267.8","8404.3","80.6","232267.8 DPS","The Thief","Slimecraw Mask (Slimecraw)","Perfected Null Arca Jack (Perfected Slivers of the Null Arca)","Perfected Null Arca Arm Cops (Perfected Slivers of the Null Arca)","Perfected Null Arca Bracers (Perfected Slivers of the Null Arca)","","Perfected Null Arca Guards (Perfected Slivers of the Null Arca)","Aegis Caller's Boots (Aegis Caller)","","Aegis Caller's Ring (Aegis Caller)","Aegis Caller's Ring (Aegis Caller)","Aegis Caller's Dagger (Aegis Caller)","Aegis Caller's Dagger (Aegis Caller)","The Maelstrom's Perfected Greatsword (Perfected Merciless Charge)"," ()","Killer's Blade","Tentacular Dread","Escalating Runeblades","Relentless Focus","Camouflaged Hunter","Incapacitating Strike","Stampede","Venomous Claw","Flames of Oblivion","Inspired Scholarship","Molten Whip","Standard of Might"
"Maw of Lorkhaj","The Twins","https://www.esologs.com/reports/3qFwWVzyXJmNCdZx#fight=40&type=summary&source=71","@Alykace","Ulyssee","ardent-ass-herald-aegis-caller-perfected-slivers-of-the-null-arca","dps","Ardent","Ass","Herald","Perfected Slivers of the Null Arca","Aegis Caller","205917.3","13740.0","86.0","205917.3 DPS","","Slimecraw Mask (Slimecraw)","Perfected Null Arca Jack (Perfected Slivers of the Null Arca)","Aegis Caller's Arm Cops (Aegis Caller)","Perfected Null Arca Bracers (Perfected Slivers of the Null Arca)","","Perfected Null Arca Guards (Perfected Slivers of the Null Arca)","Perfected Null Arca Boots (Perfected Slivers of the Null Arca)","","Aegis Caller's Ring (Aegis Caller)","Aegis Caller's Ring (Aegis Caller)","Aegis Caller's Dagger (Aegis Caller)","Aegis Caller's Dagger (Aegis Caller)","The Maelstrom's Perfected Greatsword (Perfected Merciless Charge)"," ()","Escalating Runeblades","Killer's Blade","Tentacular Dread","Relentless Focus","Quick Cloak","Soul Harvest","Stampede","Venomous Claw","Flames of Oblivion","Inspired Scholarship","Molten Whip","Standard of Might"
"Maw of Lorkhaj","The Twins","https://www.esologs.com/reports/3qFwWVzyXJmNCdZx#fight=40&type=summary&source=4","@HazeRiderz","Centerfolds","ardent-ass-herald-aegis-caller-perfected-slivers-of-the-null-arca","dps","Ardent","Ass","Herald","Perfected Slivers of the Null Arca","Aegis Caller","226894.9","13090.0","82.7","226894.9 DPS","","Slimecraw Guise (Slimecraw)","Perfected Null Arca Jack (Perfected Slivers of the Null Arca)","Perfected Null Arca Arm Cops (Perfected Slivers of the Null Arca)","Aegis Caller's Bracers (Aegis Caller)","","Perfected Null Arca Guards (Perfected Slivers of the Null Arca)","Perfected Null Arca Boots (Perfected Slivers of the Null Arca)","","Aegis Caller's Ring (Aegis Caller)","Aegis Caller's Ring (Aegis Caller)","Aegis Caller's Dagger (Aegis Caller)","Aegis Caller's Dagger (Aegis Caller)","The Maelstrom's Perfected Greatsword (Perfected Merciless Charge)"," ()","Camouflaged Hunter","Tentacular Dread","Escalating Runeblades","Merciless Resolve","Killer's Blade","Soul Harvest","Fulminating Rune","Flames of Oblivion","Inspired Scholarship","Molten Whip","Stampede","Standard of Might"
"Maw of Lorkhaj","The Twins","https://www.esologs.com/reports/3qFwWVzyXJmNCdZx#fight=40&type=summary&source=9","@IntoxicatedUltra","Isadora Runekeeper","ardent-ass-herald-aegis-caller-perfected-slivers-of-the-null-arca","dps","Ardent","Ass","Herald","Perfected Slivers of the Null Arca","Aegis Caller","161424.8","4038.3","68.9","161424.8 DPS","","Slimecraw Guise (Slimecraw)","Perfected Null Arca Jack (Perfected Slivers of the Null Arca)","Aegis Caller's Arm Cops (Aegis Caller)","Perfected Null Arca Bracers (Perfected Slivers of the Null Arca)","","Perfected Null Arca Guards (Perfected Slivers of the Null Arca)","Perfected Null Arca Boots (Perfected Slivers of the Null Arca)","","Aegis Caller's Ring (Aegis Caller)","Aegis Caller's Ring (Aegis Caller)","Aegis Caller's Dagger (Aegis Caller)","Aegis Caller's Dagger (Aegis Caller)","The Maelstrom's Greatsword (Merciless Charge)"," ()","Killer's Blade","Relentless Focus","Tentacular Dread","Escalating Runeblades","Camouflaged Hunter","Soul Harvest","Stampede","Venomous Claw","Flames of Oblivion","Inspired Scholarship","Fulminating Rune","Standard of Might"
"Maw of Lorkhaj","The Twins","https://www.esologs.com/reports/3qFwWVzyXJmNCdZx#fight=40&type=summary&source=179","@IntoxicatedUltra","Isadora Runekeeper","ardent-ass-herald-aegis-caller-perfected-slivers-of-the-null-arca","dps","Ardent","Ass","Herald","Perfected Slivers of the Null Arca","Aegis Caller","161415.2","4023.7","68.9","161415.2 DPS","","Slimecraw Guise (Slimecraw)","Perfected Null Arca Jack (Perfected Slivers of the Null Arca)","Aegis Caller's Arm Cops (Aegis Caller)","Perfected Null Arca Bracers (Perfected Slivers of the Null Arca)","","Perfected Null Arca Guards (Perfected Slivers of the Null Arca)","Perfected Null Arca Boots (Perfected Slivers of the Null Arca)","","Aegis Caller's Ring (Aegis Caller)","Aegis Caller's Ring (Aegis Caller)","Aegis Caller's Dagger (Aegis Caller)","Aegis Caller's Dagger (Aegis Caller)","The Maelstrom's Greatsword (Merciless Charge)"," ()","Killer's Blade","Relentless Focus","Tentacular Dread","Escalating Runeblades","Camouflaged Hunter","Soul Harvest","Stampede","Venomous Claw","Flames of Oblivion","Inspired Scholarship","Fulminating Rune","Standard of Might"
"Maw of Lorkhaj","The Twins","https://www.esologs.com/reports/3qFwWVzyXJmNCdZx#fight=40&type=summary&source=176","@HazeRiderz","Centerfolds","ardent-ass-herald-aegis-caller-perfected-slivers-of-the-null-arca","dps","Ardent","Ass","Herald","Perfected Slivers of the Null Arca","Aegis Caller","227012.3","13101.5","82.7","227012.3 DPS","","Slimecraw Guise (Slimecraw)","Perfected Null Arca Jack (Perfected Slivers of the Null Arca)","Perfected Null Arca Arm Cops (Perfected Slivers of the Null Arca)","Aegis Caller's Bracers (Aegis Caller)","","Perfected Null Arca Guards (Perfected Slivers of the Null Arca)","Perfected Null Arca Boots (Perfected Slivers of the Null Arca)","","Aegis Caller's Ring (Aegis Caller)","Aegis Caller's Ring (Aegis Caller)","Aegis Caller's Dagger (Aegis Caller)","Aegis Caller's Dagger (Aegis Caller)","The Maelstrom's Perfected Greatsword (Perfected Merciless Charge)"," ()","Camouflaged Hunter","Tentacular Dread","Escalating Runeblades","Merciless Resolve","Killer's Blade","Soul Harvest","Fulminating Rune","Flames of Oblivion","Inspired Scholarship","Molten Whip","Stampede","Standard of Might"
"Maw of Lorkhaj","The Twins","https://www.esologs.com/reports/3qFwWVzyXJmNCdZx#fight=40&type=summary&source=12","@LadyDesire","Your Lady","ardent-ass-herald-aegis-caller-perfected-slivers-of-the-null-arca","dps","Ardent","Ass","Herald","Perfected Slivers of the Null Arca","Aegis Caller","131824.7","9904.2","77.3","131824.7 DPS","","Slimecraw Mask (Slimecraw)","Perfected Null Arca Jack (Perfected Slivers of the Null Arca)","Aegis Caller's Arm Cops (Aegis Caller)","Perfected Null Arca Bracers (Perfected Slivers of the Null Arca)","","Perfected Null Arca Guards (Perfected Slivers of the Null Arca)","Perfected Null Arca Boots (Perfected Slivers of the Null Arca)","","Aegis Caller's Ring (Aegis Caller)","Aegis Caller's Ring (Aegis Caller)","Aegis Caller's Dagger (Aegis Caller)","Aegis Caller's Dagger (Aegis Caller)","The Maelstrom's Perfected Greatsword (Perfected Merciless Charge)"," ()","Tentacular Dread","Escalating Runeblades","Killer's Blade","Barbed Trap","Relentless Focus","Incapacitating Strike","Flames of Oblivion","Stampede","Molten Whip","Inspired Scholarship","Venomous Claw","Standard of Might"
"Maw of Lorkhaj","The Twins","https://www.esologs.com/reports/3qFwWVzyXJmNCdZx#fight=40&type=summary&source=45","@Merican_Hunter","Book of Scotty","ardent-ass-herald-aegis-caller-perfected-slivers-of-the-null-arca","dps","Ardent","Ass","Herald","Aegis Caller","Perfected Slivers of the Null Arca","148510.4","0.0","58.2","148510.4 DPS","","Slimecraw Mask (Slimecraw)","Aegis Caller's Jack (Aegis Caller)","Perfected Null Arca Arm Cops (Perfected Slivers of the Null Arca)","Perfected Null Arca Bracers (Perfected Slivers of the Null Arca)","","Aegis Caller's Guards (Aegis Caller)","Aegis Caller's Boots (Aegis Caller)","","Perfected Null Arca Ring (Perfected Slivers of the Null Arca)","Perfected Null Arca Ring (Perfected Slivers of the Null Arca)","Aegis Caller's Dagger (Aegis Caller)","Aegis Caller's Dagger (Aegis Caller)","The Maelstrom's Perfected Greatsword (Perfected Merciless Charge)"," ()","Exhausting Fatecarver","Tentacular Dread","Killer's Blade","Escalating Runeblades","Inspired Scholarship","Incapacitating Strike","Venomous Claw","Molten Whip","Stampede","Flames of Oblivion","Barbed Trap","Standard of Might"
"Maw of Lorkhaj","The Twins","https://www.esologs.com/reports/3qFwWVzyXJmNCdZx#fight=40&type=summary&source=24","@grimnoire","Yves Noire","ardent-ass-herald-aegis-caller-perfected-slivers-of-the-null-arca","dps","Ardent","Ass","Herald","Perfected Slivers of the Null Arca","Aegis Caller","111643.3","12923.5","66.1","111643.3 DPS","","Slimecraw Mask (Slimecraw)","Perfected Null Arca Jack (Perfected Slivers of the Null Arca)","Aegis Caller's Arm Cops (Aegis Caller)","Perfected Null Arca Bracers (Perfected Slivers of the Null Arca)","","Perfected Null Arca Guards (Perfected Slivers of the Null Arca)","Perfected Null Arca Boots (Perfected Slivers of the Null Arca)","","Aegis Caller's Ring (Aegis Caller)","Aegis Caller's Ring (Aegis Caller)","Aegis Caller's Dagger (Aegis Caller)","Aegis Caller's Dagger (Aegis Caller)","The Maelstrom's Greatsword (Merciless Charge)"," ()","Killer's Blade","Escalating Runeblades","Quick Cloak","Tentacular Dread","Relentless Focus","Soul Harvest","Stampede","Inspired Scholarship","Flames of Oblivion","Venomous Claw","Molten Whip","Standard of Might"
"Maw of Lorkhaj","The Twins","https://www.esologs.com/reports/3qFwWVzyXJmNCdZx#fight=40&type=summary&source=11","@HighstoneUA","The Green Day","ardent-ass-herald-aegis-caller-perfected-slivers-of-the-null-arca","dps","Ardent","Ass","Herald","Perfected Slivers of the Null Arca","Aegis Caller","147238.2","14630.6","70.3","147238.2 DPS","","Valkyn Skoria Guise (Valkyn Skoria)","Perfected Null Arca Jack (Perfected Slivers of the Null Arca)","Aegis Caller's Arm Cops (Aegis Caller)","Perfected Null Arca Bracers (Perfected Slivers of the Null Arca)","","Perfected Null Arca Guards (Perfected Slivers of the Null Arca)","Perfected Null Arca Boots (Perfected Slivers of the Null Arca)","","Aegis Caller's Ring (Aegis Caller)","Aegis Caller's Ring (Aegis Caller)","Aegis Caller's Dagger (Aegis Caller)","Aegis Caller's Dagger (Aegis Caller)","The Maelstrom's Perfected Greatsword (Perfected Merciless Charge)"," ()","Killer's Blade","Quick Cloak","Relentless Focus","Tentacular Dread","Escalating Runeblades","Incapacitating Strike","Molten Whip","Inspired Scholarship","Venomous Claw","Flames of Oblivion","Stampede","Standard of Might"
"Maw of Lorkhaj","The Twins","https://www.esologs.com/reports/3qFwWVzyXJmNCdZx#fight=40&type=summary&source=11","@GodDillPickle","Vor'Thoros","ardent-ass-herald-aegis-caller-perfected-slivers-of-the-null-arca","dps","Ardent","Ass","Herald","Perfected Slivers of the Null Arca","Aegis Caller","103146.6","13099.4","55.5","103146.6 DPS","","Slimecraw Guise (Slimecraw)","Perfected Null Arca Jack (Perfected Slivers of the Null Arca)","Perfected Null Arca Arm Cops (Perfected Slivers of the Null Arca)","Aegis Caller's Bracers (Aegis Caller)","","Perfected Null Arca Guards (Perfected Slivers of the Null Arca)","Perfected Null Arca Boots (Perfected Slivers of the Null Arca)","","Aegis Caller's Ring (Aegis Caller)","Aegis Caller's Ring (Aegis Caller)","Aegis Caller's Dagger (Aegis Caller)","Aegis Caller's Dagger (Aegis Caller)","The Maelstrom's Greatsword (Merciless Charge)"," ()","Escalating Runeblades","Relentless Focus","Tentacular Dread","Flames of Oblivion","Killer's Blade","Soul Harvest","Inspired Scholarship","Venomous Claw","Stampede","Fulminating Rune","Molten Whip","Standard of Might"
"Maw of Lorkhaj","The Twins","https://www.esologs.com/reports/3qFwWVzyXJmNCdZx#fight=40&type=summary&source=16","@LeoShogun","Nosferatu L Zodd","ardent-ass-herald-perfected-slivers-of-the-null-arca-tide-born-wildstalker","dps","Ardent","Ass","Herald","Perfected Slivers of the Null Arca","Tide-Born Wildstalker","218973.2","12858.6","44.8","218973.2 DPS","The Thief","Slimecraw Mask (Slimecraw)","Perfected Null Arca Jack (Perfected Slivers of the Null Arca)","Tide-Born Arm Cops (Tide-Born Wildstalker)","Tide-Born Bracers (Tide-Born Wildstalker)","","Tide-Born Guards (Tide-Born Wildstalker)","Tide-Born Boots (Tide-Born Wildstalker)","","Perfected Null Arca Ring (Perfected Slivers of the Null Arca)","Perfected Null Arca Ring (Perfected Slivers of the Null Arca)","Perfected Null Arca Dagger (Perfected Slivers of the Null Arca)","Perfected Null Arca Dagger (Perfected Slivers of the Null Arca)","The Maelstrom's Perfected Greatsword (Perfected Merciless Charge)"," ()","Quick Cloak","Cephaliarch's Flail","Killer's Blade","Camouflaged Hunter","Exhausting Fatecarver","Soul Harvest","Stampede","Venomous Claw","Inspired Scholarship","Flames of Oblivion","Molten Whip","Standard of Might"
"Maw of Lorkhaj","The Twins","https://www.esologs.com/reports/3qFwWVzyXJmNCdZx#fight=40&type=summary&source=2","@Fat_Colossus","Divine Arcan","ardent-ass-herald-perfected-slivers-of-the-null-arca-tide-born-wildstalker","dps","Ardent","Ass","Herald","Tide-Born Wildstalker","Perfected Slivers of the Null Arca","126927.2","3208.2","28.8","126927.2 DPS","","Slimecraw Guise (Slimecraw)","Tide-Born Jack (Tide-Born Wildstalker)","Tide-Born Arm Cops (Tide-Born Wildstalker)","Tide-Born Bracers (Tide-Born Wildstalker)","","Tide-Born Guards (Tide-Born Wildstalker)","Perfected Null Arca Boots (Perfected Slivers of the Null Arca)","","Perfected Null Arca Ring (Perfected Slivers of the Null Arca)","Perfected Null Arca Ring (Perfected Slivers of the Null Arca)","Perfected Null Arca Dagger (Perfected Slivers of the Null Arca)","Perfected Null Arca Dagger (Perfected Slivers of the Null Arca)","The Maelstrom's Perfected Inferno Staff (Perfected Crushing Wall)"," ()","Exhausting Fatecarver","Cephaliarch's Flail","Camouflaged Hunter","Banner Bearer","Quick Cloak","Incapacitating Strike","Elemental Blockade","Venomous Claw","Banner Bearer","Flames of Oblivion","Inspired Scholarship","Standard of Might"
"Maw of Lorkhaj","The Twins","https://www.esologs.com/reports/3qFwWVzyXJmNCdZx#fight=40&type=summary&source=274","@Br1m","ukratose","ardent-ass-herald-perfected-slivers-of-the-null-arca-tide-born-wildstalker","dps","Ardent","Ass","Herald","Perfected Slivers of the Null Arca","Tide-Born Wildstalker","184666.1","6257.1","41.0","184666.1 DPS","","Slimecraw Guise (Slimecraw)","Perfected Null Arca Jack (Perfected Slivers of the Null Arca)","Tide-Born Arm Cops (Tide-Born Wildstalker)","Perfected Null Arca Bracers (Perfected Slivers of the Null Arca)","","Perfected Null Arca Guards (Perfected Slivers of the Null Arca)","Perfected Null Arca Boots (Perfected Slivers of the Null Arca)","","Tide-Born Ring (Tide-Born Wildstalker)","Tide-Born Ring (Tide-Born Wildstalker)","Tide-Born Dagger (Tide-Born Wildstalker)","Tide-Born Dagger (Tide-Born Wildstalker)","The Maelstrom's Greatsword (Merciless Charge)"," ()","Killer's Blade","Quick Cloak","Cephaliarch's Flail","Pragmatic Fatecarver","Camouflaged Hunter","Incapacitating Strike","Stampede","Flames of Oblivion","Venomous Claw","Inspired Scholarship","Molten Whip","Standard of Might"
"Maw of Lorkhaj","The Twins","https://www.esologs.com/reports/3qFwWVzyXJmNCdZx#fight=40&type=summary&source=48","@Samnons88","ggboysgg","ardent-ass-herald-perfected-slivers-of-the-null-arca-tide-born-wildstalker","dps","Ardent","Ass","Herald","Tide-Born Wildstalker","Perfected Slivers of the Null Arca","154775.8","10886.0","85.1","154775.8 DPS",""," (Huntsman's Warmask)","Tide-Born Jack (Tide-Born Wildstalker)","Slimecraw Epaulets (Slimecraw)","Perfected Null Arca Bracers (Perfected Slivers of the Null Arca)","","Tide-Born Guards (Tide-Born Wildstalker)","Perfected Null Arca Boots (Perfected Slivers of the Null Arca)","","Perfected Null Arca Ring (Perfected Slivers of the Null Arca)","Perfected Null Arca Ring (Perfected Slivers of the Null Arca)","Tide-Born Dagger (Tide-Born Wildstalker)","Tide-Born Dagger (Tide-Born Wildstalker)","The Maelstrom's Perfected Greatsword (Perfected Merciless Charge)"," ()","Killer's Blade","Barbed Trap","Tentacular Dread","Escalating Runeblades","Relentless Focus","Incapacitating Strike","Stampede","Molten Whip","Venomous Claw","Inspired Scholarship","Flames of Oblivion","Standard of Might"
"Maw of Lorkhaj","The Twins","https://www.esologs.com/reports/3qFwWVzyXJmNCdZx#fight=40&type=summary&source=7","@lord1858","Ledi v","ardent-ass-herald-perfected-slivers-of-the-null-arca-tide-born-wildstalker","dps","Ardent","Ass","Herald","Perfected Slivers of the Null Arca","Tide-Born Wildstalker","153232.7","10044.2","42.2","153232.7 DPS","","Slimecraw Guise (Slimecraw)","Perfected Null Arca Jack (Perfected Slivers of the Null Arca)","Tide-Born Arm Cops (Tide-Born Wildstalker)","Perfected Null Arca Bracers (Perfected Slivers of the Null Arca)","","Perfected Null Arca Guards (Perfected Slivers of the Null Arca)","Perfected Null Arca Boots (Perfected Slivers of the Null Arca)","","Tide-Born Ring (Tide-Born Wildstalker)","Tide-Born Ring (Tide-Born Wildstalker)","Tide-Born Dagger (Tide-Born Wildstalker)","Tide-Born Dagger (Tide-Born Wildstalker)","The Maelstrom's Perfected Greatsword (Perfected Merciless Charge)"," ()","Pragmatic Fatecarver","Cephaliarch's Flail","Killer's Blade","Quick Cloak","Camouflaged Hunter","Soul Harvest","Stampede","Venomous Claw","Flames of Oblivion","Inspired Scholarship","Molten Whip","Standard of Might"
"Maw of Lorkhaj","The Twins","https://www.esologs.com/reports/3qFwWVzyXJmNCdZx#fight=40&type=summary&source=8","@Mistyriel","Mistyriel","ardent-ass-herald-perfected-slivers-of-the-null-arca-tide-born-wildstalker","dps","Ardent","Ass","Herald","Perfected Slivers of the Null Arca","Tide-Born Wildstalker","108220.5","4108.2","24.9","108220.5 DPS","","Slimecraw Mask (Slimecraw)","Perfected Null Arca Jack (Perfected Slivers of the Null Arca)","Tide-Born Epaulets (Tide-Born Wildstalker)","Perfected Null Arca Bracers (Perfected Slivers of the Null Arca)","","Perfected Null Arca Guards (Perfected Slivers of the Null Arca)","Perfected Null Arca Boots (Perfected Slivers of the Null Arca)","","Tide-Born Ring (Tide-Born Wildstalker)","Tide-Born Ring (Tide-Born Wildstalker)","Tide-Born Dagger (Tide-Born Wildstalker)","Tide-Born Dagger (Tide-Born Wildstalker)","The Maelstrom's Perfected Greatsword (Perfected Merciless Charge)"," ()","Cephaliarch's Flail","Pragmatic Fatecarver","Quick Cloak","Killer's Blade","Camouflaged Hunter","Soul Harvest","Venomous Claw","Stampede","Inspired Scholarship","Flames of Oblivion","Molten Whip","Standard of Might"
"Maw of Lorkhaj","The Twins","https://www.esologs.com/reports/3qFwWVzyXJmNCdZx#fight=40&type=summary&source=9","@Anraijin","Nattvald","ardent-ass-herald-perfected-slivers-of-the-null-arca-tide-born-wildstalker","dps","Ardent","Ass","Herald","Perfected Slivers of the Null Arca","Tide-Born Wildstalker","150211.0","6454.2","17.3","150211.0 DPS","","Slimecraw Guise (Slimecraw)","Perfected Null Arca Jack (Perfected Slivers of the Null Arca)","Tide-Born Arm Cops (Tide-Born Wildstalker)","Perfected Null Arca Bracers (Perfected Slivers of the Null Arca)","","Perfected Null Arca Guards (Perfected Slivers of the Null Arca)","Perfected Null Arca Boots (Perfected Slivers of the Null Arca)","","Tide-Born Ring (Tide-Born Wildstalker)","Tide-Born Ring (Tide-Born Wildstalker)","Tide-Born Dagger (Tide-Born Wildstalker)","Tide-Born Dagger (Tide-Born Wildstalker)","The Maelstrom's Perfected Greatsword (Perfected Merciless Charge)"," ()","Cephaliarch's Flail","Camouflaged Hunter","Pragmatic Fatecarver","Killer's Blade","Quick Cloak","Soul Harvest","Flame Lash","Stampede","Flames of Oblivion","Venomous Claw","Inspired Scholarship","Standard of Might"
"Maw of Lorkhaj","The Twins","https://www.esologs.com/reports/3qFwWVzyXJmNCdZx#fight=40&type=summary&source=8","@Fenuin","Toe-beanss","ardent-ass-herald-perfected-slivers-of-the-null-arca-tide-born-wildstalker","dps","Ardent","Ass","Herald","Perfected Slivers of the Null Arca","Tide-Born Wildstalker","97337.3","6486.5","37.3","97337.3 DPS","","Perfected Null Arca Helmet (Perfected Slivers of the Null Arca)","Perfected Null Arca Jack (Perfected Slivers of the Null Arca)","Slimecraw Epaulets (Slimecraw)","Tide-Born Bracers (Tide-Born Wildstalker)","","Perfected Null Arca Guards (Perfected Slivers of the Null Arca)","Perfected Null Arca Boots (Perfected Slivers of the Null Arca)","","Tide-Born Ring (Tide-Born Wildstalker)","Tide-Born Ring (Tide-Born Wildstalker)","Tide-Born Dagger (Tide-Born Wildstalker)","Tide-Born Dagger (Tide-Born Wildstalker)","The Maelstrom's Perfected Greatsword (Perfected Merciless Charge)"," ()","Quick Cloak","Camouflaged Hunter","Cephaliarch's Flail","Relentless Focus","Pragmatic Fatecarver","Incapacitating Strike","Inspired Scholarship","Stampede","Flames of Oblivion","Venomous Claw","Molten Whip","Standard of Might"
"Maw of Lorkhaj","The Twins","https://www.esologs.com/reports/3qFwWVzyXJmNCdZx#fight=40&type=summary&source=1","@DragonBank","Dragon-Beam","ardent-ass-herald-perfected-slivers-of-the-null-arca-tide-born-wildstalker","dps","Ardent","Ass","Herald","Tide-Born Wildstalker","Perfected Slivers of the Null Arca","127552.6","13869.3","24.7","127552.6 DPS","","Slimecraw Guise (Slimecraw)","Tide-Born Jack (Tide-Born Wildstalker)","Perfected Null Arca Arm Cops (Perfected Slivers of the Null Arca)","Tide-Born Bracers (Tide-Born Wildstalker)","","Tide-Born Guards (Tide-Born Wildstalker)","Tide-Born Boots (Tide-Born Wildstalker)","","Perfected Null Arca Ring (Perfected Slivers of the Null Arca)","Perfected Null Arca Ring (Perfected Slivers of the Null Arca)","Perfected Null Arca Dagger (Perfected Slivers of the Null Arca)","Perfected Null Arca Dagger (Perfected Slivers of the Null Arca)","The Maelstrom's Perfected Greatsword (Perfected Merciless Charge)"," ()","Camouflaged Hunter","Killer's Blade","Quick Cloak","Cephaliarch's Flail","Exhausting Fatecarver","The Languid Eye","Molten Whip","Inspired Scholarship","Venomous Claw","Flames of Oblivion","Stampede","Standard of Might"
"Maw of Lorkhaj","The Twins","https://www.esologs.com/reports/3qFwWVzyXJmNCdZx#fight=40&type=summary&source=26","@F9o0","Good fór nothing","ardent-ass-herald-perfected-slivers-of-the-null-arca-tide-born-wildstalker","dps","Ardent","Ass","Herald","Perfected Slivers of the Null Arca","Tide-Born Wildstalker","107196.0","14575.2","81.8","107196.0 DPS",""," (Huntsman's Warmask)","Perfected Null Arca Jack (Perfected Slivers of the Null Arca)","Slimecraw Epaulets (Slimecraw)","Perfected Null Arca Bracers (Perfected Slivers of the Null Arca)","","Perfected Null Arca Guards (Perfected Slivers of the Null Arca)","Perfected Null Arca Boots (Perfected Slivers of the Null Arca)","","Tide-Born Ring (Tide-Born Wildstalker)","Tide-Born Ring (Tide-Born Wildstalker)","Tide-Born Dagger (Tide-Born Wildstalker)","Tide-Born Dagger (Tide-Born Wildstalker)","The Maelstrom's Perfected Greatsword (Perfected Merciless Charge)"," ()","Tentacular Dread","Killer's Blade","Escalating Runeblades","Barbed Trap","Merciless Resolve","Soul Harvest","Stampede","Inspired Scholarship","Venomous Claw","Flames of Oblivion","Molten Whip","Standard of Might"
"Maw of Lorkhaj","The Twins","https://www.esologs.com/reports/pNb6GRnWVYtAZwk8#fight=81&type=summary&source=6","@ZweiFass4","Rünebladés-Beam-Sister","ardent-ass-herald-deadly-strike-perfected-ansuuls-torment","dps","Ardent","Ass","Herald","Perfected Ansuul's Torment","Deadly Strike","216824.9","3182.6","51.3","216824.9 DPS","","Slimecraw Guise (Slimecraw)","Ansuul's Perfected Jack (Perfected Ansuul's Torment)","Deadly Arm Cops (Deadly Strike)","Ansuul's Perfected Bracers (Perfected Ansuul's Torment)","","Ansuul's Perfected Guards (Perfected Ansuul's Torment)","Ansuul's Perfected Boots (Perfected Ansuul's Torment)","","Deadly Ring (Deadly Strike)","Deadly Ring (Deadly Strike)","Deadly Dagger (Deadly Strike)","Deadly Dagger (Deadly Strike)","The Maelstrom's Perfected Greatsword (Perfected Merciless Charge)"," ()","Pragmatic Fatecarver","Killer's Blade","Escalating Runeblades","Barbed Trap","Merciless Resolve","Incapacitating Strike","Stampede","Venomous Claw","Molten Whip","Flames of Oblivion","Inspired Scholarship","Standard of Might"
"Maw of Lorkhaj","The Twins","https://www.esologs.com/reports/pNb6GRnWVYtAZwk8#fight=81&type=summary&source=8","@Shftx","Swftx","ardent-ass-herald-deadly-strike-perfected-ansuuls-torment","dps","Ardent","Ass","Herald","Perfected Ansuul's Torment","Deadly Strike","226889.6","3048.5","44.6","226889.6 DPS","","Slimecraw Mask (Slimecraw)","Ansuul's Perfected Jack (Perfected Ansuul's Torment)","Deadly Arm Cops (Deadly Strike)","Ansuul's Perfected Bracers (Perfected Ansuul's Torment)","","Ansuul's Perfected Guards (Perfected Ansuul's Torment)","Ansuul's Perfected Boots (Perfected Ansuul's Torment)","","Deadly Ring (Deadly Strike)","Deadly Ring (Deadly Strike)","Deadly Dagger (Deadly Strike)","Deadly Dagger (Deadly Strike)","The Maelstrom's Perfected Greatsword (Perfected Merciless Charge)"," ()","Quick Cloak","Killer's Blade","Escalating Runeblades","Pragmatic Fatecarver","Barbed Trap","Incapacitating Strike","Inspired Scholarship","Stampede","Venomous Claw","Flames of Oblivion","Molten Whip","Standard of Might"
"Maw of Lorkhaj","The Twins","https://www.esologs.com/reports/pNb6GRnWVYtAZwk8#fight=81&type=summary&source=2","@Str4d3r","Stràder","ardent-ass-herald-deadly-strike-perfected-ansuuls-torment","dps","Ardent","Ass","Herald","Perfected Ansuul's Torment","Deadly Strike","217950.9","8581.4","84.7","217950.9 DPS","","Slimecraw Guise (Slimecraw)","Ansuul's Perfected Jack (Perfected Ansuul's Torment)","Deadly Arm Cops (Deadly Strike)","Ansuul's Perfected Bracers (Perfected Ansuul's Torment)","","Ansuul's Perfected Guards (Perfected Ansuul's Torment)","Ansuul's Perfected Boots (Perfected Ansuul's Torment)","","Deadly Ring (Deadly Strike)","Deadly Ring (Deadly Strike)","Deadly Dagger (Deadly Strike)","Deadly Dagger (Deadly Strike)","The Maelstrom's Perfected Greatsword (Perfected Merciless Charge)"," ()","Camouflaged Hunter","Relentless Focus","Killer's Blade","Escalating Runeblades","Tentacular Dread","Soul Harvest","Molten Whip","Flames of Oblivion","Stampede","Venomous Claw","Inspired Scholarship","Standard of Might"
"Maw of Lorkhaj","The Twins","https://www.esologs.com/reports/pNb6GRnWVYtAZwk8#fight=81&type=summary&source=16","@ruciake","Runmei","ardent-ass-herald-deadly-strike-perfected-ansuuls-torment","dps","Ardent","Ass","Herald","Perfected Ansuul's Torment","Deadly Strike","278387.3","2279.3","35.7","278387.3 DPS","The Thief","Slimecraw Guise (Slimecraw)","Ansuul's Perfected Jack (Perfected Ansuul's Torment)","Ansuul's Perfected Arm Cops (Perfected Ansuul's Torment)","Ansuul's Perfected Bracers (Perfected Ansuul's Torment)","","Ansuul's Perfected Guards (Perfected Ansuul's Torment)","Deadly Boots (Deadly Strike)","","Deadly Ring (Deadly Strike)","Deadly Ring (Deadly Strike)","Deadly Dagger (Deadly Strike)","Deadly Dagger (Deadly Strike)","The Maelstrom's Perfected Greatsword (Perfected Merciless Charge)"," ()","Sundering Burst","Exhausting Fatecarver","Whirlwind","Noxious Breath","Camouflaged Hunter","Incapacitating Strike","Flames of Oblivion","Stampede","Inspired Scholarship","Anti-Cavalry Caltrops","Molten Whip","Standard of Might"
"Maw of Lorkhaj","The Twins","https://www.esologs.com/reports/pNb6GRnWVYtAZwk8#fight=81&type=summary&source=1","@ObsidianRazor","Wasn't blocking","ardent-ass-herald-deadly-strike-perfected-ansuuls-torment","dps","Ardent","Ass","Herald","Perfected Ansuul's Torment","Deadly Strike","242583.6","1964.7","46.8","242583.6 DPS","","Slimecraw Mask (Slimecraw)","Ansuul's Perfected Jack (Perfected Ansuul's Torment)","Ansuul's Perfected Arm Cops (Perfected Ansuul's Torment)","Ansuul's Perfected Bracers (Perfected Ansuul's Torment)","","Ansuul's Perfected Guards (Perfected Ansuul's Torment)","Ansuul's Perfected Boots (Perfected Ansuul's Torment)","","Deadly Ring (Deadly Strike)","Deadly Ring (Deadly Strike)","Deadly Dagger (Deadly Strike)","Deadly Dagger (Deadly Strike)","The Maelstrom's Perfected Inferno Staff (Perfected Crushing Wall)"," ()","Barbed Trap","Quick Cloak","Killer's Blade","Escalating Runeblades","Pragmatic Fatecarver","Incapacitating Strike","Fulminating Rune","Blockade of Fire","Molten Whip","Inspired Scholarship","Flames of Oblivion","Standard of Might"
"Maw of Lorkhaj","The Twins","https://www.esologs.com/reports/pNb6GRnWVYtAZwk8#fight=81&type=summary&source=10","@Diocliate","You Shall not Pärse","ardent-ass-herald-deadly-strike-perfected-ansuuls-torment","dps","Ardent","Ass","Herald","Deadly Strike","Perfected Ansuul's Torment","226904.6","5162.0","44.0","226904.6 DPS","","Deadly Helmet (Deadly Strike)","Ansuul's Perfected Jack (Perfected Ansuul's Torment)","Slimecraw Arm Cops (Slimecraw)","Ansuul's Perfected Bracers (Perfected Ansuul's Torment)","","Ansuul's Perfected Guards (Perfected Ansuul's Torment)","Ansuul's Perfected Boots (Perfected Ansuul's Torment)","","Deadly Ring (Deadly Strike)","Deadly Ring (Deadly Strike)","Deadly Dagger (Deadly Strike)","Deadly Dagger (Deadly Strike)","The Maelstrom's Perfected Inferno Staff (Perfected Crushing Wall)"," ()","Quick Cloak","Merciless Resolve","Escalating Runeblades","Exhausting Fatecarver","Killer's Blade","Incapacitating Strike","Elemental Blockade","Molten Whip","Inspired Scholarship","Venomous Claw","Flames of Oblivion","Standard of Might"
"Maw of Lorkhaj","The Twins","https://www.esologs.com/reports/pNb6GRnWVYtAZwk8#fight=81&type=summary&source=1","@Dwarfking1999","Valyna Salaothi","ardent-ass-herald-deadly-strike-perfected-ansuuls-torment","dps","Ardent","Ass","Herald","Perfected Ansuul's Torment","Deadly Strike","140470.9","4137.3","42.3","140470.9 DPS","","Slimecraw Guise (Slimecraw)","Ansuul's Perfected Jack (Perfected Ansuul's Torment)","Ansuul's Arm Cops (Ansuul's Torment)","Ansuul's Perfected Bracers (Perfected Ansuul's Torment)","","Deadly Guards (Deadly Strike)","Ansuul's Perfected Boots (Perfected Ansuul's Torment)","","Deadly Ring (Deadly Strike)","Deadly Ring (Deadly Strike)","Deadly Dagger (Deadly Strike)","Deadly Dagger (Deadly Strike)","The Maelstrom's Greatsword (Merciless Charge)"," ()","Cephaliarch's Flail","Killer's Blade","Pragmatic Fatecarver","Camouflaged Hunter","Quick Cloak","Incapacitating Strike","Stampede","Inspired Scholarship","Venomous Claw","Molten Whip","Flames of Oblivion","Standard of Might"
"Maw of Lorkhaj","The Twins","https://www.esologs.com/reports/pNb6GRnWVYtAZwk8#fight=81&type=summary&source=4","@o_Temp","mouldering taint","ardent-ass-herald-deadly-strike-perfected-ansuuls-torment","dps","Ardent","Ass","Herald","Perfected Ansuul's Torment","Deadly Strike","148388.2","7159.8","41.3","148388.2 DPS","","Slimecraw Guise (Slimecraw)","Ansuul's Perfected Jack (Perfected Ansuul's Torment)","Deadly Arm Cops (Deadly Strike)","Ansuul's Perfected Bracers (Perfected Ansuul's Torment)","","Ansuul's Perfected Guards (Perfected Ansuul's Torment)","Ansuul's Perfected Boots (Perfected Ansuul's Torment)","","Deadly Ring (Deadly Strike)","Deadly Ring (Deadly Strike)","Deadly Dagger (Deadly Strike)","Deadly Dagger (Deadly Strike)","The Maelstrom's Perfected Greatsword (Perfected Merciless Charge)"," ()","Pragmatic Fatecarver","Camouflaged Hunter","Cephaliarch's Flail","Quick Cloak","Banner Bearer","Incapacitating Strike","Stampede","Flames of Oblivion","Venomous Claw","Inspired Scholarship","Banner Bearer","Standard of Might"
"Maw of Lorkhaj","The Twins","https://www.esologs.com/reports/pNb6GRnWVYtAZwk8#fight=81&type=summary&source=4","@norncat","Not Qualified For This","green-resto-siphon-perfected-pillagers-profit-spell-power-cure","healer","Siphon","Resto","Green","Spell Power Cure","Perfected Pillager's Profit","7732.3","86458.7","42.3","86458.7 HPS","The Atronach","Nazaray Guise (Nazaray)","Spell Power Cure Robe (Spell Power Cure)","Nazaray Epaulets (Nazaray)","Gloves of the Trainee (Armor of the Trainee)","","Spell Power Cure Breeches (Spell Power Cure)","Perfected Pillager's Shoes (Perfected Pillager's Profit)","","Perfected Pillager's Band (Perfected Pillager's Profit)","Perfected Pillager's Band (Perfected Pillager's Profit)","Spell Power Cure Restoration Staff (Spell Power Cure)"," ()","Perfected Pillager's Lightning Staff (Perfected Pillager's Profit)"," ()","Combat Prayer","Radiant Aura","Radiating Regeneration","Illustrious Healing","Echoing Vigor","Soul Siphon","Mystic Orb","Elemental Blockade","Overflowing Altar","Budding Seeds","Extended Ritual","Aggressive Horn"
"Maw of Lorkhaj","The Twins","https://www.esologs.com/reports/pNb6GRnWVYtAZwk8#fight=81&type=summary&source=2","@zephyrus_eleison","Arkerion Aedael","green-resto-siphon-perfected-pillagers-profit-spell-power-cure","healer","Siphon","Resto","Green","Spell Power Cure","Perfected Pillager's Profit","4937.0","114424.2","60.3","114424.2 HPS","","Nazaray Mask (Nazaray)","Spell Power Cure Jerkin (Spell Power Cure)","Nazaray Epaulets (Nazaray)","Spell Power Cure Gloves (Spell Power Cure)","","Spell Power Cure Breeches (Spell Power Cure)","Druid's Shoes (Druid's Braid)","","Perfected Pillager's Band (Perfected Pillager's Profit)","Perfected Pillager's Band (Perfected Pillager's Profit)","Perfected Pillager's Lightning Staff (Perfected Pillager's Profit)"," ()","Spell Power Cure Restoration Staff (Spell Power Cure)"," ()","Overflowing Altar","Mystic Orb","Elemental Blockade","Extended Ritual","Inner Fire","Aggressive Horn","Radiating Regeneration","Combat Prayer","Illustrious Healing","Budding Seeds","Echoing Vigor","Soul Shred"
"Maw of Lorkhaj","The Twins","https://www.esologs.com/reports/pNb6GRnWVYtAZwk8#fight=81&type=summary&source=1","@zephyrus_eleison","Arkerion Aedael","green-resto-siphon-perfected-pillagers-profit-spell-power-cure","healer","Siphon","Resto","Green","Spell Power Cure","Perfected Pillager's Profit","4935.5","114475.1","60.3","114475.1 HPS","","Nazaray Mask (Nazaray)","Spell Power Cure Jerkin (Spell Power Cure)","Nazaray Epaulets (Nazaray)","Spell Power Cure Gloves (Spell Power Cure)","","Spell Power Cure Breeches (Spell Power Cure)","Druid's Shoes (Druid's Braid)","","Perfected Pillager's Band (Perfected Pillager's Profit)","Perfected Pillager's Band (Perfected Pillager's Profit)","Perfected Pillager's Lightning Staff (Perfected Pillager's Profit)"," ()","Spell Power Cure Restoration Staff (Spell Power Cure)"," ()","Overflowing Altar","Mystic Orb","Blockade of Storms","Extended Ritual","Inner Fire","Aggressive Horn","Radiating Regeneration","Combat Prayer","Illustrious Healing","Budding Seeds","Echoing Vigor","Soul Shred"
"Maw of Lorkhaj","The Twins","https://www.esologs.com/reports/pNb6GRnWVYtAZwk8#fight=81&type=summary&source=52","@Prince_Uzi","Piśces","green-resto-siphon-perfected-pillagers-profit-spell-power-cure","healer","Siphon","Resto","Green","Spell Power Cure","Perfected Pillager's Profit","6754.5","111075.4","68.3","111075.4 HPS","","Symphony of Blades Mask (Symphony of Blades)","Spell Power Cure Robe (Spell Power Cure)","Symphony of Blades Pauldrons (Symphony of Blades)","Spell Power Cure Gloves (Spell Power Cure)","","Spell Power Cure Breeches (Spell Power Cure)","Spell Power Cure Shoes (Spell Power Cure)","","Perfected Pillager's Band (Perfected Pillager's Profit)","Perfected Pillager's Band (Perfected Pillager's Profit)","The Master's Perfected Restoration Staff (Perfected Grand Rejuvenation)"," ()","Perfected Pillager's Lightning Staff (Perfected Pillager's Profit)"," ()","Illustrious Healing","Traumatic Trample","Overflowing Altar","Combat Prayer","Radiating Regeneration","Soul Shred","Budding Seeds","Elemental Blockade","Extended Ritual","Echoing Vigor","Energy Orb","Aggressive Horn"
"Maw of Lorkhaj","The Twins","https://www.esologs.com/reports/pNb6GRnWVYtAZwk8#fight=81&type=summary&source=3","@Amadra_1","M'atcha Mochi","green-resto-siphon-perfected-pillagers-profit-spell-power-cure","healer","Siphon","Resto","Green","Spell Power Cure","Perfected Pillager's Profit","4553.6","116462.5","52.4","116462.5 HPS","","Symphony of Blades Guise (Symphony of Blades)","Spell Power Cure Robe (Spell Power Cure)","Symphony of Blades Epaulets (Symphony of Blades)","Perfected Pillager's Gloves (Perfected Pillager's Profit)","","Breeches of the Trainee (Armor of the Trainee)","Spell Power Cure Shoes (Spell Power Cure)","","Perfected Pillager's Band (Perfected Pillager's Profit)","Perfected Pillager's Band (Perfected Pillager's Profit)","Spell Power Cure Restoration Staff (Spell Power Cure)"," ()","Perfected Pillager's Lightning Staff (Perfected Pillager's Profit)"," ()","Illustrious Healing","Radiating Regeneration","Combat Prayer","Budding Seeds","Siphoning Attacks","Soul Siphon","Echoing Vigor","Energy Orb","Radiant Aura","Extended Ritual","Elemental Blockade","Reviving Barrier"
"Maw of Lorkhaj","The Twins","https://www.esologs.com/reports/TXV8b69hZJ3MajKg#fight=16&type=summary&source=7","@Earth.less","Frying Pan","daedric-earthen-soldier-perfected-pearlescent-ward-powerful-assault","tank","Earthen","Daedric","Soldier","Perfected Pearlescent Ward","Powerful Assault","32002.5","2531.1","58.6","58.6 CPM","","Slimecraw Guise (Slimecraw)","Cryptcanon Vestments (Cryptcanon Vestments)","Perfected Pearlescent Pauldrons (Perfected Pearlescent Ward)","Bracers of the Powerful Assault (Powerful Assault)","","Perfected Pearlescent Greaves (Perfected Pearlescent Ward)","Boots of the Powerful Assault (Powerful Assault)","","Perfected Pearlescent Ring (Perfected Pearlescent Ward)","Perfected Pearlescent Ring (Perfected Pearlescent Ward)","Ice Staff of the Powerful Assault (Powerful Assault)"," ()","The Maelstrom's Perfected Ice Staff (Perfected Crushing Wall)"," ()","Summon Twilight Tormentor","Stone Giant","Mystic Orb","Inner Rage","Razor Caltrops","Gibbering Shelter","Summon Twilight Tormentor","Elemental Blockade","Elemental Susceptibility","Rune of the Colorless Pool","Igneous Weapons","Aggressive Horn"
"Maw of Lorkhaj","The Twins","https://www.esologs.com/reports/TXV8b69hZJ3MajKg#fight=16&type=summary&source=172","@Earth.less","Frying Pan","daedric-earthen-soldier-perfected-pearlescent-ward-powerful-assault","tank","Earthen","Daedric","Soldier","Perfected Pearlescent Ward","Powerful Assault","32027.8","2472.3","58.6","58.6 CPM","The Thief","Slimecraw Guise (Slimecraw)","Cryptcanon Vestments (Cryptcanon Vestments)","Perfected Pearlescent Pauldrons (Perfected Pearlescent Ward)","Bracers of the Powerful Assault (Powerful Assault)","","Perfected Pearlescent Greaves (Perfected Pearlescent Ward)","Boots of the Powerful Assault (Powerful Assault)","","Perfected Pearlescent Ring (Perfected Pearlescent Ward)","Perfected Pearlescent Ring (Perfected Pearlescent Ward)","Ice Staff of the Powerful Assault (Powerful Assault)"," ()","The Maelstrom's Perfected Ice Staff (Perfected Crushing Wall)"," ()","Summon Twilight Tormentor","Stone Giant","Mystic Orb","Inner Rage","Razor Caltrops","Gibbering Shelter","Summon Twilight Tormentor","Elemental Blockade","Elemental Susceptibility","Rune of the Colorless Pool","Igneous Weapons","Aggressive Horn"
"Maw of Lorkhaj","The Twins","https://www.esologs.com/reports/QDdwXL4aATmFkKNB#fight=21&type=summary&source=5","@stephnie","Şerenìty","green-resto-siphon-jorvulds-guidance-perfected-roaring-opportunist","healer","Siphon","Resto","Green","Perfected Roaring Opportunist","Jorvuld's Guidance","6043.0","83050.8","45.9","83050.8 HPS","The Ritual","Archdruid Devyric's Visage (Archdruid Devyric)","Jorvuld's Guidance Robe (Jorvuld's Guidance)","Archdruid Devyric's Epaulets (Archdruid Devyric)","Jorvuld's Guidance Gloves (Jorvuld's Guidance)","","Jorvuld's Guidance Breeches (Jorvuld's Guidance)","Jorvuld's Guidance Shoes (Jorvuld's Guidance)","","Roaring Opportunist's Perfected Ring (Perfected Roaring Opportunist)","Roaring Opportunist's Perfected Ring (Perfected Roaring Opportunist)","Roaring Opportunist's Perfected Restoration Staff (Perfected Roaring Opportunist)"," ()","Roaring Opportunist's Perfected Lightning Staff (Perfected Roaring Opportunist)"," ()","Extended Ritual","Radiating Regeneration","Combat Prayer","Energy Orb","Illustrious Healing","Replenishing Barrier","Budding Seeds","Radiant Aura","Echoing Vigor","Sap Essence","Elemental Blockade","Aggressive Horn"
"Maw of Lorkhaj","The Twins","https://www.esologs.com/reports/QDdwXL4aATmFkKNB#fight=21&type=summary&source=3","@JustAMist","Bael'Umbra","green-resto-siphon-jorvulds-guidance-perfected-roaring-opportunist","healer","Siphon","Resto","Green","Perfected Roaring Opportunist","Jorvuld's Guidance","5256.5","109773.1","44.8","109773.1 HPS","","Symphony of Blades Guise (Symphony of Blades)","Jorvuld's Guidance Robe (Jorvuld's Guidance)","Symphony of Blades Epaulets (Symphony of Blades)","Jorvuld's Guidance Gloves (Jorvuld's Guidance)","","Jorvuld's Guidance Breeches (Jorvuld's Guidance)","Jorvuld's Guidance Shoes (Jorvuld's Guidance)","","Roaring Opportunist's Perfected Ring (Perfected Roaring Opportunist)","Roaring Opportunist's Perfected Ring (Perfected Roaring Opportunist)","Roaring Opportunist's Perfected Restoration Staff (Perfected Roaring Opportunist)"," ()","Roaring Opportunist's Perfected Lightning Staff (Perfected Roaring Opportunist)"," ()","Blessing of Restoration","Echoing Vigor","Budding Seeds","Radiating Regeneration","Illustrious Healing","Soul Siphon","Extended Ritual","Elemental Blockade","Energy Orb","Radiant Aura","Overflowing Altar","Aggressive Horn"
"Maw of Lorkhaj","Rakkhat","https://www.esologs.com/reports/pNb6GRnWVYtAZwk8#fight=84&type=summary&source=6","@ZweiFass4","Rünebladés-Beam-Sister","ardent-ass-herald-perfected-slivers-of-the-null-arca-tide-born-wildstalker","dps","Ardent","Ass","Herald","Tide-Born Wildstalker","Perfected Slivers of the Null Arca","155978.7","4971.9","70.9","155978.7 DPS","","Slimecraw Guise (Slimecraw)","Tide-Born Jack (Tide-Born Wildstalker)","Perfected Null Arca Arm Cops (Perfected Slivers of the Null Arca)","Tide-Born Bracers (Tide-Born Wildstalker)","","Tide-Born Guards (Tide-Born Wildstalker)","Tide-Born Boots (Tide-Born Wildstalker)","","Perfected Null Arca Ring (Perfected Slivers of the Null Arca)","Perfected Null Arca Ring (Perfected Slivers of the Null Arca)","Perfected Null Arca Dagger (Perfected Slivers of the Null Arca)","Perfected Null Arca Dagger (Perfected Slivers of the Null Arca)","The Maelstrom's Perfected Greatsword (Perfected Merciless Charge)"," ()","Tentacular Dread","Killer's Blade","Escalating Runeblades","Barbed Trap","Merciless Resolve","Incapacitating Strike","Stampede","Venomous Claw","Molten Whip","Flames of Oblivion","Inspired Scholarship","Standard of Might"
"Maw of Lorkhaj","Rakkhat","https://www.esologs.com/reports/pNb6GRnWVYtAZwk8#fight=84&type=summary&source=8","@Shftx","Swftx","ardent-ass-herald-perfected-slivers-of-the-null-arca-tide-born-wildstalker","dps","Ardent","Ass","Herald","Perfected Slivers of the Null Arca","Tide-Born Wildstalker","152374.0","2089.7","55.8","152374.0 DPS","","Slimecraw Mask (Slimecraw)","Perfected Null Arca Jack (Perfected Slivers of the Null Arca)","Tide-Born Arm Cops (Tide-Born Wildstalker)","Perfected Null Arca Bracers (Perfected Slivers of the Null Arca)","","Perfected Null Arca Guards (Perfected Slivers of the Null Arca)","Perfected Null Arca Boots (Perfected Slivers of the Null Arca)","","Tide-Born Ring (Tide-Born Wildstalker)","Tide-Born Ring (Tide-Born Wildstalker)","Tide-Born Dagger (Tide-Born Wildstalker)","Tide-Born Dagger (Tide-Born Wildstalker)","The Maelstrom's Perfected Greatsword (Perfected Merciless Charge)"," ()","Quick Cloak","Killer's Blade","Escalating Runeblades","Tentacular Dread","Barbed Trap","Incapacitating Strike","Inspired Scholarship","Stampede","Venomous Claw","Flames of Oblivion","Molten Whip","Standard of Might"
"Maw of Lorkhaj","Rakkhat","https://www.esologs.com/reports/pNb6GRnWVYtAZwk8#fight=84&type=summary&source=2","@Str4d3r","Stràder","ardent-ass-herald-perfected-slivers-of-the-null-arca-tide-born-wildstalker","dps","Ardent","Ass","Herald","Perfected Slivers of the Null Arca","Tide-Born Wildstalker","156260.5","4142.1","81.6","156260.5 DPS","The Thief","Slimecraw Guise (Slimecraw)","Perfected Null Arca Jack (Perfected Slivers of the Null Arca)","Tide-Born Arm Cops (Tide-Born Wildstalker)","Perfected Null Arca Bracers (Perfected Slivers of the Null Arca)","","Perfected Null Arca Guards (Perfected Slivers of the Null Arca)","Perfected Null Arca Boots (Perfected Slivers of the Null Arca)","","Tide-Born Ring (Tide-Born Wildstalker)","Tide-Born Ring (Tide-Born Wildstalker)","Tide-Born Dagger (Tide-Born Wildstalker)","Tide-Born Dagger (Tide-Born Wildstalker)","The Maelstrom's Perfected Greatsword (Perfected Merciless Charge)"," ()","Camouflaged Hunter","Relentless Focus","Killer's Blade","Escalating Runeblades","Tentacular Dread","Soul Harvest","Molten Whip","Flames of Oblivion","Stampede","Venomous Claw","Inspired Scholarship","Standard of Might"
"Maw of Lorkhaj","Rakkhat","https://www.esologs.com/reports/pNb6GRnWVYtAZwk8#fight=84&type=summary&source=16","@ruciake","Runmei","ardent-ass-herald-perfected-slivers-of-the-null-arca-tide-born-wildstalker","dps","Ardent","Ass","Herald","Perfected Slivers of the Null Arca","Tide-Born Wildstalker","152814.7","3509.0","76.2","152814.7 DPS","","Slimecraw Guise (Slimecraw)","Perfected Null Arca Jack (Perfected Slivers of the Null Arca)","Tide-Born Arm Cops (Tide-Born Wildstalker)","Perfected Null Arca Bracers (Perfected Slivers of the Null Arca)","","Perfected Null Arca Guards (Perfected Slivers of the Null Arca)","Perfected Null Arca Boots (Perfected Slivers of the Null Arca)","","Tide-Born Ring (Tide-Born Wildstalker)","Tide-Born Ring (Tide-Born Wildstalker)","Tide-Born Dagger (Tide-Born Wildstalker)","Tide-Born Dagger (Tide-Born Wildstalker)","The Maelstrom's Perfected Greatsword (Perfected Merciless Charge)"," ()","Tentacular Dread","Escalating Runeblades","Relentless Focus","Killer's Blade","Camouflaged Hunter","Incapacitating Strike","Flames of Oblivion","Stampede","Inspired Scholarship","Venomous Claw","Molten Whip","Standard of Might"
"Maw of Lorkhaj","Rakkhat","https://www.esologs.com/reports/pNb6GRnWVYtAZwk8#fight=84&type=summary&source=1","@ObsidianRazor","Wasn't blocking","ardent-ass-herald-perfected-slivers-of-the-null-arca-tide-born-wildstalker","dps","Ardent","Ass","Herald","Perfected Slivers of the Null Arca","Tide-Born Wildstalker","129996.3","2654.7","66.6","129996.3 DPS","","Slimecraw Mask (Slimecraw)","Perfected Null Arca Jack (Perfected Slivers of the Null Arca)","Perfected Null Arca Arm Cops (Perfected Slivers of the Null Arca)","Perfected Null Arca Bracers (Perfected Slivers of the Null Arca)","","Perfected Null Arca Guards (Perfected Slivers of the Null Arca)","Perfected Null Arca Boots (Perfected Slivers of the Null Arca)","","Tide-Born Ring (Tide-Born Wildstalker)","Tide-Born Ring (Tide-Born Wildstalker)","Tide-Born Dagger (Tide-Born Wildstalker)","Tide-Born Dagger (Tide-Born Wildstalker)","The Maelstrom's Perfected Greatsword (Perfected Merciless Charge)"," ()","Barbed Trap","Tentacular Dread","Killer's Blade","Escalating Runeblades","Relentless Focus","Incapacitating Strike","Fulminating Rune","Stampede","Molten Whip","Inspired Scholarship","Flames of Oblivion","Standard of Might"
"Maw of Lorkhaj","Rakkhat","https://www.esologs.com/reports/pNb6GRnWVYtAZwk8#fight=84&type=summary&source=16","@LeoShogun","Nosferatu L Zodd","ardent-ass-herald-perfected-slivers-of-the-null-arca-tide-born-wildstalker","dps","Ardent","Ass","Herald","Perfected Slivers of the Null Arca","Tide-Born Wildstalker","129677.1","7265.8","54.0","129677.1 DPS","","Slimecraw Mask (Slimecraw)","Perfected Null Arca Jack (Perfected Slivers of the Null Arca)","Tide-Born Arm Cops (Tide-Born Wildstalker)","Tide-Born Bracers (Tide-Born Wildstalker)","","Tide-Born Guards (Tide-Born Wildstalker)","Tide-Born Boots (Tide-Born Wildstalker)","","Perfected Null Arca Ring (Perfected Slivers of the Null Arca)","Perfected Null Arca Ring (Perfected Slivers of the Null Arca)","Perfected Null Arca Dagger (Perfected Slivers of the Null Arca)","Perfected Null Arca Dagger (Perfected Slivers of the Null Arca)","The Maelstrom's Perfected Greatsword (Perfected Merciless Charge)"," ()","Quick Cloak","Cephaliarch's Flail","Killer's Blade","Camouflaged Hunter","Exhausting Fatecarver","Soul Harvest","Stampede","Venomous Claw","Inspired Scholarship","Flames of Oblivion","Molten Whip","Standard of Might"
"Maw of Lorkhaj","Rakkhat","https://www.esologs.com/reports/pNb6GRnWVYtAZwk8#fight=84&type=summary&source=2","@Fat_Colossus","Divine Arcan","ardent-ass-herald-perfected-slivers-of-the-null-arca-tide-born-wildstalker","dps","Ardent","Ass","Herald","Tide-Born Wildstalker","Perfected Slivers of the Null Arca","134347.2","6834.1","37.1","134347.2 DPS","","Slimecraw Guise (Slimecraw)","Tide-Born Jack (Tide-Born Wildstalker)","Tide-Born Arm Cops (Tide-Born Wildstalker)","Tide-Born Bracers (Tide-Born Wildstalker)","","Tide-Born Guards (Tide-Born Wildstalker)","Perfected Null Arca Boots (Perfected Slivers of the Null Arca)","","Perfected Null Arca Ring (Perfected Slivers of the Null Arca)","Perfected Null Arca Ring (Perfected Slivers of the Null Arca)","Perfected Null Arca Dagger (Perfected Slivers of the Null Arca)","Perfected Null Arca Dagger (Perfected Slivers of the Null Arca)","The Maelstrom's Perfected Inferno Staff (Perfected Crushing Wall)"," ()","Exhausting Fatecarver","Cephaliarch's Flail","Killer's Blade","Banner Bearer","Quick Cloak","Incapacitating Strike","Elemental Blockade","Venomous Claw","Banner Bearer","Flames of Oblivion","Inspired Scholarship","Standard of Might"
"Maw of Lorkhaj","Rakkhat","https://www.esologs.com/reports/pNb6GRnWVYtAZwk8#fight=84&type=summary&source=48","@Samnons88","ggboysgg","ardent-ass-herald-perfected-slivers-of-the-null-arca-tide-born-wildstalker","dps","Ardent","Ass","Herald","Tide-Born Wildstalker","Perfected Slivers of the Null Arca","141375.8","12311.6","75.3","141375.8 DPS",""," (Huntsman's Warmask)","Tide-Born Jack (Tide-Born Wildstalker)","Slimecraw Epaulets (Slimecraw)","Perfected Null Arca Bracers (Perfected Slivers of the Null Arca)","","Tide-Born Guards (Tide-Born Wildstalker)","Perfected Null Arca Boots (Perfected Slivers of the Null Arca)","","Perfected Null Arca Ring (Perfected Slivers of the Null Arca)","Perfected Null Arca Ring (Perfected Slivers of the Null Arca)","Tide-Born Dagger (Tide-Born Wildstalker)","Tide-Born Dagger (Tide-Born Wildstalker)","The Maelstrom's Perfected Greatsword (Perfected Merciless Charge)"," ()","Killer's Blade","Barbed Trap","Tentacular Dread","Escalating Runeblades","Relentless Focus","Incapacitating Strike","Stampede","Molten Whip","Venomous Claw","Inspired Scholarship","Flames of Oblivion","Standard of Might"
"Maw of Lorkhaj","Rakkhat","https://www.esologs.com/reports/pNb6GRnWVYtAZwk8#fight=84&type=summary&source=7","@lord1858","Ledi v","ardent-ass-herald-perfected-slivers-of-the-null-arca-tide-born-wildstalker","dps","Ardent","Ass","Herald","Perfected Slivers of the Null Arca","Tide-Born Wildstalker","128272.3","10478.1","40.6","128272.3 DPS","","Slimecraw Guise (Slimecraw)","Perfected Null Arca Jack (Perfected Slivers of the Null Arca)","Tide-Born Arm Cops (Tide-Born Wildstalker)","Perfected Null Arca Bracers (Perfected Slivers of the Null Arca)","","Perfected Null Arca Guards (Perfected Slivers of the Null Arca)","Perfected Null Arca Boots (Perfected Slivers of the Null Arca)","","Tide-Born Ring (Tide-Born Wildstalker)","Tide-Born Ring (Tide-Born Wildstalker)","Tide-Born Dagger (Tide-Born Wildstalker)","Tide-Born Dagger (Tide-Born Wildstalker)","The Maelstrom's Perfected Greatsword (Perfected Merciless Charge)"," ()","Pragmatic Fatecarver","Cephaliarch's Flail","Killer's Blade","Quick Cloak","Camouflaged Hunter","Soul Harvest","Stampede","Venomous Claw","Flames of Oblivion","Inspired Scholarship","Molten Whip","Standard of Might"
"Maw of Lorkhaj","Rakkhat","https://www.esologs.com/reports/pNb6GRnWVYtAZwk8#fight=84&type=summary&source=8","@Mistyriel","Mistyriel","ardent-ass-herald-perfected-slivers-of-the-null-arca-tide-born-wildstalker","dps","Ardent","Ass","Herald","Perfected Slivers of the Null Arca","Tide-Born Wildstalker","99386.4","3945.0","17.3","99386.4 DPS","","Slimecraw Mask (Slimecraw)","Perfected Null Arca Jack (Perfected Slivers of the Null Arca)","Tide-Born Epaulets (Tide-Born Wildstalker)","Perfected Null Arca Bracers (Perfected Slivers of the Null Arca)","","Perfected Null Arca Guards (Perfected Slivers of the Null Arca)","Perfected Null Arca Boots (Perfected Slivers of the Null Arca)","","Tide-Born Ring (Tide-Born Wildstalker)","Tide-Born Ring (Tide-Born Wildstalker)","Tide-Born Dagger (Tide-Born Wildstalker)","Tide-Born Dagger (Tide-Born Wildstalker)","The Maelstrom's Perfected Greatsword (Perfected Merciless Charge)"," ()","Cephaliarch's Flail","Pragmatic Fatecarver","Quick Cloak","Killer's Blade","Camouflaged Hunter","Soul Harvest","Venomous Claw","Stampede","Inspired Scholarship","Flames of Oblivion","Molten Whip","Standard of Might"
"Maw of Lorkhaj","Rakkhat","https://www.esologs.com/reports/pNb6GRnWVYtAZwk8#fight=84&type=summary&source=11","@HighstoneUA","The Green Day","ardent-ass-herald-perfected-slivers-of-the-null-arca-tide-born-wildstalker","dps","Ardent","Ass","Herald","Perfected Slivers of the Null Arca","Tide-Born Wildstalker","117451.6","12607.9","74.3","117451.6 DPS","","Slimecraw Guise (Slimecraw)","Perfected Null Arca Jack (Perfected Slivers of the Null Arca)","Tide-Born Arm Cops (Tide-Born Wildstalker)","Perfected Null Arca Bracers (Perfected Slivers of the Null Arca)","","Perfected Null Arca Guards (Perfected Slivers of the Null Arca)","Perfected Null Arca Boots (Perfected Slivers of the Null Arca)","","Tide-Born Ring (Tide-Born Wildstalker)","Tide-Born Ring (Tide-Born Wildstalker)","Tide-Born Dagger (Tide-Born Wildstalker)","Tide-Born Dagger (Tide-Born Wildstalker)","The Maelstrom's Perfected Greatsword (Perfected Merciless Charge)"," ()","Killer's Blade","Quick Cloak","Relentless Focus","Tentacular Dread","Escalating Runeblades","Incapacitating Strike","Molten Whip","Inspired Scholarship","Venomous Claw","Flames of Oblivion","Stampede","Standard of Might"
"Maw of Lorkhaj","Rakkhat","https://www.esologs.com/reports/pNb6GRnWVYtAZwk8#fight=84&type=summary&source=9","@Anraijin","Nattvald","ardent-ass-herald-perfected-slivers-of-the-null-arca-tide-born-wildstalker","dps","Ardent","Ass","Herald","Perfected Slivers of the Null Arca","Tide-Born Wildstalker","115544.2","5300.9","30.2","115544.2 DPS","","Slimecraw Guise (Slimecraw)","Perfected Null Arca Jack (Perfected Slivers of the Null Arca)","Tide-Born Arm Cops (Tide-Born Wildstalker)","Perfected Null Arca Bracers (Perfected Slivers of the Null Arca)","","Perfected Null Arca Guards (Perfected Slivers of the Null Arca)","Perfected Null Arca Boots (Perfected Slivers of the Null Arca)","","Tide-Born Ring (Tide-Born Wildstalker)","Tide-Born Ring (Tide-Born Wildstalker)","Tide-Born Dagger (Tide-Born Wildstalker)","Tide-Born Dagger (Tide-Born Wildstalker)","The Maelstrom's Perfected Greatsword (Perfected Merciless Charge)"," ()","Cephaliarch's Flail","Camouflaged Hunter","Pragmatic Fatecarver","Killer's Blade","Quick Cloak","Soul Harvest","Flame Lash","Stampede","Flames of Oblivion","Venomous Claw","Inspired Scholarship","Standard of Might"
"Maw of Lorkhaj","Rakkhat","https://www.esologs.com/reports/pNb6GRnWVYtAZwk8#fight=84&type=summary&source=8","@Fenuin","Toe-beanss","ardent-ass-herald-perfected-slivers-of-the-null-arca-tide-born-wildstalker","dps","Ardent","Ass","Herald","Perfected Slivers of the Null Arca","Tide-Born Wildstalker","101488.0","7475.8","37.3","101488.0 DPS","","Perfected Null Arca Helmet (Perfected Slivers of the Null Arca)","Perfected Null Arca Jack (Perfected Slivers of the Null Arca)","Slimecraw Epaulets (Slimecraw)","Tide-Born Bracers (Tide-Born Wildstalker)","","Perfected Null Arca Guards (Perfected Slivers of the Null Arca)","Perfected Null Arca Boots (Perfected Slivers of the Null Arca)","","Tide-Born Ring (Tide-Born Wildstalker)","Tide-Born Ring (Tide-Born Wildstalker)","Tide-Born Dagger (Tide-Born Wildstalker)","Tide-Born Dagger (Tide-Born Wildstalker)","The Maelstrom's Perfected Inferno Staff (Perfected Crushing Wall)"," ()","Quick Cloak","Camouflaged Hunter","Cephaliarch's Flail","Relentless Focus","Pragmatic Fatecarver","The Languid Eye","Inspired Scholarship","Elemental Blockade","Flames of Oblivion","Venomous Claw","Molten Whip","Elemental Rage"
"Maw of Lorkhaj","Rakkhat","https://www.esologs.com/reports/pNb6GRnWVYtAZwk8#fight=84&type=summary&source=12","@Hardardere","Zev Breminiev","ardent-ass-herald-perfected-slivers-of-the-null-arca-tide-born-wildstalker","dps","Ardent","Ass","Herald","Tide-Born Wildstalker","Perfected Slivers of the Null Arca","73896.9","4366.2","35.3","73896.9 DPS","","Slimecraw Guise (Slimecraw)","Tide-Born Jack (Tide-Born Wildstalker)","Perfected Null Arca Arm Cops (Perfected Slivers of the Null Arca)","Tide-Born Bracers (Tide-Born Wildstalker)","","Tide-Born Guards (Tide-Born Wildstalker)","Tide-Born Boots (Tide-Born Wildstalker)","","Perfected Null Arca Ring (Perfected Slivers of the Null Arca)","Perfected Null Arca Ring (Perfected Slivers of the Null Arca)","Perfected Null Arca Dagger (Perfected Slivers of the Null Arca)","Perfected Null Arca Dagger (Perfected Slivers of the Null Arca)","The Maelstrom's Perfected Greatsword (Perfected Merciless Charge)"," ()","Cephaliarch's Flail","Pragmatic Fatecarver","Killer's Blade","Quick Cloak","Relentless Focus","Soul Harvest","Inspired Scholarship","Venomous Claw","Flames of Oblivion","Stampede","Resolving Vigor","Standard of Might"
"Maw of Lorkhaj","Rakkhat","https://www.esologs.com/reports/pNb6GRnWVYtAZwk8#fight=84&type=summary&source=5","@Clopidogrele","Millesabords","ardent-ass-herald-perfected-slivers-of-the-null-arca-tide-born-wildstalker","dps","Ardent","Ass","Herald","Perfected Slivers of the Null Arca","Tide-Born Wildstalker","103823.1","3870.6","29.8","103823.1 DPS","","Slimecraw Mask (Slimecraw)","Perfected Null Arca Jack (Perfected Slivers of the Null Arca)","Tide-Born Arm Cops (Tide-Born Wildstalker)","Perfected Null Arca Bracers (Perfected Slivers of the Null Arca)","","Perfected Null Arca Guards (Perfected Slivers of the Null Arca)","Perfected Null Arca Boots (Perfected Slivers of the Null Arca)","","Tide-Born Ring (Tide-Born Wildstalker)","Tide-Born Ring (Tide-Born Wildstalker)","Tide-Born Dagger (Tide-Born Wildstalker)","Tide-Born Dagger (Tide-Born Wildstalker)","The Maelstrom's Perfected Greatsword (Perfected Merciless Charge)"," ()","Quick Cloak","Pragmatic Fatecarver","Cephaliarch's Flail","Killer's Blade","Merciless Resolve","Soul Harvest","Inspired Scholarship","Stampede","Flames of Oblivion","Venomous Claw","Resolving Vigor","Standard of Might"
"Maw of Lorkhaj","Rakkhat","https://www.esologs.com/reports/pNb6GRnWVYtAZwk8#fight=84&type=summary&source=10","@OcelOgihci","Tazman le Bricoleur","ardent-ass-herald-perfected-slivers-of-the-null-arca-tide-born-wildstalker","dps","Ardent","Ass","Herald","Perfected Slivers of the Null Arca","Tide-Born Wildstalker","100951.4","7619.2","38.3","100951.4 DPS","","Slimecraw Guise (Slimecraw)","Perfected Null Arca Jack (Perfected Slivers of the Null Arca)","Tide-Born Arm Cops (Tide-Born Wildstalker)","Perfected Null Arca Bracers (Perfected Slivers of the Null Arca)","","Tide-Born Guards (Tide-Born Wildstalker)","Perfected Null Arca Boots (Perfected Slivers of the Null Arca)","","Perfected Null Arca Ring (Perfected Slivers of the Null Arca)","Perfected Null Arca Ring (Perfected Slivers of the Null Arca)","Tide-Born Dagger (Tide-Born Wildstalker)","Tide-Born Dagger (Tide-Born Wildstalker)","The Maelstrom's Perfected Greatsword (Perfected Merciless Charge)"," ()","Quick Cloak","Killer's Blade","Pragmatic Fatecarver","Cephaliarch's Flail","Merciless Resolve","Soul Harvest","Stampede","Venomous Claw","Inspired Scholarship","Molten Whip","Flames of Oblivion","Standard of Might"
"Maw of Lorkhaj","Rakkhat","https://www.esologs.com/reports/pNb6GRnWVYtAZwk8#fight=84&type=summary&source=1","@DragonBank","Dragon-Beam","ardent-ass-herald-perfected-slivers-of-the-null-arca-tide-born-wildstalker","dps","Ardent","Ass","Herald","Tide-Born Wildstalker","Perfected Slivers of the Null Arca","113656.6","6435.7","22.4","113656.6 DPS","","Slimecraw Guise (Slimecraw)","Tide-Born Jack (Tide-Born Wildstalker)","Perfected Null Arca Arm Cops (Perfected Slivers of the Null Arca)","Tide-Born Bracers (Tide-Born Wildstalker)","","Tide-Born Guards (Tide-Born Wildstalker)","Tide-Born Boots (Tide-Born Wildstalker)","","Perfected Null Arca Ring (Perfected Slivers of the Null Arca)","Perfected Null Arca Ring (Perfected Slivers of the Null Arca)","Perfected Null Arca Dagger (Perfected Slivers of the Null Arca)","Perfected Null Arca Dagger (Perfected Slivers of the Null Arca)","The Maelstrom's Perfected Greatsword (Perfected Merciless Charge)"," ()","Camouflaged Hunter","Killer's Blade","Quick Cloak","Cephaliarch's Flail","Exhausting Fatecarver","The Languid Eye","Molten Whip","Inspired Scholarship","Venomous Claw","Flames of Oblivion","Stampede","Standard of Might"
"Maw of Lorkhaj","Rakkhat","https://www.esologs.com/reports/pNb6GRnWVYtAZwk8#fight=84&type=summary&source=26","@F9o0","Good fór nothing","ardent-ass-herald-perfected-slivers-of-the-null-arca-tide-born-wildstalker","dps","Ardent","Ass","Herald","Perfected Slivers of the Null Arca","Tide-Born Wildstalker","95258.6","11352.3","67.8","95258.6 DPS",""," (Huntsman's Warmask)","Perfected Null Arca Jack (Perfected Slivers of the Null Arca)","Slimecraw Epaulets (Slimecraw)","Perfected Null Arca Bracers (Perfected Slivers of the Null Arca)","","Perfected Null Arca Guards (Perfected Slivers of the Null Arca)","Perfected Null Arca Boots (Perfected Slivers of the Null Arca)","","Tide-Born Ring (Tide-Born Wildstalker)","Tide-Born Ring (Tide-Born Wildstalker)","Tide-Born Dagger (Tide-Born Wildstalker)","Tide-Born Dagger (Tide-Born Wildstalker)","The Maelstrom's Perfected Greatsword (Perfected Merciless Charge)"," ()","Tentacular Dread","Killer's Blade","Escalating Runeblades","Barbed Trap","Merciless Resolve","Soul Harvest","Stampede","Inspired Scholarship","Venomous Claw","Flames of Oblivion","Molten Whip","Standard of Might"
"Maw of Lorkhaj","Rakkhat","https://www.esologs.com/reports/3qFwWVzyXJmNCdZx#fight=44&type=summary&source=5","@alansgaming","Light Attacks are Evil","ardent-ass-herald-berserking-warrior-perfected-slivers-of-the-null-arca","dps","Ardent","Ass","Herald","Perfected Slivers of the Null Arca","Berserking Warrior","152794.7","11515.0","78.7","152794.7 DPS",""," (Huntsman's Warmask)","Perfected Null Arca Jack (Perfected Slivers of the Null Arca)","Slimecraw Arm Cops (Slimecraw)","Perfected Null Arca Bracers (Perfected Slivers of the Null Arca)","","Perfected Null Arca Guards (Perfected Slivers of the Null Arca)","Perfected Null Arca Boots (Perfected Slivers of the Null Arca)","","Ring of the Advancing Yokeda (Berserking Warrior)","Ring of the Advancing Yokeda (Berserking Warrior)","Dagger of the Advancing Yokeda (Berserking Warrior)","Dagger of the Advancing Yokeda (Berserking Warrior)","The Maelstrom's Perfected Greatsword (Perfected Merciless Charge)"," ()","Killer's Blade","Tentacular Dread","Escalating Runeblades","Relentless Focus","Barbed Trap","Incapacitating Strike","Stampede","Venomous Claw","Flames of Oblivion","Inspired Scholarship","Molten Whip","Standard of Might"
"Maw of Lorkhaj","Rakkhat","https://www.esologs.com/reports/3qFwWVzyXJmNCdZx#fight=44&type=summary&source=9","@Gurkmon","Goldener Raver","ardent-ass-herald-berserking-warrior-perfected-slivers-of-the-null-arca","dps","Ardent","Ass","Herald","Perfected Slivers of the Null Arca","Berserking Warrior","130609.3","7852.4","61.9","130609.3 DPS",""," (Huntsman's Warmask)","Perfected Null Arca Jack (Perfected Slivers of the Null Arca)","Slimecraw Arm Cops (Slimecraw)","Perfected Null Arca Bracers (Perfected Slivers of the Null Arca)","","Perfected Null Arca Guards (Perfected Slivers of the Null Arca)","Perfected Null Arca Boots (Perfected Slivers of the Null Arca)","","Ring of the Advancing Yokeda (Berserking Warrior)","Ring of the Advancing Yokeda (Berserking Warrior)","Dagger of the Advancing Yokeda (Berserking Warrior)","Dagger of the Advancing Yokeda (Berserking Warrior)","The Maelstrom's Perfected Greatsword (Perfected Merciless Charge)"," ()","Escalating Runeblades","Tentacular Dread","Relentless Focus","Killer's Blade","Barbed Trap","Incapacitating Strike","Stampede","Flames of Oblivion","Molten Whip","Inspired Scholarship","Venomous Claw","Standard of Might"
"Maw of Lorkhaj","Rakkhat","https://www.esologs.com/reports/3qFwWVzyXJmNCdZx#fight=44&type=summary&source=17","@IgnDarius","Darius Skr","ardent-ass-herald-berserking-warrior-perfected-slivers-of-the-null-arca","dps","Ardent","Ass","Herald","Perfected Slivers of the Null Arca","Berserking Warrior","148978.6","17811.3","77.8","148978.6 DPS",""," (Huntsman's Warmask)","Perfected Null Arca Jack (Perfected Slivers of the Null Arca)","Slimecraw Epaulets (Slimecraw)","Perfected Null Arca Bracers (Perfected Slivers of the Null Arca)","","Perfected Null Arca Guards (Perfected Slivers of the Null Arca)","Perfected Null Arca Boots (Perfected Slivers of the Null Arca)","","Ring of the Advancing Yokeda (Berserking Warrior)","Ring of the Advancing Yokeda (Berserking Warrior)","Dagger of the Advancing Yokeda (Berserking Warrior)","Dagger of the Advancing Yokeda (Berserking Warrior)","The Maelstrom's Perfected Greatsword (Perfected Merciless Charge)"," ()","Relentless Focus","Tentacular Dread","Killer's Blade","Escalating Runeblades","Barbed Trap","Soul Harvest","Molten Whip","Stampede","Venomous Claw","Flames of Oblivion","Inspired Scholarship","Standard of Might"
"Maw of Lorkhaj","Rakkhat","https://www.esologs.com/reports/3qFwWVzyXJmNCdZx#fight=44&type=summary&source=4","@HazeRiderz","Centerfolds","ardent-ass-herald-berserking-warrior-perfected-slivers-of-the-null-arca","dps","Ardent","Ass","Herald","Perfected Slivers of the Null Arca","Berserking Warrior","134590.7","647.8","58.5","134590.7 DPS",""," (Huntsman's Warmask)","Perfected Null Arca Jack (Perfected Slivers of the Null Arca)","Slimecraw Epaulets (Slimecraw)","Perfected Null Arca Bracers (Perfected Slivers of the Null Arca)","","Perfected Null Arca Guards (Perfected Slivers of the Null Arca)","Perfected Null Arca Boots (Perfected Slivers of the Null Arca)","","Ring of the Advancing Yokeda (Berserking Warrior)","Ring of the Advancing Yokeda (Berserking Warrior)","Dagger of the Advancing Yokeda (Berserking Warrior)","Dagger of the Advancing Yokeda (Berserking Warrior)","The Maelstrom's Perfected Greatsword (Perfected Merciless Charge)"," ()","Barbed Trap","Tentacular Dread","Escalating Runeblades","Merciless Resolve","Killer's Blade","Soul Harvest","Venomous Claw","Flames of Oblivion","Inspired Scholarship","Molten Whip","Stampede","Standard of Might"
"Maw of Lorkhaj","Rakkhat","https://www.esologs.com/reports/3qFwWVzyXJmNCdZx#fight=44&type=summary&source=12","@Ravex007","Whatamipapa","ardent-ass-herald-berserking-warrior-perfected-slivers-of-the-null-arca","dps","Ardent","Ass","Herald","Perfected Slivers of the Null Arca","Berserking Warrior","100403.9","2690.9","45.0","100403.9 DPS","","Nerien'eth Mask (Nerien'eth)","Perfected Null Arca Jack (Perfected Slivers of the Null Arca)","Nerien'eth Arm Cops (Nerien'eth)","Perfected Null Arca Bracers (Perfected Slivers of the Null Arca)","","Perfected Null Arca Guards (Perfected Slivers of the Null Arca)","Perfected Null Arca Boots (Perfected Slivers of the Null Arca)","","Ring of the Advancing Yokeda (Berserking Warrior)","Ring of the Advancing Yokeda (Berserking Warrior)","Dagger of the Advancing Yokeda (Berserking Warrior)","Dagger of the Advancing Yokeda (Berserking Warrior)","The Maelstrom's Perfected Inferno Staff (Perfected Crushing Wall)"," ()","Pragmatic Fatecarver","Cephaliarch's Flail","Quick Cloak","Banner Bearer","Flames of Oblivion","Soul Harvest","Venomous Claw","Engulfing Flames","Elemental Blockade","Banner Bearer","Inspired Scholarship","The Tide King's Gaze"
"Maw of Lorkhaj","Rakkhat","https://www.esologs.com/reports/3qFwWVzyXJmNCdZx#fight=44&type=summary&source=210","@Ravex007","Whatamipapa","ardent-ass-herald-berserking-warrior-perfected-slivers-of-the-null-arca","dps","Ardent","Ass","Herald","Perfected Slivers of the Null Arca","Berserking Warrior","100409.7","2691.5","45.0","100409.7 DPS","","Nerien'eth Mask (Nerien'eth)","Perfected Null Arca Jack (Perfected Slivers of the Null Arca)","Nerien'eth Arm Cops (Nerien'eth)","Perfected Null Arca Bracers (Perfected Slivers of the Null Arca)","","Perfected Null Arca Guards (Perfected Slivers of the Null Arca)","Perfected Null Arca Boots (Perfected Slivers of the Null Arca)","","Ring of the Advancing Yokeda (Berserking Warrior)","Ring of the Advancing Yokeda (Berserking Warrior)","Dagger of the Advancing Yokeda (Berserking Warrior)","Dagger of the Advancing Yokeda (Berserking Warrior)","The Maelstrom's Perfected Inferno Staff (Perfected Crushing Wall)"," ()","Pragmatic Fatecarver","Cephaliarch's Flail","Quick Cloak","Banner Bearer","Flames of Oblivion","Soul Harvest","Venomous Claw","Engulfing Flames","Elemental Blockade","Banner Bearer","Inspired Scholarship","The Tide King's Gaze"
"Maw of Lorkhaj","Rakkhat","https://www.esologs.com/reports/3qFwWVzyXJmNCdZx#fight=44&type=summary&source=176","@HazeRiderz","Centerfolds","ardent-ass-herald-berserking-warrior-perfected-slivers-of-the-null-arca","dps","Ardent","Ass","Herald","Perfected Slivers of the Null Arca","Berserking Warrior","134617.4","817.4","58.5","134617.4 DPS",""," (Huntsman's Warmask)","Perfected Null Arca Jack (Perfected Slivers of the Null Arca)","Slimecraw Epaulets (Slimecraw)","Perfected Null Arca Bracers (Perfected Slivers of the Null Arca)","","Perfected Null Arca Guards (Perfected Slivers of the Null Arca)","Perfected Null Arca Boots (Perfected Slivers of the Null Arca)","","Ring of the Advancing Yokeda (Berserking Warrior)","Ring of the Advancing Yokeda (Berserking Warrior)","Dagger of the Advancing Yokeda (Berserking Warrior)","Dagger of the Advancing Yokeda (Berserking Warrior)","The Maelstrom's Perfected Greatsword (Perfected Merciless Charge)"," ()","Barbed Trap","Tentacular Dread","Escalating Runeblades","Merciless Resolve","Killer's Blade","Soul Harvest","Venomous Claw","Flames of Oblivion","Inspired Scholarship","Molten Whip","Stampede","Standard of Might"
"Maw of Lorkhaj","Rakkhat","https://www.esologs.com/reports/3qFwWVzyXJmNCdZx#fight=44&type=summary&source=6","@Wa2L","Meeracat","ardent-ass-herald-berserking-warrior-perfected-slivers-of-the-null-arca","dps","Ardent","Ass","Herald","Perfected Slivers of the Null Arca","Berserking Warrior","133802.5","10936.9","83.6","133802.5 DPS",""," (Huntsman's Warmask)","Perfected Null Arca Jack (Perfected Slivers of the Null Arca)","Slimecraw Epaulets (Slimecraw)","Perfected Null Arca Bracers (Perfected Slivers of the Null Arca)","","Perfected Null Arca Guards (Perfected Slivers of the Null Arca)","Perfected Null Arca Boots (Perfected Slivers of the Null Arca)","","Ring of the Advancing Yokeda (Berserking Warrior)","Ring of the Advancing Yokeda (Berserking Warrior)","Dagger of the Advancing Yokeda (Berserking Warrior)","Dagger of the Advancing Yokeda (Berserking Warrior)","The Maelstrom's Perfected Greatsword (Perfected Merciless Charge)"," ()","Tentacular Dread","Merciless Resolve","Escalating Runeblades","Killer's Blade","Barbed Trap","Incapacitating Strike","Stampede","Venomous Claw","Inspired Scholarship","Molten Whip","Flames of Oblivion","Standard of Might"
"Maw of Lorkhaj","Rakkhat","https://www.esologs.com/reports/3qFwWVzyXJmNCdZx#fight=44&type=summary&source=193","@TheFaytFoundation","Fayt Light Leingod","ardent-ass-herald-berserking-warrior-perfected-slivers-of-the-null-arca","dps","Ardent","Ass","Herald","Perfected Slivers of the Null Arca","Berserking Warrior","138753.4","10255.1","66.7","138753.4 DPS",""," (Huntsman's Warmask)","Perfected Null Arca Jack (Perfected Slivers of the Null Arca)","Slimecraw Arm Cops (Slimecraw)","Perfected Null Arca Bracers (Perfected Slivers of the Null Arca)","","Perfected Null Arca Guards (Perfected Slivers of the Null Arca)","Perfected Null Arca Boots (Perfected Slivers of the Null Arca)","","Ring of the Advancing Yokeda (Berserking Warrior)","Ring of the Advancing Yokeda (Berserking Warrior)","Dagger of the Advancing Yokeda (Berserking Warrior)","Dagger of the Advancing Yokeda (Berserking Warrior)","The Maelstrom's Perfected Greatsword (Perfected Merciless Charge)"," ()","Tentacular Dread","Killer's Blade","Escalating Runeblades","Barbed Trap","Merciless Resolve","Incapacitating Strike","Molten Whip","Stampede","Flames of Oblivion","Inspired Scholarship","Venomous Claw","Standard of Might"
"Maw of Lorkhaj","Rakkhat","https://www.esologs.com/reports/3qFwWVzyXJmNCdZx#fight=44&type=summary&source=10","@Diocliate","You Shall not Pärse","ardent-ass-herald-berserking-warrior-perfected-slivers-of-the-null-arca","dps","Ardent","Ass","Herald","Perfected Slivers of the Null Arca","Berserking Warrior","157119.2","10820.4","79.4","157119.2 DPS",""," (Huntsman's Warmask)","Perfected Null Arca Jack (Perfected Slivers of the Null Arca)","Slimecraw Epaulets (Slimecraw)","Perfected Null Arca Bracers (Perfected Slivers of the Null Arca)","","Perfected Null Arca Guards (Perfected Slivers of the Null Arca)","Perfected Null Arca Boots (Perfected Slivers of the Null Arca)","","Ring of the Advancing Yokeda (Berserking Warrior)","Ring of the Advancing Yokeda (Berserking Warrior)","Dagger of the Advancing Yokeda (Berserking Warrior)","Dagger of the Advancing Yokeda (Berserking Warrior)","The Maelstrom's Perfected Greatsword (Perfected Merciless Charge)"," ()","Barbed Trap","Merciless Resolve","Escalating Runeblades","Tentacular Dread","Killer's Blade","Incapacitating Strike","Stampede","Molten Whip","Inspired Scholarship","Venomous Claw","Flames of Oblivion","Standard of Might"
"Maw of Lorkhaj","Rakkhat","https://www.esologs.com/reports/3qFwWVzyXJmNCdZx#fight=44&type=summary&source=24","@grimnoire","Yves Noire","ardent-ass-herald-berserking-warrior-perfected-slivers-of-the-null-arca","dps","Ardent","Ass","Herald","Perfected Slivers of the Null Arca","Berserking Warrior","110608.3","14787.5","66.5","110608.3 DPS","","Nerien'eth Mask (Nerien'eth)","Perfected Null Arca Jack (Perfected Slivers of the Null Arca)","Nerien'eth Arm Cops (Nerien'eth)","Perfected Null Arca Bracers (Perfected Slivers of the Null Arca)","","Perfected Null Arca Guards (Perfected Slivers of the Null Arca)","Perfected Null Arca Boots (Perfected Slivers of the Null Arca)","","Ring of the Advancing Yokeda (Berserking Warrior)","Ring of the Advancing Yokeda (Berserking Warrior)","Dagger of the Advancing Yokeda (Berserking Warrior)","Dagger of the Advancing Yokeda (Berserking Warrior)","The Maelstrom's Greatsword (Merciless Charge)"," ()","Killer's Blade","Escalating Runeblades","Quick Cloak","Tentacular Dread","Relentless Focus","Soul Harvest","Stampede","Inspired Scholarship","Flames of Oblivion","Venomous Claw","Molten Whip","Standard of Might"
"Maw of Lorkhaj","Rakkhat","https://www.esologs.com/reports/3qFwWVzyXJmNCdZx#fight=44&type=summary&source=46","@Xocius","Bradras Ravilnith","ardent-ass-herald-berserking-warrior-perfected-slivers-of-the-null-arca","dps","Ardent","Ass","Herald","Perfected Slivers of the Null Arca","Berserking Warrior","127811.1","8381.3","76.0","127811.1 DPS",""," (Huntsman's Warmask)","Perfected Null Arca Jack (Perfected Slivers of the Null Arca)","Slimecraw Epaulets (Slimecraw)","Perfected Null Arca Bracers (Perfected Slivers of the Null Arca)","","Perfected Null Arca Guards (Perfected Slivers of the Null Arca)","Perfected Null Arca Boots (Perfected Slivers of the Null Arca)","","Ring of the Advancing Yokeda (Berserking Warrior)","Ring of the Advancing Yokeda (Berserking Warrior)","Dagger of the Advancing Yokeda (Berserking Warrior)","Dagger of the Advancing Yokeda (Berserking Warrior)","The Maelstrom's Perfected Greatsword (Perfected Merciless Charge)"," ()","Killer's Blade","Merciless Resolve","Escalating Runeblades","Tentacular Dread","Barbed Trap","Incapacitating Strike","Flames of Oblivion","Venomous Claw","Stampede","Inspired Scholarship","Molten Whip","Standard of Might"
"Maw of Lorkhaj","Rakkhat","https://www.esologs.com/reports/3qFwWVzyXJmNCdZx#fight=44&type=summary&source=49","@yy00","Dranav","ardent-ass-herald-berserking-warrior-perfected-slivers-of-the-null-arca","dps","Ardent","Ass","Herald","Perfected Slivers of the Null Arca","Berserking Warrior","116226.3","4209.3","86.1","116226.3 DPS",""," (Huntsman's Warmask)","Perfected Null Arca Jack (Perfected Slivers of the Null Arca)","Slimecraw Arm Cops (Slimecraw)","Perfected Null Arca Bracers (Perfected Slivers of the Null Arca)","","Perfected Null Arca Guards (Perfected Slivers of the Null Arca)","Perfected Null Arca Boots (Perfected Slivers of the Null Arca)","","Ring of the Advancing Yokeda (Berserking Warrior)","Ring of the Advancing Yokeda (Berserking Warrior)","Dagger of the Advancing Yokeda (Berserking Warrior)","Dagger of the Advancing Yokeda (Berserking Warrior)","The Maelstrom's Perfected Greatsword (Perfected Merciless Charge)"," ()","Relentless Focus","Tentacular Dread","Killer's Blade","Escalating Runeblades","Barbed Trap","Incapacitating Strike","Venomous Claw","Flames of Oblivion","Stampede","Inspired Scholarship","Fulminating Rune","Standard of Might"
"Maw of Lorkhaj","Rakkhat","https://www.esologs.com/reports/3qFwWVzyXJmNCdZx#fight=44&type=summary&source=71","@Alykace","Ulyssee","ardent-ass-herald-aegis-caller-perfected-slivers-of-the-null-arca","dps","Ardent","Ass","Herald","Perfected Slivers of the Null Arca","Aegis Caller","139918.6","9889.3","80.5","139918.6 DPS","The Thief","Slimecraw Mask (Slimecraw)","Perfected Null Arca Jack (Perfected Slivers of the Null Arca)","Aegis Caller's Arm Cops (Aegis Caller)","Perfected Null Arca Bracers (Perfected Slivers of the Null Arca)","","Perfected Null Arca Guards (Perfected Slivers of the Null Arca)","Perfected Null Arca Boots (Perfected Slivers of the Null Arca)","","Aegis Caller's Ring (Aegis Caller)","Aegis Caller's Ring (Aegis Caller)","Aegis Caller's Dagger (Aegis Caller)","Aegis Caller's Dagger (Aegis Caller)","The Maelstrom's Perfected Greatsword (Perfected Merciless Charge)"," ()","Escalating Runeblades","Killer's Blade","Tentacular Dread","Relentless Focus","Quick Cloak","Soul Harvest","Stampede","Venomous Claw","Flames of Oblivion","Inspired Scholarship","Molten Whip","Standard of Might"
"Maw of Lorkhaj","Rakkhat","https://www.esologs.com/reports/3qFwWVzyXJmNCdZx#fight=44&type=summary&source=9","@IntoxicatedUltra","Isadora Runekeeper","ardent-ass-herald-aegis-caller-perfected-slivers-of-the-null-arca","dps","Ardent","Ass","Herald","Perfected Slivers of the Null Arca","Aegis Caller","131245.5","10563.4","54.3","131245.5 DPS","","Slimecraw Guise (Slimecraw)","Perfected Null Arca Jack (Perfected Slivers of the Null Arca)","Aegis Caller's Arm Cops (Aegis Caller)","Perfected Null Arca Bracers (Perfected Slivers of the Null Arca)","","Perfected Null Arca Guards (Perfected Slivers of the Null Arca)","Perfected Null Arca Boots (Perfected Slivers of the Null Arca)","","Aegis Caller's Ring (Aegis Caller)","Aegis Caller's Ring (Aegis Caller)","Aegis Caller's Dagger (Aegis Caller)","Aegis Caller's Dagger (Aegis Caller)","The Maelstrom's Greatsword (Merciless Charge)"," ()","Killer's Blade","Barbed Trap","Tentacular Dread","Escalating Runeblades","Relentless Focus","Soul Harvest","Stampede","Venomous Claw","Flames of Oblivion","Inspired Scholarship","Fulminating Rune","Standard of Might"
"Maw of Lorkhaj","Rakkhat","https://www.esologs.com/reports/3qFwWVzyXJmNCdZx#fight=44&type=summary&source=179","@IntoxicatedUltra","Isadora Runekeeper","ardent-ass-herald-aegis-caller-perfected-slivers-of-the-null-arca","dps","Ardent","Ass","Herald","Perfected Slivers of the Null Arca","Aegis Caller","131234.2","10562.1","54.3","131234.2 DPS","","Slimecraw Guise (Slimecraw)","Perfected Null Arca Jack (Perfected Slivers of the Null Arca)","Aegis Caller's Arm Cops (Aegis Caller)","Perfected Null Arca Bracers (Perfected Slivers of the Null Arca)","","Perfected Null Arca Guards (Perfected Slivers of the Null Arca)","Perfected Null Arca Boots (Perfected Slivers of the Null Arca)","","Aegis Caller's Ring (Aegis Caller)","Aegis Caller's Ring (Aegis Caller)","Aegis Caller's Dagger (Aegis Caller)","Aegis Caller's Dagger (Aegis Caller)","The Maelstrom's Greatsword (Merciless Charge)"," ()","Killer's Blade","Barbed Trap","Tentacular Dread","Escalating Runeblades","Relentless Focus","Soul Harvest","Stampede","Venomous Claw","Flames of Oblivion","Inspired Scholarship","Fulminating Rune","Standard of Might"
"Maw of Lorkhaj","Rakkhat","https://www.esologs.com/reports/3qFwWVzyXJmNCdZx#fight=44&type=summary&source=12","@LadyDesire","Your Lady","ardent-ass-herald-aegis-caller-perfected-slivers-of-the-null-arca","dps","Ardent","Ass","Herald","Perfected Slivers of the Null Arca","Aegis Caller","124754.7","11018.0","81.1","124754.7 DPS","","Slimecraw Mask (Slimecraw)","Perfected Null Arca Jack (Perfected Slivers of the Null Arca)","Aegis Caller's Arm Cops (Aegis Caller)","Perfected Null Arca Bracers (Perfected Slivers of the Null Arca)","","Perfected Null Arca Guards (Perfected Slivers of the Null Arca)","Perfected Null Arca Boots (Perfected Slivers of the Null Arca)","","Aegis Caller's Ring (Aegis Caller)","Aegis Caller's Ring (Aegis Caller)","Aegis Caller's Dagger (Aegis Caller)","Aegis Caller's Dagger (Aegis Caller)","The Maelstrom's Perfected Greatsword (Perfected Merciless Charge)"," ()","Tentacular Dread","Escalating Runeblades","Killer's Blade","Barbed Trap","Relentless Focus","Incapacitating Strike","Flames of Oblivion","Stampede","Molten Whip","Inspired Scholarship","Venomous Claw","Standard of Might"
"Maw of Lorkhaj","Rakkhat","https://www.esologs.com/reports/3qFwWVzyXJmNCdZx#fight=44&type=summary&source=11","@GodDillPickle","Vor'Thoros","ardent-ass-herald-aegis-caller-perfected-slivers-of-the-null-arca","dps","Ardent","Ass","Herald","Perfected Slivers of the Null Arca","Aegis Caller","98566.9","7853.2","54.6","98566.9 DPS","","Slimecraw Guise (Slimecraw)","Perfected Null Arca Jack (Perfected Slivers of the Null Arca)","Perfected Null Arca Arm Cops (Perfected Slivers of the Null Arca)","Aegis Caller's Bracers (Aegis Caller)","","Perfected Null Arca Guards (Perfected Slivers of the Null Arca)","Perfected Null Arca Boots (Perfected Slivers of the Null Arca)","","Aegis Caller's Ring (Aegis Caller)","Aegis Caller's Ring (Aegis Caller)","Aegis Caller's Dagger (Aegis Caller)","Aegis Caller's Dagger (Aegis Caller)","The Maelstrom's Greatsword (Merciless Charge)"," ()","Escalating Runeblades","Relentless Focus","Tentacular Dread","Flames of Oblivion","Killer's Blade","Soul Harvest","Inspired Scholarship","Venomous Claw","Stampede","Fulminating Rune","Molten Whip","Standard of Might"
"Maw of Lorkhaj","Rakkhat","https://www.esologs.com/reports/3qFwWVzyXJmNCdZx#fight=44&type=summary&source=5","@jeronimq","jø-rşıh'q","ardent-ass-herald-aegis-caller-perfected-slivers-of-the-null-arca","dps","Ardent","Ass","Herald","Aegis Caller","Perfected Slivers of the Null Arca","138078.4","11245.5","104.7","138078.4 DPS",""," (Huntsman's Warmask)","Aegis Caller's Jack (Aegis Caller)","Slimecraw Arm Cops (Slimecraw)","Aegis Caller's Bracers (Aegis Caller)","","Aegis Caller's Guards (Aegis Caller)","Aegis Caller's Boots (Aegis Caller)","","Perfected Null Arca Ring (Perfected Slivers of the Null Arca)","Perfected Null Arca Ring (Perfected Slivers of the Null Arca)","Perfected Null Arca Dagger (Perfected Slivers of the Null Arca)","Perfected Null Arca Dagger (Perfected Slivers of the Null Arca)","The Maelstrom's Perfected Greatsword (Perfected Merciless Charge)"," ()","Escalating Runeblades","Tentacular Dread","Killer's Blade","Merciless Resolve","Camouflaged Hunter","Soul Harvest","Flames of Oblivion","Stampede","Inspired Scholarship","Venomous Claw","Molten Whip","Standard of Might"
"Maw of Lorkhaj","Rakkhat","https://www.esologs.com/reports/3qFwWVzyXJmNCdZx#fight=44&type=summary&source=7","@Rayba-Sama","Rayba","ardent-ass-herald-aegis-caller-perfected-slivers-of-the-null-arca","dps","Ardent","Ass","Herald","Perfected Slivers of the Null Arca","Aegis Caller","85934.9","5926.8","67.6","85934.9 DPS",""," (Huntsman's Warmask)","Perfected Null Arca Jack (Perfected Slivers of the Null Arca)","Zaan Epaulets (Zaan)","Perfected Null Arca Bracers (Perfected Slivers of the Null Arca)","","Perfected Null Arca Guards (Perfected Slivers of the Null Arca)","Aegis Caller's Boots (Aegis Caller)","","Aegis Caller's Ring (Aegis Caller)","Aegis Caller's Ring (Aegis Caller)","Aegis Caller's Dagger (Aegis Caller)","Aegis Caller's Dagger (Aegis Caller)","The Maelstrom's Perfected Greatsword (Perfected Merciless Charge)"," ()","Killer's Blade","Escalating Runeblades","Tentacular Dread","Barbed Trap","Merciless Resolve","Soul Harvest","Inspired Scholarship","Stampede","Venomous Claw","Molten Whip","Flames of Oblivion","Standard of Might"
"Maw of Lorkhaj","Rakkhat","https://www.esologs.com/reports/TXV8b69hZJ3MajKg#fight=20&type=summary&source=2","@zephyrus_eleison","Arkerion Aedael","green-resto-siphon-perfected-pillagers-profit-spell-power-cure","healer","Siphon","Resto","Green","Spell Power Cure","Perfected Pillager's Profit","5867.3","145494.1","67.9","145494.1 HPS","","Ozezan the Inferno's Mask (Ozezan the Inferno)","Spell Power Cure Jerkin (Spell Power Cure)","Ozezan the Inferno's Epaulets (Ozezan the Inferno)","Spell Power Cure Gloves (Spell Power Cure)","","Spell Power Cure Breeches (Spell Power Cure)","Druid's Shoes (Druid's Braid)","","Perfected Pillager's Band (Perfected Pillager's Profit)","Perfected Pillager's Band (Perfected Pillager's Profit)","Perfected Pillager's Lightning Staff (Perfected Pillager's Profit)"," ()","Spell Power Cure Restoration Staff (Spell Power Cure)"," ()","Overflowing Altar","Mystic Orb","Elemental Blockade","Extended Ritual","Siphoning Attacks","Reviving Barrier","Radiating Regeneration","Combat Prayer","Illustrious Healing","Budding Seeds","Echoing Vigor","Soul Shred"
"Maw of Lorkhaj","Rakkhat","https://www.esologs.com/reports/TXV8b69hZJ3MajKg#fight=20&type=summary&source=1","@zephyrus_eleison","Arkerion Aedael","green-resto-siphon-perfected-pillagers-profit-spell-power-cure","healer","Siphon","Resto","Green","Spell Power Cure","Perfected Pillager's Profit","5870.8","145489.0","67.9","145489.0 HPS","The Thief","Ozezan the Inferno's Mask (Ozezan the Inferno)","Spell Power Cure Jerkin (Spell Power Cure)","Ozezan the Inferno's Epaulets (Ozezan the Inferno)","Spell Power Cure Gloves (Spell Power Cure)","","Spell Power Cure Breeches (Spell Power Cure)","Druid's Shoes (Druid's Braid)","","Perfected Pillager's Band (Perfected Pillager's Profit)","Perfected Pillager's Band (Perfected Pillager's Profit)","Perfected Pillager's Lightning Staff (Perfected Pillager's Profit)"," ()","Spell Power Cure Restoration Staff (Spell Power Cure)"," ()","Overflowing Altar","Mystic Orb","Elemental Blockade","Extended Ritual","Siphoning Attacks","Reviving Barrier","Radiating Regeneration","Combat Prayer","Illustrious Healing","Budding Seeds","Echoing Vigor","Soul Shred"
"Maw of Lorkhaj","Rakkhat","https://www.esologs.com/reports/TXV8b69hZJ3MajKg#fight=20&type=summary&source=52","@Prince_Uzi","Piśces","green-resto-siphon-perfected-pillagers-profit-spell-power-cure","healer","Siphon","Resto","Green","Spell Power Cure","Perfected Pillager's Profit","4735.3","112033.0","65.8","112033.0 HPS","","Symphony of Blades Mask (Symphony of Blades)","Spell Power Cure Robe (Spell Power Cure)","Symphony of Blades Pauldrons (Symphony of Blades)","Spell Power Cure Gloves (Spell Power Cure)","","Spell Power Cure Breeches (Spell Power Cure)","Spell Power Cure Shoes (Spell Power Cure)","","Perfected Pillager's Band (Perfected Pillager's Profit)","Perfected Pillager's Band (Perfected Pillager's Profit)","The Master's Perfected Restoration Staff (Perfected Grand Rejuvenation)"," ()","Perfected Pillager's Lightning Staff (Perfected Pillager's Profit)"," ()","Illustrious Healing","Traumatic Trample","Overflowing Altar","Combat Prayer","Radiating Regeneration","Soul Shred","Budding Seeds","Elemental Blockade","Extended Ritual","Echoing Vigor","Energy Orb","Aggressive Horn"
"Maw of Lorkhaj","Rakkhat","https://www.esologs.com/reports/TXV8b69hZJ3MajKg#fight=20&type=summary&source=3","@Amadra_1","M'atcha Mochi","green-resto-siphon-perfected-pillagers-profit-spell-power-cure","healer","Siphon","Resto","Green","Spell Power Cure","Perfected Pillager's Profit","2221.1","133291.4","53.4","133291.4 HPS","","Symphony of Blades Guise (Symphony of Blades)","Spell Power Cure Robe (Spell Power Cure)","Symphony of Blades Epaulets (Symphony of Blades)","Perfected Pillager's Gloves (Perfected Pillager's Profit)","","Breeches of the Trainee (Armor of the Trainee)","Spell Power Cure Shoes (Spell Power Cure)","","Perfected Pillager's Band (Perfected Pillager's Profit)","Perfected Pillager's Band (Perfected Pillager's Profit)","Spell Power Cure Restoration Staff (Spell Power Cure)"," ()","Perfected Pillager's Lightning Staff (Perfected Pillager's Profit)"," ()","Illustrious Healing","Radiating Regeneration","Combat Prayer","Budding Seeds","Siphoning Attacks","Soul Siphon","Echoing Vigor","Energy Orb","Radiant Aura","Extended Ritual","Elemental Blockade","Reviving Barrier"
"Maw of Lorkhaj","Rakkhat","https://www.esologs.com/reports/3qFwWVzyXJmNCdZx#fight=44&type=summary&source=4","@Silene-Armeria","Euphorbia Flanaganii","curative-green-siphon-perfected-pillagers-profit-spell-power-cure","healer","Siphon","Green","Curative","Perfected Pillager's Profit","Spell Power Cure","3604.3","126625.1","63.7","126625.1 HPS","","Ozezan the Inferno's Mask (Ozezan the Inferno)","Spell Power Cure Robe (Spell Power Cure)","Ozezan the Inferno's Arm Cops (Ozezan the Inferno)","Spell Power Cure Gloves (Spell Power Cure)","","Perfected Pillager's Breeches (Perfected Pillager's Profit)","Spell Power Cure Shoes (Spell Power Cure)","","Perfected Pillager's Band (Perfected Pillager's Profit)","Perfected Pillager's Band (Perfected Pillager's Profit)","Spell Power Cure Restoration Staff (Spell Power Cure)"," ()","Perfected Pillager's Lightning Staff (Perfected Pillager's Profit)"," ()","Radiating Regeneration","Illustrious Healing","Combat Prayer","Echoing Vigor","Energy Orb","Soul Siphon","Healing Contingency","Budding Seeds","Elemental Blockade","Siphoning Attacks","Overflowing Altar","Glyphic of the Tides"
"Maw of Lorkhaj","Rakkhat","https://www.esologs.com/reports/3qFwWVzyXJmNCdZx#fight=44&type=summary&source=3","@CatofSomeKind","Enchanted Growth","curative-green-siphon-perfected-pillagers-profit-spell-power-cure","healer","Siphon","Green","Curative","Spell Power Cure","Perfected Pillager's Profit","8549.5","100980.9","69.2","100980.9 HPS","The Thief","Symphony of Blades Visage (Symphony of Blades)","Perfected Pillager's Robe (Perfected Pillager's Profit)","Symphony of Blades Epaulets (Symphony of Blades)","Spell Power Cure Gloves (Spell Power Cure)","","Spell Power Cure Breeches (Spell Power Cure)","Spell Power Cure Shoes (Spell Power Cure)","","Perfected Pillager's Band (Perfected Pillager's Profit)","Perfected Pillager's Band (Perfected Pillager's Profit)","Spell Power Cure Restoration Staff (Spell Power Cure)"," ()","Perfected Pillager's Lightning Staff (Perfected Pillager's Profit)"," ()","Healing Springs","Combat Prayer","Echoing Vigor","Radiating Regeneration","Budding Seeds","Reviving Barrier","Magical Trample","Energy Orb","Elemental Blockade","Siphoning Attacks","Chakram of Destiny","Reviving Barrier"
"Maw of Lorkhaj","Rakkhat","https://www.esologs.com/reports/3qFwWVzyXJmNCdZx#fight=44&type=summary&source=44","@stephnie","Ämelie","curative-green-siphon-perfected-pillagers-profit-spell-power-cure","healer","Siphon","Green","Curative","Spell Power Cure","Perfected Pillager's Profit","7502.6","80490.3","57.2","80490.3 HPS","","Ozezan the Inferno's Visage (Ozezan the Inferno)","Spell Power Cure Jerkin (Spell Power Cure)","Ozezan the Inferno's Epaulets (Ozezan the Inferno)","Spell Power Cure Gloves (Spell Power Cure)","","Perfected Pillager's Breeches (Perfected Pillager's Profit)","Spell Power Cure Shoes (Spell Power Cure)","","Perfected Pillager's Band (Perfected Pillager's Profit)","Perfected Pillager's Band (Perfected Pillager's Profit)","Spell Power Cure Restoration Staff (Spell Power Cure)"," ()","Perfected Pillager's Lightning Staff (Perfected Pillager's Profit)"," ()","Mystic Orb","Radiating Regeneration","Combat Prayer","Budding Seeds","Illustrious Healing","Soul Tether","Chakram of Destiny","Overflowing Altar","Echoing Vigor","Sap Essence","Elemental Blockade","Glyphic of the Tides"
"Maw of Lorkhaj","Rakkhat","https://www.esologs.com/reports/QDdwXL4aATmFkKNB#fight=25&type=summary&source=5","@stephnie","Şerenìty","green-resto-siphon-jorvulds-guidance-perfected-roaring-opportunist","healer","Siphon","Resto","Green","Perfected Roaring Opportunist","Jorvuld's Guidance","5245.6","78488.7","37.3","78488.7 HPS","","Archdruid Devyric's Visage (Archdruid Devyric)","Jorvuld's Guidance Robe (Jorvuld's Guidance)","Archdruid Devyric's Epaulets (Archdruid Devyric)","Jorvuld's Guidance Gloves (Jorvuld's Guidance)","","Jorvuld's Guidance Breeches (Jorvuld's Guidance)","Jorvuld's Guidance Shoes (Jorvuld's Guidance)","","Roaring Opportunist's Perfected Ring (Perfected Roaring Opportunist)","Roaring Opportunist's Perfected Ring (Perfected Roaring Opportunist)","Roaring Opportunist's Perfected Restoration Staff (Perfected Roaring Opportunist)"," ()","Roaring Opportunist's Perfected Lightning Staff (Perfected Roaring Opportunist)"," ()","Extended Ritual","Radiating Regeneration","Combat Prayer","Energy Orb","Illustrious Healing","Replenishing Barrier","Budding Seeds","Radiant Aura","Echoing Vigor","Sap Essence","Elemental Blockade","Aggressive Horn"
"Maw of Lorkhaj","Rakkhat","https://www.esologs.com/reports/QDdwXL4aATmFkKNB#fight=25&type=summary&source=25","@grimnoire","Yui Noire","green-resto-siphon-jorvulds-guidance-perfected-roaring-opportunist","healer","Siphon","Resto","Green","Jorvuld's Guidance","Perfected Roaring Opportunist","6775.8","116057.4","41.0","116057.4 HPS","","Symphony of Blades Guise (Symphony of Blades)","Jorvuld's Guidance Robe (Jorvuld's Guidance)","Symphony of Blades Epaulets (Symphony of Blades)","Jorvuld's Guidance Gloves (Jorvuld's Guidance)","","Jorvuld's Guidance Breeches (Jorvuld's Guidance)","Jorvuld's Guidance Shoes (Jorvuld's Guidance)","","Roaring Opportunist's Perfected Ring (Perfected Roaring Opportunist)","Roaring Opportunist's Perfected Ring (Perfected Roaring Opportunist)","Roaring Opportunist's Perfected Restoration Staff (Perfected Roaring Opportunist)"," ()","The Maelstrom's Lightning Staff (Crushing Wall)"," ()","Echoing Vigor","Radiating Regeneration","Combat Prayer","Illustrious Healing","Budding Seeds","Soul Tether","Warding Burst","Elemental Blockade","Energy Orb","Extended Ritual","Magical Trample","Reviving Barrier"
"Maw of Lorkhaj","Rakkhat","https://www.esologs.com/reports/QDdwXL4aATmFkKNB#fight=25&type=summary&source=3","@JustAMist","Bael'Umbra","green-resto-siphon-jorvulds-guidance-perfected-roaring-opportunist","healer","Siphon","Resto","Green","Perfected Roaring Opportunist","Jorvuld's Guidance","5549.9","140576.6","53.3","140576.6 HPS","","Symphony of Blades Guise (Symphony of Blades)","Jorvuld's Guidance Robe (Jorvuld's Guidance)","Symphony of Blades Epaulets (Symphony of Blades)","Jorvuld's Guidance Gloves (Jorvuld's Guidance)","","Jorvuld's Guidance Breeches (Jorvuld's Guidance)","Jorvuld's Guidance Shoes (Jorvuld's Guidance)","","Roaring Opportunist's Perfected Ring (Perfected Roaring Opportunist)","Roaring Opportunist's Perfected Ring (Perfected Roaring Opportunist)","Roaring Opportunist's Perfected Restoration Staff (Perfected Roaring Opportunist)"," ()","Roaring Opportunist's Perfected Lightning Staff (Perfected Roaring Opportunist)"," ()","Blessing of Restoration","Echoing Vigor","Budding Seeds","Radiating Regeneration","Illustrious Healing","Soul Siphon","Extended Ritual","Elemental Blockade","Energy Orb","Radiant Aura","Overflowing Altar","Aggressive Horn"
"Maw of Lorkhaj","Rakkhat","https://www.esologs.com/reports/TXV8b69hZJ3MajKg#fight=20&type=summary&source=7","@Earth.less","Frying Pan","earthen-soldier-x-perfected-lucent-echoes-perfected-pearlescent-ward","tank","Earthen","Soldier","x","Perfected Lucent Echoes","Perfected Pearlescent Ward","13594.1","6313.7","57.7","57.7 CPM","","Nazaray Mask (Nazaray)","Perfected Pearlescent Cuirass (Perfected Pearlescent Ward)","Nazaray Epaulets (Nazaray)","Lucent Echoes Perfected Gauntlets (Perfected Lucent Echoes)","","Perfected Pearlescent Greaves (Perfected Pearlescent Ward)","Lucent Echoes Perfected Sabatons (Perfected Lucent Echoes)","","Perfected Pearlescent Ring (Perfected Pearlescent Ward)","Perfected Pearlescent Ring (Perfected Pearlescent Ward)","Lucent Echoes Perfected Ice Staff (Perfected Lucent Echoes)"," ()","Lucent Echoes Perfected Ice Staff (Perfected Lucent Echoes)"," ()","Impervious Runeward","Stone Giant","Elemental Susceptibility","Inner Rage","Igneous Shield","Gibbering Shelter","Igneous Weapons","Elemental Blockade","Mystic Orb","Rune of the Colorless Pool","Cruxweaver Armor","Aggressive Horn"
"Maw of Lorkhaj","Rakkhat","https://www.esologs.com/reports/TXV8b69hZJ3MajKg#fight=20&type=summary&source=172","@Earth.less","Frying Pan","earthen-soldier-x-perfected-lucent-echoes-perfected-pearlescent-ward","tank","Earthen","Soldier","x","Perfected Lucent Echoes","Perfected Pearlescent Ward","13600.8","6321.9","57.7","57.7 CPM","The Thief","Nazaray Mask (Nazaray)","Perfected Pearlescent Cuirass (Perfected Pearlescent Ward)","Nazaray Epaulets (Nazaray)","Lucent Echoes Perfected Gauntlets (Perfected Lucent Echoes)","","Perfected Pearlescent Greaves (Perfected Pearlescent Ward)","Lucent Echoes Perfected Sabatons (Perfected Lucent Echoes)","","Perfected Pearlescent Ring (Perfected Pearlescent Ward)","Perfected Pearlescent Ring (Perfected Pearlescent Ward)","Lucent Echoes Perfected Ice Staff (Perfected Lucent Echoes)"," ()","Lucent Echoes Perfected Ice Staff (Perfected Lucent Echoes)"," ()","Impervious Runeward","Stone Giant","Elemental Susceptibility","Inner Rage","Igneous Shield","Gibbering Shelter","Igneous Weapons","Elemental Blockade","Mystic Orb","Rune of the Colorless Pool","Cruxweaver Armor","Aggressive Horn"
"Maw of Lorkhaj","Trash Builds","https://www.esologs.com/reports/pNb6GRnWVYtAZwk8#fight=82&type=summary&source=6","@ZweiFass4","Rünebladés-Beam-Sister","ardent-ass-herald-deadly-strike-perfected-sul-xans-torment","dps","Ardent","Ass","Herald","Perfected Sul-Xan's Torment","Deadly Strike","113016.0","2567.8","39.9","113016.0 DPS","","Valkyn Skoria Guise (Valkyn Skoria)","Perfected Jack of Sul-Xan's Torment (Perfected Sul-Xan's Torment)","Deadly Arm Cops (Deadly Strike)","Perfected Bracers of Sul-Xan's Torment (Perfected Sul-Xan's Torment)","","Perfected Guards of Sul-Xan's Torment (Perfected Sul-Xan's Torment)","Perfected Boots of Sul-Xan's Torment (Perfected Sul-Xan's Torment)","","Deadly Ring (Deadly Strike)","Deadly Ring (Deadly Strike)","Deadly Dagger (Deadly Strike)","Deadly Dagger (Deadly Strike)","The Maelstrom's Perfected Inferno Staff (Perfected Crushing Wall)"," ()","Camouflaged Hunter","Shattering Knife","Pragmatic Fatecarver","Sundering Burst","Merciless Resolve","Incapacitating Strike","Elemental Blockade","Proximity Detonation","Molten Whip","Flames of Oblivion","Inspired Scholarship","Elemental Rage"
"Maw of Lorkhaj","Trash Builds","https://www.esologs.com/reports/pNb6GRnWVYtAZwk8#fight=82&type=summary&source=8","@Shftx","Swftx","ardent-ass-herald-deadly-strike-perfected-sul-xans-torment","dps","Ardent","Ass","Herald","Perfected Sul-Xan's Torment","Deadly Strike","95539.1","2428.5","42.7","95539.1 DPS","","Slimecraw Mask (Slimecraw)","Perfected Jack of Sul-Xan's Torment (Perfected Sul-Xan's Torment)","Deadly Arm Cops (Deadly Strike)","Perfected Bracers of Sul-Xan's Torment (Perfected Sul-Xan's Torment)","","Perfected Guards of Sul-Xan's Torment (Perfected Sul-Xan's Torment)","Perfected Boots of Sul-Xan's Torment (Perfected Sul-Xan's Torment)","","Deadly Ring (Deadly Strike)","Deadly Ring (Deadly Strike)","Deadly Dagger (Deadly Strike)","Deadly Dagger (Deadly Strike)","The Maelstrom's Perfected Inferno Staff (Perfected Crushing Wall)"," ()","Quick Cloak","Camouflaged Hunter","Escalating Runeblades","Pragmatic Fatecarver","Concealed Weapon","Flawless Dawnbreaker","Inspired Scholarship","Flames of Oblivion","Elemental Blockade","Razor Caltrops","Molten Whip","Elemental Rage"
"Maw of Lorkhaj","Trash Builds","https://www.esologs.com/reports/pNb6GRnWVYtAZwk8#fight=82&type=summary&source=2","@Str4d3r","Stràder","ardent-ass-herald-deadly-strike-perfected-sul-xans-torment","dps","Ardent","Ass","Herald","Perfected Sul-Xan's Torment","Deadly Strike","115401.7","0.0","38.1","115401.7 DPS","","Slimecraw Guise (Slimecraw)","Perfected Jack of Sul-Xan's Torment (Perfected Sul-Xan's Torment)","Deadly Arm Cops (Deadly Strike)","Perfected Bracers of Sul-Xan's Torment (Perfected Sul-Xan's Torment)","","Perfected Guards of Sul-Xan's Torment (Perfected Sul-Xan's Torment)","Perfected Boots of Sul-Xan's Torment (Perfected Sul-Xan's Torment)","","Deadly Ring (Deadly Strike)","Deadly Ring (Deadly Strike)","Deadly Dagger (Deadly Strike)","Deadly Dagger (Deadly Strike)","The Maelstrom's Perfected Inferno Staff (Perfected Crushing Wall)"," ()","Camouflaged Hunter","Barbed Trap","Quick Cloak","Escalating Runeblades","Exhausting Fatecarver","Soul Harvest","Concealed Weapon","Proximity Detonation","Elemental Blockade","Flames of Oblivion","Inspired Scholarship","The Languid Eye"
"Maw of Lorkhaj","Trash Builds","https://www.esologs.com/reports/pNb6GRnWVYtAZwk8#fight=82&type=summary&source=13","@NukeDuckZA","Nukeduçk","ardent-ass-herald-deadly-strike-perfected-sul-xans-torment","dps","Ardent","Ass","Herald","Perfected Sul-Xan's Torment","Deadly Strike","103560.6","2519.9","28.1","103560.6 DPS","","Deadly Helmet (Deadly Strike)","Perfected Jack of Sul-Xan's Torment (Perfected Sul-Xan's Torment)","Slimecraw Epaulets (Slimecraw)","Perfected Bracers of Sul-Xan's Torment (Perfected Sul-Xan's Torment)","","Perfected Guards of Sul-Xan's Torment (Perfected Sul-Xan's Torment)","Perfected Boots of Sul-Xan's Torment (Perfected Sul-Xan's Torment)","","Tide-Born Ring (Tide-Born Wildstalker)","Deadly Ring (Deadly Strike)","Deadly Dagger (Deadly Strike)","Deadly Dagger (Deadly Strike)","The Maelstrom's Perfected Inferno Staff (Perfected Crushing Wall)"," ()","Pragmatic Fatecarver","Relentless Focus","Escalating Runeblades","Killer's Blade","Camouflaged Hunter","Soul Harvest","Elemental Blockade","Anti-Cavalry Caltrops","Flames of Oblivion","Inspired Scholarship","Concealed Weapon","The Languid Eye"
"Maw of Lorkhaj","Trash Builds","https://www.esologs.com/reports/pNb6GRnWVYtAZwk8#fight=82&type=summary&source=16","@ruciake","Runmei","ardent-ass-herald-deadly-strike-perfected-sul-xans-torment","dps","Ardent","Ass","Herald","Perfected Sul-Xan's Torment","Deadly Strike","108222.8","2872.6","30.9","108222.8 DPS","","Slimecraw Guise (Slimecraw)","Perfected Jack of Sul-Xan's Torment (Perfected Sul-Xan's Torment)","Perfected Arm Cops of Sul-Xan's Torment (Perfected Sul-Xan's Torment)","Perfected Bracers of Sul-Xan's Torment (Perfected Sul-Xan's Torment)","","Perfected Guards of Sul-Xan's Torment (Perfected Sul-Xan's Torment)","Deadly Boots (Deadly Strike)","","Deadly Ring (Deadly Strike)","Deadly Ring (Deadly Strike)","Deadly Dagger (Deadly Strike)","Deadly Dagger (Deadly Strike)","The Maelstrom's Perfected Inferno Staff (Perfected Crushing Wall)"," ()","Shattering Knife","Exhausting Fatecarver","Relentless Focus","Quick Cloak","Camouflaged Hunter","Incapacitating Strike","Proximity Detonation","Elemental Blockade","Inspired Scholarship","Flames of Oblivion","Reaper's Mark","The Languid Eye"
"Maw of Lorkhaj","Trash Builds","https://www.esologs.com/reports/pNb6GRnWVYtAZwk8#fight=82&type=summary&source=1","@ObsidianRazor","Wasn't blocking","ardent-ass-herald-deadly-strike-perfected-sul-xans-torment","dps","Ardent","Ass","Herald","Perfected Sul-Xan's Torment","Deadly Strike","111819.5","3325.2","49.0","111819.5 DPS","","Slimecraw Mask (Slimecraw)","Perfected Jack of Sul-Xan's Torment (Perfected Sul-Xan's Torment)","Perfected Arm Cops of Sul-Xan's Torment (Perfected Sul-Xan's Torment)","Perfected Bracers of Sul-Xan's Torment (Perfected Sul-Xan's Torment)","","Perfected Guards of Sul-Xan's Torment (Perfected Sul-Xan's Torment)","Perfected Boots of Sul-Xan's Torment (Perfected Sul-Xan's Torment)","","Deadly Ring (Deadly Strike)","Deadly Ring (Deadly Strike)","Deadly Dagger (Deadly Strike)","Deadly Dagger (Deadly Strike)","The Maelstrom's Perfected Inferno Staff (Perfected Crushing Wall)"," ()","Camouflaged Hunter","Quick Cloak","Molten Whip","Escalating Runeblades","Pragmatic Fatecarver","Incapacitating Strike","Fulminating Rune","Blockade of Fire","Anti-Cavalry Caltrops","Inspired Scholarship","Flames of Oblivion","Fiery Rage"
"Maw of Lorkhaj","Trash Builds","https://www.esologs.com/reports/pNb6GRnWVYtAZwk8#fight=82&type=summary&source=6","@ZweiFass4","Rünebladés-Beam-Sister","ardent-ass-herald-deadly-strike-perfected-sul-xans-torment","dps","Ardent","Ass","Herald","Perfected Sul-Xan's Torment","Deadly Strike","76391.3","1590.0","52.8","76391.3 DPS","","Valkyn Skoria Guise (Valkyn Skoria)","Perfected Jack of Sul-Xan's Torment (Perfected Sul-Xan's Torment)","Deadly Arm Cops (Deadly Strike)","Perfected Bracers of Sul-Xan's Torment (Perfected Sul-Xan's Torment)","","Perfected Guards of Sul-Xan's Torment (Perfected Sul-Xan's Torment)","Perfected Boots of Sul-Xan's Torment (Perfected Sul-Xan's Torment)","","Deadly Ring (Deadly Strike)","Deadly Ring (Deadly Strike)","Deadly Dagger (Deadly Strike)","Deadly Dagger (Deadly Strike)","The Maelstrom's Perfected Inferno Staff (Perfected Crushing Wall)"," ()","Camouflaged Hunter","Shattering Knife","Pragmatic Fatecarver","Sundering Burst","Merciless Resolve","Incapacitating Strike","Elemental Blockade","Proximity Detonation","Molten Whip","Flames of Oblivion","Inspired Scholarship","Elemental Rage"
"Maw of Lorkhaj","Trash Builds","https://www.esologs.com/reports/pNb6GRnWVYtAZwk8#fight=82&type=summary&source=8","@Shftx","Swftx","ardent-ass-herald-deadly-strike-perfected-sul-xans-torment","dps","Ardent","Ass","Herald","Perfected Sul-Xan's Torment","Deadly Strike","82761.5","3268.7","42.9","82761.5 DPS","","Slimecraw Mask (Slimecraw)","Perfected Jack of Sul-Xan's Torment (Perfected Sul-Xan's Torment)","Deadly Arm Cops (Deadly Strike)","Perfected Bracers of Sul-Xan's Torment (Perfected Sul-Xan's Torment)","","Perfected Guards of Sul-Xan's Torment (Perfected Sul-Xan's Torment)","Perfected Boots of Sul-Xan's Torment (Perfected Sul-Xan's Torment)","","Deadly Ring (Deadly Strike)","Deadly Ring (Deadly Strike)","Deadly Dagger (Deadly Strike)","Deadly Dagger (Deadly Strike)","The Maelstrom's Perfected Inferno Staff (Perfected Crushing Wall)"," ()","Quick Cloak","Camouflaged Hunter","Escalating Runeblades","Pragmatic Fatecarver","Concealed Weapon","Flawless Dawnbreaker","Inspired Scholarship","Flames of Oblivion","Elemental Blockade","Razor Caltrops","Molten Whip","Elemental Rage"
"Maw of Lorkhaj","Trash Builds","https://www.esologs.com/reports/pNb6GRnWVYtAZwk8#fight=82&type=summary&source=2","@Str4d3r","Stràder","ardent-ass-herald-deadly-strike-perfected-sul-xans-torment","dps","Ardent","Ass","Herald","Perfected Sul-Xan's Torment","Deadly Strike","90812.1","176.4","38.5","90812.1 DPS","","Slimecraw Guise (Slimecraw)","Perfected Jack of Sul-Xan's Torment (Perfected Sul-Xan's Torment)","Deadly Arm Cops (Deadly Strike)","Perfected Bracers of Sul-Xan's Torment (Perfected Sul-Xan's Torment)","","Perfected Guards of Sul-Xan's Torment (Perfected Sul-Xan's Torment)","Perfected Boots of Sul-Xan's Torment (Perfected Sul-Xan's Torment)","","Deadly Ring (Deadly Strike)","Deadly Ring (Deadly Strike)","Deadly Dagger (Deadly Strike)","Deadly Dagger (Deadly Strike)","The Maelstrom's Perfected Inferno Staff (Perfected Crushing Wall)"," ()","Camouflaged Hunter","Barbed Trap","Quick Cloak","Escalating Runeblades","Exhausting Fatecarver","Soul Harvest","Concealed Weapon","Proximity Detonation","Elemental Blockade","Flames of Oblivion","Inspired Scholarship","The Languid Eye"
"Maw of Lorkhaj","Trash Builds","https://www.esologs.com/reports/pNb6GRnWVYtAZwk8#fight=82&type=summary&source=13","@NukeDuckZA","Nukeduçk","ardent-ass-herald-deadly-strike-perfected-sul-xans-torment","dps","Ardent","Ass","Herald","Perfected Sul-Xan's Torment","Deadly Strike","61093.9","2249.0","28.6","61093.9 DPS","","Deadly Helmet (Deadly Strike)","Perfected Jack of Sul-Xan's Torment (Perfected Sul-Xan's Torment)","Slimecraw Epaulets (Slimecraw)","Perfected Bracers of Sul-Xan's Torment (Perfected Sul-Xan's Torment)","","Perfected Guards of Sul-Xan's Torment (Perfected Sul-Xan's Torment)","Perfected Boots of Sul-Xan's Torment (Perfected Sul-Xan's Torment)","","Tide-Born Ring (Tide-Born Wildstalker)","Deadly Ring (Deadly Strike)","Deadly Dagger (Deadly Strike)","Deadly Dagger (Deadly Strike)","The Maelstrom's Perfected Inferno Staff (Perfected Crushing Wall)"," ()","Pragmatic Fatecarver","Relentless Focus","Escalating Runeblades","Killer's Blade","Camouflaged Hunter","Soul Harvest","Elemental Blockade","Anti-Cavalry Caltrops","Flames of Oblivion","Inspired Scholarship","Concealed Weapon","The Languid Eye"
"Maw of Lorkhaj","Trash Builds","https://www.esologs.com/reports/pNb6GRnWVYtAZwk8#fight=82&type=summary&source=16","@ruciake","Runmei","ardent-ass-herald-deadly-strike-perfected-sul-xans-torment","dps","Ardent","Ass","Herald","Perfected Sul-Xan's Torment","Deadly Strike","93419.5","6009.6","35.2","93419.5 DPS","","Slimecraw Guise (Slimecraw)","Perfected Jack of Sul-Xan's Torment (Perfected Sul-Xan's Torment)","Perfected Arm Cops of Sul-Xan's Torment (Perfected Sul-Xan's Torment)","Perfected Bracers of Sul-Xan's Torment (Perfected Sul-Xan's Torment)","","Perfected Guards of Sul-Xan's Torment (Perfected Sul-Xan's Torment)","Deadly Boots (Deadly Strike)","","Deadly Ring (Deadly Strike)","Deadly Ring (Deadly Strike)","Deadly Dagger (Deadly Strike)","Deadly Dagger (Deadly Strike)","The Maelstrom's Perfected Inferno Staff (Perfected Crushing Wall)"," ()","Shattering Knife","Exhausting Fatecarver","Relentless Focus","Quick Cloak","Camouflaged Hunter","Incapacitating Strike","Proximity Detonation","Elemental Blockade","Inspired Scholarship","Flames of Oblivion","Reaper's Mark","The Languid Eye"
"Maw of Lorkhaj","Trash Builds","https://www.esologs.com/reports/pNb6GRnWVYtAZwk8#fight=82&type=summary&source=1","@ObsidianRazor","Wasn't blocking","ardent-ass-herald-deadly-strike-perfected-sul-xans-torment","dps","Ardent","Ass","Herald","Perfected Sul-Xan's Torment","Deadly Strike","80204.3","3680.2","41.8","80204.3 DPS","","Slimecraw Mask (Slimecraw)","Perfected Jack of Sul-Xan's Torment (Perfected Sul-Xan's Torment)","Perfected Arm Cops of Sul-Xan's Torment (Perfected Sul-Xan's Torment)","Perfected Bracers of Sul-Xan's Torment (Perfected Sul-Xan's Torment)","","Perfected Guards of Sul-Xan's Torment (Perfected Sul-Xan's Torment)","Perfected Boots of Sul-Xan's Torment (Perfected Sul-Xan's Torment)","","Deadly Ring (Deadly Strike)","Deadly Ring (Deadly Strike)","Deadly Dagger (Deadly Strike)","Deadly Dagger (Deadly Strike)","The Maelstrom's Perfected Inferno Staff (Perfected Crushing Wall)"," ()","Camouflaged Hunter","Quick Cloak","Molten Whip","Escalating Runeblades","Pragmatic Fatecarver","Incapacitating Strike","Fulminating Rune","Blockade of Fire","Anti-Cavalry Caltrops","Inspired Scholarship","Flames of Oblivion","Fiery Rage"
"Maw of Lorkhaj","Trash Builds","https://www.esologs.com/reports/pNb6GRnWVYtAZwk8#fight=82&type=summary&source=16","@LeoShogun","Nosferatu L Zodd","ardent-ass-herald-deadly-strike-perfected-sul-xans-torment","dps","Ardent","Ass","Herald","Deadly Strike","Perfected Sul-Xan's Torment","54430.1","5620.7","47.6","54430.1 DPS","","Slimecraw Guise (Slimecraw)","Deadly Jack (Deadly Strike)","Deadly Arm Cops (Deadly Strike)","Deadly Bracers (Deadly Strike)","","Deadly Guards (Deadly Strike)","Perfected Boots of Sul-Xan's Torment (Perfected Sul-Xan's Torment)","","Perfected Ring of Sul-Xan's Torment (Perfected Sul-Xan's Torment)","Perfected Ring of Sul-Xan's Torment (Perfected Sul-Xan's Torment)","Perfected Dagger of Sul-Xan's Torment (Perfected Sul-Xan's Torment)","Perfected Dagger of Sul-Xan's Torment (Perfected Sul-Xan's Torment)","The Maelstrom's Perfected Inferno Staff (Perfected Crushing Wall)"," ()","Quick Cloak","Cephaliarch's Flail","Camouflaged Hunter","Relentless Focus","Exhausting Fatecarver","Soul Harvest","Elemental Blockade","Anti-Cavalry Caltrops","Inspired Scholarship","Sundering Trample","Flames of Oblivion","Elemental Rage"
"Maw of Lorkhaj","Trash Builds","https://www.esologs.com/reports/pNb6GRnWVYtAZwk8#fight=82&type=summary&source=9","@Gurkmon","Goldener Raver","ardent-ass-herald-deadly-strike-perfected-sul-xans-torment","dps","Ardent","Ass","Herald","Deadly Strike","Perfected Sul-Xan's Torment","81574.5","0.0","35.4","81574.5 DPS","","Slimecraw Guise (Slimecraw)","Deadly Jack (Deadly Strike)","Perfected Arm Cops of Sul-Xan's Torment (Perfected Sul-Xan's Torment)","Perfected Bracers of Sul-Xan's Torment (Perfected Sul-Xan's Torment)","","Perfected Guards of Sul-Xan's Torment (Perfected Sul-Xan's Torment)","Perfected Boots of Sul-Xan's Torment (Perfected Sul-Xan's Torment)","","Deadly Ring (Deadly Strike)","Deadly Ring (Deadly Strike)","Deadly Dagger (Deadly Strike)","Deadly Dagger (Deadly Strike)","The Maelstrom's Perfected Inferno Staff (Perfected Crushing Wall)"," ()","Escalating Runeblades","Exhausting Fatecarver","Relentless Focus","Quick Cloak","Barbed Trap","Incapacitating Strike","Elemental Blockade","Flames of Oblivion","Camouflaged Hunter","Inspired Scholarship","Reaper's Mark","The Languid Eye"
"Maw of Lorkhaj","Trash Builds","https://www.esologs.com/reports/pNb6GRnWVYtAZwk8#fight=82&type=summary&source=16","@LeoShogun","Nosferatu L Zodd","ardent-ass-herald-deadly-strike-perfected-sul-xans-torment","dps","Ardent","Ass","Herald","Deadly Strike","Perfected Sul-Xan's Torment","68475.3","6592.7","45.5","68475.3 DPS","","Slimecraw Guise (Slimecraw)","Deadly Jack (Deadly Strike)","Deadly Arm Cops (Deadly Strike)","Deadly Bracers (Deadly Strike)","","Deadly Guards (Deadly Strike)","Perfected Boots of Sul-Xan's Torment (Perfected Sul-Xan's Torment)","","Perfected Ring of Sul-Xan's Torment (Perfected Sul-Xan's Torment)","Perfected Ring of Sul-Xan's Torment (Perfected Sul-Xan's Torment)","Perfected Dagger of Sul-Xan's Torment (Perfected Sul-Xan's Torment)","Perfected Dagger of Sul-Xan's Torment (Perfected Sul-Xan's Torment)","The Maelstrom's Perfected Inferno Staff (Perfected Crushing Wall)"," ()","Quick Cloak","Cephaliarch's Flail","Camouflaged Hunter","Relentless Focus","Exhausting Fatecarver","Soul Harvest","Elemental Blockade","Anti-Cavalry Caltrops","Inspired Scholarship","Sundering Trample","Flames of Oblivion","Elemental Rage"
"Maw of Lorkhaj","Trash Builds","https://www.esologs.com/reports/pNb6GRnWVYtAZwk8#fight=82&type=summary&source=9","@Gurkmon","Goldener Raver","ardent-ass-herald-deadly-strike-perfected-sul-xans-torment","dps","Ardent","Ass","Herald","Deadly Strike","Perfected Sul-Xan's Torment","83875.5","13049.0","31.6","83875.5 DPS","","Slimecraw Guise (Slimecraw)","Deadly Jack (Deadly Strike)","Perfected Arm Cops of Sul-Xan's Torment (Perfected Sul-Xan's Torment)","Perfected Bracers of Sul-Xan's Torment (Perfected Sul-Xan's Torment)","","Perfected Guards of Sul-Xan's Torment (Perfected Sul-Xan's Torment)","Perfected Boots of Sul-Xan's Torment (Perfected Sul-Xan's Torment)","","Deadly Ring (Deadly Strike)","Deadly Ring (Deadly Strike)","Deadly Dagger (Deadly Strike)","Deadly Dagger (Deadly Strike)","The Maelstrom's Perfected Inferno Staff (Perfected Crushing Wall)"," ()","Escalating Runeblades","Exhausting Fatecarver","Relentless Focus","Quick Cloak","Barbed Trap","Incapacitating Strike","Elemental Blockade","Flames of Oblivion","Camouflaged Hunter","Inspired Scholarship","Reaper's Mark","The Languid Eye"
"Maw of Lorkhaj","Trash Builds","https://www.esologs.com/reports/pNb6GRnWVYtAZwk8#fight=82&type=summary&source=4","@HazeRiderz","Centerfolds","ardent-ass-herald-deadly-strike-perfected-sul-xans-torment","dps","Ardent","Ass","Herald","Perfected Sul-Xan's Torment","Deadly Strike","108029.7","25659.0","37.5","108029.7 DPS","","Slimecraw Guise (Slimecraw)","Perfected Jack of Sul-Xan's Torment (Perfected Sul-Xan's Torment)","Perfected Arm Cops of Sul-Xan's Torment (Perfected Sul-Xan's Torment)","Perfected Bracers of Sul-Xan's Torment (Perfected Sul-Xan's Torment)","","Perfected Guards of Sul-Xan's Torment (Perfected Sul-Xan's Torment)","Deadly Boots (Deadly Strike)","","Deadly Ring (Deadly Strike)","Deadly Ring (Deadly Strike)","Deadly Dagger (Deadly Strike)","Deadly Dagger (Deadly Strike)","The Maelstrom's Perfected Inferno Staff (Perfected Crushing Wall)"," ()","Quick Cloak","Exhausting Fatecarver","Escalating Runeblades","Camouflaged Hunter","Fulminating Rune","Soul Harvest","Reaper's Mark","Flames of Oblivion","Inspired Scholarship","Camouflaged Hunter","Elemental Blockade","Elemental Rage"
"Maw of Lorkhaj","Trash Builds","https://www.esologs.com/reports/pNb6GRnWVYtAZwk8#fight=82&type=summary&source=4","@HazeRiderz","Centerfolds","ardent-ass-herald-deadly-strike-perfected-sul-xans-torment","dps","Ardent","Ass","Herald","Perfected Sul-Xan's Torment","Deadly Strike","99943.6","11105.1","44.7","99943.6 DPS","","Slimecraw Guise (Slimecraw)","Perfected Jack of Sul-Xan's Torment (Perfected Sul-Xan's Torment)","Perfected Arm Cops of Sul-Xan's Torment (Perfected Sul-Xan's Torment)","Perfected Bracers of Sul-Xan's Torment (Perfected Sul-Xan's Torment)","","Perfected Guards of Sul-Xan's Torment (Perfected Sul-Xan's Torment)","Deadly Boots (Deadly Strike)","","Deadly Ring (Deadly Strike)","Deadly Ring (Deadly Strike)","Deadly Dagger (Deadly Strike)","Deadly Dagger (Deadly Strike)","The Maelstrom's Perfected Inferno Staff (Perfected Crushing Wall)"," ()","Quick Cloak","Exhausting Fatecarver","Escalating Runeblades","Camouflaged Hunter","Fulminating Rune","Soul Harvest","Reaper's Mark","Flames of Oblivion","Inspired Scholarship","Camouflaged Hunter","Elemental Blockade","Elemental Rage"
"Maw of Lorkhaj","Trash Builds","https://www.esologs.com/reports/pNb6GRnWVYtAZwk8#fight=82&type=summary&source=176","@HazeRiderz","Centerfolds","ardent-ass-herald-deadly-strike-perfected-sul-xans-torment","dps","Ardent","Ass","Herald","Perfected Sul-Xan's Torment","Deadly Strike","108050.7","25744.4","37.5","108050.7 DPS","","Slimecraw Guise (Slimecraw)","Perfected Jack of Sul-Xan's Torment (Perfected Sul-Xan's Torment)","Perfected Arm Cops of Sul-Xan's Torment (Perfected Sul-Xan's Torment)","Perfected Bracers of Sul-Xan's Torment (Perfected Sul-Xan's Torment)","","Perfected Guards of Sul-Xan's Torment (Perfected Sul-Xan's Torment)","Deadly Boots (Deadly Strike)","","Deadly Ring (Deadly Strike)","Deadly Ring (Deadly Strike)","Deadly Dagger (Deadly Strike)","Deadly Dagger (Deadly Strike)","The Maelstrom's Perfected Inferno Staff (Perfected Crushing Wall)"," ()","Quick Cloak","Exhausting Fatecarver","Escalating Runeblades","Camouflaged Hunter","Fulminating Rune","Soul Harvest","Reaper's Mark","Flames of Oblivion","Inspired Scholarship","Camouflaged Hunter","Elemental Blockade","Elemental Rage"
"Maw of Lorkhaj","Trash Builds","https://www.esologs.com/reports/pNb6GRnWVYtAZwk8#fight=82&type=summary&source=176","@HazeRiderz","Centerfolds","ardent-ass-herald-deadly-strike-perfected-sul-xans-torment","dps","Ardent","Ass","Herald","Perfected Sul-Xan's Torment","Deadly Strike","99945.6","11095.9","44.7","99945.6 DPS","","Slimecraw Guise (Slimecraw)","Perfected Jack of Sul-Xan's Torment (Perfected Sul-Xan's Torment)","Perfected Arm Cops of Sul-Xan's Torment (Perfected Sul-Xan's Torment)","Perfected Bracers of Sul-Xan's Torment (Perfected Sul-Xan's Torment)","","Perfected Guards of Sul-Xan's Torment (Perfected Sul-Xan's Torment)","Deadly Boots (Deadly Strike)","","Deadly Ring (Deadly Strike)","Deadly Ring (Deadly Strike)","Deadly Dagger (Deadly Strike)","Deadly Dagger (Deadly Strike)","The Maelstrom's Perfected Inferno Staff (Perfected Crushing Wall)"," ()","Quick Cloak","Exhausting Fatecarver","Escalating Runeblades","Camouflaged Hunter","Fulminating Rune","Soul Harvest","Reaper's Mark","Flames of Oblivion","Inspired Scholarship","Camouflaged Hunter","Elemental Blockade","Elemental Rage"
"Maw of Lorkhaj","Trash Builds","https://www.esologs.com/reports/pNb6GRnWVYtAZwk8#fight=82&type=summary&source=10","@Diocliate","You Shall not Pärse","ardent-ass-herald-deadly-strike-perfected-sul-xans-torment","dps","Ardent","Ass","Herald","Deadly Strike","Perfected Sul-Xan's Torment","101448.8","20055.1","43.1","101448.8 DPS","","Deadly Helmet (Deadly Strike)","Deadly Jack (Deadly Strike)","Valkyn Skoria Epaulets (Valkyn Skoria)","Deadly Bracers (Deadly Strike)","","Deadly Guards (Deadly Strike)","Deadly Boots (Deadly Strike)","","Perfected Ring of Sul-Xan's Torment (Perfected Sul-Xan's Torment)","Perfected Ring of Sul-Xan's Torment (Perfected Sul-Xan's Torment)","Perfected Dagger of Sul-Xan's Torment (Perfected Sul-Xan's Torment)","Perfected Dagger of Sul-Xan's Torment (Perfected Sul-Xan's Torment)","The Maelstrom's Perfected Inferno Staff (Perfected Crushing Wall)"," ()","Quick Cloak","Merciless Resolve","Escalating Runeblades","Exhausting Fatecarver","Killer's Blade","Incapacitating Strike","Elemental Blockade","Proximity Detonation","Inspired Scholarship","Reaper's Mark","Flames of Oblivion","Elemental Rage"
"Maw of Lorkhaj","Trash Builds","https://www.esologs.com/reports/pNb6GRnWVYtAZwk8#fight=82&type=summary&source=2","@Fat_Colossus","Divine Arcan","ardent-ass-herald-deadly-strike-perfected-sul-xans-torment","dps","Ardent","Ass","Herald","Deadly Strike","Perfected Sul-Xan's Torment","96625.9","3677.5","27.2","96625.9 DPS","","Slimecraw Guise (Slimecraw)","Deadly Jack (Deadly Strike)","Perfected Arm Cops of Sul-Xan's Torment (Perfected Sul-Xan's Torment)","Deadly Bracers (Deadly Strike)","","Deadly Guards (Deadly Strike)","Deadly Boots (Deadly Strike)","","Perfected Ring of Sul-Xan's Torment (Perfected Sul-Xan's Torment)","Perfected Ring of Sul-Xan's Torment (Perfected Sul-Xan's Torment)","Perfected Dagger of Sul-Xan's Torment (Perfected Sul-Xan's Torment)","Perfected Dagger of Sul-Xan's Torment (Perfected Sul-Xan's Torment)","The Maelstrom's Perfected Inferno Staff (Perfected Crushing Wall)"," ()","Exhausting Fatecarver","Cephaliarch's Flail","Camouflaged Hunter","Banner Bearer","Quick Cloak","Incapacitating Strike","Elemental Blockade","Proximity Detonation","Banner Bearer","Flames of Oblivion","Inspired Scholarship","The Languid Eye"
"Maw of Lorkhaj","Trash Builds","https://www.esologs.com/reports/pNb6GRnWVYtAZwk8#fight=82&type=summary&source=274","@Br1m","ukratose","ardent-ass-herald-deadly-strike-perfected-sul-xans-torment","dps","Ardent","Ass","Herald","Deadly Strike","Perfected Sul-Xan's Torment","81939.3","7774.7","37.6","81939.3 DPS","","Slimecraw Guise (Slimecraw)","Deadly Jack (Deadly Strike)","Perfected Arm Cops of Sul-Xan's Torment (Perfected Sul-Xan's Torment)","Deadly Bracers (Deadly Strike)","","Deadly Guards (Deadly Strike)","Deadly Boots (Deadly Strike)","","Perfected Ring of Sul-Xan's Torment (Perfected Sul-Xan's Torment)","Perfected Ring of Sul-Xan's Torment (Perfected Sul-Xan's Torment)","Perfected Dagger of Sul-Xan's Torment (Perfected Sul-Xan's Torment)","Perfected Dagger of Sul-Xan's Torment (Perfected Sul-Xan's Torment)","The Maelstrom's Inferno Staff (Crushing Wall)"," ()","Merciless Resolve","Quick Cloak","Cephaliarch's Flail","Pragmatic Fatecarver","Camouflaged Hunter","Incapacitating Strike","Elemental Blockade","Flames of Oblivion","Proximity Detonation","Inspired Scholarship","Molten Whip","Standard of Might"
"Maw of Lorkhaj","Trash Builds","https://www.esologs.com/reports/pNb6GRnWVYtAZwk8#fight=82&type=summary&source=10","@Diocliate","You Shall not Pärse","ardent-ass-herald-deadly-strike-perfected-sul-xans-torment","dps","Ardent","Ass","Herald","Deadly Strike","Perfected Sul-Xan's Torment","91350.7","11957.8","36.8","91350.7 DPS","","Deadly Helmet (Deadly Strike)","Deadly Jack (Deadly Strike)","Valkyn Skoria Epaulets (Valkyn Skoria)","Deadly Bracers (Deadly Strike)","","Deadly Guards (Deadly Strike)","Deadly Boots (Deadly Strike)","","Perfected Ring of Sul-Xan's Torment (Perfected Sul-Xan's Torment)","Perfected Ring of Sul-Xan's Torment (Perfected Sul-Xan's Torment)","Perfected Dagger of Sul-Xan's Torment (Perfected Sul-Xan's Torment)","Perfected Dagger of Sul-Xan's Torment (Perfected Sul-Xan's Torment)","The Maelstrom's Perfected Inferno Staff (Perfected Crushing Wall)"," ()","Quick Cloak","Merciless Resolve","Escalating Runeblades","Exhausting Fatecarver","Killer's Blade","Incapacitating Strike","Elemental Blockade","Proximity Detonation","Inspired Scholarship","Reaper's Mark","Flames of Oblivion","Elemental Rage"
"Maw of Lorkhaj","Trash Builds","https://www.esologs.com/reports/pNb6GRnWVYtAZwk8#fight=82&type=summary&source=12","@LadyDesire","Your Lady","ardent-ass-herald-deadly-strike-perfected-sul-xans-torment","dps","Ardent","Ass","Herald","Perfected Sul-Xan's Torment","Deadly Strike","98580.3","4866.7","45.9","98580.3 DPS","","Slimecraw Mask (Slimecraw)","Perfected Jack of Sul-Xan's Torment (Perfected Sul-Xan's Torment)","Deadly Arm Cops (Deadly Strike)","Perfected Bracers of Sul-Xan's Torment (Perfected Sul-Xan's Torment)","","Perfected Guards of Sul-Xan's Torment (Perfected Sul-Xan's Torment)","Perfected Boots of Sul-Xan's Torment (Perfected Sul-Xan's Torment)","","Deadly Ring (Deadly Strike)","Deadly Ring (Deadly Strike)","Deadly Dagger (Deadly Strike)","Deadly Dagger (Deadly Strike)","The Maelstrom's Perfected Inferno Staff (Perfected Crushing Wall)"," ()","Exhausting Fatecarver","Escalating Runeblades","Camouflaged Hunter","Quick Cloak","Relentless Focus","The Languid Eye","Flames of Oblivion","Elemental Blockade","Molten Whip","Inspired Scholarship","Anti-Cavalry Caltrops","Elemental Rage"
"Maw of Lorkhaj","Trash Builds","https://www.esologs.com/reports/pNb6GRnWVYtAZwk8#fight=82&type=summary&source=24","@grimnoire","Yves Noire","ardent-ass-herald-deadly-strike-perfected-sul-xans-torment","dps","Ardent","Ass","Herald","Deadly Strike","Perfected Sul-Xan's Torment","99091.1","2856.2","44.9","99091.1 DPS","","Slimecraw Mask (Slimecraw)","Deadly Jack (Deadly Strike)","Perfected Arm Cops of Sul-Xan's Torment (Perfected Sul-Xan's Torment)","Deadly Bracers (Deadly Strike)","","Deadly Guards (Deadly Strike)","Deadly Boots (Deadly Strike)","","Perfected Ring of Sul-Xan's Torment (Perfected Sul-Xan's Torment)","Perfected Ring of Sul-Xan's Torment (Perfected Sul-Xan's Torment)","Perfected Dagger of Sul-Xan's Torment (Perfected Sul-Xan's Torment)","Perfected Dagger of Sul-Xan's Torment (Perfected Sul-Xan's Torment)","The Maelstrom's Inferno Staff (Crushing Wall)"," ()","Killer's Blade","Escalating Runeblades","Quick Cloak","Pragmatic Fatecarver","Camouflaged Hunter","Soul Harvest","Elemental Blockade","Inspired Scholarship","Flames of Oblivion","Relentless Focus","Camouflaged Hunter","Elemental Rage"
"Maw of Lorkhaj","Trash Builds","https://www.esologs.com/reports/pNb6GRnWVYtAZwk8#fight=82&type=summary&source=12","@LadyDesire","Your Lady","ardent-ass-herald-deadly-strike-perfected-sul-xans-torment","dps","Ardent","Ass","Herald","Perfected Sul-Xan's Torment","Deadly Strike","87549.9","4022.6","41.4","87549.9 DPS","","Slimecraw Mask (Slimecraw)","Perfected Jack of Sul-Xan's Torment (Perfected Sul-Xan's Torment)","Deadly Arm Cops (Deadly Strike)","Perfected Bracers of Sul-Xan's Torment (Perfected Sul-Xan's Torment)","","Perfected Guards of Sul-Xan's Torment (Perfected Sul-Xan's Torment)","Perfected Boots of Sul-Xan's Torment (Perfected Sul-Xan's Torment)","","Deadly Ring (Deadly Strike)","Deadly Ring (Deadly Strike)","Deadly Dagger (Deadly Strike)","Deadly Dagger (Deadly Strike)","The Maelstrom's Perfected Inferno Staff (Perfected Crushing Wall)"," ()","Exhausting Fatecarver","Escalating Runeblades","Camouflaged Hunter","Quick Cloak","Relentless Focus","The Languid Eye","Flames of Oblivion","Elemental Blockade","Molten Whip","Inspired Scholarship","Anti-Cavalry Caltrops","Elemental Rage"
"Maw of Lorkhaj","Trash Builds","https://www.esologs.com/reports/pNb6GRnWVYtAZwk8#fight=82&type=summary&source=46","@Xocius","Bradras Ravilnith","ardent-ass-herald-deadly-strike-perfected-sul-xans-torment","dps","Ardent","Ass","Herald","Deadly Strike","Perfected Sul-Xan's Torment","77622.2","4681.1","42.4","77622.2 DPS","","Slimecraw Guise (Slimecraw)","Deadly Jack (Deadly Strike)","Perfected Arm Cops of Sul-Xan's Torment (Perfected Sul-Xan's Torment)","Deadly Bracers (Deadly Strike)","","Deadly Guards (Deadly Strike)","Deadly Boots (Deadly Strike)","","Perfected Ring of Sul-Xan's Torment (Perfected Sul-Xan's Torment)","Perfected Ring of Sul-Xan's Torment (Perfected Sul-Xan's Torment)","Perfected Dagger of Sul-Xan's Torment (Perfected Sul-Xan's Torment)","Perfected Dagger of Sul-Xan's Torment (Perfected Sul-Xan's Torment)","The Maelstrom's Perfected Inferno Staff (Perfected Crushing Wall)"," ()","Reaper's Mark","Merciless Resolve","Escalating Runeblades","Pragmatic Fatecarver","Camouflaged Hunter","Thrive in Chaos","Flames of Oblivion","Molten Whip","Elemental Blockade","Inspired Scholarship","Proximity Detonation","The Languid Eye"
"Maw of Lorkhaj","Trash Builds","https://www.esologs.com/reports/pNb6GRnWVYtAZwk8#fight=82&type=summary&source=49","@yy00","Dranav","ardent-ass-herald-deadly-strike-perfected-sul-xans-torment","dps","Ardent","Ass","Herald","Perfected Sul-Xan's Torment","Deadly Strike","79119.4","1917.3","48.1","79119.4 DPS","","Slimecraw Guise (Slimecraw)","Perfected Jack of Sul-Xan's Torment (Perfected Sul-Xan's Torment)","Deadly Arm Cops (Deadly Strike)","Perfected Bracers of Sul-Xan's Torment (Perfected Sul-Xan's Torment)","","Perfected Guards of Sul-Xan's Torment (Perfected Sul-Xan's Torment)","Perfected Boots of Sul-Xan's Torment (Perfected Sul-Xan's Torment)","","Deadly Ring (Deadly Strike)","Deadly Ring (Deadly Strike)","Deadly Dagger (Deadly Strike)","Deadly Dagger (Deadly Strike)","The Maelstrom's Perfected Inferno Staff (Perfected Crushing Wall)"," ()","Relentless Focus","Shattering Knife","Killer's Blade","Pragmatic Fatecarver","Quick Cloak","Incapacitating Strike","Proximity Detonation","Flames of Oblivion","Elemental Blockade","Inspired Scholarship","Fulminating Rune","Elemental Rage"
"Maw of Lorkhaj","Trash Builds","https://www.esologs.com/reports/pNb6GRnWVYtAZwk8#fight=82&type=summary&source=46","@Xocius","Bradras Ravilnith","ardent-ass-herald-deadly-strike-perfected-sul-xans-torment","dps","Ardent","Ass","Herald","Deadly Strike","Perfected Sul-Xan's Torment","82584.1","5565.5","42.8","82584.1 DPS","","Slimecraw Guise (Slimecraw)","Deadly Jack (Deadly Strike)","Perfected Arm Cops of Sul-Xan's Torment (Perfected Sul-Xan's Torment)","Deadly Bracers (Deadly Strike)","","Deadly Guards (Deadly Strike)","Deadly Boots (Deadly Strike)","","Perfected Ring of Sul-Xan's Torment (Perfected Sul-Xan's Torment)","Perfected Ring of Sul-Xan's Torment (Perfected Sul-Xan's Torment)","Perfected Dagger of Sul-Xan's Torment (Perfected Sul-Xan's Torment)","Perfected Dagger of Sul-Xan's Torment (Perfected Sul-Xan's Torment)","The Maelstrom's Perfected Inferno Staff (Perfected Crushing Wall)"," ()","Reaper's Mark","Merciless Resolve","Escalating Runeblades","Pragmatic Fatecarver","Camouflaged Hunter","Thrive in Chaos","Flames of Oblivion","Molten Whip","Elemental Blockade","Inspired Scholarship","Proximity Detonation","The Languid Eye"
"Maw of Lorkhaj","Trash Builds","https://www.esologs.com/reports/pNb6GRnWVYtAZwk8#fight=82&type=summary&source=49","@yy00","Dranav","ardent-ass-herald-deadly-strike-perfected-sul-xans-torment","dps","Ardent","Ass","Herald","Perfected Sul-Xan's Torment","Deadly Strike","85528.7","4192.1","49.3","85528.7 DPS","","Slimecraw Guise (Slimecraw)","Perfected Jack of Sul-Xan's Torment (Perfected Sul-Xan's Torment)","Deadly Arm Cops (Deadly Strike)","Perfected Bracers of Sul-Xan's Torment (Perfected Sul-Xan's Torment)","","Perfected Guards of Sul-Xan's Torment (Perfected Sul-Xan's Torment)","Perfected Boots of Sul-Xan's Torment (Perfected Sul-Xan's Torment)","","Deadly Ring (Deadly Strike)","Deadly Ring (Deadly Strike)","Deadly Dagger (Deadly Strike)","Deadly Dagger (Deadly Strike)","The Maelstrom's Perfected Inferno Staff (Perfected Crushing Wall)"," ()","Relentless Focus","Shattering Knife","Camouflaged Hunter","Pragmatic Fatecarver","Quick Cloak","Incapacitating Strike","Proximity Detonation","Flames of Oblivion","Elemental Blockade","Inspired Scholarship","Sundering Trample","Elemental Rage"
"Maw of Lorkhaj","Trash Builds","https://www.esologs.com/reports/pNb6GRnWVYtAZwk8#fight=82&type=summary&source=96","@Anya-koo1","-Inej Ghafa","ardent-ass-herald-deadly-strike-perfected-sul-xans-torment","dps","Ardent","Ass","Herald","Deadly Strike","Perfected Sul-Xan's Torment","143278.3","4315.1","33.7","143278.3 DPS","","Slimecraw Guise (Slimecraw)","Deadly Jack (Deadly Strike)","Perfected Arm Cops of Sul-Xan's Torment (Perfected Sul-Xan's Torment)","Deadly Bracers (Deadly Strike)","","Deadly Guards (Deadly Strike)","Deadly Boots (Deadly Strike)","","Perfected Ring of Sul-Xan's Torment (Perfected Sul-Xan's Torment)","Perfected Ring of Sul-Xan's Torment (Perfected Sul-Xan's Torment)","Perfected Dagger of Sul-Xan's Torment (Perfected Sul-Xan's Torment)","Perfected Dagger of Sul-Xan's Torment (Perfected Sul-Xan's Torment)","The Maelstrom's Perfected Inferno Staff (Perfected Crushing Wall)"," ()","Relentless Focus","Shattering Knife","Pragmatic Fatecarver","Quick Cloak","Camouflaged Hunter","The Languid Eye","Elemental Blockade","Molten Whip","Flames of Oblivion","Inspired Scholarship","Anti-Cavalry Caltrops","Elemental Rage"
"Maw of Lorkhaj","Trash Builds","https://www.esologs.com/reports/pNb6GRnWVYtAZwk8#fight=82&type=summary&source=96","@Anya-koo1","-Inej Ghafa","ardent-ass-herald-deadly-strike-perfected-sul-xans-torment","dps","Ardent","Ass","Herald","Deadly Strike","Perfected Sul-Xan's Torment","106986.9","7886.5","37.8","106986.9 DPS","","Slimecraw Guise (Slimecraw)","Deadly Jack (Deadly Strike)","Perfected Arm Cops of Sul-Xan's Torment (Perfected Sul-Xan's Torment)","Deadly Bracers (Deadly Strike)","","Deadly Guards (Deadly Strike)","Deadly Boots (Deadly Strike)","","Perfected Ring of Sul-Xan's Torment (Perfected Sul-Xan's Torment)","Perfected Ring of Sul-Xan's Torment (Perfected Sul-Xan's Torment)","Perfected Dagger of Sul-Xan's Torment (Perfected Sul-Xan's Torment)","Perfected Dagger of Sul-Xan's Torment (Perfected Sul-Xan's Torment)","The Maelstrom's Perfected Inferno Staff (Perfected Crushing Wall)"," ()","Relentless Focus","Shattering Knife","Pragmatic Fatecarver","Quick Cloak","Camouflaged Hunter","The Languid Eye","Elemental Blockade","Molten Whip","Flames of Oblivion","Inspired Scholarship","Anti-Cavalry Caltrops","Elemental Rage"
"Maw of Lorkhaj","Trash Builds","https://www.esologs.com/reports/pNb6GRnWVYtAZwk8#fight=82&type=summary&source=7","@Rayba-Sama","Rayba","ardent-ass-herald-deadly-strike-perfected-sul-xans-torment","dps","Ardent","Ass","Herald","Perfected Sul-Xan's Torment","Deadly Strike","103232.1","15640.8","60.3","103232.1 DPS","","Slimecraw Guise (Slimecraw)","Perfected Jack of Sul-Xan's Torment (Perfected Sul-Xan's Torment)","Perfected Arm Cops of Sul-Xan's Torment (Perfected Sul-Xan's Torment)","Perfected Bracers of Sul-Xan's Torment (Perfected Sul-Xan's Torment)","","Perfected Guards of Sul-Xan's Torment (Perfected Sul-Xan's Torment)","Deadly Boots (Deadly Strike)","","Deadly Ring (Deadly Strike)","Deadly Ring (Deadly Strike)","Deadly Dagger (Deadly Strike)","Deadly Dagger (Deadly Strike)","The Maelstrom's Perfected Inferno Staff (Perfected Crushing Wall)"," ()","Whirling Blades","Escalating Runeblades","Exhausting Fatecarver","Camouflaged Hunter","Quick Cloak","Soul Harvest","Elemental Blockade","Anti-Cavalry Caltrops","Inspired Scholarship","Molten Whip","Flames of Oblivion","Elemental Rage"
"Maw of Lorkhaj","Trash Builds","https://www.esologs.com/reports/pNb6GRnWVYtAZwk8#fight=82&type=summary&source=7","@Rayba-Sama","Rayba","ardent-ass-herald-deadly-strike-perfected-sul-xans-torment","dps","Ardent","Ass","Herald","Perfected Sul-Xan's Torment","Deadly Strike","72853.6","7051.7","36.6","72853.6 DPS","","Slimecraw Guise (Slimecraw)","Perfected Jack of Sul-Xan's Torment (Perfected Sul-Xan's Torment)","Perfected Arm Cops of Sul-Xan's Torment (Perfected Sul-Xan's Torment)","Perfected Bracers of Sul-Xan's Torment (Perfected Sul-Xan's Torment)","","Perfected Guards of Sul-Xan's Torment (Perfected Sul-Xan's Torment)","Deadly Boots (Deadly Strike)","","Deadly Ring (Deadly Strike)","Deadly Ring (Deadly Strike)","Deadly Dagger (Deadly Strike)","Deadly Dagger (Deadly Strike)","The Maelstrom's Perfected Inferno Staff (Perfected Crushing Wall)"," ()","Whirling Blades","Escalating Runeblades","Exhausting Fatecarver","Camouflaged Hunter","Quick Cloak","Soul Harvest","Elemental Blockade","Anti-Cavalry Caltrops","Inspired Scholarship","Molten Whip","Flames of Oblivion","Elemental Rage"
"Maw of Lorkhaj","Trash Builds","https://www.esologs.com/reports/pNb6GRnWVYtAZwk8#fight=82&type=summary&source=11","@Deschain_Kidona","Walker Boh Kidona","ardent-ass-herald-deadly-strike-perfected-sul-xans-torment","dps","Ardent","Ass","Herald","Perfected Sul-Xan's Torment","Deadly Strike","95911.3","5760.2","36.2","95911.3 DPS","","Valkyn Skoria Guise (Valkyn Skoria)","Perfected Jack of Sul-Xan's Torment (Perfected Sul-Xan's Torment)","Deadly Arm Cops (Deadly Strike)","Perfected Bracers of Sul-Xan's Torment (Perfected Sul-Xan's Torment)","","Perfected Guards of Sul-Xan's Torment (Perfected Sul-Xan's Torment)","Perfected Boots of Sul-Xan's Torment (Perfected Sul-Xan's Torment)","","Deadly Ring (Deadly Strike)","Deadly Ring (Deadly Strike)","Deadly Dagger (Deadly Strike)","Deadly Dagger (Deadly Strike)","The Maelstrom's Perfected Greatsword (Perfected Merciless Charge)"," ()","Whirling Blades","Quick Cloak","Pragmatic Fatecarver","Cephaliarch's Flail","Camouflaged Hunter","Incapacitating Strike","Stampede","Razor Caltrops","Proximity Detonation","Inspired Scholarship","Flames of Oblivion","The Languid Eye"
"Maw of Lorkhaj","Trash Builds","https://www.esologs.com/reports/pNb6GRnWVYtAZwk8#fight=82&type=summary&source=11","@Deschain_Kidona","Walker Boh Kidona","ardent-ass-herald-deadly-strike-perfected-sul-xans-torment","dps","Ardent","Ass","Herald","Perfected Sul-Xan's Torment","Deadly Strike","75087.7","4566.9","40.3","75087.7 DPS","","Valkyn Skoria Guise (Valkyn Skoria)","Perfected Jack of Sul-Xan's Torment (Perfected Sul-Xan's Torment)","Deadly Arm Cops (Deadly Strike)","Perfected Bracers of Sul-Xan's Torment (Perfected Sul-Xan's Torment)","","Perfected Guards of Sul-Xan's Torment (Perfected Sul-Xan's Torment)","Perfected Boots of Sul-Xan's Torment (Perfected Sul-Xan's Torment)","","Deadly Ring (Deadly Strike)","Deadly Ring (Deadly Strike)","Deadly Dagger (Deadly Strike)","Deadly Dagger (Deadly Strike)","The Maelstrom's Perfected Greatsword (Perfected Merciless Charge)"," ()","Whirling Blades","Quick Cloak","Pragmatic Fatecarver","Cephaliarch's Flail","Camouflaged Hunter","Incapacitating Strike","Stampede","Razor Caltrops","Proximity Detonation","Inspired Scholarship","Flames of Oblivion","The Languid Eye"
"Maw of Lorkhaj","Trash Builds","https://www.esologs.com/reports/3qFwWVzyXJmNCdZx#fight=43&type=summary&source=5","@alansgaming","Light Attacks are Evil","ardent-ass-herald-perfected-sul-xans-torment-tide-born-wildstalker","dps","Ardent","Ass","Herald","Tide-Born Wildstalker","Perfected Sul-Xan's Torment","87750.4","6582.2","43.2","87750.4 DPS","","Slimecraw Guise (Slimecraw)","Tide-Born Jack (Tide-Born Wildstalker)","Tide-Born Arm Cops (Tide-Born Wildstalker)","Tide-Born Bracers (Tide-Born Wildstalker)","","Tide-Born Guards (Tide-Born Wildstalker)","Perfected Boots of Sul-Xan's Torment (Perfected Sul-Xan's Torment)","","Perfected Ring of Sul-Xan's Torment (Perfected Sul-Xan's Torment)","Perfected Ring of Sul-Xan's Torment (Perfected Sul-Xan's Torment)","Perfected Dagger of Sul-Xan's Torment (Perfected Sul-Xan's Torment)","Perfected Dagger of Sul-Xan's Torment (Perfected Sul-Xan's Torment)","The Maelstrom's Perfected Inferno Staff (Perfected Crushing Wall)"," ()","Whirling Blades","Camouflaged Hunter","Escalating Runeblades","Pragmatic Fatecarver","Quick Cloak","Incapacitating Strike","Elemental Blockade","Proximity Detonation","Flames of Oblivion","Inspired Scholarship","Relentless Focus","The Languid Eye"
"Maw of Lorkhaj","Trash Builds","https://www.esologs.com/reports/3qFwWVzyXJmNCdZx#fight=43&type=summary&source=71","@Alykace","Ulyssee","ardent-ass-herald-perfected-sul-xans-torment-tide-born-wildstalker","dps","Ardent","Ass","Herald","Perfected Sul-Xan's Torment","Tide-Born Wildstalker","87482.3","11882.0","54.3","87482.3 DPS","","Slimecraw Mask (Slimecraw)","Perfected Jack of Sul-Xan's Torment (Perfected Sul-Xan's Torment)","Tide-Born Arm Cops (Tide-Born Wildstalker)","Perfected Bracers of Sul-Xan's Torment (Perfected Sul-Xan's Torment)","","Perfected Guards of Sul-Xan's Torment (Perfected Sul-Xan's Torment)","Perfected Boots of Sul-Xan's Torment (Perfected Sul-Xan's Torment)","","Tide-Born Ring (Tide-Born Wildstalker)","Tide-Born Ring (Tide-Born Wildstalker)","Tide-Born Dagger (Tide-Born Wildstalker)","Tide-Born Dagger (Tide-Born Wildstalker)","The Maelstrom's Inferno Staff (Crushing Wall)"," ()","Escalating Runeblades","Quick Cloak","Exhausting Fatecarver","Relentless Focus","Camouflaged Hunter","Soul Harvest","Elemental Blockade","Flames of Oblivion","Proximity Detonation","Inspired Scholarship","Molten Whip","Elemental Rage"
"Maw of Lorkhaj","Trash Builds","https://www.esologs.com/reports/3qFwWVzyXJmNCdZx#fight=43&type=summary&source=5","@alansgaming","Light Attacks are Evil","ardent-ass-herald-perfected-sul-xans-torment-tide-born-wildstalker","dps","Ardent","Ass","Herald","Tide-Born Wildstalker","Perfected Sul-Xan's Torment","109534.1","1609.9","61.7","109534.1 DPS","","Slimecraw Guise (Slimecraw)","Tide-Born Jack (Tide-Born Wildstalker)","Tide-Born Arm Cops (Tide-Born Wildstalker)","Tide-Born Bracers (Tide-Born Wildstalker)","","Tide-Born Guards (Tide-Born Wildstalker)","Perfected Boots of Sul-Xan's Torment (Perfected Sul-Xan's Torment)","","Perfected Ring of Sul-Xan's Torment (Perfected Sul-Xan's Torment)","Perfected Ring of Sul-Xan's Torment (Perfected Sul-Xan's Torment)","Perfected Dagger of Sul-Xan's Torment (Perfected Sul-Xan's Torment)","Perfected Dagger of Sul-Xan's Torment (Perfected Sul-Xan's Torment)","The Maelstrom's Perfected Inferno Staff (Perfected Crushing Wall)"," ()","Whirling Blades","Camouflaged Hunter","Escalating Runeblades","Pragmatic Fatecarver","Quick Cloak","Incapacitating Strike","Elemental Blockade","Proximity Detonation","Flames of Oblivion","Inspired Scholarship","Relentless Focus","The Languid Eye"
"Maw of Lorkhaj","Trash Builds","https://www.esologs.com/reports/3qFwWVzyXJmNCdZx#fight=43&type=summary&source=71","@Alykace","Ulyssee","ardent-ass-herald-perfected-sul-xans-torment-tide-born-wildstalker","dps","Ardent","Ass","Herald","Perfected Sul-Xan's Torment","Tide-Born Wildstalker","78782.6","3417.7","59.4","78782.6 DPS","","Slimecraw Mask (Slimecraw)","Perfected Jack of Sul-Xan's Torment (Perfected Sul-Xan's Torment)","Tide-Born Arm Cops (Tide-Born Wildstalker)","Perfected Bracers of Sul-Xan's Torment (Perfected Sul-Xan's Torment)","","Perfected Guards of Sul-Xan's Torment (Perfected Sul-Xan's Torment)","Perfected Boots of Sul-Xan's Torment (Perfected Sul-Xan's Torment)","","Tide-Born Ring (Tide-Born Wildstalker)","Tide-Born Ring (Tide-Born Wildstalker)","Tide-Born Dagger (Tide-Born Wildstalker)","Tide-Born Dagger (Tide-Born Wildstalker)","The Maelstrom's Inferno Staff (Crushing Wall)"," ()","Escalating Runeblades","Quick Cloak","Exhausting Fatecarver","Relentless Focus","Camouflaged Hunter","Soul Harvest","Elemental Blockade","Flames of Oblivion","Proximity Detonation","Inspired Scholarship","Molten Whip","Elemental Rage"
"Maw of Lorkhaj","Trash Builds","https://www.esologs.com/reports/3qFwWVzyXJmNCdZx#fight=43&type=summary&source=8","@Scarlette150","I Scarlette l","ardent-ass-herald-perfected-sul-xans-torment-tide-born-wildstalker","dps","Ardent","Ass","Herald","Tide-Born Wildstalker","Perfected Sul-Xan's Torment","83275.8","3812.9","33.0","83275.8 DPS","","Slimecraw Guise (Slimecraw)","Tide-Born Jack (Tide-Born Wildstalker)","Perfected Arm Cops of Sul-Xan's Torment (Perfected Sul-Xan's Torment)","Tide-Born Bracers (Tide-Born Wildstalker)","","Tide-Born Guards (Tide-Born Wildstalker)","Tide-Born Boots (Tide-Born Wildstalker)","","Perfected Ring of Sul-Xan's Torment (Perfected Sul-Xan's Torment)","Perfected Ring of Sul-Xan's Torment (Perfected Sul-Xan's Torment)","Dagger of Sul-Xan's Torment (Sul-Xan's Torment)","Dagger of Sul-Xan's Torment (Sul-Xan's Torment)","The Maelstrom's Perfected Inferno Staff (Perfected Crushing Wall)"," ()","Camouflaged Hunter","Pragmatic Fatecarver","Cephaliarch's Flail","Quick Cloak","Banner Bearer","Soul Harvest","Elemental Blockade","Anti-Cavalry Caltrops","Flames of Oblivion","Inspired Scholarship","Banner Bearer","Elemental Rage"
"Maw of Lorkhaj","Trash Builds","https://www.esologs.com/reports/3qFwWVzyXJmNCdZx#fight=43&type=summary&source=9","@IntoxicatedUltra","Isadora Runekeeper","ardent-ass-herald-perfected-sul-xans-torment-tide-born-wildstalker","dps","Ardent","Ass","Herald","Perfected Sul-Xan's Torment","Tide-Born Wildstalker","55618.8","1713.0","33.0","55618.8 DPS","","Slimecraw Guise (Slimecraw)","Perfected Jack of Sul-Xan's Torment (Perfected Sul-Xan's Torment)","Tide-Born Arm Cops (Tide-Born Wildstalker)","Perfected Bracers of Sul-Xan's Torment (Perfected Sul-Xan's Torment)","","Perfected Guards of Sul-Xan's Torment (Perfected Sul-Xan's Torment)","Perfected Boots of Sul-Xan's Torment (Perfected Sul-Xan's Torment)","","Tide-Born Ring (Tide-Born Wildstalker)","Tide-Born Ring (Tide-Born Wildstalker)","Tide-Born Dagger (Tide-Born Wildstalker)","Tide-Born Dagger (Tide-Born Wildstalker)","The Maelstrom's Inferno Staff (Crushing Wall)"," ()","Shattering Knife","Whirling Blades","Escalating Runeblades","Pragmatic Fatecarver","Camouflaged Hunter","Soul Harvest","Elemental Blockade","Fulminating Rune","Proximity Detonation","Inspired Scholarship","Flames of Oblivion","Elemental Rage"
"Maw of Lorkhaj","Trash Builds","https://www.esologs.com/reports/3qFwWVzyXJmNCdZx#fight=43&type=summary&source=8","@Scarlette150","I Scarlette l","ardent-ass-herald-perfected-sul-xans-torment-tide-born-wildstalker","dps","Ardent","Ass","Herald","Tide-Born Wildstalker","Perfected Sul-Xan's Torment","79369.0","2897.7","41.1","79369.0 DPS","","Slimecraw Guise (Slimecraw)","Tide-Born Jack (Tide-Born Wildstalker)","Perfected Arm Cops of Sul-Xan's Torment (Perfected Sul-Xan's Torment)","Tide-Born Bracers (Tide-Born Wildstalker)","","Tide-Born Guards (Tide-Born Wildstalker)","Tide-Born Boots (Tide-Born Wildstalker)","","Perfected Ring of Sul-Xan's Torment (Perfected Sul-Xan's Torment)","Perfected Ring of Sul-Xan's Torment (Perfected Sul-Xan's Torment)","Dagger of Sul-Xan's Torment (Sul-Xan's Torment)","Dagger of Sul-Xan's Torment (Sul-Xan's Torment)","The Maelstrom's Perfected Inferno Staff (Perfected Crushing Wall)"," ()","Camouflaged Hunter","Pragmatic Fatecarver","Cephaliarch's Flail","Quick Cloak","Banner Bearer","Soul Harvest","Elemental Blockade","Anti-Cavalry Caltrops","Flames of Oblivion","Inspired Scholarship","Banner Bearer","Elemental Rage"
"Maw of Lorkhaj","Trash Builds","https://www.esologs.com/reports/3qFwWVzyXJmNCdZx#fight=43&type=summary&source=9","@IntoxicatedUltra","Isadora Runekeeper","ardent-ass-herald-perfected-sul-xans-torment-tide-born-wildstalker","dps","Ardent","Ass","Herald","Perfected Sul-Xan's Torment","Tide-Born Wildstalker","45187.1","2037.7","41.1","45187.1 DPS","","Slimecraw Guise (Slimecraw)","Perfected Jack of Sul-Xan's Torment (Perfected Sul-Xan's Torment)","Tide-Born Arm Cops (Tide-Born Wildstalker)","Perfected Bracers of Sul-Xan's Torment (Perfected Sul-Xan's Torment)","","Perfected Guards of Sul-Xan's Torment (Perfected Sul-Xan's Torment)","Perfected Boots of Sul-Xan's Torment (Perfected Sul-Xan's Torment)","","Tide-Born Ring (Tide-Born Wildstalker)","Tide-Born Ring (Tide-Born Wildstalker)","Tide-Born Dagger (Tide-Born Wildstalker)","Tide-Born Dagger (Tide-Born Wildstalker)","The Maelstrom's Inferno Staff (Crushing Wall)"," ()","Shattering Knife","Whirling Blades","Escalating Runeblades","Pragmatic Fatecarver","Camouflaged Hunter","Soul Harvest","Elemental Blockade","Fulminating Rune","Proximity Detonation","Inspired Scholarship","Flames of Oblivion","Elemental Rage"
"Maw of Lorkhaj","Trash Builds","https://www.esologs.com/reports/3qFwWVzyXJmNCdZx#fight=43&type=summary&source=179","@IntoxicatedUltra","Isadora Runekeeper","ardent-ass-herald-perfected-sul-xans-torment-tide-born-wildstalker","dps","Ardent","Ass","Herald","Perfected Sul-Xan's Torment","Tide-Born Wildstalker","55592.8","1713.0","33.0","55592.8 DPS","","Slimecraw Guise (Slimecraw)","Perfected Jack of Sul-Xan's Torment (Perfected Sul-Xan's Torment)","Tide-Born Arm Cops (Tide-Born Wildstalker)","Perfected Bracers of Sul-Xan's Torment (Perfected Sul-Xan's Torment)","","Perfected Guards of Sul-Xan's Torment (Perfected Sul-Xan's Torment)","Perfected Boots of Sul-Xan's Torment (Perfected Sul-Xan's Torment)","","Tide-Born Ring (Tide-Born Wildstalker)","Tide-Born Ring (Tide-Born Wildstalker)","Tide-Born Dagger (Tide-Born Wildstalker)","Tide-Born Dagger (Tide-Born Wildstalker)","The Maelstrom's Inferno Staff (Crushing Wall)"," ()","Shattering Knife","Whirling Blades","Escalating Runeblades","Pragmatic Fatecarver","Camouflaged Hunter","Soul Harvest","Elemental Blockade","Fulminating Rune","Proximity Detonation","Inspired Scholarship","Flames of Oblivion","Elemental Rage"
"Maw of Lorkhaj","Trash Builds","https://www.esologs.com/reports/3qFwWVzyXJmNCdZx#fight=43&type=summary&source=174","@Scarlette150","I Scarlette l","ardent-ass-herald-perfected-sul-xans-torment-tide-born-wildstalker","dps","Ardent","Ass","Herald","Tide-Born Wildstalker","Perfected Sul-Xan's Torment","83281.3","3811.2","33.0","83281.3 DPS","","Slimecraw Guise (Slimecraw)","Tide-Born Jack (Tide-Born Wildstalker)","Perfected Arm Cops of Sul-Xan's Torment (Perfected Sul-Xan's Torment)","Tide-Born Bracers (Tide-Born Wildstalker)","","Tide-Born Guards (Tide-Born Wildstalker)","Tide-Born Boots (Tide-Born Wildstalker)","","Perfected Ring of Sul-Xan's Torment (Perfected Sul-Xan's Torment)","Perfected Ring of Sul-Xan's Torment (Perfected Sul-Xan's Torment)","Dagger of Sul-Xan's Torment (Sul-Xan's Torment)","Dagger of Sul-Xan's Torment (Sul-Xan's Torment)","The Maelstrom's Perfected Inferno Staff (Perfected Crushing Wall)"," ()","Camouflaged Hunter","Pragmatic Fatecarver","Cephaliarch's Flail","Quick Cloak","Banner Bearer","Soul Harvest","Elemental Blockade","Anti-Cavalry Caltrops","Flames of Oblivion","Inspired Scholarship","Banner Bearer","Elemental Rage"
"Maw of Lorkhaj","Trash Builds","https://www.esologs.com/reports/3qFwWVzyXJmNCdZx#fight=43&type=summary&source=179","@IntoxicatedUltra","Isadora Runekeeper","ardent-ass-herald-perfected-sul-xans-torment-tide-born-wildstalker","dps","Ardent","Ass","Herald","Perfected Sul-Xan's Torment","Tide-Born Wildstalker","45176.6","2038.4","41.1","45176.6 DPS","","Slimecraw Guise (Slimecraw)","Perfected Jack of Sul-Xan's Torment (Perfected Sul-Xan's Torment)","Tide-Born Arm Cops (Tide-Born Wildstalker)","Perfected Bracers of Sul-Xan's Torment (Perfected Sul-Xan's Torment)","","Perfected Guards of Sul-Xan's Torment (Perfected Sul-Xan's Torment)","Perfected Boots of Sul-Xan's Torment (Perfected Sul-Xan's Torment)","","Tide-Born Ring (Tide-Born Wildstalker)","Tide-Born Ring (Tide-Born Wildstalker)","Tide-Born Dagger (Tide-Born Wildstalker)","Tide-Born Dagger (Tide-Born Wildstalker)","The Maelstrom's Inferno Staff (Crushing Wall)"," ()","Shattering Knife","Whirling Blades","Escalating Runeblades","Pragmatic Fatecarver","Camouflaged Hunter","Soul Harvest","Elemental Blockade","Fulminating Rune","Proximity Detonation","Inspired Scholarship","Flames of Oblivion","Elemental Rage"
"Maw of Lorkhaj","Trash Builds","https://www.esologs.com/reports/3qFwWVzyXJmNCdZx#fight=43&type=summary&source=174","@Scarlette150","I Scarlette l","ardent-ass-herald-perfected-sul-xans-torment-tide-born-wildstalker","dps","Ardent","Ass","Herald","Tide-Born Wildstalker","Perfected Sul-Xan's Torment","79381.8","2897.5","41.1","79381.8 DPS","","Slimecraw Guise (Slimecraw)","Tide-Born Jack (Tide-Born Wildstalker)","Perfected Arm Cops of Sul-Xan's Torment (Perfected Sul-Xan's Torment)","Tide-Born Bracers (Tide-Born Wildstalker)","","Tide-Born Guards (Tide-Born Wildstalker)","Tide-Born Boots (Tide-Born Wildstalker)","","Perfected Ring of Sul-Xan's Torment (Perfected Sul-Xan's Torment)","Perfected Ring of Sul-Xan's Torment (Perfected Sul-Xan's Torment)","Dagger of Sul-Xan's Torment (Sul-Xan's Torment)","Dagger of Sul-Xan's Torment (Sul-Xan's Torment)","The Maelstrom's Perfected Inferno Staff (Perfected Crushing Wall)"," ()","Camouflaged Hunter","Pragmatic Fatecarver","Cephaliarch's Flail","Quick Cloak","Banner Bearer","Soul Harvest","Elemental Blockade","Anti-Cavalry Caltrops","Flames of Oblivion","Inspired Scholarship","Banner Bearer","Elemental Rage"
"Maw of Lorkhaj","Trash Builds","https://www.esologs.com/reports/3qFwWVzyXJmNCdZx#fight=43&type=summary&source=6","@Wa2L","Meeracat","ardent-ass-herald-perfected-sul-xans-torment-tide-born-wildstalker","dps","Ardent","Ass","Herald","Perfected Sul-Xan's Torment","Tide-Born Wildstalker","57871.3","2768.0","48.0","57871.3 DPS","","Slimecraw Guise (Slimecraw)","Perfected Jack of Sul-Xan's Torment (Perfected Sul-Xan's Torment)","Perfected Arm Cops of Sul-Xan's Torment (Perfected Sul-Xan's Torment)","Perfected Bracers of Sul-Xan's Torment (Perfected Sul-Xan's Torment)","","Perfected Guards of Sul-Xan's Torment (Perfected Sul-Xan's Torment)","Perfected Boots of Sul-Xan's Torment (Perfected Sul-Xan's Torment)","","Tide-Born Ring (Tide-Born Wildstalker)","Tide-Born Ring (Tide-Born Wildstalker)","Tide-Born Dagger (Tide-Born Wildstalker)","Tide-Born Dagger (Tide-Born Wildstalker)","The Maelstrom's Perfected Greatsword (Perfected Merciless Charge)"," ()","Tentacular Dread","Merciless Resolve","Escalating Runeblades","Pragmatic Fatecarver","Camouflaged Hunter","Incapacitating Strike","Stampede","Anti-Cavalry Caltrops","Inspired Scholarship","Molten Whip","Flames of Oblivion","Standard of Might"
"Maw of Lorkhaj","Trash Builds","https://www.esologs.com/reports/3qFwWVzyXJmNCdZx#fight=43&type=summary&source=6","@Wa2L","Meeracat","ardent-ass-herald-perfected-sul-xans-torment-tide-born-wildstalker","dps","Ardent","Ass","Herald","Perfected Sul-Xan's Torment","Tide-Born Wildstalker","74375.9","8569.8","52.1","74375.9 DPS","","Slimecraw Guise (Slimecraw)","Perfected Jack of Sul-Xan's Torment (Perfected Sul-Xan's Torment)","Perfected Arm Cops of Sul-Xan's Torment (Perfected Sul-Xan's Torment)","Perfected Bracers of Sul-Xan's Torment (Perfected Sul-Xan's Torment)","","Perfected Guards of Sul-Xan's Torment (Perfected Sul-Xan's Torment)","Perfected Boots of Sul-Xan's Torment (Perfected Sul-Xan's Torment)","","Tide-Born Ring (Tide-Born Wildstalker)","Tide-Born Ring (Tide-Born Wildstalker)","Tide-Born Dagger (Tide-Born Wildstalker)","Tide-Born Dagger (Tide-Born Wildstalker)","The Maelstrom's Perfected Greatsword (Perfected Merciless Charge)"," ()","Tentacular Dread","Merciless Resolve","Escalating Runeblades","Pragmatic Fatecarver","Camouflaged Hunter","Incapacitating Strike","Stampede","Anti-Cavalry Caltrops","Inspired Scholarship","Molten Whip","Flames of Oblivion","Standard of Might"
"Maw of Lorkhaj","Trash Builds","https://www.esologs.com/reports/3qFwWVzyXJmNCdZx#fight=43&type=summary&source=48","@Samnons88","ggboysgg","ardent-ass-herald-perfected-sul-xans-torment-tide-born-wildstalker","dps","Ardent","Ass","Herald","Tide-Born Wildstalker","Perfected Sul-Xan's Torment","94624.3","9829.1","58.9","94624.3 DPS","","Slimecraw Mask (Slimecraw)","Tide-Born Jack (Tide-Born Wildstalker)","Perfected Arm Cops of Sul-Xan's Torment (Perfected Sul-Xan's Torment)","Tide-Born Bracers (Tide-Born Wildstalker)","","Tide-Born Guards (Tide-Born Wildstalker)","Tide-Born Boots (Tide-Born Wildstalker)","","Perfected Ring of Sul-Xan's Torment (Perfected Sul-Xan's Torment)","Perfected Ring of Sul-Xan's Torment (Perfected Sul-Xan's Torment)","Perfected Dagger of Sul-Xan's Torment (Perfected Sul-Xan's Torment)","Perfected Dagger of Sul-Xan's Torment (Perfected Sul-Xan's Torment)","The Maelstrom's Perfected Inferno Staff (Perfected Crushing Wall)"," ()","Escalating Runeblades","Pragmatic Fatecarver","Tentacular Dread","Quick Cloak","Killer's Blade","Incapacitating Strike","Elemental Blockade","Relentless Focus","Fulminating Rune","Inspired Scholarship","Flames of Oblivion","Elemental Rage"
"Maw of Lorkhaj","Trash Builds","https://www.esologs.com/reports/3qFwWVzyXJmNCdZx#fight=43&type=summary&source=48","@Samnons88","ggboysgg","ardent-ass-herald-perfected-sul-xans-torment-tide-born-wildstalker","dps","Ardent","Ass","Herald","Tide-Born Wildstalker","Perfected Sul-Xan's Torment","71620.4","7112.6","59.2","71620.4 DPS","","Slimecraw Mask (Slimecraw)","Tide-Born Jack (Tide-Born Wildstalker)","Perfected Arm Cops of Sul-Xan's Torment (Perfected Sul-Xan's Torment)","Tide-Born Bracers (Tide-Born Wildstalker)","","Tide-Born Guards (Tide-Born Wildstalker)","Tide-Born Boots (Tide-Born Wildstalker)","","Perfected Ring of Sul-Xan's Torment (Perfected Sul-Xan's Torment)","Perfected Ring of Sul-Xan's Torment (Perfected Sul-Xan's Torment)","Perfected Dagger of Sul-Xan's Torment (Perfected Sul-Xan's Torment)","Perfected Dagger of Sul-Xan's Torment (Perfected Sul-Xan's Torment)","The Maelstrom's Perfected Inferno Staff (Perfected Crushing Wall)"," ()","Escalating Runeblades","Pragmatic Fatecarver","Tentacular Dread","Quick Cloak","Killer's Blade","Incapacitating Strike","Elemental Blockade","Relentless Focus","Fulminating Rune","Inspired Scholarship","Flames of Oblivion","Elemental Rage"
"Maw of Lorkhaj","Trash Builds","https://www.esologs.com/reports/3qFwWVzyXJmNCdZx#fight=43&type=summary&source=45","@Merican_Hunter","Book of Scotty","ardent-ass-herald-perfected-sul-xans-torment-tide-born-wildstalker","dps","Ardent","Ass","Herald","Tide-Born Wildstalker","Perfected Sul-Xan's Torment","99874.7","0.0","42.0","99874.7 DPS","","Slimecraw Mask (Slimecraw)","Tide-Born Jack (Tide-Born Wildstalker)","Perfected Arm Cops of Sul-Xan's Torment (Perfected Sul-Xan's Torment)","Tide-Born Bracers (Tide-Born Wildstalker)","","Tide-Born Guards (Tide-Born Wildstalker)","Tide-Born Boots (Tide-Born Wildstalker)","","Perfected Ring of Sul-Xan's Torment (Perfected Sul-Xan's Torment)","Perfected Ring of Sul-Xan's Torment (Perfected Sul-Xan's Torment)","Perfected Dagger of Sul-Xan's Torment (Perfected Sul-Xan's Torment)","Perfected Dagger of Sul-Xan's Torment (Perfected Sul-Xan's Torment)","The Maelstrom's Perfected Inferno Staff (Perfected Crushing Wall)"," ()","Exhausting Fatecarver","Camouflaged Hunter","Inspired Scholarship","Shattering Knife","Quick Cloak","Incapacitating Strike","Proximity Detonation","Molten Whip","Elemental Blockade","Razor Caltrops","Flames of Oblivion","Elemental Rage"
"Maw of Lorkhaj","Trash Builds","https://www.esologs.com/reports/3qFwWVzyXJmNCdZx#fight=43&type=summary&source=7","@lord1858","Ledi v","ardent-ass-herald-perfected-sul-xans-torment-tide-born-wildstalker","dps","Ardent","Ass","Herald","Perfected Sul-Xan's Torment","Tide-Born Wildstalker","94193.2","8505.3","27.2","94193.2 DPS","","Slimecraw Guise (Slimecraw)","Perfected Jack of Sul-Xan's Torment (Perfected Sul-Xan's Torment)","Tide-Born Arm Cops (Tide-Born Wildstalker)","Perfected Bracers of Sul-Xan's Torment (Perfected Sul-Xan's Torment)","","Perfected Guards of Sul-Xan's Torment (Perfected Sul-Xan's Torment)","Perfected Boots of Sul-Xan's Torment (Perfected Sul-Xan's Torment)","","Tide-Born Ring (Tide-Born Wildstalker)","Tide-Born Ring (Tide-Born Wildstalker)","Tide-Born Dagger (Tide-Born Wildstalker)","Tide-Born Dagger (Tide-Born Wildstalker)","The Maelstrom's Perfected Inferno Staff (Perfected Crushing Wall)"," ()","Pragmatic Fatecarver","Cephaliarch's Flail","Flames of Oblivion","Quick Cloak","Camouflaged Hunter","Soul Harvest","Elemental Blockade","Anti-Cavalry Caltrops","Proximity Detonation","Inspired Scholarship","Concealed Weapon","Elemental Rage"
"Maw of Lorkhaj","Trash Builds","https://www.esologs.com/reports/3qFwWVzyXJmNCdZx#fight=43&type=summary&source=8","@Mistyriel","Mistyriel","ardent-ass-herald-perfected-sul-xans-torment-tide-born-wildstalker","dps","Ardent","Ass","Herald","Perfected Sul-Xan's Torment","Tide-Born Wildstalker","32702.3","2038.0","18.1","32702.3 DPS","","Slimecraw Mask (Slimecraw)","Perfected Jack of Sul-Xan's Torment (Perfected Sul-Xan's Torment)","Tide-Born Epaulets (Tide-Born Wildstalker)","Perfected Bracers of Sul-Xan's Torment (Perfected Sul-Xan's Torment)","","Perfected Guards of Sul-Xan's Torment (Perfected Sul-Xan's Torment)","Perfected Boots of Sul-Xan's Torment (Perfected Sul-Xan's Torment)","","Tide-Born Ring (Tide-Born Wildstalker)","Tide-Born Ring (Tide-Born Wildstalker)","Tide-Born Dagger (Tide-Born Wildstalker)","Tide-Born Dagger (Tide-Born Wildstalker)","The Maelstrom's Perfected Inferno Staff (Perfected Crushing Wall)"," ()","Cephaliarch's Flail","Pragmatic Fatecarver","Quick Cloak","Killer's Blade","Camouflaged Hunter","Soul Harvest","Anti-Cavalry Caltrops","Elemental Blockade","Inspired Scholarship","Flames of Oblivion","Proximity Detonation","Elemental Rage"
"Maw of Lorkhaj","Trash Builds","https://www.esologs.com/reports/3qFwWVzyXJmNCdZx#fight=43&type=summary&source=11","@HighstoneUA","The Green Day","ardent-ass-herald-perfected-sul-xans-torment-tide-born-wildstalker","dps","Ardent","Ass","Herald","Perfected Sul-Xan's Torment","Tide-Born Wildstalker","81850.6","7991.4","49.8","81850.6 DPS","","Valkyn Skoria Guise (Valkyn Skoria)","Perfected Jack of Sul-Xan's Torment (Perfected Sul-Xan's Torment)","Tide-Born Arm Cops (Tide-Born Wildstalker)","Perfected Bracers of Sul-Xan's Torment (Perfected Sul-Xan's Torment)","","Perfected Guards of Sul-Xan's Torment (Perfected Sul-Xan's Torment)","Perfected Boots of Sul-Xan's Torment (Perfected Sul-Xan's Torment)","","Tide-Born Ring (Tide-Born Wildstalker)","Tide-Born Ring (Tide-Born Wildstalker)","Tide-Born Dagger (Tide-Born Wildstalker)","Tide-Born Dagger (Tide-Born Wildstalker)","The Maelstrom's Perfected Inferno Staff (Perfected Crushing Wall)"," ()","Whirling Blades","Quick Cloak","Relentless Focus","Pragmatic Fatecarver","Shattering Knife","Incapacitating Strike","Proximity Detonation","Inspired Scholarship","Anti-Cavalry Caltrops","Flames of Oblivion","Elemental Blockade","Elemental Rage"
"Maw of Lorkhaj","Trash Builds","https://www.esologs.com/reports/3qFwWVzyXJmNCdZx#fight=43&type=summary&source=7","@lord1858","Ledi v","ardent-ass-herald-perfected-sul-xans-torment-tide-born-wildstalker","dps","Ardent","Ass","Herald","Perfected Sul-Xan's Torment","Tide-Born Wildstalker","94154.7","10407.3","21.4","94154.7 DPS","","Slimecraw Guise (Slimecraw)","Perfected Jack of Sul-Xan's Torment (Perfected Sul-Xan's Torment)","Tide-Born Arm Cops (Tide-Born Wildstalker)","Perfected Bracers of Sul-Xan's Torment (Perfected Sul-Xan's Torment)","","Perfected Guards of Sul-Xan's Torment (Perfected Sul-Xan's Torment)","Perfected Boots of Sul-Xan's Torment (Perfected Sul-Xan's Torment)","","Tide-Born Ring (Tide-Born Wildstalker)","Tide-Born Ring (Tide-Born Wildstalker)","Tide-Born Dagger (Tide-Born Wildstalker)","Tide-Born Dagger (Tide-Born Wildstalker)","The Maelstrom's Perfected Inferno Staff (Perfected Crushing Wall)"," ()","Pragmatic Fatecarver","Cephaliarch's Flail","Flames of Oblivion","Quick Cloak","Camouflaged Hunter","Soul Harvest","Elemental Blockade","Anti-Cavalry Caltrops","Proximity Detonation","Inspired Scholarship","Concealed Weapon","Elemental Rage"
"Maw of Lorkhaj","Trash Builds","https://www.esologs.com/reports/3qFwWVzyXJmNCdZx#fight=43&type=summary&source=8","@Mistyriel","Mistyriel","ardent-ass-herald-perfected-sul-xans-torment-tide-born-wildstalker","dps","Ardent","Ass","Herald","Perfected Sul-Xan's Torment","Tide-Born Wildstalker","56320.1","3425.1","26.7","56320.1 DPS","","Slimecraw Mask (Slimecraw)","Perfected Jack of Sul-Xan's Torment (Perfected Sul-Xan's Torment)","Tide-Born Epaulets (Tide-Born Wildstalker)","Perfected Bracers of Sul-Xan's Torment (Perfected Sul-Xan's Torment)","","Perfected Guards of Sul-Xan's Torment (Perfected Sul-Xan's Torment)","Perfected Boots of Sul-Xan's Torment (Perfected Sul-Xan's Torment)","","Tide-Born Ring (Tide-Born Wildstalker)","Tide-Born Ring (Tide-Born Wildstalker)","Tide-Born Dagger (Tide-Born Wildstalker)","Tide-Born Dagger (Tide-Born Wildstalker)","The Maelstrom's Perfected Inferno Staff (Perfected Crushing Wall)"," ()","Cephaliarch's Flail","Pragmatic Fatecarver","Quick Cloak","Killer's Blade","Camouflaged Hunter","Soul Harvest","Anti-Cavalry Caltrops","Elemental Blockade","Inspired Scholarship","Flames of Oblivion","Proximity Detonation","Elemental Rage"
"Maw of Lorkhaj","Trash Builds","https://www.esologs.com/reports/3qFwWVzyXJmNCdZx#fight=43&type=summary&source=11","@HighstoneUA","The Green Day","ardent-ass-herald-perfected-sul-xans-torment-tide-born-wildstalker","dps","Ardent","Ass","Herald","Perfected Sul-Xan's Torment","Tide-Born Wildstalker","93228.7","13158.5","50.8","93228.7 DPS","","Valkyn Skoria Guise (Valkyn Skoria)","Perfected Jack of Sul-Xan's Torment (Perfected Sul-Xan's Torment)","Tide-Born Arm Cops (Tide-Born Wildstalker)","Perfected Bracers of Sul-Xan's Torment (Perfected Sul-Xan's Torment)","","Perfected Guards of Sul-Xan's Torment (Perfected Sul-Xan's Torment)","Perfected Boots of Sul-Xan's Torment (Perfected Sul-Xan's Torment)","","Tide-Born Ring (Tide-Born Wildstalker)","Tide-Born Ring (Tide-Born Wildstalker)","Tide-Born Dagger (Tide-Born Wildstalker)","Tide-Born Dagger (Tide-Born Wildstalker)","The Maelstrom's Perfected Inferno Staff (Perfected Crushing Wall)"," ()","Whirling Blades","Quick Cloak","Relentless Focus","Pragmatic Fatecarver","Shattering Knife","Incapacitating Strike","Proximity Detonation","Inspired Scholarship","Anti-Cavalry Caltrops","Flames of Oblivion","Elemental Blockade","Elemental Rage"
"Maw of Lorkhaj","Trash Builds","https://www.esologs.com/reports/3qFwWVzyXJmNCdZx#fight=43&type=summary&source=11","@GodDillPickle","Vor'Thoros","ardent-ass-herald-perfected-sul-xans-torment-tide-born-wildstalker","dps","Ardent","Ass","Herald","Perfected Sul-Xan's Torment","Tide-Born Wildstalker","41112.5","8789.5","45.5","41112.5 DPS","","Slimecraw Guise (Slimecraw)","Perfected Jack of Sul-Xan's Torment (Perfected Sul-Xan's Torment)","Perfected Arm Cops of Sul-Xan's Torment (Perfected Sul-Xan's Torment)","Tide-Born Bracers (Tide-Born Wildstalker)","","Perfected Guards of Sul-Xan's Torment (Perfected Sul-Xan's Torment)","Perfected Boots of Sul-Xan's Torment (Perfected Sul-Xan's Torment)","","Tide-Born Ring (Tide-Born Wildstalker)","Tide-Born Ring (Tide-Born Wildstalker)","Tide-Born Dagger (Tide-Born Wildstalker)","Tide-Born Dagger (Tide-Born Wildstalker)","The Maelstrom's Inferno Staff (Crushing Wall)"," ()","Shattering Knife","Relentless Focus","Pragmatic Fatecarver","Quick Cloak","Whirling Blades","Soul Harvest","Inspired Scholarship","Venomous Claw","Elemental Blockade","Proximity Detonation","Flames of Oblivion","Elemental Rage"
"Maw of Lorkhaj","Trash Builds","https://www.esologs.com/reports/3qFwWVzyXJmNCdZx#fight=43&type=summary&source=8","@Fenuin","Toe-beanss","ardent-ass-herald-perfected-sul-xans-torment-tide-born-wildstalker","dps","Ardent","Ass","Herald","Perfected Sul-Xan's Torment","Tide-Born Wildstalker","93918.5","3924.8","26.1","93918.5 DPS","","Perfected Helmet of Sul-Xan's Torment (Perfected Sul-Xan's Torment)","Perfected Jack of Sul-Xan's Torment (Perfected Sul-Xan's Torment)","Slimecraw Epaulets (Slimecraw)","Perfected Bracers of Sul-Xan's Torment (Perfected Sul-Xan's Torment)","","Perfected Guards of Sul-Xan's Torment (Perfected Sul-Xan's Torment)","Tide-Born Boots (Tide-Born Wildstalker)","","Tide-Born Ring (Tide-Born Wildstalker)","Tide-Born Ring (Tide-Born Wildstalker)","Tide-Born Dagger (Tide-Born Wildstalker)","Tide-Born Dagger (Tide-Born Wildstalker)","The Maelstrom's Perfected Inferno Staff (Perfected Crushing Wall)"," ()","Quick Cloak","Camouflaged Hunter","Cephaliarch's Flail","Relentless Focus","Pragmatic Fatecarver","Flawless Dawnbreaker","Inspired Scholarship","Elemental Blockade","Flames of Oblivion","Razor Caltrops","Molten Whip","Standard of Might"
"Maw of Lorkhaj","Trash Builds","https://www.esologs.com/reports/3qFwWVzyXJmNCdZx#fight=43&type=summary&source=11","@GodDillPickle","Vor'Thoros","ardent-ass-herald-perfected-sul-xans-torment-tide-born-wildstalker","dps","Ardent","Ass","Herald","Perfected Sul-Xan's Torment","Tide-Born Wildstalker","83093.8","5968.8","40.7","83093.8 DPS","","Slimecraw Guise (Slimecraw)","Perfected Jack of Sul-Xan's Torment (Perfected Sul-Xan's Torment)","Perfected Arm Cops of Sul-Xan's Torment (Perfected Sul-Xan's Torment)","Tide-Born Bracers (Tide-Born Wildstalker)","","Perfected Guards of Sul-Xan's Torment (Perfected Sul-Xan's Torment)","Perfected Boots of Sul-Xan's Torment (Perfected Sul-Xan's Torment)","","Tide-Born Ring (Tide-Born Wildstalker)","Tide-Born Ring (Tide-Born Wildstalker)","Tide-Born Dagger (Tide-Born Wildstalker)","Tide-Born Dagger (Tide-Born Wildstalker)","The Maelstrom's Inferno Staff (Crushing Wall)"," ()","Shattering Knife","Relentless Focus","Pragmatic Fatecarver","Quick Cloak","Whirling Blades","Soul Harvest","Inspired Scholarship","Venomous Claw","Elemental Blockade","Proximity Detonation","Flames of Oblivion","Elemental Rage"
"Maw of Lorkhaj","Trash Builds","https://www.esologs.com/reports/3qFwWVzyXJmNCdZx#fight=43&type=summary&source=8","@Fenuin","Toe-beanss","ardent-ass-herald-perfected-sul-xans-torment-tide-born-wildstalker","dps","Ardent","Ass","Herald","Perfected Sul-Xan's Torment","Tide-Born Wildstalker","89360.7","6471.2","31.9","89360.7 DPS","","Perfected Helmet of Sul-Xan's Torment (Perfected Sul-Xan's Torment)","Perfected Jack of Sul-Xan's Torment (Perfected Sul-Xan's Torment)","Slimecraw Epaulets (Slimecraw)","Perfected Bracers of Sul-Xan's Torment (Perfected Sul-Xan's Torment)","","Perfected Guards of Sul-Xan's Torment (Perfected Sul-Xan's Torment)","Tide-Born Boots (Tide-Born Wildstalker)","","Tide-Born Ring (Tide-Born Wildstalker)","Tide-Born Ring (Tide-Born Wildstalker)","Tide-Born Dagger (Tide-Born Wildstalker)","Tide-Born Dagger (Tide-Born Wildstalker)","The Maelstrom's Perfected Inferno Staff (Perfected Crushing Wall)"," ()","Quick Cloak","Camouflaged Hunter","Cephaliarch's Flail","Relentless Focus","Pragmatic Fatecarver","Flawless Dawnbreaker","Inspired Scholarship","Elemental Blockade","Flames of Oblivion","Razor Caltrops","Molten Whip","Standard of Might"
"Maw of Lorkhaj","Trash Builds","https://www.esologs.com/reports/3qFwWVzyXJmNCdZx#fight=43&type=summary&source=1","@Dwarfking1999","Valyna Salaothi","ardent-ass-herald-perfected-sul-xans-torment-tide-born-wildstalker","dps","Ardent","Ass","Herald","Perfected Sul-Xan's Torment","Tide-Born Wildstalker","144567.2","4771.7","31.8","144567.2 DPS","The Thief","Slimecraw Guise (Slimecraw)","Perfected Jack of Sul-Xan's Torment (Perfected Sul-Xan's Torment)","Perfected Arm Cops of Sul-Xan's Torment (Perfected Sul-Xan's Torment)","Perfected Bracers of Sul-Xan's Torment (Perfected Sul-Xan's Torment)","","Tide-Born Guards (Tide-Born Wildstalker)","Perfected Boots of Sul-Xan's Torment (Perfected Sul-Xan's Torment)","","Tide-Born Ring (Tide-Born Wildstalker)","Tide-Born Ring (Tide-Born Wildstalker)","Tide-Born Dagger (Tide-Born Wildstalker)","Tide-Born Dagger (Tide-Born Wildstalker)","The Maelstrom's Greatsword (Merciless Charge)"," ()","Cephaliarch's Flail","Reaper's Mark","Pragmatic Fatecarver","Camouflaged Hunter","Quick Cloak","Incapacitating Strike","Stampede","Inspired Scholarship","Fulminating Rune","Camouflaged Hunter","Flames of Oblivion","The Languid Eye"
"Maw of Lorkhaj","Trash Builds","https://www.esologs.com/reports/3qFwWVzyXJmNCdZx#fight=43&type=summary&source=1","@Dwarfking1999","Valyna Salaothi","ardent-ass-herald-perfected-sul-xans-torment-tide-born-wildstalker","dps","Ardent","Ass","Herald","Perfected Sul-Xan's Torment","Tide-Born Wildstalker","90075.7","3706.1","30.2","90075.7 DPS","","Slimecraw Guise (Slimecraw)","Perfected Jack of Sul-Xan's Torment (Perfected Sul-Xan's Torment)","Perfected Arm Cops of Sul-Xan's Torment (Perfected Sul-Xan's Torment)","Perfected Bracers of Sul-Xan's Torment (Perfected Sul-Xan's Torment)","","Tide-Born Guards (Tide-Born Wildstalker)","Perfected Boots of Sul-Xan's Torment (Perfected Sul-Xan's Torment)","","Tide-Born Ring (Tide-Born Wildstalker)","Tide-Born Ring (Tide-Born Wildstalker)","Tide-Born Dagger (Tide-Born Wildstalker)","Tide-Born Dagger (Tide-Born Wildstalker)","The Maelstrom's Greatsword (Merciless Charge)"," ()","Cephaliarch's Flail","Reaper's Mark","Pragmatic Fatecarver","Camouflaged Hunter","Quick Cloak","Incapacitating Strike","Stampede","Inspired Scholarship","Fulminating Rune","Camouflaged Hunter","Flames of Oblivion","The Languid Eye"
"Maw of Lorkhaj","Trash Builds","https://www.esologs.com/reports/3qFwWVzyXJmNCdZx#fight=43&type=summary&source=26","@F9o0","Good fór nothing","ardent-ass-herald-perfected-sul-xans-torment-tide-born-wildstalker","dps","Ardent","Ass","Herald","Tide-Born Wildstalker","Perfected Sul-Xan's Torment","73458.9","3524.5","37.1","73458.9 DPS","","Tide-Born Helmet (Tide-Born Wildstalker)","Perfected Jack of Sul-Xan's Torment (Perfected Sul-Xan's Torment)","Slimecraw Epaulets (Slimecraw)","Perfected Bracers of Sul-Xan's Torment (Perfected Sul-Xan's Torment)","","Perfected Guards of Sul-Xan's Torment (Perfected Sul-Xan's Torment)","Perfected Boots of Sul-Xan's Torment (Perfected Sul-Xan's Torment)","","Tide-Born Ring (Tide-Born Wildstalker)","Tide-Born Ring (Tide-Born Wildstalker)","Tide-Born Dagger (Tide-Born Wildstalker)","Tide-Born Dagger (Tide-Born Wildstalker)","The Maelstrom's Perfected Greatsword (Perfected Merciless Charge)"," ()","Pragmatic Fatecarver","Killer's Blade","Escalating Runeblades","Camouflaged Hunter","Merciless Resolve","Soul Harvest","Stampede","Inspired Scholarship","Venomous Claw","Flames of Oblivion","Molten Whip","Standard of Might"
"Maw of Lorkhaj","Trash Builds","https://www.esologs.com/reports/3qFwWVzyXJmNCdZx#fight=43&type=summary&source=26","@F9o0","Good fór nothing","ardent-ass-herald-perfected-sul-xans-torment-tide-born-wildstalker","dps","Ardent","Ass","Herald","Tide-Born Wildstalker","Perfected Sul-Xan's Torment","77482.9","4335.9","57.2","77482.9 DPS","","Tide-Born Helmet (Tide-Born Wildstalker)","Perfected Jack of Sul-Xan's Torment (Perfected Sul-Xan's Torment)","Slimecraw Epaulets (Slimecraw)","Perfected Bracers of Sul-Xan's Torment (Perfected Sul-Xan's Torment)","","Perfected Guards of Sul-Xan's Torment (Perfected Sul-Xan's Torment)","Perfected Boots of Sul-Xan's Torment (Perfected Sul-Xan's Torment)","","Tide-Born Ring (Tide-Born Wildstalker)","Tide-Born Ring (Tide-Born Wildstalker)","Tide-Born Dagger (Tide-Born Wildstalker)","Tide-Born Dagger (Tide-Born Wildstalker)","The Maelstrom's Perfected Greatsword (Perfected Merciless Charge)"," ()","Pragmatic Fatecarver","Killer's Blade","Escalating Runeblades","Camouflaged Hunter","Merciless Resolve","Soul Harvest","Stampede","Inspired Scholarship","Venomous Claw","Flames of Oblivion","Molten Whip","Standard of Might"
"Maw of Lorkhaj","Trash Builds","https://www.esologs.com/reports/NnpK9QZm6JarkHgd#fight=68&type=summary&source=2","@Fat_Colossus","Divine Arcan","ardent-ass-herald-perfected-slivers-of-the-null-arca-tide-born-wildstalker","dps","Ardent","Ass","Herald","Tide-Born Wildstalker","Perfected Slivers of the Null Arca","81229.8","6025.1","24.8","81229.8 DPS","","Slimecraw Guise (Slimecraw)","Tide-Born Jack (Tide-Born Wildstalker)","Tide-Born Arm Cops (Tide-Born Wildstalker)","Tide-Born Bracers (Tide-Born Wildstalker)","","Tide-Born Guards (Tide-Born Wildstalker)","Perfected Null Arca Boots (Perfected Slivers of the Null Arca)","","Perfected Null Arca Ring (Perfected Slivers of the Null Arca)","Perfected Null Arca Ring (Perfected Slivers of the Null Arca)","Perfected Null Arca Dagger (Perfected Slivers of the Null Arca)","Perfected Null Arca Dagger (Perfected Slivers of the Null Arca)","The Maelstrom's Perfected Inferno Staff (Perfected Crushing Wall)"," ()","Exhausting Fatecarver","Cephaliarch's Flail","Camouflaged Hunter","Banner Bearer","Quick Cloak","Incapacitating Strike","Elemental Blockade","Proximity Detonation","Banner Bearer","Flames of Oblivion","Inspired Scholarship","The Languid Eye"
"Maw of Lorkhaj","Trash Builds","https://www.esologs.com/reports/NnpK9QZm6JarkHgd#fight=68&type=summary&source=274","@Br1m","ukratose","ardent-ass-herald-perfected-slivers-of-the-null-arca-tide-born-wildstalker","dps","Ardent","Ass","Herald","Perfected Slivers of the Null Arca","Tide-Born Wildstalker","45675.6","5143.1","51.3","45675.6 DPS","","Slimecraw Guise (Slimecraw)","Perfected Null Arca Jack (Perfected Slivers of the Null Arca)","Tide-Born Arm Cops (Tide-Born Wildstalker)","Perfected Null Arca Bracers (Perfected Slivers of the Null Arca)","","Perfected Null Arca Guards (Perfected Slivers of the Null Arca)","Perfected Null Arca Boots (Perfected Slivers of the Null Arca)","","Tide-Born Ring (Tide-Born Wildstalker)","Tide-Born Ring (Tide-Born Wildstalker)","Tide-Born Dagger (Tide-Born Wildstalker)","Tide-Born Dagger (Tide-Born Wildstalker)","The Maelstrom's Greatsword (Merciless Charge)"," ()","Merciless Resolve","Quick Cloak","Cephaliarch's Flail","Pragmatic Fatecarver","Camouflaged Hunter","Incapacitating Strike","Elemental Blockade","Flames of Oblivion","Proximity Detonation","Inspired Scholarship","Molten Whip","Standard of Might"
"Maw of Lorkhaj","Trash Builds","https://www.esologs.com/reports/NnpK9QZm6JarkHgd#fight=68&type=summary&source=9","@Anraijin","Nattvald","ardent-ass-herald-perfected-slivers-of-the-null-arca-tide-born-wildstalker","dps","Ardent","Ass","Herald","Perfected Slivers of the Null Arca","Tide-Born Wildstalker","89924.8","3955.8","35.3","89924.8 DPS","","Slimecraw Guise (Slimecraw)","Perfected Null Arca Jack (Perfected Slivers of the Null Arca)","Tide-Born Arm Cops (Tide-Born Wildstalker)","Perfected Null Arca Bracers (Perfected Slivers of the Null Arca)","","Perfected Null Arca Guards (Perfected Slivers of the Null Arca)","Perfected Null Arca Boots (Perfected Slivers of the Null Arca)","","Tide-Born Ring (Tide-Born Wildstalker)","Tide-Born Ring (Tide-Born Wildstalker)","Tide-Born Dagger (Tide-Born Wildstalker)","Tide-Born Dagger (Tide-Born Wildstalker)","The Maelstrom's Perfected Greatsword (Perfected Merciless Charge)"," ()","Cephaliarch's Flail","Camouflaged Hunter","Pragmatic Fatecarver","Killer's Blade","Quick Cloak","Soul Harvest","Flame Lash","Stampede","Flames of Oblivion","Venomous Claw","Inspired Scholarship","Standard of Might"
"Maw of Lorkhaj","Trash Builds","https://www.esologs.com/reports/NnpK9QZm6JarkHgd#fight=68&type=summary&source=9","@Anraijin","Nattvald","ardent-ass-herald-perfected-slivers-of-the-null-arca-tide-born-wildstalker","dps","Ardent","Ass","Herald","Perfected Slivers of the Null Arca","Tide-Born Wildstalker","78032.5","6871.2","30.1","78032.5 DPS","","Slimecraw Guise (Slimecraw)","Perfected Null Arca Jack (Perfected Slivers of the Null Arca)","Tide-Born Arm Cops (Tide-Born Wildstalker)","Perfected Null Arca Bracers (Perfected Slivers of the Null Arca)","","Perfected Null Arca Guards (Perfected Slivers of the Null Arca)","Perfected Null Arca Boots (Perfected Slivers of the Null Arca)","","Tide-Born Ring (Tide-Born Wildstalker)","Tide-Born Ring (Tide-Born Wildstalker)","Tide-Born Dagger (Tide-Born Wildstalker)","Tide-Born Dagger (Tide-Born Wildstalker)","The Maelstrom's Perfected Greatsword (Perfected Merciless Charge)"," ()","Cephaliarch's Flail","Camouflaged Hunter","Pragmatic Fatecarver","Killer's Blade","Quick Cloak","Soul Harvest","Flame Lash","Stampede","Flames of Oblivion","Venomous Claw","Inspired Scholarship","Standard of Might"
"Maw of Lorkhaj","Trash Builds","https://www.esologs.com/reports/NnpK9QZm6JarkHgd#fight=68&type=summary&source=12","@Hardardere","Zev Breminiev","ardent-ass-herald-perfected-slivers-of-the-null-arca-tide-born-wildstalker","dps","Ardent","Ass","Herald","Tide-Born Wildstalker","Perfected Slivers of the Null Arca","82148.6","7986.6","27.6","82148.6 DPS","","Slimecraw Guise (Slimecraw)","Tide-Born Jack (Tide-Born Wildstalker)","Perfected Null Arca Arm Cops (Perfected Slivers of the Null Arca)","Tide-Born Bracers (Tide-Born Wildstalker)","","Tide-Born Guards (Tide-Born Wildstalker)","Tide-Born Boots (Tide-Born Wildstalker)","","Perfected Null Arca Ring (Perfected Slivers of the Null Arca)","Perfected Null Arca Ring (Perfected Slivers of the Null Arca)","Perfected Null Arca Dagger (Perfected Slivers of the Null Arca)","Perfected Null Arca Dagger (Perfected Slivers of the Null Arca)","The Maelstrom's Perfected Greatsword (Perfected Merciless Charge)"," ()","Cephaliarch's Flail","Pragmatic Fatecarver","Killer's Blade","Quick Cloak","Relentless Focus","Soul Harvest","Inspired Scholarship","Venomous Claw","Flames of Oblivion","Stampede","Resolving Vigor","Standard of Might"
"Maw of Lorkhaj","Trash Builds","https://www.esologs.com/reports/NnpK9QZm6JarkHgd#fight=68&type=summary&source=10","@OcelOgihci","Tazman le Bricoleur","ardent-ass-herald-perfected-slivers-of-the-null-arca-tide-born-wildstalker","dps","Ardent","Ass","Herald","Perfected Slivers of the Null Arca","Tide-Born Wildstalker","107011.3","12466.8","30.1","107011.3 DPS","The Thief","Slimecraw Guise (Slimecraw)","Perfected Null Arca Jack (Perfected Slivers of the Null Arca)","Tide-Born Arm Cops (Tide-Born Wildstalker)","Perfected Null Arca Bracers (Perfected Slivers of the Null Arca)","","Tide-Born Guards (Tide-Born Wildstalker)","Perfected Null Arca Boots (Perfected Slivers of the Null Arca)","","Perfected Null Arca Ring (Perfected Slivers of the Null Arca)","Perfected Null Arca Ring (Perfected Slivers of the Null Arca)","Tide-Born Dagger (Tide-Born Wildstalker)","Tide-Born Dagger (Tide-Born Wildstalker)","The Maelstrom's Perfected Greatsword (Perfected Merciless Charge)"," ()","Quick Cloak","Killer's Blade","Pragmatic Fatecarver","Cephaliarch's Flail","Merciless Resolve","Soul Harvest","Stampede","Venomous Claw","Inspired Scholarship","Molten Whip","Flames of Oblivion","Standard of Might"
"Maw of Lorkhaj","Trash Builds","https://www.esologs.com/reports/NnpK9QZm6JarkHgd#fight=68&type=summary&source=12","@Hardardere","Zev Breminiev","ardent-ass-herald-perfected-slivers-of-the-null-arca-tide-born-wildstalker","dps","Ardent","Ass","Herald","Tide-Born Wildstalker","Perfected Slivers of the Null Arca","71876.4","5438.2","34.7","71876.4 DPS","","Slimecraw Guise (Slimecraw)","Tide-Born Jack (Tide-Born Wildstalker)","Perfected Null Arca Arm Cops (Perfected Slivers of the Null Arca)","Tide-Born Bracers (Tide-Born Wildstalker)","","Tide-Born Guards (Tide-Born Wildstalker)","Tide-Born Boots (Tide-Born Wildstalker)","","Perfected Null Arca Ring (Perfected Slivers of the Null Arca)","Perfected Null Arca Ring (Perfected Slivers of the Null Arca)","Perfected Null Arca Dagger (Perfected Slivers of the Null Arca)","Perfected Null Arca Dagger (Perfected Slivers of the Null Arca)","The Maelstrom's Perfected Greatsword (Perfected Merciless Charge)"," ()","Cephaliarch's Flail","Pragmatic Fatecarver","Killer's Blade","Quick Cloak","Relentless Focus","Soul Harvest","Inspired Scholarship","Venomous Claw","Flames of Oblivion","Stampede","Resolving Vigor","Standard of Might"
"Maw of Lorkhaj","Trash Builds","https://www.esologs.com/reports/NnpK9QZm6JarkHgd#fight=68&type=summary&source=10","@OcelOgihci","Tazman le Bricoleur","ardent-ass-herald-perfected-slivers-of-the-null-arca-tide-born-wildstalker","dps","Ardent","Ass","Herald","Perfected Slivers of the Null Arca","Tide-Born Wildstalker","82683.0","4821.7","32.0","82683.0 DPS","","Slimecraw Guise (Slimecraw)","Perfected Null Arca Jack (Perfected Slivers of the Null Arca)","Tide-Born Arm Cops (Tide-Born Wildstalker)","Perfected Null Arca Bracers (Perfected Slivers of the Null Arca)","","Tide-Born Guards (Tide-Born Wildstalker)","Perfected Null Arca Boots (Perfected Slivers of the Null Arca)","","Perfected Null Arca Ring (Perfected Slivers of the Null Arca)","Perfected Null Arca Ring (Perfected Slivers of the Null Arca)","Tide-Born Dagger (Tide-Born Wildstalker)","Tide-Born Dagger (Tide-Born Wildstalker)","The Maelstrom's Perfected Greatsword (Perfected Merciless Charge)"," ()","Quick Cloak","Killer's Blade","Pragmatic Fatecarver","Cephaliarch's Flail","Merciless Resolve","Soul Harvest","Stampede","Venomous Claw","Inspired Scholarship","Molten Whip","Flames of Oblivion","Standard of Might"
"Maw of Lorkhaj","Trash Builds","https://www.esologs.com/reports/QDdwXL4aATmFkKNB#fight=24&type=summary&source=51","@MidnightMusical","Midknight Nocturne","ass-dawn-herald-perfected-slivers-of-the-null-arca-tide-born-wildstalker","dps","Ass","Dawn","Herald","Tide-Born Wildstalker","Perfected Slivers of the Null Arca","103242.1","6286.5","46.9","103242.1 DPS","The Thief","Tide-Born Helmet (Tide-Born Wildstalker)","Perfected Null Arca Jack (Perfected Slivers of the Null Arca)","Slimecraw Epaulets (Slimecraw)","Perfected Null Arca Bracers (Perfected Slivers of the Null Arca)","","Perfected Null Arca Guards (Perfected Slivers of the Null Arca)","Perfected Null Arca Boots (Perfected Slivers of the Null Arca)","","Tide-Born Ring (Tide-Born Wildstalker)","Tide-Born Ring (Tide-Born Wildstalker)","Tide-Born Dagger (Tide-Born Wildstalker)","Tide-Born Dagger (Tide-Born Wildstalker)","The Maelstrom's Perfected Greatsword (Perfected Merciless Charge)"," ()","Cephaliarch's Flail","Pragmatic Fatecarver","Quick Cloak","Camouflaged Hunter","Radiant Glory","Soul Harvest","Stampede","Solar Barrage","Resolving Vigor","Camouflaged Hunter","Inspired Scholarship","The Languid Eye"
"Maw of Lorkhaj","Trash Builds","https://www.esologs.com/reports/QDdwXL4aATmFkKNB#fight=24&type=summary&source=51","@MidnightMusical","Midknight Nocturne","ass-dawn-herald-perfected-slivers-of-the-null-arca-tide-born-wildstalker","dps","Ass","Dawn","Herald","Tide-Born Wildstalker","Perfected Slivers of the Null Arca","88688.5","5558.9","46.8","88688.5 DPS","","Tide-Born Helmet (Tide-Born Wildstalker)","Perfected Null Arca Jack (Perfected Slivers of the Null Arca)","Slimecraw Epaulets (Slimecraw)","Perfected Null Arca Bracers (Perfected Slivers of the Null Arca)","","Perfected Null Arca Guards (Perfected Slivers of the Null Arca)","Perfected Null Arca Boots (Perfected Slivers of the Null Arca)","","Tide-Born Ring (Tide-Born Wildstalker)","Tide-Born Ring (Tide-Born Wildstalker)","Tide-Born Dagger (Tide-Born Wildstalker)","Tide-Born Dagger (Tide-Born Wildstalker)","The Maelstrom's Perfected Greatsword (Perfected Merciless Charge)"," ()","Cephaliarch's Flail","Pragmatic Fatecarver","Quick Cloak","Camouflaged Hunter","Radiant Glory","Soul Harvest","Stampede","Solar Barrage","Resolving Vigor","Camouflaged Hunter","Inspired Scholarship","The Languid Eye"
"Maw of Lorkhaj","Trash Builds","https://www.esologs.com/reports/QDdwXL4aATmFkKNB#fight=24&type=summary&source=11","@Xenus24","Xénus","ass-dawn-herald-perfected-slivers-of-the-null-arca-tide-born-wildstalker","dps","Ass","Dawn","Herald","Tide-Born Wildstalker","Perfected Slivers of the Null Arca","101604.8","1706.2","35.1","101604.8 DPS","","Tide-Born Helmet (Tide-Born Wildstalker)","Perfected Null Arca Jack (Perfected Slivers of the Null Arca)","Slimecraw Epaulets (Slimecraw)","Perfected Null Arca Bracers (Perfected Slivers of the Null Arca)","","Perfected Null Arca Guards (Perfected Slivers of the Null Arca)","Perfected Null Arca Boots (Perfected Slivers of the Null Arca)","","Tide-Born Ring (Tide-Born Wildstalker)","Tide-Born Ring (Tide-Born Wildstalker)","Tide-Born Dagger (Tide-Born Wildstalker)","Tide-Born Dagger (Tide-Born Wildstalker)","The Maelstrom's Perfected Greatsword (Perfected Merciless Charge)"," ()","Exhausting Fatecarver","Cephaliarch's Flail","Radiant Glory","Quick Cloak","Merciless Resolve","Soul Harvest","Stampede","Solar Barrage","Inspired Scholarship","Fulminating Rune","Resolving Vigor","The Languid Eye"
"Maw of Lorkhaj","Trash Builds","https://www.esologs.com/reports/QDdwXL4aATmFkKNB#fight=24&type=summary&source=11","@Xenus24","Xénus","ass-dawn-herald-perfected-slivers-of-the-null-arca-tide-born-wildstalker","dps","Ass","Dawn","Herald","Tide-Born Wildstalker","Perfected Slivers of the Null Arca","72344.6","3428.3","37.9","72344.6 DPS","","Tide-Born Helmet (Tide-Born Wildstalker)","Perfected Null Arca Jack (Perfected Slivers of the Null Arca)","Slimecraw Epaulets (Slimecraw)","Perfected Null Arca Bracers (Perfected Slivers of the Null Arca)","","Perfected Null Arca Guards (Perfected Slivers of the Null Arca)","Perfected Null Arca Boots (Perfected Slivers of the Null Arca)","","Tide-Born Ring (Tide-Born Wildstalker)","Tide-Born Ring (Tide-Born Wildstalker)","Tide-Born Dagger (Tide-Born Wildstalker)","Tide-Born Dagger (Tide-Born Wildstalker)","The Maelstrom's Perfected Greatsword (Perfected Merciless Charge)"," ()","Exhausting Fatecarver","Cephaliarch's Flail","Radiant Glory","Quick Cloak","Merciless Resolve","Soul Harvest","Stampede","Solar Barrage","Inspired Scholarship","Fulminating Rune","Resolving Vigor","The Languid Eye"
"Maw of Lorkhaj","Trash Builds","https://www.esologs.com/reports/QDdwXL4aATmFkKNB#fight=24&type=summary&source=6","nil","Anonymous 6","ass-dawn-herald-perfected-slivers-of-the-null-arca-tide-born-wildstalker","dps","Ass","Dawn","Herald","Perfected Slivers of the Null Arca","Tide-Born Wildstalker","65168.7","3326.4","27.6","65168.7 DPS","","Slimecraw Guise (Slimecraw)","Perfected Null Arca Jack (Perfected Slivers of the Null Arca)","Tide-Born Arm Cops (Tide-Born Wildstalker)","Perfected Null Arca Bracers (Perfected Slivers of the Null Arca)","","Perfected Null Arca Guards (Perfected Slivers of the Null Arca)","Perfected Null Arca Boots (Perfected Slivers of the Null Arca)","","Tide-Born Ring (Tide-Born Wildstalker)","Tide-Born Ring (Tide-Born Wildstalker)","Tide-Born Dagger (Tide-Born Wildstalker)","Tide-Born Dagger (Tide-Born Wildstalker)","The Maelstrom's Perfected Greatsword (Perfected Merciless Charge)"," ()","Banner Bearer","Quick Cloak","Radiant Glory","Cephaliarch's Flail","Pragmatic Fatecarver","Soul Harvest","Banner Bearer","Inspired Scholarship","Solar Barrage","Stampede","Merciless Resolve","The Languid Eye"
"Maw of Lorkhaj","Trash Builds","https://www.esologs.com/reports/QDdwXL4aATmFkKNB#fight=24&type=summary&source=6","nil","Anonymous 6","ass-dawn-herald-perfected-slivers-of-the-null-arca-tide-born-wildstalker","dps","Ass","Dawn","Herald","Perfected Slivers of the Null Arca","Tide-Born Wildstalker","83251.9","3385.3","25.1","83251.9 DPS","","Slimecraw Guise (Slimecraw)","Perfected Null Arca Jack (Perfected Slivers of the Null Arca)","Tide-Born Arm Cops (Tide-Born Wildstalker)","Perfected Null Arca Bracers (Perfected Slivers of the Null Arca)","","Perfected Null Arca Guards (Perfected Slivers of the Null Arca)","Perfected Null Arca Boots (Perfected Slivers of the Null Arca)","","Tide-Born Ring (Tide-Born Wildstalker)","Tide-Born Ring (Tide-Born Wildstalker)","Tide-Born Dagger (Tide-Born Wildstalker)","Tide-Born Dagger (Tide-Born Wildstalker)","The Maelstrom's Perfected Greatsword (Perfected Merciless Charge)"," ()","Banner Bearer","Quick Cloak","Radiant Glory","Cephaliarch's Flail","Pragmatic Fatecarver","Soul Harvest","Banner Bearer","Inspired Scholarship","Solar Barrage","Stampede","Merciless Resolve","The Languid Eye"
"Maw of Lorkhaj","Trash Builds","https://www.esologs.com/reports/TXV8b69hZJ3MajKg#fight=19&type=summary&source=11","@ChanneledDivinity","Sulan Tharys","ass-grave-herald-perfected-sul-xans-torment-tide-born-wildstalker","dps","Ass","Grave","Herald","Tide-Born Wildstalker","Perfected Sul-Xan's Torment","105138.2","13105.4","44.4","105138.2 DPS","","Slimecraw Mask (Slimecraw)","Tide-Born Jack (Tide-Born Wildstalker)","Perfected Arm Cops of Sul-Xan's Torment (Perfected Sul-Xan's Torment)","Tide-Born Bracers (Tide-Born Wildstalker)","","Tide-Born Guards (Tide-Born Wildstalker)","Tide-Born Boots (Tide-Born Wildstalker)","","Perfected Ring of Sul-Xan's Torment (Perfected Sul-Xan's Torment)","Perfected Ring of Sul-Xan's Torment (Perfected Sul-Xan's Torment)","Perfected Dagger of Sul-Xan's Torment (Perfected Sul-Xan's Torment)","Perfected Dagger of Sul-Xan's Torment (Perfected Sul-Xan's Torment)","The Maelstrom's Perfected Inferno Staff (Perfected Crushing Wall)"," ()","Shattering Knife","Exhausting Fatecarver","Whirling Blades","Relentless Focus","Detonating Siphon","Incapacitating Strike","Elemental Blockade","Reaper's Mark","Proximity Detonation","Anti-Cavalry Caltrops","Inspired Scholarship","The Languid Eye"
"Maw of Lorkhaj","Trash Builds","https://www.esologs.com/reports/TXV8b69hZJ3MajKg#fight=19&type=summary&source=11","@ChanneledDivinity","Sulan Tharys","ass-grave-herald-perfected-sul-xans-torment-tide-born-wildstalker","dps","Ass","Grave","Herald","Tide-Born Wildstalker","Perfected Sul-Xan's Torment","89386.3","4655.4","47.0","89386.3 DPS","","Slimecraw Mask (Slimecraw)","Tide-Born Jack (Tide-Born Wildstalker)","Perfected Arm Cops of Sul-Xan's Torment (Perfected Sul-Xan's Torment)","Tide-Born Bracers (Tide-Born Wildstalker)","","Tide-Born Guards (Tide-Born Wildstalker)","Tide-Born Boots (Tide-Born Wildstalker)","","Perfected Ring of Sul-Xan's Torment (Perfected Sul-Xan's Torment)","Perfected Ring of Sul-Xan's Torment (Perfected Sul-Xan's Torment)","Perfected Dagger of Sul-Xan's Torment (Perfected Sul-Xan's Torment)","Perfected Dagger of Sul-Xan's Torment (Perfected Sul-Xan's Torment)","The Maelstrom's Perfected Inferno Staff (Perfected Crushing Wall)"," ()","Shattering Knife","Exhausting Fatecarver","Whirling Blades","Relentless Focus","Detonating Siphon","Incapacitating Strike","Elemental Blockade","Reaper's Mark","Proximity Detonation","Anti-Cavalry Caltrops","Inspired Scholarship","The Languid Eye"
"Maw of Lorkhaj","Trash Builds","https://www.esologs.com/reports/TXV8b69hZJ3MajKg#fight=19&type=summary&source=198","@ChanneledDivinity","Sulan Tharys","ass-grave-herald-perfected-sul-xans-torment-tide-born-wildstalker","dps","Ass","Grave","Herald","Tide-Born Wildstalker","Perfected Sul-Xan's Torment","105163.1","13101.0","44.4","105163.1 DPS","","Slimecraw Mask (Slimecraw)","Tide-Born Jack (Tide-Born Wildstalker)","Perfected Arm Cops of Sul-Xan's Torment (Perfected Sul-Xan's Torment)","Tide-Born Bracers (Tide-Born Wildstalker)","","Tide-Born Guards (Tide-Born Wildstalker)","Tide-Born Boots (Tide-Born Wildstalker)","","Perfected Ring of Sul-Xan's Torment (Perfected Sul-Xan's Torment)","Perfected Ring of Sul-Xan's Torment (Perfected Sul-Xan's Torment)","Perfected Dagger of Sul-Xan's Torment (Perfected Sul-Xan's Torment)","Perfected Dagger of Sul-Xan's Torment (Perfected Sul-Xan's Torment)","The Maelstrom's Perfected Inferno Staff (Perfected Crushing Wall)"," ()","Shattering Knife","Exhausting Fatecarver","Whirling Blades","Relentless Focus","Detonating Siphon","Incapacitating Strike","Elemental Blockade","Reaper's Mark","Proximity Detonation","Anti-Cavalry Caltrops","Inspired Scholarship","The Languid Eye"
"Maw of Lorkhaj","Trash Builds","https://www.esologs.com/reports/TXV8b69hZJ3MajKg#fight=19&type=summary&source=198","@ChanneledDivinity","Sulan Tharys","ass-grave-herald-perfected-sul-xans-torment-tide-born-wildstalker","dps","Ass","Grave","Herald","Tide-Born Wildstalker","Perfected Sul-Xan's Torment","89408.7","4658.9","47.1","89408.7 DPS","","Slimecraw Mask (Slimecraw)","Tide-Born Jack (Tide-Born Wildstalker)","Perfected Arm Cops of Sul-Xan's Torment (Perfected Sul-Xan's Torment)","Tide-Born Bracers (Tide-Born Wildstalker)","","Tide-Born Guards (Tide-Born Wildstalker)","Tide-Born Boots (Tide-Born Wildstalker)","","Perfected Ring of Sul-Xan's Torment (Perfected Sul-Xan's Torment)","Perfected Ring of Sul-Xan's Torment (Perfected Sul-Xan's Torment)","Perfected Dagger of Sul-Xan's Torment (Perfected Sul-Xan's Torment)","Perfected Dagger of Sul-Xan's Torment (Perfected Sul-Xan's Torment)","The Maelstrom's Perfected Inferno Staff (Perfected Crushing Wall)"," ()","Shattering Knife","Exhausting Fatecarver","Whirling Blades","Relentless Focus","Detonating Siphon","Incapacitating Strike","Elemental Blockade","Reaper's Mark","Proximity Detonation","Anti-Cavalry Caltrops","Inspired Scholarship","The Languid Eye"
"Maw of Lorkhaj","Trash Builds","https://www.esologs.com/reports/TXV8b69hZJ3MajKg#fight=19&type=summary&source=46","@Myykl","console pleb","ass-grave-herald-perfected-sul-xans-torment-tide-born-wildstalker","dps","Ass","Grave","Herald","Perfected Sul-Xan's Torment","Tide-Born Wildstalker","95896.7","4721.2","39.9","95896.7 DPS","","Slimecraw Mask (Slimecraw)","Perfected Jack of Sul-Xan's Torment (Perfected Sul-Xan's Torment)","Tide-Born Arm Cops (Tide-Born Wildstalker)","Perfected Bracers of Sul-Xan's Torment (Perfected Sul-Xan's Torment)","","Perfected Guards of Sul-Xan's Torment (Perfected Sul-Xan's Torment)","Perfected Boots of Sul-Xan's Torment (Perfected Sul-Xan's Torment)","","Tide-Born Ring (Tide-Born Wildstalker)","Tide-Born Ring (Tide-Born Wildstalker)","Tide-Born Dagger (Tide-Born Wildstalker)","Tide-Born Dagger (Tide-Born Wildstalker)","The Maelstrom's Inferno Staff (Crushing Wall)"," ()","Quick Cloak","Escalating Runeblades","Pragmatic Fatecarver","Detonating Siphon","Camouflaged Hunter","Soul Harvest","Elemental Blockade","Unnerving Boneyard","Grave Lord's Sacrifice","Inspired Scholarship","Sundering Trample","Glacial Colossus"
"Maw of Lorkhaj","Trash Builds","https://www.esologs.com/reports/TXV8b69hZJ3MajKg#fight=19&type=summary&source=12","@Ravex007","Whatamipapa","ardent-ass-herald-berserking-warrior-perfected-slivers-of-the-null-arca","dps","Ardent","Ass","Herald","Perfected Slivers of the Null Arca","Berserking Warrior","52029.4","2764.6","33.0","52029.4 DPS","","Nerien'eth Mask (Nerien'eth)","Perfected Null Arca Jack (Perfected Slivers of the Null Arca)","Nerien'eth Arm Cops (Nerien'eth)","Perfected Null Arca Bracers (Perfected Slivers of the Null Arca)","","Perfected Null Arca Guards (Perfected Slivers of the Null Arca)","Perfected Null Arca Boots (Perfected Slivers of the Null Arca)","","Ring of the Advancing Yokeda (Berserking Warrior)","Ring of the Advancing Yokeda (Berserking Warrior)","Dagger of the Advancing Yokeda (Berserking Warrior)","Dagger of the Advancing Yokeda (Berserking Warrior)","The Maelstrom's Perfected Inferno Staff (Perfected Crushing Wall)"," ()","Pragmatic Fatecarver","Cephaliarch's Flail","Quick Cloak","Banner Bearer","Flames of Oblivion","Soul Harvest","Venomous Claw","Engulfing Flames","Elemental Blockade","Banner Bearer","Inspired Scholarship","The Tide King's Gaze"
"Maw of Lorkhaj","Trash Builds","https://www.esologs.com/reports/TXV8b69hZJ3MajKg#fight=19&type=summary&source=12","@Ravex007","Whatamipapa","ardent-ass-herald-berserking-warrior-perfected-slivers-of-the-null-arca","dps","Ardent","Ass","Herald","Perfected Slivers of the Null Arca","Berserking Warrior","48524.5","2335.8","47.0","48524.5 DPS","","Nerien'eth Mask (Nerien'eth)","Perfected Null Arca Jack (Perfected Slivers of the Null Arca)","Nerien'eth Arm Cops (Nerien'eth)","Perfected Null Arca Bracers (Perfected Slivers of the Null Arca)","","Perfected Null Arca Guards (Perfected Slivers of the Null Arca)","Perfected Null Arca Boots (Perfected Slivers of the Null Arca)","","Ring of the Advancing Yokeda (Berserking Warrior)","Ring of the Advancing Yokeda (Berserking Warrior)","Dagger of the Advancing Yokeda (Berserking Warrior)","Dagger of the Advancing Yokeda (Berserking Warrior)","The Maelstrom's Perfected Inferno Staff (Perfected Crushing Wall)"," ()","Pragmatic Fatecarver","Cephaliarch's Flail","Quick Cloak","Banner Bearer","Flames of Oblivion","Soul Harvest","Venomous Claw","Engulfing Flames","Elemental Blockade","Banner Bearer","Inspired Scholarship","The Tide King's Gaze"
"Maw of Lorkhaj","Trash Builds","https://www.esologs.com/reports/TXV8b69hZJ3MajKg#fight=19&type=summary&source=210","@Ravex007","Whatamipapa","ardent-ass-herald-berserking-warrior-perfected-slivers-of-the-null-arca","dps","Ardent","Ass","Herald","Perfected Slivers of the Null Arca","Berserking Warrior","52027.1","2763.8","33.0","52027.1 DPS","","Nerien'eth Mask (Nerien'eth)","Perfected Null Arca Jack (Perfected Slivers of the Null Arca)","Nerien'eth Arm Cops (Nerien'eth)","Perfected Null Arca Bracers (Perfected Slivers of the Null Arca)","","Perfected Null Arca Guards (Perfected Slivers of the Null Arca)","Perfected Null Arca Boots (Perfected Slivers of the Null Arca)","","Ring of the Advancing Yokeda (Berserking Warrior)","Ring of the Advancing Yokeda (Berserking Warrior)","Dagger of the Advancing Yokeda (Berserking Warrior)","Dagger of the Advancing Yokeda (Berserking Warrior)","The Maelstrom's Perfected Inferno Staff (Perfected Crushing Wall)"," ()","Pragmatic Fatecarver","Cephaliarch's Flail","Quick Cloak","Banner Bearer","Flames of Oblivion","Soul Harvest","Venomous Claw","Engulfing Flames","Elemental Blockade","Banner Bearer","Inspired Scholarship","The Tide King's Gaze"
"Maw of Lorkhaj","Trash Builds","https://www.esologs.com/reports/TXV8b69hZJ3MajKg#fight=19&type=summary&source=210","@Ravex007","Whatamipapa","ardent-ass-herald-berserking-warrior-perfected-slivers-of-the-null-arca","dps","Ardent","Ass","Herald","Perfected Slivers of the Null Arca","Berserking Warrior","48536.6","2337.5","47.1","48536.6 DPS","","Nerien'eth Mask (Nerien'eth)","Perfected Null Arca Jack (Perfected Slivers of the Null Arca)","Nerien'eth Arm Cops (Nerien'eth)","Perfected Null Arca Bracers (Perfected Slivers of the Null Arca)","","Perfected Null Arca Guards (Perfected Slivers of the Null Arca)","Perfected Null Arca Boots (Perfected Slivers of the Null Arca)","","Ring of the Advancing Yokeda (Berserking Warrior)","Ring of the Advancing Yokeda (Berserking Warrior)","Dagger of the Advancing Yokeda (Berserking Warrior)","Dagger of the Advancing Yokeda (Berserking Warrior)","The Maelstrom's Perfected Inferno Staff (Perfected Crushing Wall)"," ()","Pragmatic Fatecarver","Cephaliarch's Flail","Quick Cloak","Banner Bearer","Flames of Oblivion","Soul Harvest","Venomous Claw","Engulfing Flames","Elemental Blockade","Banner Bearer","Inspired Scholarship","The Tide King's Gaze"
"Maw of Lorkhaj","Trash Builds","https://www.esologs.com/reports/TXV8b69hZJ3MajKg#fight=19&type=summary&source=24","@grimnoire","Yves Noire","ardent-ass-herald-berserking-warrior-perfected-slivers-of-the-null-arca","dps","Ardent","Ass","Herald","Perfected Slivers of the Null Arca","Berserking Warrior","88322.1","4191.2","31.2","88322.1 DPS","","Nerien'eth Mask (Nerien'eth)","Perfected Null Arca Jack (Perfected Slivers of the Null Arca)","Nerien'eth Arm Cops (Nerien'eth)","Perfected Null Arca Bracers (Perfected Slivers of the Null Arca)","","Perfected Null Arca Guards (Perfected Slivers of the Null Arca)","Perfected Null Arca Boots (Perfected Slivers of the Null Arca)","","Ring of the Advancing Yokeda (Berserking Warrior)","Ring of the Advancing Yokeda (Berserking Warrior)","Dagger of the Advancing Yokeda (Berserking Warrior)","Dagger of the Advancing Yokeda (Berserking Warrior)","The Maelstrom's Greatsword (Merciless Charge)"," ()","Killer's Blade","Escalating Runeblades","Quick Cloak","Tentacular Dread","Relentless Focus","Soul Harvest","Stampede","Inspired Scholarship","Flames of Oblivion","Venomous Claw","Molten Whip","Standard of Might"
