"Trial Name","Boss Name","ESO Logs Player Link","Player Handle","Character Name","Build Slug","Role","Subclass 1","Subclass 2","Subclass 3","Signature Set 1","Signature Set 2","DPS","HPS","CPM","Primary Metric","Mundus Stone","Gear: Head","Gear: Chest","Gear: Shoulders","Gear: Hands","Gear: Waist","Gear: Legs","Gear: Feet","Gear: Necklace","Gear: Ring1","Gear: Ring2","Gear: Main_Hand","Gear: Off_Hand","Gear: Backup_Main_Hand","Gear: Backup_Off_Hand","Bar 1 Ability 1","Bar 1 Ability 2","Bar 1 Ability 3","Bar 1 Ability 4","Bar 1 Ability 5","Bar 1 Ability 6","Bar 2 Ability 1","Bar 2 Ability 2","Bar 2 Ability 3","Bar 2 Ability 4","Bar 2 Ability 5","Bar 2 Ability 6"
"Sanctum Ophidia","Possessed Mantikora","https://www.esologs.com/reports/Z938ANYqCh1jvVDy#fight=3&type=summary&source=4","@Croa","Croa","ardent-ass-herald-aegis-caller-perfected-slivers-of-the-null-arca","dps","Ardent","Ass","Herald","Perfected Slivers of the Null Arca","Aegis Caller","76159.9","15128.4","60.2","76159.9 DPS","The Thief","Iceheart Guise (Iceheart)","Perfected Null Arca Jack (Perfected Slivers of the Null Arca)","Perfected Null Arca Arm Cops (Perfected Slivers of the Null Arca)","Aegis Caller's Bracers (Aegis Caller)","","Perfected Null Arca Guards (Perfected Slivers of the Null Arca)","Perfected Null Arca Boots (Perfected Slivers of the Null Arca)","","Aegis Caller's Ring (Aegis Caller)","Aegis Caller's Ring (Aegis Caller)","Aegis Caller's Dagger (Aegis Caller)","Aegis Caller's Dagger (Aegis Caller)","The Maelstrom's Perfected Greatsword (Perfected Merciless Charge)"," ()","Escalating Runeblades","Relentless Focus","Tentacular Dread","Barbed Trap","Killer's Blade","Soul Harvest","Stampede","Flames of Oblivion","Venomous Claw","Inspired Scholarship","Molten Whip","Standard of Might"
"Sanctum Ophidia","Possessed Mantikora","https://www.esologs.com/reports/Z938ANYqCh1jvVDy#fight=3&type=summary&source=9","@Plusscher","Rhonwen Lechmere","ass-dawn-grave-perfected-slivers-of-the-null-arca-tzogvins-warband","dps","Ass","Dawn","Grave","Perfected Slivers of the Null Arca","Tzogvin's Warband","54989.7","12927.5","27.3","54989.7 DPS","The Thief"," (Huntsman's Warmask)","Perfected Null Arca Jack (Perfected Slivers of the Null Arca)","Slimecraw Arm Cops (Slimecraw)","Perfected Null Arca Bracers (Perfected Slivers of the Null Arca)","","Perfected Null Arca Guards (Perfected Slivers of the Null Arca)","Perfected Null Arca Boots (Perfected Slivers of the Null Arca)","","Tzogvin's Ring (Tzogvin's Warband)","Tzogvin's Ring (Tzogvin's Warband)","Tzogvin's Dagger (Tzogvin's Warband)","Tzogvin's Dagger (Tzogvin's Warband)","The Maelstrom's Perfected Greatsword (Perfected Merciless Charge)"," ()","Blighted Blastbones","Surprise Attack","Merciless Resolve","Radiant Oppression","Detonating Siphon","Soul Harvest","Power of the Light","Stampede","Skeletal Archer","Barbed Trap","Solar Barrage","Glacial Colossus"
"Sanctum Ophidia","Possessed Mantikora","https://www.esologs.com/reports/Z938ANYqCh1jvVDy#fight=3&type=summary&source=2","@Amenokai","Anode Cathode","ardent-herald-spear-deadly-strike-perfected-slivers-of-the-null-arca","dps","Ardent","Spear","Herald","Deadly Strike","Perfected Slivers of the Null Arca","100298.9","8024.4","33.4","100298.9 DPS","The Thief","Deadly Helmet (Deadly Strike)","Perfected Null Arca Jack (Perfected Slivers of the Null Arca)","Slimecraw Epaulets (Slimecraw)","Perfected Null Arca Bracers (Perfected Slivers of the Null Arca)","","Perfected Null Arca Guards (Perfected Slivers of the Null Arca)","Perfected Null Arca Boots (Perfected Slivers of the Null Arca)","","Deadly Ring (Deadly Strike)","Deadly Ring (Deadly Strike)","Deadly Dagger (Deadly Strike)","Deadly Dagger (Deadly Strike)","The Maelstrom's Perfected Greatsword (Perfected Merciless Charge)"," ()","Cephaliarch's Flail","Quick Cloak","Blazing Spear","Camouflaged Hunter","Pragmatic Fatecarver","Flawless Dawnbreaker","Stampede","Venomous Claw","Flames of Oblivion","Molten Whip","Inspired Scholarship","Standard of Might"
"Sanctum Ophidia","Possessed Mantikora","https://www.esologs.com/reports/Z938ANYqCh1jvVDy#fight=3&type=summary&source=6","@YrdatYkshy","Ma'puzhik","ardent-ass-herald-slivers-of-the-null-arca-tide-born-wildstalker","dps","Ardent","Ass","Herald","Tide-Born Wildstalker","Slivers of the Null Arca","79929.6","7195.2","32.9","79929.6 DPS","The Thief","Tide-Born Hat (Tide-Born Wildstalker)","Null Arca Jack (Slivers of the Null Arca)","Slimecraw Arm Cops (Slimecraw)","Null Arca Bracers (Slivers of the Null Arca)","","Null Arca Guards (Slivers of the Null Arca)","Null Arca Boots (Slivers of the Null Arca)","","Tide-Born Ring (Tide-Born Wildstalker)","Tide-Born Ring (Tide-Born Wildstalker)","Tide-Born Dagger (Tide-Born Wildstalker)","Tide-Born Dagger (Tide-Born Wildstalker)","The Maelstrom's Perfected Greatsword (Perfected Merciless Charge)"," ()","Cephaliarch's Flail","Pragmatic Fatecarver","Quick Cloak","Killer's Blade","Camouflaged Hunter","Incapacitating Strike","Inspired Scholarship","Venomous Claw","Flames of Oblivion","Stampede","Molten Whip","Standard of Might"
"Sanctum Ophidia","Possessed Mantikora","https://www.esologs.com/reports/Z938ANYqCh1jvVDy#fight=3&type=summary&source=12","@IamKippy","Z'enpai","ardent-ass-herald-perfected-sul-xans-torment-tide-born-wildstalker","dps","Ardent","Ass","Herald","Perfected Sul-Xan's Torment","Tide-Born Wildstalker","57404.2","4043.1","29.5","57404.2 DPS","The Thief","Valkyn Skoria Guise (Valkyn Skoria)","Jack of Sul-Xan's Torment (Sul-Xan's Torment)","Tide-Born Arm Cops (Tide-Born Wildstalker)","Bracers of Sul-Xan's Torment (Sul-Xan's Torment)","","Perfected Guards of Sul-Xan's Torment (Perfected Sul-Xan's Torment)","Perfected Boots of Sul-Xan's Torment (Perfected Sul-Xan's Torment)","","Tide-Born Ring (Tide-Born Wildstalker)","Tide-Born Ring (Tide-Born Wildstalker)","Tide-Born Dagger (Tide-Born Wildstalker)","Tide-Born Dagger (Tide-Born Wildstalker)","The Maelstrom's Perfected Inferno Staff (Perfected Crushing Wall)"," ()","Cephaliarch's Flail","Exhausting Fatecarver","Venomous Claw","Razor Caltrops","Deadly Cloak","Incapacitating Strike","Elemental Blockade","Flames of Oblivion","Inspired Scholarship","Molten Whip","Proximity Detonation","Standard of Might"
"Sanctum Ophidia","Possessed Mantikora","https://www.esologs.com/reports/Z938ANYqCh1jvVDy#fight=3&type=summary&source=8","@TyeceeR","Reece the Badman","ardent-ass-herald-berserking-warrior-perfected-slivers-of-the-null-arca","dps","Ardent","Ass","Herald","Perfected Slivers of the Null Arca","Berserking Warrior","68818.8","16209.0","61.1","68818.8 DPS","The Thief"," (Huntsman's Warmask)","Perfected Null Arca Jack (Perfected Slivers of the Null Arca)","Black Gem Monstrosity's Arm Cops (Black Gem Monstrosity)","Perfected Null Arca Bracers (Perfected Slivers of the Null Arca)","","Perfected Null Arca Guards (Perfected Slivers of the Null Arca)","Perfected Null Arca Boots (Perfected Slivers of the Null Arca)","","Ring of the Advancing Yokeda (Berserking Warrior)","Ring of the Advancing Yokeda (Berserking Warrior)","Dagger of the Advancing Yokeda (Berserking Warrior)","Dagger of the Advancing Yokeda (Berserking Warrior)","The Maelstrom's Greatsword (Merciless Charge)"," ()","Barbed Trap","Killer's Blade","Escalating Runeblades","Tentacular Dread","Merciless Resolve","Soul Harvest","Inspired Scholarship","Stampede","Venomous Claw","Flames of Oblivion","Molten Whip","Standard of Might"
"Sanctum Ophidia","Possessed Mantikora","https://www.esologs.com/reports/Z938ANYqCh1jvVDy#fight=3&type=summary&source=3","@Axphykz","Ax The Terrible","ardent-ass-herald-sul-xans-torment-tide-born-wildstalker","dps","Ardent","Ass","Herald","Tide-Born Wildstalker","Sul-Xan's Torment","76951.4","10117.3","45.9","76951.4 DPS","The Thief","Nerien'eth Guise (Nerien'eth)","Tide-Born Jack (Tide-Born Wildstalker)","Arm Cops of Sul-Xan's Torment (Sul-Xan's Torment)","Tide-Born Bracers (Tide-Born Wildstalker)","","Tide-Born Guards (Tide-Born Wildstalker)","Tide-Born Boots (Tide-Born Wildstalker)","","Ring of Sul-Xan's Torment (Sul-Xan's Torment)","Ring of Sul-Xan's Torment (Sul-Xan's Torment)","Dagger of Sul-Xan's Torment (Sul-Xan's Torment)","Dagger of Sul-Xan's Torment (Sul-Xan's Torment)","The Maelstrom's Perfected Inferno Staff (Perfected Crushing Wall)"," ()","Merciless Resolve","Escalating Runeblades","Exhausting Fatecarver","Whirling Blades","Mark Target","Incapacitating Strike","Flames of Oblivion","Unstable Wall of Elements","Inspired Scholarship","Proximity Detonation","Anti-Cavalry Caltrops","The Languid Eye"
"Sanctum Ophidia","Possessed Mantikora","https://www.esologs.com/reports/Z938ANYqCh1jvVDy#fight=3&type=summary&source=11","@MPL33","Voralyth","ardent-ass-herald-perfected-slivers-of-the-null-arca-tide-born-wildstalker","dps","Ardent","Ass","Herald","Perfected Slivers of the Null Arca","Tide-Born Wildstalker","60387.4","2652.5","33.4","60387.4 DPS","The Thief","Slimecraw Guise (Slimecraw)","Perfected Null Arca Jack (Perfected Slivers of the Null Arca)","Tide-Born Arm Cops (Tide-Born Wildstalker)","Perfected Null Arca Bracers (Perfected Slivers of the Null Arca)","","Perfected Null Arca Guards (Perfected Slivers of the Null Arca)","Perfected Null Arca Boots (Perfected Slivers of the Null Arca)","","Tide-Born Ring (Tide-Born Wildstalker)","Tide-Born Ring (Tide-Born Wildstalker)","Tide-Born Dagger (Tide-Born Wildstalker)","Tide-Born Dagger (Tide-Born Wildstalker)","The Maelstrom's Inferno Staff (Crushing Wall)"," ()","Cephaliarch's Flail","Pragmatic Fatecarver","Venomous Claw","Camouflaged Hunter","Quick Cloak","Soul Harvest","Inspired Scholarship","Elemental Blockade","Flames of Oblivion","Rune of Displacement","Molten Whip","Standard of Might"
"Sanctum Ophidia","Possessed Mantikora","https://www.esologs.com/reports/Z938ANYqCh1jvVDy#fight=3&type=summary&source=5","@Kraaii","Laela Varin","curative-resto-siphon-master-architect-powerful-assault","healer","Siphon","Resto","Curative","Master Architect","Powerful Assault","3017.3","92104.6","84.9","92104.6 HPS","","Ozezan the Inferno's Guise (Ozezan the Inferno)","Robe of the Trainee (Armor of the Trainee)","Ozezan the Inferno's Epaulets (Ozezan the Inferno)","Bracers of the Powerful Assault (Powerful Assault)","","Master Architect Breeches (Master Architect)","Master Architect Shoes (Master Architect)","","Ring of the Powerful Assault (Powerful Assault)","Ring of the Powerful Assault (Powerful Assault)","Restoration Staff of the Powerful Assault (Powerful Assault)"," ()","Master Architect Lightning Staff (Master Architect)"," ()","Illustrious Healing","Radiating Regeneration","Echoing Vigor","Siphoning Attacks","Combat Prayer","Soul Siphon","Energy Orb","Extended Ritual","Overflowing Altar","Radiant Aura","Elemental Blockade","Glyphic of the Tides"
"Sanctum Ophidia","Possessed Mantikora","https://www.esologs.com/reports/Z938ANYqCh1jvVDy#fight=3&type=summary&source=7","@Fol.der","Mommy's Pet","daedric-green-siphon-master-architect-spell-power-cure","healer","Daedric","Siphon","Green","Spell Power Cure","Master Architect","4680.8","91280.5","46.8","91280.5 HPS","","Nazaray Guise (Nazaray)","Spell Power Cure Robe (Spell Power Cure)","Nazaray Epaulets (Nazaray)","Spell Power Cure Gloves (Spell Power Cure)","","Spell Power Cure Breeches (Spell Power Cure)","Spell Power Cure Shoes (Spell Power Cure)","","Master Architect Ring (Master Architect)","Master Architect Ring (Master Architect)","The Master's Perfected Restoration Staff (Perfected Grand Rejuvenation)"," ()","Master Architect Ice Staff (Master Architect)"," ()","Illustrious Healing","Combat Prayer","Budding Seeds","Radiating Regeneration","Siphoning Attacks","Soul Siphon","Warding Burst","Elemental Blockade","Energy Orb","Echoing Vigor","Overflowing Altar","Summon Charged Atronach"
"Sanctum Ophidia","Possessed Mantikora","https://www.esologs.com/reports/Z938ANYqCh1jvVDy#fight=3&type=summary&source=1","@giorgos_kal","Kokolia","daedric-earthen-siphon-perfected-pearlescent-ward-perfected-saxhleel-champion","tank","Earthen","Daedric","Siphon","Perfected Saxhleel Champion","Perfected Pearlescent Ward","4809.2","3644.8","34.7","34.7 CPM","","Archdruid Devyric's Mask (Archdruid Devyric)","Perfected Pearlescent Cuirass (Perfected Pearlescent Ward)","Archdruid Devyric's Epaulets (Archdruid Devyric)","Perfected Pearlescent Gauntlets (Perfected Pearlescent Ward)","","Perfected Pearlescent Greaves (Perfected Pearlescent Ward)","Perfected Pearlescent Sabatons (Perfected Pearlescent Ward)","","Saxhleel Champion's Perfected Ring (Perfected Saxhleel Champion)","Saxhleel Champion's Perfected Ring (Perfected Saxhleel Champion)","Saxhleel Champion's Perfected Ice Staff (Perfected Saxhleel Champion)"," ()","Saxhleel Champion's Perfected Ice Staff (Perfected Saxhleel Champion)"," ()","Inner Rage","Leashing Soul","Stone Giant","Siphoning Attacks","Summon Unstable Clannfear","Magma Shell","Elemental Susceptibility","Blockade of Frost","Magical Trample","Bound Aegis","Summon Unstable Clannfear","Summon Charged Atronach"
"Sanctum Ophidia","Possessed Mantikora","https://www.esologs.com/reports/Z938ANYqCh1jvVDy#fight=3&type=summary&source=10","@MAGER9049","Tilly Tonka","grave-siphon-winter-perfected-claw-of-yolnahkriin-perfected-lucent-echoes","tank","Siphon","Winter","Grave","Perfected Claw of Yolnahkriin","Perfected Lucent Echoes","7018.5","5488.0","48.1","48.1 CPM","","Nunatak's Guise (Nunatak)","Lucent Echoes Perfected Cuirass (Perfected Lucent Echoes)","Nunatak's Arm Cops (Nunatak)","Lucent Echoes Perfected Gauntlets (Perfected Lucent Echoes)","","Lucent Echoes Perfected Greaves (Perfected Lucent Echoes)","Lucent Echoes Perfected Sabatons (Perfected Lucent Echoes)","","Yolnahkriin's Perfected Ring (Perfected Claw of Yolnahkriin)","Yolnahkriin's Perfected Ring (Perfected Claw of Yolnahkriin)","Yolnahkriin's Perfected Mace (Perfected Claw of Yolnahkriin)","Yolnahkriin's Perfected Shield (Perfected Claw of Yolnahkriin)","Yolnahkriin's Perfected Ice Staff (Perfected Claw of Yolnahkriin)"," ()","Goading Throw","Siphoning Attacks","Defensive Stance","Polar Wind","Expansive Frost Cloak","Reviving Barrier","Unnerving Boneyard","Elemental Blockade","Leashing Soul","Elemental Susceptibility","Race Against Time","Glacial Colossus"
"Sanctum Ophidia","Stonebreaker","https://www.esologs.com/reports/ALZWBfrXGy3bRVYp#fight=6&type=summary&source=9","nil","Anonymous 9","ardent-ass-herald-perfected-slivers-of-the-null-arca-tide-born-wildstalker","dps","Ardent","Ass","Herald","Tide-Born Wildstalker","Perfected Slivers of the Null Arca","101918.0","4719.3","34.7","101918.0 DPS","","Tide-Born Helmet (Tide-Born Wildstalker)","Tide-Born Jack (Tide-Born Wildstalker)","Slimecraw Epaulets (Slimecraw)","Perfected Null Arca Bracers (Perfected Slivers of the Null Arca)","","Tide-Born Guards (Tide-Born Wildstalker)","Tide-Born Boots (Tide-Born Wildstalker)","","Perfected Null Arca Ring (Perfected Slivers of the Null Arca)","Perfected Null Arca Ring (Perfected Slivers of the Null Arca)","Perfected Null Arca Dagger (Perfected Slivers of the Null Arca)","Perfected Null Arca Dagger (Perfected Slivers of the Null Arca)","The Maelstrom's Perfected Greatsword (Perfected Merciless Charge)"," ()","Pragmatic Fatecarver","Quick Cloak","Banner Bearer","Cephaliarch's Flail","Killer's Blade","Incapacitating Strike","Stampede","Venomous Claw","Flames of Oblivion","Inspired Scholarship","Banner Bearer","Standard of Might"
"Sanctum Ophidia","Stonebreaker","https://www.esologs.com/reports/ALZWBfrXGy3bRVYp#fight=6&type=summary&source=9","@seryzawa","Seiko-dk","ardent-ass-herald-perfected-slivers-of-the-null-arca-tide-born-wildstalker","dps","Ardent","Ass","Herald","Perfected Slivers of the Null Arca","Tide-Born Wildstalker","173689.0","15167.3","73.6","173689.0 DPS","The Thief"," (Huntsman's Warmask)","Perfected Null Arca Jack (Perfected Slivers of the Null Arca)","Slimecraw Epaulets (Slimecraw)","Tide-Born Bracers (Tide-Born Wildstalker)","","Tide-Born Guards (Tide-Born Wildstalker)","Perfected Null Arca Boots (Perfected Slivers of the Null Arca)","","Tide-Born Ring (Tide-Born Wildstalker)","Tide-Born Ring (Tide-Born Wildstalker)","Perfected Null Arca Dagger (Perfected Slivers of the Null Arca)","Perfected Null Arca Dagger (Perfected Slivers of the Null Arca)","The Maelstrom's Perfected Greatsword (Perfected Merciless Charge)"," ()","Writhing Runeblades","Merciless Resolve","Tentacular Dread","Barbed Trap","Killer's Blade","Soul Harvest","Stampede","Inspired Scholarship","Venomous Claw","Molten Whip","Flames of Oblivion","Standard of Might"
"Sanctum Ophidia","Stonebreaker","https://www.esologs.com/reports/ALZWBfrXGy3bRVYp#fight=6&type=summary&source=3","@BooRadzz","Boo Rad","ardent-ass-herald-perfected-slivers-of-the-null-arca-tide-born-wildstalker","dps","Ardent","Ass","Herald","Perfected Slivers of the Null Arca","Tide-Born Wildstalker","107234.3","3176.9","29.8","107234.3 DPS","","Slimecraw Guise (Slimecraw)","Perfected Null Arca Jack (Perfected Slivers of the Null Arca)","Tide-Born Arm Cops (Tide-Born Wildstalker)","Perfected Null Arca Bracers (Perfected Slivers of the Null Arca)","","Perfected Null Arca Guards (Perfected Slivers of the Null Arca)","Perfected Null Arca Boots (Perfected Slivers of the Null Arca)","","Tide-Born Ring (Tide-Born Wildstalker)","Tide-Born Ring (Tide-Born Wildstalker)","Tide-Born Dagger (Tide-Born Wildstalker)","Tide-Born Dagger (Tide-Born Wildstalker)","The Maelstrom's Perfected Greatsword (Perfected Merciless Charge)"," ()","Cephaliarch's Flail","Quick Cloak","Pragmatic Fatecarver","Camouflaged Hunter","Venomous Claw","Incapacitating Strike","Flames of Oblivion","Razor Caltrops","Stampede","Molten Whip","Inspired Scholarship","Standard of Might"
"Sanctum Ophidia","Stonebreaker","https://www.esologs.com/reports/ALZWBfrXGy3bRVYp#fight=6&type=summary&source=2","@knd775","Aldaryth Nilvra","ardent-ass-herald-perfected-slivers-of-the-null-arca-tide-born-wildstalker","dps","Ardent","Ass","Herald","Perfected Slivers of the Null Arca","Tide-Born Wildstalker","92444.6","3981.2","22.5","92444.6 DPS","","Slimecraw Guise (Slimecraw)","Perfected Null Arca Jack (Perfected Slivers of the Null Arca)","Tide-Born Arm Cops (Tide-Born Wildstalker)","Perfected Null Arca Bracers (Perfected Slivers of the Null Arca)","","Perfected Null Arca Guards (Perfected Slivers of the Null Arca)","Perfected Null Arca Boots (Perfected Slivers of the Null Arca)","","Tide-Born Ring (Tide-Born Wildstalker)","Tide-Born Ring (Tide-Born Wildstalker)","Tide-Born Dagger (Tide-Born Wildstalker)","Tide-Born Dagger (Tide-Born Wildstalker)","The Maelstrom's Perfected Greatsword (Perfected Merciless Charge)"," ()","Cephaliarch's Flail","Pragmatic Fatecarver","Quick Cloak","Venomous Claw","Camouflaged Hunter","Soul Harvest","Stampede","Flames of Oblivion","Fulminating Rune","Inspired Scholarship","Molten Whip","Standard of Might"
"Sanctum Ophidia","Stonebreaker","https://www.esologs.com/reports/ALZWBfrXGy3bRVYp#fight=6&type=summary&source=11","@GSLords","Eonoflux","ardent-ass-herald-perfected-slivers-of-the-null-arca-tide-born-wildstalker","dps","Ardent","Ass","Herald","Perfected Slivers of the Null Arca","Tide-Born Wildstalker","114201.9","5921.5","28.0","114201.9 DPS","","Null Arca Helmet (Slivers of the Null Arca)","Null Arca Jack (Slivers of the Null Arca)","Slimecraw Arm Cops (Slimecraw)","Null Arca Bracers (Slivers of the Null Arca)","","Null Arca Guards (Slivers of the Null Arca)","Perfected Null Arca Boots (Perfected Slivers of the Null Arca)","","Tide-Born Ring (Tide-Born Wildstalker)","Tide-Born Ring (Tide-Born Wildstalker)","Tide-Born Dagger (Tide-Born Wildstalker)","Tide-Born Dagger (Tide-Born Wildstalker)","The Maelstrom's Inferno Staff (Crushing Wall)"," ()","Cephaliarch's Flail","Pragmatic Fatecarver","Quick Cloak","Relentless Focus","Camouflaged Hunter","The Languid Eye","Inspired Scholarship","Venomous Claw","Elemental Blockade","Flames of Oblivion","Molten Whip","The Languid Eye"
"Sanctum Ophidia","Stonebreaker","https://www.esologs.com/reports/ALZWBfrXGy3bRVYp#fight=6&type=summary&source=5","@Selarra","Selarrca-daro","ardent-ass-herald-perfected-slivers-of-the-null-arca-tide-born-wildstalker","dps","Ardent","Ass","Herald","Tide-Born Wildstalker","Perfected Slivers of the Null Arca","140097.5","4352.0","26.4","140097.5 DPS","","Slimecraw Mask (Slimecraw)","Tide-Born Jack (Tide-Born Wildstalker)","Perfected Null Arca Arm Cops (Perfected Slivers of the Null Arca)","Perfected Null Arca Bracers (Perfected Slivers of the Null Arca)","","Perfected Null Arca Guards (Perfected Slivers of the Null Arca)","Perfected Null Arca Boots (Perfected Slivers of the Null Arca)","","Tide-Born Ring (Tide-Born Wildstalker)","Tide-Born Ring (Tide-Born Wildstalker)","Tide-Born Dagger (Tide-Born Wildstalker)","Tide-Born Dagger (Tide-Born Wildstalker)","The Maelstrom's Perfected Inferno Staff (Perfected Crushing Wall)"," ()","Cephaliarch's Flail","Pragmatic Fatecarver","Killer's Blade","Quick Cloak","Camouflaged Hunter","Soul Harvest","Elemental Blockade","Venomous Claw","Flames of Oblivion","Inspired Scholarship","Molten Whip","Standard of Might"
"Sanctum Ophidia","Stonebreaker","https://www.esologs.com/reports/ALZWBfrXGy3bRVYp#fight=6&type=summary&source=7","@RICHarizard313","Din Riki","ardent-ass-herald-perfected-slivers-of-the-null-arca-tide-born-wildstalker","dps","Ardent","Ass","Herald","Perfected Slivers of the Null Arca","Tide-Born Wildstalker","127623.3","6870.3","35.7","127623.3 DPS","","Slimecraw Mask (Slimecraw)","Perfected Null Arca Jack (Perfected Slivers of the Null Arca)","Perfected Null Arca Arm Cops (Perfected Slivers of the Null Arca)","Tide-Born Bracers (Tide-Born Wildstalker)","","Null Arca Guards (Slivers of the Null Arca)","Null Arca Boots (Slivers of the Null Arca)","","Tide-Born Ring (Tide-Born Wildstalker)","Tide-Born Ring (Tide-Born Wildstalker)","Tide-Born Dagger (Tide-Born Wildstalker)","Tide-Born Dagger (Tide-Born Wildstalker)","The Maelstrom's Perfected Inferno Staff (Perfected Crushing Wall)"," ()","Killer's Blade","Pragmatic Fatecarver","Cephaliarch's Flail","Quick Cloak","Scalding Rune","Soul Harvest","Molten Whip","Inspired Scholarship","Venomous Claw","Flames of Oblivion","Elemental Blockade","The Languid Eye"
"Sanctum Ophidia","Stonebreaker","https://www.esologs.com/reports/kgADztH1TmcXqMRV#fight=23&type=summary&source=51","@Ravex007","Whatamipapa","ardent-ass-herald-deadly-strike-perfected-slivers-of-the-null-arca","dps","Ardent","Ass","Herald","Deadly Strike","Perfected Slivers of the Null Arca","60297.1","2496.4","39.8","60297.1 DPS","","Slimecraw Guise (Slimecraw)","Perfected Null Arca Jack (Perfected Slivers of the Null Arca)","Deadly Arm Cops (Deadly Strike)","Perfected Null Arca Bracers (Perfected Slivers of the Null Arca)","","Perfected Null Arca Guards (Perfected Slivers of the Null Arca)","Perfected Null Arca Boots (Perfected Slivers of the Null Arca)","","Deadly Ring (Deadly Strike)","Deadly Ring (Deadly Strike)","Deadly Dagger (Deadly Strike)","Deadly Dagger (Deadly Strike)","Deadly Lightning Staff (Deadly Strike)"," ()","Pragmatic Fatecarver","Cephaliarch's Flail","Quick Cloak","Camouflaged Hunter","Flames of Oblivion","Soul Harvest","Venomous Claw","Engulfing Flames","Unstable Wall of Elements","Molten Whip","Inspired Scholarship","The Tide King's Gaze"
"Sanctum Ophidia","Stonebreaker","https://www.esologs.com/reports/kgADztH1TmcXqMRV#fight=23&type=summary&source=3","@iiTzFlyy","Beams-From-Book","ardent-ass-herald-deadly-strike-perfected-slivers-of-the-null-arca","dps","Ardent","Ass","Herald","Deadly Strike","Perfected Slivers of the Null Arca","101002.3","5941.5","39.3","101002.3 DPS","","Deadly Helmet (Deadly Strike)","Perfected Null Arca Jack (Perfected Slivers of the Null Arca)","Slimecraw Epaulets (Slimecraw)","Perfected Null Arca Bracers (Perfected Slivers of the Null Arca)","","Perfected Null Arca Guards (Perfected Slivers of the Null Arca)","Perfected Null Arca Boots (Perfected Slivers of the Null Arca)","","Deadly Ring (Deadly Strike)","Deadly Ring (Deadly Strike)","Deadly Dagger (Deadly Strike)","Deadly Dagger (Deadly Strike)","The Maelstrom's Perfected Greatsword (Perfected Merciless Charge)"," ()","Cephaliarch's Flail","Pragmatic Fatecarver","Quick Cloak","Killer's Blade","Camouflaged Hunter","Soul Harvest","Stampede","Venomous Claw","Inspired Scholarship","Flames of Oblivion","Molten Whip","Standard of Might"
"Sanctum Ophidia","Stonebreaker","https://www.esologs.com/reports/kgADztH1TmcXqMRV#fight=23&type=summary&source=5","@Jirachi_Ex","Dave-y","ardent-ass-herald-deadly-strike-perfected-slivers-of-the-null-arca","dps","Ardent","Ass","Herald","Perfected Slivers of the Null Arca","Deadly Strike","123735.4","6566.2","19.0","123735.4 DPS","","Slimecraw Guise (Slimecraw)","Perfected Null Arca Jack (Perfected Slivers of the Null Arca)","Perfected Null Arca Arm Cops (Perfected Slivers of the Null Arca)","Perfected Null Arca Bracers (Perfected Slivers of the Null Arca)","","Perfected Null Arca Guards (Perfected Slivers of the Null Arca)","Perfected Null Arca Boots (Perfected Slivers of the Null Arca)","","Deadly Ring (Deadly Strike)","Deadly Ring (Deadly Strike)","Deadly Dagger (Deadly Strike)","Deadly Dagger (Deadly Strike)","The Maelstrom's Perfected Greatsword (Perfected Merciless Charge)"," ()","Camouflaged Hunter","Quick Cloak","Cephaliarch's Flail","Pragmatic Fatecarver","Killer's Blade","Incapacitating Strike","Flames of Oblivion","Venomous Claw","Stampede","Inspired Scholarship","Molten Whip","Standard of Might"
"Sanctum Ophidia","Stonebreaker","https://www.esologs.com/reports/kgADztH1TmcXqMRV#fight=23&type=summary&source=2","@ImZeerox","-Zeerox","ardent-ass-herald-deadly-strike-perfected-slivers-of-the-null-arca","dps","Ardent","Ass","Herald","Perfected Slivers of the Null Arca","Deadly Strike","87377.4","7814.6","16.2","87377.4 DPS","","Slimecraw Guise (Slimecraw)","Perfected Null Arca Jack (Perfected Slivers of the Null Arca)","Deadly Arm Cops (Deadly Strike)","Perfected Null Arca Bracers (Perfected Slivers of the Null Arca)","","Perfected Null Arca Guards (Perfected Slivers of the Null Arca)","Perfected Null Arca Boots (Perfected Slivers of the Null Arca)","","Deadly Ring (Deadly Strike)","Deadly Ring (Deadly Strike)","Deadly Dagger (Deadly Strike)","Deadly Dagger (Deadly Strike)","The Maelstrom's Perfected Greatsword (Perfected Merciless Charge)"," ()","Quick Cloak","Pragmatic Fatecarver","Cephaliarch's Flail","Killer's Blade","Relentless Focus","Soul Harvest","Stampede","Inspired Scholarship","Venomous Claw","Flames of Oblivion","Molten Whip","Standard of Might"
"Sanctum Ophidia","Stonebreaker","https://www.esologs.com/reports/kgADztH1TmcXqMRV#fight=23&type=summary&source=9","@Labrax035","Octopusligth","ardent-ass-herald-deadly-strike-perfected-slivers-of-the-null-arca","dps","Ardent","Ass","Herald","Perfected Slivers of the Null Arca","Deadly Strike","81079.5","2669.9","28.8","81079.5 DPS","","Slimecraw Guise (Slimecraw)","Perfected Null Arca Jack (Perfected Slivers of the Null Arca)","Deadly Arm Cops (Deadly Strike)","Perfected Null Arca Bracers (Perfected Slivers of the Null Arca)","","Perfected Null Arca Guards (Perfected Slivers of the Null Arca)","Perfected Null Arca Boots (Perfected Slivers of the Null Arca)","","Deadly Ring (Deadly Strike)","Deadly Ring (Deadly Strike)","Deadly Dagger (Deadly Strike)","Deadly Dagger (Deadly Strike)","The Maelstrom's Perfected Inferno Staff (Perfected Crushing Wall)"," ()","Cephaliarch's Flail","Pragmatic Fatecarver","Relentless Focus","Quick Cloak","Banner Bearer","Flawless Dawnbreaker","Recuperative Treatise","Flames of Oblivion","Elemental Blockade","Fulminating Rune","Banner Bearer","Standard of Might"
"Sanctum Ophidia","Stonebreaker","https://www.esologs.com/reports/ALZWBfrXGy3bRVYp#fight=6&type=summary&source=2","@Immortalized007","Ábsølutîòñ","ardent-ass-herald-perfected-sul-xans-torment-tide-born-wildstalker","dps","Ardent","Ass","Herald","Tide-Born Wildstalker","Perfected Sul-Xan's Torment","81706.8","6973.6","70.1","81706.8 DPS","","Tide-Born Helmet (Tide-Born Wildstalker)","Perfected Jack of Sul-Xan's Torment (Perfected Sul-Xan's Torment)","Slimecraw Epaulets (Slimecraw)","Perfected Bracers of Sul-Xan's Torment (Perfected Sul-Xan's Torment)","","Perfected Guards of Sul-Xan's Torment (Perfected Sul-Xan's Torment)","Perfected Boots of Sul-Xan's Torment (Perfected Sul-Xan's Torment)","","Tide-Born Ring (Tide-Born Wildstalker)","Tide-Born Ring (Tide-Born Wildstalker)","Tide-Born Dagger (Tide-Born Wildstalker)","Tide-Born Dagger (Tide-Born Wildstalker)","The Maelstrom's Perfected Inferno Staff (Perfected Crushing Wall)"," ()","Whirling Blades","Quick Cloak","Camouflaged Hunter","Tentacular Dread","Relentless Focus","Incapacitating Strike","Elemental Blockade","Ulfsild's Contingency","Molten Whip","Inspired Scholarship","Flames of Oblivion","Elemental Rage"
"Sanctum Ophidia","Stonebreaker","https://www.esologs.com/reports/ALZWBfrXGy3bRVYp#fight=6&type=summary&source=8","@El_Breas","Lavika Gandho","ardent-ass-herald-perfected-sul-xans-torment-tide-born-wildstalker","dps","Ardent","Ass","Herald","Perfected Sul-Xan's Torment","Tide-Born Wildstalker","108180.0","6332.9","29.2","108180.0 DPS","The Thief","Slimecraw Guise (Slimecraw)","Perfected Jack of Sul-Xan's Torment (Perfected Sul-Xan's Torment)","Tide-Born Arm Cops (Tide-Born Wildstalker)","Perfected Bracers of Sul-Xan's Torment (Perfected Sul-Xan's Torment)","","Perfected Guards of Sul-Xan's Torment (Perfected Sul-Xan's Torment)","Perfected Boots of Sul-Xan's Torment (Perfected Sul-Xan's Torment)","","Tide-Born Ring (Tide-Born Wildstalker)","Tide-Born Ring (Tide-Born Wildstalker)","Tide-Born Dagger (Tide-Born Wildstalker)","Tide-Born Dagger (Tide-Born Wildstalker)","The Maelstrom's Perfected Inferno Staff (Perfected Crushing Wall)"," ()","Quick Cloak","Engulfing Flames","Cephaliarch's Flail","Pragmatic Fatecarver","Camouflaged Hunter","Soul Harvest","Molten Whip","Elemental Blockade","Inspired Scholarship","Anti-Cavalry Caltrops","Flames of Oblivion","Elemental Rage"
"Sanctum Ophidia","Stonebreaker","https://www.esologs.com/reports/ALZWBfrXGy3bRVYp#fight=6&type=summary&source=12","@IamKippy","Z'enpai","ardent-ass-herald-perfected-sul-xans-torment-tide-born-wildstalker","dps","Ardent","Ass","Herald","Perfected Sul-Xan's Torment","Tide-Born Wildstalker","106255.6","5596.9","23.4","106255.6 DPS","","Valkyn Skoria Guise (Valkyn Skoria)","Jack of Sul-Xan's Torment (Sul-Xan's Torment)","Tide-Born Arm Cops (Tide-Born Wildstalker)","Bracers of Sul-Xan's Torment (Sul-Xan's Torment)","","Perfected Guards of Sul-Xan's Torment (Perfected Sul-Xan's Torment)","Perfected Boots of Sul-Xan's Torment (Perfected Sul-Xan's Torment)","","Tide-Born Ring (Tide-Born Wildstalker)","Tide-Born Ring (Tide-Born Wildstalker)","Tide-Born Dagger (Tide-Born Wildstalker)","Tide-Born Dagger (Tide-Born Wildstalker)","The Maelstrom's Perfected Inferno Staff (Perfected Crushing Wall)"," ()","Cephaliarch's Flail","Exhausting Fatecarver","Venomous Claw","Razor Caltrops","Deadly Cloak","Incapacitating Strike","Elemental Blockade","Flames of Oblivion","Inspired Scholarship","Molten Whip","Proximity Detonation","Standard of Might"
"Sanctum Ophidia","Stonebreaker","https://www.esologs.com/reports/ALZWBfrXGy3bRVYp#fight=6&type=summary&source=8","@TyeceeR","Reece the Badman","ardent-ass-herald-perfected-sul-xans-torment-tide-born-wildstalker","dps","Ardent","Ass","Herald","Perfected Sul-Xan's Torment","Tide-Born Wildstalker","87288.4","13221.9","52.6","87288.4 DPS","","Archdruid Devyric's Guise (Archdruid Devyric)","Perfected Jack of Sul-Xan's Torment (Perfected Sul-Xan's Torment)","Tide-Born Arm Cops (Tide-Born Wildstalker)","Perfected Bracers of Sul-Xan's Torment (Perfected Sul-Xan's Torment)","","Perfected Guards of Sul-Xan's Torment (Perfected Sul-Xan's Torment)","Perfected Boots of Sul-Xan's Torment (Perfected Sul-Xan's Torment)","","Tide-Born Ring (Tide-Born Wildstalker)","Tide-Born Ring (Tide-Born Wildstalker)","Tide-Born Dagger (Tide-Born Wildstalker)","Tide-Born Dagger (Tide-Born Wildstalker)","The Maelstrom's Perfected Bow (Perfected Thunderous Volley)"," ()","Inspired Scholarship","Quick Cloak","Escalating Runeblades","Tentacular Dread","Merciless Resolve","Shooting Star","Flames of Oblivion","Proximity Detonation","Endless Hail","Anti-Cavalry Caltrops","Sundering Trample","Soul Harvest"
"Sanctum Ophidia","Stonebreaker","https://www.esologs.com/reports/ALZWBfrXGy3bRVYp#fight=6&type=summary&source=4","@icecrem99","Dora Dora","ardent-ass-herald-perfected-sul-xans-torment-tide-born-wildstalker","dps","Ardent","Ass","Herald","Perfected Sul-Xan's Torment","Tide-Born Wildstalker","75886.9","6024.7","71.9","75886.9 DPS","","Slimecraw Mask (Slimecraw)","Perfected Jack of Sul-Xan's Torment (Perfected Sul-Xan's Torment)","Tide-Born Arm Cops (Tide-Born Wildstalker)","Perfected Bracers of Sul-Xan's Torment (Perfected Sul-Xan's Torment)","","Perfected Guards of Sul-Xan's Torment (Perfected Sul-Xan's Torment)","Perfected Boots of Sul-Xan's Torment (Perfected Sul-Xan's Torment)","","Tide-Born Ring (Tide-Born Wildstalker)","Tide-Born Ring (Tide-Born Wildstalker)","Tide-Born Dagger (Tide-Born Wildstalker)","Tide-Born Dagger (Tide-Born Wildstalker)","The Maelstrom's Perfected Inferno Staff (Perfected Crushing Wall)"," ()","Quick Cloak","Exhausting Fatecarver","Escalating Runeblades","Whirling Blades","Relentless Focus","Soul Harvest","Anti-Cavalry Caltrops","Inspired Scholarship","Elemental Blockade","Flames of Oblivion","Sundering Trample","Standard of Might"
"Sanctum Ophidia","Stonebreaker","https://www.esologs.com/reports/pzAjZDbBFMvwgTdN#fight=5&type=summary&source=9","@Koneion","Box-of-tricks","green-resto-siphon-perfected-pillagers-profit-spell-power-cure","healer","Siphon","Resto","Green","Spell Power Cure","Perfected Pillager's Profit","0.0","57299.4","34.9","57299.4 HPS","","Ozezan the Inferno's Mask (Ozezan the Inferno)","Spell Power Cure Robe (Spell Power Cure)","Ozezan the Inferno's Pauldron (Ozezan the Inferno)","Spell Power Cure Gloves (Spell Power Cure)","","Spell Power Cure Breeches (Spell Power Cure)","Spell Power Cure Shoes (Spell Power Cure)","","Perfected Pillager's Band (Perfected Pillager's Profit)","Perfected Pillager's Band (Perfected Pillager's Profit)","The Master's Perfected Restoration Staff (Perfected Grand Rejuvenation)"," ()","Perfected Pillager's Lightning Staff (Perfected Pillager's Profit)"," ()","Combat Prayer","Budding Seeds","Illustrious Healing","Extended Ritual","Radiating Regeneration","Soul Siphon","Elemental Blockade","Energy Orb","Echoing Vigor","Radiant Aura","Siphoning Attacks","Reviving Barrier"
"Sanctum Ophidia","Stonebreaker","https://www.esologs.com/reports/pzAjZDbBFMvwgTdN#fight=5&type=summary&source=9","@SirWumpyFlump","Sir Wumpy Flump","green-resto-siphon-perfected-pillagers-profit-spell-power-cure","healer","Siphon","Resto","Green","Spell Power Cure","Perfected Pillager's Profit","7225.3","149211.9","65.3","149211.9 HPS","The Ritual","Symphony of Blades Guise (Symphony of Blades)","Spell Power Cure Robe (Spell Power Cure)","Symphony of Blades Epaulets (Symphony of Blades)","Spell Power Cure Gloves (Spell Power Cure)","","Spell Power Cure Breeches (Spell Power Cure)","Spell Power Cure Shoes (Spell Power Cure)","","Perfected Pillager's Band (Perfected Pillager's Profit)","Perfected Pillager's Band (Perfected Pillager's Profit)","The Master's Perfected Restoration Staff (Perfected Grand Rejuvenation)"," ()","Perfected Pillager's Lightning Staff (Perfected Pillager's Profit)"," ()","Budding Seeds","Combat Prayer","Inner Light","Healing Springs","Siphoning Attacks","Soul Siphon","Energy Orb","Elemental Blockade","Overflowing Altar","Echoing Vigor","Extended Ritual","Reviving Barrier"
"Sanctum Ophidia","Stonebreaker","https://www.esologs.com/reports/pzAjZDbBFMvwgTdN#fight=5&type=summary&source=10","@Omnision","Omnision","green-resto-siphon-perfected-pillagers-profit-spell-power-cure","healer","Siphon","Resto","Green","Perfected Pillager's Profit","Spell Power Cure","3661.9","80001.2","49.7","80001.2 HPS","","Ozezan the Inferno's Guise (Ozezan the Inferno)","Pillager's Robe (Pillager's Profit)","Ozezan the Inferno's Epaulets (Ozezan the Inferno)","Spell Power Cure Gloves (Spell Power Cure)","","Breeches of the Trainee (Armor of the Trainee)","Spell Power Cure Shoes (Spell Power Cure)","","Perfected Pillager's Band (Perfected Pillager's Profit)","Perfected Pillager's Band (Perfected Pillager's Profit)","Spell Power Cure Restoration Staff (Spell Power Cure)"," ()","Pillager's Lightning Staff (Pillager's Profit)"," ()","Combat Prayer","Energy Orb","Echoing Vigor","Radiating Regeneration","Illustrious Healing","Soul Siphon","Elemental Blockade","Budding Seeds","Extended Ritual","Overflowing Altar","Radiant Aura","Aggressive Horn"
"Sanctum Ophidia","Stonebreaker","https://www.esologs.com/reports/ALZWBfrXGy3bRVYp#fight=6&type=summary&source=10","@dewk","My Horn","earthen-soldier-winter-perfected-lucent-echoes-perfected-pearlescent-ward","tank","Earthen","Winter","Soldier","Perfected Lucent Echoes","Perfected Pearlescent Ward","3420.1","9437.3","51.1","51.1 CPM","","Nazaray Mask (Nazaray)","Perfected Pearlescent Cuirass (Perfected Pearlescent Ward)","Nazaray Epaulets (Nazaray)","Perfected Pearlescent Gauntlets (Perfected Pearlescent Ward)","","Perfected Pearlescent Greaves (Perfected Pearlescent Ward)","Perfected Pearlescent Sabatons (Perfected Pearlescent Ward)","","Lucent Echoes Perfected Ring (Perfected Lucent Echoes)","Lucent Echoes Perfected Ring (Perfected Lucent Echoes)","Lucent Echoes Perfected Ice Staff (Perfected Lucent Echoes)"," ()","Lucent Echoes Perfected Ice Staff (Perfected Lucent Echoes)"," ()","Runic Sunder","Race Against Time","Igneous Shield","Polar Wind","Leashing Soul","Reviving Barrier","Elemental Susceptibility","Expansive Frost Cloak","Igneous Weapons","Elemental Blockade","Resolving Vigor","Aggressive Horn"
"Sanctum Ophidia","Stonebreaker","https://www.esologs.com/reports/ALZWBfrXGy3bRVYp#fight=6&type=summary&source=23","@Dyphate","Dyphate-learns-to-tank","earthen-soldier-winter-perfected-lucent-echoes-perfected-pearlescent-ward","tank","Earthen","Winter","Soldier","Perfected Pearlescent Ward","Perfected Lucent Echoes","4524.4","10171.2","45.1","45.1 CPM","","Nazaray Guise (Nazaray)","Lucent Echoes Perfected Cuirass (Perfected Lucent Echoes)","Nazaray Pauldron (Nazaray)","Lucent Echoes Perfected Gauntlets (Perfected Lucent Echoes)","","Lucent Echoes Perfected Greaves (Perfected Lucent Echoes)","Lucent Echoes Perfected Sabatons (Perfected Lucent Echoes)","","Perfected Pearlescent Ring (Perfected Pearlescent Ward)","Perfected Pearlescent Ring (Perfected Pearlescent Ward)","Perfected Pearlescent Ice Staff (Perfected Pearlescent Ward)"," ()","Perfected Pearlescent Ice Staff (Perfected Pearlescent Ward)"," ()","Impervious Runeward","Leashing Soul","Ulfsild's Contingency","Polar Wind","Igneous Shield","Reviving Barrier","Elemental Blockade","Razor Caltrops","Expansive Frost Cloak","Runeguard of Still Waters","Runic Sunder","Aggressive Horn"
"Sanctum Ophidia","Stonebreaker","https://www.esologs.com/reports/pzAjZDbBFMvwgTdN#fight=5&type=summary&source=4","@ysolanna","Milenne Vanwald","green-resto-x-jorvulds-guidance-perfected-roaring-opportunist","healer","Resto","Green","x","Perfected Roaring Opportunist","Jorvuld's Guidance","5584.7","66008.3","44.9","66008.3 HPS","The Ritual","Magma Incarnate Guise (Magma Incarnate)","Jorvuld's Guidance Jerkin (Jorvuld's Guidance)","Spaulder of Ruin (Spaulder of Ruin)","Jorvuld's Guidance Gloves (Jorvuld's Guidance)","","Jorvuld's Guidance Breeches (Jorvuld's Guidance)","Jorvuld's Guidance Shoes (Jorvuld's Guidance)","","Roaring Opportunist's Perfected Ring (Perfected Roaring Opportunist)","Roaring Opportunist's Perfected Ring (Perfected Roaring Opportunist)","Roaring Opportunist's Perfected Restoration Staff (Perfected Roaring Opportunist)"," ()","Roaring Opportunist's Perfected Lightning Staff (Perfected Roaring Opportunist)"," ()","Radiating Regeneration","Combat Prayer","Illustrious Healing","Budding Seeds","Healthy Offering","Reviving Barrier","Elemental Blockade","Energy Orb","Overflowing Altar","Extended Ritual","Radiant Aura","Aggressive Horn"
"Sanctum Ophidia","Stonebreaker","https://www.esologs.com/reports/pzAjZDbBFMvwgTdN#fight=5&type=summary&source=9","@Katrina_Linden","Matumaerea","green-resto-x-jorvulds-guidance-perfected-roaring-opportunist","healer","Resto","Green","x","Jorvuld's Guidance","Perfected Roaring Opportunist","2323.6","60082.0","45.4","60082.0 HPS","","Ozezan the Inferno's Guise (Ozezan the Inferno)","Jorvuld's Guidance Robe (Jorvuld's Guidance)","Ozezan the Inferno's Epaulets (Ozezan the Inferno)","Jorvuld's Guidance Gloves (Jorvuld's Guidance)","","Jorvuld's Guidance Breeches (Jorvuld's Guidance)","Jorvuld's Guidance Shoes (Jorvuld's Guidance)","","Roaring Opportunist's Perfected Ring (Perfected Roaring Opportunist)","Roaring Opportunist's Perfected Ring (Perfected Roaring Opportunist)","Roaring Opportunist's Perfected Ice Staff (Perfected Roaring Opportunist)"," ()","The Master's Perfected Restoration Staff (Perfected Grand Rejuvenation)"," ()","Energy Orb","Echoing Vigor","Elemental Blockade","Ulfsild's Contingency","Radiant Aura","Aggressive Horn","Combat Prayer","Radiating Regeneration","Illustrious Healing","Budding Seeds","Overflowing Altar","Reviving Barrier"
"Sanctum Ophidia","Ozara","https://www.esologs.com/reports/kgADztH1TmcXqMRV#fight=26&type=summary&source=51","@Ravex007","Whatamipapa","ardent-ass-herald-deadly-strike-perfected-slivers-of-the-null-arca","dps","Ardent","Ass","Herald","Deadly Strike","Perfected Slivers of the Null Arca","80978.7","5026.0","39.3","80978.7 DPS","","Slimecraw Guise (Slimecraw)","Perfected Null Arca Jack (Perfected Slivers of the Null Arca)","Deadly Arm Cops (Deadly Strike)","Perfected Null Arca Bracers (Perfected Slivers of the Null Arca)","","Perfected Null Arca Guards (Perfected Slivers of the Null Arca)","Perfected Null Arca Boots (Perfected Slivers of the Null Arca)","","Deadly Ring (Deadly Strike)","Deadly Ring (Deadly Strike)","Deadly Dagger (Deadly Strike)","Deadly Dagger (Deadly Strike)","Deadly Lightning Staff (Deadly Strike)"," ()","Pragmatic Fatecarver","Cephaliarch's Flail","Quick Cloak","Camouflaged Hunter","Flames of Oblivion","Soul Harvest","Venomous Claw","Engulfing Flames","Unstable Wall of Elements","Molten Whip","Inspired Scholarship","The Tide King's Gaze"
"Sanctum Ophidia","Ozara","https://www.esologs.com/reports/kgADztH1TmcXqMRV#fight=26&type=summary&source=3","@iiTzFlyy","Beams-From-Book","ardent-ass-herald-deadly-strike-perfected-slivers-of-the-null-arca","dps","Ardent","Ass","Herald","Deadly Strike","Perfected Slivers of the Null Arca","125395.0","10010.5","37.4","125395.0 DPS","","Deadly Helmet (Deadly Strike)","Perfected Null Arca Jack (Perfected Slivers of the Null Arca)","Slimecraw Epaulets (Slimecraw)","Perfected Null Arca Bracers (Perfected Slivers of the Null Arca)","","Perfected Null Arca Guards (Perfected Slivers of the Null Arca)","Perfected Null Arca Boots (Perfected Slivers of the Null Arca)","","Deadly Ring (Deadly Strike)","Deadly Ring (Deadly Strike)","Deadly Dagger (Deadly Strike)","Deadly Dagger (Deadly Strike)","The Maelstrom's Perfected Greatsword (Perfected Merciless Charge)"," ()","Cephaliarch's Flail","Pragmatic Fatecarver","Quick Cloak","Killer's Blade","Camouflaged Hunter","Soul Harvest","Stampede","Venomous Claw","Inspired Scholarship","Flames of Oblivion","Molten Whip","Standard of Might"
"Sanctum Ophidia","Ozara","https://www.esologs.com/reports/kgADztH1TmcXqMRV#fight=26&type=summary&source=5","@Jirachi_Ex","Dave-y","ardent-ass-herald-deadly-strike-perfected-slivers-of-the-null-arca","dps","Ardent","Ass","Herald","Perfected Slivers of the Null Arca","Deadly Strike","27971.1","9977.4","9.4","27971.1 DPS","","Slimecraw Guise (Slimecraw)","Perfected Null Arca Jack (Perfected Slivers of the Null Arca)","Perfected Null Arca Arm Cops (Perfected Slivers of the Null Arca)","Perfected Null Arca Bracers (Perfected Slivers of the Null Arca)","","Perfected Null Arca Guards (Perfected Slivers of the Null Arca)","Perfected Null Arca Boots (Perfected Slivers of the Null Arca)","","Deadly Ring (Deadly Strike)","Deadly Ring (Deadly Strike)","Deadly Dagger (Deadly Strike)","Deadly Dagger (Deadly Strike)","The Maelstrom's Perfected Greatsword (Perfected Merciless Charge)"," ()","Camouflaged Hunter","Quick Cloak","Cephaliarch's Flail","Pragmatic Fatecarver","Killer's Blade","Incapacitating Strike","Flames of Oblivion","Venomous Claw","Stampede","Inspired Scholarship","Molten Whip","Standard of Might"
"Sanctum Ophidia","Ozara","https://www.esologs.com/reports/kgADztH1TmcXqMRV#fight=26&type=summary&source=2","@ImZeerox","-Zeerox","ardent-ass-herald-deadly-strike-perfected-slivers-of-the-null-arca","dps","Ardent","Ass","Herald","Perfected Slivers of the Null Arca","Deadly Strike","85185.1","7057.7","36.8","85185.1 DPS","","Slimecraw Guise (Slimecraw)","Perfected Null Arca Jack (Perfected Slivers of the Null Arca)","Deadly Arm Cops (Deadly Strike)","Perfected Null Arca Bracers (Perfected Slivers of the Null Arca)","","Perfected Null Arca Guards (Perfected Slivers of the Null Arca)","Perfected Null Arca Boots (Perfected Slivers of the Null Arca)","","Deadly Ring (Deadly Strike)","Deadly Ring (Deadly Strike)","Deadly Dagger (Deadly Strike)","Deadly Dagger (Deadly Strike)","The Maelstrom's Perfected Greatsword (Perfected Merciless Charge)"," ()","Quick Cloak","Pragmatic Fatecarver","Cephaliarch's Flail","Killer's Blade","Relentless Focus","Soul Harvest","Stampede","Inspired Scholarship","Venomous Claw","Flames of Oblivion","Molten Whip","Standard of Might"
"Sanctum Ophidia","Ozara","https://www.esologs.com/reports/kgADztH1TmcXqMRV#fight=26&type=summary&source=9","@Labrax035","Octopusligth","ardent-ass-herald-deadly-strike-perfected-slivers-of-the-null-arca","dps","Ardent","Ass","Herald","Perfected Slivers of the Null Arca","Deadly Strike","75849.2","3155.4","28.8","75849.2 DPS","","Slimecraw Guise (Slimecraw)","Perfected Null Arca Jack (Perfected Slivers of the Null Arca)","Deadly Arm Cops (Deadly Strike)","Perfected Null Arca Bracers (Perfected Slivers of the Null Arca)","","Perfected Null Arca Guards (Perfected Slivers of the Null Arca)","Perfected Null Arca Boots (Perfected Slivers of the Null Arca)","","Deadly Ring (Deadly Strike)","Deadly Ring (Deadly Strike)","Deadly Dagger (Deadly Strike)","Deadly Dagger (Deadly Strike)","The Maelstrom's Perfected Inferno Staff (Perfected Crushing Wall)"," ()","Cephaliarch's Flail","Pragmatic Fatecarver","Relentless Focus","Quick Cloak","Banner Bearer","Flawless Dawnbreaker","Recuperative Treatise","Flames of Oblivion","Elemental Blockade","Fulminating Rune","Banner Bearer","Standard of Might"
"Sanctum Ophidia","Ozara","https://www.esologs.com/reports/kgADztH1TmcXqMRV#fight=26&type=summary&source=6","@jilliansm1","Freja Noir","ardent-ass-herald-deadly-strike-perfected-slivers-of-the-null-arca","dps","Ardent","Ass","Herald","Perfected Slivers of the Null Arca","Deadly Strike","87987.1","7423.7","27.2","87987.1 DPS","","Slimecraw Mask (Slimecraw)","Perfected Null Arca Jack (Perfected Slivers of the Null Arca)","Deadly Arm Cops (Deadly Strike)","Perfected Null Arca Bracers (Perfected Slivers of the Null Arca)","","Perfected Null Arca Guards (Perfected Slivers of the Null Arca)","Perfected Null Arca Boots (Perfected Slivers of the Null Arca)","","Deadly Ring (Deadly Strike)","Deadly Ring (Deadly Strike)","Deadly Dagger (Deadly Strike)","Deadly Dagger (Deadly Strike)","The Maelstrom's Perfected Battle Axe (Perfected Merciless Charge)"," ()","Quick Cloak","Cephaliarch's Flail","Pragmatic Fatecarver","Barbed Trap","Killer's Blade","Incapacitating Strike","Inspired Scholarship","Stampede","Flames of Oblivion","Venomous Claw","Molten Whip","Standard of Might"
"Sanctum Ophidia","Ozara","https://www.esologs.com/reports/kgADztH1TmcXqMRV#fight=26&type=summary&source=2","@Jirachi_Ex","Dave-y","ardent-ass-herald-deadly-strike-perfected-slivers-of-the-null-arca","dps","Ardent","Ass","Herald","Perfected Slivers of the Null Arca","Deadly Strike","92115.1","5830.3","26.3","92115.1 DPS","","Slimecraw Guise (Slimecraw)","Perfected Null Arca Jack (Perfected Slivers of the Null Arca)","Perfected Null Arca Arm Cops (Perfected Slivers of the Null Arca)","Perfected Null Arca Bracers (Perfected Slivers of the Null Arca)","","Perfected Null Arca Guards (Perfected Slivers of the Null Arca)","Perfected Null Arca Boots (Perfected Slivers of the Null Arca)","","Deadly Ring (Deadly Strike)","Deadly Ring (Deadly Strike)","Deadly Dagger (Deadly Strike)","Deadly Dagger (Deadly Strike)","The Maelstrom's Perfected Greatsword (Perfected Merciless Charge)"," ()","Banner Bearer","Quick Cloak","Cephaliarch's Flail","Pragmatic Fatecarver","Camouflaged Hunter","Soul Harvest","Flames of Oblivion","Venomous Claw","Stampede","Inspired Scholarship","Banner Bearer","Standard of Might"
"Sanctum Ophidia","Ozara","https://www.esologs.com/reports/kgADztH1TmcXqMRV#fight=26&type=summary&source=49","@ImNotBrick","Rotisseriee Chicken","ardent-ass-herald-aegis-caller-perfected-slivers-of-the-null-arca","dps","Ardent","Ass","Herald","Perfected Slivers of the Null Arca","Aegis Caller","156179.1","7953.5","78.6","156179.1 DPS","The Thief","Slimecraw Mask (Slimecraw)","Perfected Null Arca Jack (Perfected Slivers of the Null Arca)","Aegis Caller's Arm Cops (Aegis Caller)","Perfected Null Arca Bracers (Perfected Slivers of the Null Arca)","","Perfected Null Arca Guards (Perfected Slivers of the Null Arca)","Perfected Null Arca Boots (Perfected Slivers of the Null Arca)","","Aegis Caller's Ring (Aegis Caller)","Aegis Caller's Ring (Aegis Caller)","Aegis Caller's Dagger (Aegis Caller)","Aegis Caller's Dagger (Aegis Caller)","The Maelstrom's Perfected Inferno Staff (Perfected Crushing Wall)"," ()","Tentacular Dread","Relentless Focus","Escalating Runeblades","Camouflaged Hunter","Killer's Blade","Soul Harvest","Flames of Oblivion","Elemental Blockade","Inspired Scholarship","Molten Whip","Venomous Claw","Standard of Might"
"Sanctum Ophidia","Ozara","https://www.esologs.com/reports/kgADztH1TmcXqMRV#fight=26&type=summary&source=7","@TheFaytFoundation","Fayt Light Leingod","ardent-ass-herald-aegis-caller-perfected-slivers-of-the-null-arca","dps","Ardent","Ass","Herald","Perfected Slivers of the Null Arca","Aegis Caller","123853.6","8399.0","65.5","123853.6 DPS",""," (Huntsman's Warmask)","Perfected Null Arca Jack (Perfected Slivers of the Null Arca)","Slimecraw Arm Cops (Slimecraw)","Aegis Caller's Bracers (Aegis Caller)","","Perfected Null Arca Guards (Perfected Slivers of the Null Arca)","Perfected Null Arca Boots (Perfected Slivers of the Null Arca)","","Perfected Null Arca Ring (Perfected Slivers of the Null Arca)","Perfected Null Arca Ring (Perfected Slivers of the Null Arca)","Aegis Caller's Dagger (Aegis Caller)","Aegis Caller's Dagger (Aegis Caller)","The Maelstrom's Perfected Greatsword (Perfected Merciless Charge)"," ()","Tentacular Dread","Killer's Blade","Escalating Runeblades","Ulfsild's Contingency","Relentless Focus","Incapacitating Strike","Molten Whip","Stampede","Flames of Oblivion","Inspired Scholarship","Venomous Claw","Standard of Might"
"Sanctum Ophidia","Ozara","https://www.esologs.com/reports/kgADztH1TmcXqMRV#fight=26&type=summary&source=2","@Immortalized007","Ábsølutîòñ","ardent-ass-herald-aegis-caller-perfected-slivers-of-the-null-arca","dps","Ardent","Ass","Herald","Perfected Slivers of the Null Arca","Aegis Caller","127484.8","6232.7","45.4","127484.8 DPS","","Slimecraw Mask (Slimecraw)","Perfected Null Arca Jack (Perfected Slivers of the Null Arca)","Perfected Null Arca Arm Cops (Perfected Slivers of the Null Arca)","Aegis Caller's Bracers (Aegis Caller)","","Perfected Null Arca Guards (Perfected Slivers of the Null Arca)","Perfected Null Arca Boots (Perfected Slivers of the Null Arca)","","Aegis Caller's Ring (Aegis Caller)","Aegis Caller's Ring (Aegis Caller)","Aegis Caller's Dagger (Aegis Caller)","Aegis Caller's Dagger (Aegis Caller)","The Maelstrom's Perfected Greatsword (Perfected Merciless Charge)"," ()","Killer's Blade","Camouflaged Hunter","Escalating Runeblades","Pragmatic Fatecarver","Quick Cloak","Incapacitating Strike","Stampede","Venomous Claw","Molten Whip","Inspired Scholarship","Flames of Oblivion","Standard of Might"
"Sanctum Ophidia","Ozara","https://www.esologs.com/reports/kgADztH1TmcXqMRV#fight=26&type=summary&source=11","@ImNotBrick","Rotisseriee Chicken","ardent-ass-herald-aegis-caller-perfected-slivers-of-the-null-arca","dps","Ardent","Ass","Herald","Perfected Slivers of the Null Arca","Aegis Caller","141038.3","10097.4","58.8","141038.3 DPS","","Slimecraw Mask (Slimecraw)","Perfected Null Arca Jack (Perfected Slivers of the Null Arca)","Aegis Caller's Arm Cops (Aegis Caller)","Perfected Null Arca Bracers (Perfected Slivers of the Null Arca)","","Perfected Null Arca Guards (Perfected Slivers of the Null Arca)","Perfected Null Arca Boots (Perfected Slivers of the Null Arca)","","Aegis Caller's Ring (Aegis Caller)","Aegis Caller's Ring (Aegis Caller)","Aegis Caller's Dagger (Aegis Caller)","Aegis Caller's Dagger (Aegis Caller)","The Maelstrom's Perfected Greatsword (Perfected Merciless Charge)"," ()","Tentacular Dread","Relentless Focus","Escalating Runeblades","Camouflaged Hunter","Killer's Blade","Incapacitating Strike","Stampede","Flames of Oblivion","Inspired Scholarship","Molten Whip","Venomous Claw","Standard of Might"
"Sanctum Ophidia","Ozara","https://www.esologs.com/reports/kgADztH1TmcXqMRV#fight=26&type=summary&source=4","@Croa","Croa","ardent-ass-herald-aegis-caller-perfected-slivers-of-the-null-arca","dps","Ardent","Ass","Herald","Perfected Slivers of the Null Arca","Aegis Caller","114110.9","4761.2","66.2","114110.9 DPS","","Iceheart Guise (Iceheart)","Perfected Null Arca Jack (Perfected Slivers of the Null Arca)","Perfected Null Arca Arm Cops (Perfected Slivers of the Null Arca)","Aegis Caller's Bracers (Aegis Caller)","","Perfected Null Arca Guards (Perfected Slivers of the Null Arca)","Perfected Null Arca Boots (Perfected Slivers of the Null Arca)","","Aegis Caller's Ring (Aegis Caller)","Aegis Caller's Ring (Aegis Caller)","Aegis Caller's Dagger (Aegis Caller)","Aegis Caller's Dagger (Aegis Caller)","The Maelstrom's Perfected Greatsword (Perfected Merciless Charge)"," ()","Escalating Runeblades","Relentless Focus","Tentacular Dread","Barbed Trap","Killer's Blade","Soul Harvest","Stampede","Flames of Oblivion","Venomous Claw","Inspired Scholarship","Molten Whip","Standard of Might"
"Sanctum Ophidia","Ozara","https://www.esologs.com/reports/kgADztH1TmcXqMRV#fight=26&type=summary&source=5","@Reveri'e","Elidrel Verelnim","ardent-ass-herald-aegis-caller-perfected-slivers-of-the-null-arca","dps","Ardent","Ass","Herald","Aegis Caller","Perfected Slivers of the Null Arca","111426.1","8472.1","72.9","111426.1 DPS","","Aegis Caller's Helmet (Aegis Caller)","Aegis Caller's Jack (Aegis Caller)","Slimecraw Epaulets (Slimecraw)","Perfected Null Arca Bracers (Perfected Slivers of the Null Arca)","","Perfected Null Arca Guards (Perfected Slivers of the Null Arca)","Aegis Caller's Boots (Aegis Caller)","","Perfected Null Arca Ring (Perfected Slivers of the Null Arca)","Perfected Null Arca Ring (Perfected Slivers of the Null Arca)","Aegis Caller's Dagger (Aegis Caller)","Aegis Caller's Dagger (Aegis Caller)","The Maelstrom's Perfected Greatsword (Perfected Merciless Charge)"," ()","Quick Cloak","Escalating Runeblades","Tentacular Dread","Relentless Focus","Killer's Blade","Incapacitating Strike","Stampede","Venomous Claw","Inspired Scholarship","Flames of Oblivion","Sundering Trample","Standard of Might"
"Sanctum Ophidia","Ozara","https://www.esologs.com/reports/ALZWBfrXGy3bRVYp#fight=11&type=summary&source=9","nil","Anonymous 9","ardent-ass-herald-perfected-slivers-of-the-null-arca-tide-born-wildstalker","dps","Ardent","Ass","Herald","Tide-Born Wildstalker","Perfected Slivers of the Null Arca","106735.2","7692.6","30.7","106735.2 DPS","","Tide-Born Helmet (Tide-Born Wildstalker)","Tide-Born Jack (Tide-Born Wildstalker)","Slimecraw Epaulets (Slimecraw)","Perfected Null Arca Bracers (Perfected Slivers of the Null Arca)","","Tide-Born Guards (Tide-Born Wildstalker)","Tide-Born Boots (Tide-Born Wildstalker)","","Perfected Null Arca Ring (Perfected Slivers of the Null Arca)","Perfected Null Arca Ring (Perfected Slivers of the Null Arca)","Perfected Null Arca Dagger (Perfected Slivers of the Null Arca)","Perfected Null Arca Dagger (Perfected Slivers of the Null Arca)","The Maelstrom's Perfected Greatsword (Perfected Merciless Charge)"," ()","Pragmatic Fatecarver","Quick Cloak","Banner Bearer","Cephaliarch's Flail","Killer's Blade","Incapacitating Strike","Stampede","Venomous Claw","Flames of Oblivion","Inspired Scholarship","Banner Bearer","Standard of Might"
"Sanctum Ophidia","Ozara","https://www.esologs.com/reports/ALZWBfrXGy3bRVYp#fight=11&type=summary&source=9","@seryzawa","Seiko-dk","ardent-ass-herald-perfected-slivers-of-the-null-arca-tide-born-wildstalker","dps","Ardent","Ass","Herald","Perfected Slivers of the Null Arca","Tide-Born Wildstalker","149175.7","14858.1","78.1","149175.7 DPS","The Thief"," (Huntsman's Warmask)","Perfected Null Arca Jack (Perfected Slivers of the Null Arca)","Slimecraw Epaulets (Slimecraw)","Tide-Born Bracers (Tide-Born Wildstalker)","","Tide-Born Guards (Tide-Born Wildstalker)","Perfected Null Arca Boots (Perfected Slivers of the Null Arca)","","Tide-Born Ring (Tide-Born Wildstalker)","Tide-Born Ring (Tide-Born Wildstalker)","Perfected Null Arca Dagger (Perfected Slivers of the Null Arca)","Perfected Null Arca Dagger (Perfected Slivers of the Null Arca)","The Maelstrom's Perfected Greatsword (Perfected Merciless Charge)"," ()","Writhing Runeblades","Merciless Resolve","Tentacular Dread","Barbed Trap","Killer's Blade","Soul Harvest","Stampede","Inspired Scholarship","Venomous Claw","Molten Whip","Flames of Oblivion","Standard of Might"
"Sanctum Ophidia","Ozara","https://www.esologs.com/reports/ALZWBfrXGy3bRVYp#fight=11&type=summary&source=3","@BooRadzz","Boo Rad","ardent-ass-herald-perfected-slivers-of-the-null-arca-tide-born-wildstalker","dps","Ardent","Ass","Herald","Perfected Slivers of the Null Arca","Tide-Born Wildstalker","89690.9","5643.7","30.4","89690.9 DPS","","Slimecraw Guise (Slimecraw)","Perfected Null Arca Jack (Perfected Slivers of the Null Arca)","Tide-Born Arm Cops (Tide-Born Wildstalker)","Perfected Null Arca Bracers (Perfected Slivers of the Null Arca)","","Perfected Null Arca Guards (Perfected Slivers of the Null Arca)","Perfected Null Arca Boots (Perfected Slivers of the Null Arca)","","Tide-Born Ring (Tide-Born Wildstalker)","Tide-Born Ring (Tide-Born Wildstalker)","Tide-Born Dagger (Tide-Born Wildstalker)","Tide-Born Dagger (Tide-Born Wildstalker)","The Maelstrom's Perfected Greatsword (Perfected Merciless Charge)"," ()","Cephaliarch's Flail","Quick Cloak","Pragmatic Fatecarver","Camouflaged Hunter","Venomous Claw","Incapacitating Strike","Flames of Oblivion","Razor Caltrops","Stampede","Molten Whip","Inspired Scholarship","Standard of Might"
"Sanctum Ophidia","Ozara","https://www.esologs.com/reports/ALZWBfrXGy3bRVYp#fight=11&type=summary&source=2","@knd775","Aldaryth Nilvra","ardent-ass-herald-perfected-slivers-of-the-null-arca-tide-born-wildstalker","dps","Ardent","Ass","Herald","Perfected Slivers of the Null Arca","Tide-Born Wildstalker","97638.7","5343.4","27.9","97638.7 DPS","","Slimecraw Guise (Slimecraw)","Perfected Null Arca Jack (Perfected Slivers of the Null Arca)","Tide-Born Arm Cops (Tide-Born Wildstalker)","Perfected Null Arca Bracers (Perfected Slivers of the Null Arca)","","Perfected Null Arca Guards (Perfected Slivers of the Null Arca)","Perfected Null Arca Boots (Perfected Slivers of the Null Arca)","","Tide-Born Ring (Tide-Born Wildstalker)","Tide-Born Ring (Tide-Born Wildstalker)","Tide-Born Dagger (Tide-Born Wildstalker)","Tide-Born Dagger (Tide-Born Wildstalker)","The Maelstrom's Perfected Greatsword (Perfected Merciless Charge)"," ()","Cephaliarch's Flail","Pragmatic Fatecarver","Quick Cloak","Venomous Claw","Camouflaged Hunter","Soul Harvest","Stampede","Flames of Oblivion","Fulminating Rune","Inspired Scholarship","Molten Whip","Standard of Might"
"Sanctum Ophidia","Ozara","https://www.esologs.com/reports/ALZWBfrXGy3bRVYp#fight=11&type=summary&source=11","@GSLords","Eonoflux","ardent-ass-herald-perfected-slivers-of-the-null-arca-tide-born-wildstalker","dps","Ardent","Ass","Herald","Perfected Slivers of the Null Arca","Tide-Born Wildstalker","57219.4","2880.5","27.0","57219.4 DPS","","Null Arca Helmet (Slivers of the Null Arca)","Null Arca Jack (Slivers of the Null Arca)","Slimecraw Arm Cops (Slimecraw)","Null Arca Bracers (Slivers of the Null Arca)","","Null Arca Guards (Slivers of the Null Arca)","Perfected Null Arca Boots (Perfected Slivers of the Null Arca)","","Tide-Born Ring (Tide-Born Wildstalker)","Tide-Born Ring (Tide-Born Wildstalker)","Tide-Born Dagger (Tide-Born Wildstalker)","Tide-Born Dagger (Tide-Born Wildstalker)","The Maelstrom's Inferno Staff (Crushing Wall)"," ()","Cephaliarch's Flail","Pragmatic Fatecarver","Quick Cloak","Relentless Focus","Camouflaged Hunter","The Languid Eye","Inspired Scholarship","Venomous Claw","Elemental Blockade","Flames of Oblivion","Molten Whip","The Languid Eye"
"Sanctum Ophidia","Ozara","https://www.esologs.com/reports/ALZWBfrXGy3bRVYp#fight=11&type=summary&source=4","@icecrem99","Dora Dora","ardent-ass-herald-perfected-slivers-of-the-null-arca-tide-born-wildstalker","dps","Ardent","Ass","Herald","Perfected Slivers of the Null Arca","Tide-Born Wildstalker","112927.2","8227.0","67.1","112927.2 DPS","","Slimecraw Mask (Slimecraw)","Perfected Null Arca Jack (Perfected Slivers of the Null Arca)","Tide-Born Arm Cops (Tide-Born Wildstalker)","Perfected Null Arca Bracers (Perfected Slivers of the Null Arca)","","Perfected Null Arca Guards (Perfected Slivers of the Null Arca)","Perfected Null Arca Boots (Perfected Slivers of the Null Arca)","","Tide-Born Ring (Tide-Born Wildstalker)","Tide-Born Ring (Tide-Born Wildstalker)","Tide-Born Dagger (Tide-Born Wildstalker)","Tide-Born Dagger (Tide-Born Wildstalker)","The Maelstrom's Perfected Greatsword (Perfected Merciless Charge)"," ()","Tentacular Dread","Quick Cloak","Escalating Runeblades","Killer's Blade","Relentless Focus","Soul Harvest","Venomous Claw","Inspired Scholarship","Stampede","Flames of Oblivion","Molten Whip","Standard of Might"
"Sanctum Ophidia","Ozara","https://www.esologs.com/reports/pzAjZDbBFMvwgTdN#fight=10&type=summary&source=8","@El_Breas","Lavika Gandho","ardent-ass-herald-perfected-sul-xans-torment-tide-born-wildstalker","dps","Ardent","Ass","Herald","Perfected Sul-Xan's Torment","Tide-Born Wildstalker","78828.7","4324.8","26.2","78828.7 DPS","","Slimecraw Guise (Slimecraw)","Perfected Jack of Sul-Xan's Torment (Perfected Sul-Xan's Torment)","Tide-Born Arm Cops (Tide-Born Wildstalker)","Perfected Bracers of Sul-Xan's Torment (Perfected Sul-Xan's Torment)","","Perfected Guards of Sul-Xan's Torment (Perfected Sul-Xan's Torment)","Perfected Boots of Sul-Xan's Torment (Perfected Sul-Xan's Torment)","","Tide-Born Ring (Tide-Born Wildstalker)","Tide-Born Ring (Tide-Born Wildstalker)","Tide-Born Dagger (Tide-Born Wildstalker)","Tide-Born Dagger (Tide-Born Wildstalker)","The Maelstrom's Perfected Inferno Staff (Perfected Crushing Wall)"," ()","Quick Cloak","Engulfing Flames","Cephaliarch's Flail","Pragmatic Fatecarver","Camouflaged Hunter","Soul Harvest","Molten Whip","Elemental Blockade","Inspired Scholarship","Anti-Cavalry Caltrops","Flames of Oblivion","Elemental Rage"
"Sanctum Ophidia","Ozara","https://www.esologs.com/reports/pzAjZDbBFMvwgTdN#fight=10&type=summary&source=8","@TyeceeR","Reece the Badman","ardent-ass-herald-perfected-sul-xans-torment-tide-born-wildstalker","dps","Ardent","Ass","Herald","Perfected Sul-Xan's Torment","Tide-Born Wildstalker","114187.5","16911.0","69.6","114187.5 DPS","The Thief","Archdruid Devyric's Guise (Archdruid Devyric)","Perfected Jack of Sul-Xan's Torment (Perfected Sul-Xan's Torment)","Tide-Born Arm Cops (Tide-Born Wildstalker)","Perfected Bracers of Sul-Xan's Torment (Perfected Sul-Xan's Torment)","","Perfected Guards of Sul-Xan's Torment (Perfected Sul-Xan's Torment)","Perfected Boots of Sul-Xan's Torment (Perfected Sul-Xan's Torment)","","Tide-Born Ring (Tide-Born Wildstalker)","Tide-Born Ring (Tide-Born Wildstalker)","Tide-Born Dagger (Tide-Born Wildstalker)","Tide-Born Dagger (Tide-Born Wildstalker)","The Maelstrom's Perfected Bow (Perfected Thunderous Volley)"," ()","Inspired Scholarship","Quick Cloak","Escalating Runeblades","Tentacular Dread","Merciless Resolve","Shooting Star","Flames of Oblivion","Proximity Detonation","Endless Hail","Anti-Cavalry Caltrops","Sundering Trample","Soul Harvest"
"Sanctum Ophidia","Ozara","https://www.esologs.com/reports/pzAjZDbBFMvwgTdN#fight=10&type=summary&source=7","@RICHarizard313","Din Riki","ardent-ass-herald-perfected-sul-xans-torment-tide-born-wildstalker","dps","Ardent","Ass","Herald","Perfected Sul-Xan's Torment","Tide-Born Wildstalker","70328.4","4653.6","16.2","70328.4 DPS","","Slimecraw Mask (Slimecraw)","Perfected Jack of Sul-Xan's Torment (Perfected Sul-Xan's Torment)","Perfected Arm Cops of Sul-Xan's Torment (Perfected Sul-Xan's Torment)","Tide-Born Bracers (Tide-Born Wildstalker)","","Perfected Guards of Sul-Xan's Torment (Perfected Sul-Xan's Torment)","Perfected Boots of Sul-Xan's Torment (Perfected Sul-Xan's Torment)","","Tide-Born Ring (Tide-Born Wildstalker)","Tide-Born Ring (Tide-Born Wildstalker)","Tide-Born Dagger (Tide-Born Wildstalker)","Tide-Born Dagger (Tide-Born Wildstalker)","The Maelstrom's Perfected Inferno Staff (Perfected Crushing Wall)"," ()","Killer's Blade","Pragmatic Fatecarver","Cephaliarch's Flail","Quick Cloak","Scalding Rune","Soul Harvest","Molten Whip","Inspired Scholarship","Venomous Claw","Flames of Oblivion","Elemental Blockade","The Languid Eye"
"Sanctum Ophidia","Ozara","https://www.esologs.com/reports/pzAjZDbBFMvwgTdN#fight=10&type=summary&source=1","@benelian","Seyraine","ardent-ass-herald-perfected-sul-xans-torment-tide-born-wildstalker","dps","Ardent","Ass","Herald","Tide-Born Wildstalker","Perfected Sul-Xan's Torment","81067.8","4633.1","25.1","81067.8 DPS","","Slimecraw Guise (Slimecraw)","Tide-Born Jack (Tide-Born Wildstalker)","Tide-Born Arm Cops (Tide-Born Wildstalker)","Tide-Born Bracers (Tide-Born Wildstalker)","","Tide-Born Guards (Tide-Born Wildstalker)","Tide-Born Boots (Tide-Born Wildstalker)","","Perfected Ring of Sul-Xan's Torment (Perfected Sul-Xan's Torment)","Perfected Ring of Sul-Xan's Torment (Perfected Sul-Xan's Torment)","Perfected Dagger of Sul-Xan's Torment (Perfected Sul-Xan's Torment)","Perfected Dagger of Sul-Xan's Torment (Perfected Sul-Xan's Torment)","The Maelstrom's Perfected Greatsword (Perfected Merciless Charge)"," ()","Cephaliarch's Flail","Pragmatic Fatecarver","Quick Cloak","Camouflaged Hunter","Relentless Focus","Soul Harvest","Magical Trample","Flames of Oblivion","Molten Whip","Stampede","Inspired Scholarship","The Languid Eye"
"Sanctum Ophidia","Ozara","https://www.esologs.com/reports/pzAjZDbBFMvwgTdN#fight=10&type=summary&source=5","@Selarra","Selarrca-daro","ardent-ass-herald-perfected-sul-xans-torment-tide-born-wildstalker","dps","Ardent","Ass","Herald","Tide-Born Wildstalker","Perfected Sul-Xan's Torment","55581.2","2778.7","16.6","55581.2 DPS","","Slimecraw Mask (Slimecraw)","Tide-Born Jack (Tide-Born Wildstalker)","Perfected Arm Cops of Sul-Xan's Torment (Perfected Sul-Xan's Torment)","Perfected Bracers of Sul-Xan's Torment (Perfected Sul-Xan's Torment)","","Perfected Guards of Sul-Xan's Torment (Perfected Sul-Xan's Torment)","Perfected Boots of Sul-Xan's Torment (Perfected Sul-Xan's Torment)","","Tide-Born Ring (Tide-Born Wildstalker)","Tide-Born Ring (Tide-Born Wildstalker)","Tide-Born Dagger (Tide-Born Wildstalker)","Tide-Born Dagger (Tide-Born Wildstalker)","The Maelstrom's Perfected Inferno Staff (Perfected Crushing Wall)"," ()","Cephaliarch's Flail","Pragmatic Fatecarver","Relentless Focus","Quick Cloak","Camouflaged Hunter","Soul Harvest","Elemental Blockade","Magical Trample","Flames of Oblivion","Inspired Scholarship","Molten Whip","Elemental Rage"
"Sanctum Ophidia","Ozara","https://www.esologs.com/reports/pzAjZDbBFMvwgTdN#fight=10&type=summary&source=9","@Koneion","Box-of-tricks","green-resto-siphon-perfected-pillagers-profit-spell-power-cure","healer","Siphon","Resto","Green","Spell Power Cure","Perfected Pillager's Profit","0.0","47656.3","46.4","47656.3 HPS","","Ozezan the Inferno's Mask (Ozezan the Inferno)","Spell Power Cure Robe (Spell Power Cure)","Ozezan the Inferno's Pauldron (Ozezan the Inferno)","Spell Power Cure Gloves (Spell Power Cure)","","Spell Power Cure Breeches (Spell Power Cure)","Spell Power Cure Shoes (Spell Power Cure)","","Perfected Pillager's Band (Perfected Pillager's Profit)","Perfected Pillager's Band (Perfected Pillager's Profit)","The Master's Perfected Restoration Staff (Perfected Grand Rejuvenation)"," ()","Perfected Pillager's Lightning Staff (Perfected Pillager's Profit)"," ()","Combat Prayer","Budding Seeds","Illustrious Healing","Extended Ritual","Radiating Regeneration","Soul Siphon","Elemental Blockade","Energy Orb","Echoing Vigor","Radiant Aura","Siphoning Attacks","Reviving Barrier"
"Sanctum Ophidia","Ozara","https://www.esologs.com/reports/pzAjZDbBFMvwgTdN#fight=10&type=summary&source=9","@SirWumpyFlump","Sir Wumpy Flump","green-resto-siphon-perfected-pillagers-profit-spell-power-cure","healer","Siphon","Resto","Green","Spell Power Cure","Perfected Pillager's Profit","4679.4","81817.2","52.7","81817.2 HPS","The Ritual","Symphony of Blades Guise (Symphony of Blades)","Spell Power Cure Robe (Spell Power Cure)","Symphony of Blades Epaulets (Symphony of Blades)","Spell Power Cure Gloves (Spell Power Cure)","","Spell Power Cure Breeches (Spell Power Cure)","Spell Power Cure Shoes (Spell Power Cure)","","Perfected Pillager's Band (Perfected Pillager's Profit)","Perfected Pillager's Band (Perfected Pillager's Profit)","The Master's Perfected Restoration Staff (Perfected Grand Rejuvenation)"," ()","Perfected Pillager's Lightning Staff (Perfected Pillager's Profit)"," ()","Budding Seeds","Combat Prayer","Inner Light","Healing Springs","Siphoning Attacks","Soul Siphon","Energy Orb","Elemental Blockade","Overflowing Altar","Echoing Vigor","Extended Ritual","Reviving Barrier"
"Sanctum Ophidia","Ozara","https://www.esologs.com/reports/pzAjZDbBFMvwgTdN#fight=10&type=summary&source=10","@Omnision","Omnision","green-resto-siphon-perfected-pillagers-profit-spell-power-cure","healer","Siphon","Resto","Green","Perfected Pillager's Profit","Spell Power Cure","3051.7","113439.2","50.3","113439.2 HPS","","Ozezan the Inferno's Guise (Ozezan the Inferno)","Pillager's Robe (Pillager's Profit)","Ozezan the Inferno's Epaulets (Ozezan the Inferno)","Spell Power Cure Gloves (Spell Power Cure)","","Breeches of the Trainee (Armor of the Trainee)","Spell Power Cure Shoes (Spell Power Cure)","","Perfected Pillager's Band (Perfected Pillager's Profit)","Perfected Pillager's Band (Perfected Pillager's Profit)","Spell Power Cure Restoration Staff (Spell Power Cure)"," ()","Pillager's Lightning Staff (Pillager's Profit)"," ()","Combat Prayer","Energy Orb","Echoing Vigor","Radiating Regeneration","Illustrious Healing","Soul Siphon","Elemental Blockade","Budding Seeds","Extended Ritual","Overflowing Altar","Radiant Aura","Aggressive Horn"
"Sanctum Ophidia","Ozara","https://www.esologs.com/reports/ALZWBfrXGy3bRVYp#fight=11&type=summary&source=10","@dewk","My Horn","earthen-soldier-winter-perfected-lucent-echoes-perfected-pearlescent-ward","tank","Earthen","Winter","Soldier","Perfected Lucent Echoes","Perfected Pearlescent Ward","2800.2","11988.2","41.4","41.4 CPM","The Atronach","Nazaray Mask (Nazaray)","Perfected Pearlescent Cuirass (Perfected Pearlescent Ward)","Nazaray Epaulets (Nazaray)","Perfected Pearlescent Gauntlets (Perfected Pearlescent Ward)","","Perfected Pearlescent Greaves (Perfected Pearlescent Ward)","Perfected Pearlescent Sabatons (Perfected Pearlescent Ward)","","Lucent Echoes Perfected Ring (Perfected Lucent Echoes)","Lucent Echoes Perfected Ring (Perfected Lucent Echoes)","Lucent Echoes Perfected Ice Staff (Perfected Lucent Echoes)"," ()","Lucent Echoes Perfected Ice Staff (Perfected Lucent Echoes)"," ()","Runic Sunder","Race Against Time","Igneous Shield","Polar Wind","Leashing Soul","Reviving Barrier","Elemental Susceptibility","Expansive Frost Cloak","Igneous Weapons","Elemental Blockade","Resolving Vigor","Aggressive Horn"
"Sanctum Ophidia","Ozara","https://www.esologs.com/reports/ALZWBfrXGy3bRVYp#fight=11&type=summary&source=23","@Dyphate","Dyphate-learns-to-tank","earthen-soldier-winter-perfected-lucent-echoes-perfected-pearlescent-ward","tank","Earthen","Winter","Soldier","Perfected Pearlescent Ward","Perfected Lucent Echoes","2545.1","4845.1","30.1","30.1 CPM","","Nazaray Guise (Nazaray)","Lucent Echoes Perfected Cuirass (Perfected Lucent Echoes)","Nazaray Pauldron (Nazaray)","Lucent Echoes Perfected Gauntlets (Perfected Lucent Echoes)","","Lucent Echoes Perfected Greaves (Perfected Lucent Echoes)","Lucent Echoes Perfected Sabatons (Perfected Lucent Echoes)","","Perfected Pearlescent Ring (Perfected Pearlescent Ward)","Perfected Pearlescent Ring (Perfected Pearlescent Ward)","Perfected Pearlescent Ice Staff (Perfected Pearlescent Ward)"," ()","Perfected Pearlescent Ice Staff (Perfected Pearlescent Ward)"," ()","Impervious Runeward","Leashing Soul","Ulfsild's Contingency","Polar Wind","Igneous Shield","Reviving Barrier","Elemental Blockade","Razor Caltrops","Expansive Frost Cloak","Runeguard of Still Waters","Runic Sunder","Aggressive Horn"
"Sanctum Ophidia","Ozara","https://www.esologs.com/reports/pzAjZDbBFMvwgTdN#fight=10&type=summary&source=4","@ysolanna","Milenne Vanwald","green-resto-x-jorvulds-guidance-perfected-roaring-opportunist","healer","Resto","Green","x","Perfected Roaring Opportunist","Jorvuld's Guidance","3435.0","60494.5","45.2","60494.5 HPS","","Magma Incarnate Guise (Magma Incarnate)","Jorvuld's Guidance Jerkin (Jorvuld's Guidance)","Spaulder of Ruin (Spaulder of Ruin)","Jorvuld's Guidance Gloves (Jorvuld's Guidance)","","Jorvuld's Guidance Breeches (Jorvuld's Guidance)","Jorvuld's Guidance Shoes (Jorvuld's Guidance)","","Roaring Opportunist's Perfected Ring (Perfected Roaring Opportunist)","Roaring Opportunist's Perfected Ring (Perfected Roaring Opportunist)","Roaring Opportunist's Perfected Restoration Staff (Perfected Roaring Opportunist)"," ()","Roaring Opportunist's Perfected Lightning Staff (Perfected Roaring Opportunist)"," ()","Radiating Regeneration","Combat Prayer","Illustrious Healing","Budding Seeds","Healthy Offering","Reviving Barrier","Elemental Blockade","Energy Orb","Overflowing Altar","Extended Ritual","Radiant Aura","Aggressive Horn"
"Sanctum Ophidia","Ozara","https://www.esologs.com/reports/pzAjZDbBFMvwgTdN#fight=10&type=summary&source=9","@Katrina_Linden","Matumaerea","green-resto-x-jorvulds-guidance-perfected-roaring-opportunist","healer","Resto","Green","x","Jorvuld's Guidance","Perfected Roaring Opportunist","5776.4","71820.9","43.8","71820.9 HPS","The Ritual","Ozezan the Inferno's Guise (Ozezan the Inferno)","Jorvuld's Guidance Robe (Jorvuld's Guidance)","Ozezan the Inferno's Epaulets (Ozezan the Inferno)","Jorvuld's Guidance Gloves (Jorvuld's Guidance)","","Jorvuld's Guidance Breeches (Jorvuld's Guidance)","Jorvuld's Guidance Shoes (Jorvuld's Guidance)","","Roaring Opportunist's Perfected Ring (Perfected Roaring Opportunist)","Roaring Opportunist's Perfected Ring (Perfected Roaring Opportunist)","Roaring Opportunist's Perfected Ice Staff (Perfected Roaring Opportunist)"," ()","The Master's Perfected Restoration Staff (Perfected Grand Rejuvenation)"," ()","Energy Orb","Echoing Vigor","Elemental Blockade","Ulfsild's Contingency","Radiant Aura","Aggressive Horn","Combat Prayer","Radiating Regeneration","Illustrious Healing","Budding Seeds","Overflowing Altar","Reviving Barrier"
"Sanctum Ophidia","The Serpent","https://www.esologs.com/reports/ALZWBfrXGy3bRVYp#fight=14&type=summary&source=2","@Immortalized007","Ábsølutîòñ","ardent-ass-herald-perfected-slivers-of-the-null-arca-tide-born-wildstalker","dps","Ardent","Ass","Herald","Perfected Slivers of the Null Arca","Tide-Born Wildstalker","99707.1","9295.7","77.0","99707.1 DPS",""," (Huntsman's Warmask)","Perfected Null Arca Jack (Perfected Slivers of the Null Arca)","Slimecraw Epaulets (Slimecraw)","Perfected Null Arca Bracers (Perfected Slivers of the Null Arca)","","Perfected Null Arca Guards (Perfected Slivers of the Null Arca)","Perfected Null Arca Boots (Perfected Slivers of the Null Arca)","","Tide-Born Ring (Tide-Born Wildstalker)","Tide-Born Ring (Tide-Born Wildstalker)","Tide-Born Dagger (Tide-Born Wildstalker)","Tide-Born Dagger (Tide-Born Wildstalker)","The Maelstrom's Perfected Greatsword (Perfected Merciless Charge)"," ()","Killer's Blade","Barbed Trap","Escalating Runeblades","Tentacular Dread","Relentless Focus","Incapacitating Strike","Stampede","Venomous Claw","Molten Whip","Inspired Scholarship","Flames of Oblivion","Standard of Might"
"Sanctum Ophidia","The Serpent","https://www.esologs.com/reports/ALZWBfrXGy3bRVYp#fight=14&type=summary&source=9","nil","Anonymous 9","ardent-ass-herald-perfected-slivers-of-the-null-arca-tide-born-wildstalker","dps","Ardent","Ass","Herald","Tide-Born Wildstalker","Perfected Slivers of the Null Arca","71485.2","8714.6","45.4","71485.2 DPS","","Tide-Born Helmet (Tide-Born Wildstalker)","Tide-Born Jack (Tide-Born Wildstalker)","Slimecraw Epaulets (Slimecraw)","Perfected Null Arca Bracers (Perfected Slivers of the Null Arca)","","Tide-Born Guards (Tide-Born Wildstalker)","Tide-Born Boots (Tide-Born Wildstalker)","","Perfected Null Arca Ring (Perfected Slivers of the Null Arca)","Perfected Null Arca Ring (Perfected Slivers of the Null Arca)","Perfected Null Arca Dagger (Perfected Slivers of the Null Arca)","Perfected Null Arca Dagger (Perfected Slivers of the Null Arca)","The Maelstrom's Perfected Greatsword (Perfected Merciless Charge)"," ()","Pragmatic Fatecarver","Quick Cloak","Banner Bearer","Cephaliarch's Flail","Killer's Blade","Incapacitating Strike","Stampede","Venomous Claw","Flames of Oblivion","Inspired Scholarship","Banner Bearer","Standard of Might"
"Sanctum Ophidia","The Serpent","https://www.esologs.com/reports/ALZWBfrXGy3bRVYp#fight=14&type=summary&source=9","@seryzawa","Seiko-dk","ardent-ass-herald-perfected-slivers-of-the-null-arca-tide-born-wildstalker","dps","Ardent","Ass","Herald","Perfected Slivers of the Null Arca","Tide-Born Wildstalker","102974.0","9352.7","79.2","102974.0 DPS","The Thief"," (Huntsman's Warmask)","Perfected Null Arca Jack (Perfected Slivers of the Null Arca)","Slimecraw Epaulets (Slimecraw)","Tide-Born Bracers (Tide-Born Wildstalker)","","Tide-Born Guards (Tide-Born Wildstalker)","Perfected Null Arca Boots (Perfected Slivers of the Null Arca)","","Tide-Born Ring (Tide-Born Wildstalker)","Tide-Born Ring (Tide-Born Wildstalker)","Perfected Null Arca Dagger (Perfected Slivers of the Null Arca)","Perfected Null Arca Dagger (Perfected Slivers of the Null Arca)","The Maelstrom's Perfected Greatsword (Perfected Merciless Charge)"," ()","Writhing Runeblades","Merciless Resolve","Tentacular Dread","Barbed Trap","Killer's Blade","Soul Harvest","Stampede","Inspired Scholarship","Venomous Claw","Molten Whip","Flames of Oblivion","Standard of Might"
"Sanctum Ophidia","The Serpent","https://www.esologs.com/reports/ALZWBfrXGy3bRVYp#fight=14&type=summary&source=11","@MPL33","Voralyth","ardent-ass-herald-perfected-slivers-of-the-null-arca-tide-born-wildstalker","dps","Ardent","Ass","Herald","Perfected Slivers of the Null Arca","Tide-Born Wildstalker","42628.0","3147.8","23.8","42628.0 DPS","","Slimecraw Guise (Slimecraw)","Perfected Null Arca Jack (Perfected Slivers of the Null Arca)","Tide-Born Arm Cops (Tide-Born Wildstalker)","Perfected Null Arca Bracers (Perfected Slivers of the Null Arca)","","Perfected Null Arca Guards (Perfected Slivers of the Null Arca)","Perfected Null Arca Boots (Perfected Slivers of the Null Arca)","","Tide-Born Ring (Tide-Born Wildstalker)","Tide-Born Ring (Tide-Born Wildstalker)","Tide-Born Dagger (Tide-Born Wildstalker)","Tide-Born Dagger (Tide-Born Wildstalker)","The Maelstrom's Inferno Staff (Crushing Wall)"," ()","Cephaliarch's Flail","Pragmatic Fatecarver","Venomous Claw","Camouflaged Hunter","Quick Cloak","Soul Harvest","Inspired Scholarship","Elemental Blockade","Flames of Oblivion","Rune of Displacement","Molten Whip","Standard of Might"
"Sanctum Ophidia","The Serpent","https://www.esologs.com/reports/ALZWBfrXGy3bRVYp#fight=14&type=summary&source=3","@BooRadzz","Boo Rad","ardent-ass-herald-perfected-slivers-of-the-null-arca-tide-born-wildstalker","dps","Ardent","Ass","Herald","Perfected Slivers of the Null Arca","Tide-Born Wildstalker","72000.2","4796.9","36.5","72000.2 DPS","","Slimecraw Guise (Slimecraw)","Perfected Null Arca Jack (Perfected Slivers of the Null Arca)","Tide-Born Arm Cops (Tide-Born Wildstalker)","Perfected Null Arca Bracers (Perfected Slivers of the Null Arca)","","Perfected Null Arca Guards (Perfected Slivers of the Null Arca)","Perfected Null Arca Boots (Perfected Slivers of the Null Arca)","","Tide-Born Ring (Tide-Born Wildstalker)","Tide-Born Ring (Tide-Born Wildstalker)","Tide-Born Dagger (Tide-Born Wildstalker)","Tide-Born Dagger (Tide-Born Wildstalker)","The Maelstrom's Perfected Greatsword (Perfected Merciless Charge)"," ()","Cephaliarch's Flail","Quick Cloak","Pragmatic Fatecarver","Camouflaged Hunter","Venomous Claw","Incapacitating Strike","Flames of Oblivion","Killer's Blade","Stampede","Molten Whip","Inspired Scholarship","Standard of Might"
"Sanctum Ophidia","The Serpent","https://www.esologs.com/reports/ALZWBfrXGy3bRVYp#fight=14&type=summary&source=2","@knd775","Aldaryth Nilvra","ardent-ass-herald-perfected-slivers-of-the-null-arca-tide-born-wildstalker","dps","Ardent","Ass","Herald","Perfected Slivers of the Null Arca","Tide-Born Wildstalker","67012.8","3144.5","27.4","67012.8 DPS","","Slimecraw Guise (Slimecraw)","Perfected Null Arca Jack (Perfected Slivers of the Null Arca)","Tide-Born Arm Cops (Tide-Born Wildstalker)","Perfected Null Arca Bracers (Perfected Slivers of the Null Arca)","","Perfected Null Arca Guards (Perfected Slivers of the Null Arca)","Perfected Null Arca Boots (Perfected Slivers of the Null Arca)","","Tide-Born Ring (Tide-Born Wildstalker)","Tide-Born Ring (Tide-Born Wildstalker)","Tide-Born Dagger (Tide-Born Wildstalker)","Tide-Born Dagger (Tide-Born Wildstalker)","The Maelstrom's Perfected Greatsword (Perfected Merciless Charge)"," ()","Cephaliarch's Flail","Pragmatic Fatecarver","Quick Cloak","Venomous Claw","Camouflaged Hunter","Soul Harvest","Stampede","Flames of Oblivion","Purge","Inspired Scholarship","Molten Whip","Standard of Might"
"Sanctum Ophidia","The Serpent","https://www.esologs.com/reports/ALZWBfrXGy3bRVYp#fight=14&type=summary&source=7","@RICHarizard313","Din Riki","ardent-ass-herald-perfected-slivers-of-the-null-arca-tide-born-wildstalker","dps","Ardent","Ass","Herald","Perfected Slivers of the Null Arca","Tide-Born Wildstalker","65801.0","8453.5","28.1","65801.0 DPS","","Slimecraw Mask (Slimecraw)","Perfected Null Arca Jack (Perfected Slivers of the Null Arca)","Perfected Null Arca Arm Cops (Perfected Slivers of the Null Arca)","Tide-Born Bracers (Tide-Born Wildstalker)","","Null Arca Guards (Slivers of the Null Arca)","Null Arca Boots (Slivers of the Null Arca)","","Tide-Born Ring (Tide-Born Wildstalker)","Tide-Born Ring (Tide-Born Wildstalker)","Tide-Born Dagger (Tide-Born Wildstalker)","Tide-Born Dagger (Tide-Born Wildstalker)","The Maelstrom's Perfected Inferno Staff (Perfected Crushing Wall)"," ()","Killer's Blade","Pragmatic Fatecarver","Cephaliarch's Flail","Quick Cloak","Scalding Rune","Soul Harvest","Molten Whip","Inspired Scholarship","Venomous Claw","Flames of Oblivion","Elemental Blockade","The Languid Eye"
"Sanctum Ophidia","The Serpent","https://www.esologs.com/reports/ALZWBfrXGy3bRVYp#fight=14&type=summary&source=11","@GSLords","Eonoflux","ardent-ass-herald-perfected-slivers-of-the-null-arca-tide-born-wildstalker","dps","Ardent","Ass","Herald","Perfected Slivers of the Null Arca","Tide-Born Wildstalker","57787.0","4361.9","28.6","57787.0 DPS","","Null Arca Helmet (Slivers of the Null Arca)","Null Arca Jack (Slivers of the Null Arca)","Slimecraw Arm Cops (Slimecraw)","Null Arca Bracers (Slivers of the Null Arca)","","Null Arca Guards (Slivers of the Null Arca)","Perfected Null Arca Boots (Perfected Slivers of the Null Arca)","","Tide-Born Ring (Tide-Born Wildstalker)","Tide-Born Ring (Tide-Born Wildstalker)","Tide-Born Dagger (Tide-Born Wildstalker)","Tide-Born Dagger (Tide-Born Wildstalker)","The Maelstrom's Inferno Staff (Crushing Wall)"," ()","Cephaliarch's Flail","Pragmatic Fatecarver","Quick Cloak","Relentless Focus","Camouflaged Hunter","The Languid Eye","Inspired Scholarship","Venomous Claw","Elemental Blockade","Flames of Oblivion","Molten Whip","The Languid Eye"
"Sanctum Ophidia","The Serpent","https://www.esologs.com/reports/ALZWBfrXGy3bRVYp#fight=14&type=summary&source=5","@Selarra","Selarrca-daro","ardent-ass-herald-perfected-slivers-of-the-null-arca-tide-born-wildstalker","dps","Ardent","Ass","Herald","Tide-Born Wildstalker","Perfected Slivers of the Null Arca","90657.1","3105.5","33.4","90657.1 DPS","","Slimecraw Mask (Slimecraw)","Tide-Born Jack (Tide-Born Wildstalker)","Perfected Null Arca Arm Cops (Perfected Slivers of the Null Arca)","Perfected Null Arca Bracers (Perfected Slivers of the Null Arca)","","Perfected Null Arca Guards (Perfected Slivers of the Null Arca)","Perfected Null Arca Boots (Perfected Slivers of the Null Arca)","","Tide-Born Ring (Tide-Born Wildstalker)","Tide-Born Ring (Tide-Born Wildstalker)","Tide-Born Dagger (Tide-Born Wildstalker)","Tide-Born Dagger (Tide-Born Wildstalker)","The Maelstrom's Perfected Inferno Staff (Perfected Crushing Wall)"," ()","Cephaliarch's Flail","Pragmatic Fatecarver","Killer's Blade","Quick Cloak","Camouflaged Hunter","Soul Harvest","Elemental Blockade","Venomous Claw","Flames of Oblivion","Inspired Scholarship","Molten Whip","Standard of Might"
"Sanctum Ophidia","The Serpent","https://www.esologs.com/reports/ALZWBfrXGy3bRVYp#fight=14&type=summary&source=4","@icecrem99","Dora Dora","ardent-ass-herald-perfected-slivers-of-the-null-arca-tide-born-wildstalker","dps","Ardent","Ass","Herald","Perfected Slivers of the Null Arca","Tide-Born Wildstalker","65679.3","8816.8","67.2","65679.3 DPS","","Slimecraw Mask (Slimecraw)","Perfected Null Arca Jack (Perfected Slivers of the Null Arca)","Tide-Born Arm Cops (Tide-Born Wildstalker)","Perfected Null Arca Bracers (Perfected Slivers of the Null Arca)","","Perfected Null Arca Guards (Perfected Slivers of the Null Arca)","Perfected Null Arca Boots (Perfected Slivers of the Null Arca)","","Tide-Born Ring (Tide-Born Wildstalker)","Tide-Born Ring (Tide-Born Wildstalker)","Tide-Born Dagger (Tide-Born Wildstalker)","Tide-Born Dagger (Tide-Born Wildstalker)","The Maelstrom's Perfected Greatsword (Perfected Merciless Charge)"," ()","Tentacular Dread","Quick Cloak","Escalating Runeblades","Killer's Blade","Relentless Focus","Soul Harvest","Venomous Claw","Inspired Scholarship","Stampede","Flames of Oblivion","Molten Whip","Standard of Might"
"Sanctum Ophidia","The Serpent","https://www.esologs.com/reports/kgADztH1TmcXqMRV#fight=29&type=summary&source=51","@Ravex007","Whatamipapa","ardent-ass-herald-deadly-strike-perfected-slivers-of-the-null-arca","dps","Ardent","Ass","Herald","Deadly Strike","Perfected Slivers of the Null Arca","56165.7","4433.8","45.5","56165.7 DPS","","Slimecraw Guise (Slimecraw)","Perfected Null Arca Jack (Perfected Slivers of the Null Arca)","Deadly Arm Cops (Deadly Strike)","Perfected Null Arca Bracers (Perfected Slivers of the Null Arca)","","Perfected Null Arca Guards (Perfected Slivers of the Null Arca)","Perfected Null Arca Boots (Perfected Slivers of the Null Arca)","","Deadly Ring (Deadly Strike)","Deadly Ring (Deadly Strike)","Deadly Dagger (Deadly Strike)","Deadly Dagger (Deadly Strike)","Deadly Lightning Staff (Deadly Strike)"," ()","Pragmatic Fatecarver","Cephaliarch's Flail","Quick Cloak","Camouflaged Hunter","Flames of Oblivion","Soul Harvest","Venomous Claw","Engulfing Flames","Unstable Wall of Elements","Molten Whip","Inspired Scholarship","The Tide King's Gaze"
"Sanctum Ophidia","The Serpent","https://www.esologs.com/reports/kgADztH1TmcXqMRV#fight=29&type=summary&source=3","@iiTzFlyy","Beams-From-Book","ardent-ass-herald-deadly-strike-perfected-slivers-of-the-null-arca","dps","Ardent","Ass","Herald","Deadly Strike","Perfected Slivers of the Null Arca","86365.8","8435.8","26.4","86365.8 DPS","","Deadly Helmet (Deadly Strike)","Perfected Null Arca Jack (Perfected Slivers of the Null Arca)","Slimecraw Epaulets (Slimecraw)","Perfected Null Arca Bracers (Perfected Slivers of the Null Arca)","","Perfected Null Arca Guards (Perfected Slivers of the Null Arca)","Perfected Null Arca Boots (Perfected Slivers of the Null Arca)","","Deadly Ring (Deadly Strike)","Deadly Ring (Deadly Strike)","Deadly Dagger (Deadly Strike)","Deadly Dagger (Deadly Strike)","The Maelstrom's Perfected Greatsword (Perfected Merciless Charge)"," ()","Cephaliarch's Flail","Pragmatic Fatecarver","Quick Cloak","Killer's Blade","Camouflaged Hunter","Soul Harvest","Stampede","Venomous Claw","Inspired Scholarship","Flames of Oblivion","Proximity Detonation","Standard of Might"
"Sanctum Ophidia","The Serpent","https://www.esologs.com/reports/kgADztH1TmcXqMRV#fight=29&type=summary&source=5","@Jirachi_Ex","Dave-y","ardent-ass-herald-deadly-strike-perfected-slivers-of-the-null-arca","dps","Ardent","Ass","Herald","Perfected Slivers of the Null Arca","Deadly Strike","52655.1","10971.4","20.7","52655.1 DPS","","Slimecraw Guise (Slimecraw)","Perfected Null Arca Jack (Perfected Slivers of the Null Arca)","Perfected Null Arca Arm Cops (Perfected Slivers of the Null Arca)","Perfected Null Arca Bracers (Perfected Slivers of the Null Arca)","","Perfected Null Arca Guards (Perfected Slivers of the Null Arca)","Perfected Null Arca Boots (Perfected Slivers of the Null Arca)","","Deadly Ring (Deadly Strike)","Deadly Ring (Deadly Strike)","Deadly Dagger (Deadly Strike)","Deadly Dagger (Deadly Strike)","The Maelstrom's Perfected Greatsword (Perfected Merciless Charge)"," ()","Camouflaged Hunter","Quick Cloak","Cephaliarch's Flail","Pragmatic Fatecarver","Killer's Blade","Incapacitating Strike","Flames of Oblivion","Venomous Claw","Stampede","Inspired Scholarship","Molten Whip","Standard of Might"
"Sanctum Ophidia","The Serpent","https://www.esologs.com/reports/kgADztH1TmcXqMRV#fight=29&type=summary&source=2","@ImZeerox","-Zeerox","ardent-ass-herald-deadly-strike-perfected-slivers-of-the-null-arca","dps","Ardent","Ass","Herald","Perfected Slivers of the Null Arca","Deadly Strike","62196.9","5893.8","29.1","62196.9 DPS","","Slimecraw Guise (Slimecraw)","Perfected Null Arca Jack (Perfected Slivers of the Null Arca)","Deadly Arm Cops (Deadly Strike)","Perfected Null Arca Bracers (Perfected Slivers of the Null Arca)","","Perfected Null Arca Guards (Perfected Slivers of the Null Arca)","Perfected Null Arca Boots (Perfected Slivers of the Null Arca)","","Deadly Ring (Deadly Strike)","Deadly Ring (Deadly Strike)","Deadly Dagger (Deadly Strike)","Deadly Dagger (Deadly Strike)","The Maelstrom's Perfected Greatsword (Perfected Merciless Charge)"," ()","Quick Cloak","Pragmatic Fatecarver","Cephaliarch's Flail","Killer's Blade","Relentless Focus","Soul Harvest","Stampede","Inspired Scholarship","Venomous Claw","Flames of Oblivion","Molten Whip","Standard of Might"
"Sanctum Ophidia","The Serpent","https://www.esologs.com/reports/kgADztH1TmcXqMRV#fight=29&type=summary&source=9","@Labrax035","Octopusligth","ardent-ass-herald-deadly-strike-perfected-slivers-of-the-null-arca","tank","Ardent","Ass","Herald","Perfected Slivers of the Null Arca","Deadly Strike","34974.7","3238.8","22.0","22.0 CPM","","Slimecraw Guise (Slimecraw)","Perfected Null Arca Jack (Perfected Slivers of the Null Arca)","Deadly Arm Cops (Deadly Strike)","Perfected Null Arca Bracers (Perfected Slivers of the Null Arca)","","Perfected Null Arca Guards (Perfected Slivers of the Null Arca)","Perfected Null Arca Boots (Perfected Slivers of the Null Arca)","","Deadly Ring (Deadly Strike)","Deadly Ring (Deadly Strike)","Deadly Dagger (Deadly Strike)","Deadly Dagger (Deadly Strike)","The Maelstrom's Perfected Inferno Staff (Perfected Crushing Wall)"," ()","Cephaliarch's Flail","Pragmatic Fatecarver","Relentless Focus","Quick Cloak","Banner Bearer","Flawless Dawnbreaker","Recuperative Treatise","Flames of Oblivion","Elemental Blockade","Fulminating Rune","Banner Bearer","Standard of Might"
"Sanctum Ophidia","The Serpent","https://www.esologs.com/reports/kgADztH1TmcXqMRV#fight=29&type=summary&source=6","@jilliansm1","Freja Noir","ardent-ass-herald-deadly-strike-perfected-slivers-of-the-null-arca","dps","Ardent","Ass","Herald","Perfected Slivers of the Null Arca","Deadly Strike","49493.5","8078.6","22.0","49493.5 DPS","","Slimecraw Mask (Slimecraw)","Perfected Null Arca Jack (Perfected Slivers of the Null Arca)","Deadly Arm Cops (Deadly Strike)","Perfected Null Arca Bracers (Perfected Slivers of the Null Arca)","","Perfected Null Arca Guards (Perfected Slivers of the Null Arca)","Perfected Null Arca Boots (Perfected Slivers of the Null Arca)","","Deadly Ring (Deadly Strike)","Deadly Ring (Deadly Strike)","Deadly Dagger (Deadly Strike)","Deadly Dagger (Deadly Strike)","The Maelstrom's Perfected Battle Axe (Perfected Merciless Charge)"," ()","Quick Cloak","Cephaliarch's Flail","Pragmatic Fatecarver","Barbed Trap","Killer's Blade","Incapacitating Strike","Inspired Scholarship","Stampede","Flames of Oblivion","Venomous Claw","Molten Whip","Standard of Might"
"Sanctum Ophidia","The Serpent","https://www.esologs.com/reports/kgADztH1TmcXqMRV#fight=29&type=summary&source=2","@Jirachi_Ex","Dave-y","ardent-ass-herald-deadly-strike-perfected-slivers-of-the-null-arca","dps","Ardent","Ass","Herald","Perfected Slivers of the Null Arca","Deadly Strike","54381.3","8071.5","22.8","54381.3 DPS","","Slimecraw Guise (Slimecraw)","Perfected Null Arca Jack (Perfected Slivers of the Null Arca)","Perfected Null Arca Arm Cops (Perfected Slivers of the Null Arca)","Perfected Null Arca Bracers (Perfected Slivers of the Null Arca)","","Perfected Null Arca Guards (Perfected Slivers of the Null Arca)","Perfected Null Arca Boots (Perfected Slivers of the Null Arca)","","Deadly Ring (Deadly Strike)","Deadly Ring (Deadly Strike)","Deadly Dagger (Deadly Strike)","Deadly Dagger (Deadly Strike)","The Maelstrom's Perfected Greatsword (Perfected Merciless Charge)"," ()","Banner Bearer","Quick Cloak","Cephaliarch's Flail","Pragmatic Fatecarver","Camouflaged Hunter","Soul Harvest","Flames of Oblivion","Venomous Claw","Stampede","Inspired Scholarship","Banner Bearer","Standard of Might"
"Sanctum Ophidia","The Serpent","https://www.esologs.com/reports/ALZWBfrXGy3bRVYp#fight=14&type=summary&source=8","@Ginga453","Gingers On Top","ardent-ass-herald-berserking-warrior-perfected-slivers-of-the-null-arca","dps","Ardent","Ass","Herald","Perfected Slivers of the Null Arca","Berserking Warrior","62879.4","12148.6","35.6","62879.4 DPS",""," (Huntsman's Warmask)","Perfected Null Arca Jack (Perfected Slivers of the Null Arca)","Slimecraw Arm Cops (Slimecraw)","Perfected Null Arca Bracers (Perfected Slivers of the Null Arca)","","Perfected Null Arca Guards (Perfected Slivers of the Null Arca)","Perfected Null Arca Boots (Perfected Slivers of the Null Arca)","","Ring of the Advancing Yokeda (Berserking Warrior)","Ring of the Advancing Yokeda (Berserking Warrior)","Dagger of the Advancing Yokeda (Berserking Warrior)","Dagger of the Advancing Yokeda (Berserking Warrior)","The Maelstrom's Greatsword (Merciless Charge)"," ()","Killer's Blade","Quick Cloak","Relentless Focus","Escalating Runeblades","Tentacular Dread","Incapacitating Strike","Stampede","Venomous Claw","Inspired Scholarship","Flames of Oblivion","Barbed Trap","Standard of Might"
"Sanctum Ophidia","The Serpent","https://www.esologs.com/reports/ALZWBfrXGy3bRVYp#fight=14&type=summary&source=12","@IamKippy","Z'enpai","ardent-ass-herald-berserking-warrior-perfected-slivers-of-the-null-arca","dps","Ardent","Ass","Herald","Perfected Slivers of the Null Arca","Berserking Warrior","46840.3","3091.7","27.9","46840.3 DPS","","Slimecraw Mask (Slimecraw)","Perfected Null Arca Jack (Perfected Slivers of the Null Arca)","Pauldron of the Advancing Yokeda (Berserking Warrior)","Perfected Null Arca Bracers (Perfected Slivers of the Null Arca)","","Perfected Null Arca Guards (Perfected Slivers of the Null Arca)","Perfected Null Arca Boots (Perfected Slivers of the Null Arca)","","Ring of the Advancing Yokeda (Berserking Warrior)","Ring of the Advancing Yokeda (Berserking Warrior)","Dagger of the Advancing Yokeda (Berserking Warrior)","Dagger of the Advancing Yokeda (Berserking Warrior)","The Maelstrom's Perfected Greatsword (Perfected Merciless Charge)"," ()","Cephaliarch's Flail","Exhausting Fatecarver","Venomous Claw","Killer's Blade","Fulminating Rune","Incapacitating Strike","Stampede","Flames of Oblivion","Inspired Scholarship","Molten Whip","Resolving Vigor","Standard of Might"
"Sanctum Ophidia","The Serpent","https://www.esologs.com/reports/ALZWBfrXGy3bRVYp#fight=14&type=summary&source=8","@TyeceeR","Reece the Badman","ardent-ass-herald-berserking-warrior-perfected-slivers-of-the-null-arca","dps","Ardent","Ass","Herald","Perfected Slivers of the Null Arca","Berserking Warrior","83138.3","14276.9","61.0","83138.3 DPS",""," (Huntsman's Warmask)","Perfected Null Arca Jack (Perfected Slivers of the Null Arca)","Black Gem Monstrosity's Arm Cops (Black Gem Monstrosity)","Perfected Null Arca Bracers (Perfected Slivers of the Null Arca)","","Perfected Null Arca Guards (Perfected Slivers of the Null Arca)","Perfected Null Arca Boots (Perfected Slivers of the Null Arca)","","Ring of the Advancing Yokeda (Berserking Warrior)","Ring of the Advancing Yokeda (Berserking Warrior)","Dagger of the Advancing Yokeda (Berserking Warrior)","Dagger of the Advancing Yokeda (Berserking Warrior)","The Maelstrom's Greatsword (Merciless Charge)"," ()","Barbed Trap","Killer's Blade","Escalating Runeblades","Tentacular Dread","Merciless Resolve","Soul Harvest","Inspired Scholarship","Stampede","Venomous Claw","Flames of Oblivion","Molten Whip","Standard of Might"
"Sanctum Ophidia","The Serpent","https://www.esologs.com/reports/ALZWBfrXGy3bRVYp#fight=14&type=summary&source=3","@Axphykz","Ax The Terrible","ardent-ass-herald-berserking-warrior-perfected-slivers-of-the-null-arca","dps","Ardent","Ass","Herald","Perfected Slivers of the Null Arca","Berserking Warrior","108046.9","13088.9","83.2","108046.9 DPS","The Thief"," (Huntsman's Warmask)","Perfected Null Arca Jack (Perfected Slivers of the Null Arca)","Kra'gh Arm Cops (Kra'gh)","Perfected Null Arca Bracers (Perfected Slivers of the Null Arca)","","Perfected Null Arca Guards (Perfected Slivers of the Null Arca)","Perfected Null Arca Boots (Perfected Slivers of the Null Arca)","","Ring of the Advancing Yokeda (Berserking Warrior)","Ring of the Advancing Yokeda (Berserking Warrior)","Dagger of the Advancing Yokeda (Berserking Warrior)","Dagger of the Advancing Yokeda (Berserking Warrior)","The Maelstrom's Perfected Greatsword (Perfected Merciless Charge)"," ()","Merciless Resolve","Escalating Runeblades","Tentacular Dread","Killer's Blade","Barbed Trap","Incapacitating Strike","Flames of Oblivion","Molten Whip","Inspired Scholarship","Venomous Claw","Stampede","Standard of Might"
"Sanctum Ophidia","The Serpent","https://www.esologs.com/reports/ALZWBfrXGy3bRVYp#fight=14&type=summary&source=4","@Duke_Baloney","Princess Pepperöni","ardent-ass-herald-berserking-warrior-perfected-slivers-of-the-null-arca","dps","Ardent","Ass","Herald","Perfected Slivers of the Null Arca","Berserking Warrior","75483.5","13654.1","45.5","75483.5 DPS","","Nerien'eth Mask (Nerien'eth)","Perfected Null Arca Jack (Perfected Slivers of the Null Arca)","Nerien'eth Epaulets (Nerien'eth)","Perfected Null Arca Bracers (Perfected Slivers of the Null Arca)","","Perfected Null Arca Guards (Perfected Slivers of the Null Arca)","Perfected Null Arca Boots (Perfected Slivers of the Null Arca)","","Ring of the Advancing Yokeda (Berserking Warrior)","Ring of the Advancing Yokeda (Berserking Warrior)","Dagger of the Advancing Yokeda (Berserking Warrior)","Dagger of the Advancing Yokeda (Berserking Warrior)","The Maelstrom's Perfected Greatsword (Perfected Merciless Charge)"," ()","Quick Cloak","Killer's Blade","Relentless Focus","Escalating Runeblades","Tentacular Dread","Soul Harvest","Inspired Scholarship","Venomous Claw","Molten Whip","Flames of Oblivion","Stampede","Standard of Might"
"Sanctum Ophidia","The Serpent","https://www.esologs.com/reports/ALZWBfrXGy3bRVYp#fight=14&type=summary&source=16","@Ak'Abe","Kith Ak'abe","ardent-ass-herald-berserking-warrior-perfected-slivers-of-the-null-arca","dps","Ardent","Ass","Herald","Perfected Slivers of the Null Arca","Berserking Warrior","74004.2","7179.6","73.9","74004.2 DPS",""," (Huntsman's Warmask)","Perfected Null Arca Jack (Perfected Slivers of the Null Arca)","Zaan Arm Cops (Zaan)","Perfected Null Arca Bracers (Perfected Slivers of the Null Arca)","","Perfected Null Arca Guards (Perfected Slivers of the Null Arca)","Perfected Null Arca Boots (Perfected Slivers of the Null Arca)","","Ring of the Advancing Yokeda (Berserking Warrior)","Ring of the Advancing Yokeda (Berserking Warrior)","Dagger of the Advancing Yokeda (Berserking Warrior)","Dagger of the Advancing Yokeda (Berserking Warrior)","The Maelstrom's Perfected Greatsword (Perfected Merciless Charge)"," ()","Merciless Resolve","Tentacular Dread","Writhing Runeblades","Killer's Blade","Barbed Trap","Incapacitating Strike","Stampede","Flames of Oblivion","Venomous Claw","Inspired Scholarship","Molten Whip","Standard of Might"
"Sanctum Ophidia","The Serpent","https://www.esologs.com/reports/kgADztH1TmcXqMRV#fight=29&type=summary&source=49","@ImNotBrick","Rotisseriee Chicken","ardent-ass-herald-aegis-caller-perfected-slivers-of-the-null-arca","dps","Ardent","Ass","Herald","Perfected Slivers of the Null Arca","Aegis Caller","115495.1","13417.0","80.1","115495.1 DPS","The Thief","Slimecraw Mask (Slimecraw)","Perfected Null Arca Jack (Perfected Slivers of the Null Arca)","Aegis Caller's Arm Cops (Aegis Caller)","Perfected Null Arca Bracers (Perfected Slivers of the Null Arca)","","Perfected Null Arca Guards (Perfected Slivers of the Null Arca)","Perfected Null Arca Boots (Perfected Slivers of the Null Arca)","","Aegis Caller's Ring (Aegis Caller)","Aegis Caller's Ring (Aegis Caller)","Aegis Caller's Dagger (Aegis Caller)","Aegis Caller's Dagger (Aegis Caller)","The Maelstrom's Perfected Greatsword (Perfected Merciless Charge)"," ()","Tentacular Dread","Relentless Focus","Escalating Runeblades","Camouflaged Hunter","Killer's Blade","Soul Harvest","Stampede","Flames of Oblivion","Inspired Scholarship","Molten Whip","Venomous Claw","Standard of Might"
"Sanctum Ophidia","The Serpent","https://www.esologs.com/reports/kgADztH1TmcXqMRV#fight=29&type=summary&source=7","@TheFaytFoundation","Fayt Light Leingod","ardent-ass-herald-aegis-caller-perfected-slivers-of-the-null-arca","dps","Ardent","Ass","Herald","Perfected Slivers of the Null Arca","Aegis Caller","109528.9","10392.2","77.6","109528.9 DPS",""," (Huntsman's Warmask)","Perfected Null Arca Jack (Perfected Slivers of the Null Arca)","Slimecraw Arm Cops (Slimecraw)","Aegis Caller's Bracers (Aegis Caller)","","Perfected Null Arca Guards (Perfected Slivers of the Null Arca)","Perfected Null Arca Boots (Perfected Slivers of the Null Arca)","","Perfected Null Arca Ring (Perfected Slivers of the Null Arca)","Perfected Null Arca Ring (Perfected Slivers of the Null Arca)","Aegis Caller's Dagger (Aegis Caller)","Aegis Caller's Dagger (Aegis Caller)","The Maelstrom's Perfected Greatsword (Perfected Merciless Charge)"," ()","Tentacular Dread","Killer's Blade","Escalating Runeblades","Ulfsild's Contingency","Relentless Focus","Incapacitating Strike","Molten Whip","Stampede","Flames of Oblivion","Inspired Scholarship","Venomous Claw","Standard of Might"
"Sanctum Ophidia","The Serpent","https://www.esologs.com/reports/kgADztH1TmcXqMRV#fight=29&type=summary&source=11","@ImNotBrick","Rotisseriee Chicken","ardent-ass-herald-aegis-caller-perfected-slivers-of-the-null-arca","dps","Ardent","Ass","Herald","Perfected Slivers of the Null Arca","Aegis Caller","99534.2","8923.6","81.0","99534.2 DPS","","Slimecraw Mask (Slimecraw)","Perfected Null Arca Jack (Perfected Slivers of the Null Arca)","Aegis Caller's Arm Cops (Aegis Caller)","Perfected Null Arca Bracers (Perfected Slivers of the Null Arca)","","Perfected Null Arca Guards (Perfected Slivers of the Null Arca)","Perfected Null Arca Boots (Perfected Slivers of the Null Arca)","","Aegis Caller's Ring (Aegis Caller)","Aegis Caller's Ring (Aegis Caller)","Aegis Caller's Dagger (Aegis Caller)","Aegis Caller's Dagger (Aegis Caller)","The Maelstrom's Perfected Greatsword (Perfected Merciless Charge)"," ()","Tentacular Dread","Relentless Focus","Escalating Runeblades","Camouflaged Hunter","Killer's Blade","Incapacitating Strike","Stampede","Flames of Oblivion","Inspired Scholarship","Molten Whip","Venomous Claw","Standard of Might"
"Sanctum Ophidia","The Serpent","https://www.esologs.com/reports/kgADztH1TmcXqMRV#fight=29&type=summary&source=4","@Croa","Croa","ardent-ass-herald-aegis-caller-perfected-slivers-of-the-null-arca","dps","Ardent","Ass","Herald","Perfected Slivers of the Null Arca","Aegis Caller","61014.6","8861.0","53.3","61014.6 DPS","","Iceheart Guise (Iceheart)","Perfected Null Arca Jack (Perfected Slivers of the Null Arca)","Perfected Null Arca Arm Cops (Perfected Slivers of the Null Arca)","Aegis Caller's Bracers (Aegis Caller)","","Perfected Null Arca Guards (Perfected Slivers of the Null Arca)","Perfected Null Arca Boots (Perfected Slivers of the Null Arca)","","Aegis Caller's Ring (Aegis Caller)","Aegis Caller's Ring (Aegis Caller)","Aegis Caller's Dagger (Aegis Caller)","Aegis Caller's Dagger (Aegis Caller)","The Maelstrom's Perfected Greatsword (Perfected Merciless Charge)"," ()","Escalating Runeblades","Relentless Focus","Tentacular Dread","Barbed Trap","Killer's Blade","Soul Harvest","Stampede","Flames of Oblivion","Venomous Claw","Inspired Scholarship","Molten Whip","Standard of Might"
"Sanctum Ophidia","The Serpent","https://www.esologs.com/reports/kgADztH1TmcXqMRV#fight=29&type=summary&source=5","@Reveri'e","Elidrel Verelnim","ardent-ass-herald-aegis-caller-perfected-slivers-of-the-null-arca","dps","Ardent","Ass","Herald","Aegis Caller","Perfected Slivers of the Null Arca","66380.5","11163.0","62.5","66380.5 DPS","","Aegis Caller's Helmet (Aegis Caller)","Aegis Caller's Jack (Aegis Caller)","Slimecraw Epaulets (Slimecraw)","Perfected Null Arca Bracers (Perfected Slivers of the Null Arca)","","Perfected Null Arca Guards (Perfected Slivers of the Null Arca)","Aegis Caller's Boots (Aegis Caller)","","Perfected Null Arca Ring (Perfected Slivers of the Null Arca)","Perfected Null Arca Ring (Perfected Slivers of the Null Arca)","Aegis Caller's Dagger (Aegis Caller)","Aegis Caller's Dagger (Aegis Caller)","The Maelstrom's Perfected Greatsword (Perfected Merciless Charge)"," ()","Quick Cloak","Escalating Runeblades","Tentacular Dread","Relentless Focus","Killer's Blade","Incapacitating Strike","Stampede","Venomous Claw","Inspired Scholarship","Flames of Oblivion","Fulminating Rune","Standard of Might"
"Sanctum Ophidia","The Serpent","https://www.esologs.com/reports/pzAjZDbBFMvwgTdN#fight=14&type=summary&source=9","@Koneion","Box-of-tricks","green-resto-siphon-perfected-pillagers-profit-spell-power-cure","healer","Siphon","Resto","Green","Spell Power Cure","Perfected Pillager's Profit","11246.3","68822.6","35.1","68822.6 HPS","The Ritual","Ozezan the Inferno's Mask (Ozezan the Inferno)","Spell Power Cure Robe (Spell Power Cure)","Ozezan the Inferno's Pauldron (Ozezan the Inferno)","Spell Power Cure Gloves (Spell Power Cure)","","Spell Power Cure Breeches (Spell Power Cure)","Spell Power Cure Shoes (Spell Power Cure)","","Perfected Pillager's Band (Perfected Pillager's Profit)","Perfected Pillager's Band (Perfected Pillager's Profit)","The Master's Perfected Restoration Staff (Perfected Grand Rejuvenation)"," ()","Perfected Pillager's Lightning Staff (Perfected Pillager's Profit)"," ()","Combat Prayer","Budding Seeds","Illustrious Healing","Extended Ritual","Radiating Regeneration","Soul Siphon","Siege Shield","Energy Orb","Echoing Vigor","Radiant Aura","Siphoning Attacks","Reviving Barrier"
"Sanctum Ophidia","The Serpent","https://www.esologs.com/reports/pzAjZDbBFMvwgTdN#fight=14&type=summary&source=9","@SirWumpyFlump","Sir Wumpy Flump","green-resto-siphon-perfected-pillagers-profit-spell-power-cure","healer","Siphon","Resto","Green","Spell Power Cure","Perfected Pillager's Profit","4815.7","121293.1","45.5","121293.1 HPS","","Symphony of Blades Guise (Symphony of Blades)","Spell Power Cure Robe (Spell Power Cure)","Symphony of Blades Epaulets (Symphony of Blades)","Spell Power Cure Gloves (Spell Power Cure)","","Spell Power Cure Breeches (Spell Power Cure)","Spell Power Cure Shoes (Spell Power Cure)","","Perfected Pillager's Band (Perfected Pillager's Profit)","Perfected Pillager's Band (Perfected Pillager's Profit)","The Master's Perfected Restoration Staff (Perfected Grand Rejuvenation)"," ()","Perfected Pillager's Lightning Staff (Perfected Pillager's Profit)"," ()","Budding Seeds","Combat Prayer","Inner Light","Healing Springs","Siphoning Attacks","Soul Siphon","Energy Orb","Elemental Blockade","Overflowing Altar","Echoing Vigor","Extended Ritual","Reviving Barrier"
"Sanctum Ophidia","The Serpent","https://www.esologs.com/reports/pzAjZDbBFMvwgTdN#fight=14&type=summary&source=10","@Omnision","Omnision","green-resto-siphon-perfected-pillagers-profit-spell-power-cure","healer","Siphon","Resto","Green","Perfected Pillager's Profit","Spell Power Cure","2373.6","93007.5","38.2","93007.5 HPS","","Ozezan the Inferno's Guise (Ozezan the Inferno)","Pillager's Robe (Pillager's Profit)","Ozezan the Inferno's Epaulets (Ozezan the Inferno)","Spell Power Cure Gloves (Spell Power Cure)","","Breeches of the Trainee (Armor of the Trainee)","Spell Power Cure Shoes (Spell Power Cure)","","Perfected Pillager's Band (Perfected Pillager's Profit)","Perfected Pillager's Band (Perfected Pillager's Profit)","Spell Power Cure Restoration Staff (Spell Power Cure)"," ()","Pillager's Lightning Staff (Pillager's Profit)"," ()","Combat Prayer","Energy Orb","Echoing Vigor","Radiating Regeneration","Illustrious Healing","Soul Siphon","Elemental Blockade","Budding Seeds","Extended Ritual","Overflowing Altar","Radiant Aura","Aggressive Horn"
"Sanctum Ophidia","The Serpent","https://www.esologs.com/reports/ALZWBfrXGy3bRVYp#fight=14&type=summary&source=10","@dewk","My Horn","earthen-soldier-winter-perfected-lucent-echoes-perfected-pearlescent-ward","tank","Earthen","Winter","Soldier","Perfected Lucent Echoes","Perfected Pearlescent Ward","3934.3","12263.8","52.9","52.9 CPM","The Atronach","Nazaray Mask (Nazaray)","Perfected Pearlescent Cuirass (Perfected Pearlescent Ward)","Nazaray Epaulets (Nazaray)","Perfected Pearlescent Gauntlets (Perfected Pearlescent Ward)","","Perfected Pearlescent Greaves (Perfected Pearlescent Ward)","Perfected Pearlescent Sabatons (Perfected Pearlescent Ward)","","Lucent Echoes Perfected Ring (Perfected Lucent Echoes)","Lucent Echoes Perfected Ring (Perfected Lucent Echoes)","Lucent Echoes Perfected Ice Staff (Perfected Lucent Echoes)"," ()","Lucent Echoes Perfected Ice Staff (Perfected Lucent Echoes)"," ()","Runic Sunder","Race Against Time","Igneous Shield","Polar Wind","Leashing Soul","Reviving Barrier","Elemental Susceptibility","Expansive Frost Cloak","Igneous Weapons","Elemental Blockade","Resolving Vigor","Aggressive Horn"
"Sanctum Ophidia","The Serpent","https://www.esologs.com/reports/ALZWBfrXGy3bRVYp#fight=14&type=summary&source=23","@Dyphate","Dyphate-learns-to-tank","earthen-soldier-winter-perfected-lucent-echoes-perfected-pearlescent-ward","tank","Earthen","Winter","Soldier","Perfected Pearlescent Ward","Perfected Lucent Echoes","3242.4","9576.4","28.6","28.6 CPM","","Nazaray Guise (Nazaray)","Lucent Echoes Perfected Cuirass (Perfected Lucent Echoes)","Nazaray Pauldron (Nazaray)","Lucent Echoes Perfected Gauntlets (Perfected Lucent Echoes)","","Lucent Echoes Perfected Greaves (Perfected Lucent Echoes)","Lucent Echoes Perfected Sabatons (Perfected Lucent Echoes)","","Perfected Pearlescent Ring (Perfected Pearlescent Ward)","Perfected Pearlescent Ring (Perfected Pearlescent Ward)","Perfected Pearlescent Ice Staff (Perfected Pearlescent Ward)"," ()","Perfected Pearlescent Ice Staff (Perfected Pearlescent Ward)"," ()","Runeguard of Still Waters","Runic Sunder","Ulfsild's Contingency","Polar Wind","Stone Giant","Reviving Barrier","Elemental Blockade","Leashing Soul","Elemental Susceptibility","Expansive Frost Cloak","Resolving Vigor","Aggressive Horn"
"Sanctum Ophidia","The Serpent","https://www.esologs.com/reports/pzAjZDbBFMvwgTdN#fight=14&type=summary&source=4","@ysolanna","Milenne Vanwald","green-resto-x-jorvulds-guidance-perfected-roaring-opportunist","healer","Resto","Green","x","Perfected Roaring Opportunist","Jorvuld's Guidance","3953.3","75396.3","54.7","75396.3 HPS","","Magma Incarnate Guise (Magma Incarnate)","Jorvuld's Guidance Jerkin (Jorvuld's Guidance)","Spaulder of Ruin (Spaulder of Ruin)","Jorvuld's Guidance Gloves (Jorvuld's Guidance)","","Jorvuld's Guidance Breeches (Jorvuld's Guidance)","Jorvuld's Guidance Shoes (Jorvuld's Guidance)","","Roaring Opportunist's Perfected Ring (Perfected Roaring Opportunist)","Roaring Opportunist's Perfected Ring (Perfected Roaring Opportunist)","Roaring Opportunist's Perfected Restoration Staff (Perfected Roaring Opportunist)"," ()","Roaring Opportunist's Perfected Lightning Staff (Perfected Roaring Opportunist)"," ()","Radiating Regeneration","Combat Prayer","Illustrious Healing","Budding Seeds","Healthy Offering","Reviving Barrier","Elemental Blockade","Energy Orb","Overflowing Altar","Efficient Purge","Radiant Aura","Aggressive Horn"
"Sanctum Ophidia","The Serpent","https://www.esologs.com/reports/pzAjZDbBFMvwgTdN#fight=14&type=summary&source=9","@Katrina_Linden","Matumaerea","green-resto-x-jorvulds-guidance-perfected-roaring-opportunist","healer","Resto","Green","x","Jorvuld's Guidance","Perfected Roaring Opportunist","4525.7","85791.2","44.8","85791.2 HPS","The Ritual","Ozezan the Inferno's Guise (Ozezan the Inferno)","Jorvuld's Guidance Robe (Jorvuld's Guidance)","Ozezan the Inferno's Epaulets (Ozezan the Inferno)","Jorvuld's Guidance Gloves (Jorvuld's Guidance)","","Jorvuld's Guidance Breeches (Jorvuld's Guidance)","Jorvuld's Guidance Shoes (Jorvuld's Guidance)","","Roaring Opportunist's Perfected Ring (Perfected Roaring Opportunist)","Roaring Opportunist's Perfected Ring (Perfected Roaring Opportunist)","Roaring Opportunist's Perfected Ice Staff (Perfected Roaring Opportunist)"," ()","The Master's Perfected Restoration Staff (Perfected Grand Rejuvenation)"," ()","Energy Orb","Echoing Vigor","Elemental Blockade","Extended Ritual","Radiant Aura","Aggressive Horn","Combat Prayer","Radiating Regeneration","Illustrious Healing","Budding Seeds","Overflowing Altar","Reviving Barrier"
"Sanctum Ophidia","Trash Builds","https://www.esologs.com/reports/Z938ANYqCh1jvVDy#fight=7&type=summary&source=4","@Croa","Croa","ardent-ass-herald-aegis-caller-perfected-slivers-of-the-null-arca","dps","Ardent","Ass","Herald","Perfected Slivers of the Null Arca","Aegis Caller","65267.2","3914.3","32.0","65267.2 DPS","","Iceheart Guise (Iceheart)","Perfected Null Arca Jack (Perfected Slivers of the Null Arca)","Perfected Null Arca Arm Cops (Perfected Slivers of the Null Arca)","Aegis Caller's Bracers (Aegis Caller)","","Perfected Null Arca Guards (Perfected Slivers of the Null Arca)","Perfected Null Arca Boots (Perfected Slivers of the Null Arca)","","Aegis Caller's Ring (Aegis Caller)","Aegis Caller's Ring (Aegis Caller)","Aegis Caller's Dagger (Aegis Caller)","Aegis Caller's Dagger (Aegis Caller)","The Maelstrom's Perfected Greatsword (Perfected Merciless Charge)"," ()","Escalating Runeblades","Relentless Focus","Tentacular Dread","Barbed Trap","Killer's Blade","Soul Harvest","Stampede","Flames of Oblivion","Venomous Claw","Inspired Scholarship","Molten Whip","Standard of Might"
"Sanctum Ophidia","Trash Builds","https://www.esologs.com/reports/Z938ANYqCh1jvVDy#fight=7&type=summary&source=4","@Croa","Croa","ardent-ass-herald-aegis-caller-perfected-slivers-of-the-null-arca","dps","Ardent","Ass","Herald","Perfected Slivers of the Null Arca","Aegis Caller","67557.0","3485.0","31.4","67557.0 DPS","The Thief","Iceheart Guise (Iceheart)","Perfected Null Arca Jack (Perfected Slivers of the Null Arca)","Perfected Null Arca Arm Cops (Perfected Slivers of the Null Arca)","Aegis Caller's Bracers (Aegis Caller)","","Perfected Null Arca Guards (Perfected Slivers of the Null Arca)","Perfected Null Arca Boots (Perfected Slivers of the Null Arca)","","Aegis Caller's Ring (Aegis Caller)","Aegis Caller's Ring (Aegis Caller)","Aegis Caller's Dagger (Aegis Caller)","Aegis Caller's Dagger (Aegis Caller)","The Maelstrom's Perfected Greatsword (Perfected Merciless Charge)"," ()","Escalating Runeblades","Relentless Focus","Tentacular Dread","Barbed Trap","Killer's Blade","Soul Harvest","Stampede","Flames of Oblivion","Venomous Claw","Inspired Scholarship","Molten Whip","Standard of Might"
"Sanctum Ophidia","Trash Builds","https://www.esologs.com/reports/Z938ANYqCh1jvVDy#fight=7&type=summary&source=9","@Plusscher","Rhonwen Lechmere","ass-dawn-grave-perfected-slivers-of-the-null-arca-tzogvins-warband","dps","Ass","Dawn","Grave","Perfected Slivers of the Null Arca","Tzogvin's Warband","47247.1","3022.7","18.9","47247.1 DPS","The Thief","Slimecraw Mask (Slimecraw)","Perfected Null Arca Jack (Perfected Slivers of the Null Arca)","Perfected Null Arca Arm Cops (Perfected Slivers of the Null Arca)","Perfected Null Arca Bracers (Perfected Slivers of the Null Arca)","","Perfected Null Arca Guards (Perfected Slivers of the Null Arca)","Perfected Null Arca Boots (Perfected Slivers of the Null Arca)","","Tzogvin's Ring (Tzogvin's Warband)","Tzogvin's Ring (Tzogvin's Warband)","Tzogvin's Dagger (Tzogvin's Warband)","Tzogvin's Dagger (Tzogvin's Warband)","The Maelstrom's Perfected Greatsword (Perfected Merciless Charge)"," ()","Blighted Blastbones","Surprise Attack","Merciless Resolve","Radiant Oppression","Detonating Siphon","Soul Harvest","Power of the Light","Stampede","Skeletal Archer","Barbed Trap","Solar Barrage","Glacial Colossus"
"Sanctum Ophidia","Trash Builds","https://www.esologs.com/reports/Z938ANYqCh1jvVDy#fight=7&type=summary&source=9","@Plusscher","Rhonwen Lechmere","ass-dawn-grave-perfected-slivers-of-the-null-arca-tzogvins-warband","dps","Ass","Dawn","Grave","Perfected Slivers of the Null Arca","Tzogvin's Warband","38475.9","7059.3","13.0","38475.9 DPS","","Slimecraw Mask (Slimecraw)","Perfected Null Arca Jack (Perfected Slivers of the Null Arca)","Perfected Null Arca Arm Cops (Perfected Slivers of the Null Arca)","Perfected Null Arca Bracers (Perfected Slivers of the Null Arca)","","Perfected Null Arca Guards (Perfected Slivers of the Null Arca)","Perfected Null Arca Boots (Perfected Slivers of the Null Arca)","","Tzogvin's Ring (Tzogvin's Warband)","Tzogvin's Ring (Tzogvin's Warband)","Tzogvin's Dagger (Tzogvin's Warband)","Tzogvin's Dagger (Tzogvin's Warband)","The Maelstrom's Perfected Greatsword (Perfected Merciless Charge)"," ()","Blighted Blastbones","Surprise Attack","Merciless Resolve","Radiant Oppression","Detonating Siphon","Soul Harvest","Power of the Light","Stampede","Skeletal Archer","Barbed Trap","Solar Barrage","Glacial Colossus"
"Sanctum Ophidia","Trash Builds","https://www.esologs.com/reports/Z938ANYqCh1jvVDy#fight=7&type=summary&source=2","@Amenokai","Anode Cathode","ardent-herald-spear-deadly-strike-perfected-slivers-of-the-null-arca","dps","Ardent","Spear","Herald","Deadly Strike","Perfected Slivers of the Null Arca","94535.7","6358.5","17.2","94535.7 DPS","","Deadly Helmet (Deadly Strike)","Perfected Null Arca Jack (Perfected Slivers of the Null Arca)","Slimecraw Epaulets (Slimecraw)","Perfected Null Arca Bracers (Perfected Slivers of the Null Arca)","","Perfected Null Arca Guards (Perfected Slivers of the Null Arca)","Perfected Null Arca Boots (Perfected Slivers of the Null Arca)","","Deadly Ring (Deadly Strike)","Deadly Ring (Deadly Strike)","Deadly Dagger (Deadly Strike)","Deadly Dagger (Deadly Strike)","The Maelstrom's Perfected Greatsword (Perfected Merciless Charge)"," ()","Cephaliarch's Flail","Quick Cloak","Blazing Spear","Camouflaged Hunter","Pragmatic Fatecarver","Flawless Dawnbreaker","Stampede","Venomous Claw","Flames of Oblivion","Molten Whip","Inspired Scholarship","Standard of Might"
"Sanctum Ophidia","Trash Builds","https://www.esologs.com/reports/Z938ANYqCh1jvVDy#fight=7&type=summary&source=2","@Amenokai","Anode Cathode","ardent-herald-spear-deadly-strike-perfected-slivers-of-the-null-arca","dps","Ardent","Spear","Herald","Deadly Strike","Perfected Slivers of the Null Arca","103041.7","8640.8","26.4","103041.7 DPS","The Thief","Deadly Helmet (Deadly Strike)","Perfected Null Arca Jack (Perfected Slivers of the Null Arca)","Slimecraw Epaulets (Slimecraw)","Perfected Null Arca Bracers (Perfected Slivers of the Null Arca)","","Perfected Null Arca Guards (Perfected Slivers of the Null Arca)","Perfected Null Arca Boots (Perfected Slivers of the Null Arca)","","Deadly Ring (Deadly Strike)","Deadly Ring (Deadly Strike)","Deadly Dagger (Deadly Strike)","Deadly Dagger (Deadly Strike)","The Maelstrom's Perfected Greatsword (Perfected Merciless Charge)"," ()","Cephaliarch's Flail","Quick Cloak","Blazing Spear","Camouflaged Hunter","Pragmatic Fatecarver","Flawless Dawnbreaker","Stampede","Venomous Claw","Flames of Oblivion","Molten Whip","Inspired Scholarship","Standard of Might"
"Sanctum Ophidia","Trash Builds","https://www.esologs.com/reports/Z938ANYqCh1jvVDy#fight=7&type=summary&source=6","@YrdatYkshy","Ma'puzhik","ardent-ass-herald-slivers-of-the-null-arca-tide-born-wildstalker","dps","Ardent","Ass","Herald","Tide-Born Wildstalker","Slivers of the Null Arca","55629.7","4125.6","23.0","55629.7 DPS","","Tide-Born Hat (Tide-Born Wildstalker)","Null Arca Jack (Slivers of the Null Arca)","Slimecraw Arm Cops (Slimecraw)","Null Arca Bracers (Slivers of the Null Arca)","","Null Arca Guards (Slivers of the Null Arca)","Null Arca Boots (Slivers of the Null Arca)","","Tide-Born Ring (Tide-Born Wildstalker)","Tide-Born Ring (Tide-Born Wildstalker)","Tide-Born Dagger (Tide-Born Wildstalker)","Tide-Born Dagger (Tide-Born Wildstalker)","The Maelstrom's Perfected Greatsword (Perfected Merciless Charge)"," ()","Cephaliarch's Flail","Pragmatic Fatecarver","Quick Cloak","Killer's Blade","Camouflaged Hunter","Incapacitating Strike","Inspired Scholarship","Venomous Claw","Flames of Oblivion","Stampede","Molten Whip","Standard of Might"
"Sanctum Ophidia","Trash Builds","https://www.esologs.com/reports/Z938ANYqCh1jvVDy#fight=7&type=summary&source=6","@YrdatYkshy","Ma'puzhik","ardent-ass-herald-slivers-of-the-null-arca-tide-born-wildstalker","dps","Ardent","Ass","Herald","Tide-Born Wildstalker","Slivers of the Null Arca","62013.7","4674.4","17.5","62013.7 DPS","The Thief","Tide-Born Hat (Tide-Born Wildstalker)","Null Arca Jack (Slivers of the Null Arca)","Slimecraw Arm Cops (Slimecraw)","Null Arca Bracers (Slivers of the Null Arca)","","Null Arca Guards (Slivers of the Null Arca)","Null Arca Boots (Slivers of the Null Arca)","","Tide-Born Ring (Tide-Born Wildstalker)","Tide-Born Ring (Tide-Born Wildstalker)","Tide-Born Dagger (Tide-Born Wildstalker)","Tide-Born Dagger (Tide-Born Wildstalker)","The Maelstrom's Perfected Greatsword (Perfected Merciless Charge)"," ()","Cephaliarch's Flail","Pragmatic Fatecarver","Quick Cloak","Killer's Blade","Camouflaged Hunter","Incapacitating Strike","Inspired Scholarship","Venomous Claw","Flames of Oblivion","Stampede","Molten Whip","Standard of Might"
"Sanctum Ophidia","Trash Builds","https://www.esologs.com/reports/Z938ANYqCh1jvVDy#fight=7&type=summary&source=12","@IamKippy","Z'enpai","ardent-ass-herald-berserking-warrior-perfected-slivers-of-the-null-arca","dps","Ardent","Ass","Herald","Perfected Slivers of the Null Arca","Berserking Warrior","52085.2","3138.9","19.7","52085.2 DPS","","Slimecraw Mask (Slimecraw)","Perfected Null Arca Jack (Perfected Slivers of the Null Arca)","Pauldron of the Advancing Yokeda (Berserking Warrior)","Perfected Null Arca Bracers (Perfected Slivers of the Null Arca)","","Perfected Null Arca Guards (Perfected Slivers of the Null Arca)","Perfected Null Arca Boots (Perfected Slivers of the Null Arca)","","Ring of the Advancing Yokeda (Berserking Warrior)","Ring of the Advancing Yokeda (Berserking Warrior)","Dagger of the Advancing Yokeda (Berserking Warrior)","Dagger of the Advancing Yokeda (Berserking Warrior)","The Maelstrom's Perfected Greatsword (Perfected Merciless Charge)"," ()","Cephaliarch's Flail","Exhausting Fatecarver","Venomous Claw","Killer's Blade","Fulminating Rune","Incapacitating Strike","Stampede","Flames of Oblivion","Inspired Scholarship","Molten Whip","Resolving Vigor","Standard of Might"
"Sanctum Ophidia","Trash Builds","https://www.esologs.com/reports/Z938ANYqCh1jvVDy#fight=7&type=summary&source=12","@IamKippy","Z'enpai","ardent-ass-herald-berserking-warrior-perfected-slivers-of-the-null-arca","dps","Ardent","Ass","Herald","Perfected Slivers of the Null Arca","Berserking Warrior","74105.6","2276.4","27.3","74105.6 DPS","The Thief","Slimecraw Mask (Slimecraw)","Perfected Null Arca Jack (Perfected Slivers of the Null Arca)","Pauldron of the Advancing Yokeda (Berserking Warrior)","Perfected Null Arca Bracers (Perfected Slivers of the Null Arca)","","Perfected Null Arca Guards (Perfected Slivers of the Null Arca)","Perfected Null Arca Boots (Perfected Slivers of the Null Arca)","","Ring of the Advancing Yokeda (Berserking Warrior)","Ring of the Advancing Yokeda (Berserking Warrior)","Dagger of the Advancing Yokeda (Berserking Warrior)","Dagger of the Advancing Yokeda (Berserking Warrior)","The Maelstrom's Perfected Greatsword (Perfected Merciless Charge)"," ()","Cephaliarch's Flail","Exhausting Fatecarver","Venomous Claw","Killer's Blade","Fulminating Rune","Incapacitating Strike","Stampede","Flames of Oblivion","Inspired Scholarship","Molten Whip","Resolving Vigor","Standard of Might"
"Sanctum Ophidia","Trash Builds","https://www.esologs.com/reports/Z938ANYqCh1jvVDy#fight=7&type=summary&source=3","@Axphykz","Ax The Terrible","ardent-ass-herald-sul-xans-torment-tide-born-wildstalker","dps","Ardent","Ass","Herald","Tide-Born Wildstalker","Sul-Xan's Torment","69449.0","4730.8","30.4","69449.0 DPS","","Nerien'eth Guise (Nerien'eth)","Tide-Born Jack (Tide-Born Wildstalker)","Arm Cops of Sul-Xan's Torment (Sul-Xan's Torment)","Tide-Born Bracers (Tide-Born Wildstalker)","","Tide-Born Guards (Tide-Born Wildstalker)","Tide-Born Boots (Tide-Born Wildstalker)","","Ring of Sul-Xan's Torment (Sul-Xan's Torment)","Ring of Sul-Xan's Torment (Sul-Xan's Torment)","Dagger of Sul-Xan's Torment (Sul-Xan's Torment)","Dagger of Sul-Xan's Torment (Sul-Xan's Torment)","The Maelstrom's Perfected Inferno Staff (Perfected Crushing Wall)"," ()","Merciless Resolve","Escalating Runeblades","Exhausting Fatecarver","Whirling Blades","Mark Target","Incapacitating Strike","Flames of Oblivion","Unstable Wall of Elements","Inspired Scholarship","Proximity Detonation","Anti-Cavalry Caltrops","The Languid Eye"
"Sanctum Ophidia","Trash Builds","https://www.esologs.com/reports/Z938ANYqCh1jvVDy#fight=7&type=summary&source=3","@Axphykz","Ax The Terrible","ardent-ass-herald-sul-xans-torment-tide-born-wildstalker","dps","Ardent","Ass","Herald","Tide-Born Wildstalker","Sul-Xan's Torment","77036.0","5038.9","36.5","77036.0 DPS","The Thief","Nerien'eth Guise (Nerien'eth)","Tide-Born Jack (Tide-Born Wildstalker)","Arm Cops of Sul-Xan's Torment (Sul-Xan's Torment)","Tide-Born Bracers (Tide-Born Wildstalker)","","Tide-Born Guards (Tide-Born Wildstalker)","Tide-Born Boots (Tide-Born Wildstalker)","","Ring of Sul-Xan's Torment (Sul-Xan's Torment)","Ring of Sul-Xan's Torment (Sul-Xan's Torment)","Dagger of Sul-Xan's Torment (Sul-Xan's Torment)","Dagger of Sul-Xan's Torment (Sul-Xan's Torment)","The Maelstrom's Perfected Inferno Staff (Perfected Crushing Wall)"," ()","Merciless Resolve","Escalating Runeblades","Exhausting Fatecarver","Whirling Blades","Mark Target","Incapacitating Strike","Flames of Oblivion","Unstable Wall of Elements","Inspired Scholarship","Proximity Detonation","Anti-Cavalry Caltrops","The Languid Eye"
"Sanctum Ophidia","Trash Builds","https://www.esologs.com/reports/Z938ANYqCh1jvVDy#fight=7&type=summary&source=11","@MPL33","Voralyth","ardent-ass-herald-ansuuls-torment-deadly-strike","dps","Ardent","Ass","Herald","Ansuul's Torment","Deadly Strike","58593.7","3434.6","14.0","58593.7 DPS","The Thief","Slimecraw Guise (Slimecraw)","Ansuul's Jack (Ansuul's Torment)","Deadly Arm Cops (Deadly Strike)","Ansuul's Bracers (Ansuul's Torment)","","Ansuul's Guards (Ansuul's Torment)","Ansuul's Boots (Ansuul's Torment)","","Deadly Ring (Deadly Strike)","Deadly Ring (Deadly Strike)","Deadly Dagger (Deadly Strike)","Deadly Dagger (Deadly Strike)","The Maelstrom's Inferno Staff (Crushing Wall)"," ()","Cephaliarch's Flail","Pragmatic Fatecarver","Fiery Breath","Camouflaged Hunter","Quick Cloak","Soul Harvest","Inspired Scholarship","Elemental Blockade","Flames of Oblivion","Rune of Displacement","Molten Whip","Standard of Might"
"Sanctum Ophidia","Trash Builds","https://www.esologs.com/reports/Z938ANYqCh1jvVDy#fight=7&type=summary&source=11","@MPL33","Voralyth","ardent-ass-herald-ansuuls-torment-deadly-strike","dps","Ardent","Ass","Herald","Ansuul's Torment","Deadly Strike","32323.5","2761.0","21.5","32323.5 DPS","","Slimecraw Guise (Slimecraw)","Ansuul's Jack (Ansuul's Torment)","Deadly Arm Cops (Deadly Strike)","Ansuul's Bracers (Ansuul's Torment)","","Ansuul's Guards (Ansuul's Torment)","Ansuul's Boots (Ansuul's Torment)","","Deadly Ring (Deadly Strike)","Deadly Ring (Deadly Strike)","Deadly Dagger (Deadly Strike)","Deadly Dagger (Deadly Strike)","The Maelstrom's Inferno Staff (Crushing Wall)"," ()","Cephaliarch's Flail","Pragmatic Fatecarver","Fiery Breath","Camouflaged Hunter","Quick Cloak","Soul Harvest","Inspired Scholarship","Elemental Blockade","Flames of Oblivion","Rune of Displacement","Molten Whip","Standard of Might"
