"Trial Name","Boss Name","ESO Logs Player Link","Player Handle","Character Name","Build Slug","Role","Subclass 1","Subclass 2","Subclass 3","Signature Set 1","Signature Set 2","DPS","HPS","CPM","Primary Metric","Mundus Stone","Gear: Head","Gear: Chest","Gear: Shoulders","Gear: Hands","Gear: Waist","Gear: Legs","Gear: Feet","Gear: Necklace","Gear: Ring1","Gear: Ring2","Gear: Main_Hand","Gear: Off_Hand","Gear: Backup_Main_Hand","Gear: Backup_Off_Hand","Bar 1 Ability 1","Bar 1 Ability 2","Bar 1 Ability 3","Bar 1 Ability 4","Bar 1 Ability 5","Bar 1 Ability 6","Bar 2 Ability 1","Bar 2 Ability 2","Bar 2 Ability 3","Bar 2 Ability 4","Bar 2 Ability 5","Bar 2 Ability 6"
"Sanity's Edge","Exarchanic Yaseyla","https://www.esologs.com/reports/8MyXhgd6Tf1kJGV9#fight=30&type=summary&source=13","@tanner.k","Kąrs","ardent-ass-herald-aegis-caller-perfected-slivers-of-the-null-arca","dps","Ardent","Ass","Herald","Aegis Caller","Perfected Slivers of the Null Arca","270430.3","10381.5","99.6","270430.3 DPS","The Thief","Nerien'eth Guise (Nerien'eth)","Perfected Null Arca Jack (Perfected Slivers of the Null Arca)","Nerien'eth Arm Cops (Nerien'eth)","Perfected Null Arca Bracers (Perfected Slivers of the Null Arca)","","Perfected Null Arca Guards (Perfected Slivers of the Null Arca)","Perfected Null Arca Boots (Perfected Slivers of the Null Arca)","","Aegis Caller's Ring (Aegis Caller)","Aegis Caller's Ring (Aegis Caller)","Aegis Caller's Dagger (Aegis Caller)","Aegis Caller's Dagger (Aegis Caller)","The Maelstrom's Perfected Greatsword (Perfected Merciless Charge)"," ()","Tentacular Dread","Escalating Runeblades","Relentless Focus","Quick Cloak","Killer's Blade","Incapacitating Strike","Stampede","Molten Whip","Inspired Scholarship","Flames of Oblivion","Venomous Claw","Standard of Might"
"Sanity's Edge","Exarchanic Yaseyla","https://www.esologs.com/reports/8MyXhgd6Tf1kJGV9#fight=30&type=summary&source=7","@ChanneledDivinity","Sulan Tharys","ardent-ass-herald-aegis-caller-perfected-slivers-of-the-null-arca","dps","Ardent","Ass","Herald","Aegis Caller","Perfected Slivers of the Null Arca","208180.0","6384.0","82.0","208180.0 DPS","","Nerien'eth Guise (Nerien'eth)","Perfected Null Arca Jack (Perfected Slivers of the Null Arca)","Nerien'eth Arm Cops (Nerien'eth)","Perfected Null Arca Bracers (Perfected Slivers of the Null Arca)","","Aegis Caller's Guards (Aegis Caller)","Perfected Null Arca Boots (Perfected Slivers of the Null Arca)","","Aegis Caller's Ring (Aegis Caller)","Aegis Caller's Ring (Aegis Caller)","Aegis Caller's Dagger (Aegis Caller)","Aegis Caller's Dagger (Aegis Caller)","The Maelstrom's Perfected Greatsword (Perfected Merciless Charge)"," ()","Escalating Runeblades","Tentacular Dread","Killer's Blade","Relentless Focus","Shocking Banner (Class Mastery / Courage)","Incapacitating Strike","Stampede","Venomous Claw","Flames of Oblivion","Inspired Scholarship","Shocking Banner (Class Mastery / Courage)","Standard of Might"
"Sanity's Edge","Exarchanic Yaseyla","https://www.esologs.com/reports/8MyXhgd6Tf1kJGV9#fight=30&type=summary&source=6","@SoloCatalyst","Solocatalystt","ardent-ass-herald-aegis-caller-perfected-slivers-of-the-null-arca","dps","Ardent","Ass","Herald","Perfected Slivers of the Null Arca","Aegis Caller","183983.9","3572.0","75.0","183983.9 DPS","","Slimecraw Guise (Slimecraw)","Perfected Null Arca Jack (Perfected Slivers of the Null Arca)","Aegis Caller's Arm Cops (Aegis Caller)","Perfected Null Arca Bracers (Perfected Slivers of the Null Arca)","","Perfected Null Arca Guards (Perfected Slivers of the Null Arca)","Perfected Null Arca Boots (Perfected Slivers of the Null Arca)","","Aegis Caller's Ring (Aegis Caller)","Aegis Caller's Ring (Aegis Caller)","Aegis Caller's Dagger (Aegis Caller)","Aegis Caller's Dagger (Aegis Caller)","The Maelstrom's Perfected Greatsword (Perfected Merciless Charge)"," ()","Killer's Blade","Relentless Focus","Quick Cloak","Tentacular Dread","Escalating Runeblades","Incapacitating Strike","Flames of Oblivion","Venomous Claw","Fulminating Rune","Inspired Scholarship","Stampede","Standard of Might"
"Sanity's Edge","Exarchanic Yaseyla","https://www.esologs.com/reports/8MyXhgd6Tf1kJGV9#fight=30&type=summary&source=9","nil","Offline","ardent-ass-herald-aegis-caller-perfected-slivers-of-the-null-arca","dps","Ardent","Ass","Herald","Aegis Caller","Perfected Slivers of the Null Arca","140810.4","8844.3","80.9","140810.4 DPS","","Valkyn Skoria Guise (Valkyn Skoria)","Aegis Caller's Jack (Aegis Caller)","Perfected Null Arca Arm Cops (Perfected Slivers of the Null Arca)","Aegis Caller's Bracers (Aegis Caller)","","Aegis Caller's Guards (Aegis Caller)","Aegis Caller's Boots (Aegis Caller)","","Perfected Null Arca Ring (Perfected Slivers of the Null Arca)","Perfected Null Arca Ring (Perfected Slivers of the Null Arca)","Perfected Null Arca Dagger (Perfected Slivers of the Null Arca)","Perfected Null Arca Dagger (Perfected Slivers of the Null Arca)","The Maelstrom's Perfected Inferno Staff (Perfected Crushing Wall)"," ()","Killer's Blade","Escalating Runeblades","Tentacular Dread","Relentless Focus","Camouflaged Hunter","Soul Harvest","Molten Whip","Elemental Blockade","Venomous Claw","Inspired Scholarship","Flames of Oblivion","Standard of Might"
"Sanity's Edge","Exarchanic Yaseyla","https://www.esologs.com/reports/8MyXhgd6Tf1kJGV9#fight=30&type=summary&source=147","@rjYassi","teensie arc","ardent-ass-herald-aegis-caller-perfected-slivers-of-the-null-arca","dps","Ardent","Ass","Herald","Perfected Slivers of the Null Arca","Aegis Caller","108228.6","5393.6","67.2","108228.6 DPS","","Slimecraw Guise (Slimecraw)","Perfected Null Arca Jack (Perfected Slivers of the Null Arca)","Aegis Caller's Arm Cops (Aegis Caller)","Perfected Null Arca Bracers (Perfected Slivers of the Null Arca)","","Perfected Null Arca Guards (Perfected Slivers of the Null Arca)","Perfected Null Arca Boots (Perfected Slivers of the Null Arca)","","Aegis Caller's Ring (Aegis Caller)","Aegis Caller's Ring (Aegis Caller)","Aegis Caller's Dagger (Aegis Caller)","Aegis Caller's Dagger (Aegis Caller)","The Maelstrom's Greatsword (Merciless Charge)"," ()","Tentacular Dread","Escalating Runeblades","Banner Bearer","Killer's Blade","Relentless Focus","Incapacitating Strike","Inspired Scholarship","Stampede","Banner Bearer","Fulminating Rune","Flames of Oblivion","Standard of Might"
"Sanity's Edge","Exarchanic Yaseyla","https://www.esologs.com/reports/8MyXhgd6Tf1kJGV9#fight=30&type=summary&source=146","@DJ_M1n3r","Skrting on the Surface","ardent-ass-herald-aegis-caller-perfected-slivers-of-the-null-arca","dps","Ardent","Ass","Herald","Perfected Slivers of the Null Arca","Aegis Caller","125740.2","7395.3","56.3","125740.2 DPS","","Slimecraw Guise (Slimecraw)","Perfected Null Arca Jack (Perfected Slivers of the Null Arca)","Aegis Caller's Arm Cops (Aegis Caller)","Perfected Null Arca Bracers (Perfected Slivers of the Null Arca)","","Perfected Null Arca Guards (Perfected Slivers of the Null Arca)","Perfected Null Arca Boots (Perfected Slivers of the Null Arca)","","Aegis Caller's Ring (Aegis Caller)","Aegis Caller's Ring (Aegis Caller)","Aegis Caller's Dagger (Aegis Caller)","Aegis Caller's Dagger (Aegis Caller)","The Maelstrom's Perfected Greatsword (Perfected Merciless Charge)"," ()","Tentacular Dread","Relentless Focus","Escalating Runeblades","Killer's Blade","Quick Cloak","Incapacitating Strike","Stampede","Venomous Claw","Flames of Oblivion","Inspired Scholarship","Molten Whip","Standard of Might"
"Sanity's Edge","Exarchanic Yaseyla","https://www.esologs.com/reports/8MyXhgd6Tf1kJGV9#fight=30&type=summary&source=4","@ElectroSfere","Fire Breathing Trash Can","ardent-ass-herald-aegis-caller-perfected-slivers-of-the-null-arca","dps","Ardent","Ass","Herald","Perfected Slivers of the Null Arca","Aegis Caller","104106.6","5836.5","46.3","104106.6 DPS","","Slimecraw Mask (Slimecraw)","Perfected Null Arca Jack (Perfected Slivers of the Null Arca)","Perfected Null Arca Arm Cops (Perfected Slivers of the Null Arca)","Perfected Null Arca Bracers (Perfected Slivers of the Null Arca)","","Perfected Null Arca Guards (Perfected Slivers of the Null Arca)","Aegis Caller's Boots (Aegis Caller)","","Aegis Caller's Ring (Aegis Caller)","Aegis Caller's Ring (Aegis Caller)","Aegis Caller's Dagger (Aegis Caller)","Aegis Caller's Dagger (Aegis Caller)","The Maelstrom's Greatsword (Merciless Charge)"," ()","Escalating Runeblades","Tentacular Dread","Relentless Focus","Killer's Blade","Quick Cloak","Incapacitating Strike","Stampede","Venomous Claw","Flames of Oblivion","Fulminating Rune","Inspired Scholarship","Standard of Might"
"Sanity's Edge","Exarchanic Yaseyla","https://www.esologs.com/reports/8MyXhgd6Tf1kJGV9#fight=30&type=summary&source=10","@Rare_Form","Sheburnsall","ardent-ass-herald-aegis-caller-perfected-slivers-of-the-null-arca","dps","Ardent","Ass","Herald","Aegis Caller","Perfected Slivers of the Null Arca","96131.6","4113.4","56.7","96131.6 DPS","","Aegis Caller's Helmet (Aegis Caller)","Perfected Null Arca Jack (Perfected Slivers of the Null Arca)","Slimecraw Epaulets (Slimecraw)","Perfected Null Arca Bracers (Perfected Slivers of the Null Arca)","","Perfected Null Arca Guards (Perfected Slivers of the Null Arca)","Perfected Null Arca Boots (Perfected Slivers of the Null Arca)","","Aegis Caller's Ring (Aegis Caller)","Aegis Caller's Ring (Aegis Caller)","Aegis Caller's Dagger (Aegis Caller)","Aegis Caller's Dagger (Aegis Caller)","The Maelstrom's Perfected Greatsword (Perfected Merciless Charge)"," ()","Escalating Runeblades","Relentless Focus","Quick Cloak","Killer's Blade","Tentacular Dread","Incapacitating Strike","Stampede","Flames of Oblivion","Fulminating Rune","Venomous Claw","Inspired Scholarship","Standard of Might"
"Sanity's Edge","Exarchanic Yaseyla","https://www.esologs.com/reports/8MyXhgd6Tf1kJGV9#fight=30&type=summary&source=16","@Oshin3","Spooky Oshin","ardent-ass-herald-aegis-caller-perfected-slivers-of-the-null-arca","dps","Ardent","Ass","Herald","Aegis Caller","Perfected Slivers of the Null Arca","87554.3","12659.4","45.0","87554.3 DPS","","Nerien'eth Mask (Nerien'eth)","Aegis Caller's Jack (Aegis Caller)","Nerien'eth Arm Cops (Nerien'eth)","Aegis Caller's Bracers (Aegis Caller)","","Aegis Caller's Guards (Aegis Caller)","Aegis Caller's Boots (Aegis Caller)","","Perfected Null Arca Ring (Perfected Slivers of the Null Arca)","Perfected Null Arca Ring (Perfected Slivers of the Null Arca)","Perfected Null Arca Dagger (Perfected Slivers of the Null Arca)","Perfected Null Arca Dagger (Perfected Slivers of the Null Arca)","The Maelstrom's Perfected Greatsword (Perfected Merciless Charge)"," ()","Tentacular Dread","Escalating Runeblades","Killer's Blade","Relentless Focus","Quick Cloak","Incapacitating Strike","Venomous Claw","Stampede","Flames of Oblivion","Inspired Scholarship","Molten Whip","Standard of Might"
"Sanity's Edge","Exarchanic Yaseyla","https://www.esologs.com/reports/8MyXhgd6Tf1kJGV9#fight=30&type=summary&source=12","@GrEI3uI3JI9I","Unilosa","ardent-ass-herald-aegis-caller-perfected-slivers-of-the-null-arca","dps","Ardent","Ass","Herald","Aegis Caller","Perfected Slivers of the Null Arca","108745.9","14425.1","62.8","108745.9 DPS","","Aegis Caller's Helmet (Aegis Caller)","Perfected Null Arca Jack (Perfected Slivers of the Null Arca)","Slimecraw Arm Cops (Slimecraw)","Perfected Null Arca Bracers (Perfected Slivers of the Null Arca)","","Perfected Null Arca Guards (Perfected Slivers of the Null Arca)","Perfected Null Arca Boots (Perfected Slivers of the Null Arca)","","Aegis Caller's Ring (Aegis Caller)","Aegis Caller's Ring (Aegis Caller)","Aegis Caller's Dagger (Aegis Caller)","Aegis Caller's Dagger (Aegis Caller)","The Maelstrom's Perfected Greatsword (Perfected Merciless Charge)"," ()","Tentacular Dread","Escalating Runeblades","Killer's Blade","Relentless Focus","Quick Cloak","Incapacitating Strike","Flames of Oblivion","Stampede","Venomous Claw","Inspired Scholarship","Molten Whip","Standard of Might"
"Sanity's Edge","Exarchanic Yaseyla","https://www.esologs.com/reports/8MyXhgd6Tf1kJGV9#fight=30&type=summary&source=4","@ALMSlVI","Dk Silver","ardent-ass-herald-aegis-caller-perfected-slivers-of-the-null-arca","dps","Ardent","Ass","Herald","Perfected Slivers of the Null Arca","Aegis Caller","100935.7","11536.3","44.4","100935.7 DPS","","Zaan Mask (Zaan)","Perfected Null Arca Jack (Perfected Slivers of the Null Arca)","Aegis Caller's Arm Cops (Aegis Caller)","Perfected Null Arca Bracers (Perfected Slivers of the Null Arca)","","Perfected Null Arca Guards (Perfected Slivers of the Null Arca)","Perfected Null Arca Boots (Perfected Slivers of the Null Arca)","","Aegis Caller's Ring (Aegis Caller)","Aegis Caller's Ring (Aegis Caller)","Aegis Caller's Dagger (Aegis Caller)","Aegis Caller's Dagger (Aegis Caller)","The Maelstrom's Greatsword (Merciless Charge)"," ()","Molten Whip","Relentless Focus","Tentacular Dread","Quick Cloak","Killer's Blade","Incapacitating Strike","Flames of Oblivion","Inspired Scholarship","Stampede","Venomous Claw","Engulfing Flames","Standard of Might"
"Sanity's Edge","Exarchanic Yaseyla","https://www.esologs.com/reports/8MyXhgd6Tf1kJGV9#fight=30&type=summary&source=3","@Foolebuilt","hentcanist","ardent-ass-herald-aegis-caller-perfected-slivers-of-the-null-arca","dps","Ardent","Ass","Herald","Perfected Slivers of the Null Arca","Aegis Caller","101477.7","7410.8","72.2","101477.7 DPS","","Slimecraw Guise (Slimecraw)","Perfected Null Arca Jack (Perfected Slivers of the Null Arca)","Perfected Null Arca Arm Cops (Perfected Slivers of the Null Arca)","Perfected Null Arca Bracers (Perfected Slivers of the Null Arca)","","Perfected Null Arca Guards (Perfected Slivers of the Null Arca)","Aegis Caller's Boots (Aegis Caller)","","Aegis Caller's Ring (Aegis Caller)","Aegis Caller's Ring (Aegis Caller)","Aegis Caller's Dagger (Aegis Caller)","Aegis Caller's Dagger (Aegis Caller)","The Maelstrom's Perfected Greatsword (Perfected Merciless Charge)"," ()","Tentacular Dread","Quick Cloak","Escalating Runeblades","Killer's Blade","Relentless Focus","Incapacitating Strike","Stampede","Venomous Claw","Molten Whip","Inspired Scholarship","Flames of Oblivion","Standard of Might"
"Sanity's Edge","Exarchanic Yaseyla","https://www.esologs.com/reports/8MyXhgd6Tf1kJGV9#fight=30&type=summary&source=95","@jasontanublet","One Beam No Brain","ardent-ass-herald-aegis-caller-perfected-slivers-of-the-null-arca","dps","Ardent","Ass","Herald","Perfected Slivers of the Null Arca","Aegis Caller","106452.0","12583.1","66.0","106452.0 DPS","","Slimecraw Guise (Slimecraw)","Perfected Null Arca Jack (Perfected Slivers of the Null Arca)","Perfected Null Arca Arm Cops (Perfected Slivers of the Null Arca)","Perfected Null Arca Bracers (Perfected Slivers of the Null Arca)","","Aegis Caller's Guards (Aegis Caller)","Perfected Null Arca Boots (Perfected Slivers of the Null Arca)","","Aegis Caller's Ring (Aegis Caller)","Aegis Caller's Ring (Aegis Caller)","Aegis Caller's Dagger (Aegis Caller)","Aegis Caller's Dagger (Aegis Caller)","The Maelstrom's Perfected Greatsword (Perfected Merciless Charge)"," ()","Relentless Focus","Killer's Blade","Escalating Runeblades","Tentacular Dread","Quick Cloak","Incapacitating Strike","Inspired Scholarship","Flames of Oblivion","Venomous Claw","Molten Whip","Stampede","Standard of Might"
"Sanity's Edge","Exarchanic Yaseyla","https://www.esologs.com/reports/8MyXhgd6Tf1kJGV9#fight=30&type=summary&source=6","@aksiy","Iroh The Dragon of West","ardent-ass-herald-aegis-caller-perfected-slivers-of-the-null-arca","dps","Ardent","Ass","Herald","Perfected Slivers of the Null Arca","Aegis Caller","106574.1","14257.9","74.7","106574.1 DPS","","Slimecraw Guise (Slimecraw)","Perfected Null Arca Jack (Perfected Slivers of the Null Arca)","Aegis Caller's Arm Cops (Aegis Caller)","Perfected Null Arca Bracers (Perfected Slivers of the Null Arca)","","Perfected Null Arca Guards (Perfected Slivers of the Null Arca)","Perfected Null Arca Boots (Perfected Slivers of the Null Arca)","","Aegis Caller's Ring (Aegis Caller)","Aegis Caller's Ring (Aegis Caller)","Aegis Caller's Dagger (Aegis Caller)","Aegis Caller's Dagger (Aegis Caller)","The Maelstrom's Perfected Greatsword (Perfected Merciless Charge)"," ()","Tentacular Dread","Escalating Runeblades","Killer's Blade","Relentless Focus","Quick Cloak","Incapacitating Strike","Molten Whip","Stampede","Venomous Claw","Flames of Oblivion","Inspired Scholarship","Standard of Might"
"Sanity's Edge","Exarchanic Yaseyla","https://www.esologs.com/reports/Z2vY1x9wbGBJ4cNK#fight=58&type=summary&source=6","@Languste1337","Roland Sieben Tap","ass-dawn-herald-deadly-strike-perfected-ansuuls-torment","dps","Ass","Dawn","Herald","Perfected Ansuul's Torment","Deadly Strike","124982.1","6701.2","33.9","124982.1 DPS","The Thief","Slimecraw Guise (Slimecraw)","Ansuul's Perfected Jack (Perfected Ansuul's Torment)","Deadly Arm Cops (Deadly Strike)","Ansuul's Perfected Bracers (Perfected Ansuul's Torment)","","Ansuul's Perfected Guards (Perfected Ansuul's Torment)","Ansuul's Perfected Boots (Perfected Ansuul's Torment)","","Deadly Ring (Deadly Strike)","Deadly Ring (Deadly Strike)","Deadly Dagger (Deadly Strike)","Deadly Dagger (Deadly Strike)","The Maelstrom's Perfected Inferno Staff (Perfected Crushing Wall)"," ()","Radiant Glory","Quick Cloak","Camouflaged Hunter","Cephaliarch's Flail","Pragmatic Fatecarver","Soul Harvest","Solar Barrage","Fulminating Rune","Camouflaged Hunter","Elemental Blockade","Inspired Scholarship","The Languid Eye"
"Sanity's Edge","Exarchanic Yaseyla","https://www.esologs.com/reports/Z2vY1x9wbGBJ4cNK#fight=58&type=summary&source=1","@Chomper876","The Carry Has Arrived","ass-dawn-herald-deadly-strike-perfected-ansuuls-torment","dps","Ass","Dawn","Herald","Perfected Ansuul's Torment","Deadly Strike","114038.2","8563.2","53.3","114038.2 DPS","","Zaan Guise (Zaan)","Ansuul's Perfected Jack (Perfected Ansuul's Torment)","Deadly Arm Cops (Deadly Strike)","Ansuul's Perfected Bracers (Perfected Ansuul's Torment)","","Ansuul's Perfected Guards (Perfected Ansuul's Torment)","Ansuul's Perfected Boots (Perfected Ansuul's Torment)","","Deadly Ring (Deadly Strike)","Deadly Ring (Deadly Strike)","Deadly Dagger (Deadly Strike)","Deadly Dagger (Deadly Strike)","The Maelstrom's Perfected Greatsword (Perfected Merciless Charge)"," ()","Pragmatic Fatecarver","Cephaliarch's Flail","Radiant Glory","Power of the Light","Quick Cloak","Soul Harvest","Stampede","Inspired Scholarship","Solar Barrage","Fulminating Rune","Relentless Focus","The Languid Eye"
"Sanity's Edge","Exarchanic Yaseyla","https://www.esologs.com/reports/Z2vY1x9wbGBJ4cNK#fight=58&type=summary&source=13","@zDarkus","-Darkus","ass-dawn-herald-deadly-strike-perfected-ansuuls-torment","dps","Ass","Dawn","Herald","Perfected Ansuul's Torment","Deadly Strike","111806.5","8916.5","45.0","111806.5 DPS","","Ansuul's Perfected Helmet (Perfected Ansuul's Torment)","Deadly Jack (Deadly Strike)","Valkyn Skoria Arm Cops (Valkyn Skoria)","Deadly Bracers (Deadly Strike)","","Deadly Guards (Deadly Strike)","Ansuul's Perfected Boots (Perfected Ansuul's Torment)","","Ansuul's Perfected Ring (Perfected Ansuul's Torment)","Ansuul's Perfected Ring (Perfected Ansuul's Torment)","Deadly Dagger (Deadly Strike)","Deadly Dagger (Deadly Strike)","The Maelstrom's Perfected Greatsword (Perfected Merciless Charge)"," ()","Cephaliarch's Flail","Camouflaged Hunter","Radiant Glory","Pragmatic Fatecarver","Quick Cloak","Soul Harvest","Stampede","Inspired Scholarship","Solar Barrage","Fulminating Rune","Camouflaged Hunter","The Languid Eye"
"Sanity's Edge","Exarchanic Yaseyla","https://www.esologs.com/reports/Z2vY1x9wbGBJ4cNK#fight=58&type=summary&source=2","@T.exe","Blinded-by the-lights","ass-dawn-herald-deadly-strike-perfected-ansuuls-torment","dps","Ass","Dawn","Herald","Perfected Ansuul's Torment","Deadly Strike","97309.6","9020.7","39.8","97309.6 DPS","","Valkyn Skoria Mask (Valkyn Skoria)","Ansuul's Perfected Jack (Perfected Ansuul's Torment)","Deadly Arm Cops (Deadly Strike)","Ansuul's Perfected Bracers (Perfected Ansuul's Torment)","","Ansuul's Perfected Guards (Perfected Ansuul's Torment)","Ansuul's Perfected Boots (Perfected Ansuul's Torment)","","Deadly Ring (Deadly Strike)","Deadly Ring (Deadly Strike)","Deadly Dagger (Deadly Strike)","Deadly Dagger (Deadly Strike)","The Maelstrom's Perfected Greatsword (Perfected Merciless Charge)"," ()","Banner Bearer","Quick Cloak","Cephaliarch's Flail","Radiant Glory","Pragmatic Fatecarver","Soul Harvest","Banner Bearer","Stampede","Solar Barrage","Inspired Scholarship","Relentless Focus","The Languid Eye"
"Sanity's Edge","Exarchanic Yaseyla","https://www.esologs.com/reports/Z2vY1x9wbGBJ4cNK#fight=58&type=summary&source=3","@ReyBrujoAngmar","Ma-Zi-Zah","ass-dawn-herald-deadly-strike-perfected-ansuuls-torment","dps","Ass","Dawn","Herald","Perfected Ansuul's Torment","Deadly Strike","121939.2","9971.1","38.1","121939.2 DPS","","Valkyn Skoria Mask (Valkyn Skoria)","Ansuul's Perfected Jack (Perfected Ansuul's Torment)","Deadly Arm Cops (Deadly Strike)","Ansuul's Perfected Bracers (Perfected Ansuul's Torment)","","Ansuul's Perfected Guards (Perfected Ansuul's Torment)","Ansuul's Perfected Boots (Perfected Ansuul's Torment)","","Deadly Ring (Deadly Strike)","Deadly Ring (Deadly Strike)","Deadly Dagger (Deadly Strike)","Deadly Dagger (Deadly Strike)","The Maelstrom's Perfected Inferno Staff (Perfected Crushing Wall)"," ()","Cephaliarch's Flail","Pragmatic Fatecarver","Radiant Glory","Camouflaged Hunter","Banner Bearer","Soul Harvest","Solar Barrage","Elemental Blockade","Inspired Scholarship","Fulminating Rune","Banner Bearer","Elemental Rage"
"Sanity's Edge","Exarchanic Yaseyla","https://www.esologs.com/reports/Z2vY1x9wbGBJ4cNK#fight=58&type=summary&source=7","@krdntro","kr arca","ass-dawn-herald-deadly-strike-perfected-ansuuls-torment","dps","Ass","Dawn","Herald","Deadly Strike","Perfected Ansuul's Torment","89934.0","8816.0","34.8","89934.0 DPS","","Deadly Helmet (Deadly Strike)","Ansuul's Perfected Jack (Perfected Ansuul's Torment)","Valkyn Skoria Arm Cops (Valkyn Skoria)","Ansuul's Perfected Bracers (Perfected Ansuul's Torment)","","Ansuul's Perfected Guards (Perfected Ansuul's Torment)","Ansuul's Perfected Boots (Perfected Ansuul's Torment)","","Deadly Ring (Deadly Strike)","Deadly Ring (Deadly Strike)","Deadly Dagger (Deadly Strike)","Deadly Dagger (Deadly Strike)","The Maelstrom's Perfected Greatsword (Perfected Merciless Charge)"," ()","Cephaliarch's Flail","Radiant Glory","Camouflaged Hunter","Pragmatic Fatecarver","Quick Cloak","Soul Harvest","Fulminating Rune","Camouflaged Hunter","Inspired Scholarship","Solar Barrage","Stampede","The Languid Eye"
"Sanity's Edge","Exarchanic Yaseyla","https://www.esologs.com/reports/Z2vY1x9wbGBJ4cNK#fight=58&type=summary&source=9","@RedKz4","Vegannist","ass-dawn-herald-deadly-strike-perfected-ansuuls-torment","dps","Ass","Dawn","Herald","Perfected Ansuul's Torment","Deadly Strike","89148.4","8182.1","27.0","89148.4 DPS","","Archdruid Devyric's Guise (Archdruid Devyric)","Ansuul's Perfected Jack (Perfected Ansuul's Torment)","Deadly Arm Cops (Deadly Strike)","Deadly Bracers (Deadly Strike)","","Ansuul's Perfected Guards (Perfected Ansuul's Torment)","Deadly Boots (Deadly Strike)","","Ansuul's Perfected Ring (Perfected Ansuul's Torment)","Ansuul's Perfected Ring (Perfected Ansuul's Torment)","Deadly Dagger (Deadly Strike)","Deadly Dagger (Deadly Strike)","The Maelstrom's Perfected Greatsword (Perfected Merciless Charge)"," ()","Cephaliarch's Flail","Pragmatic Fatecarver","Radiant Glory","Barbed Trap","Camouflaged Hunter","Soul Harvest","Stampede","Inspired Scholarship","Solar Barrage","Fulminating Rune","Concealed Weapon","The Languid Eye"
"Sanity's Edge","Exarchanic Yaseyla","https://www.esologs.com/reports/Z2vY1x9wbGBJ4cNK#fight=58&type=summary&source=4","@Woolxxl1","Blockt mit Büchern","ass-dawn-herald-deadly-strike-perfected-ansuuls-torment","dps","Ass","Dawn","Herald","Perfected Ansuul's Torment","Deadly Strike","102574.1","9023.3","42.9","102574.1 DPS","","Slimecraw Guise (Slimecraw)","Ansuul's Perfected Jack (Perfected Ansuul's Torment)","Deadly Arm Cops (Deadly Strike)","Ansuul's Perfected Bracers (Perfected Ansuul's Torment)","","Ansuul's Perfected Guards (Perfected Ansuul's Torment)","Ansuul's Perfected Boots (Perfected Ansuul's Torment)","","Deadly Ring (Deadly Strike)","Deadly Ring (Deadly Strike)","Deadly Dagger (Deadly Strike)","Deadly Dagger (Deadly Strike)","The Maelstrom's Perfected Inferno Staff (Perfected Crushing Wall)"," ()","Radiant Glory","Cephaliarch's Flail","Pragmatic Fatecarver","Quick Cloak","Camouflaged Hunter","Incapacitating Strike","Fulminating Rune","Solar Barrage","Unstable Wall of Elements","Inspired Scholarship","Camouflaged Hunter","The Languid Eye"
"Sanity's Edge","Exarchanic Yaseyla","https://www.esologs.com/reports/Z2vY1x9wbGBJ4cNK#fight=58&type=summary&source=12","@XMichi91","Váldís","ass-dawn-herald-deadly-strike-perfected-ansuuls-torment","dps","Ass","Dawn","Herald","Perfected Ansuul's Torment","Deadly Strike","88282.0","9006.0","34.4","88282.0 DPS","","Zaan Guise (Zaan)","Ansuul's Perfected Jack (Perfected Ansuul's Torment)","Deadly Arm Cops (Deadly Strike)","Ansuul's Perfected Bracers (Perfected Ansuul's Torment)","","Ansuul's Perfected Guards (Perfected Ansuul's Torment)","Ansuul's Perfected Boots (Perfected Ansuul's Torment)","","Deadly Ring (Deadly Strike)","Deadly Ring (Deadly Strike)","Deadly Dagger (Deadly Strike)","Deadly Dagger (Deadly Strike)","The Maelstrom's Perfected Inferno Staff (Perfected Crushing Wall)"," ()","Pragmatic Fatecarver","Radiant Glory","Cephaliarch's Flail","Camouflaged Hunter","Quick Cloak","Soul Harvest","Solar Barrage","Fulminating Rune","Elemental Blockade","Inspired Scholarship","Camouflaged Hunter","The Languid Eye"
"Sanity's Edge","Exarchanic Yaseyla","https://www.esologs.com/reports/Z2vY1x9wbGBJ4cNK#fight=58&type=summary&source=10","@grabmoore","Readmoore","ass-dawn-herald-deadly-strike-perfected-ansuuls-torment","dps","Ass","Dawn","Herald","Perfected Ansuul's Torment","Deadly Strike","107124.0","8294.0","29.1","107124.0 DPS","","Ansuul's Perfected Helmet (Perfected Ansuul's Torment)","Ansuul's Perfected Jack (Perfected Ansuul's Torment)","Slimecraw Epaulets (Slimecraw)","Ansuul's Perfected Bracers (Perfected Ansuul's Torment)","","Deadly Guards (Deadly Strike)","Ansuul's Perfected Boots (Perfected Ansuul's Torment)","","Deadly Ring (Deadly Strike)","Deadly Ring (Deadly Strike)","Deadly Dagger (Deadly Strike)","Deadly Dagger (Deadly Strike)","The Maelstrom's Perfected Inferno Staff (Perfected Crushing Wall)"," ()","Radiant Glory","Cephaliarch's Flail","Quick Cloak","Pragmatic Fatecarver","Camouflaged Hunter","Soul Harvest","Solar Barrage","Fulminating Rune","Elemental Blockade","Merciless Resolve","Inspired Scholarship","The Languid Eye"
"Sanity's Edge","Exarchanic Yaseyla","https://www.esologs.com/reports/Z2vY1x9wbGBJ4cNK#fight=58&type=summary&source=7","@Notagarami","mytears","ass-dawn-herald-deadly-strike-perfected-ansuuls-torment","dps","Ass","Dawn","Herald","Perfected Ansuul's Torment","Deadly Strike","102551.5","9861.9","43.6","102551.5 DPS","","Slimecraw Mask (Slimecraw)","Ansuul's Perfected Jack (Perfected Ansuul's Torment)","Deadly Arm Cops (Deadly Strike)","Ansuul's Perfected Bracers (Perfected Ansuul's Torment)","","Ansuul's Perfected Guards (Perfected Ansuul's Torment)","Ansuul's Perfected Boots (Perfected Ansuul's Torment)","","Deadly Ring (Deadly Strike)","Deadly Ring (Deadly Strike)","Deadly Dagger (Deadly Strike)","Deadly Dagger (Deadly Strike)","The Maelstrom's Inferno Staff (Crushing Wall)"," ()","Radiant Glory","Cephaliarch's Flail","Quick Cloak","Pragmatic Fatecarver","Camouflaged Hunter","Incapacitating Strike","Inspired Scholarship","Elemental Blockade","Vampire's Bane","Solar Barrage","Rune of Displacement","The Languid Eye"
"Sanity's Edge","Exarchanic Yaseyla","https://www.esologs.com/reports/Z2vY1x9wbGBJ4cNK#fight=58&type=summary&source=10","@Blageniy","Arcashaa","ass-dawn-herald-deadly-strike-perfected-ansuuls-torment","dps","Ass","Dawn","Herald","Perfected Ansuul's Torment","Deadly Strike","84909.9","7383.6","30.7","84909.9 DPS","","Slimecraw Guise (Slimecraw)","Ansuul's Perfected Jack (Perfected Ansuul's Torment)","Deadly Arm Cops (Deadly Strike)","Ansuul's Perfected Bracers (Perfected Ansuul's Torment)","","Ansuul's Perfected Guards (Perfected Ansuul's Torment)","Ansuul's Perfected Boots (Perfected Ansuul's Torment)","","Deadly Ring (Deadly Strike)","Deadly Ring (Deadly Strike)","Deadly Dagger (Deadly Strike)","Deadly Dagger (Deadly Strike)","The Maelstrom's Perfected Greatsword (Perfected Merciless Charge)"," ()","Pragmatic Fatecarver","Cephaliarch's Flail","Radiant Glory","Quick Cloak","Camouflaged Hunter","Soul Harvest","Inspired Scholarship","Solar Barrage","Stampede","Fulminating Rune","Barbed Trap","The Languid Eye"
"Sanity's Edge","Exarchanic Yaseyla","https://www.esologs.com/reports/Z2vY1x9wbGBJ4cNK#fight=58&type=summary&source=5","@Soul_deTalo","Lina-Soul","ass-dawn-herald-deadly-strike-perfected-ansuuls-torment","dps","Ass","Dawn","Herald","Perfected Ansuul's Torment","Deadly Strike","83132.0","8432.4","28.8","83132.0 DPS","","Slimecraw Guise (Slimecraw)","Ansuul's Perfected Jack (Perfected Ansuul's Torment)","Deadly Arm Cops (Deadly Strike)","Ansuul's Perfected Bracers (Perfected Ansuul's Torment)","","Ansuul's Perfected Guards (Perfected Ansuul's Torment)","Ansuul's Perfected Boots (Perfected Ansuul's Torment)","","Deadly Ring (Deadly Strike)","Deadly Ring (Deadly Strike)","Deadly Dagger (Deadly Strike)","Deadly Dagger (Deadly Strike)","The Maelstrom's Perfected Inferno Staff (Perfected Crushing Wall)"," ()","Banner Bearer","Quick Cloak","Cephaliarch's Flail","Pragmatic Fatecarver","Radiant Oppression","Incapacitating Strike","Banner Bearer","Elemental Blockade","Solar Barrage","Recuperative Treatise","Relentless Focus","The Languid Eye"
"Sanity's Edge","Exarchanic Yaseyla","https://www.esologs.com/reports/Z2vY1x9wbGBJ4cNK#fight=58&type=summary&source=9","nil","Anonymous 9","ass-dawn-herald-deadly-strike-perfected-ansuuls-torment","dps","Ass","Dawn","Herald","Deadly Strike","Perfected Ansuul's Torment","94968.1","9734.4","39.9","94968.1 DPS","","Deadly Helmet (Deadly Strike)","Ansuul's Perfected Jack (Perfected Ansuul's Torment)","Slimecraw Arm Cops (Slimecraw)","Deadly Bracers (Deadly Strike)","","Ansuul's Perfected Guards (Perfected Ansuul's Torment)","Ansuul's Perfected Boots (Perfected Ansuul's Torment)","","Ansuul's Perfected Ring (Perfected Ansuul's Torment)","Ansuul's Perfected Ring (Perfected Ansuul's Torment)","Deadly Dagger (Deadly Strike)","Deadly Dagger (Deadly Strike)","The Maelstrom's Perfected Greatsword (Perfected Merciless Charge)"," ()","Pragmatic Fatecarver","Cephaliarch's Flail","Radiant Glory","Camouflaged Hunter","Quick Cloak","Soul Harvest","Stampede","Barbed Trap","Solar Barrage","Inspired Scholarship","Fulminating Rune","The Languid Eye"
"Sanity's Edge","Exarchanic Yaseyla","https://www.esologs.com/reports/8MyXhgd6Tf1kJGV9#fight=30&type=summary&source=9","@tristanwho","Seolyn","ardent-ass-herald-deadly-strike-perfected-slivers-of-the-null-arca","dps","Ardent","Ass","Herald","Perfected Slivers of the Null Arca","Deadly Strike","225756.3","7200.8","56.1","225756.3 DPS","The Thief","Slimecraw Mask (Slimecraw)","Perfected Null Arca Jack (Perfected Slivers of the Null Arca)","Perfected Null Arca Arm Cops (Perfected Slivers of the Null Arca)","Perfected Null Arca Bracers (Perfected Slivers of the Null Arca)","","Perfected Null Arca Guards (Perfected Slivers of the Null Arca)","Deadly Boots (Deadly Strike)","","Deadly Ring (Deadly Strike)","Deadly Ring (Deadly Strike)","Deadly Dagger (Deadly Strike)","Deadly Dagger (Deadly Strike)","The Maelstrom's Perfected Greatsword (Perfected Merciless Charge)"," ()","Cephaliarch's Flail","Pragmatic Fatecarver","Killer's Blade","Quick Cloak","Shocking Banner (Class Mastery / Courage)","Incapacitating Strike","Venomous Claw","Flames of Oblivion","Stampede","Inspired Scholarship","Shocking Banner (Class Mastery / Courage)","Standard of Might"
"Sanity's Edge","Exarchanic Yaseyla","https://www.esologs.com/reports/8MyXhgd6Tf1kJGV9#fight=30&type=summary&source=12","@SadYoungMan","The Eighth Inner Gate","ardent-ass-herald-deadly-strike-perfected-slivers-of-the-null-arca","dps","Ardent","Ass","Herald","Deadly Strike","Perfected Slivers of the Null Arca","106188.9","6259.1","41.1","106188.9 DPS","","Valkyn Skoria Guise (Valkyn Skoria)","Deadly Jack (Deadly Strike)","Deadly Arm Cops (Deadly Strike)","Deadly Bracers (Deadly Strike)","","Perfected Null Arca Guards (Perfected Slivers of the Null Arca)","Deadly Boots (Deadly Strike)","","Perfected Null Arca Ring (Perfected Slivers of the Null Arca)","Perfected Null Arca Ring (Perfected Slivers of the Null Arca)","Perfected Null Arca Dagger (Perfected Slivers of the Null Arca)","Perfected Null Arca Dagger (Perfected Slivers of the Null Arca)","The Maelstrom's Perfected Greatsword (Perfected Merciless Charge)"," ()","Cephaliarch's Flail","Pragmatic Fatecarver","Quick Cloak","Killer's Blade","Merciless Resolve","Soul Harvest","Stampede","Inspired Scholarship","Venomous Claw","Flames of Oblivion","Molten Whip","Standard of Might"
"Sanity's Edge","Exarchanic Yaseyla","https://www.esologs.com/reports/8MyXhgd6Tf1kJGV9#fight=30&type=summary&source=144","@Ginga453","Gingers On Top","ardent-ass-herald-deadly-strike-perfected-slivers-of-the-null-arca","dps","Ardent","Ass","Herald","Deadly Strike","Perfected Slivers of the Null Arca","91144.8","3153.5","29.2","91144.8 DPS","","Deadly Helmet (Deadly Strike)","Perfected Null Arca Jack (Perfected Slivers of the Null Arca)","Slimecraw Arm Cops (Slimecraw)","Perfected Null Arca Bracers (Perfected Slivers of the Null Arca)","","Perfected Null Arca Guards (Perfected Slivers of the Null Arca)","Perfected Null Arca Boots (Perfected Slivers of the Null Arca)","","Deadly Ring (Deadly Strike)","Deadly Ring (Deadly Strike)","Deadly Dagger (Deadly Strike)","Deadly Dagger (Deadly Strike)","The Maelstrom's Greatsword (Merciless Charge)"," ()","Killer's Blade","Barbed Trap","Quick Cloak","Cephaliarch's Flail","Pragmatic Fatecarver","Incapacitating Strike","Stampede","Fulminating Rune","Inspired Scholarship","Flames of Oblivion","Molten Whip","Standard of Might"
"Sanity's Edge","Exarchanic Yaseyla","https://www.esologs.com/reports/8MyXhgd6Tf1kJGV9#fight=30&type=summary&source=143","@DrKittyWizard","Celeste of the Heavens","ardent-ass-herald-deadly-strike-perfected-slivers-of-the-null-arca","dps","Ardent","Ass","Herald","Perfected Slivers of the Null Arca","Deadly Strike","98186.4","3447.0","32.1","98186.4 DPS","","Slimecraw Mask (Slimecraw)","Perfected Null Arca Jack (Perfected Slivers of the Null Arca)","Deadly Arm Cops (Deadly Strike)","Perfected Null Arca Bracers (Perfected Slivers of the Null Arca)","","Perfected Null Arca Guards (Perfected Slivers of the Null Arca)","Perfected Null Arca Boots (Perfected Slivers of the Null Arca)","","Deadly Ring (Deadly Strike)","Deadly Ring (Deadly Strike)","Deadly Dagger (Deadly Strike)","Deadly Dagger (Deadly Strike)","The Maelstrom's Perfected Inferno Staff (Perfected Crushing Wall)"," ()","Cephaliarch's Flail","Pragmatic Fatecarver","Camouflaged Hunter","Quick Cloak","Banner Bearer","Soul Harvest","Elemental Blockade","Fulminating Rune","Inspired Scholarship","Flames of Oblivion","Banner Bearer","Standard of Might"
"Sanity's Edge","Exarchanic Yaseyla","https://www.esologs.com/reports/8MyXhgd6Tf1kJGV9#fight=30&type=summary&source=9","@cheadersauce","Arcinapark","ardent-ass-herald-deadly-strike-perfected-slivers-of-the-null-arca","dps","Ardent","Ass","Herald","Perfected Slivers of the Null Arca","Deadly Strike","101002.4","3009.2","40.7","101002.4 DPS","","Slimecraw Mask (Slimecraw)","Perfected Null Arca Jack (Perfected Slivers of the Null Arca)","Perfected Null Arca Arm Cops (Perfected Slivers of the Null Arca)","Perfected Null Arca Bracers (Perfected Slivers of the Null Arca)","","Perfected Null Arca Guards (Perfected Slivers of the Null Arca)","Deadly Boots (Deadly Strike)","","Deadly Ring (Deadly Strike)","Deadly Ring (Deadly Strike)","Deadly Dagger (Deadly Strike)","Deadly Dagger (Deadly Strike)","The Maelstrom's Perfected Greatsword (Perfected Merciless Charge)"," ()","Quick Cloak","Cephaliarch's Flail","Pragmatic Fatecarver","Killer's Blade","Camouflaged Hunter","Soul Harvest","Stampede","Inspired Scholarship","Fulminating Rune","Flames of Oblivion","Molten Whip","Standard of Might"
"Sanity's Edge","Exarchanic Yaseyla","https://www.esologs.com/reports/8MyXhgd6Tf1kJGV9#fight=30&type=summary&source=3","@sasserclubb","Ginger Tentacles","ardent-ass-herald-deadly-strike-perfected-slivers-of-the-null-arca","dps","Ardent","Ass","Herald","Deadly Strike","Perfected Slivers of the Null Arca","90959.3","3244.0","33.9","90959.3 DPS","","Deadly Helmet (Deadly Strike)","Perfected Null Arca Jack (Perfected Slivers of the Null Arca)","Slimecraw Arm Cops (Slimecraw)","Perfected Null Arca Bracers (Perfected Slivers of the Null Arca)","","Perfected Null Arca Guards (Perfected Slivers of the Null Arca)","Perfected Null Arca Boots (Perfected Slivers of the Null Arca)","","Deadly Ring (Deadly Strike)","Deadly Ring (Deadly Strike)","Deadly Dagger (Deadly Strike)","Deadly Dagger (Deadly Strike)","The Maelstrom's Perfected Inferno Staff (Perfected Crushing Wall)"," ()","Cephaliarch's Flail","Quick Cloak","Pragmatic Fatecarver","Venomous Claw","Camouflaged Hunter","Soul Harvest","Elemental Blockade","Fulminating Rune","Flames of Oblivion","Inspired Scholarship","Molten Whip","Standard of Might"
"Sanity's Edge","Exarchanic Yaseyla","https://www.esologs.com/reports/8MyXhgd6Tf1kJGV9#fight=30&type=summary&source=5","@SkyStarstreak","Manic-Pixie Beam Girl","ardent-ass-herald-deadly-strike-perfected-slivers-of-the-null-arca","dps","Ardent","Ass","Herald","Perfected Slivers of the Null Arca","Deadly Strike","99189.2","7796.4","48.0","99189.2 DPS","","Slimecraw Guise (Slimecraw)","Perfected Null Arca Jack (Perfected Slivers of the Null Arca)","Perfected Null Arca Arm Cops (Perfected Slivers of the Null Arca)","Perfected Null Arca Bracers (Perfected Slivers of the Null Arca)","","Perfected Null Arca Guards (Perfected Slivers of the Null Arca)","Perfected Null Arca Boots (Perfected Slivers of the Null Arca)","","Deadly Ring (Deadly Strike)","Deadly Ring (Deadly Strike)","Deadly Dagger (Deadly Strike)","Deadly Dagger (Deadly Strike)","The Maelstrom's Perfected Inferno Staff (Perfected Crushing Wall)"," ()","Killer's Blade","Pragmatic Fatecarver","Cephaliarch's Flail","Quick Cloak","Camouflaged Hunter","Incapacitating Strike","Elemental Blockade","Venomous Claw","Flames of Oblivion","Inspired Scholarship","Molten Whip","Standard of Might"
"Sanity's Edge","Exarchanic Yaseyla","https://www.esologs.com/reports/8MyXhgd6Tf1kJGV9#fight=30&type=summary&source=2","@TactialScrub","Am I Offline","curative-green-siphon-perfected-pillagers-profit-spell-power-cure","healer","Siphon","Green","Curative","Spell Power Cure","Perfected Pillager's Profit","11316.5","118004.2","88.3","118004.2 HPS","The Atronach","The Blind Guise (The Blind)","Robe of the Trainee (Armor of the Trainee)","The Blind Epaulets (The Blind)","Perfected Pillager's Gloves (Perfected Pillager's Profit)","","Perfected Pillager's Breeches (Perfected Pillager's Profit)","Perfected Pillager's Shoes (Perfected Pillager's Profit)","","Spell Power Cure Ring (Spell Power Cure)","Spell Power Cure Ring (Spell Power Cure)","Spell Power Cure Restoration Staff (Spell Power Cure)"," ()","Perfected Pillager's Lightning Staff (Perfected Pillager's Profit)"," ()","Combat Prayer","Budding Seeds","Illustrious Healing","Echoing Vigor","Siphoning Attacks","Reviving Barrier","Blockade of Storms","Warding Contingency (Gladiator's Tenacity / Protection)","Ring of Preservation","Mystic Orb","Chakram of Destiny","Reviving Barrier"
"Sanity's Edge","Exarchanic Yaseyla","https://www.esologs.com/reports/8MyXhgd6Tf1kJGV9#fight=30&type=summary&source=148","@benelian","Vianthi","curative-green-siphon-perfected-pillagers-profit-spell-power-cure","healer","Siphon","Green","Curative","Perfected Pillager's Profit","Spell Power Cure","6159.8","105736.3","65.3","105736.3 HPS","","The Blind Guise (The Blind)","Perfected Pillager's Robe (Perfected Pillager's Profit)","The Blind Epaulets (The Blind)","Perfected Pillager's Gloves (Perfected Pillager's Profit)","","Spell Power Cure Breeches (Spell Power Cure)","Spell Power Cure Shoes (Spell Power Cure)","","Perfected Pillager's Band (Perfected Pillager's Profit)","Perfected Pillager's Band (Perfected Pillager's Profit)","Perfected Pillager's Lightning Staff (Perfected Pillager's Profit)"," ()","Spell Power Cure Restoration Staff (Spell Power Cure)"," ()","Chakram of Destiny","Elemental Blockade","Mystic Orb","Crushing Shock","Echoing Vigor","Reviving Barrier","Budding Seeds","Combat Prayer","Illustrious Healing","Radiating Regeneration","Siphoning Attacks","Soul Siphon"
"Sanity's Edge","Exarchanic Yaseyla","https://www.esologs.com/reports/8MyXhgd6Tf1kJGV9#fight=30&type=summary&source=2","@MiaMaria456","First-aid-kiit","curative-green-siphon-perfected-pillagers-profit-spell-power-cure","healer","Siphon","Green","Curative","Perfected Pillager's Profit","Spell Power Cure","3806.8","108871.6","60.4","108871.6 HPS","","Ozezan the Inferno's Guise (Ozezan the Inferno)","Perfected Pillager's Robe (Perfected Pillager's Profit)","Ozezan the Inferno's Epaulets (Ozezan the Inferno)","Spell Power Cure Gloves (Spell Power Cure)","","Spell Power Cure Breeches (Spell Power Cure)","Spell Power Cure Shoes (Spell Power Cure)","","Perfected Pillager's Band (Perfected Pillager's Profit)","Perfected Pillager's Band (Perfected Pillager's Profit)","Spell Power Cure Restoration Staff (Spell Power Cure)"," ()","Perfected Pillager's Lightning Staff (Perfected Pillager's Profit)"," ()","Combat Prayer","Illustrious Healing","Budding Seeds","Radiating Regeneration","Echoing Vigor","Soul Siphon","Chakram of Destiny","Elemental Blockade","Energy Orb","Overflowing Altar","Crushing Shock","Reviving Barrier"
"Sanity's Edge","Exarchanic Yaseyla","https://www.esologs.com/reports/8MyXhgd6Tf1kJGV9#fight=30&type=summary&source=8","@Morning_Skooma","Wonder-Are-You-Washed","earthen-storm-winter-perfected-pearlescent-ward-the-morag-tong","tank","Earthen","Storm","Winter","The Morag Tong","Perfected Pearlescent Ward","15924.9","7396.9","54.9","54.9 CPM","The Atronach","Magma Incarnate Mask (Magma Incarnate)","Perfected Pearlescent Cuirass (Perfected Pearlescent Ward)","Spaulder of Ruin (Spaulder of Ruin)","Perfected Pearlescent Gauntlets (Perfected Pearlescent Ward)","","Perfected Pearlescent Greaves (Perfected Pearlescent Ward)","Perfected Pearlescent Sabatons (Perfected Pearlescent Ward)","","Ring of the Morag Tong (The Morag Tong)","Ring of the Morag Tong (The Morag Tong)","Ice Staff of the Morag Tong (The Morag Tong)"," ()","Ice Staff of the Morag Tong (The Morag Tong)"," ()","Crushing Shock","Stone Giant","Inner Rage","Polar Wind","Ball of Lightning","Temporal Guard","Elemental Susceptibility","Blockade of Frost","Winter's Revenge","Igneous Weapons","Expansive Frost Cloak","Aggressive Horn"
"Sanity's Edge","Exarchanic Yaseyla","https://www.esologs.com/reports/8MyXhgd6Tf1kJGV9#fight=30&type=summary&source=150","@Morning_Skooma","Wonder-Are-You-Washed","earthen-storm-winter-perfected-pearlescent-ward-the-morag-tong","tank","Earthen","Storm","Winter","The Morag Tong","Perfected Pearlescent Ward","6797.4","7940.7","41.6","41.6 CPM","","Magma Incarnate Visage (Magma Incarnate)","Perfected Pearlescent Cuirass (Perfected Pearlescent Ward)","Spaulder of Ruin (Spaulder of Ruin)","Perfected Pearlescent Gauntlets (Perfected Pearlescent Ward)","","Perfected Pearlescent Greaves (Perfected Pearlescent Ward)","Perfected Pearlescent Sabatons (Perfected Pearlescent Ward)","","Ring of the Morag Tong (The Morag Tong)","Ring of the Morag Tong (The Morag Tong)","Ice Staff of the Morag Tong (The Morag Tong)"," ()","Ice Staff of the Morag Tong (The Morag Tong)"," ()","Crushing Shock","Stone Giant","Inner Rage","Polar Wind","Ball of Lightning","Temporal Guard","Elemental Susceptibility","Elemental Blockade","Winter's Revenge","Igneous Weapons","Expansive Frost Cloak","Aggressive Horn"
"Sanity's Edge","Exarchanic Yaseyla","https://www.esologs.com/reports/8MyXhgd6Tf1kJGV9#fight=30&type=summary&source=17","@dappr","Que Pasa Cuh","earthen-storm-winter-perfected-pearlescent-ward-the-morag-tong","tank","Earthen","Storm","Winter","The Morag Tong","Perfected Pearlescent Ward","6191.1","11543.1","48.0","48.0 CPM","","Magma Incarnate Visage (Magma Incarnate)","Perfected Pearlescent Cuirass (Perfected Pearlescent Ward)","Spaulder of Ruin (Spaulder of Ruin)","Perfected Pearlescent Gauntlets (Perfected Pearlescent Ward)","","Perfected Pearlescent Greaves (Perfected Pearlescent Ward)","Perfected Pearlescent Sabatons (Perfected Pearlescent Ward)","","Ring of the Morag Tong (The Morag Tong)","Ring of the Morag Tong (The Morag Tong)","Ice Staff of the Morag Tong (The Morag Tong)"," ()","Ice Staff of the Morag Tong (The Morag Tong)"," ()","Ball of Lightning","Crushing Shock","Stone Giant","Inner Rage","Polar Wind","Temporal Guard","Blockade of Frost","Elemental Susceptibility","Echoing Vigor","Igneous Weapons","Expansive Frost Cloak","Aggressive Horn"
"Sanity's Edge","Exarchanic Yaseyla","https://www.esologs.com/reports/8MyXhgd6Tf1kJGV9#fight=30&type=summary&source=5","@WonderNTS","Neural Nutworks","daedric-resto-soldier-perfected-lucent-echoes-turning-tide","tank","Daedric","Resto","Soldier","Turning Tide","Perfected Lucent Echoes","8825.4","12992.3","56.7","56.7 CPM","The Atronach","Nazaray Guise (Nazaray)","Cuirass of the Turning Tide (Turning Tide)","Nazaray Arm Cops (Nazaray)","Lucent Echoes Perfected Gauntlets (Perfected Lucent Echoes)","","Greaves of the Turning Tide (Turning Tide)","Sabatons of the Turning Tide (Turning Tide)","","Lucent Echoes Perfected Ring (Perfected Lucent Echoes)","Lucent Echoes Perfected Ring (Perfected Lucent Echoes)","Sword of the Turning Tide (Turning Tide)","Shield of the Turning Tide (Turning Tide)","Ice Staff of the Turning Tide (Turning Tide)"," ()","Inner Rage","Rune of the Colorless Pool","Bound Aegis","Echoing Vigor","Leashing Soul (Druid's Resurgence / Maim)","Gibbering Shelter","Crushing Shock","Blockade of Frost","Elemental Susceptibility","Shocking Burst (Sage's Remedy / Interrupt)","Extended Ritual","Summon Charged Atronach"
"Sanity's Edge","Exarchanic Yaseyla","https://www.esologs.com/reports/8MyXhgd6Tf1kJGV9#fight=30&type=summary&source=141","@Candron_Cynical","Beaming-With-Tee-Hee","daedric-resto-soldier-perfected-lucent-echoes-turning-tide","tank","Daedric","Resto","Soldier","Turning Tide","Perfected Lucent Echoes","4642.8","22439.9","46.8","46.8 CPM","","Nazaray Visage (Nazaray)","Lucent Echoes Perfected Cuirass (Perfected Lucent Echoes)","Nazaray Epaulets (Nazaray)","Lucent Echoes Perfected Gauntlets (Perfected Lucent Echoes)","","Lucent Echoes Perfected Greaves (Perfected Lucent Echoes)","Lucent Echoes Perfected Sabatons (Perfected Lucent Echoes)","","Ring of the Turning Tide (Turning Tide)","Ring of the Turning Tide (Turning Tide)","Sword of the Turning Tide (Turning Tide)","Shield of the Turning Tide (Turning Tide)","Ice Staff of the Turning Tide (Turning Tide)"," ()","Inner Rage","Ulfsild's Contingency","Rune of the Colorless Pool","Magical Burst","Leashing Soul","Gibbering Shelter","Elemental Susceptibility","Elemental Blockade","Extended Ritual","Echoing Vigor","Crushing Shock","Summon Charged Atronach"
"Sanity's Edge","Exarchanic Yaseyla","https://www.esologs.com/reports/D4PgdwaFhcjNzytq#fight=104&type=summary&source=139","@Onyx643","Laxus Lightspear","daedric-dawn-resto-master-architect-powerful-assault","healer","Daedric","Dawn","Resto","Master Architect","Powerful Assault","12565.2","80993.1","83.4","80993.1 HPS","The Thief","Ozezan the Inferno's Guise (Ozezan the Inferno)","Master Architect Robe (Master Architect)","Ozezan the Inferno's Epaulets (Ozezan the Inferno)","Master Architect Gloves (Master Architect)","","Master Architect Breeches (Master Architect)","Master Architect Shoes (Master Architect)","","Ring of the Powerful Assault (Powerful Assault)","Ring of the Powerful Assault (Powerful Assault)","Restoration Staff of the Powerful Assault (Powerful Assault)"," ()","Master Architect Lightning Staff (Master Architect)"," ()","Ulfsild's Contingency","Combat Prayer","Illustrious Healing","Echoing Vigor","Purifying Light","Reviving Barrier","Mystic Orb","Blockade of Storms","Extended Ritual","Radiant Aura","Overflowing Altar","Summon Charged Atronach"
"Sanity's Edge","Exarchanic Yaseyla","https://www.esologs.com/reports/D4PgdwaFhcjNzytq#fight=104&type=summary&source=18","@Onyx643","Laxus Lightspear","daedric-dawn-resto-master-architect-powerful-assault","healer","Daedric","Dawn","Resto","Master Architect","Powerful Assault","12142.8","87113.9","84.0","87113.9 HPS","","Ozezan the Inferno's Guise (Ozezan the Inferno)","Master Architect Robe (Master Architect)","Ozezan the Inferno's Epaulets (Ozezan the Inferno)","Master Architect Gloves (Master Architect)","","Master Architect Breeches (Master Architect)","Master Architect Shoes (Master Architect)","","Ring of the Powerful Assault (Powerful Assault)","Ring of the Powerful Assault (Powerful Assault)","Restoration Staff of the Powerful Assault (Powerful Assault)"," ()","Master Architect Lightning Staff (Master Architect)"," ()","Radiating Regeneration","Combat Prayer","Illustrious Healing","Echoing Vigor","Purifying Light","Reviving Barrier","Mystic Orb","Blockade of Storms","Extended Ritual","Radiant Aura","Overflowing Altar","Summon Charged Atronach"
"Sanity's Edge","Spiral Descender","https://www.esologs.com/reports/Z2vY1x9wbGBJ4cNK#fight=51&type=summary&source=12","@PartialEthos","Schmethos","ardent-ass-herald-perfected-slivers-of-the-null-arca-tide-born-wildstalker","dps","Ardent","Ass","Herald","Tide-Born Wildstalker","Perfected Slivers of the Null Arca","171987.2","15028.3","97.6","171987.2 DPS",""," (Huntsman's Warmask)","Tide-Born Jack (Tide-Born Wildstalker)","Valkyn Skoria Epaulets (Valkyn Skoria)","Tide-Born Bracers (Tide-Born Wildstalker)","","Tide-Born Guards (Tide-Born Wildstalker)","Tide-Born Boots (Tide-Born Wildstalker)","","Perfected Null Arca Ring (Perfected Slivers of the Null Arca)","Perfected Null Arca Ring (Perfected Slivers of the Null Arca)","Perfected Null Arca Dagger (Perfected Slivers of the Null Arca)","Perfected Null Arca Dagger (Perfected Slivers of the Null Arca)","The Maelstrom's Perfected Greatsword (Perfected Merciless Charge)"," ()","Escalating Runeblades","Tentacular Dread","Merciless Resolve","Killer's Blade","Barbed Trap","Soul Harvest","Stampede","Venomous Claw","Flames of Oblivion","Inspired Scholarship","Molten Whip","Standard of Might"
"Sanity's Edge","Spiral Descender","https://www.esologs.com/reports/Z2vY1x9wbGBJ4cNK#fight=51&type=summary&source=146","@DJ_M1n3r","Skrting on the Surface","ardent-ass-herald-perfected-slivers-of-the-null-arca-tide-born-wildstalker","dps","Ardent","Ass","Herald","Perfected Slivers of the Null Arca","Tide-Born Wildstalker","124020.6","10255.1","77.7","124020.6 DPS",""," (Huntsman's Warmask)","Perfected Null Arca Jack (Perfected Slivers of the Null Arca)","Slimecraw Arm Cops (Slimecraw)","Perfected Null Arca Bracers (Perfected Slivers of the Null Arca)","","Perfected Null Arca Guards (Perfected Slivers of the Null Arca)","Perfected Null Arca Boots (Perfected Slivers of the Null Arca)","","Tide-Born Ring (Tide-Born Wildstalker)","Tide-Born Ring (Tide-Born Wildstalker)","Tide-Born Dagger (Tide-Born Wildstalker)","Tide-Born Dagger (Tide-Born Wildstalker)","The Maelstrom's Perfected Greatsword (Perfected Merciless Charge)"," ()","Tentacular Dread","Relentless Focus","Escalating Runeblades","Killer's Blade","Barbed Trap","Incapacitating Strike","Stampede","Venomous Claw","Flames of Oblivion","Inspired Scholarship","Molten Whip","Standard of Might"
"Sanity's Edge","Spiral Descender","https://www.esologs.com/reports/Z2vY1x9wbGBJ4cNK#fight=51&type=summary&source=7","@SentryAg","Rosa The Sea Otter","ardent-ass-herald-perfected-slivers-of-the-null-arca-tide-born-wildstalker","dps","Ardent","Ass","Herald","Perfected Slivers of the Null Arca","Tide-Born Wildstalker","132797.0","20566.3","74.8","132797.0 DPS",""," (Huntsman's Warmask)","Perfected Null Arca Jack (Perfected Slivers of the Null Arca)","Zaan Arm Cops (Zaan)","Perfected Null Arca Bracers (Perfected Slivers of the Null Arca)","","Perfected Null Arca Guards (Perfected Slivers of the Null Arca)","Perfected Null Arca Boots (Perfected Slivers of the Null Arca)","","Tide-Born Ring (Tide-Born Wildstalker)","Tide-Born Ring (Tide-Born Wildstalker)","Tide-Born Dagger (Tide-Born Wildstalker)","Tide-Born Dagger (Tide-Born Wildstalker)","The Maelstrom's Perfected Greatsword (Perfected Merciless Charge)"," ()","Quick Cloak","Killer's Blade","Relentless Focus","Tentacular Dread","Escalating Runeblades","Incapacitating Strike","Inspired Scholarship","Barbed Trap","Venomous Claw","Flames of Oblivion","Stampede","Standard of Might"
"Sanity's Edge","Spiral Descender","https://www.esologs.com/reports/Z2vY1x9wbGBJ4cNK#fight=51&type=summary&source=8","@DJ_M1n3r","Skrting on the Surface","ardent-ass-herald-perfected-slivers-of-the-null-arca-tide-born-wildstalker","dps","Ardent","Ass","Herald","Perfected Slivers of the Null Arca","Tide-Born Wildstalker","152901.3","17038.0","87.3","152901.3 DPS",""," (Huntsman's Warmask)","Perfected Null Arca Jack (Perfected Slivers of the Null Arca)","Slimecraw Arm Cops (Slimecraw)","Perfected Null Arca Bracers (Perfected Slivers of the Null Arca)","","Perfected Null Arca Guards (Perfected Slivers of the Null Arca)","Perfected Null Arca Boots (Perfected Slivers of the Null Arca)","","Tide-Born Ring (Tide-Born Wildstalker)","Tide-Born Ring (Tide-Born Wildstalker)","Tide-Born Dagger (Tide-Born Wildstalker)","Tide-Born Dagger (Tide-Born Wildstalker)","The Maelstrom's Perfected Greatsword (Perfected Merciless Charge)"," ()","Tentacular Dread","Relentless Focus","Escalating Runeblades","Killer's Blade","Barbed Trap","Incapacitating Strike","Stampede","Venomous Claw","Flames of Oblivion","Inspired Scholarship","Molten Whip","Standard of Might"
"Sanity's Edge","Spiral Descender","https://www.esologs.com/reports/Z2vY1x9wbGBJ4cNK#fight=51&type=summary&source=9","@Shadeous","Tättersail","ardent-ass-herald-perfected-slivers-of-the-null-arca-tide-born-wildstalker","dps","Ardent","Ass","Herald","Perfected Slivers of the Null Arca","Tide-Born Wildstalker","111367.1","4854.5","54.0","111367.1 DPS","","Slimecraw Mask (Slimecraw)","Perfected Null Arca Jack (Perfected Slivers of the Null Arca)","Tide-Born Arm Cops (Tide-Born Wildstalker)","Tide-Born Bracers (Tide-Born Wildstalker)","","Tide-Born Guards (Tide-Born Wildstalker)","Tide-Born Boots (Tide-Born Wildstalker)","","Perfected Null Arca Ring (Perfected Slivers of the Null Arca)","Perfected Null Arca Ring (Perfected Slivers of the Null Arca)","Perfected Null Arca Dagger (Perfected Slivers of the Null Arca)","Perfected Null Arca Dagger (Perfected Slivers of the Null Arca)","The Maelstrom's Perfected Greatsword (Perfected Merciless Charge)"," ()","Cephaliarch's Flail","Pragmatic Fatecarver","Venomous Claw","Killer's Blade","Camouflaged Hunter","Soul Harvest","Stampede","Fulminating Rune","Inspired Scholarship","Flames of Oblivion","Molten Whip","Standard of Might"
"Sanity's Edge","Spiral Descender","https://www.esologs.com/reports/Z2vY1x9wbGBJ4cNK#fight=51&type=summary&source=10","@Beersies","Uh Oh Detected","ardent-ass-herald-perfected-slivers-of-the-null-arca-tide-born-wildstalker","dps","Ardent","Ass","Herald","Tide-Born Wildstalker","Perfected Slivers of the Null Arca","138145.2","16251.0","74.8","138145.2 DPS",""," (Huntsman's Warmask)","Tide-Born Jack (Tide-Born Wildstalker)","Perfected Null Arca Arm Cops (Perfected Slivers of the Null Arca)","Perfected Null Arca Bracers (Perfected Slivers of the Null Arca)","","Perfected Null Arca Guards (Perfected Slivers of the Null Arca)","Perfected Null Arca Boots (Perfected Slivers of the Null Arca)","","Tide-Born Ring (Tide-Born Wildstalker)","Tide-Born Ring (Tide-Born Wildstalker)","Tide-Born Dagger (Tide-Born Wildstalker)","Tide-Born Dagger (Tide-Born Wildstalker)","The Maelstrom's Perfected Greatsword (Perfected Merciless Charge)"," ()","Tentacular Dread","Escalating Runeblades","Killer's Blade","Barbed Trap","Relentless Focus","Incapacitating Strike","Stampede","Venomous Claw","Flames of Oblivion","Inspired Scholarship","Molten Whip","Standard of Might"
"Sanity's Edge","Spiral Descender","https://www.esologs.com/reports/Z2vY1x9wbGBJ4cNK#fight=51&type=summary&source=16","@Oshin3","Spooky Oshin","ardent-ass-herald-perfected-slivers-of-the-null-arca-tide-born-wildstalker","dps","Ardent","Ass","Herald","Perfected Slivers of the Null Arca","Tide-Born Wildstalker","173201.2","20050.4","75.4","173201.2 DPS","The Thief"," (Huntsman's Warmask)","Perfected Null Arca Jack (Perfected Slivers of the Null Arca)","Zaan Arm Cops (Zaan)","Perfected Null Arca Bracers (Perfected Slivers of the Null Arca)","","Perfected Null Arca Guards (Perfected Slivers of the Null Arca)","Perfected Null Arca Boots (Perfected Slivers of the Null Arca)","","Tide-Born Ring (Tide-Born Wildstalker)","Tide-Born Ring (Tide-Born Wildstalker)","Tide-Born Dagger (Tide-Born Wildstalker)","Tide-Born Dagger (Tide-Born Wildstalker)","The Maelstrom's Perfected Greatsword (Perfected Merciless Charge)"," ()","Tentacular Dread","Escalating Runeblades","Killer's Blade","Relentless Focus","Quick Cloak","Incapacitating Strike","Venomous Claw","Stampede","Flames of Oblivion","Inspired Scholarship","Molten Whip","Standard of Might"
"Sanity's Edge","Spiral Descender","https://www.esologs.com/reports/Z2vY1x9wbGBJ4cNK#fight=51&type=summary&source=8","@BlackRose888999","Tátsumi","ardent-ass-herald-perfected-slivers-of-the-null-arca-tide-born-wildstalker","dps","Ardent","Ass","Herald","Perfected Slivers of the Null Arca","Tide-Born Wildstalker","110246.4","11047.4","35.5","110246.4 DPS","","Slimecraw Guise (Slimecraw)","Perfected Null Arca Jack (Perfected Slivers of the Null Arca)","Perfected Null Arca Arm Cops (Perfected Slivers of the Null Arca)","Tide-Born Bracers (Tide-Born Wildstalker)","","Perfected Null Arca Guards (Perfected Slivers of the Null Arca)","Perfected Null Arca Boots (Perfected Slivers of the Null Arca)","","Tide-Born Ring (Tide-Born Wildstalker)","Tide-Born Ring (Tide-Born Wildstalker)","Tide-Born Lightning Staff (Tide-Born Wildstalker)"," ()","The Maelstrom's Greatsword (Merciless Charge)"," ()","Camouflaged Hunter","Barbed Trap","Cephaliarch's Flail","Killer's Blade","Pragmatic Fatecarver","Soul Harvest","Stampede","Inspired Scholarship","Flames of Oblivion","Molten Whip","Venomous Claw","Standard of Might"
"Sanity's Edge","Spiral Descender","https://www.esologs.com/reports/8MyXhgd6Tf1kJGV9#fight=60&type=summary&source=9","@tristanwho","Seolyn","ardent-ass-herald-deadly-strike-perfected-sul-xans-torment","dps","Ardent","Ass","Herald","Deadly Strike","Perfected Sul-Xan's Torment","127588.4","7513.4","58.0","127588.4 DPS","","Slimecraw Guise (Slimecraw)","Deadly Jack (Deadly Strike)","Deadly Arm Cops (Deadly Strike)","Deadly Bracers (Deadly Strike)","","Deadly Guards (Deadly Strike)","Deadly Boots (Deadly Strike)","","Perfected Ring of Sul-Xan's Torment (Perfected Sul-Xan's Torment)","Perfected Ring of Sul-Xan's Torment (Perfected Sul-Xan's Torment)","Perfected Dagger of Sul-Xan's Torment (Perfected Sul-Xan's Torment)","Perfected Dagger of Sul-Xan's Torment (Perfected Sul-Xan's Torment)","The Maelstrom's Perfected Inferno Staff (Perfected Crushing Wall)"," ()","Cephaliarch's Flail","Pragmatic Fatecarver","Whirling Blades","Quick Cloak","Camouflaged Hunter","Incapacitating Strike","Flames of Oblivion","Proximity Detonation","Blockade of Fire","Inspired Scholarship","Fulminating Rune","Elemental Rage"
"Sanity's Edge","Spiral Descender","https://www.esologs.com/reports/8MyXhgd6Tf1kJGV9#fight=60&type=summary&source=9","@adamsmith42","Non-Fat Lard","ardent-ass-herald-deadly-strike-perfected-sul-xans-torment","dps","Ardent","Ass","Herald","Deadly Strike","Perfected Sul-Xan's Torment","134568.1","4486.6","43.1","134568.1 DPS","","Iceheart Guise (Iceheart)","Deadly Jack (Deadly Strike)","Deadly Arm Cops (Deadly Strike)","Deadly Bracers (Deadly Strike)","","Deadly Guards (Deadly Strike)","Deadly Boots (Deadly Strike)","","Perfected Ring of Sul-Xan's Torment (Perfected Sul-Xan's Torment)","Perfected Ring of Sul-Xan's Torment (Perfected Sul-Xan's Torment)","Perfected Dagger of Sul-Xan's Torment (Perfected Sul-Xan's Torment)","Perfected Dagger of Sul-Xan's Torment (Perfected Sul-Xan's Torment)","The Maelstrom's Perfected Inferno Staff (Perfected Crushing Wall)"," ()","Killer's Blade","Pragmatic Fatecarver","Cephaliarch's Flail","Camouflaged Hunter","Quick Cloak","Soul Harvest","Inspired Scholarship","Proximity Detonation","Flames of Oblivion","Reaper's Mark","Elemental Blockade","Standard of Might"
"Sanity's Edge","Spiral Descender","https://www.esologs.com/reports/8MyXhgd6Tf1kJGV9#fight=60&type=summary&source=4","@D.ot","Hoards Cruxes","ardent-ass-herald-deadly-strike-perfected-sul-xans-torment","dps","Ardent","Ass","Herald","Deadly Strike","Perfected Sul-Xan's Torment","112491.6","4015.2","38.1","112491.6 DPS","","Slimecraw Mask (Slimecraw)","Deadly Jack (Deadly Strike)","Perfected Arm Cops of Sul-Xan's Torment (Perfected Sul-Xan's Torment)","Perfected Bracers of Sul-Xan's Torment (Perfected Sul-Xan's Torment)","","Perfected Guards of Sul-Xan's Torment (Perfected Sul-Xan's Torment)","Perfected Boots of Sul-Xan's Torment (Perfected Sul-Xan's Torment)","","Deadly Ring (Deadly Strike)","Deadly Ring (Deadly Strike)","Deadly Dagger (Deadly Strike)","Deadly Dagger (Deadly Strike)","The Maelstrom's Perfected Inferno Staff (Perfected Crushing Wall)"," ()","Banner Bearer","Quick Cloak","Cephaliarch's Flail","Pragmatic Fatecarver","Concealed Weapon","Soul Harvest","Banner Bearer","Elemental Blockade","Inspired Scholarship","Anti-Cavalry Caltrops","Flames of Oblivion","Elemental Rage"
"Sanity's Edge","Spiral Descender","https://www.esologs.com/reports/8MyXhgd6Tf1kJGV9#fight=60&type=summary&source=10","@Raly.K","Goofy Muffin","ardent-ass-herald-deadly-strike-perfected-sul-xans-torment","dps","Ardent","Ass","Herald","Perfected Sul-Xan's Torment","Deadly Strike","111732.7","7220.3","27.8","111732.7 DPS","","Valkyn Skoria Mask (Valkyn Skoria)","Perfected Jack of Sul-Xan's Torment (Perfected Sul-Xan's Torment)","Deadly Arm Cops (Deadly Strike)","Deadly Bracers (Deadly Strike)","","Perfected Guards of Sul-Xan's Torment (Perfected Sul-Xan's Torment)","Deadly Boots (Deadly Strike)","","Deadly Ring (Deadly Strike)","Deadly Ring (Deadly Strike)","Perfected Dagger of Sul-Xan's Torment (Perfected Sul-Xan's Torment)","Perfected Dagger of Sul-Xan's Torment (Perfected Sul-Xan's Torment)","The Maelstrom's Perfected Greatsword (Perfected Merciless Charge)"," ()","Killer's Blade","Camouflaged Hunter","Pragmatic Fatecarver","Cephaliarch's Flail","Quick Cloak","Soul Harvest","Stampede","Molten Whip","Flames of Oblivion","Inspired Scholarship","Sundering Trample","The Languid Eye"
"Sanity's Edge","Spiral Descender","https://www.esologs.com/reports/8MyXhgd6Tf1kJGV9#fight=60&type=summary&source=9","@GlitterIII","Sneaky Glitter","ardent-ass-herald-deadly-strike-perfected-sul-xans-torment","dps","Ardent","Ass","Herald","Deadly Strike","Perfected Sul-Xan's Torment","162273.4","11113.9","42.4","162273.4 DPS","The Thief","Kra'gh Guise (Kra'gh)","Deadly Jack (Deadly Strike)","Perfected Arm Cops of Sul-Xan's Torment (Perfected Sul-Xan's Torment)","Deadly Bracers (Deadly Strike)","","Deadly Guards (Deadly Strike)","Deadly Boots (Deadly Strike)","","Perfected Ring of Sul-Xan's Torment (Perfected Sul-Xan's Torment)","Perfected Ring of Sul-Xan's Torment (Perfected Sul-Xan's Torment)","Perfected Dagger of Sul-Xan's Torment (Perfected Sul-Xan's Torment)","Perfected Dagger of Sul-Xan's Torment (Perfected Sul-Xan's Torment)","The Maelstrom's Perfected Inferno Staff (Perfected Crushing Wall)"," ()","Cephaliarch's Flail","Pragmatic Fatecarver","Quick Cloak","Whirling Blades","Merciless Resolve","Soul Harvest","Anti-Cavalry Caltrops","Elemental Blockade","Flames of Oblivion","Inspired Scholarship","Reaper's Mark","Elemental Rage"
"Sanity's Edge","Spiral Descender","https://www.esologs.com/reports/8MyXhgd6Tf1kJGV9#fight=60&type=summary&source=11","@Klixse","Kizrana","ardent-ass-herald-deadly-strike-perfected-sul-xans-torment","dps","Ardent","Ass","Herald","Perfected Sul-Xan's Torment","Deadly Strike","117576.5","13295.3","39.5","117576.5 DPS","","Slimecraw Mask (Slimecraw)","Perfected Jack of Sul-Xan's Torment (Perfected Sul-Xan's Torment)","Deadly Arm Cops (Deadly Strike)","Perfected Bracers of Sul-Xan's Torment (Perfected Sul-Xan's Torment)","","Perfected Guards of Sul-Xan's Torment (Perfected Sul-Xan's Torment)","Perfected Boots of Sul-Xan's Torment (Perfected Sul-Xan's Torment)","","Deadly Ring (Deadly Strike)","Deadly Ring (Deadly Strike)","The Maelstrom's Inferno Staff (Crushing Wall)"," ()","Deadly Dagger (Deadly Strike)","Deadly Dagger (Deadly Strike)","Elemental Blockade","Anti-Cavalry Caltrops","Inspired Scholarship","Molten Whip","Banner Bearer","The Languid Eye","Quick Cloak","Cephaliarch's Flail","Pragmatic Fatecarver","Flames of Oblivion","Banner Bearer","Soul Harvest"
"Sanity's Edge","Spiral Descender","https://www.esologs.com/reports/8MyXhgd6Tf1kJGV9#fight=60&type=summary&source=9","@DIVI002","Liest-jedes-Buch","ardent-ass-herald-deadly-strike-perfected-sul-xans-torment","dps","Ardent","Ass","Herald","Perfected Sul-Xan's Torment","Deadly Strike","118977.5","13696.4","25.7","118977.5 DPS","","Slimecraw Mask (Slimecraw)","Perfected Jack of Sul-Xan's Torment (Perfected Sul-Xan's Torment)","Deadly Arm Cops (Deadly Strike)","Perfected Bracers of Sul-Xan's Torment (Perfected Sul-Xan's Torment)","","Perfected Guards of Sul-Xan's Torment (Perfected Sul-Xan's Torment)","Perfected Boots of Sul-Xan's Torment (Perfected Sul-Xan's Torment)","","Deadly Ring (Deadly Strike)","Deadly Ring (Deadly Strike)","Deadly Dagger (Deadly Strike)","Deadly Dagger (Deadly Strike)","The Maelstrom's Perfected Inferno Staff (Perfected Crushing Wall)"," ()","Quick Cloak","Camouflaged Hunter","Cephaliarch's Flail","Pragmatic Fatecarver","Relentless Focus","Soul Harvest","Elemental Blockade","Molten Whip","Inspired Scholarship","Flames of Oblivion","Camouflaged Hunter","The Languid Eye"
"Sanity's Edge","Spiral Descender","https://www.esologs.com/reports/9bh6rW3nAL84CRq7#fight=68&type=summary&source=9","@Lorelay123","Saint-Pierre et Miquelon","ass-dawn-herald-deadly-strike-perfected-sul-xans-torment","dps","Ass","Dawn","Herald","Deadly Strike","Perfected Sul-Xan's Torment","162179.4","16939.8","9.4","162179.4 DPS","The Thief","Slimecraw Guise (Slimecraw)","Deadly Jack (Deadly Strike)","Perfected Arm Cops of Sul-Xan's Torment (Perfected Sul-Xan's Torment)","Deadly Bracers (Deadly Strike)","","Deadly Guards (Deadly Strike)","Deadly Boots (Deadly Strike)","","Perfected Ring of Sul-Xan's Torment (Perfected Sul-Xan's Torment)","Perfected Ring of Sul-Xan's Torment (Perfected Sul-Xan's Torment)","Perfected Dagger of Sul-Xan's Torment (Perfected Sul-Xan's Torment)","Perfected Dagger of Sul-Xan's Torment (Perfected Sul-Xan's Torment)","The Maelstrom's Perfected Inferno Staff (Perfected Crushing Wall)"," ()","Cephaliarch's Flail","Pragmatic Fatecarver","Quick Cloak","Radiant Glory","Camouflaged Hunter","Incapacitating Strike","Ulfsild's Contingency","Elemental Blockade","Solar Barrage","Inspired Scholarship","Camouflaged Hunter","The Languid Eye"
"Sanity's Edge","Spiral Descender","https://www.esologs.com/reports/9bh6rW3nAL84CRq7#fight=68&type=summary&source=1","@Chomper876","The Carry Has Arrived","ass-dawn-herald-deadly-strike-perfected-sul-xans-torment","dps","Ass","Dawn","Herald","Deadly Strike","Perfected Sul-Xan's Torment","111441.2","11156.2","53.3","111441.2 DPS","","Zaan Guise (Zaan)","Deadly Jack (Deadly Strike)","Perfected Arm Cops of Sul-Xan's Torment (Perfected Sul-Xan's Torment)","Deadly Bracers (Deadly Strike)","","Deadly Guards (Deadly Strike)","Deadly Boots (Deadly Strike)","","Perfected Ring of Sul-Xan's Torment (Perfected Sul-Xan's Torment)","Perfected Ring of Sul-Xan's Torment (Perfected Sul-Xan's Torment)","Perfected Dagger of Sul-Xan's Torment (Perfected Sul-Xan's Torment)","Perfected Dagger of Sul-Xan's Torment (Perfected Sul-Xan's Torment)","The Maelstrom's Perfected Inferno Staff (Perfected Crushing Wall)"," ()","Pragmatic Fatecarver","Cephaliarch's Flail","Radiant Glory","Relentless Focus","Quick Cloak","Soul Harvest","Blockade of Fire","Inspired Scholarship","Solar Barrage","Proximity Detonation","Anti-Cavalry Caltrops","Fiery Rage"
"Sanity's Edge","Spiral Descender","https://www.esologs.com/reports/9bh6rW3nAL84CRq7#fight=68&type=summary&source=7","@krdntro","kr arca","ass-dawn-herald-deadly-strike-perfected-sul-xans-torment","dps","Ass","Dawn","Herald","Perfected Sul-Xan's Torment","Deadly Strike","157216.7","10136.4","31.3","157216.7 DPS","","Perfected Helmet of Sul-Xan's Torment (Perfected Sul-Xan's Torment)","Deadly Jack (Deadly Strike)","Valkyn Skoria Epaulets (Valkyn Skoria)","Deadly Bracers (Deadly Strike)","","Deadly Guards (Deadly Strike)","Deadly Boots (Deadly Strike)","","Perfected Ring of Sul-Xan's Torment (Perfected Sul-Xan's Torment)","Perfected Ring of Sul-Xan's Torment (Perfected Sul-Xan's Torment)","Perfected Dagger of Sul-Xan's Torment (Perfected Sul-Xan's Torment)","Perfected Dagger of Sul-Xan's Torment (Perfected Sul-Xan's Torment)","The Maelstrom's Perfected Inferno Staff (Perfected Crushing Wall)"," ()","Cephaliarch's Flail","Radiant Glory","Camouflaged Hunter","Pragmatic Fatecarver","Quick Cloak","Soul Harvest","Proximity Detonation","Anti-Cavalry Caltrops","Inspired Scholarship","Solar Barrage","Elemental Blockade","Elemental Rage"
"Sanity's Edge","Spiral Descender","https://www.esologs.com/reports/9bh6rW3nAL84CRq7#fight=68&type=summary&source=9","@RedKz4","Vegannist","ass-dawn-herald-deadly-strike-perfected-sul-xans-torment","dps","Ass","Dawn","Herald","Perfected Sul-Xan's Torment","Deadly Strike","141619.2","6845.1","24.3","141619.2 DPS","","Archdruid Devyric's Guise (Archdruid Devyric)","Perfected Jack of Sul-Xan's Torment (Perfected Sul-Xan's Torment)","Deadly Arm Cops (Deadly Strike)","Deadly Bracers (Deadly Strike)","","Deadly Guards (Deadly Strike)","Deadly Boots (Deadly Strike)","","Perfected Ring of Sul-Xan's Torment (Perfected Sul-Xan's Torment)","Perfected Ring of Sul-Xan's Torment (Perfected Sul-Xan's Torment)","Perfected Dagger of Sul-Xan's Torment (Perfected Sul-Xan's Torment)","Perfected Dagger of Sul-Xan's Torment (Perfected Sul-Xan's Torment)","The Maelstrom's Perfected Inferno Staff (Perfected Crushing Wall)"," ()","Cephaliarch's Flail","Pragmatic Fatecarver","Quick Cloak","Camouflaged Hunter","Banner Bearer","Soul Harvest","Elemental Blockade","Inspired Scholarship","Solar Barrage","Proximity Detonation","Banner Bearer","Elemental Rage"
"Sanity's Edge","Spiral Descender","https://www.esologs.com/reports/9bh6rW3nAL84CRq7#fight=68&type=summary&source=10","@Blageniy","Arcashaa","ass-dawn-herald-deadly-strike-perfected-sul-xans-torment","dps","Ass","Dawn","Herald","Deadly Strike","Perfected Sul-Xan's Torment","122853.5","9133.5","21.5","122853.5 DPS","","Slimecraw Guise (Slimecraw)","Deadly Jack (Deadly Strike)","Perfected Arm Cops of Sul-Xan's Torment (Perfected Sul-Xan's Torment)","Deadly Bracers (Deadly Strike)","","Deadly Guards (Deadly Strike)","Deadly Boots (Deadly Strike)","","Perfected Ring of Sul-Xan's Torment (Perfected Sul-Xan's Torment)","Perfected Ring of Sul-Xan's Torment (Perfected Sul-Xan's Torment)","Perfected Sword of Sul-Xan's Torment (Perfected Sul-Xan's Torment)","Perfected Sword of Sul-Xan's Torment (Perfected Sul-Xan's Torment)","The Maelstrom's Perfected Inferno Staff (Perfected Crushing Wall)"," ()","Pragmatic Fatecarver","Cephaliarch's Flail","Radiant Glory","Quick Cloak","Camouflaged Hunter","Soul Harvest","Inspired Scholarship","Solar Barrage","Elemental Blockade","Proximity Detonation","Reaper's Mark","The Languid Eye"
"Sanity's Edge","Spiral Descender","https://www.esologs.com/reports/9bh6rW3nAL84CRq7#fight=68&type=summary&source=8","@SeregaParadox","'Paradoxx","ass-dawn-herald-deadly-strike-perfected-sul-xans-torment","dps","Ass","Dawn","Herald","Perfected Sul-Xan's Torment","Deadly Strike","103755.7","7576.2","43.0","103755.7 DPS","","Perfected Helmet of Sul-Xan's Torment (Perfected Sul-Xan's Torment)","Perfected Jack of Sul-Xan's Torment (Perfected Sul-Xan's Torment)","Slimecraw Epaulets (Slimecraw)","Perfected Bracers of Sul-Xan's Torment (Perfected Sul-Xan's Torment)","","Deadly Guards (Deadly Strike)","Perfected Boots of Sul-Xan's Torment (Perfected Sul-Xan's Torment)","","Deadly Ring (Deadly Strike)","Deadly Ring (Deadly Strike)","Deadly Dagger (Deadly Strike)","Deadly Dagger (Deadly Strike)","The Maelstrom's Perfected Inferno Staff (Perfected Crushing Wall)"," ()","Cephaliarch's Flail","Quick Cloak","Radiant Glory","Camouflaged Hunter","Pragmatic Fatecarver","Soul Harvest","Elemental Blockade","Inspired Scholarship","Fulminating Rune","Concealed Weapon","Solar Barrage","The Languid Eye"
"Sanity's Edge","Spiral Descender","https://www.esologs.com/reports/9bh6rW3nAL84CRq7#fight=68&type=summary&source=9","nil","Anonymous 9","ass-dawn-herald-deadly-strike-perfected-sul-xans-torment","dps","Ass","Dawn","Herald","Deadly Strike","Perfected Sul-Xan's Torment","141652.0","11608.2","35.8","141652.0 DPS","","Deadly Helmet (Deadly Strike)","Perfected Jack of Sul-Xan's Torment (Perfected Sul-Xan's Torment)","Slimecraw Epaulets (Slimecraw)","Deadly Bracers (Deadly Strike)","","Perfected Guards of Sul-Xan's Torment (Perfected Sul-Xan's Torment)","Perfected Boots of Sul-Xan's Torment (Perfected Sul-Xan's Torment)","","Perfected Ring of Sul-Xan's Torment (Perfected Sul-Xan's Torment)","Perfected Ring of Sul-Xan's Torment (Perfected Sul-Xan's Torment)","Deadly Dagger (Deadly Strike)","Deadly Dagger (Deadly Strike)","The Maelstrom's Perfected Inferno Staff (Perfected Crushing Wall)"," ()","Pragmatic Fatecarver","Cephaliarch's Flail","Radiant Glory","Camouflaged Hunter","Quick Cloak","Soul Harvest","Elemental Blockade","Reaper's Mark","Solar Barrage","Inspired Scholarship","Proximity Detonation","The Languid Eye"
"Sanity's Edge","Spiral Descender","https://www.esologs.com/reports/Hrh8gjfFX1k4mpCx#fight=42&type=summary&source=13","@zDarkus","-Darkus","ass-dawn-herald-deadly-strike-perfected-ansuuls-torment","dps","Ass","Dawn","Herald","Perfected Ansuul's Torment","Deadly Strike","159029.8","11412.0","45.1","159029.8 DPS","The Thief","Ansuul's Perfected Helmet (Perfected Ansuul's Torment)","Deadly Jack (Deadly Strike)","Valkyn Skoria Epaulets (Valkyn Skoria)","Deadly Bracers (Deadly Strike)","","Deadly Guards (Deadly Strike)","Ansuul's Perfected Boots (Perfected Ansuul's Torment)","","Ansuul's Perfected Ring (Perfected Ansuul's Torment)","Ansuul's Perfected Ring (Perfected Ansuul's Torment)","Deadly Dagger (Deadly Strike)","Deadly Dagger (Deadly Strike)","The Maelstrom's Perfected Greatsword (Perfected Merciless Charge)"," ()","Cephaliarch's Flail","Camouflaged Hunter","Radiant Glory","Pragmatic Fatecarver","Quick Cloak","Soul Harvest","Stampede","Inspired Scholarship","Solar Barrage","Fulminating Rune","Camouflaged Hunter","The Languid Eye"
"Sanity's Edge","Spiral Descender","https://www.esologs.com/reports/Hrh8gjfFX1k4mpCx#fight=42&type=summary&source=2","@T.exe","Blinded-by the-lights","ass-dawn-herald-deadly-strike-perfected-ansuuls-torment","dps","Ass","Dawn","Herald","Perfected Ansuul's Torment","Deadly Strike","118319.4","9271.2","38.2","118319.4 DPS","","Valkyn Skoria Mask (Valkyn Skoria)","Ansuul's Perfected Jack (Perfected Ansuul's Torment)","Deadly Arm Cops (Deadly Strike)","Ansuul's Perfected Bracers (Perfected Ansuul's Torment)","","Ansuul's Perfected Guards (Perfected Ansuul's Torment)","Ansuul's Perfected Boots (Perfected Ansuul's Torment)","","Deadly Ring (Deadly Strike)","Deadly Ring (Deadly Strike)","Deadly Dagger (Deadly Strike)","Deadly Dagger (Deadly Strike)","The Maelstrom's Perfected Greatsword (Perfected Merciless Charge)"," ()","Banner Bearer","Quick Cloak","Cephaliarch's Flail","Radiant Glory","Pragmatic Fatecarver","Soul Harvest","Concealed Weapon","Stampede","Solar Barrage","Inspired Scholarship","Banner Bearer","The Languid Eye"
"Sanity's Edge","Spiral Descender","https://www.esologs.com/reports/Hrh8gjfFX1k4mpCx#fight=42&type=summary&source=4","@Woolxxl1","Blockt mit Büchern","ass-dawn-herald-deadly-strike-perfected-ansuuls-torment","dps","Ass","Dawn","Herald","Perfected Ansuul's Torment","Deadly Strike","153077.8","10400.4","45.0","153077.8 DPS","","Slimecraw Guise (Slimecraw)","Ansuul's Perfected Jack (Perfected Ansuul's Torment)","Deadly Arm Cops (Deadly Strike)","Ansuul's Perfected Bracers (Perfected Ansuul's Torment)","","Ansuul's Perfected Guards (Perfected Ansuul's Torment)","Ansuul's Perfected Boots (Perfected Ansuul's Torment)","","Deadly Ring (Deadly Strike)","Deadly Ring (Deadly Strike)","Deadly Dagger (Deadly Strike)","Deadly Dagger (Deadly Strike)","The Maelstrom's Perfected Inferno Staff (Perfected Crushing Wall)"," ()","Radiant Glory","Cephaliarch's Flail","Pragmatic Fatecarver","Quick Cloak","Camouflaged Hunter","Incapacitating Strike","Fulminating Rune","Solar Barrage","Unstable Wall of Elements","Inspired Scholarship","Camouflaged Hunter","The Languid Eye"
"Sanity's Edge","Spiral Descender","https://www.esologs.com/reports/Hrh8gjfFX1k4mpCx#fight=42&type=summary&source=7","@Notagarami","mytears","ass-dawn-herald-deadly-strike-perfected-ansuuls-torment","dps","Ass","Dawn","Herald","Perfected Ansuul's Torment","Deadly Strike","144464.7","7588.5","43.0","144464.7 DPS","","Nerien'eth Guise (Nerien'eth)","Ansuul's Perfected Jack (Perfected Ansuul's Torment)","Deadly Arm Cops (Deadly Strike)","Ansuul's Perfected Bracers (Perfected Ansuul's Torment)","","Ansuul's Perfected Guards (Perfected Ansuul's Torment)","Ansuul's Perfected Boots (Perfected Ansuul's Torment)","","Deadly Ring (Deadly Strike)","Deadly Ring (Deadly Strike)","Deadly Dagger (Deadly Strike)","Deadly Dagger (Deadly Strike)","The Maelstrom's Inferno Staff (Crushing Wall)"," ()","Barbed Trap","Cephaliarch's Flail","Quick Cloak","Pragmatic Fatecarver","Camouflaged Hunter","Incapacitating Strike","Inspired Scholarship","Elemental Blockade","Anti-Cavalry Caltrops","Solar Barrage","Proximity Detonation","The Languid Eye"
"Sanity's Edge","Spiral Descender","https://www.esologs.com/reports/Hrh8gjfFX1k4mpCx#fight=42&type=summary&source=5","@Soul_deTalo","Lina-Soul","ass-dawn-herald-deadly-strike-perfected-ansuuls-torment","dps","Ass","Dawn","Herald","Perfected Ansuul's Torment","Deadly Strike","145928.5","11159.6","32.3","145928.5 DPS","","Slimecraw Guise (Slimecraw)","Ansuul's Perfected Jack (Perfected Ansuul's Torment)","Deadly Arm Cops (Deadly Strike)","Ansuul's Perfected Bracers (Perfected Ansuul's Torment)","","Ansuul's Perfected Guards (Perfected Ansuul's Torment)","Ansuul's Perfected Boots (Perfected Ansuul's Torment)","","Deadly Ring (Deadly Strike)","Deadly Ring (Deadly Strike)","Deadly Dagger (Deadly Strike)","Deadly Dagger (Deadly Strike)","The Maelstrom's Perfected Inferno Staff (Perfected Crushing Wall)"," ()","Banner Bearer","Quick Cloak","Cephaliarch's Flail","Pragmatic Fatecarver","Radiant Oppression","Incapacitating Strike","Banner Bearer","Elemental Blockade","Solar Barrage","Recuperative Treatise","Relentless Focus","The Languid Eye"
"Sanity's Edge","Spiral Descender","https://www.esologs.com/reports/FCJdQ8bZRvBxcKtL#fight=3&type=summary&source=4","@mikaleidoscorpion","Aurora Surrealis","resto-siphon-x-jorvulds-guidance-perfected-roaring-opportunist","healer","Siphon","Resto","x","Jorvuld's Guidance","Perfected Roaring Opportunist","10447.8","62617.9","43.0","62617.9 HPS","","Symphony of Blades Guise (Symphony of Blades)","Jorvuld's Guidance Robe (Jorvuld's Guidance)","Symphony of Blades Arm Cops (Symphony of Blades)","Jorvuld's Guidance Gloves (Jorvuld's Guidance)","","Jorvuld's Guidance Breeches (Jorvuld's Guidance)","Jorvuld's Guidance Shoes (Jorvuld's Guidance)","","Roaring Opportunist's Perfected Ring (Perfected Roaring Opportunist)","Roaring Opportunist's Perfected Ring (Perfected Roaring Opportunist)","The Master's Perfected Restoration Staff (Perfected Grand Rejuvenation)"," ()","Roaring Opportunist's Perfected Dagger (Perfected Roaring Opportunist)","Roaring Opportunist's Perfected Dagger (Perfected Roaring Opportunist)","Siphoning Attacks","Radiating Regeneration","Illustrious Healing","Combat Prayer","Echoing Vigor","Reviving Barrier","Magical Trample","Radiant Aura","Magic Knife","Extended Ritual","Quick Cloak","Aggressive Horn"
"Sanity's Edge","Spiral Descender","https://www.esologs.com/reports/FCJdQ8bZRvBxcKtL#fight=3&type=summary&source=1","@Iosum","Ra'Zax Nazakar","resto-siphon-x-jorvulds-guidance-perfected-roaring-opportunist","healer","Siphon","Resto","x","Jorvuld's Guidance","Perfected Roaring Opportunist","10986.6","91828.9","59.0","91828.9 HPS","The Ritual","The Blind Mask (The Blind)","Jorvuld's Guidance Robe (Jorvuld's Guidance)","The Blind Epaulets (The Blind)","Jorvuld's Guidance Gloves (Jorvuld's Guidance)","","Jorvuld's Guidance Breeches (Jorvuld's Guidance)","Jorvuld's Guidance Shoes (Jorvuld's Guidance)","","Roaring Opportunist's Perfected Ring (Perfected Roaring Opportunist)","Roaring Opportunist's Perfected Ring (Perfected Roaring Opportunist)","The Master's Perfected Restoration Staff (Perfected Grand Rejuvenation)"," ()","Roaring Opportunist's Perfected Lightning Staff (Perfected Roaring Opportunist)"," ()","Radiating Regeneration","Combat Prayer","Illustrious Healing","Warding Bond","Ulfsild's Contingency","Soul Siphon","Elemental Blockade","Echoing Vigor","Warding Burst","Extended Ritual","Magical Trample","Aggressive Horn"
"Sanity's Edge","Spiral Descender","https://www.esologs.com/reports/D4PgdwaFhcjNzytq#fight=101&type=summary&source=141","@Candron_Cynical","Beaming-With-Tee-Hee","daedric-resto-soldier-perfected-lucent-echoes-powerful-assault","tank","Daedric","Resto","Soldier","Powerful Assault","Perfected Lucent Echoes","11403.8","26570.1","100.6","100.6 CPM","The Atronach","Magma Incarnate Mask (Magma Incarnate)","Lucent Echoes Perfected Cuirass (Perfected Lucent Echoes)","Spaulder of Ruin (Spaulder of Ruin)","Lucent Echoes Perfected Gauntlets (Perfected Lucent Echoes)","","Lucent Echoes Perfected Greaves (Perfected Lucent Echoes)","Lucent Echoes Perfected Sabatons (Perfected Lucent Echoes)","","Ring of the Powerful Assault (Powerful Assault)","Ring of the Powerful Assault (Powerful Assault)","Ice Staff of the Powerful Assault (Powerful Assault)"," ()","Ice Staff of the Powerful Assault (Powerful Assault)"," ()","Inner Rage","Pulsar","Impervious Runeward","Restoring Focus","Leashing Soul","Gibbering Shelter","Razor Caltrops","Elemental Blockade","Extended Ritual","Echoing Vigor","Charging Maneuver","Summon Charged Atronach"
"Sanity's Edge","Spiral Descender","https://www.esologs.com/reports/D4PgdwaFhcjNzytq#fight=101&type=summary&source=1","@Candron_Cynical","Beaming-With-Tee-Hee","daedric-resto-soldier-perfected-lucent-echoes-powerful-assault","tank","Daedric","Resto","Soldier","Powerful Assault","Perfected Lucent Echoes","6318.1","19203.6","47.3","47.3 CPM","","Magma Incarnate Mask (Magma Incarnate)","Lucent Echoes Perfected Cuirass (Perfected Lucent Echoes)","Spaulder of Ruin (Spaulder of Ruin)","Lucent Echoes Perfected Gauntlets (Perfected Lucent Echoes)","","Lucent Echoes Perfected Greaves (Perfected Lucent Echoes)","Lucent Echoes Perfected Sabatons (Perfected Lucent Echoes)","","Ring of the Powerful Assault (Powerful Assault)","Ring of the Powerful Assault (Powerful Assault)","Ice Staff of the Powerful Assault (Powerful Assault)"," ()","Ice Staff of the Powerful Assault (Powerful Assault)"," ()","Inner Rage","Frost Pulsar","Impervious Runeward","Bound Aegis","Leashing Soul (Druid's Resurgence / Maim)","Gibbering Shelter","Razor Caltrops","Blockade of Frost","Extended Ritual","Echoing Vigor","Charging Maneuver","Summon Charged Atronach"
"Sanity's Edge","Spiral Descender","https://www.esologs.com/reports/D4PgdwaFhcjNzytq#fight=101&type=summary&source=148","@benelian","Vianthi","curative-green-siphon-perfected-pillagers-profit-spell-power-cure","healer","Siphon","Green","Curative","Perfected Pillager's Profit","Spell Power Cure","6282.7","125968.7","54.9","125968.7 HPS","The Ritual","The Blind Guise (The Blind)","Perfected Pillager's Robe (Perfected Pillager's Profit)","The Blind Epaulets (The Blind)","Perfected Pillager's Gloves (Perfected Pillager's Profit)","","Spell Power Cure Breeches (Spell Power Cure)","Spell Power Cure Shoes (Spell Power Cure)","","Perfected Pillager's Band (Perfected Pillager's Profit)","Perfected Pillager's Band (Perfected Pillager's Profit)","Perfected Pillager's Lightning Staff (Perfected Pillager's Profit)"," ()","Spell Power Cure Restoration Staff (Spell Power Cure)"," ()","Chakram of Destiny","Elemental Blockade","Overflowing Altar","Mystic Orb","Echoing Vigor","Reviving Barrier","Budding Seeds","Combat Prayer","Illustrious Healing","Radiating Regeneration","Siphoning Attacks","Soul Siphon"
"Sanity's Edge","Spiral Descender","https://www.esologs.com/reports/D4PgdwaFhcjNzytq#fight=101&type=summary&source=2","@MiaMaria456","First-aid-kiit","curative-green-siphon-perfected-pillagers-profit-spell-power-cure","healer","Siphon","Green","Curative","Perfected Pillager's Profit","Spell Power Cure","4542.4","116218.6","83.7","116218.6 HPS","","Ozezan the Inferno's Guise (Ozezan the Inferno)","Perfected Pillager's Robe (Perfected Pillager's Profit)","Ozezan the Inferno's Epaulets (Ozezan the Inferno)","Spell Power Cure Gloves (Spell Power Cure)","","Spell Power Cure Breeches (Spell Power Cure)","Spell Power Cure Shoes (Spell Power Cure)","","Perfected Pillager's Band (Perfected Pillager's Profit)","Perfected Pillager's Band (Perfected Pillager's Profit)","Spell Power Cure Restoration Staff (Spell Power Cure)"," ()","Perfected Pillager's Lightning Staff (Perfected Pillager's Profit)"," ()","Combat Prayer","Illustrious Healing","Budding Seeds","Healthy Offering","Echoing Vigor","Soul Siphon","Chakram of Destiny","Elemental Blockade","Energy Orb","Ulfsild's Contingency","Siphoning Attacks","Reviving Barrier"
"Sanity's Edge","Spiral Descender","https://www.esologs.com/reports/fmqadFNXjJKnhRGv#fight=8&type=summary&source=1","@r.avs","Aësur","earthen-storm-winter-perfected-pearlescent-ward-turning-tide","tank","Earthen","Storm","Winter","Perfected Pearlescent Ward","Turning Tide","4197.8","11391.5","62.3","62.3 CPM","","Helm of the Trainee (Armor of the Trainee)","Cryptcanon Vestments (Cryptcanon Vestments)","Perfected Pearlescent Pauldrons (Perfected Pearlescent Ward)","Perfected Pearlescent Gauntlets (Perfected Pearlescent Ward)","","Perfected Pearlescent Greaves (Perfected Pearlescent Ward)","Perfected Pearlescent Sabatons (Perfected Pearlescent Ward)","","Ring of the Turning Tide (Turning Tide)","Ring of the Turning Tide (Turning Tide)","Ice Staff of the Trainee (Armor of the Trainee)"," ()","Ice Staff of the Turning Tide (Turning Tide)"," ()","Razor Caltrops","Leashing Soul","Inner Rage","Ball of Lightning","Banner Bearer","Crypt Transfer","Expansive Frost Cloak","Blockade of Frost","Echoing Vigor","Banner Bearer","Igneous Weapons","Crypt Transfer"
"Sanity's Edge","Spiral Descender","https://www.esologs.com/reports/fmqadFNXjJKnhRGv#fight=8&type=summary&source=17","@dappr","Que Pasa Cuh","earthen-storm-winter-perfected-pearlescent-ward-turning-tide","tank","Earthen","Storm","Winter","Perfected Pearlescent Ward","Turning Tide","7709.6","3377.5","40.2","40.2 CPM","","Archdruid Devyric's Guise (Archdruid Devyric)","Perfected Pearlescent Cuirass (Perfected Pearlescent Ward)","Archdruid Devyric's Arm Cops (Archdruid Devyric)","Perfected Pearlescent Gauntlets (Perfected Pearlescent Ward)","","Perfected Pearlescent Greaves (Perfected Pearlescent Ward)","Perfected Pearlescent Sabatons (Perfected Pearlescent Ward)","","Ring of the Turning Tide (Turning Tide)","Ring of the Turning Tide (Turning Tide)","Ice Staff of the Turning Tide (Turning Tide)"," ()","Saxhleel Champion's Perfected Ice Staff (Perfected Saxhleel Champion)"," ()","Ball of Lightning","Leashing Soul (Druid's Resurgence / Maim)","Pulsar","Inner Rage","Polar Wind","Temporal Guard","Blockade of Frost","Razor Caltrops","Charging Maneuver","Igneous Weapons","Expansive Frost Cloak","Aggressive Horn"
"Sanity's Edge","Archwizard Twelvane and Chimera","https://www.esologs.com/reports/FCJdQ8bZRvBxcKtL#fight=12&type=summary&source=12","@SadYoungMan","The Eighth Inner Gate","ardent-ass-herald-perfected-slivers-of-the-null-arca-tide-born-wildstalker","dps","Ardent","Ass","Herald","Perfected Slivers of the Null Arca","Tide-Born Wildstalker","150024.8","7488.8","40.9","150024.8 DPS","","Valkyn Skoria Guise (Valkyn Skoria)","Perfected Null Arca Jack (Perfected Slivers of the Null Arca)","Perfected Null Arca Arm Cops (Perfected Slivers of the Null Arca)","Perfected Null Arca Bracers (Perfected Slivers of the Null Arca)","","Tide-Born Guards (Tide-Born Wildstalker)","Perfected Null Arca Boots (Perfected Slivers of the Null Arca)","","Tide-Born Ring (Tide-Born Wildstalker)","Tide-Born Ring (Tide-Born Wildstalker)","Tide-Born Lightning Staff (Tide-Born Wildstalker)"," ()","The Maelstrom's Perfected Greatsword (Perfected Merciless Charge)"," ()","Cephaliarch's Flail","Pragmatic Fatecarver","Barbed Trap","Venomous Claw","Echoing Vigor","Soul Harvest","Stampede","Inspired Scholarship","Fulminating Rune","Flames of Oblivion","Molten Whip","Standard of Might"
"Sanity's Edge","Archwizard Twelvane and Chimera","https://www.esologs.com/reports/FCJdQ8bZRvBxcKtL#fight=12&type=summary&source=9","nil","Offline","ardent-ass-herald-perfected-slivers-of-the-null-arca-tide-born-wildstalker","dps","Ardent","Ass","Herald","Tide-Born Wildstalker","Perfected Slivers of the Null Arca","144669.4","8084.7","59.2","144669.4 DPS",""," (Huntsman's Warmask)","Tide-Born Jack (Tide-Born Wildstalker)","Valkyn Skoria Epaulets (Valkyn Skoria)","Tide-Born Bracers (Tide-Born Wildstalker)","","Tide-Born Guards (Tide-Born Wildstalker)","Tide-Born Boots (Tide-Born Wildstalker)","","Perfected Null Arca Ring (Perfected Slivers of the Null Arca)","Perfected Null Arca Ring (Perfected Slivers of the Null Arca)","Perfected Null Arca Dagger (Perfected Slivers of the Null Arca)","Perfected Null Arca Dagger (Perfected Slivers of the Null Arca)","The Maelstrom's Perfected Inferno Staff (Perfected Crushing Wall)"," ()","Killer's Blade","Escalating Runeblades","Tentacular Dread","Relentless Focus","Barbed Trap","Soul Harvest","Echoing Vigor","Elemental Blockade","Venomous Claw","Inspired Scholarship","Flames of Oblivion","Standard of Might"
"Sanity's Edge","Archwizard Twelvane and Chimera","https://www.esologs.com/reports/FCJdQ8bZRvBxcKtL#fight=12&type=summary&source=12","@PartialEthos","Schmethos","ardent-ass-herald-perfected-slivers-of-the-null-arca-tide-born-wildstalker","dps","Ardent","Ass","Herald","Tide-Born Wildstalker","Perfected Slivers of the Null Arca","173735.4","7457.8","77.9","173735.4 DPS","The Thief"," (Huntsman's Warmask)","Tide-Born Jack (Tide-Born Wildstalker)","Valkyn Skoria Epaulets (Valkyn Skoria)","Tide-Born Bracers (Tide-Born Wildstalker)","","Tide-Born Guards (Tide-Born Wildstalker)","Tide-Born Boots (Tide-Born Wildstalker)","","Perfected Null Arca Ring (Perfected Slivers of the Null Arca)","Perfected Null Arca Ring (Perfected Slivers of the Null Arca)","Perfected Null Arca Bow (Perfected Slivers of the Null Arca)"," ()","The Maelstrom's Perfected Greatsword (Perfected Merciless Charge)"," ()","Escalating Runeblades","Tentacular Dread","Merciless Resolve","Killer's Blade","Barbed Trap","Soul Harvest","Stampede","Venomous Claw","Flames of Oblivion","Inspired Scholarship","Molten Whip","Standard of Might"
"Sanity's Edge","Archwizard Twelvane and Chimera","https://www.esologs.com/reports/FCJdQ8bZRvBxcKtL#fight=12&type=summary&source=2","@BooRadzz","Boo Rad","ardent-ass-herald-perfected-slivers-of-the-null-arca-tide-born-wildstalker","dps","Ardent","Ass","Herald","Perfected Slivers of the Null Arca","Tide-Born Wildstalker","113001.8","5168.5","30.7","113001.8 DPS","","Slimecraw Guise (Slimecraw)","Perfected Null Arca Jack (Perfected Slivers of the Null Arca)","Tide-Born Arm Cops (Tide-Born Wildstalker)","Perfected Null Arca Bracers (Perfected Slivers of the Null Arca)","","Perfected Null Arca Guards (Perfected Slivers of the Null Arca)","Perfected Null Arca Boots (Perfected Slivers of the Null Arca)","","Tide-Born Ring (Tide-Born Wildstalker)","Tide-Born Ring (Tide-Born Wildstalker)","Tide-Born Dagger (Tide-Born Wildstalker)","Tide-Born Dagger (Tide-Born Wildstalker)","The Maelstrom's Perfected Inferno Staff (Perfected Crushing Wall)"," ()","Cephaliarch's Flail","Killer's Blade","Pragmatic Fatecarver","Camouflaged Hunter","Shocking Banner (Cavalier's Charge / Courage)","Incapacitating Strike","Flames of Oblivion","Echoing Vigor","Blockade of Fire","Shocking Banner (Cavalier's Charge / Courage)","Inspired Scholarship","Standard of Might"
"Sanity's Edge","Archwizard Twelvane and Chimera","https://www.esologs.com/reports/FCJdQ8bZRvBxcKtL#fight=12&type=summary&source=10","@Rare_Form","Sheburnsall","ardent-ass-herald-perfected-slivers-of-the-null-arca-tide-born-wildstalker","dps","Ardent","Ass","Herald","Perfected Slivers of the Null Arca","Tide-Born Wildstalker","157941.9","10622.1","64.1","157941.9 DPS",""," (Huntsman's Warmask)","Perfected Null Arca Jack (Perfected Slivers of the Null Arca)","Slimecraw Arm Cops (Slimecraw)","Perfected Null Arca Bracers (Perfected Slivers of the Null Arca)","","Perfected Null Arca Guards (Perfected Slivers of the Null Arca)","Perfected Null Arca Boots (Perfected Slivers of the Null Arca)","","Tide-Born Ring (Tide-Born Wildstalker)","Tide-Born Ring (Tide-Born Wildstalker)","Tide-Born Bow (Tide-Born Wildstalker)"," ()","The Maelstrom's Perfected Greatsword (Perfected Merciless Charge)"," ()","Escalating Runeblades","Relentless Focus","Barbed Trap","Killer's Blade","Tentacular Dread","Incapacitating Strike","Stampede","Flames of Oblivion","Echoing Vigor","Venomous Claw","Inspired Scholarship","Standard of Might"
"Sanity's Edge","Archwizard Twelvane and Chimera","https://www.esologs.com/reports/FCJdQ8bZRvBxcKtL#fight=12&type=summary&source=16","@Oshin3","Spooky Oshin","ardent-ass-herald-perfected-slivers-of-the-null-arca-tide-born-wildstalker","dps","Ardent","Ass","Herald","Perfected Slivers of the Null Arca","Tide-Born Wildstalker","141919.7","9919.5","47.1","141919.7 DPS",""," (Huntsman's Warmask)","Perfected Null Arca Jack (Perfected Slivers of the Null Arca)","Zaan Arm Cops (Zaan)","Perfected Null Arca Bracers (Perfected Slivers of the Null Arca)","","Perfected Null Arca Guards (Perfected Slivers of the Null Arca)","Perfected Null Arca Boots (Perfected Slivers of the Null Arca)","","Tide-Born Ring (Tide-Born Wildstalker)","Tide-Born Ring (Tide-Born Wildstalker)","Tide-Born Lightning Staff (Tide-Born Wildstalker)"," ()","The Maelstrom's Perfected Greatsword (Perfected Merciless Charge)"," ()","Tentacular Dread","Escalating Runeblades","Killer's Blade","Relentless Focus","Barbed Trap","Incapacitating Strike","Venomous Claw","Stampede","Flames of Oblivion","Inspired Scholarship","Echoing Vigor","Standard of Might"
"Sanity's Edge","Archwizard Twelvane and Chimera","https://www.esologs.com/reports/FCJdQ8bZRvBxcKtL#fight=12&type=summary&source=4","@ALMSlVI","Dk Silver","ardent-ass-herald-perfected-slivers-of-the-null-arca-tide-born-wildstalker","dps","Ardent","Ass","Herald","Tide-Born Wildstalker","Perfected Slivers of the Null Arca","127364.9","15425.6","52.4","127364.9 DPS","","Zaan Mask (Zaan)","Tide-Born Jack (Tide-Born Wildstalker)","Tide-Born Arm Cops (Tide-Born Wildstalker)","Tide-Born Bracers (Tide-Born Wildstalker)","","Tide-Born Guards (Tide-Born Wildstalker)","Perfected Null Arca Boots (Perfected Slivers of the Null Arca)","","Perfected Null Arca Ring (Perfected Slivers of the Null Arca)","Perfected Null Arca Ring (Perfected Slivers of the Null Arca)","Perfected Null Arca Lightning Staff (Perfected Slivers of the Null Arca)"," ()","The Maelstrom's Greatsword (Merciless Charge)"," ()","Molten Whip","Relentless Focus","Tentacular Dread","Venomous Claw","Killer's Blade","Incapacitating Strike","Flames of Oblivion","Inspired Scholarship","Stampede","Engulfing Flames","Echoing Vigor","Standard of Might"
"Sanity's Edge","Archwizard Twelvane and Chimera","https://www.esologs.com/reports/FCJdQ8bZRvBxcKtL#fight=12&type=summary&source=9","@adamsmith42","Non-Fat Lard","ardent-ass-herald-perfected-slivers-of-the-null-arca-tide-born-wildstalker","dps","Ardent","Ass","Herald","Perfected Slivers of the Null Arca","Tide-Born Wildstalker","149629.0","6192.2","24.1","149629.0 DPS","","Iceheart Guise (Iceheart)","Perfected Null Arca Jack (Perfected Slivers of the Null Arca)","Tide-Born Arm Cops (Tide-Born Wildstalker)","Perfected Null Arca Bracers (Perfected Slivers of the Null Arca)","","Perfected Null Arca Guards (Perfected Slivers of the Null Arca)","Perfected Null Arca Boots (Perfected Slivers of the Null Arca)","","Tide-Born Ring (Tide-Born Wildstalker)","Tide-Born Ring (Tide-Born Wildstalker)","Tide-Born Lightning Staff (Tide-Born Wildstalker)"," ()","The Maelstrom's Perfected Greatsword (Perfected Merciless Charge)"," ()","Killer's Blade","Pragmatic Fatecarver","Cephaliarch's Flail","Camouflaged Hunter","Barbed Trap","Soul Harvest","Inspired Scholarship","Flames of Oblivion","Venomous Claw","Molten Whip","Stampede","Standard of Might"
"Sanity's Edge","Archwizard Twelvane and Chimera","https://www.esologs.com/reports/FCJdQ8bZRvBxcKtL#fight=12&type=summary&source=6","@GL0O","ohgloo","ardent-ass-herald-perfected-slivers-of-the-null-arca-tide-born-wildstalker","dps","Ardent","Ass","Herald","Tide-Born Wildstalker","Perfected Slivers of the Null Arca","149698.4","5668.0","33.3","149698.4 DPS","","Tide-Born Helmet (Tide-Born Wildstalker)","Perfected Null Arca Jack (Perfected Slivers of the Null Arca)","Slimecraw Epaulets (Slimecraw)","Perfected Null Arca Bracers (Perfected Slivers of the Null Arca)","","Perfected Null Arca Guards (Perfected Slivers of the Null Arca)","Perfected Null Arca Boots (Perfected Slivers of the Null Arca)","","Tide-Born Ring (Tide-Born Wildstalker)","Tide-Born Ring (Tide-Born Wildstalker)","Tide-Born Lightning Staff (Tide-Born Wildstalker)"," ()","The Maelstrom's Perfected Greatsword (Perfected Merciless Charge)"," ()","Cephaliarch's Flail","Barbed Trap","Killer's Blade","Camouflaged Hunter","Pragmatic Fatecarver","Incapacitating Strike","Stampede","Venomous Claw","Flames of Oblivion","Molten Whip","Inspired Scholarship","Standard of Might"
"Sanity's Edge","Archwizard Twelvane and Chimera","https://www.esologs.com/reports/FCJdQ8bZRvBxcKtL#fight=12&type=summary&source=8","@BlackRose888999","Tátsumi","ardent-ass-herald-perfected-slivers-of-the-null-arca-tide-born-wildstalker","dps","Ardent","Ass","Herald","Perfected Slivers of the Null Arca","Tide-Born Wildstalker","149423.2","5328.9","30.1","149423.2 DPS","","Slimecraw Guise (Slimecraw)","Perfected Null Arca Jack (Perfected Slivers of the Null Arca)","Perfected Null Arca Arm Cops (Perfected Slivers of the Null Arca)","Tide-Born Bracers (Tide-Born Wildstalker)","","Perfected Null Arca Guards (Perfected Slivers of the Null Arca)","Perfected Null Arca Boots (Perfected Slivers of the Null Arca)","","Tide-Born Ring (Tide-Born Wildstalker)","Tide-Born Ring (Tide-Born Wildstalker)","Tide-Born Lightning Staff (Tide-Born Wildstalker)"," ()","The Maelstrom's Greatsword (Merciless Charge)"," ()","Camouflaged Hunter","Barbed Trap","Cephaliarch's Flail","Killer's Blade","Pragmatic Fatecarver","Soul Harvest","Stampede","Inspired Scholarship","Flames of Oblivion","Molten Whip","Venomous Claw","Standard of Might"
"Sanity's Edge","Archwizard Twelvane and Chimera","https://www.esologs.com/reports/FCJdQ8bZRvBxcKtL#fight=12&type=summary&source=4","@D.ot","Hoards Cruxes","ardent-ass-herald-perfected-slivers-of-the-null-arca-tide-born-wildstalker","dps","Ardent","Ass","Herald","Perfected Slivers of the Null Arca","Tide-Born Wildstalker","142705.4","4709.7","29.3","142705.4 DPS","","Slimecraw Mask (Slimecraw)","Perfected Null Arca Jack (Perfected Slivers of the Null Arca)","Tide-Born Epaulets (Tide-Born Wildstalker)","Perfected Null Arca Bracers (Perfected Slivers of the Null Arca)","","Perfected Null Arca Guards (Perfected Slivers of the Null Arca)","Perfected Null Arca Boots (Perfected Slivers of the Null Arca)","","Tide-Born Ring (Tide-Born Wildstalker)","Tide-Born Ring (Tide-Born Wildstalker)","Tide-Born Lightning Staff (Tide-Born Wildstalker)"," ()","The Maelstrom's Greatsword (Merciless Charge)"," ()","Banner Bearer","Venomous Claw","Cephaliarch's Flail","Pragmatic Fatecarver","Killer's Blade","Soul Harvest","Banner Bearer","Stampede","Inspired Scholarship","Concealed Weapon","Flames of Oblivion","Standard of Might"
"Sanity's Edge","Archwizard Twelvane and Chimera","https://www.esologs.com/reports/FCJdQ8bZRvBxcKtL#fight=12&type=summary&source=10","@Raly.K","Goofy Muffin","ardent-ass-herald-perfected-slivers-of-the-null-arca-tide-born-wildstalker","dps","Ardent","Ass","Herald","Perfected Slivers of the Null Arca","Tide-Born Wildstalker","108639.5","6981.4","33.6","108639.5 DPS","","Valkyn Skoria Mask (Valkyn Skoria)","Perfected Null Arca Jack (Perfected Slivers of the Null Arca)","Tide-Born Arm Cops (Tide-Born Wildstalker)","Tide-Born Bracers (Tide-Born Wildstalker)","","Perfected Null Arca Guards (Perfected Slivers of the Null Arca)","Tide-Born Boots (Tide-Born Wildstalker)","","Tide-Born Ring (Tide-Born Wildstalker)","Tide-Born Ring (Tide-Born Wildstalker)","Perfected Null Arca Lightning Staff (Perfected Slivers of the Null Arca)"," ()","The Maelstrom's Perfected Bow (Perfected Thunderous Volley)"," ()","Killer's Blade","Barbed Trap","Pragmatic Fatecarver","Cephaliarch's Flail","Quick Cloak","Soul Harvest","Endless Hail","Molten Whip","Shadow Silk","Inspired Scholarship","Scalding Rune","Standard of Might"
"Sanity's Edge","Archwizard Twelvane and Chimera","https://www.esologs.com/reports/FCJdQ8bZRvBxcKtL#fight=12&type=summary&source=9","@GlitterIII","Sneaky Glitter","ardent-ass-herald-perfected-slivers-of-the-null-arca-tide-born-wildstalker","dps","Ardent","Ass","Herald","Perfected Slivers of the Null Arca","Tide-Born Wildstalker","156186.2","8684.1","34.4","156186.2 DPS","","Slimecraw Guise (Slimecraw)","Perfected Null Arca Jack (Perfected Slivers of the Null Arca)","Perfected Null Arca Arm Cops (Perfected Slivers of the Null Arca)","Perfected Null Arca Bracers (Perfected Slivers of the Null Arca)","","Perfected Null Arca Guards (Perfected Slivers of the Null Arca)","Perfected Null Arca Boots (Perfected Slivers of the Null Arca)","","Tide-Born Ring (Tide-Born Wildstalker)","Tide-Born Ring (Tide-Born Wildstalker)","Tide-Born Dagger (Tide-Born Wildstalker)","Tide-Born Dagger (Tide-Born Wildstalker)","The Maelstrom's Perfected Greatsword (Perfected Merciless Charge)"," ()","Cephaliarch's Flail","Pragmatic Fatecarver","Quick Cloak","Killer's Blade","Merciless Resolve","Soul Harvest","Venomous Claw","Stampede","Flames of Oblivion","Inspired Scholarship","Molten Whip","Standard of Might"
"Sanity's Edge","Archwizard Twelvane and Chimera","https://www.esologs.com/reports/FCJdQ8bZRvBxcKtL#fight=12&type=summary&source=3","@SirBoost","Beam like Me","ardent-ass-herald-perfected-slivers-of-the-null-arca-tide-born-wildstalker","dps","Ardent","Ass","Herald","Perfected Slivers of the Null Arca","Tide-Born Wildstalker","128955.9","10116.0","33.1","128955.9 DPS","","Slimecraw Guise (Slimecraw)","Perfected Null Arca Jack (Perfected Slivers of the Null Arca)","Tide-Born Arm Cops (Tide-Born Wildstalker)","Perfected Null Arca Bracers (Perfected Slivers of the Null Arca)","","Perfected Null Arca Guards (Perfected Slivers of the Null Arca)","Perfected Null Arca Boots (Perfected Slivers of the Null Arca)","","Tide-Born Ring (Tide-Born Wildstalker)","Tide-Born Ring (Tide-Born Wildstalker)","Tide-Born Lightning Staff (Tide-Born Wildstalker)"," ()","The Maelstrom's Greatsword (Merciless Charge)"," ()","Pragmatic Fatecarver","Cephaliarch's Flail","Flames of Oblivion","Camouflaged Hunter","Banner Bearer","Soul Harvest","Inspired Scholarship","Stampede","Echoing Vigor","Molten Whip","Banner Bearer","Standard of Might"
"Sanity's Edge","Archwizard Twelvane and Chimera","https://www.esologs.com/reports/Z2vY1x9wbGBJ4cNK#fight=74&type=summary&source=6","@Languste1337","Roland Sieben Tap","ass-dawn-herald-perfected-slivers-of-the-null-arca-tide-born-wildstalker","dps","Ass","Dawn","Herald","Perfected Slivers of the Null Arca","Tide-Born Wildstalker","144682.2","9411.4","30.3","144682.2 DPS","","Slimecraw Guise (Slimecraw)","Perfected Null Arca Jack (Perfected Slivers of the Null Arca)","Tide-Born Epaulets (Tide-Born Wildstalker)","Perfected Null Arca Bracers (Perfected Slivers of the Null Arca)","","Perfected Null Arca Guards (Perfected Slivers of the Null Arca)","Perfected Null Arca Boots (Perfected Slivers of the Null Arca)","","Tide-Born Ring (Tide-Born Wildstalker)","Tide-Born Ring (Tide-Born Wildstalker)","Tide-Born Lightning Staff (Tide-Born Wildstalker)"," ()","The Maelstrom's Perfected Greatsword (Perfected Merciless Charge)"," ()","Radiant Glory","Camouflaged Hunter","Barbed Trap","Cephaliarch's Flail","Pragmatic Fatecarver","Soul Harvest","Solar Barrage","Fulminating Rune","Camouflaged Hunter","Stampede","Inspired Scholarship","The Languid Eye"
"Sanity's Edge","Archwizard Twelvane and Chimera","https://www.esologs.com/reports/Z2vY1x9wbGBJ4cNK#fight=74&type=summary&source=1","@Chomper876","The Carry Has Arrived","ass-dawn-herald-perfected-slivers-of-the-null-arca-tide-born-wildstalker","dps","Ass","Dawn","Herald","Perfected Slivers of the Null Arca","Tide-Born Wildstalker","155280.7","9263.2","40.7","155280.7 DPS","The Ritual","Zaan Guise (Zaan)","Perfected Null Arca Jack (Perfected Slivers of the Null Arca)","Tide-Born Arm Cops (Tide-Born Wildstalker)","Perfected Null Arca Bracers (Perfected Slivers of the Null Arca)","","Perfected Null Arca Guards (Perfected Slivers of the Null Arca)","Perfected Null Arca Boots (Perfected Slivers of the Null Arca)","","Tide-Born Ring (Tide-Born Wildstalker)","Tide-Born Ring (Tide-Born Wildstalker)","Tide-Born Lightning Staff (Tide-Born Wildstalker)"," ()","The Maelstrom's Perfected Greatsword (Perfected Merciless Charge)"," ()","Pragmatic Fatecarver","Cephaliarch's Flail","Radiant Glory","Power of the Light","Camouflaged Hunter","Soul Harvest","Stampede","Inspired Scholarship","Solar Barrage","Fulminating Rune","Echoing Vigor","The Languid Eye"
"Sanity's Edge","Archwizard Twelvane and Chimera","https://www.esologs.com/reports/Z2vY1x9wbGBJ4cNK#fight=74&type=summary&source=13","@zDarkus","-Darkus","ass-dawn-herald-perfected-slivers-of-the-null-arca-tide-born-wildstalker","dps","Ass","Dawn","Herald","Perfected Slivers of the Null Arca","Tide-Born Wildstalker","145642.1","9539.9","37.1","145642.1 DPS","","Valkyn Skoria Mask (Valkyn Skoria)","Perfected Null Arca Jack (Perfected Slivers of the Null Arca)","Tide-Born Arm Cops (Tide-Born Wildstalker)","Perfected Null Arca Bracers (Perfected Slivers of the Null Arca)","","Perfected Null Arca Guards (Perfected Slivers of the Null Arca)","Perfected Null Arca Boots (Perfected Slivers of the Null Arca)","","Tide-Born Ring (Tide-Born Wildstalker)","Tide-Born Ring (Tide-Born Wildstalker)","Tide-Born Lightning Staff (Tide-Born Wildstalker)"," ()","The Maelstrom's Perfected Greatsword (Perfected Merciless Charge)"," ()","Cephaliarch's Flail","Camouflaged Hunter","Radiant Glory","Pragmatic Fatecarver","Banner Bearer","Soul Harvest","Stampede","Inspired Scholarship","Solar Barrage","Echoing Vigor","Banner Bearer","The Languid Eye"
"Sanity's Edge","Archwizard Twelvane and Chimera","https://www.esologs.com/reports/Z2vY1x9wbGBJ4cNK#fight=74&type=summary&source=2","@T.exe","Blinded-by the-lights","ass-dawn-herald-perfected-slivers-of-the-null-arca-tide-born-wildstalker","dps","Ass","Dawn","Herald","Perfected Slivers of the Null Arca","Tide-Born Wildstalker","127981.3","9787.0","34.8","127981.3 DPS","","Valkyn Skoria Mask (Valkyn Skoria)","Perfected Null Arca Jack (Perfected Slivers of the Null Arca)","Tide-Born Arm Cops (Tide-Born Wildstalker)","Perfected Null Arca Bracers (Perfected Slivers of the Null Arca)","","Perfected Null Arca Guards (Perfected Slivers of the Null Arca)","Perfected Null Arca Boots (Perfected Slivers of the Null Arca)","","Tide-Born Ring (Tide-Born Wildstalker)","Tide-Born Ring (Tide-Born Wildstalker)","Tide-Born Lightning Staff (Tide-Born Wildstalker)"," ()","The Maelstrom's Perfected Greatsword (Perfected Merciless Charge)"," ()","Camouflaged Hunter","Banner Bearer","Cephaliarch's Flail","Radiant Glory","Pragmatic Fatecarver","Soul Harvest","Concealed Weapon","Stampede","Solar Barrage","Inspired Scholarship","Banner Bearer","The Languid Eye"
"Sanity's Edge","Archwizard Twelvane and Chimera","https://www.esologs.com/reports/Z2vY1x9wbGBJ4cNK#fight=74&type=summary&source=3","@ReyBrujoAngmar","Ma-Zi-Zah","ass-dawn-herald-perfected-slivers-of-the-null-arca-tide-born-wildstalker","dps","Ass","Dawn","Herald","Perfected Slivers of the Null Arca","Tide-Born Wildstalker","131578.2","11064.2","33.6","131578.2 DPS","","Valkyn Skoria Mask (Valkyn Skoria)","Perfected Null Arca Jack (Perfected Slivers of the Null Arca)","Tide-Born Arm Cops (Tide-Born Wildstalker)","Perfected Null Arca Bracers (Perfected Slivers of the Null Arca)","","Perfected Null Arca Guards (Perfected Slivers of the Null Arca)","Perfected Null Arca Boots (Perfected Slivers of the Null Arca)","","Tide-Born Ring (Tide-Born Wildstalker)","Tide-Born Ring (Tide-Born Wildstalker)","Tide-Born Lightning Staff (Tide-Born Wildstalker)"," ()","The Maelstrom's Perfected Greatsword (Perfected Merciless Charge)"," ()","Cephaliarch's Flail","Pragmatic Fatecarver","Radiant Glory","Camouflaged Hunter","Barbed Trap","Soul Harvest","Solar Barrage","Stampede","Inspired Scholarship","Echoing Vigor","Fulminating Rune","The Languid Eye"
"Sanity's Edge","Archwizard Twelvane and Chimera","https://www.esologs.com/reports/Z2vY1x9wbGBJ4cNK#fight=74&type=summary&source=7","@krdntro","kr arca","ass-dawn-herald-perfected-slivers-of-the-null-arca-tide-born-wildstalker","dps","Ass","Dawn","Herald","Tide-Born Wildstalker","Perfected Slivers of the Null Arca","132719.3","12784.2","39.5","132719.3 DPS","","Tide-Born Helmet (Tide-Born Wildstalker)","Perfected Null Arca Jack (Perfected Slivers of the Null Arca)","Valkyn Skoria Arm Cops (Valkyn Skoria)","Perfected Null Arca Bracers (Perfected Slivers of the Null Arca)","","Perfected Null Arca Guards (Perfected Slivers of the Null Arca)","Perfected Null Arca Boots (Perfected Slivers of the Null Arca)","","Tide-Born Ring (Tide-Born Wildstalker)","Tide-Born Ring (Tide-Born Wildstalker)","Tide-Born Lightning Staff (Tide-Born Wildstalker)"," ()","The Maelstrom's Perfected Greatsword (Perfected Merciless Charge)"," ()","Cephaliarch's Flail","Radiant Glory","Camouflaged Hunter","Pragmatic Fatecarver","Merciless Resolve","Soul Harvest","Echoing Vigor","Fulminating Rune","Inspired Scholarship","Solar Barrage","Stampede","The Languid Eye"
"Sanity's Edge","Archwizard Twelvane and Chimera","https://www.esologs.com/reports/Z2vY1x9wbGBJ4cNK#fight=74&type=summary&source=9","@RedKz4","Vegannist","ass-dawn-herald-perfected-slivers-of-the-null-arca-tide-born-wildstalker","dps","Ass","Dawn","Herald","Perfected Slivers of the Null Arca","Tide-Born Wildstalker","134560.3","11075.0","23.8","134560.3 DPS","","Archdruid Devyric's Mask (Archdruid Devyric)","Perfected Null Arca Jack (Perfected Slivers of the Null Arca)","Perfected Null Arca Arm Cops (Perfected Slivers of the Null Arca)","Perfected Null Arca Bracers (Perfected Slivers of the Null Arca)","","Perfected Null Arca Guards (Perfected Slivers of the Null Arca)","Perfected Null Arca Boots (Perfected Slivers of the Null Arca)","","Tide-Born Ring (Tide-Born Wildstalker)","Tide-Born Ring (Tide-Born Wildstalker)","Tide-Born Lightning Staff (Tide-Born Wildstalker)"," ()","The Maelstrom's Perfected Greatsword (Perfected Merciless Charge)"," ()","Cephaliarch's Flail","Pragmatic Fatecarver","Radiant Glory","Barbed Trap","Camouflaged Hunter","Soul Harvest","Stampede","Inspired Scholarship","Fulminating Rune","Solar Barrage","Echoing Vigor","The Languid Eye"
"Sanity's Edge","Archwizard Twelvane and Chimera","https://www.esologs.com/reports/Z2vY1x9wbGBJ4cNK#fight=74&type=summary&source=4","@Woolxxl1","Blockt mit Büchern","ass-dawn-herald-perfected-slivers-of-the-null-arca-tide-born-wildstalker","dps","Ass","Dawn","Herald","Perfected Slivers of the Null Arca","Tide-Born Wildstalker","124930.1","9803.7","38.9","124930.1 DPS","","Slimecraw Guise (Slimecraw)","Perfected Null Arca Jack (Perfected Slivers of the Null Arca)","Tide-Born Arm Cops (Tide-Born Wildstalker)","Perfected Null Arca Bracers (Perfected Slivers of the Null Arca)","","Perfected Null Arca Guards (Perfected Slivers of the Null Arca)","Perfected Null Arca Boots (Perfected Slivers of the Null Arca)","","Tide-Born Ring (Tide-Born Wildstalker)","Tide-Born Ring (Tide-Born Wildstalker)","Tide-Born Lightning Staff (Tide-Born Wildstalker)"," ()","The Maelstrom's Perfected Greatsword (Perfected Merciless Charge)"," ()","Radiant Glory","Cephaliarch's Flail","Pragmatic Fatecarver","Merciless Resolve","Camouflaged Hunter","Incapacitating Strike","Fulminating Rune","Solar Barrage","Stampede","Inspired Scholarship","Echoing Vigor","The Languid Eye"
"Sanity's Edge","Archwizard Twelvane and Chimera","https://www.esologs.com/reports/Z2vY1x9wbGBJ4cNK#fight=74&type=summary&source=12","@XMichi91","Váldís","ass-dawn-herald-perfected-slivers-of-the-null-arca-tide-born-wildstalker","dps","Ass","Dawn","Herald","Perfected Slivers of the Null Arca","Tide-Born Wildstalker","110737.6","10678.2","21.7","110737.6 DPS","","Zaan Guise (Zaan)","Perfected Null Arca Jack (Perfected Slivers of the Null Arca)","Tide-Born Arm Cops (Tide-Born Wildstalker)","Perfected Null Arca Bracers (Perfected Slivers of the Null Arca)","","Perfected Null Arca Guards (Perfected Slivers of the Null Arca)","Perfected Null Arca Boots (Perfected Slivers of the Null Arca)","","Tide-Born Ring (Tide-Born Wildstalker)","Tide-Born Ring (Tide-Born Wildstalker)","Tide-Born Lightning Staff (Tide-Born Wildstalker)"," ()","The Maelstrom's Perfected Greatsword (Perfected Merciless Charge)"," ()","Pragmatic Fatecarver","Radiant Glory","Cephaliarch's Flail","Camouflaged Hunter","Relentless Focus","Soul Harvest","Solar Barrage","Echoing Vigor","Stampede","Inspired Scholarship","Camouflaged Hunter","The Languid Eye"
"Sanity's Edge","Archwizard Twelvane and Chimera","https://www.esologs.com/reports/Z2vY1x9wbGBJ4cNK#fight=74&type=summary&source=10","@grabmoore","Readmoore","ass-dawn-herald-perfected-slivers-of-the-null-arca-tide-born-wildstalker","dps","Ass","Dawn","Herald","Tide-Born Wildstalker","Perfected Slivers of the Null Arca","114852.1","12714.7","23.1","114852.1 DPS","","Tide-Born Helmet (Tide-Born Wildstalker)","Perfected Null Arca Jack (Perfected Slivers of the Null Arca)","Slimecraw Arm Cops (Slimecraw)","Perfected Null Arca Bracers (Perfected Slivers of the Null Arca)","","Perfected Null Arca Guards (Perfected Slivers of the Null Arca)","Perfected Null Arca Boots (Perfected Slivers of the Null Arca)","","Tide-Born Ring (Tide-Born Wildstalker)","Tide-Born Ring (Tide-Born Wildstalker)","Tide-Born Lightning Staff (Tide-Born Wildstalker)"," ()","The Maelstrom's Perfected Greatsword (Perfected Merciless Charge)"," ()","Radiant Glory","Cephaliarch's Flail","Merciless Resolve","Pragmatic Fatecarver","Camouflaged Hunter","Soul Harvest","Solar Barrage","Fulminating Rune","Stampede","Echoing Vigor","Inspired Scholarship","The Languid Eye"
"Sanity's Edge","Archwizard Twelvane and Chimera","https://www.esologs.com/reports/Z2vY1x9wbGBJ4cNK#fight=74&type=summary&source=5","@Soul_deTalo","Lina-Soul","ass-dawn-herald-perfected-slivers-of-the-null-arca-tide-born-wildstalker","dps","Ass","Dawn","Herald","Tide-Born Wildstalker","Perfected Slivers of the Null Arca","120369.6","11819.8","23.3","120369.6 DPS","","Slimecraw Guise (Slimecraw)","Tide-Born Jack (Tide-Born Wildstalker)","Perfected Null Arca Arm Cops (Perfected Slivers of the Null Arca)","Tide-Born Bracers (Tide-Born Wildstalker)","","Tide-Born Guards (Tide-Born Wildstalker)","Tide-Born Boots (Tide-Born Wildstalker)","","Perfected Null Arca Ring (Perfected Slivers of the Null Arca)","Perfected Null Arca Ring (Perfected Slivers of the Null Arca)","Perfected Null Arca Lightning Staff (Perfected Slivers of the Null Arca)"," ()","The Maelstrom's Perfected Greatsword (Perfected Merciless Charge)"," ()","Banner Bearer","Camouflaged Hunter","Cephaliarch's Flail","Pragmatic Fatecarver","Radiant Oppression","Incapacitating Strike","Banner Bearer","Stampede","Solar Barrage","Recuperative Treatise","Echoing Vigor","The Languid Eye"
"Sanity's Edge","Archwizard Twelvane and Chimera","https://www.esologs.com/reports/Z2vY1x9wbGBJ4cNK#fight=74&type=summary&source=9","nil","Anonymous 9","ass-dawn-herald-perfected-slivers-of-the-null-arca-tide-born-wildstalker","dps","Ass","Dawn","Herald","Tide-Born Wildstalker","Perfected Slivers of the Null Arca","135967.1","10748.7","35.7","135967.1 DPS","","Tide-Born Helmet (Tide-Born Wildstalker)","Perfected Null Arca Jack (Perfected Slivers of the Null Arca)","Slimecraw Arm Cops (Slimecraw)","Tide-Born Bracers (Tide-Born Wildstalker)","","Perfected Null Arca Guards (Perfected Slivers of the Null Arca)","Perfected Null Arca Boots (Perfected Slivers of the Null Arca)","","Tide-Born Ring (Tide-Born Wildstalker)","Tide-Born Ring (Tide-Born Wildstalker)","Perfected Null Arca Lightning Staff (Perfected Slivers of the Null Arca)"," ()","The Maelstrom's Perfected Greatsword (Perfected Merciless Charge)"," ()","Pragmatic Fatecarver","Cephaliarch's Flail","Radiant Glory","Camouflaged Hunter","Power of the Light","Soul Harvest","Stampede","Echoing Vigor","Solar Barrage","Inspired Scholarship","Fulminating Rune","The Languid Eye"
"Sanity's Edge","Archwizard Twelvane and Chimera","https://www.esologs.com/reports/8MyXhgd6Tf1kJGV9#fight=36&type=summary&source=3","@idontKITE","controller main","ardent-ass-herald-perfected-slivers-of-the-null-arca-pillar-of-nirn","dps","Ardent","Ass","Herald","Perfected Slivers of the Null Arca","Pillar of Nirn","185203.6","6068.7","54.0","185203.6 DPS",""," (Huntsman's Warmask)","Perfected Null Arca Jack (Perfected Slivers of the Null Arca)","The Blind Arm Cops (The Blind)","Pillar Of Nirn Bracers (Pillar of Nirn)","","Pillar Of Nirn Guards (Pillar of Nirn)","Pillar Of Nirn Boots (Pillar of Nirn)","","Perfected Null Arca Ring (Perfected Slivers of the Null Arca)","Perfected Null Arca Ring (Perfected Slivers of the Null Arca)","Pillar Of Nirn Bow (Pillar of Nirn)"," ()","The Maelstrom's Perfected Greatsword (Perfected Merciless Charge)"," ()","Barbed Trap","Tentacular Dread","Relentless Focus","Escalating Runeblades","Killer's Blade","Incapacitating Strike","Inspired Scholarship","Echoing Vigor","Flames of Oblivion","Stampede","Fulminating Rune","Standard of Might"
"Sanity's Edge","Archwizard Twelvane and Chimera","https://www.esologs.com/reports/8MyXhgd6Tf1kJGV9#fight=36&type=summary&source=6","@SoloCatalyst","Solocatalystt","ardent-ass-herald-perfected-slivers-of-the-null-arca-pillar-of-nirn","dps","Ardent","Ass","Herald","Perfected Slivers of the Null Arca","Pillar of Nirn","166456.2","6057.9","59.1","166456.2 DPS","","Slimecraw Mask (Slimecraw)","Perfected Null Arca Jack (Perfected Slivers of the Null Arca)","Pillar Of Nirn Arm Cops (Pillar of Nirn)","Perfected Null Arca Bracers (Perfected Slivers of the Null Arca)","","Perfected Null Arca Guards (Perfected Slivers of the Null Arca)","Perfected Null Arca Boots (Perfected Slivers of the Null Arca)","","Pillar Of Nirn Ring (Pillar of Nirn)","Pillar Of Nirn Ring (Pillar of Nirn)","Pillar Of Nirn Bow (Pillar of Nirn)"," ()","The Maelstrom's Perfected Greatsword (Perfected Merciless Charge)"," ()","Killer's Blade","Relentless Focus","Shocking Banner (Cavalier's Charge / Courage)","Tentacular Dread","Escalating Runeblades","Incapacitating Strike","Flames of Oblivion","Venomous Claw","Shocking Banner (Cavalier's Charge / Courage)","Inspired Scholarship","Stampede","Standard of Might"
"Sanity's Edge","Archwizard Twelvane and Chimera","https://www.esologs.com/reports/8MyXhgd6Tf1kJGV9#fight=36&type=summary&source=142","@fheS","Better Oakensorc","ardent-ass-herald-perfected-slivers-of-the-null-arca-pillar-of-nirn","dps","Ardent","Ass","Herald","Perfected Slivers of the Null Arca","Pillar of Nirn","176611.6","12621.8","62.0","176611.6 DPS",""," (Huntsman's Warmask)","Perfected Null Arca Jack (Perfected Slivers of the Null Arca)","Slimecraw Epaulets (Slimecraw)","Perfected Null Arca Bracers (Perfected Slivers of the Null Arca)","","Perfected Null Arca Guards (Perfected Slivers of the Null Arca)","Perfected Null Arca Boots (Perfected Slivers of the Null Arca)","","Pillar Of Nirn Ring (Pillar of Nirn)","Pillar Of Nirn Ring (Pillar of Nirn)","Pillar Of Nirn Bow (Pillar of Nirn)"," ()","The Maelstrom's Perfected Greatsword (Perfected Merciless Charge)"," ()","Killer's Blade","Barbed Trap","Escalating Runeblades","Tentacular Dread","Relentless Focus","Incapacitating Strike","Venomous Claw","Inspired Scholarship","Echoing Vigor","Flames of Oblivion","Stampede","Standard of Might"
"Sanity's Edge","Archwizard Twelvane and Chimera","https://www.esologs.com/reports/8MyXhgd6Tf1kJGV9#fight=36&type=summary&source=147","@rjYassi","teensie arc","ardent-ass-herald-perfected-slivers-of-the-null-arca-pillar-of-nirn","dps","Ardent","Ass","Herald","Perfected Slivers of the Null Arca","Pillar of Nirn","190553.7","6210.2","68.3","190553.7 DPS",""," (Huntsman's Warmask)","Perfected Null Arca Jack (Perfected Slivers of the Null Arca)","Slimecraw Epaulets (Slimecraw)","Pillar Of Nirn Bracers (Pillar of Nirn)","","Pillar Of Nirn Guards (Pillar of Nirn)","Pillar Of Nirn Boots (Pillar of Nirn)","","Perfected Null Arca Ring (Perfected Slivers of the Null Arca)","Perfected Null Arca Ring (Perfected Slivers of the Null Arca)","Pillar Of Nirn Dagger (Pillar of Nirn)","Pillar Of Nirn Dagger (Pillar of Nirn)","The Maelstrom's Greatsword (Merciless Charge)"," ()","Tentacular Dread","Escalating Runeblades","Barbed Trap","Killer's Blade","Relentless Focus","Incapacitating Strike","Inspired Scholarship","Stampede","Venomous Claw","Echoing Vigor","Flames of Oblivion","Standard of Might"
"Sanity's Edge","Archwizard Twelvane and Chimera","https://www.esologs.com/reports/8MyXhgd6Tf1kJGV9#fight=36&type=summary&source=7","@SentryAg","Rosa The Sea Otter","ardent-ass-herald-perfected-slivers-of-the-null-arca-pillar-of-nirn","dps","Ardent","Ass","Herald","Perfected Slivers of the Null Arca","Pillar of Nirn","163927.9","9639.2","69.5","163927.9 DPS",""," (Huntsman's Warmask)","Perfected Null Arca Jack (Perfected Slivers of the Null Arca)","Zaan Arm Cops (Zaan)","Perfected Null Arca Bracers (Perfected Slivers of the Null Arca)","","Perfected Null Arca Guards (Perfected Slivers of the Null Arca)","Perfected Null Arca Boots (Perfected Slivers of the Null Arca)","","Pillar Of Nirn Ring (Pillar of Nirn)","Pillar Of Nirn Ring (Pillar of Nirn)","Pillar Of Nirn Bow (Pillar of Nirn)"," ()","The Maelstrom's Perfected Greatsword (Perfected Merciless Charge)"," ()","Barbed Trap","Killer's Blade","Relentless Focus","Tentacular Dread","Escalating Runeblades","Incapacitating Strike","Inspired Scholarship","Echoing Vigor","Venomous Claw","Flames of Oblivion","Stampede","Standard of Might"
"Sanity's Edge","Archwizard Twelvane and Chimera","https://www.esologs.com/reports/8MyXhgd6Tf1kJGV9#fight=36&type=summary&source=12","@Melina_nyu","x'Sister'Friede","ardent-ass-herald-perfected-slivers-of-the-null-arca-pillar-of-nirn","dps","Ardent","Ass","Herald","Perfected Slivers of the Null Arca","Pillar of Nirn","158191.8","12723.2","72.4","158191.8 DPS",""," (Huntsman's Warmask)","Perfected Null Arca Jack (Perfected Slivers of the Null Arca)","Slimecraw Epaulets (Slimecraw)","Perfected Null Arca Bracers (Perfected Slivers of the Null Arca)","","Pillar Of Nirn Guards (Pillar of Nirn)","Pillar Of Nirn Boots (Pillar of Nirn)","","Perfected Null Arca Ring (Perfected Slivers of the Null Arca)","Perfected Null Arca Ring (Perfected Slivers of the Null Arca)","Pillar Of Nirn Bow (Pillar of Nirn)"," ()","The Maelstrom's Perfected Greatsword (Perfected Merciless Charge)"," ()","Tentacular Dread","Relentless Focus","Barbed Trap","Killer's Blade","Escalating Runeblades","Incapacitating Strike","Venomous Claw","Inspired Scholarship","Echoing Vigor","Flames of Oblivion","Stampede","Standard of Might"
"Sanity's Edge","Archwizard Twelvane and Chimera","https://www.esologs.com/reports/8MyXhgd6Tf1kJGV9#fight=36&type=summary&source=10","@Beersies","Uh Oh Detected","ardent-ass-herald-perfected-slivers-of-the-null-arca-pillar-of-nirn","dps","Ardent","Ass","Herald","Perfected Slivers of the Null Arca","Pillar of Nirn","147733.4","11147.0","44.7","147733.4 DPS",""," (Huntsman's Warmask)","Perfected Null Arca Jack (Perfected Slivers of the Null Arca)","Slimecraw Arm Cops (Slimecraw)","Perfected Null Arca Bracers (Perfected Slivers of the Null Arca)","","Perfected Null Arca Guards (Perfected Slivers of the Null Arca)","Perfected Null Arca Boots (Perfected Slivers of the Null Arca)","","Pillar Of Nirn Ring (Pillar of Nirn)","Pillar Of Nirn Ring (Pillar of Nirn)","Pillar Of Nirn Bow (Pillar of Nirn)"," ()","The Maelstrom's Perfected Greatsword (Perfected Merciless Charge)"," ()","Tentacular Dread","Escalating Runeblades","Killer's Blade","Barbed Trap","Relentless Focus","Incapacitating Strike","Stampede","Venomous Claw","Flames of Oblivion","Inspired Scholarship","Echoing Vigor","Standard of Might"
"Sanity's Edge","Archwizard Twelvane and Chimera","https://www.esologs.com/reports/8MyXhgd6Tf1kJGV9#fight=36&type=summary&source=9","@tristanwho","Seolyn","ardent-ass-herald-deadly-strike-perfected-slivers-of-the-null-arca","dps","Ardent","Ass","Herald","Perfected Slivers of the Null Arca","Deadly Strike","166360.1","4657.9","43.3","166360.1 DPS","The Thief","Slimecraw Guise (Slimecraw)","Perfected Null Arca Jack (Perfected Slivers of the Null Arca)","Perfected Null Arca Arm Cops (Perfected Slivers of the Null Arca)","Perfected Null Arca Bracers (Perfected Slivers of the Null Arca)","","Perfected Null Arca Guards (Perfected Slivers of the Null Arca)","Deadly Boots (Deadly Strike)","","Deadly Ring (Deadly Strike)","Deadly Ring (Deadly Strike)","Deadly Lightning Staff (Deadly Strike)"," ()","The Maelstrom's Perfected Greatsword (Perfected Merciless Charge)"," ()","Cephaliarch's Flail","Pragmatic Fatecarver","Killer's Blade","Barbed Trap","Shocking Banner (Class Mastery / Courage)","Incapacitating Strike","Venomous Claw","Flames of Oblivion","Stampede","Inspired Scholarship","Shocking Banner (Class Mastery / Courage)","Standard of Might"
"Sanity's Edge","Archwizard Twelvane and Chimera","https://www.esologs.com/reports/8MyXhgd6Tf1kJGV9#fight=36&type=summary&source=144","@Ginga453","Gingers On Top","ardent-ass-herald-deadly-strike-perfected-slivers-of-the-null-arca","dps","Ardent","Ass","Herald","Deadly Strike","Perfected Slivers of the Null Arca","133974.6","4221.8","28.3","133974.6 DPS","","Deadly Helmet (Deadly Strike)","Perfected Null Arca Jack (Perfected Slivers of the Null Arca)","Slimecraw Arm Cops (Slimecraw)","Perfected Null Arca Bracers (Perfected Slivers of the Null Arca)","","Perfected Null Arca Guards (Perfected Slivers of the Null Arca)","Perfected Null Arca Boots (Perfected Slivers of the Null Arca)","","Deadly Ring (Deadly Strike)","Deadly Ring (Deadly Strike)","Deadly Dagger (Deadly Strike)","Deadly Dagger (Deadly Strike)","The Maelstrom's Inferno Staff (Crushing Wall)"," ()","Camouflaged Hunter","Banner Bearer","Quick Cloak","Cephaliarch's Flail","Pragmatic Fatecarver","Incapacitating Strike","Elemental Blockade","Venomous Claw","Inspired Scholarship","Flames of Oblivion","Banner Bearer","Standard of Might"
"Sanity's Edge","Archwizard Twelvane and Chimera","https://www.esologs.com/reports/8MyXhgd6Tf1kJGV9#fight=36&type=summary&source=143","@DrKittyWizard","Celeste of the Heavens","ardent-ass-herald-deadly-strike-perfected-slivers-of-the-null-arca","dps","Ardent","Ass","Herald","Perfected Slivers of the Null Arca","Deadly Strike","123930.8","5182.2","29.6","123930.8 DPS","","Slimecraw Mask (Slimecraw)","Perfected Null Arca Jack (Perfected Slivers of the Null Arca)","Deadly Arm Cops (Deadly Strike)","Perfected Null Arca Bracers (Perfected Slivers of the Null Arca)","","Perfected Null Arca Guards (Perfected Slivers of the Null Arca)","Perfected Null Arca Boots (Perfected Slivers of the Null Arca)","","Deadly Ring (Deadly Strike)","Deadly Ring (Deadly Strike)","Deadly Dagger (Deadly Strike)","Deadly Dagger (Deadly Strike)","The Maelstrom's Perfected Inferno Staff (Perfected Crushing Wall)"," ()","Cephaliarch's Flail","Pragmatic Fatecarver","Camouflaged Hunter","Quick Cloak","Banner Bearer","Soul Harvest","Elemental Blockade","Fulminating Rune","Inspired Scholarship","Flames of Oblivion","Banner Bearer","Standard of Might"
"Sanity's Edge","Archwizard Twelvane and Chimera","https://www.esologs.com/reports/8MyXhgd6Tf1kJGV9#fight=36&type=summary&source=3","@sasserclubb","Ginger Tentacles","ardent-ass-herald-deadly-strike-perfected-slivers-of-the-null-arca","dps","Ardent","Ass","Herald","Deadly Strike","Perfected Slivers of the Null Arca","114931.0","5262.2","27.1","114931.0 DPS","","Deadly Helmet (Deadly Strike)","Perfected Null Arca Jack (Perfected Slivers of the Null Arca)","Slimecraw Arm Cops (Slimecraw)","Perfected Null Arca Bracers (Perfected Slivers of the Null Arca)","","Perfected Null Arca Guards (Perfected Slivers of the Null Arca)","Perfected Null Arca Boots (Perfected Slivers of the Null Arca)","","Deadly Ring (Deadly Strike)","Deadly Ring (Deadly Strike)","Deadly Dagger (Deadly Strike)","Deadly Dagger (Deadly Strike)","The Maelstrom's Perfected Inferno Staff (Perfected Crushing Wall)"," ()","Cephaliarch's Flail","Killer's Blade","Pragmatic Fatecarver","Venomous Claw","Camouflaged Hunter","Soul Harvest","Elemental Blockade","Flames of Oblivion","Inspired Scholarship","Echoing Vigor","Molten Whip","Standard of Might"
"Sanity's Edge","Archwizard Twelvane and Chimera","https://www.esologs.com/reports/8MyXhgd6Tf1kJGV9#fight=36&type=summary&source=16","@Gadget_Hazard","Elandril the Fateseeker","ardent-ass-herald-deadly-strike-perfected-slivers-of-the-null-arca","dps","Ardent","Ass","Herald","Perfected Slivers of the Null Arca","Deadly Strike","128056.0","5928.7","33.6","128056.0 DPS","","Slimecraw Mask (Slimecraw)","Perfected Null Arca Jack (Perfected Slivers of the Null Arca)","Deadly Arm Cops (Deadly Strike)","Perfected Null Arca Bracers (Perfected Slivers of the Null Arca)","","Perfected Null Arca Guards (Perfected Slivers of the Null Arca)","Perfected Null Arca Boots (Perfected Slivers of the Null Arca)","","Deadly Ring (Deadly Strike)","Deadly Ring (Deadly Strike)","Deadly Lightning Staff (Deadly Strike)"," ()","The Maelstrom's Perfected Inferno Staff (Perfected Crushing Wall)"," ()","Camouflaged Hunter","Pragmatic Fatecarver","Cephaliarch's Flail","Venomous Claw","Impale","Soul Harvest","Elemental Blockade","Flames of Oblivion","Inspired Scholarship","Echoing Vigor","Molten Whip","Standard of Might"
"Sanity's Edge","Archwizard Twelvane and Chimera","https://www.esologs.com/reports/8MyXhgd6Tf1kJGV9#fight=36&type=summary&source=11","@Klixse","Kizrana","ardent-ass-herald-deadly-strike-perfected-slivers-of-the-null-arca","dps","Ardent","Ass","Herald","Perfected Slivers of the Null Arca","Deadly Strike","109536.8","6484.9","27.4","109536.8 DPS","","Slimecraw Mask (Slimecraw)","Perfected Null Arca Jack (Perfected Slivers of the Null Arca)","Deadly Arm Cops (Deadly Strike)","Perfected Null Arca Bracers (Perfected Slivers of the Null Arca)","","Perfected Null Arca Guards (Perfected Slivers of the Null Arca)","Perfected Null Arca Boots (Perfected Slivers of the Null Arca)","","Deadly Ring (Deadly Strike)","Deadly Ring (Deadly Strike)","The Maelstrom's Greatsword (Merciless Charge)"," ()","Deadly Lightning Staff (Deadly Strike)"," ()","Flames of Oblivion","Stampede","Inspired Scholarship","Venomous Claw","Banner Bearer","Standard of Might","Camouflaged Hunter","Cephaliarch's Flail","Pragmatic Fatecarver","Killer's Blade","Banner Bearer","Soul Harvest"
"Sanity's Edge","Archwizard Twelvane and Chimera","https://www.esologs.com/reports/8MyXhgd6Tf1kJGV9#fight=36&type=summary&source=5","@SkyStarstreak","Manic-Pixie Beam Girl","ardent-ass-herald-deadly-strike-perfected-slivers-of-the-null-arca","dps","Ardent","Ass","Herald","Perfected Slivers of the Null Arca","Deadly Strike","127023.3","7302.3","35.6","127023.3 DPS","","Slimecraw Mask (Slimecraw)","Perfected Null Arca Jack (Perfected Slivers of the Null Arca)","Perfected Null Arca Arm Cops (Perfected Slivers of the Null Arca)","Perfected Null Arca Bracers (Perfected Slivers of the Null Arca)","","Perfected Null Arca Guards (Perfected Slivers of the Null Arca)","Perfected Null Arca Boots (Perfected Slivers of the Null Arca)","","Deadly Ring (Deadly Strike)","Deadly Ring (Deadly Strike)","Deadly Lightning Staff (Deadly Strike)"," ()","The Maelstrom's Perfected Greatsword (Perfected Merciless Charge)"," ()","Killer's Blade","Pragmatic Fatecarver","Cephaliarch's Flail","Venomous Claw","Camouflaged Hunter","Incapacitating Strike","Stampede","Fulminating Rune","Flames of Oblivion","Inspired Scholarship","Molten Whip","Standard of Might"
"Sanity's Edge","Archwizard Twelvane and Chimera","https://www.esologs.com/reports/FCJdQ8bZRvBxcKtL#fight=12&type=summary&source=5","@Droper10","Droperi","ass-dawn-herald-deadly-strike-perfected-slivers-of-the-null-arca","dps","Ass","Dawn","Herald","Deadly Strike","Perfected Slivers of the Null Arca","149576.7","8032.9","28.8","149576.7 DPS","The Thief","Deadly Helmet (Deadly Strike)","Perfected Null Arca Jack (Perfected Slivers of the Null Arca)","Slimecraw Epaulets (Slimecraw)","Perfected Null Arca Bracers (Perfected Slivers of the Null Arca)","","Perfected Null Arca Guards (Perfected Slivers of the Null Arca)","Perfected Null Arca Boots (Perfected Slivers of the Null Arca)","","Deadly Ring (Deadly Strike)","Deadly Ring (Deadly Strike)","Deadly Lightning Staff (Deadly Strike)"," ()","The Maelstrom's Perfected Greatsword (Perfected Merciless Charge)"," ()","Cephaliarch's Flail","Camouflaged Hunter","Radiant Glory","Pragmatic Fatecarver","Banner Bearer","Incapacitating Strike","Stampede","Inspired Scholarship","Solar Barrage","Echoing Vigor","Banner Bearer","The Languid Eye"
"Sanity's Edge","Archwizard Twelvane and Chimera","https://www.esologs.com/reports/FCJdQ8bZRvBxcKtL#fight=12&type=summary&source=126","@TameTheGoldenOne","Sorceress Supremé","ass-dawn-herald-deadly-strike-perfected-slivers-of-the-null-arca","dps","Ass","Dawn","Herald","Perfected Slivers of the Null Arca","Deadly Strike","122655.1","8039.7","34.8","122655.1 DPS","","Slimecraw Guise (Slimecraw)","Perfected Null Arca Jack (Perfected Slivers of the Null Arca)","Deadly Arm Cops (Deadly Strike)","Perfected Null Arca Bracers (Perfected Slivers of the Null Arca)","","Perfected Null Arca Guards (Perfected Slivers of the Null Arca)","Perfected Null Arca Boots (Perfected Slivers of the Null Arca)","","Deadly Ring (Deadly Strike)","Deadly Ring (Deadly Strike)","Deadly Dagger (Deadly Strike)","Deadly Dagger (Deadly Strike)","The Maelstrom's Inferno Staff (Crushing Wall)"," ()","Radiant Glory","Quick Cloak","Pragmatic Fatecarver","Cephaliarch's Flail","Camouflaged Hunter","Soul Harvest","Blockade of Fire","Solar Barrage","Inspired Scholarship","Fulminating Rune","Echoing Vigor","The Languid Eye"
"Sanity's Edge","Archwizard Twelvane and Chimera","https://www.esologs.com/reports/FCJdQ8bZRvBxcKtL#fight=12&type=summary&source=9","@Lorelay123","Saint-Pierre et Miquelon","ass-dawn-herald-deadly-strike-perfected-slivers-of-the-null-arca","dps","Ass","Dawn","Herald","Perfected Slivers of the Null Arca","Deadly Strike","114547.2","13798.2","17.5","114547.2 DPS","","Slimecraw Guise (Slimecraw)","Perfected Null Arca Jack (Perfected Slivers of the Null Arca)","Deadly Arm Cops (Deadly Strike)","Perfected Null Arca Bracers (Perfected Slivers of the Null Arca)","","Perfected Null Arca Guards (Perfected Slivers of the Null Arca)","Perfected Null Arca Boots (Perfected Slivers of the Null Arca)","","Deadly Ring (Deadly Strike)","Deadly Ring (Deadly Strike)","Deadly Dagger (Deadly Strike)","Deadly Dagger (Deadly Strike)","The Maelstrom's Perfected Inferno Staff (Perfected Crushing Wall)"," ()","Cephaliarch's Flail","Pragmatic Fatecarver","Quick Cloak","Radiant Glory","Camouflaged Hunter","Incapacitating Strike","Fulminating Rune","Elemental Blockade","Solar Barrage","Inspired Scholarship","Echoing Vigor","The Languid Eye"
"Sanity's Edge","Archwizard Twelvane and Chimera","https://www.esologs.com/reports/FCJdQ8bZRvBxcKtL#fight=12&type=summary&source=7","@Notagarami","mytears","ass-dawn-herald-deadly-strike-perfected-slivers-of-the-null-arca","dps","Ass","Dawn","Herald","Perfected Slivers of the Null Arca","Deadly Strike","131817.6","8161.2","34.9","131817.6 DPS","","Nerien'eth Guise (Nerien'eth)","Perfected Null Arca Jack (Perfected Slivers of the Null Arca)","Deadly Arm Cops (Deadly Strike)","Perfected Null Arca Bracers (Perfected Slivers of the Null Arca)","","Perfected Null Arca Guards (Perfected Slivers of the Null Arca)","Perfected Null Arca Boots (Perfected Slivers of the Null Arca)","","Deadly Ring (Deadly Strike)","Deadly Ring (Deadly Strike)","Deadly Lightning Staff (Deadly Strike)"," ()","The Maelstrom's Inferno Staff (Crushing Wall)"," ()","Radiant Glory","Cephaliarch's Flail","Power of the Light","Pragmatic Fatecarver","Camouflaged Hunter","Incapacitating Strike","Inspired Scholarship","Stampede","Echoing Vigor","Solar Barrage","Vampire's Bane","The Languid Eye"
"Sanity's Edge","Archwizard Twelvane and Chimera","https://www.esologs.com/reports/FCJdQ8bZRvBxcKtL#fight=12&type=summary&source=10","@Blageniy","Arcashaa","ass-dawn-herald-deadly-strike-perfected-slivers-of-the-null-arca","dps","Ass","Dawn","Herald","Deadly Strike","Perfected Slivers of the Null Arca","138520.7","7058.2","22.6","138520.7 DPS","","Slimecraw Guise (Slimecraw)","Deadly Jack (Deadly Strike)","Perfected Null Arca Arm Cops (Perfected Slivers of the Null Arca)","Deadly Bracers (Deadly Strike)","","Deadly Guards (Deadly Strike)","Deadly Boots (Deadly Strike)","","Perfected Null Arca Ring (Perfected Slivers of the Null Arca)","Perfected Null Arca Ring (Perfected Slivers of the Null Arca)","Perfected Null Arca Lightning Staff (Perfected Slivers of the Null Arca)"," ()","The Maelstrom's Perfected Greatsword (Perfected Merciless Charge)"," ()","Pragmatic Fatecarver","Cephaliarch's Flail","Barbed Trap","Radiant Glory","Camouflaged Hunter","Soul Harvest","Inspired Scholarship","Solar Barrage","Stampede","Fulminating Rune","Echoing Vigor","The Languid Eye"
"Sanity's Edge","Archwizard Twelvane and Chimera","https://www.esologs.com/reports/FCJdQ8bZRvBxcKtL#fight=12&type=summary&source=8","@SeregaParadox","'Paradoxx","ass-dawn-herald-deadly-strike-perfected-slivers-of-the-null-arca","dps","Ass","Dawn","Herald","Perfected Slivers of the Null Arca","Deadly Strike","135817.3","10377.5","33.8","135817.3 DPS","","Slimecraw Guise (Slimecraw)","Perfected Null Arca Jack (Perfected Slivers of the Null Arca)","Perfected Null Arca Arm Cops (Perfected Slivers of the Null Arca)","Perfected Null Arca Bracers (Perfected Slivers of the Null Arca)","","Deadly Guards (Deadly Strike)","Perfected Null Arca Boots (Perfected Slivers of the Null Arca)","","Deadly Ring (Deadly Strike)","Deadly Ring (Deadly Strike)","Deadly Dagger (Deadly Strike)","Deadly Dagger (Deadly Strike)","The Maelstrom's Perfected Inferno Staff (Perfected Crushing Wall)"," ()","Cephaliarch's Flail","Quick Cloak","Radiant Glory","Camouflaged Hunter","Pragmatic Fatecarver","Soul Harvest","Elemental Blockade","Inspired Scholarship","Fulminating Rune","Echoing Vigor","Solar Barrage","The Languid Eye"
"Sanity's Edge","Archwizard Twelvane and Chimera","https://www.esologs.com/reports/8MyXhgd6Tf1kJGV9#fight=36&type=summary&source=2","@TactialScrub","Am I Offline","curative-green-siphon-perfected-pillagers-profit-spell-power-cure","healer","Siphon","Green","Curative","Spell Power Cure","Perfected Pillager's Profit","8937.8","75961.4","76.3","75961.4 HPS","The Atronach","Nazaray Guise (Nazaray)","Robe of the Trainee (Armor of the Trainee)","Nazaray Epaulets (Nazaray)","Perfected Pillager's Gloves (Perfected Pillager's Profit)","","Perfected Pillager's Breeches (Perfected Pillager's Profit)","Perfected Pillager's Shoes (Perfected Pillager's Profit)","","Spell Power Cure Ring (Spell Power Cure)","Spell Power Cure Ring (Spell Power Cure)","Spell Power Cure Restoration Staff (Spell Power Cure)"," ()","Perfected Pillager's Lightning Staff (Perfected Pillager's Profit)"," ()","Combat Prayer","Budding Seeds","Illustrious Healing","Echoing Vigor","Radiating Regeneration","Soul Siphon","Blockade of Storms","Overflowing Altar","Inner Rage","Mystic Orb","Chakram of Destiny","Reviving Barrier"
"Sanity's Edge","Archwizard Twelvane and Chimera","https://www.esologs.com/reports/8MyXhgd6Tf1kJGV9#fight=36&type=summary&source=148","@benelian","Vianthi","curative-green-siphon-perfected-pillagers-profit-spell-power-cure","healer","Siphon","Green","Curative","Perfected Pillager's Profit","Spell Power Cure","7358.8","81669.8","44.1","81669.8 HPS","","Nazaray Guise (Nazaray)","Perfected Pillager's Robe (Perfected Pillager's Profit)","Nazaray Epaulets (Nazaray)","Perfected Pillager's Gloves (Perfected Pillager's Profit)","","Spell Power Cure Breeches (Spell Power Cure)","Spell Power Cure Shoes (Spell Power Cure)","","Perfected Pillager's Band (Perfected Pillager's Profit)","Perfected Pillager's Band (Perfected Pillager's Profit)","Perfected Pillager's Lightning Staff (Perfected Pillager's Profit)"," ()","Spell Power Cure Restoration Staff (Spell Power Cure)"," ()","Chakram of Destiny","Elemental Blockade","Overflowing Altar","Mystic Orb","Inner Rage","Reviving Barrier","Budding Seeds","Combat Prayer","Illustrious Healing","Radiating Regeneration","Echoing Vigor","Soul Siphon"
"Sanity's Edge","Archwizard Twelvane and Chimera","https://www.esologs.com/reports/8MyXhgd6Tf1kJGV9#fight=36&type=summary&source=4","@UnholyFrijole","Gangstah my Goat","curative-green-siphon-perfected-pillagers-profit-spell-power-cure","healer","Siphon","Green","Curative","Perfected Pillager's Profit","Spell Power Cure","5506.9","118724.1","43.9","118724.1 HPS","","Nazaray Mask (Nazaray)","Perfected Pillager's Robe (Perfected Pillager's Profit)","Nazaray Arm Cops (Nazaray)","Spell Power Cure Gloves (Spell Power Cure)","","Perfected Pillager's Breeches (Perfected Pillager's Profit)","Spell Power Cure Shoes (Spell Power Cure)","","Perfected Pillager's Band (Perfected Pillager's Profit)","Perfected Pillager's Band (Perfected Pillager's Profit)","Spell Power Cure Restoration Staff (Spell Power Cure)"," ()","Perfected Pillager's Lightning Staff (Perfected Pillager's Profit)"," ()","Radiating Regeneration","Combat Prayer","Illustrious Healing","Budding Seeds","Echoing Vigor","Soul Siphon","Elemental Blockade","Chakram of Destiny","Siphoning Attacks","Energy Orb","Overflowing Altar","Reviving Barrier"
"Sanity's Edge","Archwizard Twelvane and Chimera","https://www.esologs.com/reports/8MyXhgd6Tf1kJGV9#fight=36&type=summary&source=2","@MiaMaria456","First-aid-kiit","curative-green-siphon-perfected-pillagers-profit-spell-power-cure","healer","Siphon","Green","Curative","Perfected Pillager's Profit","Spell Power Cure","5236.6","72491.3","48.2","72491.3 HPS","","Ozezan the Inferno's Guise (Ozezan the Inferno)","Perfected Pillager's Robe (Perfected Pillager's Profit)","Spaulder of Ruin (Spaulder of Ruin)","Spell Power Cure Gloves (Spell Power Cure)","","Spell Power Cure Breeches (Spell Power Cure)","Spell Power Cure Shoes (Spell Power Cure)","","Perfected Pillager's Band (Perfected Pillager's Profit)","Perfected Pillager's Band (Perfected Pillager's Profit)","Spell Power Cure Restoration Staff (Spell Power Cure)"," ()","Perfected Pillager's Lightning Staff (Perfected Pillager's Profit)"," ()","Combat Prayer","Illustrious Healing","Budding Seeds","Radiating Regeneration","Echoing Vigor","Soul Siphon","Chakram of Destiny","Elemental Blockade","Energy Orb","Sundering Trample","Inner Rage","Aggressive Horn"
"Sanity's Edge","Archwizard Twelvane and Chimera","https://www.esologs.com/reports/8MyXhgd6Tf1kJGV9#fight=36&type=summary&source=8","@Morning_Skooma","Wonder-Are-You-Washed","earthen-winter-x-powerful-assault-war-machine","tank","Earthen","Winter","x","War Machine","Powerful Assault","30980.4","3622.2","53.1","53.1 CPM","","Nunatak's Guise (Nunatak)","War Machine Jack (War Machine)","Nunatak's Arm Cops (Nunatak)","War Machine Bracers (War Machine)","","War Machine Guards (War Machine)","War Machine Boots (War Machine)","","Ring of the Powerful Assault (Powerful Assault)","Ring of the Powerful Assault (Powerful Assault)","Dagger of the Powerful Assault (Powerful Assault)","Dagger of the Powerful Assault (Powerful Assault)","The Maelstrom's Perfected Inferno Staff (Perfected Crushing Wall)"," ()","Shattering Knife (Assassin's Misery / Savagery and Prophecy)","Stone Giant","Inner Rage","Camouflaged Hunter","Sundering Trample (Assassin's Misery / Heroism)","Temporal Guard","Echoing Vigor","Blockade of Fire","Winter's Revenge","Igneous Weapons","Expansive Frost Cloak","Aggressive Horn"
"Sanity's Edge","Archwizard Twelvane and Chimera","https://www.esologs.com/reports/8MyXhgd6Tf1kJGV9#fight=36&type=summary&source=150","@Morning_Skooma","Wonder-Are-You-Washed","earthen-winter-x-powerful-assault-war-machine","tank","Earthen","Winter","x","War Machine","Powerful Assault","34897.1","3391.0","53.7","53.7 CPM","The Atronach","Nunatak's Guise (Nunatak)","War Machine Jack (War Machine)","Nunatak's Arm Cops (Nunatak)","War Machine Bracers (War Machine)","","War Machine Guards (War Machine)","War Machine Boots (War Machine)","","Ring of the Powerful Assault (Powerful Assault)","Ring of the Powerful Assault (Powerful Assault)","Dagger of the Powerful Assault (Powerful Assault)","Dagger of the Powerful Assault (Powerful Assault)","The Maelstrom's Perfected Inferno Staff (Perfected Crushing Wall)"," ()","Shattering Knife","Stone Giant","Inner Rage","Camouflaged Hunter","Sundering Trample","Temporal Guard","Echoing Vigor","Elemental Blockade","Winter's Revenge","Igneous Weapons","Expansive Frost Cloak","Aggressive Horn"
"Sanity's Edge","Archwizard Twelvane and Chimera","https://www.esologs.com/reports/8MyXhgd6Tf1kJGV9#fight=36&type=summary&source=17","@dappr","Que Pasa Cuh","earthen-winter-x-powerful-assault-war-machine","tank","Earthen","Winter","x","Powerful Assault","War Machine","25614.2","12563.5","40.4","40.4 CPM","","Nunatak's Visage (Nunatak)","Jack of the Powerful Assault (Powerful Assault)","Nunatak's Arm Cops (Nunatak)","Bracers of the Powerful Assault (Powerful Assault)","","Guards of the Powerful Assault (Powerful Assault)","Boots of the Powerful Assault (Powerful Assault)","","War Machine Ring (War Machine)","War Machine Ring (War Machine)","Dagger of the Powerful Assault (Powerful Assault)","Dagger of the Powerful Assault (Powerful Assault)","War Machine Ice Staff (War Machine)"," ()","Magical Trample (Cavalier's Charge / Heroism)","big siege","Stone Giant","Inner Rage","Camouflaged Hunter","Flawless Dawnbreaker","Blockade of Frost","Winter's Revenge","Echoing Vigor","Igneous Weapons","Expansive Frost Cloak","Aggressive Horn"
"Sanity's Edge","Archwizard Twelvane and Chimera","https://www.esologs.com/reports/8MyXhgd6Tf1kJGV9#fight=36&type=summary&source=5","@WonderNTS","Neural Nutworks","daedric-resto-soldier-perfected-pearlescent-ward-war-machine","tank","Daedric","Resto","Soldier","Perfected Pearlescent Ward","War Machine","15110.7","13259.2","48.4","48.4 CPM","The Atronach","Baron Zaudrus Visage (Baron Zaudrus)","Perfected Pearlescent Cuirass (Perfected Pearlescent Ward)","Baron Zaudrus Epaulets (Baron Zaudrus)","Perfected Pearlescent Gauntlets (Perfected Pearlescent Ward)","","Perfected Pearlescent Greaves (Perfected Pearlescent Ward)","Perfected Pearlescent Sabatons (Perfected Pearlescent Ward)","","Perfected Pearlescent Ring (Perfected Pearlescent Ward)","War Machine Ring (War Machine)","War Machine Ice Staff (War Machine)"," ()","The Maelstrom's Perfected Ice Staff (Perfected Crushing Wall)"," ()","Inner Rage","Elemental Susceptibility","Impervious Runeward","Rune of the Colorless Pool","Sundering Trample (Assassin's Misery / Heroism)","Summon Charged Atronach","Radiant Aura","Blockade of Frost","Charging Maneuver","Echoing Vigor","Extended Ritual","Gibbering Shelter"
"Sanity's Edge","Archwizard Twelvane and Chimera","https://www.esologs.com/reports/8MyXhgd6Tf1kJGV9#fight=36&type=summary&source=141","@Candron_Cynical","Beaming-With-Tee-Hee","daedric-resto-soldier-perfected-pearlescent-ward-war-machine","tank","Daedric","Resto","Soldier","War Machine","Perfected Pearlescent Ward","9954.0","17192.8","61.6","61.6 CPM","","Baron Zaudrus Mask (Baron Zaudrus)","Perfected Pearlescent Cuirass (Perfected Pearlescent Ward)","Baron Zaudrus Epaulets (Baron Zaudrus)","Perfected Pearlescent Gauntlets (Perfected Pearlescent Ward)","","Perfected Pearlescent Greaves (Perfected Pearlescent Ward)","Perfected Pearlescent Sabatons (Perfected Pearlescent Ward)","","War Machine Ring (War Machine)","War Machine Ring (War Machine)","War Machine Ice Staff (War Machine)"," ()","War Machine Ice Staff (War Machine)"," ()","Inner Rage","Impervious Runeward","Rune of the Colorless Pool","Sundering Trample","Elemental Susceptibility","Gibbering Shelter","Radiant Aura","Elemental Blockade","Extended Ritual","Echoing Vigor","Charging Maneuver","Summon Charged Atronach"
"Sanity's Edge","Archwizard Twelvane and Chimera","https://www.esologs.com/reports/8MyXhgd6Tf1kJGV9#fight=36&type=summary&source=1","@Candron_Cynical","Beaming-With-Tee-Hee","daedric-resto-soldier-perfected-pearlescent-ward-war-machine","tank","Daedric","Resto","Soldier","War Machine","Perfected Pearlescent Ward","8557.4","11115.6","41.7","41.7 CPM","","Baron Zaudrus Mask (Baron Zaudrus)","Perfected Pearlescent Cuirass (Perfected Pearlescent Ward)","Baron Zaudrus Epaulets (Baron Zaudrus)","Perfected Pearlescent Gauntlets (Perfected Pearlescent Ward)","","Perfected Pearlescent Greaves (Perfected Pearlescent Ward)","Perfected Pearlescent Sabatons (Perfected Pearlescent Ward)","","War Machine Ring (War Machine)","War Machine Ring (War Machine)","War Machine Ice Staff (War Machine)"," ()","War Machine Ice Staff (War Machine)"," ()","Inner Rage","Impervious Runeward","Rune of the Colorless Pool","Sundering Trample (Class Mastery / Heroism)","Elemental Susceptibility","Gibbering Shelter","Radiant Aura","Blockade of Frost","Extended Ritual","Echoing Vigor","Charging Maneuver","Summon Charged Atronach"
"Sanity's Edge","Archwizard Twelvane and Chimera","https://www.esologs.com/reports/FCJdQ8bZRvBxcKtL#fight=12&type=summary&source=1","@Yffii","Sihylde","green-siphon-x-perfected-pillagers-profit-spell-power-cure","healer","Siphon","Green","x","Perfected Pillager's Profit","Spell Power Cure","6409.2","84849.4","65.1","84849.4 HPS","","Nazaray Guise (Nazaray)","Perfected Pillager's Robe (Perfected Pillager's Profit)","Nazaray Epaulets (Nazaray)","Spell Power Cure Gloves (Spell Power Cure)","","Spell Power Cure Breeches (Spell Power Cure)","Perfected Pillager's Shoes (Perfected Pillager's Profit)","","Perfected Pillager's Band (Perfected Pillager's Profit)","Perfected Pillager's Band (Perfected Pillager's Profit)","Spell Power Cure Restoration Staff (Spell Power Cure)"," ()","Perfected Pillager's Lightning Staff (Perfected Pillager's Profit)"," ()","Combat Prayer","Radiating Regeneration","Illustrious Healing","Budding Seeds","Siphoning Attacks","Soul Siphon","Elemental Blockade","Energy Orb","Inner Rage","Echoing Vigor","Overflowing Altar","Aggressive Horn"
"Sanity's Edge","Archwizard Twelvane and Chimera","https://www.esologs.com/reports/FCJdQ8bZRvBxcKtL#fight=12&type=summary&source=15","@Minervyr","Meme Mender","green-siphon-x-perfected-pillagers-profit-spell-power-cure","healer","Siphon","Green","x","Perfected Pillager's Profit","Spell Power Cure","9608.7","68505.7","41.1","68505.7 HPS","","Nazaray Visage (Nazaray)","Cuirass of the Trainee (Armor of the Trainee)","Nazaray Arm Cops (Nazaray)","Spell Power Cure Gloves (Spell Power Cure)","","Spell Power Cure Breeches (Spell Power Cure)","Spell Power Cure Shoes (Spell Power Cure)","","Perfected Pillager's Band (Perfected Pillager's Profit)","Perfected Pillager's Band (Perfected Pillager's Profit)","Spell Power Cure Restoration Staff (Spell Power Cure)"," ()","Perfected Pillager's Lightning Staff (Perfected Pillager's Profit)"," ()","Budding Seeds","Mystic Orb","Radiating Regeneration","Combat Prayer","Illustrious Healing","Soul Siphon","Inner Rage","Overflowing Altar","Blockade of Storms","Funnel Health","Tidal Chakram","Reviving Barrier"
"Sanity's Edge","Archwizard Twelvane and Chimera","https://www.esologs.com/reports/Hrh8gjfFX1k4mpCx#fight=10&type=summary&source=11","@sallamandra","Vex'alya","curative-green-siphon-master-architect-spell-power-cure","healer","Siphon","Green","Curative","Spell Power Cure","Master Architect","7205.2","57866.6","25.5","57866.6 HPS","The Atronach","Ozezan the Inferno's Guise (Ozezan the Inferno)","Spell Power Cure Robe (Spell Power Cure)","Spaulder of Ruin (Spaulder of Ruin)","Spell Power Cure Gloves (Spell Power Cure)","","Spell Power Cure Breeches (Spell Power Cure)","Spell Power Cure Shoes (Spell Power Cure)","","Master Architect Ring (Master Architect)","Master Architect Ring (Master Architect)","The Master's Perfected Restoration Staff (Perfected Grand Rejuvenation)"," ()","Master Architect Lightning Staff (Master Architect)"," ()","Chakram of Destiny","Combat Prayer","Illustrious Healing","Budding Seeds","Energy Orb","Soul Siphon","Magical Trample","Warding Burst","Ulfsild's Contingency","Reconstructive Domain","Overflowing Altar","Aggressive Horn"
"Sanity's Edge","Archwizard Twelvane and Chimera","https://www.esologs.com/reports/Hrh8gjfFX1k4mpCx#fight=10&type=summary&source=11","@NovaPixel","Syna Evanis","curative-green-siphon-master-architect-spell-power-cure","healer","Siphon","Green","Curative","Spell Power Cure","Master Architect","6650.0","59544.4","48.0","59544.4 HPS","","Symphony of Blades Visage (Symphony of Blades)","Spell Power Cure Robe (Spell Power Cure)","Symphony of Blades Arm Cops (Symphony of Blades)","Spell Power Cure Gloves (Spell Power Cure)","","Spell Power Cure Breeches (Spell Power Cure)","Spell Power Cure Shoes (Spell Power Cure)","","Master Architect Ring (Master Architect)","Master Architect Ring (Master Architect)","The Master's Perfected Restoration Staff (Perfected Grand Rejuvenation)"," ()","Master Architect Ice Staff (Master Architect)"," ()","Blessing of Restoration","Illustrious Healing","Magical Trample","Radiating Regeneration","Chakram of Destiny","Soul Siphon","Elemental Blockade","Energy Orb","Budding Seeds","Zenas' Empowering Disc","Inner Rage","Reviving Barrier"
"Sanity's Edge","Ansuul the Tormentor","https://www.esologs.com/reports/8MyXhgd6Tf1kJGV9#fight=69&type=summary&source=13","@tanner.k","Kąrs","ardent-ass-herald-aegis-caller-perfected-slivers-of-the-null-arca","dps","Ardent","Ass","Herald","Perfected Slivers of the Null Arca","Aegis Caller","232529.1","12840.8","69.2","232529.1 DPS","The Thief","Slimecraw Mask (Slimecraw)","Perfected Null Arca Jack (Perfected Slivers of the Null Arca)","Aegis Caller's Arm Cops (Aegis Caller)","Perfected Null Arca Bracers (Perfected Slivers of the Null Arca)","","Perfected Null Arca Guards (Perfected Slivers of the Null Arca)","Perfected Null Arca Boots (Perfected Slivers of the Null Arca)","","Aegis Caller's Ring (Aegis Caller)","Aegis Caller's Ring (Aegis Caller)","Aegis Caller's Dagger (Aegis Caller)","Aegis Caller's Dagger (Aegis Caller)","The Maelstrom's Perfected Greatsword (Perfected Merciless Charge)"," ()","Tentacular Dread","Escalating Runeblades","Relentless Focus","Quick Cloak","Killer's Blade","Incapacitating Strike","Stampede","Pestilent Trample (Class Mastery / Heroism)","Inspired Scholarship","Flames of Oblivion","Venomous Claw","Standard of Might"
"Sanity's Edge","Ansuul the Tormentor","https://www.esologs.com/reports/8MyXhgd6Tf1kJGV9#fight=69&type=summary&source=3","@idontKITE","controller main","ardent-ass-herald-aegis-caller-perfected-slivers-of-the-null-arca","dps","Ardent","Ass","Herald","Perfected Slivers of the Null Arca","Aegis Caller","177025.0","6493.9","56.9","177025.0 DPS","","Perfected Null Arca Helmet (Perfected Slivers of the Null Arca)","Perfected Null Arca Jack (Perfected Slivers of the Null Arca)","The Blind Epaulets (The Blind)","Aegis Caller's Bracers (Aegis Caller)","","Perfected Null Arca Guards (Perfected Slivers of the Null Arca)","Aegis Caller's Boots (Aegis Caller)","","Perfected Null Arca Ring (Perfected Slivers of the Null Arca)","Perfected Null Arca Ring (Perfected Slivers of the Null Arca)","Aegis Caller's Dagger (Aegis Caller)","Aegis Caller's Dagger (Aegis Caller)","The Maelstrom's Perfected Greatsword (Perfected Merciless Charge)"," ()","Quick Cloak","Tentacular Dread","Relentless Focus","Escalating Runeblades","Killer's Blade","Incapacitating Strike","Inspired Scholarship","Fulminating Rune","Flames of Oblivion","Stampede","Venomous Claw","Standard of Might"
"Sanity's Edge","Ansuul the Tormentor","https://www.esologs.com/reports/8MyXhgd6Tf1kJGV9#fight=69&type=summary&source=6","@SoloCatalyst","Solocatalystt","ardent-ass-herald-aegis-caller-perfected-slivers-of-the-null-arca","dps","Ardent","Ass","Herald","Perfected Slivers of the Null Arca","Aegis Caller","172994.1","9184.2","56.0","172994.1 DPS","","Slimecraw Mask (Slimecraw)","Perfected Null Arca Jack (Perfected Slivers of the Null Arca)","Aegis Caller's Arm Cops (Aegis Caller)","Perfected Null Arca Bracers (Perfected Slivers of the Null Arca)","","Perfected Null Arca Guards (Perfected Slivers of the Null Arca)","Perfected Null Arca Boots (Perfected Slivers of the Null Arca)","","Aegis Caller's Ring (Aegis Caller)","Aegis Caller's Ring (Aegis Caller)","Aegis Caller's Dagger (Aegis Caller)","Aegis Caller's Dagger (Aegis Caller)","The Maelstrom's Perfected Greatsword (Perfected Merciless Charge)"," ()","Killer's Blade","Relentless Focus","Shocking Banner (Cavalier's Charge / Courage)","Tentacular Dread","Escalating Runeblades","Incapacitating Strike","Flames of Oblivion","Venomous Claw","Shocking Banner (Cavalier's Charge / Courage)","Inspired Scholarship","Stampede","Standard of Might"
"Sanity's Edge","Ansuul the Tormentor","https://www.esologs.com/reports/8MyXhgd6Tf1kJGV9#fight=69&type=summary&source=9","nil","Offline","ardent-ass-herald-aegis-caller-perfected-slivers-of-the-null-arca","dps","Ardent","Ass","Herald","Aegis Caller","Perfected Slivers of the Null Arca","186399.1","11242.9","68.5","186399.1 DPS","","Valkyn Skoria Guise (Valkyn Skoria)","Aegis Caller's Jack (Aegis Caller)","Perfected Null Arca Arm Cops (Perfected Slivers of the Null Arca)","Perfected Null Arca Bracers (Perfected Slivers of the Null Arca)","","Perfected Null Arca Guards (Perfected Slivers of the Null Arca)","Aegis Caller's Boots (Aegis Caller)","","Perfected Null Arca Ring (Perfected Slivers of the Null Arca)","Perfected Null Arca Ring (Perfected Slivers of the Null Arca)","Aegis Caller's Dagger (Aegis Caller)","Aegis Caller's Dagger (Aegis Caller)","The Maelstrom's Perfected Greatsword (Perfected Merciless Charge)"," ()","Killer's Blade","Escalating Runeblades","Tentacular Dread","Relentless Focus","Camouflaged Hunter","Soul Harvest","Molten Whip","Stampede","Venomous Claw","Inspired Scholarship","Flames of Oblivion","Standard of Might"
"Sanity's Edge","Ansuul the Tormentor","https://www.esologs.com/reports/8MyXhgd6Tf1kJGV9#fight=69&type=summary&source=12","@PartialEthos","Schmethos","ardent-ass-herald-aegis-caller-perfected-slivers-of-the-null-arca","dps","Ardent","Ass","Herald","Perfected Slivers of the Null Arca","Aegis Caller","173695.2","11827.1","70.9","173695.2 DPS","","Valkyn Skoria Guise (Valkyn Skoria)","Perfected Null Arca Jack (Perfected Slivers of the Null Arca)","Perfected Null Arca Arm Cops (Perfected Slivers of the Null Arca)","Perfected Null Arca Bracers (Perfected Slivers of the Null Arca)","","Perfected Null Arca Guards (Perfected Slivers of the Null Arca)","Perfected Null Arca Boots (Perfected Slivers of the Null Arca)","","Aegis Caller's Ring (Aegis Caller)","Aegis Caller's Ring (Aegis Caller)","Aegis Caller's Dagger (Aegis Caller)","Aegis Caller's Dagger (Aegis Caller)","The Maelstrom's Perfected Greatsword (Perfected Merciless Charge)"," ()","Escalating Runeblades","Tentacular Dread","Merciless Resolve","Killer's Blade","Quick Cloak","Soul Harvest","Stampede","Venomous Claw","Flames of Oblivion","Inspired Scholarship","Molten Whip","Standard of Might"
"Sanity's Edge","Ansuul the Tormentor","https://www.esologs.com/reports/8MyXhgd6Tf1kJGV9#fight=69&type=summary&source=142","@fheS","Better Oakensorc","ardent-ass-herald-aegis-caller-perfected-slivers-of-the-null-arca","dps","Ardent","Ass","Herald","Perfected Slivers of the Null Arca","Aegis Caller","137938.0","6204.0","57.3","137938.0 DPS","","Slimecraw Guise (Slimecraw)","Perfected Null Arca Jack (Perfected Slivers of the Null Arca)","Aegis Caller's Arm Cops (Aegis Caller)","Perfected Null Arca Bracers (Perfected Slivers of the Null Arca)","","Perfected Null Arca Guards (Perfected Slivers of the Null Arca)","Perfected Null Arca Boots (Perfected Slivers of the Null Arca)","","Aegis Caller's Ring (Aegis Caller)","Aegis Caller's Ring (Aegis Caller)","Aegis Caller's Dagger (Aegis Caller)","Aegis Caller's Dagger (Aegis Caller)","The Maelstrom's Perfected Greatsword (Perfected Merciless Charge)"," ()","Killer's Blade","Quick Cloak","Escalating Runeblades","Tentacular Dread","Relentless Focus","Reviving Barrier","Venomous Claw","Inspired Scholarship","Fulminating Rune","Flames of Oblivion","Stampede","Standard of Might"
"Sanity's Edge","Ansuul the Tormentor","https://www.esologs.com/reports/8MyXhgd6Tf1kJGV9#fight=69&type=summary&source=9","@Shadeous","Tättersail","ardent-ass-herald-aegis-caller-perfected-slivers-of-the-null-arca","dps","Ardent","Ass","Herald","Aegis Caller","Perfected Slivers of the Null Arca","132042.2","13632.5","32.8","132042.2 DPS","","Slimecraw Guise (Slimecraw)","Aegis Caller's Jack (Aegis Caller)","Perfected Null Arca Arm Cops (Perfected Slivers of the Null Arca)","Perfected Null Arca Bracers (Perfected Slivers of the Null Arca)","","Perfected Null Arca Guards (Perfected Slivers of the Null Arca)","Perfected Null Arca Boots (Perfected Slivers of the Null Arca)","","Aegis Caller's Ring (Aegis Caller)","Aegis Caller's Ring (Aegis Caller)","Aegis Caller's Dagger (Aegis Caller)","Aegis Caller's Dagger (Aegis Caller)","The Maelstrom's Perfected Greatsword (Perfected Merciless Charge)"," ()","Cephaliarch's Flail","Pragmatic Fatecarver","Quick Cloak","Killer's Blade","Banner Bearer","Reviving Barrier","Stampede","Fulminating Rune","Inspired Scholarship","Flames of Oblivion","Banner Bearer","Standard of Might"
"Sanity's Edge","Ansuul the Tormentor","https://www.esologs.com/reports/8MyXhgd6Tf1kJGV9#fight=69&type=summary&source=4","@ElectroSfere","Fire Breathing Trash Can","ardent-ass-herald-aegis-caller-perfected-slivers-of-the-null-arca","dps","Ardent","Ass","Herald","Perfected Slivers of the Null Arca","Aegis Caller","191282.5","7594.0","61.0","191282.5 DPS","","Slimecraw Mask (Slimecraw)","Perfected Null Arca Jack (Perfected Slivers of the Null Arca)","Perfected Null Arca Arm Cops (Perfected Slivers of the Null Arca)","Perfected Null Arca Bracers (Perfected Slivers of the Null Arca)","","Perfected Null Arca Guards (Perfected Slivers of the Null Arca)","Aegis Caller's Boots (Aegis Caller)","","Aegis Caller's Ring (Aegis Caller)","Aegis Caller's Ring (Aegis Caller)","Aegis Caller's Dagger (Aegis Caller)","Aegis Caller's Dagger (Aegis Caller)","The Maelstrom's Greatsword (Merciless Charge)"," ()","Escalating Runeblades","Tentacular Dread","Relentless Focus","Killer's Blade","Quick Cloak","Incapacitating Strike","Stampede","Venomous Claw","Flames of Oblivion","Fulminating Rune","Inspired Scholarship","Standard of Might"
"Sanity's Edge","Ansuul the Tormentor","https://www.esologs.com/reports/8MyXhgd6Tf1kJGV9#fight=69&type=summary&source=10","@Rare_Form","Sheburnsall","ardent-ass-herald-aegis-caller-perfected-slivers-of-the-null-arca","dps","Ardent","Ass","Herald","Aegis Caller","Perfected Slivers of the Null Arca","133874.0","12535.8","62.1","133874.0 DPS","","Aegis Caller's Helmet (Aegis Caller)","Perfected Null Arca Jack (Perfected Slivers of the Null Arca)","Slimecraw Epaulets (Slimecraw)","Perfected Null Arca Bracers (Perfected Slivers of the Null Arca)","","Perfected Null Arca Guards (Perfected Slivers of the Null Arca)","Perfected Null Arca Boots (Perfected Slivers of the Null Arca)","","Aegis Caller's Ring (Aegis Caller)","Aegis Caller's Ring (Aegis Caller)","Aegis Caller's Dagger (Aegis Caller)","Aegis Caller's Dagger (Aegis Caller)","The Maelstrom's Perfected Greatsword (Perfected Merciless Charge)"," ()","Escalating Runeblades","Relentless Focus","Quick Cloak","Killer's Blade","Tentacular Dread","Incapacitating Strike","Stampede","Mystic Orb","Echoing Vigor","Flames of Oblivion","Inspired Scholarship","Standard of Might"
"Sanity's Edge","Ansuul the Tormentor","https://www.esologs.com/reports/8MyXhgd6Tf1kJGV9#fight=69&type=summary&source=5","@blueblaze103","Kash-dar","ardent-ass-herald-aegis-caller-perfected-slivers-of-the-null-arca","dps","Ardent","Ass","Herald","Perfected Slivers of the Null Arca","Aegis Caller","105043.7","10653.8","38.9","105043.7 DPS","","Slimecraw Mask (Slimecraw)","Perfected Null Arca Jack (Perfected Slivers of the Null Arca)","Aegis Caller's Arm Cops (Aegis Caller)","Perfected Null Arca Bracers (Perfected Slivers of the Null Arca)","","Perfected Null Arca Guards (Perfected Slivers of the Null Arca)","Perfected Null Arca Boots (Perfected Slivers of the Null Arca)","","Aegis Caller's Ring (Aegis Caller)","Aegis Caller's Ring (Aegis Caller)","Aegis Caller's Dagger (Aegis Caller)","Aegis Caller's Dagger (Aegis Caller)","The Maelstrom's Greatsword (Merciless Charge)"," ()","Quick Cloak","Killer's Blade","Relentless Focus","Escalating Runeblades","Tentacular Dread","Barrier","Inspired Scholarship","Echoing Vigor","Stampede","Venomous Claw","Flames of Oblivion","Standard of Might"
"Sanity's Edge","Ansuul the Tormentor","https://www.esologs.com/reports/8MyXhgd6Tf1kJGV9#fight=69&type=summary&source=16","@Oshin3","Spooky Oshin","ardent-ass-herald-aegis-caller-perfected-slivers-of-the-null-arca","dps","Ardent","Ass","Herald","Aegis Caller","Perfected Slivers of the Null Arca","166540.4","12339.2","51.4","166540.4 DPS","","Slimecraw Mask (Slimecraw)","Aegis Caller's Jack (Aegis Caller)","Perfected Null Arca Arm Cops (Perfected Slivers of the Null Arca)","Aegis Caller's Bracers (Aegis Caller)","","Aegis Caller's Guards (Aegis Caller)","Aegis Caller's Boots (Aegis Caller)","","Perfected Null Arca Ring (Perfected Slivers of the Null Arca)","Perfected Null Arca Ring (Perfected Slivers of the Null Arca)","Perfected Null Arca Dagger (Perfected Slivers of the Null Arca)","Perfected Null Arca Dagger (Perfected Slivers of the Null Arca)","The Maelstrom's Perfected Greatsword (Perfected Merciless Charge)"," ()","Tentacular Dread","Escalating Runeblades","Killer's Blade","Relentless Focus","Quick Cloak","Incapacitating Strike","Venomous Claw","Stampede","Flames of Oblivion","Inspired Scholarship","Molten Whip","Standard of Might"
"Sanity's Edge","Ansuul the Tormentor","https://www.esologs.com/reports/8MyXhgd6Tf1kJGV9#fight=69&type=summary&source=12","@GrEI3uI3JI9I","Unilosa","ardent-ass-herald-aegis-caller-perfected-slivers-of-the-null-arca","dps","Ardent","Ass","Herald","Aegis Caller","Perfected Slivers of the Null Arca","125907.4","11719.8","60.7","125907.4 DPS","","Aegis Caller's Helmet (Aegis Caller)","Perfected Null Arca Jack (Perfected Slivers of the Null Arca)","Slimecraw Arm Cops (Slimecraw)","Perfected Null Arca Bracers (Perfected Slivers of the Null Arca)","","Perfected Null Arca Guards (Perfected Slivers of the Null Arca)","Perfected Null Arca Boots (Perfected Slivers of the Null Arca)","","Aegis Caller's Ring (Aegis Caller)","Aegis Caller's Ring (Aegis Caller)","Aegis Caller's Dagger (Aegis Caller)","Aegis Caller's Dagger (Aegis Caller)","The Maelstrom's Perfected Greatsword (Perfected Merciless Charge)"," ()","Tentacular Dread","Escalating Runeblades","Killer's Blade","Relentless Focus","Quick Cloak","Incapacitating Strike","Flames of Oblivion","Stampede","Venomous Claw","Inspired Scholarship","Echoing Vigor","Standard of Might"
"Sanity's Edge","Ansuul the Tormentor","https://www.esologs.com/reports/8MyXhgd6Tf1kJGV9#fight=69&type=summary&source=4","@ALMSlVI","Dk Silver","ardent-ass-herald-aegis-caller-perfected-slivers-of-the-null-arca","dps","Ardent","Ass","Herald","Perfected Slivers of the Null Arca","Aegis Caller","163060.6","14865.1","57.6","163060.6 DPS","","Zaan Mask (Zaan)","Perfected Null Arca Jack (Perfected Slivers of the Null Arca)","Aegis Caller's Arm Cops (Aegis Caller)","Perfected Null Arca Bracers (Perfected Slivers of the Null Arca)","","Perfected Null Arca Guards (Perfected Slivers of the Null Arca)","Perfected Null Arca Boots (Perfected Slivers of the Null Arca)","","Aegis Caller's Ring (Aegis Caller)","Aegis Caller's Ring (Aegis Caller)","Aegis Caller's Dagger (Aegis Caller)","Aegis Caller's Dagger (Aegis Caller)","The Maelstrom's Greatsword (Merciless Charge)"," ()","Molten Whip","Relentless Focus","Tentacular Dread","Quick Cloak","Killer's Blade","Incapacitating Strike","Flames of Oblivion","Inspired Scholarship","Stampede","Venomous Claw","Engulfing Flames","Standard of Might"
"Sanity's Edge","Ansuul the Tormentor","https://www.esologs.com/reports/8MyXhgd6Tf1kJGV9#fight=69&type=summary&source=3","@Foolebuilt","hentcanist","ardent-ass-herald-aegis-caller-perfected-slivers-of-the-null-arca","dps","Ardent","Ass","Herald","Perfected Slivers of the Null Arca","Aegis Caller","161401.7","11410.8","67.5","161401.7 DPS","","Slimecraw Guise (Slimecraw)","Perfected Null Arca Jack (Perfected Slivers of the Null Arca)","Perfected Null Arca Arm Cops (Perfected Slivers of the Null Arca)","Perfected Null Arca Bracers (Perfected Slivers of the Null Arca)","","Perfected Null Arca Guards (Perfected Slivers of the Null Arca)","Aegis Caller's Boots (Aegis Caller)","","Aegis Caller's Ring (Aegis Caller)","Aegis Caller's Ring (Aegis Caller)","Aegis Caller's Dagger (Aegis Caller)","Aegis Caller's Dagger (Aegis Caller)","The Maelstrom's Perfected Greatsword (Perfected Merciless Charge)"," ()","Tentacular Dread","Quick Cloak","Escalating Runeblades","Killer's Blade","Relentless Focus","Incapacitating Strike","Stampede","Venomous Claw","Molten Whip","Inspired Scholarship","Flames of Oblivion","Standard of Might"
"Sanity's Edge","Ansuul the Tormentor","https://www.esologs.com/reports/8MyXhgd6Tf1kJGV9#fight=69&type=summary&source=95","@jasontanublet","One Beam No Brain","ardent-ass-herald-aegis-caller-perfected-slivers-of-the-null-arca","dps","Ardent","Ass","Herald","Perfected Slivers of the Null Arca","Aegis Caller","167022.5","16735.9","65.9","167022.5 DPS","","Slimecraw Guise (Slimecraw)","Perfected Null Arca Jack (Perfected Slivers of the Null Arca)","Perfected Null Arca Arm Cops (Perfected Slivers of the Null Arca)","Perfected Null Arca Bracers (Perfected Slivers of the Null Arca)","","Aegis Caller's Guards (Aegis Caller)","Perfected Null Arca Boots (Perfected Slivers of the Null Arca)","","Aegis Caller's Ring (Aegis Caller)","Aegis Caller's Ring (Aegis Caller)","Aegis Caller's Dagger (Aegis Caller)","Aegis Caller's Dagger (Aegis Caller)","The Maelstrom's Perfected Greatsword (Perfected Merciless Charge)"," ()","Relentless Focus","Killer's Blade","Escalating Runeblades","Tentacular Dread","Quick Cloak","Incapacitating Strike","Inspired Scholarship","Flames of Oblivion","Venomous Claw","Molten Whip","Stampede","Standard of Might"
"Sanity's Edge","Ansuul the Tormentor","https://www.esologs.com/reports/FCJdQ8bZRvBxcKtL#fight=16&type=summary&source=5","@Droper10","Droperi","ass-dawn-herald-deadly-strike-perfected-ansuuls-torment","dps","Ass","Dawn","Herald","Deadly Strike","Perfected Ansuul's Torment","187638.7","7991.9","28.3","187638.7 DPS","The Thief","Deadly Helmet (Deadly Strike)","Ansuul's Perfected Jack (Perfected Ansuul's Torment)","Slimecraw Epaulets (Slimecraw)","Ansuul's Perfected Bracers (Perfected Ansuul's Torment)","","Ansuul's Perfected Guards (Perfected Ansuul's Torment)","Ansuul's Perfected Boots (Perfected Ansuul's Torment)","","Deadly Ring (Deadly Strike)","Deadly Ring (Deadly Strike)","Deadly Dagger (Deadly Strike)","Deadly Dagger (Deadly Strike)","The Maelstrom's Perfected Greatsword (Perfected Merciless Charge)"," ()","Cephaliarch's Flail","Quick Cloak","Radiant Glory","Pragmatic Fatecarver","Banner Bearer","Incapacitating Strike","Stampede","Inspired Scholarship","Solar Barrage","Merciless Resolve","Banner Bearer","The Languid Eye"
"Sanity's Edge","Ansuul the Tormentor","https://www.esologs.com/reports/FCJdQ8bZRvBxcKtL#fight=16&type=summary&source=9","@Lorelay123","Saint-Pierre et Miquelon","ass-dawn-herald-deadly-strike-perfected-ansuuls-torment","dps","Ass","Dawn","Herald","Perfected Ansuul's Torment","Deadly Strike","121367.8","16181.5","20.5","121367.8 DPS","","Slimecraw Guise (Slimecraw)","Ansuul's Perfected Jack (Perfected Ansuul's Torment)","Deadly Arm Cops (Deadly Strike)","Ansuul's Perfected Bracers (Perfected Ansuul's Torment)","","Ansuul's Perfected Guards (Perfected Ansuul's Torment)","Ansuul's Perfected Boots (Perfected Ansuul's Torment)","","Deadly Ring (Deadly Strike)","Deadly Ring (Deadly Strike)","Deadly Dagger (Deadly Strike)","Deadly Dagger (Deadly Strike)","The Maelstrom's Perfected Inferno Staff (Perfected Crushing Wall)"," ()","Cephaliarch's Flail","Pragmatic Fatecarver","Quick Cloak","Radiant Glory","Camouflaged Hunter","Incapacitating Strike","Fulminating Rune","Elemental Blockade","Solar Barrage","Inspired Scholarship","Echoing Vigor","The Languid Eye"
"Sanity's Edge","Ansuul the Tormentor","https://www.esologs.com/reports/FCJdQ8bZRvBxcKtL#fight=16&type=summary&source=13","@zDarkus","-Darkus","ass-dawn-herald-deadly-strike-perfected-ansuuls-torment","dps","Ass","Dawn","Herald","Perfected Ansuul's Torment","Deadly Strike","156893.4","9167.0","34.3","156893.4 DPS","","Ansuul's Perfected Helmet (Perfected Ansuul's Torment)","Deadly Jack (Deadly Strike)","Valkyn Skoria Arm Cops (Valkyn Skoria)","Deadly Bracers (Deadly Strike)","","Deadly Guards (Deadly Strike)","Ansuul's Perfected Boots (Perfected Ansuul's Torment)","","Ansuul's Perfected Ring (Perfected Ansuul's Torment)","Ansuul's Perfected Ring (Perfected Ansuul's Torment)","Deadly Dagger (Deadly Strike)","Deadly Dagger (Deadly Strike)","The Maelstrom's Perfected Greatsword (Perfected Merciless Charge)"," ()","Cephaliarch's Flail","Camouflaged Hunter","Radiant Glory","Pragmatic Fatecarver","Quick Cloak","Soul Harvest","Stampede","Inspired Scholarship","Solar Barrage","Fulminating Rune","Concealed Weapon","The Languid Eye"
"Sanity's Edge","Ansuul the Tormentor","https://www.esologs.com/reports/FCJdQ8bZRvBxcKtL#fight=16&type=summary&source=2","@T.exe","Blinded-by the-lights","ass-dawn-herald-deadly-strike-perfected-ansuuls-torment","dps","Ass","Dawn","Herald","Perfected Ansuul's Torment","Deadly Strike","141823.8","8468.5","35.0","141823.8 DPS","","Valkyn Skoria Mask (Valkyn Skoria)","Ansuul's Perfected Jack (Perfected Ansuul's Torment)","Deadly Arm Cops (Deadly Strike)","Ansuul's Perfected Bracers (Perfected Ansuul's Torment)","","Ansuul's Perfected Guards (Perfected Ansuul's Torment)","Ansuul's Perfected Boots (Perfected Ansuul's Torment)","","Deadly Ring (Deadly Strike)","Deadly Ring (Deadly Strike)","Deadly Dagger (Deadly Strike)","Deadly Dagger (Deadly Strike)","The Maelstrom's Perfected Greatsword (Perfected Merciless Charge)"," ()","Banner Bearer","Quick Cloak","Cephaliarch's Flail","Radiant Glory","Pragmatic Fatecarver","Soul Harvest","Banner Bearer","Stampede","Solar Barrage","Inspired Scholarship","Relentless Focus","The Languid Eye"
"Sanity's Edge","Ansuul the Tormentor","https://www.esologs.com/reports/FCJdQ8bZRvBxcKtL#fight=16&type=summary&source=3","@ReyBrujoAngmar","Ma-Zi-Zah","ass-dawn-herald-deadly-strike-perfected-ansuuls-torment","dps","Ass","Dawn","Herald","Perfected Ansuul's Torment","Deadly Strike","158519.7","11996.2","35.8","158519.7 DPS","","Valkyn Skoria Mask (Valkyn Skoria)","Ansuul's Perfected Jack (Perfected Ansuul's Torment)","Deadly Arm Cops (Deadly Strike)","Ansuul's Perfected Bracers (Perfected Ansuul's Torment)","","Ansuul's Perfected Guards (Perfected Ansuul's Torment)","Ansuul's Perfected Boots (Perfected Ansuul's Torment)","","Deadly Ring (Deadly Strike)","Deadly Ring (Deadly Strike)","Deadly Dagger (Deadly Strike)","Deadly Dagger (Deadly Strike)","The Maelstrom's Perfected Greatsword (Perfected Merciless Charge)"," ()","Cephaliarch's Flail","Pragmatic Fatecarver","Radiant Glory","Quick Cloak","Banner Bearer","Soul Harvest","Solar Barrage","Stampede","Inspired Scholarship","Merciless Resolve","Banner Bearer","The Languid Eye"
"Sanity's Edge","Ansuul the Tormentor","https://www.esologs.com/reports/FCJdQ8bZRvBxcKtL#fight=16&type=summary&source=7","@krdntro","kr arca","ass-dawn-herald-deadly-strike-perfected-ansuuls-torment","dps","Ass","Dawn","Herald","Deadly Strike","Perfected Ansuul's Torment","142009.5","9275.2","29.6","142009.5 DPS","","Deadly Helmet (Deadly Strike)","Ansuul's Perfected Jack (Perfected Ansuul's Torment)","Valkyn Skoria Arm Cops (Valkyn Skoria)","Ansuul's Perfected Bracers (Perfected Ansuul's Torment)","","Ansuul's Perfected Guards (Perfected Ansuul's Torment)","Ansuul's Perfected Boots (Perfected Ansuul's Torment)","","Deadly Ring (Deadly Strike)","Deadly Ring (Deadly Strike)","Deadly Dagger (Deadly Strike)","Deadly Dagger (Deadly Strike)","The Maelstrom's Perfected Greatsword (Perfected Merciless Charge)"," ()","Cephaliarch's Flail","Radiant Glory","Camouflaged Hunter","Pragmatic Fatecarver","Quick Cloak","Soul Harvest","Echoing Vigor","Fulminating Rune","Inspired Scholarship","Solar Barrage","Stampede","The Languid Eye"
"Sanity's Edge","Ansuul the Tormentor","https://www.esologs.com/reports/FCJdQ8bZRvBxcKtL#fight=16&type=summary&source=7","@Notagarami","mytears","ass-dawn-herald-deadly-strike-perfected-ansuuls-torment","dps","Ass","Dawn","Herald","Perfected Ansuul's Torment","Deadly Strike","134931.3","15429.6","34.8","134931.3 DPS","","Nerien'eth Guise (Nerien'eth)","Ansuul's Perfected Jack (Perfected Ansuul's Torment)","Ansuul's Perfected Arm Cops (Perfected Ansuul's Torment)","Ansuul's Perfected Bracers (Perfected Ansuul's Torment)","","Ansuul's Perfected Guards (Perfected Ansuul's Torment)","Ansuul's Perfected Boots (Perfected Ansuul's Torment)","","Deadly Ring (Deadly Strike)","Deadly Ring (Deadly Strike)","Deadly Dagger (Deadly Strike)","Deadly Dagger (Deadly Strike)","The Maelstrom's Inferno Staff (Crushing Wall)"," ()","Radiant Glory","Cephaliarch's Flail","Quick Cloak","Pragmatic Fatecarver","Camouflaged Hunter","Incapacitating Strike","Inspired Scholarship","Elemental Blockade","Vampire's Bane","Solar Barrage","Rune of Displacement","The Languid Eye"
"Sanity's Edge","Ansuul the Tormentor","https://www.esologs.com/reports/FCJdQ8bZRvBxcKtL#fight=16&type=summary&source=10","@Blageniy","Arcashaa","ass-dawn-herald-deadly-strike-perfected-ansuuls-torment","dps","Ass","Dawn","Herald","Perfected Ansuul's Torment","Deadly Strike","104877.2","5740.1","23.1","104877.2 DPS","","Slimecraw Guise (Slimecraw)","Ansuul's Perfected Jack (Perfected Ansuul's Torment)","Deadly Arm Cops (Deadly Strike)","Ansuul's Perfected Bracers (Perfected Ansuul's Torment)","","Ansuul's Perfected Guards (Perfected Ansuul's Torment)","Ansuul's Perfected Boots (Perfected Ansuul's Torment)","","Deadly Ring (Deadly Strike)","Deadly Ring (Deadly Strike)","Deadly Dagger (Deadly Strike)","Deadly Dagger (Deadly Strike)","The Maelstrom's Perfected Inferno Staff (Perfected Crushing Wall)"," ()","Pragmatic Fatecarver","Cephaliarch's Flail","Quick Cloak","Radiant Glory","Camouflaged Hunter","Soul Harvest","Inspired Scholarship","Solar Barrage","Elemental Blockade","Fulminating Rune","Barbed Trap","The Languid Eye"
"Sanity's Edge","Ansuul the Tormentor","https://www.esologs.com/reports/FCJdQ8bZRvBxcKtL#fight=16&type=summary&source=8","@SeregaParadox","'Paradoxx","ass-dawn-herald-deadly-strike-perfected-ansuuls-torment","dps","Ass","Dawn","Herald","Perfected Ansuul's Torment","Deadly Strike","103084.7","18083.8","28.1","103084.7 DPS","","Ansuul's Perfected Helmet (Perfected Ansuul's Torment)","Ansuul's Perfected Jack (Perfected Ansuul's Torment)","Slimecraw Epaulets (Slimecraw)","Ansuul's Perfected Bracers (Perfected Ansuul's Torment)","","Deadly Guards (Deadly Strike)","Ansuul's Perfected Boots (Perfected Ansuul's Torment)","","Deadly Ring (Deadly Strike)","Deadly Ring (Deadly Strike)","Deadly Dagger (Deadly Strike)","Deadly Dagger (Deadly Strike)","The Maelstrom's Perfected Inferno Staff (Perfected Crushing Wall)"," ()","Cephaliarch's Flail","Quick Cloak","Radiant Glory","Camouflaged Hunter","Pragmatic Fatecarver","Soul Harvest","Elemental Blockade","Inspired Scholarship","Fulminating Rune","Echoing Vigor","Solar Barrage","The Languid Eye"
"Sanity's Edge","Ansuul the Tormentor","https://www.esologs.com/reports/FCJdQ8bZRvBxcKtL#fight=16&type=summary&source=5","@Soul_deTalo","Lina-Soul","ass-dawn-herald-deadly-strike-perfected-ansuuls-torment","dps","Ass","Dawn","Herald","Perfected Ansuul's Torment","Deadly Strike","119736.2","10721.8","21.7","119736.2 DPS","","Slimecraw Guise (Slimecraw)","Ansuul's Perfected Jack (Perfected Ansuul's Torment)","Deadly Arm Cops (Deadly Strike)","Ansuul's Perfected Bracers (Perfected Ansuul's Torment)","","Ansuul's Perfected Guards (Perfected Ansuul's Torment)","Ansuul's Perfected Boots (Perfected Ansuul's Torment)","","Deadly Ring (Deadly Strike)","Deadly Ring (Deadly Strike)","Deadly Dagger (Deadly Strike)","Deadly Dagger (Deadly Strike)","The Maelstrom's Perfected Inferno Staff (Perfected Crushing Wall)"," ()","Banner Bearer","Quick Cloak","Cephaliarch's Flail","Pragmatic Fatecarver","Radiant Oppression","Incapacitating Strike","Banner Bearer","Elemental Blockade","Solar Barrage","Recuperative Treatise","Relentless Focus","The Languid Eye"
"Sanity's Edge","Ansuul the Tormentor","https://www.esologs.com/reports/FCJdQ8bZRvBxcKtL#fight=16&type=summary&source=9","nil","Anonymous 9","ass-dawn-herald-deadly-strike-perfected-ansuuls-torment","dps","Ass","Dawn","Herald","Deadly Strike","Perfected Ansuul's Torment","132624.5","8519.0","33.3","132624.5 DPS","","Deadly Helmet (Deadly Strike)","Ansuul's Perfected Jack (Perfected Ansuul's Torment)","Slimecraw Arm Cops (Slimecraw)","Deadly Bracers (Deadly Strike)","","Ansuul's Perfected Guards (Perfected Ansuul's Torment)","Ansuul's Perfected Boots (Perfected Ansuul's Torment)","","Ansuul's Perfected Ring (Perfected Ansuul's Torment)","Ansuul's Perfected Ring (Perfected Ansuul's Torment)","Deadly Dagger (Deadly Strike)","Deadly Dagger (Deadly Strike)","The Maelstrom's Perfected Inferno Staff (Perfected Crushing Wall)"," ()","Pragmatic Fatecarver","Cephaliarch's Flail","Radiant Glory","Camouflaged Hunter","Quick Cloak","Soul Harvest","Elemental Blockade","Barbed Trap","Solar Barrage","Inspired Scholarship","Fulminating Rune","The Languid Eye"
"Sanity's Edge","Ansuul the Tormentor","https://www.esologs.com/reports/FCJdQ8bZRvBxcKtL#fight=16&type=summary&source=12","@SadYoungMan","The Eighth Inner Gate","ardent-ass-herald-perfected-slivers-of-the-null-arca-tide-born-wildstalker","dps","Ardent","Ass","Herald","Perfected Slivers of the Null Arca","Tide-Born Wildstalker","148882.9","8229.1","45.7","148882.9 DPS","The Thief","Valkyn Skoria Guise (Valkyn Skoria)","Perfected Null Arca Jack (Perfected Slivers of the Null Arca)","Perfected Null Arca Arm Cops (Perfected Slivers of the Null Arca)","Perfected Null Arca Bracers (Perfected Slivers of the Null Arca)","","Tide-Born Guards (Tide-Born Wildstalker)","Perfected Null Arca Boots (Perfected Slivers of the Null Arca)","","Tide-Born Ring (Tide-Born Wildstalker)","Tide-Born Ring (Tide-Born Wildstalker)","Tide-Born Lightning Staff (Tide-Born Wildstalker)"," ()","The Maelstrom's Perfected Greatsword (Perfected Merciless Charge)"," ()","Cephaliarch's Flail","Pragmatic Fatecarver","Venomous Claw","Killer's Blade","Banner Bearer","Soul Harvest","Stampede","Inspired Scholarship","Concealed Weapon","Flames of Oblivion","Banner Bearer","Standard of Might"
"Sanity's Edge","Ansuul the Tormentor","https://www.esologs.com/reports/FCJdQ8bZRvBxcKtL#fight=16&type=summary&source=146","@DJ_M1n3r","Skrting on the Surface","ardent-ass-herald-perfected-slivers-of-the-null-arca-tide-born-wildstalker","dps","Ardent","Ass","Herald","Perfected Slivers of the Null Arca","Tide-Born Wildstalker","133716.6","6525.0","55.4","133716.6 DPS","","Slimecraw Guise (Slimecraw)","Perfected Null Arca Jack (Perfected Slivers of the Null Arca)","Tide-Born Arm Cops (Tide-Born Wildstalker)","Perfected Null Arca Bracers (Perfected Slivers of the Null Arca)","","Perfected Null Arca Guards (Perfected Slivers of the Null Arca)","Perfected Null Arca Boots (Perfected Slivers of the Null Arca)","","Tide-Born Ring (Tide-Born Wildstalker)","Tide-Born Ring (Tide-Born Wildstalker)","Tide-Born Dagger (Tide-Born Wildstalker)","Tide-Born Dagger (Tide-Born Wildstalker)","The Maelstrom's Perfected Greatsword (Perfected Merciless Charge)"," ()","Tentacular Dread","Relentless Focus","Escalating Runeblades","Killer's Blade","Quick Cloak","Incapacitating Strike","Stampede","Venomous Claw","Flames of Oblivion","Inspired Scholarship","Mystic Orb","Standard of Might"
"Sanity's Edge","Ansuul the Tormentor","https://www.esologs.com/reports/FCJdQ8bZRvBxcKtL#fight=16&type=summary&source=8","@DJ_M1n3r","Skrting on the Surface","ardent-ass-herald-perfected-slivers-of-the-null-arca-tide-born-wildstalker","dps","Ardent","Ass","Herald","Perfected Slivers of the Null Arca","Tide-Born Wildstalker","141167.1","9947.4","58.4","141167.1 DPS","","Slimecraw Guise (Slimecraw)","Perfected Null Arca Jack (Perfected Slivers of the Null Arca)","Tide-Born Arm Cops (Tide-Born Wildstalker)","Perfected Null Arca Bracers (Perfected Slivers of the Null Arca)","","Perfected Null Arca Guards (Perfected Slivers of the Null Arca)","Perfected Null Arca Boots (Perfected Slivers of the Null Arca)","","Tide-Born Ring (Tide-Born Wildstalker)","Tide-Born Ring (Tide-Born Wildstalker)","Tide-Born Dagger (Tide-Born Wildstalker)","Tide-Born Dagger (Tide-Born Wildstalker)","The Maelstrom's Perfected Greatsword (Perfected Merciless Charge)"," ()","Tentacular Dread","Relentless Focus","Escalating Runeblades","Killer's Blade","Quick Cloak","Incapacitating Strike","Stampede","Venomous Claw","Flames of Oblivion","Inspired Scholarship","Fulminating Rune","Standard of Might"
"Sanity's Edge","Ansuul the Tormentor","https://www.esologs.com/reports/FCJdQ8bZRvBxcKtL#fight=16&type=summary&source=10","@Beersies","Uh Oh Detected","ardent-ass-herald-perfected-slivers-of-the-null-arca-tide-born-wildstalker","dps","Ardent","Ass","Herald","Tide-Born Wildstalker","Perfected Slivers of the Null Arca","129886.1","12084.3","58.7","129886.1 DPS","","Slimecraw Guise (Slimecraw)","Tide-Born Jack (Tide-Born Wildstalker)","Perfected Null Arca Arm Cops (Perfected Slivers of the Null Arca)","Perfected Null Arca Bracers (Perfected Slivers of the Null Arca)","","Perfected Null Arca Guards (Perfected Slivers of the Null Arca)","Perfected Null Arca Boots (Perfected Slivers of the Null Arca)","","Tide-Born Ring (Tide-Born Wildstalker)","Tide-Born Ring (Tide-Born Wildstalker)","Tide-Born Dagger (Tide-Born Wildstalker)","Tide-Born Dagger (Tide-Born Wildstalker)","The Maelstrom's Perfected Greatsword (Perfected Merciless Charge)"," ()","Tentacular Dread","Escalating Runeblades","Killer's Blade","Quick Cloak","Relentless Focus","Incapacitating Strike","Stampede","Venomous Claw","Flames of Oblivion","Inspired Scholarship","Molten Whip","Standard of Might"
"Sanity's Edge","Ansuul the Tormentor","https://www.esologs.com/reports/FCJdQ8bZRvBxcKtL#fight=16&type=summary&source=2","@BooRadzz","Boo Rad","ardent-ass-herald-perfected-slivers-of-the-null-arca-tide-born-wildstalker","dps","Ardent","Ass","Herald","Perfected Slivers of the Null Arca","Tide-Born Wildstalker","112873.8","9227.6","35.4","112873.8 DPS","","Slimecraw Guise (Slimecraw)","Perfected Null Arca Jack (Perfected Slivers of the Null Arca)","Tide-Born Arm Cops (Tide-Born Wildstalker)","Perfected Null Arca Bracers (Perfected Slivers of the Null Arca)","","Perfected Null Arca Guards (Perfected Slivers of the Null Arca)","Perfected Null Arca Boots (Perfected Slivers of the Null Arca)","","Tide-Born Ring (Tide-Born Wildstalker)","Tide-Born Ring (Tide-Born Wildstalker)","Tide-Born Dagger (Tide-Born Wildstalker)","Tide-Born Dagger (Tide-Born Wildstalker)","The Maelstrom's Perfected Inferno Staff (Perfected Crushing Wall)"," ()","Cephaliarch's Flail","Killer's Blade","Pragmatic Fatecarver","Camouflaged Hunter","Shocking Banner (Cavalier's Charge / Courage)","Incapacitating Strike","Flames of Oblivion","Echoing Vigor","Blockade of Fire","Shocking Banner (Cavalier's Charge / Courage)","Inspired Scholarship","Standard of Might"
"Sanity's Edge","Ansuul the Tormentor","https://www.esologs.com/reports/FCJdQ8bZRvBxcKtL#fight=16&type=summary&source=9","@GlitterIII","Sneaky Glitter","ardent-ass-herald-perfected-slivers-of-the-null-arca-tide-born-wildstalker","dps","Ardent","Ass","Herald","Perfected Slivers of the Null Arca","Tide-Born Wildstalker","121489.4","8263.1","28.3","121489.4 DPS","","Slimecraw Guise (Slimecraw)","Perfected Null Arca Jack (Perfected Slivers of the Null Arca)","Perfected Null Arca Arm Cops (Perfected Slivers of the Null Arca)","Perfected Null Arca Bracers (Perfected Slivers of the Null Arca)","","Perfected Null Arca Guards (Perfected Slivers of the Null Arca)","Perfected Null Arca Boots (Perfected Slivers of the Null Arca)","","Tide-Born Ring (Tide-Born Wildstalker)","Tide-Born Ring (Tide-Born Wildstalker)","Tide-Born Dagger (Tide-Born Wildstalker)","Tide-Born Dagger (Tide-Born Wildstalker)","The Maelstrom's Perfected Greatsword (Perfected Merciless Charge)"," ()","Cephaliarch's Flail","Pragmatic Fatecarver","Quick Cloak","Killer's Blade","Merciless Resolve","Soul Harvest","Venomous Claw","Stampede","Flames of Oblivion","Inspired Scholarship","Molten Whip","Standard of Might"
"Sanity's Edge","Ansuul the Tormentor","https://www.esologs.com/reports/FCJdQ8bZRvBxcKtL#fight=16&type=summary&source=16","@Gadget_Hazard","Elandril the Fateseeker","ardent-ass-herald-perfected-slivers-of-the-null-arca-tide-born-wildstalker","dps","Ardent","Ass","Herald","Perfected Slivers of the Null Arca","Tide-Born Wildstalker","117276.1","7116.3","42.9","117276.1 DPS","","Slimecraw Mask (Slimecraw)","Perfected Null Arca Jack (Perfected Slivers of the Null Arca)","Tide-Born Arm Cops (Tide-Born Wildstalker)","Perfected Null Arca Bracers (Perfected Slivers of the Null Arca)","","Perfected Null Arca Guards (Perfected Slivers of the Null Arca)","Perfected Null Arca Boots (Perfected Slivers of the Null Arca)","","Tide-Born Ring (Tide-Born Wildstalker)","Tide-Born Ring (Tide-Born Wildstalker)","Tide-Born Lightning Staff (Tide-Born Wildstalker)"," ()","The Maelstrom's Perfected Inferno Staff (Perfected Crushing Wall)"," ()","Camouflaged Hunter","Pragmatic Fatecarver","Cephaliarch's Flail","Venomous Claw","Impale","Soul Harvest","Elemental Blockade","Flames of Oblivion","Inspired Scholarship","Echoing Vigor","Molten Whip","The Languid Eye"
"Sanity's Edge","Ansuul the Tormentor","https://www.esologs.com/reports/8MyXhgd6Tf1kJGV9#fight=69&type=summary&source=2","@TactialScrub","Am I Offline","curative-green-siphon-perfected-pillagers-profit-spell-power-cure","healer","Siphon","Green","Curative","Spell Power Cure","Perfected Pillager's Profit","12368.0","89386.1","77.0","89386.1 HPS","The Atronach","Ozezan the Inferno's Mask (Ozezan the Inferno)","Cuirass of the Trainee (Armor of the Trainee)","Ozezan the Inferno's Arm Cops (Ozezan the Inferno)","Perfected Pillager's Gloves (Perfected Pillager's Profit)","","Perfected Pillager's Breeches (Perfected Pillager's Profit)","Perfected Pillager's Shoes (Perfected Pillager's Profit)","","Spell Power Cure Ring (Spell Power Cure)","Spell Power Cure Ring (Spell Power Cure)","Spell Power Cure Restoration Staff (Spell Power Cure)"," ()","Perfected Pillager's Lightning Staff (Perfected Pillager's Profit)"," ()","Combat Prayer","Budding Seeds","Illustrious Healing","Echoing Vigor","Radiating Regeneration","Soul Siphon","Blockade of Storms","Warding Contingency (Gladiator's Tenacity / Protection)","Ring of Preservation","Overflowing Altar","Chakram of Destiny","Reviving Barrier"
"Sanity's Edge","Ansuul the Tormentor","https://www.esologs.com/reports/8MyXhgd6Tf1kJGV9#fight=69&type=summary&source=4","@UnholyFrijole","Gangstah my Goat","curative-green-siphon-perfected-pillagers-profit-spell-power-cure","healer","Siphon","Green","Curative","Spell Power Cure","Perfected Pillager's Profit","11122.7","111707.8","53.3","111707.8 HPS","","The Blind Mask (The Blind)","Cuirass of the Trainee (Armor of the Trainee)","The Blind Arm Cops (The Blind)","Spell Power Cure Gloves (Spell Power Cure)","","Perfected Pillager's Breeches (Perfected Pillager's Profit)","Spell Power Cure Shoes (Spell Power Cure)","","Perfected Pillager's Band (Perfected Pillager's Profit)","Perfected Pillager's Band (Perfected Pillager's Profit)","Spell Power Cure Restoration Staff (Spell Power Cure)"," ()","Perfected Pillager's Ice Staff (Perfected Pillager's Profit)"," ()","Radiating Regeneration","Combat Prayer","Illustrious Healing","Budding Seeds","Echoing Vigor","Soul Siphon","Elemental Blockade","Chakram of Destiny","Energy Orb","Crushing Shock","Inner Rage","Reviving Barrier"
"Sanity's Edge","Ansuul the Tormentor","https://www.esologs.com/reports/8MyXhgd6Tf1kJGV9#fight=69&type=summary&source=2","@MiaMaria456","First-aid-kiit","curative-green-siphon-perfected-pillagers-profit-spell-power-cure","healer","Siphon","Green","Curative","Perfected Pillager's Profit","Spell Power Cure","7905.9","87355.1","54.3","87355.1 HPS","","Ozezan the Inferno's Guise (Ozezan the Inferno)","Cuirass of the Trainee (Armor of the Trainee)","Ozezan the Inferno's Epaulets (Ozezan the Inferno)","Spell Power Cure Gloves (Spell Power Cure)","","Spell Power Cure Breeches (Spell Power Cure)","Spell Power Cure Shoes (Spell Power Cure)","","Perfected Pillager's Band (Perfected Pillager's Profit)","Perfected Pillager's Band (Perfected Pillager's Profit)","Spell Power Cure Restoration Staff (Spell Power Cure)"," ()","Perfected Pillager's Lightning Staff (Perfected Pillager's Profit)"," ()","Combat Prayer","Illustrious Healing","Budding Seeds","Radiating Regeneration","Echoing Vigor","Soul Siphon","Inner Rage","Elemental Blockade","Energy Orb","Crushing Shock","Chakram of Destiny","Reviving Barrier"
"Sanity's Edge","Ansuul the Tormentor","https://www.esologs.com/reports/8MyXhgd6Tf1kJGV9#fight=69&type=summary&source=11","@NovaPixel","Syna Evanis","curative-green-siphon-perfected-pillagers-profit-spell-power-cure","healer","Siphon","Green","Curative","Spell Power Cure","Perfected Pillager's Profit","8083.9","65557.7","48.6","65557.7 HPS","","Ozezan the Inferno's Mask (Ozezan the Inferno)","Spell Power Cure Robe (Spell Power Cure)","Ozezan the Inferno's Pauldron (Ozezan the Inferno)","Spell Power Cure Gloves (Spell Power Cure)","","Spell Power Cure Breeches (Spell Power Cure)","Spell Power Cure Shoes (Spell Power Cure)","","Perfected Pillager's Band (Perfected Pillager's Profit)","Perfected Pillager's Band (Perfected Pillager's Profit)","The Master's Perfected Restoration Staff (Perfected Grand Rejuvenation)"," ()","Perfected Pillager's Ice Staff (Perfected Pillager's Profit)"," ()","Blessing of Restoration","Illustrious Healing","Magical Trample","Chakram of Destiny","Warding Burst","Soul Siphon","Elemental Blockade","Energy Orb","Budding Seeds","Zenas' Empowering Disc","Inner Rage","Reviving Barrier"
"Sanity's Edge","Ansuul the Tormentor","https://www.esologs.com/reports/D4PgdwaFhcjNzytq#fight=113&type=summary&source=150","@Morning_Skooma","Wonder-Are-You-Washed","earthen-winter-x-perfected-pearlescent-ward-perfected-saxhleel-champion","tank","Earthen","Winter","x","Perfected Saxhleel Champion","Perfected Pearlescent Ward","16726.2","22775.4","46.6","46.6 CPM","The Atronach","Nazaray Visage (Nazaray)","Perfected Pearlescent Cuirass (Perfected Pearlescent Ward)","Nazaray Pauldron (Nazaray)","Perfected Pearlescent Gauntlets (Perfected Pearlescent Ward)","","Perfected Pearlescent Greaves (Perfected Pearlescent Ward)","Perfected Pearlescent Sabatons (Perfected Pearlescent Ward)","","Saxhleel Champion's Perfected Ring (Perfected Saxhleel Champion)","Saxhleel Champion's Perfected Ring (Perfected Saxhleel Champion)","Saxhleel Champion's Perfected Ice Staff (Perfected Saxhleel Champion)"," ()","Saxhleel Champion's Perfected Ice Staff (Perfected Saxhleel Champion)"," ()","Leashing Soul","Stone Giant","Inner Rage","Ulfsild's Contingency","Crushing Shock","Reviving Barrier","Elemental Susceptibility","Elemental Blockade","Charging Maneuver","Igneous Weapons","Expansive Frost Cloak","Reviving Barrier"
"Sanity's Edge","Ansuul the Tormentor","https://www.esologs.com/reports/D4PgdwaFhcjNzytq#fight=113&type=summary&source=17","@dappr","Que Pasa Cuh","earthen-winter-x-perfected-pearlescent-ward-perfected-saxhleel-champion","tank","Earthen","Winter","x","Perfected Saxhleel Champion","Perfected Pearlescent Ward","14815.8","9636.5","38.4","38.4 CPM","","Nazaray Mask (Nazaray)","Saxhleel Champion's Perfected Cuirass (Perfected Saxhleel Champion)","Nazaray Arm Cops (Nazaray)","Saxhleel Champion's Perfected Gauntlets (Perfected Saxhleel Champion)","","Perfected Pearlescent Greaves (Perfected Pearlescent Ward)","Perfected Pearlescent Sabatons (Perfected Pearlescent Ward)","","Perfected Pearlescent Ring (Perfected Pearlescent Ward)","Perfected Pearlescent Ring (Perfected Pearlescent Ward)","Ice Staff of the Turning Tide (Turning Tide)"," ()","Saxhleel Champion's Perfected Ice Staff (Perfected Saxhleel Champion)"," ()","Crushing Shock","Leashing Soul (Druid's Resurgence / Maim)","Stone Giant","Inner Rage","Charging Maneuver","Temporal Guard","Blockade of Frost","Elemental Susceptibility","Warding Contingency (Growing Impact / Protection)","Igneous Weapons","Expansive Frost Cloak","Reviving Barrier"
"Sanity's Edge","Ansuul the Tormentor","https://www.esologs.com/reports/D4PgdwaFhcjNzytq#fight=113&type=summary&source=1","@Skjaldbjorn","Wulfrun Skógarvörður","earthen-winter-x-perfected-pearlescent-ward-perfected-saxhleel-champion","tank","Earthen","Winter","x","Perfected Saxhleel Champion","Perfected Pearlescent Ward","13242.6","16075.4","31.3","31.3 CPM","","Nazaray Guise (Nazaray)","Perfected Pearlescent Cuirass (Perfected Pearlescent Ward)","Nazaray Arm Cops (Nazaray)","Perfected Pearlescent Gauntlets (Perfected Pearlescent Ward)","","Perfected Pearlescent Greaves (Perfected Pearlescent Ward)","Perfected Pearlescent Sabatons (Perfected Pearlescent Ward)","","Saxhleel Champion's Perfected Ring (Perfected Saxhleel Champion)","Saxhleel Champion's Perfected Ring (Perfected Saxhleel Champion)","Saxhleel Champion's Perfected Ice Staff (Perfected Saxhleel Champion)"," ()","Saxhleel Champion's Ice Staff (Saxhleel Champion)"," ()","Polar Wind","Inner Rage","Leashing Soul","Igneous Shield","Elemental Susceptibility","Reviving Barrier","Blockade of Frost","Winter's Revenge","Expansive Frost Cloak","Igneous Weapons","Charging Maneuver","Aggressive Horn"
"Sanity's Edge","Ansuul the Tormentor","https://www.esologs.com/reports/D4PgdwaFhcjNzytq#fight=113&type=summary&source=141","@Candron_Cynical","Beaming-With-Tee-Hee","daedric-resto-soldier-perfected-saxhleel-champion-war-machine","tank","Daedric","Resto","Soldier","War Machine","Perfected Saxhleel Champion","10307.4","24528.2","46.6","46.6 CPM","The Atronach","Archdruid Devyric's Mask (Archdruid Devyric)","Saxhleel Champion's Perfected Cuirass (Perfected Saxhleel Champion)","Archdruid Devyric's Epaulets (Archdruid Devyric)","Saxhleel Champion's Perfected Gauntlets (Perfected Saxhleel Champion)","","Saxhleel Champion's Perfected Greaves (Perfected Saxhleel Champion)","Saxhleel Champion's Perfected Sabatons (Perfected Saxhleel Champion)","","War Machine Ring (War Machine)","War Machine Ring (War Machine)","War Machine Ice Staff (War Machine)"," ()","War Machine Ice Staff (War Machine)"," ()","Runic Sunder","Ulfsild's Contingency","Rune of the Colorless Pool","Sundering Trample","Elemental Susceptibility","Summon Charged Atronach","Mystic Orb","Elemental Blockade","Extended Ritual","Echoing Vigor","Overflowing Altar","Aggressive Horn"
"Sanity's Edge","Ansuul the Tormentor","https://www.esologs.com/reports/D4PgdwaFhcjNzytq#fight=113&type=summary&source=1","@Candron_Cynical","Beaming-With-Tee-Hee","daedric-resto-soldier-perfected-saxhleel-champion-war-machine","tank","Daedric","Resto","Soldier","War Machine","Perfected Saxhleel Champion","8496.9","16797.5","42.0","42.0 CPM","","Archdruid Devyric's Mask (Archdruid Devyric)","Saxhleel Champion's Perfected Cuirass (Perfected Saxhleel Champion)","Archdruid Devyric's Epaulets (Archdruid Devyric)","Saxhleel Champion's Perfected Gauntlets (Perfected Saxhleel Champion)","","Saxhleel Champion's Perfected Greaves (Perfected Saxhleel Champion)","Saxhleel Champion's Perfected Sabatons (Perfected Saxhleel Champion)","","War Machine Ring (War Machine)","War Machine Ring (War Machine)","War Machine Ice Staff (War Machine)"," ()","War Machine Ice Staff (War Machine)"," ()","Runic Sunder","Warding Contingency (Gladiator's Tenacity / Protection)","Rune of the Colorless Pool","Sundering Trample (Class Mastery / Heroism)","Elemental Susceptibility","Summon Charged Atronach","Mystic Orb","Blockade of Frost","Extended Ritual","Echoing Vigor","Crushing Shock","Aggressive Horn"
"Sanity's Edge","Ansuul the Tormentor","https://www.esologs.com/reports/fmqadFNXjJKnhRGv#fight=17&type=summary&source=5","@LunaCairu","Luna Vis","daedric-siphon-soldier-perfected-saxhleel-champion-war-machine","tank","Daedric","Siphon","Soldier","Perfected Saxhleel Champion","War Machine","7484.5","12214.4","41.0","41.0 CPM","","Archdruid Devyric's Visage (Archdruid Devyric)","Saxhleel Champion's Perfected Cuirass (Perfected Saxhleel Champion)","Archdruid Devyric's Pauldron (Archdruid Devyric)","Saxhleel Champion's Perfected Gauntlets (Perfected Saxhleel Champion)","","Saxhleel Champion's Perfected Greaves (Perfected Saxhleel Champion)","Saxhleel Champion's Perfected Sabatons (Perfected Saxhleel Champion)","","War Machine Ring (War Machine)","War Machine Ring (War Machine)","Ice Staff of the Trainee (Armor of the Trainee)"," ()","War Machine Lightning Staff (War Machine)"," ()","Runic Sunder","Ulfsild's Contingency","Elemental Susceptibility","Runeguard of Still Waters","Siphoning Attacks","Gibbering Shield","Elemental Blockade","Rune of the Colorless Pool","Crushing Shock","Energy Orb","Echoing Vigor","Summon Charged Atronach"
"Sanity's Edge","Ansuul the Tormentor","https://www.esologs.com/reports/fmqadFNXjJKnhRGv#fight=17&type=summary&source=10","@A_Tilted-Mango","Taereal Aelovi","daedric-siphon-soldier-perfected-saxhleel-champion-war-machine","tank","Daedric","Siphon","Soldier","War Machine","Perfected Saxhleel Champion","9672.3","19095.3","53.5","53.5 CPM","The Thief","Archdruid Devyric's Mask (Archdruid Devyric)","Saxhleel Champion's Perfected Cuirass (Perfected Saxhleel Champion)","Archdruid Devyric's Arm Cops (Archdruid Devyric)","Saxhleel Champion's Perfected Gauntlets (Perfected Saxhleel Champion)","","Saxhleel Champion's Perfected Greaves (Perfected Saxhleel Champion)","Saxhleel Champion's Perfected Sabatons (Perfected Saxhleel Champion)","","War Machine Ring (War Machine)","War Machine Ring (War Machine)","War Machine Ice Staff (War Machine)"," ()","War Machine Restoration Staff (War Machine)"," ()","Runic Sunder","Ulfsild's Contingency","Elemental Susceptibility","Elemental Blockade","Exhilarating Drain","Reviving Barrier","Cruxweaver Armor","Resolving Vigor","Siphoning Attacks","Illustrious Healing","Combat Prayer","Summon Charged Atronach"
"Sanity's Edge","Ansuul the Tormentor","https://www.esologs.com/reports/fmqadFNXjJKnhRGv#fight=17&type=summary&source=2","@benelian","Alareid","grave-resto-x-master-architect-powerful-assault","healer","Resto","Grave","x","Master Architect","Powerful Assault","19236.3","76060.3","61.1","76060.3 HPS","The Thief","Ozezan the Inferno's Guise (Ozezan the Inferno)","Rulorn's Silken Garb (Armor of the Trainee)","Ozezan the Inferno's Epaulets (Ozezan the Inferno)","Master Architect Gloves (Master Architect)","","Guards of the Powerful Assault (Powerful Assault)","Master Architect Shoes (Master Architect)","","Ring of the Powerful Assault (Powerful Assault)","Ring of the Powerful Assault (Powerful Assault)","Master Architect Lightning Staff (Master Architect)"," ()","Restoration Staff of the Powerful Assault (Powerful Assault)"," ()","Energy Orb","Elemental Blockade","Overflowing Altar","Radiant Aura","Extended Ritual","Glacial Colossus","Echoing Vigor","Combat Prayer","Illustrious Healing","Radiating Regeneration","Ulfsild's Contingency","Reviving Barrier"
"Sanity's Edge","Ansuul the Tormentor","https://www.esologs.com/reports/fmqadFNXjJKnhRGv#fight=17&type=summary&source=6","@Crvcy","Perma Fill","grave-resto-x-master-architect-powerful-assault","healer","Resto","Grave","x","Powerful Assault","Master Architect","11517.9","76061.0","60.9","76061.0 HPS","","Ozezan the Inferno's Guise (Ozezan the Inferno)","Jack of the Powerful Assault (Powerful Assault)","Ozezan the Inferno's Epaulets (Ozezan the Inferno)","Master Architect Gloves (Master Architect)","","Breeches of the Trainee (Armor of the Trainee)","Master Architect Shoes (Master Architect)","","Ring of the Powerful Assault (Powerful Assault)","Ring of the Powerful Assault (Powerful Assault)","Restoration Staff of the Powerful Assault (Powerful Assault)"," ()","Master Architect Inferno Staff (Master Architect)"," ()","Radiating Regeneration","Combat Prayer","Echoing Vigor","Illustrious Healing","Inner Rage","Reviving Barrier","Energy Orb","Crushing Shock","Overflowing Altar","Unnerving Boneyard","Extended Ritual","Glacial Colossus"
"Sanity's Edge","Trash Builds","https://www.esologs.com/reports/Z2vY1x9wbGBJ4cNK#fight=77&type=summary&source=9","nil","Offline","ardent-ass-herald-perfected-sul-xans-torment-tide-born-wildstalker","dps","Ardent","Ass","Herald","Tide-Born Wildstalker","Perfected Sul-Xan's Torment","190497.0","7327.4","93.3","190497.0 DPS","","Slimecraw Guise (Slimecraw)","Tide-Born Jack (Tide-Born Wildstalker)","Perfected Arm Cops of Sul-Xan's Torment (Perfected Sul-Xan's Torment)","Tide-Born Bracers (Tide-Born Wildstalker)","","Tide-Born Guards (Tide-Born Wildstalker)","Tide-Born Boots (Tide-Born Wildstalker)","","Perfected Ring of Sul-Xan's Torment (Perfected Sul-Xan's Torment)","Perfected Ring of Sul-Xan's Torment (Perfected Sul-Xan's Torment)","Perfected Dagger of Sul-Xan's Torment (Perfected Sul-Xan's Torment)","Perfected Dagger of Sul-Xan's Torment (Perfected Sul-Xan's Torment)","The Maelstrom's Perfected Inferno Staff (Perfected Crushing Wall)"," ()","Whirling Blades","Escalating Runeblades","Tentacular Dread","Relentless Focus","Camouflaged Hunter","Soul Harvest","Reaper's Mark","Elemental Blockade","Flames of Oblivion","Inspired Scholarship","Proximity Detonation","The Languid Eye"
"Sanity's Edge","Trash Builds","https://www.esologs.com/reports/Z2vY1x9wbGBJ4cNK#fight=77&type=summary&source=12","@PartialEthos","Schmethos","ardent-ass-herald-perfected-sul-xans-torment-tide-born-wildstalker","dps","Ardent","Ass","Herald","Tide-Born Wildstalker","Perfected Sul-Xan's Torment","198010.8","21645.6","66.7","198010.8 DPS","","Slimecraw Guise (Slimecraw)","Tide-Born Jack (Tide-Born Wildstalker)","Perfected Arm Cops of Sul-Xan's Torment (Perfected Sul-Xan's Torment)","Tide-Born Bracers (Tide-Born Wildstalker)","","Tide-Born Guards (Tide-Born Wildstalker)","Tide-Born Boots (Tide-Born Wildstalker)","","Perfected Ring of Sul-Xan's Torment (Perfected Sul-Xan's Torment)","Perfected Ring of Sul-Xan's Torment (Perfected Sul-Xan's Torment)","Perfected Dagger of Sul-Xan's Torment (Perfected Sul-Xan's Torment)","Perfected Dagger of Sul-Xan's Torment (Perfected Sul-Xan's Torment)","The Maelstrom's Perfected Inferno Staff (Perfected Crushing Wall)"," ()","Escalating Runeblades","Pragmatic Fatecarver","Merciless Resolve","Whirling Blades","Camouflaged Hunter","Soul Harvest","Elemental Blockade","Flames of Oblivion","Ulfsild's Contingency","Inspired Scholarship","Echoing Vigor","The Languid Eye"
"Sanity's Edge","Trash Builds","https://www.esologs.com/reports/Z2vY1x9wbGBJ4cNK#fight=77&type=summary&source=9","nil","Offline","ardent-ass-herald-perfected-sul-xans-torment-tide-born-wildstalker","dps","Ardent","Ass","Herald","Tide-Born Wildstalker","Perfected Sul-Xan's Torment","110886.8","4180.4","77.6","110886.8 DPS","","Slimecraw Guise (Slimecraw)","Tide-Born Jack (Tide-Born Wildstalker)","Perfected Arm Cops of Sul-Xan's Torment (Perfected Sul-Xan's Torment)","Tide-Born Bracers (Tide-Born Wildstalker)","","Tide-Born Guards (Tide-Born Wildstalker)","Tide-Born Boots (Tide-Born Wildstalker)","","Perfected Ring of Sul-Xan's Torment (Perfected Sul-Xan's Torment)","Perfected Ring of Sul-Xan's Torment (Perfected Sul-Xan's Torment)","Perfected Dagger of Sul-Xan's Torment (Perfected Sul-Xan's Torment)","Perfected Dagger of Sul-Xan's Torment (Perfected Sul-Xan's Torment)","The Maelstrom's Perfected Inferno Staff (Perfected Crushing Wall)"," ()","Whirling Blades","Escalating Runeblades","Tentacular Dread","Relentless Focus","Camouflaged Hunter","Soul Harvest","Reaper's Mark","Elemental Blockade","Flames of Oblivion","Inspired Scholarship","Proximity Detonation","The Languid Eye"
"Sanity's Edge","Trash Builds","https://www.esologs.com/reports/Z2vY1x9wbGBJ4cNK#fight=77&type=summary&source=12","@PartialEthos","Schmethos","ardent-ass-herald-perfected-sul-xans-torment-tide-born-wildstalker","dps","Ardent","Ass","Herald","Tide-Born Wildstalker","Perfected Sul-Xan's Torment","113565.4","14674.2","44.8","113565.4 DPS","","Slimecraw Guise (Slimecraw)","Tide-Born Jack (Tide-Born Wildstalker)","Perfected Arm Cops of Sul-Xan's Torment (Perfected Sul-Xan's Torment)","Tide-Born Bracers (Tide-Born Wildstalker)","","Tide-Born Guards (Tide-Born Wildstalker)","Tide-Born Boots (Tide-Born Wildstalker)","","Perfected Ring of Sul-Xan's Torment (Perfected Sul-Xan's Torment)","Perfected Ring of Sul-Xan's Torment (Perfected Sul-Xan's Torment)","Perfected Dagger of Sul-Xan's Torment (Perfected Sul-Xan's Torment)","Perfected Dagger of Sul-Xan's Torment (Perfected Sul-Xan's Torment)","The Maelstrom's Perfected Inferno Staff (Perfected Crushing Wall)"," ()","Escalating Runeblades","Pragmatic Fatecarver","Merciless Resolve","Whirling Blades","Camouflaged Hunter","Soul Harvest","Elemental Blockade","Flames of Oblivion","Ulfsild's Contingency","Inspired Scholarship","Echoing Vigor","The Languid Eye"
"Sanity's Edge","Trash Builds","https://www.esologs.com/reports/Z2vY1x9wbGBJ4cNK#fight=77&type=summary&source=142","@fheS","Better Oakensorc","ardent-ass-herald-perfected-sul-xans-torment-tide-born-wildstalker","dps","Ardent","Ass","Herald","Tide-Born Wildstalker","Perfected Sul-Xan's Torment","134588.4","5955.5","59.5","134588.4 DPS","","Slimecraw Mask (Slimecraw)","Tide-Born Jack (Tide-Born Wildstalker)","Perfected Arm Cops of Sul-Xan's Torment (Perfected Sul-Xan's Torment)","Tide-Born Bracers (Tide-Born Wildstalker)","","Tide-Born Guards (Tide-Born Wildstalker)","Tide-Born Boots (Tide-Born Wildstalker)","","Perfected Ring of Sul-Xan's Torment (Perfected Sul-Xan's Torment)","Perfected Ring of Sul-Xan's Torment (Perfected Sul-Xan's Torment)","Perfected Dagger of Sul-Xan's Torment (Perfected Sul-Xan's Torment)","Perfected Dagger of Sul-Xan's Torment (Perfected Sul-Xan's Torment)","The Maelstrom's Perfected Inferno Staff (Perfected Crushing Wall)"," ()","Camouflaged Hunter","Shattering Knife","Whirling Blades","Exhausting Fatecarver","Relentless Focus","Incapacitating Strike","Ulfsild's Contingency","Inspired Scholarship","Proximity Detonation","Flames of Oblivion","Elemental Blockade","Elemental Rage"
"Sanity's Edge","Trash Builds","https://www.esologs.com/reports/Z2vY1x9wbGBJ4cNK#fight=77&type=summary&source=146","@DJ_M1n3r","Skrting on the Surface","ardent-ass-herald-perfected-sul-xans-torment-tide-born-wildstalker","dps","Ardent","Ass","Herald","Perfected Sul-Xan's Torment","Tide-Born Wildstalker","121253.2","2530.5","62.8","121253.2 DPS","","Slimecraw Guise (Slimecraw)","Perfected Jack of Sul-Xan's Torment (Perfected Sul-Xan's Torment)","Tide-Born Arm Cops (Tide-Born Wildstalker)","Perfected Bracers of Sul-Xan's Torment (Perfected Sul-Xan's Torment)","","Perfected Guards of Sul-Xan's Torment (Perfected Sul-Xan's Torment)","Perfected Boots of Sul-Xan's Torment (Perfected Sul-Xan's Torment)","","Tide-Born Ring (Tide-Born Wildstalker)","Tide-Born Ring (Tide-Born Wildstalker)","Tide-Born Dagger (Tide-Born Wildstalker)","Tide-Born Dagger (Tide-Born Wildstalker)","The Maelstrom's Perfected Inferno Staff (Perfected Crushing Wall)"," ()","Exhausting Fatecarver","Relentless Focus","Escalating Runeblades","Whirling Blades","Banner Bearer","Incapacitating Strike","Elemental Blockade","Banner Bearer","Flames of Oblivion","Inspired Scholarship","Proximity Detonation","Elemental Rage"
"Sanity's Edge","Trash Builds","https://www.esologs.com/reports/Z2vY1x9wbGBJ4cNK#fight=77&type=summary&source=142","@fheS","Better Oakensorc","ardent-ass-herald-perfected-sul-xans-torment-tide-born-wildstalker","dps","Ardent","Ass","Herald","Tide-Born Wildstalker","Perfected Sul-Xan's Torment","135900.1","1772.3","74.1","135900.1 DPS","","Slimecraw Mask (Slimecraw)","Tide-Born Jack (Tide-Born Wildstalker)","Perfected Arm Cops of Sul-Xan's Torment (Perfected Sul-Xan's Torment)","Tide-Born Bracers (Tide-Born Wildstalker)","","Tide-Born Guards (Tide-Born Wildstalker)","Tide-Born Boots (Tide-Born Wildstalker)","","Perfected Ring of Sul-Xan's Torment (Perfected Sul-Xan's Torment)","Perfected Ring of Sul-Xan's Torment (Perfected Sul-Xan's Torment)","Perfected Dagger of Sul-Xan's Torment (Perfected Sul-Xan's Torment)","Perfected Dagger of Sul-Xan's Torment (Perfected Sul-Xan's Torment)","The Maelstrom's Perfected Inferno Staff (Perfected Crushing Wall)"," ()","Camouflaged Hunter","Shattering Knife","Whirling Blades","Exhausting Fatecarver","Relentless Focus","Incapacitating Strike","Ulfsild's Contingency","Inspired Scholarship","Proximity Detonation","Flames of Oblivion","Elemental Blockade","Elemental Rage"
"Sanity's Edge","Trash Builds","https://www.esologs.com/reports/Z2vY1x9wbGBJ4cNK#fight=77&type=summary&source=146","@DJ_M1n3r","Skrting on the Surface","ardent-ass-herald-perfected-sul-xans-torment-tide-born-wildstalker","dps","Ardent","Ass","Herald","Perfected Sul-Xan's Torment","Tide-Born Wildstalker","161757.4","9793.6","46.0","161757.4 DPS","","Slimecraw Guise (Slimecraw)","Perfected Jack of Sul-Xan's Torment (Perfected Sul-Xan's Torment)","Tide-Born Arm Cops (Tide-Born Wildstalker)","Perfected Bracers of Sul-Xan's Torment (Perfected Sul-Xan's Torment)","","Perfected Guards of Sul-Xan's Torment (Perfected Sul-Xan's Torment)","Perfected Boots of Sul-Xan's Torment (Perfected Sul-Xan's Torment)","","Tide-Born Ring (Tide-Born Wildstalker)","Tide-Born Ring (Tide-Born Wildstalker)","Tide-Born Dagger (Tide-Born Wildstalker)","Tide-Born Dagger (Tide-Born Wildstalker)","The Maelstrom's Perfected Inferno Staff (Perfected Crushing Wall)"," ()","Exhausting Fatecarver","Relentless Focus","Escalating Runeblades","Whirling Blades","Banner Bearer","Incapacitating Strike","Elemental Blockade","Banner Bearer","Flames of Oblivion","Inspired Scholarship","Proximity Detonation","Elemental Rage"
"Sanity's Edge","Trash Builds","https://www.esologs.com/reports/Z2vY1x9wbGBJ4cNK#fight=77&type=summary&source=11","@xpxJp1875","Whip Your Hair Backnforth","ardent-ass-herald-perfected-sul-xans-torment-tide-born-wildstalker","dps","Ardent","Ass","Herald","Tide-Born Wildstalker","Perfected Sul-Xan's Torment","177786.3","25603.4","73.6","177786.3 DPS","","Tide-Born Helmet (Tide-Born Wildstalker)","Tide-Born Jack (Tide-Born Wildstalker)","Slimecraw Arm Cops (Slimecraw)","Tide-Born Bracers (Tide-Born Wildstalker)","","Tide-Born Guards (Tide-Born Wildstalker)","Tide-Born Boots (Tide-Born Wildstalker)","","Perfected Ring of Sul-Xan's Torment (Perfected Sul-Xan's Torment)","Perfected Ring of Sul-Xan's Torment (Perfected Sul-Xan's Torment)","Perfected Dagger of Sul-Xan's Torment (Perfected Sul-Xan's Torment)","Perfected Dagger of Sul-Xan's Torment (Perfected Sul-Xan's Torment)","The Maelstrom's Perfected Inferno Staff (Perfected Crushing Wall)"," ()","Cephaliarch's Flail","Pragmatic Fatecarver","Whirling Blades","Fulminating Rune","Camouflaged Hunter","Incapacitating Strike","Elemental Blockade","Flames of Oblivion","Proximity Detonation","Anti-Cavalry Caltrops","Inspired Scholarship","Elemental Rage"
"Sanity's Edge","Trash Builds","https://www.esologs.com/reports/Z2vY1x9wbGBJ4cNK#fight=77&type=summary&source=12","@Melina_nyu","x'Sister'Friede","ardent-ass-herald-perfected-sul-xans-torment-tide-born-wildstalker","dps","Ardent","Ass","Herald","Perfected Sul-Xan's Torment","Tide-Born Wildstalker","206953.2","22077.8","50.6","206953.2 DPS","","Perfected Helmet of Sul-Xan's Torment (Perfected Sul-Xan's Torment)","Tide-Born Jack (Tide-Born Wildstalker)","Slimecraw Epaulets (Slimecraw)","Perfected Bracers of Sul-Xan's Torment (Perfected Sul-Xan's Torment)","","Perfected Guards of Sul-Xan's Torment (Perfected Sul-Xan's Torment)","Perfected Boots of Sul-Xan's Torment (Perfected Sul-Xan's Torment)","","Tide-Born Ring (Tide-Born Wildstalker)","Tide-Born Ring (Tide-Born Wildstalker)","Tide-Born Dagger (Tide-Born Wildstalker)","Tide-Born Dagger (Tide-Born Wildstalker)","The Maelstrom's Perfected Inferno Staff (Perfected Crushing Wall)"," ()","Tentacular Dread","Relentless Focus","Quick Cloak","Pragmatic Fatecarver","Shattering Knife","Incapacitating Strike","Anti-Cavalry Caltrops","Inspired Scholarship","Molten Whip","Flames of Oblivion","Elemental Blockade","Elemental Rage"
"Sanity's Edge","Trash Builds","https://www.esologs.com/reports/Z2vY1x9wbGBJ4cNK#fight=77&type=summary&source=7","@SentryAg","Rosa The Sea Otter","ardent-ass-herald-perfected-sul-xans-torment-tide-born-wildstalker","dps","Ardent","Ass","Herald","Perfected Sul-Xan's Torment","Tide-Born Wildstalker","71126.3","0.0","46.0","71126.3 DPS","","Slimecraw Guise (Slimecraw)","Perfected Jack of Sul-Xan's Torment (Perfected Sul-Xan's Torment)","Tide-Born Arm Cops (Tide-Born Wildstalker)","Perfected Bracers of Sul-Xan's Torment (Perfected Sul-Xan's Torment)","","Perfected Guards of Sul-Xan's Torment (Perfected Sul-Xan's Torment)","Perfected Boots of Sul-Xan's Torment (Perfected Sul-Xan's Torment)","","Tide-Born Ring (Tide-Born Wildstalker)","Tide-Born Ring (Tide-Born Wildstalker)","Tide-Born Dagger (Tide-Born Wildstalker)","Tide-Born Dagger (Tide-Born Wildstalker)","The Maelstrom's Perfected Inferno Staff (Perfected Crushing Wall)"," ()","Camouflaged Hunter","Whirling Blades","Relentless Focus","Exhausting Fatecarver","Escalating Runeblades","Incapacitating Strike","Inspired Scholarship","Proximity Detonation","Reaper's Mark","Flames of Oblivion","Elemental Blockade","Elemental Rage"
"Sanity's Edge","Trash Builds","https://www.esologs.com/reports/Z2vY1x9wbGBJ4cNK#fight=77&type=summary&source=9","@Shadeous","Tättersail","ardent-ass-herald-perfected-sul-xans-torment-tide-born-wildstalker","dps","Ardent","Ass","Herald","Perfected Sul-Xan's Torment","Tide-Born Wildstalker","123362.7","11324.9","31.2","123362.7 DPS","","Slimecraw Mask (Slimecraw)","Perfected Jack of Sul-Xan's Torment (Perfected Sul-Xan's Torment)","Tide-Born Arm Cops (Tide-Born Wildstalker)","Tide-Born Bracers (Tide-Born Wildstalker)","","Tide-Born Guards (Tide-Born Wildstalker)","Tide-Born Boots (Tide-Born Wildstalker)","","Perfected Ring of Sul-Xan's Torment (Perfected Sul-Xan's Torment)","Perfected Ring of Sul-Xan's Torment (Perfected Sul-Xan's Torment)","Perfected Dagger of Sul-Xan's Torment (Perfected Sul-Xan's Torment)","Perfected Dagger of Sul-Xan's Torment (Perfected Sul-Xan's Torment)","The Maelstrom's Perfected Inferno Staff (Perfected Crushing Wall)"," ()","Cephaliarch's Flail","Pragmatic Fatecarver","Quick Cloak","Relentless Focus","Camouflaged Hunter","Soul Harvest","Elemental Blockade","Fulminating Rune","Inspired Scholarship","Flames of Oblivion","Proximity Detonation","Elemental Rage"
"Sanity's Edge","Trash Builds","https://www.esologs.com/reports/Z2vY1x9wbGBJ4cNK#fight=77&type=summary&source=12","@Melina_nyu","x'Sister'Friede","ardent-ass-herald-perfected-sul-xans-torment-tide-born-wildstalker","dps","Ardent","Ass","Herald","Perfected Sul-Xan's Torment","Tide-Born Wildstalker","76034.5","5737.6","42.7","76034.5 DPS","","Perfected Helmet of Sul-Xan's Torment (Perfected Sul-Xan's Torment)","Tide-Born Jack (Tide-Born Wildstalker)","Slimecraw Epaulets (Slimecraw)","Perfected Bracers of Sul-Xan's Torment (Perfected Sul-Xan's Torment)","","Perfected Guards of Sul-Xan's Torment (Perfected Sul-Xan's Torment)","Perfected Boots of Sul-Xan's Torment (Perfected Sul-Xan's Torment)","","Tide-Born Ring (Tide-Born Wildstalker)","Tide-Born Ring (Tide-Born Wildstalker)","Tide-Born Dagger (Tide-Born Wildstalker)","Tide-Born Dagger (Tide-Born Wildstalker)","The Maelstrom's Perfected Inferno Staff (Perfected Crushing Wall)"," ()","Tentacular Dread","Relentless Focus","Quick Cloak","Pragmatic Fatecarver","Shattering Knife","Incapacitating Strike","Anti-Cavalry Caltrops","Inspired Scholarship","Molten Whip","Flames of Oblivion","Elemental Blockade","Elemental Rage"
"Sanity's Edge","Trash Builds","https://www.esologs.com/reports/Z2vY1x9wbGBJ4cNK#fight=77&type=summary&source=10","@Beersies","Uh Oh Detected","ardent-ass-herald-perfected-sul-xans-torment-tide-born-wildstalker","dps","Ardent","Ass","Herald","Tide-Born Wildstalker","Perfected Sul-Xan's Torment","114588.5","27900.1","44.4","114588.5 DPS","","Slimecraw Mask (Slimecraw)","Tide-Born Jack (Tide-Born Wildstalker)","Perfected Arm Cops of Sul-Xan's Torment (Perfected Sul-Xan's Torment)","Perfected Bracers of Sul-Xan's Torment (Perfected Sul-Xan's Torment)","","Perfected Guards of Sul-Xan's Torment (Perfected Sul-Xan's Torment)","Perfected Boots of Sul-Xan's Torment (Perfected Sul-Xan's Torment)","","Tide-Born Ring (Tide-Born Wildstalker)","Tide-Born Ring (Tide-Born Wildstalker)","Tide-Born Dagger (Tide-Born Wildstalker)","Tide-Born Dagger (Tide-Born Wildstalker)","The Maelstrom's Perfected Inferno Staff (Perfected Crushing Wall)"," ()","Tentacular Dread","Escalating Runeblades","Whirling Blades","Quick Cloak","Relentless Focus","Incapacitating Strike","Elemental Blockade","Fulminating Rune","Flames of Oblivion","Inspired Scholarship","Proximity Detonation","Elemental Rage"
"Sanity's Edge","Trash Builds","https://www.esologs.com/reports/Z2vY1x9wbGBJ4cNK#fight=77&type=summary&source=4","@ElectroSfere","Fire Breathing Trash Can","ardent-ass-herald-perfected-sul-xans-torment-tide-born-wildstalker","dps","Ardent","Ass","Herald","Tide-Born Wildstalker","Perfected Sul-Xan's Torment","155044.4","0.0","48.1","155044.4 DPS","","Slimecraw Mask (Slimecraw)","Tide-Born Jack (Tide-Born Wildstalker)","Perfected Arm Cops of Sul-Xan's Torment (Perfected Sul-Xan's Torment)","Tide-Born Bracers (Tide-Born Wildstalker)","","Tide-Born Guards (Tide-Born Wildstalker)","Tide-Born Boots (Tide-Born Wildstalker)","","Perfected Ring of Sul-Xan's Torment (Perfected Sul-Xan's Torment)","Perfected Ring of Sul-Xan's Torment (Perfected Sul-Xan's Torment)","Perfected Dagger of Sul-Xan's Torment (Perfected Sul-Xan's Torment)","Perfected Dagger of Sul-Xan's Torment (Perfected Sul-Xan's Torment)","The Maelstrom's Inferno Staff (Crushing Wall)"," ()","Escalating Runeblades","Pragmatic Fatecarver","Relentless Focus","Quick Cloak","Shocking Banner (Cavalier's Charge / Courage)","Incapacitating Strike","Blockade of Fire","Reaper's Mark","Flames of Oblivion","Inspired Scholarship","Shocking Banner (Cavalier's Charge / Courage)","Elemental Rage"
"Sanity's Edge","Trash Builds","https://www.esologs.com/reports/Z2vY1x9wbGBJ4cNK#fight=77&type=summary&source=2","@BooRadzz","Boo Rad","ardent-ass-herald-perfected-sul-xans-torment-tide-born-wildstalker","dps","Ardent","Ass","Herald","Perfected Sul-Xan's Torment","Tide-Born Wildstalker","143165.1","4644.8","40.7","143165.1 DPS","","Slimecraw Guise (Slimecraw)","Perfected Jack of Sul-Xan's Torment (Perfected Sul-Xan's Torment)","Tide-Born Arm Cops (Tide-Born Wildstalker)","Perfected Bracers of Sul-Xan's Torment (Perfected Sul-Xan's Torment)","","Perfected Guards of Sul-Xan's Torment (Perfected Sul-Xan's Torment)","Perfected Boots of Sul-Xan's Torment (Perfected Sul-Xan's Torment)","","Tide-Born Ring (Tide-Born Wildstalker)","Tide-Born Ring (Tide-Born Wildstalker)","Tide-Born Dagger (Tide-Born Wildstalker)","Tide-Born Dagger (Tide-Born Wildstalker)","The Maelstrom's Perfected Inferno Staff (Perfected Crushing Wall)"," ()","Cephaliarch's Flail","Whirling Blades","Pragmatic Fatecarver","Camouflaged Hunter","Flames of Oblivion","Incapacitating Strike","Proximity Detonation","Anti-Cavalry Caltrops","Blockade of Fire","Molten Whip","Inspired Scholarship","Elemental Rage"
"Sanity's Edge","Trash Builds","https://www.esologs.com/reports/Z2vY1x9wbGBJ4cNK#fight=77&type=summary&source=10","@Rare_Form","Sheburnsall","ardent-ass-herald-perfected-sul-xans-torment-tide-born-wildstalker","dps","Ardent","Ass","Herald","Perfected Sul-Xan's Torment","Tide-Born Wildstalker","102401.2","4071.4","85.0","102401.2 DPS","","Perfected Helmet of Sul-Xan's Torment (Perfected Sul-Xan's Torment)","Tide-Born Jack (Tide-Born Wildstalker)","Balorgh Arm Cops (Balorgh)","Tide-Born Bracers (Tide-Born Wildstalker)","","Tide-Born Guards (Tide-Born Wildstalker)","Tide-Born Boots (Tide-Born Wildstalker)","","Perfected Ring of Sul-Xan's Torment (Perfected Sul-Xan's Torment)","Perfected Ring of Sul-Xan's Torment (Perfected Sul-Xan's Torment)","Perfected Dagger of Sul-Xan's Torment (Perfected Sul-Xan's Torment)","Perfected Dagger of Sul-Xan's Torment (Perfected Sul-Xan's Torment)","The Maelstrom's Perfected Inferno Staff (Perfected Crushing Wall)"," ()","Whirling Blades","Relentless Focus","Fiery Soul (Anchorite's Potency / Vitality)","Quick Cloak","Inspired Scholarship","Incapacitating Strike","Blockade of Fire","Proximity Detonation","Pestilent Trample (Assassin's Misery / Heroism)","Anti-Cavalry Caltrops","Flames of Oblivion","The Languid Eye"
"Sanity's Edge","Trash Builds","https://www.esologs.com/reports/Z2vY1x9wbGBJ4cNK#fight=77&type=summary&source=4","@ElectroSfere","Fire Breathing Trash Can","ardent-ass-herald-perfected-sul-xans-torment-tide-born-wildstalker","dps","Ardent","Ass","Herald","Tide-Born Wildstalker","Perfected Sul-Xan's Torment","76319.8","3139.9","52.1","76319.8 DPS","","Slimecraw Mask (Slimecraw)","Tide-Born Jack (Tide-Born Wildstalker)","Perfected Arm Cops of Sul-Xan's Torment (Perfected Sul-Xan's Torment)","Tide-Born Bracers (Tide-Born Wildstalker)","","Tide-Born Guards (Tide-Born Wildstalker)","Tide-Born Boots (Tide-Born Wildstalker)","","Perfected Ring of Sul-Xan's Torment (Perfected Sul-Xan's Torment)","Perfected Ring of Sul-Xan's Torment (Perfected Sul-Xan's Torment)","Perfected Dagger of Sul-Xan's Torment (Perfected Sul-Xan's Torment)","Perfected Dagger of Sul-Xan's Torment (Perfected Sul-Xan's Torment)","The Maelstrom's Inferno Staff (Crushing Wall)"," ()","Escalating Runeblades","Pragmatic Fatecarver","Relentless Focus","Quick Cloak","Shocking Banner (Cavalier's Charge / Courage)","Incapacitating Strike","Blockade of Fire","Reaper's Mark","Flames of Oblivion","Inspired Scholarship","Shocking Banner (Cavalier's Charge / Courage)","Elemental Rage"
"Sanity's Edge","Trash Builds","https://www.esologs.com/reports/Z2vY1x9wbGBJ4cNK#fight=77&type=summary&source=2","@BooRadzz","Boo Rad","ardent-ass-herald-perfected-sul-xans-torment-tide-born-wildstalker","dps","Ardent","Ass","Herald","Perfected Sul-Xan's Torment","Tide-Born Wildstalker","190431.1","9460.0","11.8","190431.1 DPS","","Slimecraw Guise (Slimecraw)","Perfected Jack of Sul-Xan's Torment (Perfected Sul-Xan's Torment)","Tide-Born Arm Cops (Tide-Born Wildstalker)","Perfected Bracers of Sul-Xan's Torment (Perfected Sul-Xan's Torment)","","Perfected Guards of Sul-Xan's Torment (Perfected Sul-Xan's Torment)","Perfected Boots of Sul-Xan's Torment (Perfected Sul-Xan's Torment)","","Tide-Born Ring (Tide-Born Wildstalker)","Tide-Born Ring (Tide-Born Wildstalker)","Tide-Born Dagger (Tide-Born Wildstalker)","Tide-Born Dagger (Tide-Born Wildstalker)","The Maelstrom's Perfected Inferno Staff (Perfected Crushing Wall)"," ()","Cephaliarch's Flail","Whirling Blades","Pragmatic Fatecarver","Camouflaged Hunter","Flames of Oblivion","Incapacitating Strike","Proximity Detonation","Anti-Cavalry Caltrops","Blockade of Fire","Molten Whip","Inspired Scholarship","Elemental Rage"
"Sanity's Edge","Trash Builds","https://www.esologs.com/reports/Z2vY1x9wbGBJ4cNK#fight=77&type=summary&source=16","@Oshin3","Spooky Oshin","ardent-ass-herald-perfected-sul-xans-torment-tide-born-wildstalker","dps","Ardent","Ass","Herald","Perfected Sul-Xan's Torment","Tide-Born Wildstalker","133981.0","24182.5","45.0","133981.0 DPS","","Slimecraw Mask (Slimecraw)","Perfected Jack of Sul-Xan's Torment (Perfected Sul-Xan's Torment)","Tide-Born Arm Cops (Tide-Born Wildstalker)","Perfected Bracers of Sul-Xan's Torment (Perfected Sul-Xan's Torment)","","Perfected Guards of Sul-Xan's Torment (Perfected Sul-Xan's Torment)","Perfected Boots of Sul-Xan's Torment (Perfected Sul-Xan's Torment)","","Tide-Born Ring (Tide-Born Wildstalker)","Tide-Born Ring (Tide-Born Wildstalker)","Tide-Born Dagger (Tide-Born Wildstalker)","Tide-Born Dagger (Tide-Born Wildstalker)","The Maelstrom's Perfected Inferno Staff (Perfected Crushing Wall)"," ()","Pragmatic Fatecarver","Escalating Runeblades","Camouflaged Hunter","Relentless Focus","Quick Cloak","Incapacitating Strike","Proximity Detonation","Elemental Blockade","Ulfsild's Contingency","Inspired Scholarship","Flames of Oblivion","Elemental Rage"
"Sanity's Edge","Trash Builds","https://www.esologs.com/reports/Z2vY1x9wbGBJ4cNK#fight=77&type=summary&source=12","@GrEI3uI3JI9I","Unilosa","ardent-ass-herald-perfected-sul-xans-torment-tide-born-wildstalker","dps","Ardent","Ass","Herald","Tide-Born Wildstalker","Perfected Sul-Xan's Torment","115338.5","26479.4","76.5","115338.5 DPS","","Tide-Born Helmet (Tide-Born Wildstalker)","Perfected Jack of Sul-Xan's Torment (Perfected Sul-Xan's Torment)","Slimecraw Arm Cops (Slimecraw)","Perfected Bracers of Sul-Xan's Torment (Perfected Sul-Xan's Torment)","","Perfected Guards of Sul-Xan's Torment (Perfected Sul-Xan's Torment)","Perfected Boots of Sul-Xan's Torment (Perfected Sul-Xan's Torment)","","Tide-Born Ring (Tide-Born Wildstalker)","Tide-Born Ring (Tide-Born Wildstalker)","Tide-Born Dagger (Tide-Born Wildstalker)","Tide-Born Dagger (Tide-Born Wildstalker)","The Maelstrom's Perfected Inferno Staff (Perfected Crushing Wall)"," ()","Tentacular Dread","Escalating Runeblades","Whirling Blades","Relentless Focus","Quick Cloak","Incapacitating Strike","Flames of Oblivion","Elemental Blockade","Ulfsild's Contingency","Inspired Scholarship","Echoing Vigor","Elemental Rage"
"Sanity's Edge","Trash Builds","https://www.esologs.com/reports/Z2vY1x9wbGBJ4cNK#fight=77&type=summary&source=4","@ALMSlVI","Dk Silver","ardent-ass-herald-perfected-sul-xans-torment-tide-born-wildstalker","dps","Ardent","Ass","Herald","Tide-Born Wildstalker","Perfected Sul-Xan's Torment","191697.9","28668.4","54.0","191697.9 DPS","","Zaan Mask (Zaan)","Tide-Born Jack (Tide-Born Wildstalker)","Tide-Born Arm Cops (Tide-Born Wildstalker)","Tide-Born Bracers (Tide-Born Wildstalker)","","Tide-Born Guards (Tide-Born Wildstalker)","Perfected Boots of Sul-Xan's Torment (Perfected Sul-Xan's Torment)","","Perfected Ring of Sul-Xan's Torment (Perfected Sul-Xan's Torment)","Perfected Ring of Sul-Xan's Torment (Perfected Sul-Xan's Torment)","Perfected Dagger of Sul-Xan's Torment (Perfected Sul-Xan's Torment)","Perfected Dagger of Sul-Xan's Torment (Perfected Sul-Xan's Torment)","The Maelstrom's Perfected Inferno Staff (Perfected Crushing Wall)"," ()","Whirling Blades","Tentacular Dread","Quick Cloak","Lotus Fan","Camouflaged Hunter","Incapacitating Strike","Flames of Oblivion","Inspired Scholarship","Elemental Blockade","Anti-Cavalry Caltrops","Molten Whip","Standard of Might"
"Sanity's Edge","Trash Builds","https://www.esologs.com/reports/Z2vY1x9wbGBJ4cNK#fight=77&type=summary&source=16","@Oshin3","Spooky Oshin","ardent-ass-herald-perfected-sul-xans-torment-tide-born-wildstalker","dps","Ardent","Ass","Herald","Perfected Sul-Xan's Torment","Tide-Born Wildstalker","112097.6","13357.0","62.3","112097.6 DPS","","Slimecraw Mask (Slimecraw)","Perfected Jack of Sul-Xan's Torment (Perfected Sul-Xan's Torment)","Tide-Born Arm Cops (Tide-Born Wildstalker)","Perfected Bracers of Sul-Xan's Torment (Perfected Sul-Xan's Torment)","","Perfected Guards of Sul-Xan's Torment (Perfected Sul-Xan's Torment)","Perfected Boots of Sul-Xan's Torment (Perfected Sul-Xan's Torment)","","Tide-Born Ring (Tide-Born Wildstalker)","Tide-Born Ring (Tide-Born Wildstalker)","Tide-Born Dagger (Tide-Born Wildstalker)","Tide-Born Dagger (Tide-Born Wildstalker)","The Maelstrom's Perfected Inferno Staff (Perfected Crushing Wall)"," ()","Pragmatic Fatecarver","Escalating Runeblades","Camouflaged Hunter","Relentless Focus","Quick Cloak","Incapacitating Strike","Proximity Detonation","Elemental Blockade","Ulfsild's Contingency","Inspired Scholarship","Flames of Oblivion","Elemental Rage"
"Sanity's Edge","Trash Builds","https://www.esologs.com/reports/Z2vY1x9wbGBJ4cNK#fight=77&type=summary&source=12","@GrEI3uI3JI9I","Unilosa","ardent-ass-herald-perfected-sul-xans-torment-tide-born-wildstalker","dps","Ardent","Ass","Herald","Tide-Born Wildstalker","Perfected Sul-Xan's Torment","95370.4","115434.1","65.6","95370.4 DPS","","Tide-Born Helmet (Tide-Born Wildstalker)","Perfected Jack of Sul-Xan's Torment (Perfected Sul-Xan's Torment)","Slimecraw Arm Cops (Slimecraw)","Perfected Bracers of Sul-Xan's Torment (Perfected Sul-Xan's Torment)","","Perfected Guards of Sul-Xan's Torment (Perfected Sul-Xan's Torment)","Perfected Boots of Sul-Xan's Torment (Perfected Sul-Xan's Torment)","","Tide-Born Ring (Tide-Born Wildstalker)","Tide-Born Ring (Tide-Born Wildstalker)","Tide-Born Dagger (Tide-Born Wildstalker)","Tide-Born Dagger (Tide-Born Wildstalker)","The Maelstrom's Perfected Inferno Staff (Perfected Crushing Wall)"," ()","Tentacular Dread","Escalating Runeblades","Whirling Blades","Relentless Focus","Quick Cloak","Incapacitating Strike","Flames of Oblivion","Elemental Blockade","Ulfsild's Contingency","Inspired Scholarship","Echoing Vigor","Elemental Rage"
"Sanity's Edge","Trash Builds","https://www.esologs.com/reports/Z2vY1x9wbGBJ4cNK#fight=77&type=summary&source=4","@ALMSlVI","Dk Silver","ardent-ass-herald-perfected-sul-xans-torment-tide-born-wildstalker","dps","Ardent","Ass","Herald","Tide-Born Wildstalker","Perfected Sul-Xan's Torment","131496.1","18412.2","62.3","131496.1 DPS","","Zaan Mask (Zaan)","Tide-Born Jack (Tide-Born Wildstalker)","Tide-Born Arm Cops (Tide-Born Wildstalker)","Tide-Born Bracers (Tide-Born Wildstalker)","","Tide-Born Guards (Tide-Born Wildstalker)","Perfected Boots of Sul-Xan's Torment (Perfected Sul-Xan's Torment)","","Perfected Ring of Sul-Xan's Torment (Perfected Sul-Xan's Torment)","Perfected Ring of Sul-Xan's Torment (Perfected Sul-Xan's Torment)","Perfected Dagger of Sul-Xan's Torment (Perfected Sul-Xan's Torment)","Perfected Dagger of Sul-Xan's Torment (Perfected Sul-Xan's Torment)","The Maelstrom's Perfected Inferno Staff (Perfected Crushing Wall)"," ()","Whirling Blades","Tentacular Dread","Quick Cloak","Lotus Fan","Camouflaged Hunter","Incapacitating Strike","Flames of Oblivion","Inspired Scholarship","Elemental Blockade","Anti-Cavalry Caltrops","Molten Whip","Standard of Might"
"Sanity's Edge","Trash Builds","https://www.esologs.com/reports/Z2vY1x9wbGBJ4cNK#fight=77&type=summary&source=3","@Foolebuilt","hentcanist","ardent-ass-herald-perfected-sul-xans-torment-tide-born-wildstalker","dps","Ardent","Ass","Herald","Tide-Born Wildstalker","Perfected Sul-Xan's Torment","136005.7","15366.3","70.1","136005.7 DPS","","Slimecraw Guise (Slimecraw)","Tide-Born Jack (Tide-Born Wildstalker)","Tide-Born Arm Cops (Tide-Born Wildstalker)","Tide-Born Bracers (Tide-Born Wildstalker)","","Perfected Guards of Sul-Xan's Torment (Perfected Sul-Xan's Torment)","Tide-Born Boots (Tide-Born Wildstalker)","","Perfected Ring of Sul-Xan's Torment (Perfected Sul-Xan's Torment)","Perfected Ring of Sul-Xan's Torment (Perfected Sul-Xan's Torment)","Perfected Dagger of Sul-Xan's Torment (Perfected Sul-Xan's Torment)","Perfected Dagger of Sul-Xan's Torment (Perfected Sul-Xan's Torment)","The Maelstrom's Perfected Inferno Staff (Perfected Crushing Wall)"," ()","Shattering Knife","Camouflaged Hunter","Exhausting Fatecarver","Whirling Blades","Relentless Focus","Incapacitating Strike","Elemental Blockade","Ulfsild's Contingency","Inspired Scholarship","Flames of Oblivion","Reaper's Mark","Elemental Rage"
"Sanity's Edge","Trash Builds","https://www.esologs.com/reports/Z2vY1x9wbGBJ4cNK#fight=77&type=summary&source=3","@Foolebuilt","hentcanist","ardent-ass-herald-perfected-sul-xans-torment-tide-born-wildstalker","dps","Ardent","Ass","Herald","Tide-Born Wildstalker","Perfected Sul-Xan's Torment","187003.9","15360.0","47.9","187003.9 DPS","","Slimecraw Guise (Slimecraw)","Tide-Born Jack (Tide-Born Wildstalker)","Tide-Born Arm Cops (Tide-Born Wildstalker)","Tide-Born Bracers (Tide-Born Wildstalker)","","Perfected Guards of Sul-Xan's Torment (Perfected Sul-Xan's Torment)","Tide-Born Boots (Tide-Born Wildstalker)","","Perfected Ring of Sul-Xan's Torment (Perfected Sul-Xan's Torment)","Perfected Ring of Sul-Xan's Torment (Perfected Sul-Xan's Torment)","Perfected Dagger of Sul-Xan's Torment (Perfected Sul-Xan's Torment)","Perfected Dagger of Sul-Xan's Torment (Perfected Sul-Xan's Torment)","The Maelstrom's Perfected Inferno Staff (Perfected Crushing Wall)"," ()","Shattering Knife","Camouflaged Hunter","Exhausting Fatecarver","Whirling Blades","Relentless Focus","Incapacitating Strike","Elemental Blockade","Ulfsild's Contingency","Inspired Scholarship","Flames of Oblivion","Reaper's Mark","Elemental Rage"
"Sanity's Edge","Trash Builds","https://www.esologs.com/reports/Z2vY1x9wbGBJ4cNK#fight=77&type=summary&source=95","@jasontanublet","One Beam No Brain","ardent-ass-herald-perfected-sul-xans-torment-tide-born-wildstalker","dps","Ardent","Ass","Herald","Tide-Born Wildstalker","Perfected Sul-Xan's Torment","209165.3","0.0","54.7","209165.3 DPS","","Tide-Born Helmet (Tide-Born Wildstalker)","Perfected Jack of Sul-Xan's Torment (Perfected Sul-Xan's Torment)","Slimecraw Epaulets (Slimecraw)","Perfected Bracers of Sul-Xan's Torment (Perfected Sul-Xan's Torment)","","Perfected Guards of Sul-Xan's Torment (Perfected Sul-Xan's Torment)","Perfected Boots of Sul-Xan's Torment (Perfected Sul-Xan's Torment)","","Tide-Born Ring (Tide-Born Wildstalker)","Tide-Born Ring (Tide-Born Wildstalker)","Tide-Born Dagger (Tide-Born Wildstalker)","Tide-Born Dagger (Tide-Born Wildstalker)","The Maelstrom's Perfected Inferno Staff (Perfected Crushing Wall)"," ()","Relentless Focus","Exhausting Fatecarver","Escalating Runeblades","Camouflaged Hunter","Quick Cloak","Incapacitating Strike","Inspired Scholarship","Flames of Oblivion","Anti-Cavalry Caltrops","Sundering Trample","Elemental Blockade","The Languid Eye"
"Sanity's Edge","Trash Builds","https://www.esologs.com/reports/Z2vY1x9wbGBJ4cNK#fight=77&type=summary&source=95","@jasontanublet","One Beam No Brain","ardent-ass-herald-perfected-sul-xans-torment-tide-born-wildstalker","dps","Ardent","Ass","Herald","Tide-Born Wildstalker","Perfected Sul-Xan's Torment","96748.5","23171.2","58.5","96748.5 DPS","","Tide-Born Helmet (Tide-Born Wildstalker)","Perfected Jack of Sul-Xan's Torment (Perfected Sul-Xan's Torment)","Slimecraw Epaulets (Slimecraw)","Perfected Bracers of Sul-Xan's Torment (Perfected Sul-Xan's Torment)","","Perfected Guards of Sul-Xan's Torment (Perfected Sul-Xan's Torment)","Perfected Boots of Sul-Xan's Torment (Perfected Sul-Xan's Torment)","","Tide-Born Ring (Tide-Born Wildstalker)","Tide-Born Ring (Tide-Born Wildstalker)","Tide-Born Dagger (Tide-Born Wildstalker)","Tide-Born Dagger (Tide-Born Wildstalker)","The Maelstrom's Perfected Inferno Staff (Perfected Crushing Wall)"," ()","Relentless Focus","Exhausting Fatecarver","Escalating Runeblades","Camouflaged Hunter","Quick Cloak","Incapacitating Strike","Inspired Scholarship","Flames of Oblivion","Anti-Cavalry Caltrops","Sundering Trample","Elemental Blockade","The Languid Eye"
"Sanity's Edge","Trash Builds","https://www.esologs.com/reports/Z2vY1x9wbGBJ4cNK#fight=77&type=summary&source=6","@aksiy","Iroh The Dragon of West","ardent-ass-herald-perfected-sul-xans-torment-tide-born-wildstalker","dps","Ardent","Ass","Herald","Perfected Sul-Xan's Torment","Tide-Born Wildstalker","118231.3","13556.3","97.8","118231.3 DPS","","Slimecraw Guise (Slimecraw)","Perfected Jack of Sul-Xan's Torment (Perfected Sul-Xan's Torment)","Tide-Born Arm Cops (Tide-Born Wildstalker)","Perfected Bracers of Sul-Xan's Torment (Perfected Sul-Xan's Torment)","","Perfected Guards of Sul-Xan's Torment (Perfected Sul-Xan's Torment)","Perfected Boots of Sul-Xan's Torment (Perfected Sul-Xan's Torment)","","Tide-Born Ring (Tide-Born Wildstalker)","Tide-Born Ring (Tide-Born Wildstalker)","Tide-Born Dagger (Tide-Born Wildstalker)","Tide-Born Dagger (Tide-Born Wildstalker)","The Maelstrom's Perfected Inferno Staff (Perfected Crushing Wall)"," ()","Tentacular Dread","Shattering Knife","Quick Cloak","Relentless Focus","Camouflaged Hunter","Incapacitating Strike","Anti-Cavalry Caltrops","Elemental Blockade","Proximity Detonation","Flames of Oblivion","Inspired Scholarship","Elemental Rage"
"Sanity's Edge","Trash Builds","https://www.esologs.com/reports/Z2vY1x9wbGBJ4cNK#fight=77&type=summary&source=6","@aksiy","Iroh The Dragon of West","ardent-ass-herald-perfected-sul-xans-torment-tide-born-wildstalker","dps","Ardent","Ass","Herald","Perfected Sul-Xan's Torment","Tide-Born Wildstalker","95721.7","10062.0","103.2","95721.7 DPS","","Slimecraw Guise (Slimecraw)","Perfected Jack of Sul-Xan's Torment (Perfected Sul-Xan's Torment)","Tide-Born Arm Cops (Tide-Born Wildstalker)","Perfected Bracers of Sul-Xan's Torment (Perfected Sul-Xan's Torment)","","Perfected Guards of Sul-Xan's Torment (Perfected Sul-Xan's Torment)","Perfected Boots of Sul-Xan's Torment (Perfected Sul-Xan's Torment)","","Tide-Born Ring (Tide-Born Wildstalker)","Tide-Born Ring (Tide-Born Wildstalker)","Tide-Born Dagger (Tide-Born Wildstalker)","Tide-Born Dagger (Tide-Born Wildstalker)","The Maelstrom's Perfected Inferno Staff (Perfected Crushing Wall)"," ()","Tentacular Dread","Shattering Knife","Quick Cloak","Relentless Focus","Camouflaged Hunter","Incapacitating Strike","Anti-Cavalry Caltrops","Elemental Blockade","Proximity Detonation","Flames of Oblivion","Inspired Scholarship","Elemental Rage"
"Sanity's Edge","Trash Builds","https://www.esologs.com/reports/FCJdQ8bZRvBxcKtL#fight=112&type=summary&source=11","@Valjaria","Val Kyma","ass-dawn-herald-deadly-strike-perfected-sul-xans-torment","dps","Ass","Dawn","Herald","Deadly Strike","Perfected Sul-Xan's Torment","371164.5","372.5","35.6","371164.5 DPS","The Thief","Zaan Guise (Zaan)","Deadly Jack (Deadly Strike)","Deadly Arm Cops (Deadly Strike)","Deadly Bracers (Deadly Strike)","","Deadly Guards (Deadly Strike)","Deadly Boots (Deadly Strike)","","Perfected Ring of Sul-Xan's Torment (Perfected Sul-Xan's Torment)","Perfected Ring of Sul-Xan's Torment (Perfected Sul-Xan's Torment)","Perfected Dagger of Sul-Xan's Torment (Perfected Sul-Xan's Torment)","Perfected Dagger of Sul-Xan's Torment (Perfected Sul-Xan's Torment)","The Maelstrom's Perfected Inferno Staff (Perfected Crushing Wall)"," ()","Shattering Knife","Exhausting Fatecarver","Radiant Glory","Quick Cloak","Relentless Focus","Incapacitating Strike","Elemental Blockade","Ulfsild's Contingency","Solar Barrage","Inspired Scholarship","Proximity Detonation","Elemental Rage"
"Sanity's Edge","Trash Builds","https://www.esologs.com/reports/FCJdQ8bZRvBxcKtL#fight=112&type=summary&source=5","@Droper10","Droperi","ass-dawn-herald-deadly-strike-perfected-sul-xans-torment","dps","Ass","Dawn","Herald","Deadly Strike","Perfected Sul-Xan's Torment","174005.6","8126.3","30.5","174005.6 DPS","","Deadly Helmet (Deadly Strike)","Perfected Jack of Sul-Xan's Torment (Perfected Sul-Xan's Torment)","Slimecraw Epaulets (Slimecraw)","Deadly Bracers (Deadly Strike)","","Perfected Guards of Sul-Xan's Torment (Perfected Sul-Xan's Torment)","Perfected Boots of Sul-Xan's Torment (Perfected Sul-Xan's Torment)","","Deadly Ring (Deadly Strike)","Deadly Ring (Deadly Strike)","Perfected Dagger of Sul-Xan's Torment (Perfected Sul-Xan's Torment)","Perfected Dagger of Sul-Xan's Torment (Perfected Sul-Xan's Torment)","The Maelstrom's Perfected Inferno Staff (Perfected Crushing Wall)"," ()","Cephaliarch's Flail","Quick Cloak","Camouflaged Hunter","Pragmatic Fatecarver","Banner Bearer","Incapacitating Strike","Elemental Blockade","Inspired Scholarship","Solar Barrage","Proximity Detonation","Banner Bearer","Elemental Rage"
"Sanity's Edge","Trash Builds","https://www.esologs.com/reports/FCJdQ8bZRvBxcKtL#fight=112&type=summary&source=11","@Valjaria","Val Kyma","ass-dawn-herald-deadly-strike-perfected-sul-xans-torment","dps","Ass","Dawn","Herald","Deadly Strike","Perfected Sul-Xan's Torment","157788.6","9460.6","47.0","157788.6 DPS","","Zaan Guise (Zaan)","Deadly Jack (Deadly Strike)","Deadly Arm Cops (Deadly Strike)","Deadly Bracers (Deadly Strike)","","Deadly Guards (Deadly Strike)","Deadly Boots (Deadly Strike)","","Perfected Ring of Sul-Xan's Torment (Perfected Sul-Xan's Torment)","Perfected Ring of Sul-Xan's Torment (Perfected Sul-Xan's Torment)","Perfected Dagger of Sul-Xan's Torment (Perfected Sul-Xan's Torment)","Perfected Dagger of Sul-Xan's Torment (Perfected Sul-Xan's Torment)","The Maelstrom's Perfected Inferno Staff (Perfected Crushing Wall)"," ()","Shattering Knife","Exhausting Fatecarver","Radiant Glory","Quick Cloak","Relentless Focus","Incapacitating Strike","Elemental Blockade","Ulfsild's Contingency","Solar Barrage","Inspired Scholarship","Proximity Detonation","Elemental Rage"
"Sanity's Edge","Trash Builds","https://www.esologs.com/reports/FCJdQ8bZRvBxcKtL#fight=112&type=summary&source=6","@Languste1337","Roland Sieben Tap","ass-dawn-herald-deadly-strike-perfected-sul-xans-torment","dps","Ass","Dawn","Herald","Perfected Sul-Xan's Torment","Deadly Strike","174390.8","5976.3","44.4","174390.8 DPS","","Slimecraw Guise (Slimecraw)","Perfected Jack of Sul-Xan's Torment (Perfected Sul-Xan's Torment)","Perfected Arm Cops of Sul-Xan's Torment (Perfected Sul-Xan's Torment)","Perfected Bracers of Sul-Xan's Torment (Perfected Sul-Xan's Torment)","","Deadly Guards (Deadly Strike)","Deadly Boots (Deadly Strike)","","Deadly Ring (Deadly Strike)","Deadly Ring (Deadly Strike)","Perfected Dagger of Sul-Xan's Torment (Perfected Sul-Xan's Torment)","Perfected Dagger of Sul-Xan's Torment (Perfected Sul-Xan's Torment)","The Maelstrom's Perfected Inferno Staff (Perfected Crushing Wall)"," ()","Radiant Glory","Quick Cloak","Camouflaged Hunter","Cephaliarch's Flail","Pragmatic Fatecarver","Soul Harvest","Camouflaged Hunter","Solar Barrage","Anti-Cavalry Caltrops","Elemental Blockade","Inspired Scholarship","Elemental Rage"
"Sanity's Edge","Trash Builds","https://www.esologs.com/reports/FCJdQ8bZRvBxcKtL#fight=112&type=summary&source=6","@Languste1337","Roland Sieben Tap","ass-dawn-herald-deadly-strike-perfected-sul-xans-torment","dps","Ass","Dawn","Herald","Perfected Sul-Xan's Torment","Deadly Strike","79714.9","5201.9","41.8","79714.9 DPS","","Slimecraw Guise (Slimecraw)","Perfected Jack of Sul-Xan's Torment (Perfected Sul-Xan's Torment)","Perfected Arm Cops of Sul-Xan's Torment (Perfected Sul-Xan's Torment)","Perfected Bracers of Sul-Xan's Torment (Perfected Sul-Xan's Torment)","","Deadly Guards (Deadly Strike)","Deadly Boots (Deadly Strike)","","Deadly Ring (Deadly Strike)","Deadly Ring (Deadly Strike)","Perfected Dagger of Sul-Xan's Torment (Perfected Sul-Xan's Torment)","Perfected Dagger of Sul-Xan's Torment (Perfected Sul-Xan's Torment)","The Maelstrom's Perfected Inferno Staff (Perfected Crushing Wall)"," ()","Radiant Glory","Quick Cloak","Camouflaged Hunter","Cephaliarch's Flail","Pragmatic Fatecarver","Soul Harvest","Camouflaged Hunter","Solar Barrage","Anti-Cavalry Caltrops","Elemental Blockade","Inspired Scholarship","Elemental Rage"
"Sanity's Edge","Trash Builds","https://www.esologs.com/reports/FCJdQ8bZRvBxcKtL#fight=112&type=summary&source=9","@Lorelay123","Saint-Pierre et Miquelon","ass-dawn-herald-deadly-strike-perfected-sul-xans-torment","dps","Ass","Dawn","Herald","Deadly Strike","Perfected Sul-Xan's Torment","103511.1","19687.3","36.0","103511.1 DPS","","Slimecraw Guise (Slimecraw)","Deadly Jack (Deadly Strike)","Perfected Arm Cops of Sul-Xan's Torment (Perfected Sul-Xan's Torment)","Deadly Bracers (Deadly Strike)","","Deadly Guards (Deadly Strike)","Deadly Boots (Deadly Strike)","","Perfected Ring of Sul-Xan's Torment (Perfected Sul-Xan's Torment)","Perfected Ring of Sul-Xan's Torment (Perfected Sul-Xan's Torment)","Perfected Dagger of Sul-Xan's Torment (Perfected Sul-Xan's Torment)","Perfected Dagger of Sul-Xan's Torment (Perfected Sul-Xan's Torment)","The Maelstrom's Perfected Inferno Staff (Perfected Crushing Wall)"," ()","Cephaliarch's Flail","Pragmatic Fatecarver","Quick Cloak","Radiant Glory","Camouflaged Hunter","Incapacitating Strike","Ulfsild's Contingency","Elemental Blockade","Solar Barrage","Inspired Scholarship","Camouflaged Hunter","The Languid Eye"
"Sanity's Edge","Trash Builds","https://www.esologs.com/reports/FCJdQ8bZRvBxcKtL#fight=112&type=summary&source=9","@Lorelay123","Saint-Pierre et Miquelon","ass-dawn-herald-deadly-strike-perfected-sul-xans-torment","dps","Ass","Dawn","Herald","Deadly Strike","Perfected Sul-Xan's Torment","73770.0","7462.8","39.4","73770.0 DPS","","Slimecraw Guise (Slimecraw)","Deadly Jack (Deadly Strike)","Perfected Arm Cops of Sul-Xan's Torment (Perfected Sul-Xan's Torment)","Deadly Bracers (Deadly Strike)","","Deadly Guards (Deadly Strike)","Deadly Boots (Deadly Strike)","","Perfected Ring of Sul-Xan's Torment (Perfected Sul-Xan's Torment)","Perfected Ring of Sul-Xan's Torment (Perfected Sul-Xan's Torment)","Perfected Dagger of Sul-Xan's Torment (Perfected Sul-Xan's Torment)","Perfected Dagger of Sul-Xan's Torment (Perfected Sul-Xan's Torment)","The Maelstrom's Perfected Inferno Staff (Perfected Crushing Wall)"," ()","Cephaliarch's Flail","Pragmatic Fatecarver","Quick Cloak","Radiant Glory","Camouflaged Hunter","Incapacitating Strike","Ulfsild's Contingency","Elemental Blockade","Solar Barrage","Inspired Scholarship","Camouflaged Hunter","The Languid Eye"
"Sanity's Edge","Trash Builds","https://www.esologs.com/reports/FCJdQ8bZRvBxcKtL#fight=112&type=summary&source=1","@Chomper876","The Carry Has Arrived","ass-dawn-herald-deadly-strike-perfected-sul-xans-torment","dps","Ass","Dawn","Herald","Deadly Strike","Perfected Sul-Xan's Torment","106931.8","4107.6","41.2","106931.8 DPS","","Zaan Guise (Zaan)","Deadly Jack (Deadly Strike)","Perfected Arm Cops of Sul-Xan's Torment (Perfected Sul-Xan's Torment)","Deadly Bracers (Deadly Strike)","","Deadly Guards (Deadly Strike)","Deadly Boots (Deadly Strike)","","Perfected Ring of Sul-Xan's Torment (Perfected Sul-Xan's Torment)","Perfected Ring of Sul-Xan's Torment (Perfected Sul-Xan's Torment)","Perfected Dagger of Sul-Xan's Torment (Perfected Sul-Xan's Torment)","Perfected Dagger of Sul-Xan's Torment (Perfected Sul-Xan's Torment)","The Maelstrom's Perfected Inferno Staff (Perfected Crushing Wall)"," ()","Pragmatic Fatecarver","Cephaliarch's Flail","Radiant Glory","Relentless Focus","Quick Cloak","Soul Harvest","Elemental Blockade","Inspired Scholarship","Solar Barrage","Proximity Detonation","Anti-Cavalry Caltrops","Elemental Rage"
"Sanity's Edge","Trash Builds","https://www.esologs.com/reports/FCJdQ8bZRvBxcKtL#fight=112&type=summary&source=1","@Chomper876","The Carry Has Arrived","ass-dawn-herald-deadly-strike-perfected-sul-xans-torment","dps","Ass","Dawn","Herald","Deadly Strike","Perfected Sul-Xan's Torment","89475.1","8840.3","43.1","89475.1 DPS","","Zaan Guise (Zaan)","Deadly Jack (Deadly Strike)","Perfected Arm Cops of Sul-Xan's Torment (Perfected Sul-Xan's Torment)","Deadly Bracers (Deadly Strike)","","Deadly Guards (Deadly Strike)","Deadly Boots (Deadly Strike)","","Perfected Ring of Sul-Xan's Torment (Perfected Sul-Xan's Torment)","Perfected Ring of Sul-Xan's Torment (Perfected Sul-Xan's Torment)","Perfected Dagger of Sul-Xan's Torment (Perfected Sul-Xan's Torment)","Perfected Dagger of Sul-Xan's Torment (Perfected Sul-Xan's Torment)","The Maelstrom's Perfected Inferno Staff (Perfected Crushing Wall)"," ()","Pragmatic Fatecarver","Cephaliarch's Flail","Radiant Glory","Relentless Focus","Quick Cloak","Soul Harvest","Blockade of Fire","Inspired Scholarship","Solar Barrage","Proximity Detonation","Anti-Cavalry Caltrops","Fiery Rage"
"Sanity's Edge","Trash Builds","https://www.esologs.com/reports/FCJdQ8bZRvBxcKtL#fight=112&type=summary&source=13","@zDarkus","-Darkus","ass-dawn-herald-deadly-strike-perfected-sul-xans-torment","dps","Ass","Dawn","Herald","Deadly Strike","Perfected Sul-Xan's Torment","210398.0","5332.9","44.6","210398.0 DPS","","Valkyn Skoria Guise (Valkyn Skoria)","Deadly Jack (Deadly Strike)","Deadly Arm Cops (Deadly Strike)","Perfected Bracers of Sul-Xan's Torment (Perfected Sul-Xan's Torment)","","Deadly Guards (Deadly Strike)","Perfected Boots of Sul-Xan's Torment (Perfected Sul-Xan's Torment)","","Deadly Ring (Deadly Strike)","Deadly Ring (Deadly Strike)","Perfected Dagger of Sul-Xan's Torment (Perfected Sul-Xan's Torment)","Perfected Dagger of Sul-Xan's Torment (Perfected Sul-Xan's Torment)","The Maelstrom's Perfected Inferno Staff (Perfected Crushing Wall)"," ()","Cephaliarch's Flail","Camouflaged Hunter","Quick Cloak","Pragmatic Fatecarver","Radiant Glory","Soul Harvest","Elemental Blockade","Inspired Scholarship","Solar Barrage","Proximity Detonation","Anti-Cavalry Caltrops","The Languid Eye"
"Sanity's Edge","Trash Builds","https://www.esologs.com/reports/FCJdQ8bZRvBxcKtL#fight=112&type=summary&source=2","@T.exe","Blinded-by the-lights","ass-dawn-herald-deadly-strike-perfected-sul-xans-torment","dps","Ass","Dawn","Herald","Perfected Sul-Xan's Torment","Deadly Strike","147411.8","5813.7","32.5","147411.8 DPS","","Valkyn Skoria Guise (Valkyn Skoria)","Perfected Jack of Sul-Xan's Torment (Perfected Sul-Xan's Torment)","Deadly Arm Cops (Deadly Strike)","Perfected Bracers of Sul-Xan's Torment (Perfected Sul-Xan's Torment)","","Perfected Guards of Sul-Xan's Torment (Perfected Sul-Xan's Torment)","Perfected Boots of Sul-Xan's Torment (Perfected Sul-Xan's Torment)","","Deadly Ring (Deadly Strike)","Deadly Ring (Deadly Strike)","Deadly Dagger (Deadly Strike)","Deadly Dagger (Deadly Strike)","The Maelstrom's Perfected Inferno Staff (Perfected Crushing Wall)"," ()","Banner Bearer","Quick Cloak","Cephaliarch's Flail","Camouflaged Hunter","Pragmatic Fatecarver","Soul Harvest","Banner Bearer","Elemental Blockade","Solar Barrage","Inspired Scholarship","Concealed Weapon","The Languid Eye"
"Sanity's Edge","Trash Builds","https://www.esologs.com/reports/FCJdQ8bZRvBxcKtL#fight=112&type=summary&source=3","@ReyBrujoAngmar","Ma-Zi-Zah","ass-dawn-herald-deadly-strike-perfected-sul-xans-torment","dps","Ass","Dawn","Herald","Deadly Strike","Perfected Sul-Xan's Torment","201281.4","7765.1","32.5","201281.4 DPS","","Valkyn Skoria Mask (Valkyn Skoria)","Deadly Jack (Deadly Strike)","Perfected Arm Cops of Sul-Xan's Torment (Perfected Sul-Xan's Torment)","Deadly Bracers (Deadly Strike)","","Deadly Guards (Deadly Strike)","Deadly Boots (Deadly Strike)","","Perfected Ring of Sul-Xan's Torment (Perfected Sul-Xan's Torment)","Perfected Ring of Sul-Xan's Torment (Perfected Sul-Xan's Torment)","Perfected Dagger of Sul-Xan's Torment (Perfected Sul-Xan's Torment)","Perfected Dagger of Sul-Xan's Torment (Perfected Sul-Xan's Torment)","The Maelstrom's Perfected Inferno Staff (Perfected Crushing Wall)"," ()","Cephaliarch's Flail","Pragmatic Fatecarver","Radiant Glory","Quick Cloak","Camouflaged Hunter","Soul Harvest","Solar Barrage","Elemental Blockade","Inspired Scholarship","Anti-Cavalry Caltrops","Proximity Detonation","Elemental Rage"
"Sanity's Edge","Trash Builds","https://www.esologs.com/reports/FCJdQ8bZRvBxcKtL#fight=112&type=summary&source=7","@krdntro","kr arca","ass-dawn-herald-deadly-strike-perfected-sul-xans-torment","dps","Ass","Dawn","Herald","Perfected Sul-Xan's Torment","Deadly Strike","149440.5","5632.2","40.6","149440.5 DPS","","Perfected Helmet of Sul-Xan's Torment (Perfected Sul-Xan's Torment)","Deadly Jack (Deadly Strike)","Valkyn Skoria Epaulets (Valkyn Skoria)","Deadly Bracers (Deadly Strike)","","Deadly Guards (Deadly Strike)","Deadly Boots (Deadly Strike)","","Perfected Ring of Sul-Xan's Torment (Perfected Sul-Xan's Torment)","Perfected Ring of Sul-Xan's Torment (Perfected Sul-Xan's Torment)","Perfected Dagger of Sul-Xan's Torment (Perfected Sul-Xan's Torment)","Perfected Dagger of Sul-Xan's Torment (Perfected Sul-Xan's Torment)","The Maelstrom's Perfected Inferno Staff (Perfected Crushing Wall)"," ()","Cephaliarch's Flail","Radiant Glory","Camouflaged Hunter","Pragmatic Fatecarver","Quick Cloak","Soul Harvest","Proximity Detonation","Anti-Cavalry Caltrops","Inspired Scholarship","Solar Barrage","Elemental Blockade","Elemental Rage"
"Sanity's Edge","Trash Builds","https://www.esologs.com/reports/FCJdQ8bZRvBxcKtL#fight=112&type=summary&source=9","@RedKz4","Vegannist","ass-dawn-herald-deadly-strike-perfected-sul-xans-torment","dps","Ass","Dawn","Herald","Perfected Sul-Xan's Torment","Deadly Strike","165930.0","4649.0","20.3","165930.0 DPS","","Archdruid Devyric's Guise (Archdruid Devyric)","Perfected Jack of Sul-Xan's Torment (Perfected Sul-Xan's Torment)","Deadly Arm Cops (Deadly Strike)","Deadly Bracers (Deadly Strike)","","Deadly Guards (Deadly Strike)","Deadly Boots (Deadly Strike)","","Perfected Ring of Sul-Xan's Torment (Perfected Sul-Xan's Torment)","Perfected Ring of Sul-Xan's Torment (Perfected Sul-Xan's Torment)","Perfected Dagger of Sul-Xan's Torment (Perfected Sul-Xan's Torment)","Perfected Dagger of Sul-Xan's Torment (Perfected Sul-Xan's Torment)","The Maelstrom's Perfected Inferno Staff (Perfected Crushing Wall)"," ()","Cephaliarch's Flail","Pragmatic Fatecarver","Quick Cloak","Camouflaged Hunter","Banner Bearer","Soul Harvest","Elemental Blockade","Inspired Scholarship","Solar Barrage","Proximity Detonation","Banner Bearer","Elemental Rage"
"Sanity's Edge","Trash Builds","https://www.esologs.com/reports/FCJdQ8bZRvBxcKtL#fight=112&type=summary&source=13","@zDarkus","-Darkus","ass-dawn-herald-deadly-strike-perfected-sul-xans-torment","dps","Ass","Dawn","Herald","Deadly Strike","Perfected Sul-Xan's Torment","156158.8","4294.7","37.4","156158.8 DPS","","Valkyn Skoria Guise (Valkyn Skoria)","Deadly Jack (Deadly Strike)","Deadly Arm Cops (Deadly Strike)","Perfected Bracers of Sul-Xan's Torment (Perfected Sul-Xan's Torment)","","Deadly Guards (Deadly Strike)","Perfected Boots of Sul-Xan's Torment (Perfected Sul-Xan's Torment)","","Deadly Ring (Deadly Strike)","Deadly Ring (Deadly Strike)","Perfected Dagger of Sul-Xan's Torment (Perfected Sul-Xan's Torment)","Perfected Dagger of Sul-Xan's Torment (Perfected Sul-Xan's Torment)","The Maelstrom's Perfected Inferno Staff (Perfected Crushing Wall)"," ()","Cephaliarch's Flail","Camouflaged Hunter","Quick Cloak","Pragmatic Fatecarver","Barbed Trap","Soul Harvest","Elemental Blockade","Inspired Scholarship","Solar Barrage","Proximity Detonation","Anti-Cavalry Caltrops","The Languid Eye"
"Sanity's Edge","Trash Builds","https://www.esologs.com/reports/FCJdQ8bZRvBxcKtL#fight=112&type=summary&source=2","@T.exe","Blinded-by the-lights","ass-dawn-herald-deadly-strike-perfected-sul-xans-torment","dps","Ass","Dawn","Herald","Perfected Sul-Xan's Torment","Deadly Strike","105384.4","3855.8","43.0","105384.4 DPS","","Valkyn Skoria Guise (Valkyn Skoria)","Perfected Jack of Sul-Xan's Torment (Perfected Sul-Xan's Torment)","Deadly Arm Cops (Deadly Strike)","Perfected Bracers of Sul-Xan's Torment (Perfected Sul-Xan's Torment)","","Perfected Guards of Sul-Xan's Torment (Perfected Sul-Xan's Torment)","Perfected Boots of Sul-Xan's Torment (Perfected Sul-Xan's Torment)","","Deadly Ring (Deadly Strike)","Deadly Ring (Deadly Strike)","Deadly Dagger (Deadly Strike)","Deadly Dagger (Deadly Strike)","The Maelstrom's Perfected Inferno Staff (Perfected Crushing Wall)"," ()","Banner Bearer","Quick Cloak","Cephaliarch's Flail","Camouflaged Hunter","Pragmatic Fatecarver","Soul Harvest","Banner Bearer","Elemental Blockade","Solar Barrage","Inspired Scholarship","Concealed Weapon","The Languid Eye"
"Sanity's Edge","Trash Builds","https://www.esologs.com/reports/FCJdQ8bZRvBxcKtL#fight=112&type=summary&source=3","@ReyBrujoAngmar","Ma-Zi-Zah","ass-dawn-herald-deadly-strike-perfected-sul-xans-torment","dps","Ass","Dawn","Herald","Deadly Strike","Perfected Sul-Xan's Torment","125354.8","3498.9","37.4","125354.8 DPS","","Valkyn Skoria Mask (Valkyn Skoria)","Deadly Jack (Deadly Strike)","Perfected Arm Cops of Sul-Xan's Torment (Perfected Sul-Xan's Torment)","Deadly Bracers (Deadly Strike)","","Deadly Guards (Deadly Strike)","Deadly Boots (Deadly Strike)","","Perfected Ring of Sul-Xan's Torment (Perfected Sul-Xan's Torment)","Perfected Ring of Sul-Xan's Torment (Perfected Sul-Xan's Torment)","Perfected Dagger of Sul-Xan's Torment (Perfected Sul-Xan's Torment)","Perfected Dagger of Sul-Xan's Torment (Perfected Sul-Xan's Torment)","The Maelstrom's Perfected Inferno Staff (Perfected Crushing Wall)"," ()","Cephaliarch's Flail","Pragmatic Fatecarver","Radiant Glory","Quick Cloak","Camouflaged Hunter","Soul Harvest","Solar Barrage","Elemental Blockade","Inspired Scholarship","Anti-Cavalry Caltrops","Proximity Detonation","Elemental Rage"
"Sanity's Edge","Trash Builds","https://www.esologs.com/reports/FCJdQ8bZRvBxcKtL#fight=112&type=summary&source=7","@krdntro","kr arca","ass-dawn-herald-deadly-strike-perfected-sul-xans-torment","dps","Ass","Dawn","Herald","Perfected Sul-Xan's Torment","Deadly Strike","135952.1","4485.2","45.7","135952.1 DPS","","Perfected Helmet of Sul-Xan's Torment (Perfected Sul-Xan's Torment)","Deadly Jack (Deadly Strike)","Valkyn Skoria Epaulets (Valkyn Skoria)","Deadly Bracers (Deadly Strike)","","Deadly Guards (Deadly Strike)","Deadly Boots (Deadly Strike)","","Perfected Ring of Sul-Xan's Torment (Perfected Sul-Xan's Torment)","Perfected Ring of Sul-Xan's Torment (Perfected Sul-Xan's Torment)","Perfected Dagger of Sul-Xan's Torment (Perfected Sul-Xan's Torment)","Perfected Dagger of Sul-Xan's Torment (Perfected Sul-Xan's Torment)","The Maelstrom's Perfected Inferno Staff (Perfected Crushing Wall)"," ()","Cephaliarch's Flail","Radiant Glory","Camouflaged Hunter","Pragmatic Fatecarver","Quick Cloak","Soul Harvest","Proximity Detonation","Anti-Cavalry Caltrops","Inspired Scholarship","Solar Barrage","Elemental Blockade","Elemental Rage"
"Sanity's Edge","Trash Builds","https://www.esologs.com/reports/FCJdQ8bZRvBxcKtL#fight=112&type=summary&source=9","@RedKz4","Vegannist","ass-dawn-herald-deadly-strike-perfected-sul-xans-torment","dps","Ass","Dawn","Herald","Perfected Sul-Xan's Torment","Deadly Strike","106667.2","3482.4","37.4","106667.2 DPS","","Archdruid Devyric's Guise (Archdruid Devyric)","Perfected Jack of Sul-Xan's Torment (Perfected Sul-Xan's Torment)","Deadly Arm Cops (Deadly Strike)","Deadly Bracers (Deadly Strike)","","Deadly Guards (Deadly Strike)","Deadly Boots (Deadly Strike)","","Perfected Ring of Sul-Xan's Torment (Perfected Sul-Xan's Torment)","Perfected Ring of Sul-Xan's Torment (Perfected Sul-Xan's Torment)","Perfected Dagger of Sul-Xan's Torment (Perfected Sul-Xan's Torment)","Perfected Dagger of Sul-Xan's Torment (Perfected Sul-Xan's Torment)","The Maelstrom's Perfected Inferno Staff (Perfected Crushing Wall)"," ()","Cephaliarch's Flail","Pragmatic Fatecarver","Quick Cloak","Camouflaged Hunter","Banner Bearer","Soul Harvest","Elemental Blockade","Inspired Scholarship","Solar Barrage","Proximity Detonation","Banner Bearer","Elemental Rage"
"Sanity's Edge","Trash Builds","https://www.esologs.com/reports/FCJdQ8bZRvBxcKtL#fight=112&type=summary&source=4","@Woolxxl1","Blockt mit Büchern","ass-dawn-herald-deadly-strike-perfected-sul-xans-torment","dps","Ass","Dawn","Herald","Perfected Sul-Xan's Torment","Deadly Strike","164690.9","12692.9","36.6","164690.9 DPS","","Slimecraw Guise (Slimecraw)","Perfected Jack of Sul-Xan's Torment (Perfected Sul-Xan's Torment)","Deadly Arm Cops (Deadly Strike)","Perfected Bracers of Sul-Xan's Torment (Perfected Sul-Xan's Torment)","","Perfected Guards of Sul-Xan's Torment (Perfected Sul-Xan's Torment)","Perfected Boots of Sul-Xan's Torment (Perfected Sul-Xan's Torment)","","Deadly Ring (Deadly Strike)","Deadly Ring (Deadly Strike)","Deadly Dagger (Deadly Strike)","Deadly Dagger (Deadly Strike)","The Maelstrom's Perfected Inferno Staff (Perfected Crushing Wall)"," ()","Radiant Glory","Cephaliarch's Flail","Pragmatic Fatecarver","Quick Cloak","Camouflaged Hunter","Incapacitating Strike","Sundering Trample","Solar Barrage","Unstable Wall of Elements","Inspired Scholarship","Camouflaged Hunter","Elemental Rage"
"Sanity's Edge","Trash Builds","https://www.esologs.com/reports/FCJdQ8bZRvBxcKtL#fight=112&type=summary&source=10","@grabmoore","Readmoore","ass-dawn-herald-deadly-strike-perfected-sul-xans-torment","dps","Ass","Dawn","Herald","Perfected Sul-Xan's Torment","Deadly Strike","127122.1","6484.6","40.7","127122.1 DPS","","Perfected Helmet of Sul-Xan's Torment (Perfected Sul-Xan's Torment)","Perfected Jack of Sul-Xan's Torment (Perfected Sul-Xan's Torment)","Slimecraw Epaulets (Slimecraw)","Perfected Bracers of Sul-Xan's Torment (Perfected Sul-Xan's Torment)","","Deadly Guards (Deadly Strike)","Perfected Boots of Sul-Xan's Torment (Perfected Sul-Xan's Torment)","","Deadly Ring (Deadly Strike)","Deadly Ring (Deadly Strike)","Deadly Dagger (Deadly Strike)","Deadly Dagger (Deadly Strike)","The Maelstrom's Perfected Inferno Staff (Perfected Crushing Wall)"," ()","Banner Bearer","Cephaliarch's Flail","Quick Cloak","Pragmatic Fatecarver","Camouflaged Hunter","Soul Harvest","Banner Bearer","Solar Barrage","Elemental Blockade","Concealed Weapon","Inspired Scholarship","The Languid Eye"
"Sanity's Edge","Trash Builds","https://www.esologs.com/reports/FCJdQ8bZRvBxcKtL#fight=112&type=summary&source=4","@Woolxxl1","Blockt mit Büchern","ass-dawn-herald-deadly-strike-perfected-sul-xans-torment","dps","Ass","Dawn","Herald","Perfected Sul-Xan's Torment","Deadly Strike","107414.2","14590.6","47.9","107414.2 DPS","","Slimecraw Guise (Slimecraw)","Perfected Jack of Sul-Xan's Torment (Perfected Sul-Xan's Torment)","Deadly Arm Cops (Deadly Strike)","Perfected Bracers of Sul-Xan's Torment (Perfected Sul-Xan's Torment)","","Perfected Guards of Sul-Xan's Torment (Perfected Sul-Xan's Torment)","Perfected Boots of Sul-Xan's Torment (Perfected Sul-Xan's Torment)","","Deadly Ring (Deadly Strike)","Deadly Ring (Deadly Strike)","Deadly Dagger (Deadly Strike)","Deadly Dagger (Deadly Strike)","The Maelstrom's Perfected Inferno Staff (Perfected Crushing Wall)"," ()","Radiant Glory","Cephaliarch's Flail","Pragmatic Fatecarver","Quick Cloak","Camouflaged Hunter","Incapacitating Strike","Sundering Trample","Solar Barrage","Unstable Wall of Elements","Inspired Scholarship","Camouflaged Hunter","Elemental Rage"
"Sanity's Edge","Trash Builds","https://www.esologs.com/reports/FCJdQ8bZRvBxcKtL#fight=112&type=summary&source=10","@grabmoore","Readmoore","ass-dawn-herald-deadly-strike-perfected-sul-xans-torment","dps","Ass","Dawn","Herald","Perfected Sul-Xan's Torment","Deadly Strike","53464.5","3849.5","50.1","53464.5 DPS","","Perfected Helmet of Sul-Xan's Torment (Perfected Sul-Xan's Torment)","Perfected Jack of Sul-Xan's Torment (Perfected Sul-Xan's Torment)","Slimecraw Epaulets (Slimecraw)","Perfected Bracers of Sul-Xan's Torment (Perfected Sul-Xan's Torment)","","Deadly Guards (Deadly Strike)","Perfected Boots of Sul-Xan's Torment (Perfected Sul-Xan's Torment)","","Deadly Ring (Deadly Strike)","Deadly Ring (Deadly Strike)","Deadly Dagger (Deadly Strike)","Deadly Dagger (Deadly Strike)","The Maelstrom's Perfected Inferno Staff (Perfected Crushing Wall)"," ()","Banner Bearer","Cephaliarch's Flail","Quick Cloak","Pragmatic Fatecarver","Camouflaged Hunter","Soul Harvest","Banner Bearer","Solar Barrage","Elemental Blockade","Concealed Weapon","Inspired Scholarship","The Languid Eye"
"Sanity's Edge","Trash Builds","https://www.esologs.com/reports/FCJdQ8bZRvBxcKtL#fight=112&type=summary&source=10","@Blageniy","Arcashaa","ass-dawn-herald-deadly-strike-perfected-sul-xans-torment","dps","Ass","Dawn","Herald","Deadly Strike","Perfected Sul-Xan's Torment","132747.5","6190.6","31.3","132747.5 DPS","","Slimecraw Guise (Slimecraw)","Deadly Jack (Deadly Strike)","Perfected Arm Cops of Sul-Xan's Torment (Perfected Sul-Xan's Torment)","Deadly Bracers (Deadly Strike)","","Deadly Guards (Deadly Strike)","Deadly Boots (Deadly Strike)","","Perfected Ring of Sul-Xan's Torment (Perfected Sul-Xan's Torment)","Perfected Ring of Sul-Xan's Torment (Perfected Sul-Xan's Torment)","Perfected Sword of Sul-Xan's Torment (Perfected Sul-Xan's Torment)","Perfected Sword of Sul-Xan's Torment (Perfected Sul-Xan's Torment)","The Maelstrom's Perfected Inferno Staff (Perfected Crushing Wall)"," ()","Pragmatic Fatecarver","Cephaliarch's Flail","Radiant Glory","Quick Cloak","Camouflaged Hunter","Soul Harvest","Inspired Scholarship","Solar Barrage","Elemental Blockade","Proximity Detonation","Reaper's Mark","The Languid Eye"
"Sanity's Edge","Trash Builds","https://www.esologs.com/reports/FCJdQ8bZRvBxcKtL#fight=112&type=summary&source=8","@SeregaParadox","'Paradoxx","ass-dawn-herald-deadly-strike-perfected-sul-xans-torment","dps","Ass","Dawn","Herald","Perfected Sul-Xan's Torment","Deadly Strike","136308.8","21567.2","46.9","136308.8 DPS","","Perfected Helmet of Sul-Xan's Torment (Perfected Sul-Xan's Torment)","Perfected Jack of Sul-Xan's Torment (Perfected Sul-Xan's Torment)","Slimecraw Epaulets (Slimecraw)","Perfected Bracers of Sul-Xan's Torment (Perfected Sul-Xan's Torment)","","Deadly Guards (Deadly Strike)","Perfected Boots of Sul-Xan's Torment (Perfected Sul-Xan's Torment)","","Deadly Ring (Deadly Strike)","Deadly Ring (Deadly Strike)","Deadly Dagger (Deadly Strike)","Deadly Dagger (Deadly Strike)","The Maelstrom's Perfected Inferno Staff (Perfected Crushing Wall)"," ()","Cephaliarch's Flail","Quick Cloak","Radiant Glory","Camouflaged Hunter","Pragmatic Fatecarver","Soul Harvest","Elemental Blockade","Inspired Scholarship","Fulminating Rune","Concealed Weapon","Solar Barrage","The Languid Eye"
"Sanity's Edge","Trash Builds","https://www.esologs.com/reports/FCJdQ8bZRvBxcKtL#fight=112&type=summary&source=9","nil","Anonymous 9","ass-dawn-herald-deadly-strike-perfected-sul-xans-torment","dps","Ass","Dawn","Herald","Deadly Strike","Perfected Sul-Xan's Torment","118061.4","9474.0","35.2","118061.4 DPS","","Deadly Helmet (Deadly Strike)","Perfected Jack of Sul-Xan's Torment (Perfected Sul-Xan's Torment)","Slimecraw Epaulets (Slimecraw)","Deadly Bracers (Deadly Strike)","","Perfected Guards of Sul-Xan's Torment (Perfected Sul-Xan's Torment)","Perfected Boots of Sul-Xan's Torment (Perfected Sul-Xan's Torment)","","Perfected Ring of Sul-Xan's Torment (Perfected Sul-Xan's Torment)","Perfected Ring of Sul-Xan's Torment (Perfected Sul-Xan's Torment)","Deadly Dagger (Deadly Strike)","Deadly Dagger (Deadly Strike)","The Maelstrom's Perfected Inferno Staff (Perfected Crushing Wall)"," ()","Pragmatic Fatecarver","Cephaliarch's Flail","Radiant Glory","Camouflaged Hunter","Quick Cloak","Soul Harvest","Elemental Blockade","Reaper's Mark","Solar Barrage","Inspired Scholarship","Proximity Detonation","The Languid Eye"
"Sanity's Edge","Trash Builds","https://www.esologs.com/reports/FCJdQ8bZRvBxcKtL#fight=112&type=summary&source=10","@Blageniy","Arcashaa","ass-dawn-herald-deadly-strike-perfected-sul-xans-torment","dps","Ass","Dawn","Herald","Deadly Strike","Perfected Sul-Xan's Torment","126794.2","4178.5","28.4","126794.2 DPS","","Slimecraw Guise (Slimecraw)","Deadly Jack (Deadly Strike)","Perfected Arm Cops of Sul-Xan's Torment (Perfected Sul-Xan's Torment)","Deadly Bracers (Deadly Strike)","","Deadly Guards (Deadly Strike)","Deadly Boots (Deadly Strike)","","Perfected Ring of Sul-Xan's Torment (Perfected Sul-Xan's Torment)","Perfected Ring of Sul-Xan's Torment (Perfected Sul-Xan's Torment)","Perfected Sword of Sul-Xan's Torment (Perfected Sul-Xan's Torment)","Perfected Sword of Sul-Xan's Torment (Perfected Sul-Xan's Torment)","The Maelstrom's Perfected Inferno Staff (Perfected Crushing Wall)"," ()","Pragmatic Fatecarver","Cephaliarch's Flail","Radiant Glory","Quick Cloak","Camouflaged Hunter","Soul Harvest","Inspired Scholarship","Solar Barrage","Elemental Blockade","Proximity Detonation","Reaper's Mark","The Languid Eye"
"Sanity's Edge","Trash Builds","https://www.esologs.com/reports/FCJdQ8bZRvBxcKtL#fight=112&type=summary&source=8","@SeregaParadox","'Paradoxx","ass-dawn-herald-deadly-strike-perfected-sul-xans-torment","dps","Ass","Dawn","Herald","Perfected Sul-Xan's Torment","Deadly Strike","150864.5","10418.4","41.3","150864.5 DPS","","Perfected Helmet of Sul-Xan's Torment (Perfected Sul-Xan's Torment)","Perfected Jack of Sul-Xan's Torment (Perfected Sul-Xan's Torment)","Slimecraw Epaulets (Slimecraw)","Perfected Bracers of Sul-Xan's Torment (Perfected Sul-Xan's Torment)","","Deadly Guards (Deadly Strike)","Perfected Boots of Sul-Xan's Torment (Perfected Sul-Xan's Torment)","","Deadly Ring (Deadly Strike)","Deadly Ring (Deadly Strike)","Deadly Dagger (Deadly Strike)","Deadly Dagger (Deadly Strike)","The Maelstrom's Perfected Inferno Staff (Perfected Crushing Wall)"," ()","Cephaliarch's Flail","Quick Cloak","Radiant Glory","Camouflaged Hunter","Pragmatic Fatecarver","Soul Harvest","Elemental Blockade","Inspired Scholarship","Fulminating Rune","Concealed Weapon","Solar Barrage","The Languid Eye"
"Sanity's Edge","Trash Builds","https://www.esologs.com/reports/FCJdQ8bZRvBxcKtL#fight=112&type=summary&source=9","nil","Anonymous 9","ass-dawn-herald-deadly-strike-perfected-sul-xans-torment","dps","Ass","Dawn","Herald","Deadly Strike","Perfected Sul-Xan's Torment","138958.4","8635.4","33.5","138958.4 DPS","","Deadly Helmet (Deadly Strike)","Perfected Jack of Sul-Xan's Torment (Perfected Sul-Xan's Torment)","Slimecraw Epaulets (Slimecraw)","Deadly Bracers (Deadly Strike)","","Perfected Guards of Sul-Xan's Torment (Perfected Sul-Xan's Torment)","Perfected Boots of Sul-Xan's Torment (Perfected Sul-Xan's Torment)","","Perfected Ring of Sul-Xan's Torment (Perfected Sul-Xan's Torment)","Perfected Ring of Sul-Xan's Torment (Perfected Sul-Xan's Torment)","Deadly Dagger (Deadly Strike)","Deadly Dagger (Deadly Strike)","The Maelstrom's Perfected Inferno Staff (Perfected Crushing Wall)"," ()","Pragmatic Fatecarver","Cephaliarch's Flail","Radiant Glory","Camouflaged Hunter","Quick Cloak","Soul Harvest","Elemental Blockade","Reaper's Mark","Solar Barrage","Inspired Scholarship","Proximity Detonation","The Languid Eye"
"Sanity's Edge","Trash Builds","https://www.esologs.com/reports/FCJdQ8bZRvBxcKtL#fight=112&type=summary&source=12","@SadYoungMan","The Eighth Inner Gate","ardent-ass-herald-deadly-strike-perfected-sul-xans-torment","dps","Ardent","Ass","Herald","Deadly Strike","Perfected Sul-Xan's Torment","22591.3","4163.2","61.0","22591.3 DPS","","Slimecraw Guise (Slimecraw)","Deadly Jack (Deadly Strike)","Deadly Arm Cops (Deadly Strike)","Deadly Bracers (Deadly Strike)","","Perfected Guards of Sul-Xan's Torment (Perfected Sul-Xan's Torment)","Deadly Boots (Deadly Strike)","","Perfected Ring of Sul-Xan's Torment (Perfected Sul-Xan's Torment)","Perfected Ring of Sul-Xan's Torment (Perfected Sul-Xan's Torment)","Perfected Dagger of Sul-Xan's Torment (Perfected Sul-Xan's Torment)","Perfected Dagger of Sul-Xan's Torment (Perfected Sul-Xan's Torment)","The Maelstrom's Perfected Inferno Staff (Perfected Crushing Wall)"," ()","Cephaliarch's Flail","Pragmatic Fatecarver","Quick Cloak","Flames of Oblivion","Camouflaged Hunter","Soul Harvest","Elemental Blockade","Inspired Scholarship","Anti-Cavalry Caltrops","Merciless Resolve","Proximity Detonation","Elemental Rage"
"Sanity's Edge","Trash Builds","https://www.esologs.com/reports/FCJdQ8bZRvBxcKtL#fight=112&type=summary&source=3","@ItsBigKai","Atkor Kamuy","ardent-ass-herald-deadly-strike-perfected-sul-xans-torment","dps","Ardent","Ass","Herald","Deadly Strike","Perfected Sul-Xan's Torment","244893.2","483.9","35.6","244893.2 DPS","","Slimecraw Guise (Slimecraw)","Deadly Jack (Deadly Strike)","Perfected Arm Cops of Sul-Xan's Torment (Perfected Sul-Xan's Torment)","Deadly Bracers (Deadly Strike)","","Deadly Guards (Deadly Strike)","Deadly Boots (Deadly Strike)","","Perfected Ring of Sul-Xan's Torment (Perfected Sul-Xan's Torment)","Perfected Ring of Sul-Xan's Torment (Perfected Sul-Xan's Torment)","Perfected Dagger of Sul-Xan's Torment (Perfected Sul-Xan's Torment)","Perfected Dagger of Sul-Xan's Torment (Perfected Sul-Xan's Torment)","The Maelstrom's Perfected Inferno Staff (Perfected Crushing Wall)"," ()","Quick Cloak","Sundering Burst","Exhausting Fatecarver","Merciless Resolve","Camouflaged Hunter","Soul Harvest","Ulfsild's Contingency","Inspired Scholarship","Elemental Blockade","Lotus Fan","Flames of Oblivion","Elemental Rage"
"Sanity's Edge","Trash Builds","https://www.esologs.com/reports/FCJdQ8bZRvBxcKtL#fight=112&type=summary&source=12","@SadYoungMan","The Eighth Inner Gate","ardent-ass-herald-deadly-strike-perfected-sul-xans-torment","dps","Ardent","Ass","Herald","Deadly Strike","Perfected Sul-Xan's Torment","46358.1","2770.7","26.8","46358.1 DPS","","Slimecraw Guise (Slimecraw)","Deadly Jack (Deadly Strike)","Deadly Arm Cops (Deadly Strike)","Deadly Bracers (Deadly Strike)","","Perfected Guards of Sul-Xan's Torment (Perfected Sul-Xan's Torment)","Deadly Boots (Deadly Strike)","","Perfected Ring of Sul-Xan's Torment (Perfected Sul-Xan's Torment)","Perfected Ring of Sul-Xan's Torment (Perfected Sul-Xan's Torment)","Perfected Dagger of Sul-Xan's Torment (Perfected Sul-Xan's Torment)","Perfected Dagger of Sul-Xan's Torment (Perfected Sul-Xan's Torment)","The Maelstrom's Perfected Inferno Staff (Perfected Crushing Wall)"," ()","Cephaliarch's Flail","Pragmatic Fatecarver","Quick Cloak","Flames of Oblivion","Camouflaged Hunter","Soul Harvest","Elemental Blockade","Inspired Scholarship","Anti-Cavalry Caltrops","Merciless Resolve","Proximity Detonation","Elemental Rage"
"Sanity's Edge","Trash Builds","https://www.esologs.com/reports/FCJdQ8bZRvBxcKtL#fight=112&type=summary&source=3","@ItsBigKai","Atkor Kamuy","ardent-ass-herald-deadly-strike-perfected-sul-xans-torment","dps","Ardent","Ass","Herald","Deadly Strike","Perfected Sul-Xan's Torment","89412.2","9466.9","26.8","89412.2 DPS","","Slimecraw Guise (Slimecraw)","Deadly Jack (Deadly Strike)","Perfected Arm Cops of Sul-Xan's Torment (Perfected Sul-Xan's Torment)","Deadly Bracers (Deadly Strike)","","Deadly Guards (Deadly Strike)","Deadly Boots (Deadly Strike)","","Perfected Ring of Sul-Xan's Torment (Perfected Sul-Xan's Torment)","Perfected Ring of Sul-Xan's Torment (Perfected Sul-Xan's Torment)","Perfected Dagger of Sul-Xan's Torment (Perfected Sul-Xan's Torment)","Perfected Dagger of Sul-Xan's Torment (Perfected Sul-Xan's Torment)","The Maelstrom's Perfected Inferno Staff (Perfected Crushing Wall)"," ()","Quick Cloak","Sundering Burst","Exhausting Fatecarver","Merciless Resolve","Camouflaged Hunter","Soul Harvest","Ulfsild's Contingency","Inspired Scholarship","Elemental Blockade","Lotus Fan","Flames of Oblivion","Elemental Rage"
"Sanity's Edge","Trash Builds","https://www.esologs.com/reports/FCJdQ8bZRvBxcKtL#fight=112&type=summary&source=9","@adamsmith42","Non-Fat Lard","ardent-ass-herald-deadly-strike-perfected-sul-xans-torment","dps","Ardent","Ass","Herald","Deadly Strike","Perfected Sul-Xan's Torment","139516.1","7438.8","37.1","139516.1 DPS","","Iceheart Guise (Iceheart)","Deadly Jack (Deadly Strike)","Deadly Arm Cops (Deadly Strike)","Deadly Bracers (Deadly Strike)","","Deadly Guards (Deadly Strike)","Deadly Boots (Deadly Strike)","","Perfected Ring of Sul-Xan's Torment (Perfected Sul-Xan's Torment)","Perfected Ring of Sul-Xan's Torment (Perfected Sul-Xan's Torment)","Perfected Dagger of Sul-Xan's Torment (Perfected Sul-Xan's Torment)","Perfected Dagger of Sul-Xan's Torment (Perfected Sul-Xan's Torment)","The Maelstrom's Perfected Inferno Staff (Perfected Crushing Wall)"," ()","Killer's Blade","Pragmatic Fatecarver","Cephaliarch's Flail","Camouflaged Hunter","Quick Cloak","Soul Harvest","Inspired Scholarship","Proximity Detonation","Flames of Oblivion","Reaper's Mark","Elemental Blockade","Standard of Might"
"Sanity's Edge","Trash Builds","https://www.esologs.com/reports/FCJdQ8bZRvBxcKtL#fight=112&type=summary&source=4","@D.ot","Hoards Cruxes","ardent-ass-herald-deadly-strike-perfected-sul-xans-torment","dps","Ardent","Ass","Herald","Deadly Strike","Perfected Sul-Xan's Torment","140661.3","5471.3","28.8","140661.3 DPS","","Slimecraw Mask (Slimecraw)","Deadly Jack (Deadly Strike)","Perfected Arm Cops of Sul-Xan's Torment (Perfected Sul-Xan's Torment)","Perfected Bracers of Sul-Xan's Torment (Perfected Sul-Xan's Torment)","","Perfected Guards of Sul-Xan's Torment (Perfected Sul-Xan's Torment)","Perfected Boots of Sul-Xan's Torment (Perfected Sul-Xan's Torment)","","Deadly Ring (Deadly Strike)","Deadly Ring (Deadly Strike)","Deadly Dagger (Deadly Strike)","Deadly Dagger (Deadly Strike)","The Maelstrom's Perfected Inferno Staff (Perfected Crushing Wall)"," ()","Banner Bearer","Quick Cloak","Cephaliarch's Flail","Pragmatic Fatecarver","Concealed Weapon","Soul Harvest","Banner Bearer","Elemental Blockade","Inspired Scholarship","Anti-Cavalry Caltrops","Flames of Oblivion","Elemental Rage"
"Sanity's Edge","Trash Builds","https://www.esologs.com/reports/FCJdQ8bZRvBxcKtL#fight=112&type=summary&source=9","@adamsmith42","Non-Fat Lard","ardent-ass-herald-deadly-strike-perfected-sul-xans-torment","dps","Ardent","Ass","Herald","Deadly Strike","Perfected Sul-Xan's Torment","113484.5","34545.6","33.5","113484.5 DPS","","Iceheart Guise (Iceheart)","Deadly Jack (Deadly Strike)","Deadly Arm Cops (Deadly Strike)","Deadly Bracers (Deadly Strike)","","Deadly Guards (Deadly Strike)","Deadly Boots (Deadly Strike)","","Perfected Ring of Sul-Xan's Torment (Perfected Sul-Xan's Torment)","Perfected Ring of Sul-Xan's Torment (Perfected Sul-Xan's Torment)","Perfected Dagger of Sul-Xan's Torment (Perfected Sul-Xan's Torment)","Perfected Dagger of Sul-Xan's Torment (Perfected Sul-Xan's Torment)","The Maelstrom's Perfected Inferno Staff (Perfected Crushing Wall)"," ()","Killer's Blade","Pragmatic Fatecarver","Cephaliarch's Flail","Camouflaged Hunter","Quick Cloak","Soul Harvest","Inspired Scholarship","Proximity Detonation","Flames of Oblivion","Reaper's Mark","Elemental Blockade","Standard of Might"
"Sanity's Edge","Trash Builds","https://www.esologs.com/reports/FCJdQ8bZRvBxcKtL#fight=112&type=summary&source=4","@D.ot","Hoards Cruxes","ardent-ass-herald-deadly-strike-perfected-sul-xans-torment","dps","Ardent","Ass","Herald","Deadly Strike","Perfected Sul-Xan's Torment","68383.5","15833.2","24.0","68383.5 DPS","","Slimecraw Mask (Slimecraw)","Deadly Jack (Deadly Strike)","Perfected Arm Cops of Sul-Xan's Torment (Perfected Sul-Xan's Torment)","Perfected Bracers of Sul-Xan's Torment (Perfected Sul-Xan's Torment)","","Perfected Guards of Sul-Xan's Torment (Perfected Sul-Xan's Torment)","Perfected Boots of Sul-Xan's Torment (Perfected Sul-Xan's Torment)","","Deadly Ring (Deadly Strike)","Deadly Ring (Deadly Strike)","Deadly Dagger (Deadly Strike)","Deadly Dagger (Deadly Strike)","The Maelstrom's Perfected Inferno Staff (Perfected Crushing Wall)"," ()","Banner Bearer","Quick Cloak","Cephaliarch's Flail","Pragmatic Fatecarver","Concealed Weapon","Soul Harvest","Banner Bearer","Elemental Blockade","Inspired Scholarship","Anti-Cavalry Caltrops","Flames of Oblivion","Elemental Rage"
"Sanity's Edge","Trash Builds","https://www.esologs.com/reports/FCJdQ8bZRvBxcKtL#fight=112&type=summary&source=10","@Raly.K","Goofy Muffin","ardent-ass-herald-deadly-strike-perfected-sul-xans-torment","dps","Ardent","Ass","Herald","Perfected Sul-Xan's Torment","Deadly Strike","117527.4","3646.6","28.4","117527.4 DPS","","Valkyn Skoria Mask (Valkyn Skoria)","Perfected Jack of Sul-Xan's Torment (Perfected Sul-Xan's Torment)","Deadly Arm Cops (Deadly Strike)","Deadly Bracers (Deadly Strike)","","Perfected Guards of Sul-Xan's Torment (Perfected Sul-Xan's Torment)","Deadly Boots (Deadly Strike)","","Deadly Ring (Deadly Strike)","Deadly Ring (Deadly Strike)","Perfected Dagger of Sul-Xan's Torment (Perfected Sul-Xan's Torment)","Perfected Dagger of Sul-Xan's Torment (Perfected Sul-Xan's Torment)","The Maelstrom's Perfected Greatsword (Perfected Merciless Charge)"," ()","Killer's Blade","Camouflaged Hunter","Pragmatic Fatecarver","Cephaliarch's Flail","Quick Cloak","Soul Harvest","Stampede","Molten Whip","Flames of Oblivion","Inspired Scholarship","Sundering Trample","The Languid Eye"
"Sanity's Edge","Trash Builds","https://www.esologs.com/reports/FCJdQ8bZRvBxcKtL#fight=112&type=summary&source=10","@Raly.K","Goofy Muffin","ardent-ass-herald-deadly-strike-perfected-sul-xans-torment","dps","Ardent","Ass","Herald","Perfected Sul-Xan's Torment","Deadly Strike","107504.8","3997.2","38.8","107504.8 DPS","","Valkyn Skoria Mask (Valkyn Skoria)","Perfected Jack of Sul-Xan's Torment (Perfected Sul-Xan's Torment)","Deadly Arm Cops (Deadly Strike)","Deadly Bracers (Deadly Strike)","","Perfected Guards of Sul-Xan's Torment (Perfected Sul-Xan's Torment)","Deadly Boots (Deadly Strike)","","Perfected Ring of Sul-Xan's Torment (Perfected Sul-Xan's Torment)","Perfected Ring of Sul-Xan's Torment (Perfected Sul-Xan's Torment)","Deadly Dagger (Deadly Strike)","Deadly Dagger (Deadly Strike)","The Maelstrom's Perfected Inferno Staff (Perfected Crushing Wall)"," ()","Killer's Blade","Camouflaged Hunter","Pragmatic Fatecarver","Cephaliarch's Flail","Quick Cloak","Soul Harvest","Elemental Blockade","Molten Whip","Flames of Oblivion","Inspired Scholarship","Proximity Detonation","Elemental Rage"
"Sanity's Edge","Trash Builds","https://www.esologs.com/reports/FCJdQ8bZRvBxcKtL#fight=112&type=summary&source=11","@Klixse","Kizrana","ardent-ass-herald-deadly-strike-perfected-sul-xans-torment","dps","Ardent","Ass","Herald","Perfected Sul-Xan's Torment","Deadly Strike","207066.4","20442.5","39.8","207066.4 DPS","","Slimecraw Mask (Slimecraw)","Perfected Jack of Sul-Xan's Torment (Perfected Sul-Xan's Torment)","Deadly Arm Cops (Deadly Strike)","Perfected Bracers of Sul-Xan's Torment (Perfected Sul-Xan's Torment)","","Perfected Guards of Sul-Xan's Torment (Perfected Sul-Xan's Torment)","Perfected Boots of Sul-Xan's Torment (Perfected Sul-Xan's Torment)","","Deadly Ring (Deadly Strike)","Deadly Ring (Deadly Strike)","The Maelstrom's Inferno Staff (Crushing Wall)"," ()","Deadly Dagger (Deadly Strike)","Deadly Dagger (Deadly Strike)","Elemental Blockade","Anti-Cavalry Caltrops","Inspired Scholarship","Molten Whip","Banner Bearer","The Languid Eye","Quick Cloak","Cephaliarch's Flail","Pragmatic Fatecarver","Flames of Oblivion","Banner Bearer","Soul Harvest"
"Sanity's Edge","Trash Builds","https://www.esologs.com/reports/FCJdQ8bZRvBxcKtL#fight=112&type=summary&source=9","@GlitterIII","Sneaky Glitter","ardent-ass-herald-deadly-strike-perfected-sul-xans-torment","dps","Ardent","Ass","Herald","Deadly Strike","Perfected Sul-Xan's Torment","295087.8","20492.9","39.8","295087.8 DPS","The Thief","Kra'gh Guise (Kra'gh)","Deadly Jack (Deadly Strike)","Perfected Arm Cops of Sul-Xan's Torment (Perfected Sul-Xan's Torment)","Deadly Bracers (Deadly Strike)","","Deadly Guards (Deadly Strike)","Deadly Boots (Deadly Strike)","","Perfected Ring of Sul-Xan's Torment (Perfected Sul-Xan's Torment)","Perfected Ring of Sul-Xan's Torment (Perfected Sul-Xan's Torment)","Perfected Dagger of Sul-Xan's Torment (Perfected Sul-Xan's Torment)","Perfected Dagger of Sul-Xan's Torment (Perfected Sul-Xan's Torment)","The Maelstrom's Perfected Inferno Staff (Perfected Crushing Wall)"," ()","Cephaliarch's Flail","Pragmatic Fatecarver","Quick Cloak","Whirling Blades","Merciless Resolve","Soul Harvest","Anti-Cavalry Caltrops","Elemental Blockade","Flames of Oblivion","Inspired Scholarship","Reaper's Mark","Elemental Rage"
"Sanity's Edge","Trash Builds","https://www.esologs.com/reports/FCJdQ8bZRvBxcKtL#fight=112&type=summary&source=11","@Klixse","Kizrana","ardent-ass-herald-deadly-strike-perfected-sul-xans-torment","dps","Ardent","Ass","Herald","Perfected Sul-Xan's Torment","Deadly Strike","60570.4","13770.6","45.2","60570.4 DPS","","Slimecraw Mask (Slimecraw)","Perfected Jack of Sul-Xan's Torment (Perfected Sul-Xan's Torment)","Deadly Arm Cops (Deadly Strike)","Perfected Bracers of Sul-Xan's Torment (Perfected Sul-Xan's Torment)","","Perfected Guards of Sul-Xan's Torment (Perfected Sul-Xan's Torment)","Perfected Boots of Sul-Xan's Torment (Perfected Sul-Xan's Torment)","","Deadly Ring (Deadly Strike)","Deadly Ring (Deadly Strike)","The Maelstrom's Inferno Staff (Crushing Wall)"," ()","Deadly Dagger (Deadly Strike)","Deadly Dagger (Deadly Strike)","Elemental Blockade","Anti-Cavalry Caltrops","Inspired Scholarship","Molten Whip","Banner Bearer","The Languid Eye","Quick Cloak","Cephaliarch's Flail","Pragmatic Fatecarver","Flames of Oblivion","Banner Bearer","Soul Harvest"
"Sanity's Edge","Trash Builds","https://www.esologs.com/reports/FCJdQ8bZRvBxcKtL#fight=112&type=summary&source=9","@GlitterIII","Sneaky Glitter","ardent-ass-herald-deadly-strike-perfected-sul-xans-torment","dps","Ardent","Ass","Herald","Deadly Strike","Perfected Sul-Xan's Torment","85910.6","14329.3","58.5","85910.6 DPS","","Kra'gh Guise (Kra'gh)","Deadly Jack (Deadly Strike)","Perfected Arm Cops of Sul-Xan's Torment (Perfected Sul-Xan's Torment)","Deadly Bracers (Deadly Strike)","","Deadly Guards (Deadly Strike)","Deadly Boots (Deadly Strike)","","Perfected Ring of Sul-Xan's Torment (Perfected Sul-Xan's Torment)","Perfected Ring of Sul-Xan's Torment (Perfected Sul-Xan's Torment)","Perfected Dagger of Sul-Xan's Torment (Perfected Sul-Xan's Torment)","Perfected Dagger of Sul-Xan's Torment (Perfected Sul-Xan's Torment)","The Maelstrom's Perfected Inferno Staff (Perfected Crushing Wall)"," ()","Cephaliarch's Flail","Pragmatic Fatecarver","Quick Cloak","Whirling Blades","Merciless Resolve","Soul Harvest","Anti-Cavalry Caltrops","Elemental Blockade","Flames of Oblivion","Inspired Scholarship","Reaper's Mark","Elemental Rage"
"Sanity's Edge","Trash Builds","https://www.esologs.com/reports/FCJdQ8bZRvBxcKtL#fight=112&type=summary&source=9","@DIVI002","Liest-jedes-Buch","ardent-ass-herald-deadly-strike-perfected-sul-xans-torment","dps","Ardent","Ass","Herald","Perfected Sul-Xan's Torment","Deadly Strike","100092.0","19588.1","28.5","100092.0 DPS","","Slimecraw Mask (Slimecraw)","Perfected Jack of Sul-Xan's Torment (Perfected Sul-Xan's Torment)","Deadly Arm Cops (Deadly Strike)","Perfected Bracers of Sul-Xan's Torment (Perfected Sul-Xan's Torment)","","Perfected Guards of Sul-Xan's Torment (Perfected Sul-Xan's Torment)","Perfected Boots of Sul-Xan's Torment (Perfected Sul-Xan's Torment)","","Deadly Ring (Deadly Strike)","Deadly Ring (Deadly Strike)","Deadly Dagger (Deadly Strike)","Deadly Dagger (Deadly Strike)","The Maelstrom's Perfected Inferno Staff (Perfected Crushing Wall)"," ()","Quick Cloak","Camouflaged Hunter","Cephaliarch's Flail","Pragmatic Fatecarver","Relentless Focus","Soul Harvest","Elemental Blockade","Molten Whip","Inspired Scholarship","Flames of Oblivion","Camouflaged Hunter","The Languid Eye"
"Sanity's Edge","Trash Builds","https://www.esologs.com/reports/FCJdQ8bZRvBxcKtL#fight=112&type=summary&source=9","@DIVI002","Liest-jedes-Buch","ardent-ass-herald-deadly-strike-perfected-sul-xans-torment","dps","Ardent","Ass","Herald","Perfected Sul-Xan's Torment","Deadly Strike","66008.1","4553.3","29.6","66008.1 DPS","","Slimecraw Mask (Slimecraw)","Perfected Jack of Sul-Xan's Torment (Perfected Sul-Xan's Torment)","Deadly Arm Cops (Deadly Strike)","Perfected Bracers of Sul-Xan's Torment (Perfected Sul-Xan's Torment)","","Perfected Guards of Sul-Xan's Torment (Perfected Sul-Xan's Torment)","Perfected Boots of Sul-Xan's Torment (Perfected Sul-Xan's Torment)","","Deadly Ring (Deadly Strike)","Deadly Ring (Deadly Strike)","Deadly Dagger (Deadly Strike)","Deadly Dagger (Deadly Strike)","The Maelstrom's Perfected Inferno Staff (Perfected Crushing Wall)"," ()","Quick Cloak","Camouflaged Hunter","Cephaliarch's Flail","Pragmatic Fatecarver","Relentless Focus","Soul Harvest","Elemental Blockade","Molten Whip","Inspired Scholarship","Flames of Oblivion","Camouflaged Hunter","The Languid Eye"
"Sanity's Edge","Trash Builds","https://www.esologs.com/reports/B6XhtYNvDH7WQgFa#fight=48&type=summary&source=6","@GL0O","ohgloo","ardent-ass-herald-deadly-strike-perfected-ansuuls-torment","dps","Ardent","Ass","Herald","Deadly Strike","Perfected Ansuul's Torment","119959.9","5882.1","28.8","119959.9 DPS","","Deadly Helmet (Deadly Strike)","Ansuul's Perfected Jack (Perfected Ansuul's Torment)","Slimecraw Epaulets (Slimecraw)","Ansuul's Perfected Bracers (Perfected Ansuul's Torment)","","Ansuul's Perfected Guards (Perfected Ansuul's Torment)","Ansuul's Perfected Boots (Perfected Ansuul's Torment)","","Deadly Ring (Deadly Strike)","Deadly Ring (Deadly Strike)","Deadly Dagger (Deadly Strike)","Deadly Dagger (Deadly Strike)","The Maelstrom's Perfected Inferno Staff (Perfected Crushing Wall)"," ()","Cephaliarch's Flail","Quick Cloak","Barbed Trap","Camouflaged Hunter","Pragmatic Fatecarver","Incapacitating Strike","Elemental Blockade","Proximity Detonation","Flames of Oblivion","Magical Trample","Inspired Scholarship","Elemental Rage"
"Sanity's Edge","Trash Builds","https://www.esologs.com/reports/B6XhtYNvDH7WQgFa#fight=48&type=summary&source=8","@BlackRose888999","Tátsumi","ardent-ass-herald-deadly-strike-perfected-ansuuls-torment","dps","Ardent","Ass","Herald","Deadly Strike","Perfected Ansuul's Torment","151053.9","4725.9","33.0","151053.9 DPS","","Deadly Helmet (Deadly Strike)","Ansuul's Perfected Jack (Perfected Ansuul's Torment)","Slimecraw Arm Cops (Slimecraw)","Ansuul's Perfected Bracers (Perfected Ansuul's Torment)","","Ansuul's Perfected Guards (Perfected Ansuul's Torment)","Ansuul's Perfected Boots (Perfected Ansuul's Torment)","","Deadly Ring (Deadly Strike)","Deadly Ring (Deadly Strike)","Deadly Dagger (Deadly Strike)","Deadly Dagger (Deadly Strike)","The Maelstrom's Inferno Staff (Crushing Wall)"," ()","Quick Cloak","Camouflaged Hunter","Cephaliarch's Flail","Killer's Blade","Pragmatic Fatecarver","Soul Harvest","Elemental Blockade","Inspired Scholarship","Flames of Oblivion","Proximity Detonation","Anti-Cavalry Caltrops","Elemental Rage"
"Sanity's Edge","Trash Builds","https://www.esologs.com/reports/B6XhtYNvDH7WQgFa#fight=48&type=summary&source=6","@GL0O","ohgloo","ardent-ass-herald-deadly-strike-perfected-ansuuls-torment","dps","Ardent","Ass","Herald","Deadly Strike","Perfected Ansuul's Torment","29778.8","5500.9","31.2","29778.8 DPS","","Deadly Helmet (Deadly Strike)","Ansuul's Perfected Jack (Perfected Ansuul's Torment)","Slimecraw Epaulets (Slimecraw)","Ansuul's Perfected Bracers (Perfected Ansuul's Torment)","","Ansuul's Perfected Guards (Perfected Ansuul's Torment)","Ansuul's Perfected Boots (Perfected Ansuul's Torment)","","Deadly Ring (Deadly Strike)","Deadly Ring (Deadly Strike)","Deadly Dagger (Deadly Strike)","Deadly Dagger (Deadly Strike)","The Maelstrom's Perfected Inferno Staff (Perfected Crushing Wall)"," ()","Cephaliarch's Flail","Quick Cloak","Barbed Trap","Camouflaged Hunter","Pragmatic Fatecarver","Incapacitating Strike","Elemental Blockade","Proximity Detonation","Flames of Oblivion","Magical Trample","Inspired Scholarship","Elemental Rage"
"Sanity's Edge","Trash Builds","https://www.esologs.com/reports/B6XhtYNvDH7WQgFa#fight=48&type=summary&source=8","@BlackRose888999","Tátsumi","ardent-ass-herald-deadly-strike-perfected-ansuuls-torment","dps","Ardent","Ass","Herald","Deadly Strike","Perfected Ansuul's Torment","96730.0","4110.2","31.2","96730.0 DPS","","Deadly Helmet (Deadly Strike)","Ansuul's Perfected Jack (Perfected Ansuul's Torment)","Slimecraw Arm Cops (Slimecraw)","Ansuul's Perfected Bracers (Perfected Ansuul's Torment)","","Ansuul's Perfected Guards (Perfected Ansuul's Torment)","Ansuul's Perfected Boots (Perfected Ansuul's Torment)","","Deadly Ring (Deadly Strike)","Deadly Ring (Deadly Strike)","Deadly Dagger (Deadly Strike)","Deadly Dagger (Deadly Strike)","The Maelstrom's Inferno Staff (Crushing Wall)"," ()","Quick Cloak","Camouflaged Hunter","Cephaliarch's Flail","Killer's Blade","Pragmatic Fatecarver","Soul Harvest","Elemental Blockade","Inspired Scholarship","Flames of Oblivion","Proximity Detonation","Anti-Cavalry Caltrops","Elemental Rage"
"Sanity's Edge","Trash Builds","https://www.esologs.com/reports/B6XhtYNvDH7WQgFa#fight=48&type=summary&source=3","@sasserclubb","Ginger Tentacles","ardent-ass-herald-deadly-strike-perfected-ansuuls-torment","dps","Ardent","Ass","Herald","Deadly Strike","Perfected Ansuul's Torment","180691.4","4951.2","39.8","180691.4 DPS","The Thief","Deadly Helmet (Deadly Strike)","Ansuul's Perfected Jack (Perfected Ansuul's Torment)","Slimecraw Epaulets (Slimecraw)","Ansuul's Perfected Bracers (Perfected Ansuul's Torment)","","Ansuul's Perfected Guards (Perfected Ansuul's Torment)","Ansuul's Perfected Boots (Perfected Ansuul's Torment)","","Deadly Ring (Deadly Strike)","Deadly Ring (Deadly Strike)","Deadly Dagger (Deadly Strike)","Deadly Dagger (Deadly Strike)","The Maelstrom's Perfected Inferno Staff (Perfected Crushing Wall)"," ()","Cephaliarch's Flail","Flames of Oblivion","Pragmatic Fatecarver","Ring of Preservation","Camouflaged Hunter","Soul Harvest","Elemental Blockade","Anti-Cavalry Caltrops","Proximity Detonation","Inspired Scholarship","Molten Whip","The Languid Eye"
"Sanity's Edge","Trash Builds","https://www.esologs.com/reports/B6XhtYNvDH7WQgFa#fight=48&type=summary&source=16","@Gadget_Hazard","Elandril the Fateseeker","ardent-ass-herald-deadly-strike-perfected-ansuuls-torment","dps","Ardent","Ass","Herald","Perfected Ansuul's Torment","Deadly Strike","176988.0","4358.4","44.8","176988.0 DPS","","Slimecraw Guise (Slimecraw)","Ansuul's Perfected Jack (Perfected Ansuul's Torment)","Deadly Arm Cops (Deadly Strike)","Deadly Bracers (Deadly Strike)","","Deadly Guards (Deadly Strike)","Ansuul's Perfected Boots (Perfected Ansuul's Torment)","","Ansuul's Perfected Ring (Perfected Ansuul's Torment)","Ansuul's Perfected Ring (Perfected Ansuul's Torment)","Deadly Lightning Staff (Deadly Strike)"," ()","The Maelstrom's Perfected Inferno Staff (Perfected Crushing Wall)"," ()","Barbed Trap","Pragmatic Fatecarver","Cephaliarch's Flail","Camouflaged Hunter","Impale","Soul Harvest","Elemental Blockade","Flames of Oblivion","Inspired Scholarship","Anti-Cavalry Caltrops","Molten Whip","The Languid Eye"
"Sanity's Edge","Trash Builds","https://www.esologs.com/reports/B6XhtYNvDH7WQgFa#fight=48&type=summary&source=3","@sasserclubb","Ginger Tentacles","ardent-ass-herald-deadly-strike-perfected-ansuuls-torment","dps","Ardent","Ass","Herald","Deadly Strike","Perfected Ansuul's Torment","79513.9","12594.6","42.5","79513.9 DPS","","Deadly Helmet (Deadly Strike)","Ansuul's Perfected Jack (Perfected Ansuul's Torment)","Slimecraw Epaulets (Slimecraw)","Ansuul's Perfected Bracers (Perfected Ansuul's Torment)","","Ansuul's Perfected Guards (Perfected Ansuul's Torment)","Ansuul's Perfected Boots (Perfected Ansuul's Torment)","","Deadly Ring (Deadly Strike)","Deadly Ring (Deadly Strike)","Deadly Dagger (Deadly Strike)","Deadly Dagger (Deadly Strike)","The Maelstrom's Perfected Inferno Staff (Perfected Crushing Wall)"," ()","Cephaliarch's Flail","Flames of Oblivion","Pragmatic Fatecarver","Ring of Preservation","Camouflaged Hunter","Soul Harvest","Elemental Blockade","Anti-Cavalry Caltrops","Proximity Detonation","Inspired Scholarship","Molten Whip","The Languid Eye"
"Sanity's Edge","Trash Builds","https://www.esologs.com/reports/B6XhtYNvDH7WQgFa#fight=48&type=summary&source=16","@Gadget_Hazard","Elandril the Fateseeker","ardent-ass-herald-deadly-strike-perfected-ansuuls-torment","dps","Ardent","Ass","Herald","Perfected Ansuul's Torment","Deadly Strike","82470.7","5775.6","34.6","82470.7 DPS","","Slimecraw Guise (Slimecraw)","Ansuul's Perfected Jack (Perfected Ansuul's Torment)","Deadly Arm Cops (Deadly Strike)","Deadly Bracers (Deadly Strike)","","Deadly Guards (Deadly Strike)","Ansuul's Perfected Boots (Perfected Ansuul's Torment)","","Ansuul's Perfected Ring (Perfected Ansuul's Torment)","Ansuul's Perfected Ring (Perfected Ansuul's Torment)","Deadly Lightning Staff (Deadly Strike)"," ()","The Maelstrom's Perfected Inferno Staff (Perfected Crushing Wall)"," ()","Barbed Trap","Pragmatic Fatecarver","Cephaliarch's Flail","Camouflaged Hunter","Impale","Soul Harvest","Elemental Blockade","Flames of Oblivion","Inspired Scholarship","Anti-Cavalry Caltrops","Molten Whip","The Languid Eye"
"Sanity's Edge","Trash Builds","https://www.esologs.com/reports/FCJdQ8bZRvBxcKtL#fight=112&type=summary&source=9","@porang","sweet soul eater","ardent-ass-grave-perfected-sul-xans-torment-roar-of-alkosh","dps","Ardent","Ass","Grave","Roar of Alkosh","Perfected Sul-Xan's Torment","225662.9","66038.7","81.3","225662.9 DPS","The Thief","Slimecraw Guise (Slimecraw)","Jack of Alkosh (Roar of Alkosh)","Perfected Arm Cops of Sul-Xan's Torment (Perfected Sul-Xan's Torment)","Bracers of Alkosh (Roar of Alkosh)","","Guards of Alkosh (Roar of Alkosh)","Boots of Alkosh (Roar of Alkosh)","","Perfected Ring of Sul-Xan's Torment (Perfected Sul-Xan's Torment)","Perfected Ring of Sul-Xan's Torment (Perfected Sul-Xan's Torment)","Perfected Dagger of Sul-Xan's Torment (Perfected Sul-Xan's Torment)","Perfected Dagger of Sul-Xan's Torment (Perfected Sul-Xan's Torment)","The Maelstrom's Perfected Inferno Staff (Perfected Crushing Wall)"," ()","Camouflaged Hunter","Mystic Siphon","Blighted Blastbones","Whirling Blades","Deadly Cloak","Soul Harvest","Mystic Orb","Elemental Blockade","Flames of Oblivion","Anti-Cavalry Caltrops","Sundering Trample","Glacial Colossus"
"Sanity's Edge","Trash Builds","https://www.esologs.com/reports/FCJdQ8bZRvBxcKtL#fight=112&type=summary&source=9","@porang","sweet soul eater","ardent-ass-grave-perfected-sul-xans-torment-roar-of-alkosh","dps","Ardent","Ass","Grave","Roar of Alkosh","Perfected Sul-Xan's Torment","101578.5","9373.3","78.3","101578.5 DPS","","Slimecraw Guise (Slimecraw)","Jack of Alkosh (Roar of Alkosh)","Perfected Arm Cops of Sul-Xan's Torment (Perfected Sul-Xan's Torment)","Bracers of Alkosh (Roar of Alkosh)","","Guards of Alkosh (Roar of Alkosh)","Boots of Alkosh (Roar of Alkosh)","","Perfected Ring of Sul-Xan's Torment (Perfected Sul-Xan's Torment)","Perfected Ring of Sul-Xan's Torment (Perfected Sul-Xan's Torment)","Perfected Dagger of Sul-Xan's Torment (Perfected Sul-Xan's Torment)","Perfected Dagger of Sul-Xan's Torment (Perfected Sul-Xan's Torment)","The Maelstrom's Perfected Inferno Staff (Perfected Crushing Wall)"," ()","Camouflaged Hunter","Mystic Siphon","Blighted Blastbones","Whirling Blades","Deadly Cloak","Soul Harvest","Mystic Orb","Elemental Blockade","Flames of Oblivion","Anti-Cavalry Caltrops","Sundering Trample","Glacial Colossus"
"Sanity's Edge","Trash Builds","https://www.esologs.com/reports/FCJdQ8bZRvBxcKtL#fight=112&type=summary&source=149","@xpxJp1875","Whip Your Hair Backnforth","ardent-ass-grave-perfected-sul-xans-torment-roar-of-alkosh","dps","Ardent","Ass","Grave","Roar of Alkosh","Perfected Sul-Xan's Torment","77141.6","10019.4","51.1","77141.6 DPS","","Slimecraw Mask (Slimecraw)","Jack of Alkosh (Roar of Alkosh)","Arm Cops of Alkosh (Roar of Alkosh)","Bracers of Alkosh (Roar of Alkosh)","","Guards of Alkosh (Roar of Alkosh)","Boots of Alkosh (Roar of Alkosh)","","Perfected Ring of Sul-Xan's Torment (Perfected Sul-Xan's Torment)","Perfected Ring of Sul-Xan's Torment (Perfected Sul-Xan's Torment)","Perfected Dagger of Sul-Xan's Torment (Perfected Sul-Xan's Torment)","Perfected Dagger of Sul-Xan's Torment (Perfected Sul-Xan's Torment)","The Maelstrom's Perfected Greatsword (Perfected Merciless Charge)"," ()","Whirling Blades","Shattering Knife","Relentless Focus","Detonating Siphon","Camouflaged Hunter","Incapacitating Strike","Stampede","Flames of Oblivion","Proximity Detonation","Blighted Blastbones","Unnerving Boneyard","Incapacitating Strike"
"Sanity's Edge","Trash Builds","https://www.esologs.com/reports/FCJdQ8bZRvBxcKtL#fight=112&type=summary&source=3","@Sazane","Dies-In-Trash","ardent-ass-grave-perfected-sul-xans-torment-roar-of-alkosh","dps","Ardent","Ass","Grave","Roar of Alkosh","Perfected Sul-Xan's Torment","159034.8","37645.1","64.4","159034.8 DPS","","Slimecraw Mask (Slimecraw)","Jack of Alkosh (Roar of Alkosh)","Perfected Arm Cops of Sul-Xan's Torment (Perfected Sul-Xan's Torment)","Bracers of Alkosh (Roar of Alkosh)","","Guards of Alkosh (Roar of Alkosh)","Boots of Alkosh (Roar of Alkosh)","","Perfected Ring of Sul-Xan's Torment (Perfected Sul-Xan's Torment)","Perfected Ring of Sul-Xan's Torment (Perfected Sul-Xan's Torment)","Perfected Dagger of Sul-Xan's Torment (Perfected Sul-Xan's Torment)","Perfected Dagger of Sul-Xan's Torment (Perfected Sul-Xan's Torment)","The Maelstrom's Perfected Inferno Staff (Perfected Crushing Wall)"," ()","Whirling Blades","Sundering Trample","Relentless Focus","Detonating Siphon","Deadly Cloak","Incapacitating Strike","Elemental Blockade","Proximity Detonation","Magical Burst","Blighted Blastbones","Flames of Oblivion","Glacial Colossus"
"Sanity's Edge","Trash Builds","https://www.esologs.com/reports/FCJdQ8bZRvBxcKtL#fight=112&type=summary&source=3","@Sazane","Dies-In-Trash","ardent-ass-grave-perfected-sul-xans-torment-roar-of-alkosh","dps","Ardent","Ass","Grave","Roar of Alkosh","Perfected Sul-Xan's Torment","92515.3","14088.4","57.5","92515.3 DPS","","Slimecraw Mask (Slimecraw)","Jack of Alkosh (Roar of Alkosh)","Perfected Arm Cops of Sul-Xan's Torment (Perfected Sul-Xan's Torment)","Bracers of Alkosh (Roar of Alkosh)","","Guards of Alkosh (Roar of Alkosh)","Boots of Alkosh (Roar of Alkosh)","","Perfected Ring of Sul-Xan's Torment (Perfected Sul-Xan's Torment)","Perfected Ring of Sul-Xan's Torment (Perfected Sul-Xan's Torment)","Perfected Dagger of Sul-Xan's Torment (Perfected Sul-Xan's Torment)","Perfected Dagger of Sul-Xan's Torment (Perfected Sul-Xan's Torment)","The Maelstrom's Perfected Inferno Staff (Perfected Crushing Wall)"," ()","Whirling Blades","Sundering Trample","Relentless Focus","Detonating Siphon","Deadly Cloak","Incapacitating Strike","Elemental Blockade","Proximity Detonation","Magical Burst","Blighted Blastbones","Flames of Oblivion","Glacial Colossus"
"Sanity's Edge","Trash Builds","https://www.esologs.com/reports/FCJdQ8bZRvBxcKtL#fight=112&type=summary&source=6","@Rpsnyder","Zen Kosh Prisoner","ardent-ass-grave-perfected-sul-xans-torment-roar-of-alkosh","dps","Ardent","Ass","Grave","Roar of Alkosh","Perfected Sul-Xan's Torment","150836.0","1548.4","66.6","150836.0 DPS","","Slimecraw Mask (Slimecraw)","Jack of Alkosh (Roar of Alkosh)","Arm Cops of Alkosh (Roar of Alkosh)","Bracers of Alkosh (Roar of Alkosh)","","Perfected Guards of Sul-Xan's Torment (Perfected Sul-Xan's Torment)","Boots of Alkosh (Roar of Alkosh)","","Perfected Ring of Sul-Xan's Torment (Perfected Sul-Xan's Torment)","Perfected Ring of Sul-Xan's Torment (Perfected Sul-Xan's Torment)","Perfected Dagger of Sul-Xan's Torment (Perfected Sul-Xan's Torment)","Perfected Dagger of Sul-Xan's Torment (Perfected Sul-Xan's Torment)","The Maelstrom's Inferno Staff (Crushing Wall)"," ()","Shattering Knife (Assassin's Misery / Berserk)","Detonating Siphon","Whirling Blades","Camouflaged Hunter","Relentless Focus","Incapacitating Strike","Blockade of Fire","Blighted Blastbones","Avid Boneyard","Flames of Oblivion","Proximity Detonation","Glacial Colossus"
"Sanity's Edge","Trash Builds","https://www.esologs.com/reports/FCJdQ8bZRvBxcKtL#fight=112&type=summary&source=6","@Rpsnyder","Zen Kosh Prisoner","ardent-ass-grave-perfected-sul-xans-torment-roar-of-alkosh","dps","Ardent","Ass","Grave","Roar of Alkosh","Perfected Sul-Xan's Torment","37407.9","845.3","26.1","37407.9 DPS","","Slimecraw Mask (Slimecraw)","Jack of Alkosh (Roar of Alkosh)","Arm Cops of Alkosh (Roar of Alkosh)","Bracers of Alkosh (Roar of Alkosh)","","Perfected Guards of Sul-Xan's Torment (Perfected Sul-Xan's Torment)","Boots of Alkosh (Roar of Alkosh)","","Perfected Ring of Sul-Xan's Torment (Perfected Sul-Xan's Torment)","Perfected Ring of Sul-Xan's Torment (Perfected Sul-Xan's Torment)","Perfected Dagger of Sul-Xan's Torment (Perfected Sul-Xan's Torment)","Perfected Dagger of Sul-Xan's Torment (Perfected Sul-Xan's Torment)","The Maelstrom's Inferno Staff (Crushing Wall)"," ()","Shattering Knife (Assassin's Misery / Berserk)","Detonating Siphon","Whirling Blades","Camouflaged Hunter","Relentless Focus","Incapacitating Strike","Blockade of Fire","Blighted Blastbones","Avid Boneyard","Flames of Oblivion","Proximity Detonation","Elemental Rage"
"Sanity's Edge","Trash Builds","https://www.esologs.com/reports/D4PgdwaFhcjNzytq#fight=110&type=summary&source=144","@Ginga453","Gingers On Top","ass-herald-x-deadly-strike-perfected-sul-xans-torment","dps","Ass","Herald","x","Deadly Strike","Perfected Sul-Xan's Torment","110530.7","4841.0","33.1","110530.7 DPS","","Deadly Helmet (Deadly Strike)","Perfected Jack of Sul-Xan's Torment (Perfected Sul-Xan's Torment)","Slimecraw Epaulets (Slimecraw)","Perfected Bracers of Sul-Xan's Torment (Perfected Sul-Xan's Torment)","","Perfected Guards of Sul-Xan's Torment (Perfected Sul-Xan's Torment)","Perfected Boots of Sul-Xan's Torment (Perfected Sul-Xan's Torment)","","Deadly Ring (Deadly Strike)","Deadly Ring (Deadly Strike)","Deadly Dagger (Deadly Strike)","Deadly Dagger (Deadly Strike)","The Maelstrom's Inferno Staff (Crushing Wall)"," ()","Whirling Blades","Camouflaged Hunter","Quick Cloak","Cephaliarch's Flail","Pragmatic Fatecarver","Incapacitating Strike","Elemental Blockade","Proximity Detonation","Inspired Scholarship","Ulfsild's Contingency","Sundering Trample","Elemental Rage"
"Sanity's Edge","Trash Builds","https://www.esologs.com/reports/D4PgdwaFhcjNzytq#fight=110&type=summary&source=144","@Ginga453","Gingers On Top","ass-herald-x-deadly-strike-perfected-sul-xans-torment","dps","Ass","Herald","x","Deadly Strike","Perfected Sul-Xan's Torment","150477.4","5026.5","35.8","150477.4 DPS","The Thief","Deadly Helmet (Deadly Strike)","Perfected Jack of Sul-Xan's Torment (Perfected Sul-Xan's Torment)","Slimecraw Epaulets (Slimecraw)","Perfected Bracers of Sul-Xan's Torment (Perfected Sul-Xan's Torment)","","Perfected Guards of Sul-Xan's Torment (Perfected Sul-Xan's Torment)","Perfected Boots of Sul-Xan's Torment (Perfected Sul-Xan's Torment)","","Deadly Ring (Deadly Strike)","Deadly Ring (Deadly Strike)","Deadly Dagger (Deadly Strike)","Deadly Dagger (Deadly Strike)","The Maelstrom's Inferno Staff (Crushing Wall)"," ()","Whirling Blades","Camouflaged Hunter","Quick Cloak","Cephaliarch's Flail","Pragmatic Fatecarver","Incapacitating Strike","Elemental Blockade","Proximity Detonation","Inspired Scholarship","Ulfsild's Contingency","Sundering Trample","Elemental Rage"
"Sanity's Edge","Trash Builds","https://www.esologs.com/reports/D4PgdwaFhcjNzytq#fight=110&type=summary&source=3","@SirBoost","Beam like Me","ass-herald-x-deadly-strike-perfected-sul-xans-torment","dps","Ass","Herald","x","Perfected Sul-Xan's Torment","Deadly Strike","141558.5","4910.1","52.9","141558.5 DPS","","Slimecraw Mask (Slimecraw)","Perfected Jack of Sul-Xan's Torment (Perfected Sul-Xan's Torment)","Deadly Arm Cops (Deadly Strike)","Perfected Bracers of Sul-Xan's Torment (Perfected Sul-Xan's Torment)","","Perfected Guards of Sul-Xan's Torment (Perfected Sul-Xan's Torment)","Deadly Boots (Deadly Strike)","","Perfected Ring of Sul-Xan's Torment (Perfected Sul-Xan's Torment)","Perfected Ring of Sul-Xan's Torment (Perfected Sul-Xan's Torment)","Deadly Dagger (Deadly Strike)","Deadly Dagger (Deadly Strike)","The Maelstrom's Inferno Staff (Crushing Wall)"," ()","Pragmatic Fatecarver","Cephaliarch's Flail","Quick Cloak","Camouflaged Hunter","Banner Bearer","Soul Harvest","Sundering Trample","Elemental Blockade","Inspired Scholarship","Concealed Weapon","Banner Bearer","The Languid Eye"
"Sanity's Edge","Trash Builds","https://www.esologs.com/reports/D4PgdwaFhcjNzytq#fight=110&type=summary&source=7","@MagiiC_One","Jeánne d Arc","ass-herald-x-deadly-strike-perfected-sul-xans-torment","dps","Ass","Herald","x","Perfected Sul-Xan's Torment","Deadly Strike","127040.4","5685.6","28.5","127040.4 DPS","","Slimecraw Guise (Slimecraw)","Perfected Jack of Sul-Xan's Torment (Perfected Sul-Xan's Torment)","Deadly Arm Cops (Deadly Strike)","Perfected Bracers of Sul-Xan's Torment (Perfected Sul-Xan's Torment)","","Perfected Guards of Sul-Xan's Torment (Perfected Sul-Xan's Torment)","Perfected Boots of Sul-Xan's Torment (Perfected Sul-Xan's Torment)","","Deadly Ring (Deadly Strike)","Deadly Ring (Deadly Strike)","Deadly Dagger (Deadly Strike)","Deadly Dagger (Deadly Strike)","The Maelstrom's Perfected Inferno Staff (Perfected Crushing Wall)"," ()","Quick Cloak","Banner Bearer","Camouflaged Hunter","Cephaliarch's Flail","Pragmatic Fatecarver","Soul Harvest","Anti-Cavalry Caltrops","Banner Bearer","Inspired Scholarship","Elemental Blockade","Relentless Focus","The Languid Eye"
"Sanity's Edge","Trash Builds","https://www.esologs.com/reports/D4PgdwaFhcjNzytq#fight=110&type=summary&source=3","@SirBoost","Beam like Me","ass-herald-x-deadly-strike-perfected-sul-xans-torment","dps","Ass","Herald","x","Perfected Sul-Xan's Torment","Deadly Strike","80545.6","10495.6","34.2","80545.6 DPS","","Slimecraw Mask (Slimecraw)","Perfected Jack of Sul-Xan's Torment (Perfected Sul-Xan's Torment)","Deadly Arm Cops (Deadly Strike)","Perfected Bracers of Sul-Xan's Torment (Perfected Sul-Xan's Torment)","","Perfected Guards of Sul-Xan's Torment (Perfected Sul-Xan's Torment)","Deadly Boots (Deadly Strike)","","Perfected Ring of Sul-Xan's Torment (Perfected Sul-Xan's Torment)","Perfected Ring of Sul-Xan's Torment (Perfected Sul-Xan's Torment)","Deadly Dagger (Deadly Strike)","Deadly Dagger (Deadly Strike)","The Maelstrom's Inferno Staff (Crushing Wall)"," ()","Pragmatic Fatecarver","Cephaliarch's Flail","Quick Cloak","Camouflaged Hunter","Banner Bearer","Soul Harvest","Sundering Trample","Elemental Blockade","Inspired Scholarship","Concealed Weapon","Banner Bearer","The Languid Eye"
"Sanity's Edge","Trash Builds","https://www.esologs.com/reports/D4PgdwaFhcjNzytq#fight=110&type=summary&source=7","@MagiiC_One","Jeánne d Arc","ass-herald-x-deadly-strike-perfected-sul-xans-torment","dps","Ass","Herald","x","Perfected Sul-Xan's Torment","Deadly Strike","64897.3","4937.5","45.6","64897.3 DPS","","Slimecraw Guise (Slimecraw)","Perfected Jack of Sul-Xan's Torment (Perfected Sul-Xan's Torment)","Deadly Arm Cops (Deadly Strike)","Perfected Bracers of Sul-Xan's Torment (Perfected Sul-Xan's Torment)","","Perfected Guards of Sul-Xan's Torment (Perfected Sul-Xan's Torment)","Perfected Boots of Sul-Xan's Torment (Perfected Sul-Xan's Torment)","","Deadly Ring (Deadly Strike)","Deadly Ring (Deadly Strike)","Deadly Dagger (Deadly Strike)","Deadly Dagger (Deadly Strike)","The Maelstrom's Perfected Inferno Staff (Perfected Crushing Wall)"," ()","Quick Cloak","Banner Bearer","Camouflaged Hunter","Cephaliarch's Flail","Pragmatic Fatecarver","Soul Harvest","Anti-Cavalry Caltrops","Banner Bearer","Inspired Scholarship","Elemental Blockade","Relentless Focus","The Languid Eye"
