"Trial Name","Boss Name","ESO Logs Player Link","Player Handle","Character Name","Build Slug","Role","Subclass 1","Subclass 2","Subclass 3","Signature Set 1","Signature Set 2","DPS","HPS","CPM","Primary Metric","Mundus Stone","Gear: Head","Gear: Chest","Gear: Shoulders","Gear: Hands","Gear: Waist","Gear: Legs","Gear: Feet","Gear: Necklace","Gear: Ring1","Gear: Ring2","Gear: Main_Hand","Gear: Off_Hand","Gear: Backup_Main_Hand","Gear: Backup_Off_Hand","Bar 1 Ability 1","Bar 1 Ability 2","Bar 1 Ability 3","Bar 1 Ability 4","Bar 1 Ability 5","Bar 1 Ability 6","Bar 2 Ability 1","Bar 2 Ability 2","Bar 2 Ability 3","Bar 2 Ability 4","Bar 2 Ability 5","Bar 2 Ability 6"
"Sunspire","Lokkestiiz","https://www.esologs.com/reports/PpLBCgJ8zKqDhFfb#fight=10&type=summary&source=100","@bleakirl","Warfaerin","ardent-herald-spear-deadly-strike-perfected-slivers-of-the-null-arca","dps","Ardent","Spear","Herald","Deadly Strike","Perfected Slivers of the Null Arca","106497.3","2266.7","37.9","106497.3 DPS","","Deadly Helmet (Deadly Strike)","Perfected Null Arca Jack (Perfected Slivers of the Null Arca)","Slimecraw Epaulets (Slimecraw)","Perfected Null Arca Bracers (Perfected Slivers of the Null Arca)","","Perfected Null Arca Guards (Perfected Slivers of the Null Arca)","Perfected Null Arca Boots (Perfected Slivers of the Null Arca)","","Deadly Ring (Deadly Strike)","Deadly Ring (Deadly Strike)","Deadly Dagger (Deadly Strike)","Deadly Dagger (Deadly Strike)","The Maelstrom's Perfected Greatsword (Perfected Merciless Charge)"," ()","Cephaliarch's Flail","Quick Cloak","Flames of Oblivion","Pragmatic Fatecarver","Camouflaged Hunter","Crescent Sweep","Stampede","Inspired Scholarship","Fulminating Rune","Venomous Claw","Molten Whip","Standard of Might"
"Sunspire","Lokkestiiz","https://www.esologs.com/reports/PpLBCgJ8zKqDhFfb#fight=10&type=summary&source=5","@Rymorc","Hold my beam","ardent-herald-spear-deadly-strike-perfected-slivers-of-the-null-arca","dps","Ardent","Spear","Herald","Perfected Slivers of the Null Arca","Deadly Strike","82690.8","4366.1","29.1","82690.8 DPS","","Slimecraw Mask (Slimecraw)","Perfected Null Arca Jack (Perfected Slivers of the Null Arca)","Perfected Null Arca Arm Cops (Perfected Slivers of the Null Arca)","Deadly Bracers (Deadly Strike)","","Deadly Guards (Deadly Strike)","Deadly Boots (Deadly Strike)","","Deadly Ring (Deadly Strike)","Deadly Ring (Deadly Strike)","Perfected Null Arca Dagger (Perfected Slivers of the Null Arca)","Perfected Null Arca Dagger (Perfected Slivers of the Null Arca)","The Maelstrom's Perfected Greatsword (Perfected Merciless Charge)"," ()","Cephaliarch's Flail","Pragmatic Fatecarver","Venomous Claw","Quick Cloak","Banner Bearer","Crescent Sweep","Molten Whip","Inspired Scholarship","Flames of Oblivion","Stampede","Banner Bearer","Standard of Might"
"Sunspire","Lokkestiiz","https://www.esologs.com/reports/PpLBCgJ8zKqDhFfb#fight=10&type=summary&source=12","@FzFrost","Syndra Melaina","ardent-herald-spear-deadly-strike-perfected-slivers-of-the-null-arca","dps","Ardent","Spear","Herald","Perfected Slivers of the Null Arca","Deadly Strike","121054.4","6035.1","31.8","121054.4 DPS","","Slimecraw Guise (Slimecraw)","Perfected Null Arca Jack (Perfected Slivers of the Null Arca)","Deadly Arm Cops (Deadly Strike)","Perfected Null Arca Bracers (Perfected Slivers of the Null Arca)","","Perfected Null Arca Guards (Perfected Slivers of the Null Arca)","Perfected Null Arca Boots (Perfected Slivers of the Null Arca)","","Deadly Ring (Deadly Strike)","Deadly Ring (Deadly Strike)","Deadly Dagger (Deadly Strike)","Deadly Dagger (Deadly Strike)","The Maelstrom's Perfected Greatsword (Perfected Merciless Charge)"," ()","Cephaliarch's Flail","Exhausting Fatecarver","Quick Cloak","Blazing Spear","Barbed Trap","Flawless Dawnbreaker","Stampede","Inspired Scholarship","Flames of Oblivion","Sundering Trample","Molten Whip","Standard of Might"
"Sunspire","Lokkestiiz","https://www.esologs.com/reports/PpLBCgJ8zKqDhFfb#fight=10&type=summary&source=6","@Sweetiieh","Kattieh","ardent-herald-spear-deadly-strike-perfected-slivers-of-the-null-arca","dps","Ardent","Spear","Herald","Perfected Slivers of the Null Arca","Deadly Strike","102035.7","4865.3","24.9","102035.7 DPS","","Slimecraw Guise (Slimecraw)","Perfected Null Arca Jack (Perfected Slivers of the Null Arca)","Deadly Arm Cops (Deadly Strike)","Perfected Null Arca Bracers (Perfected Slivers of the Null Arca)","","Perfected Null Arca Guards (Perfected Slivers of the Null Arca)","Perfected Null Arca Boots (Perfected Slivers of the Null Arca)","","Deadly Ring (Deadly Strike)","Deadly Ring (Deadly Strike)","Deadly Dagger (Deadly Strike)","Deadly Dagger (Deadly Strike)","The Maelstrom's Perfected Inferno Staff (Perfected Crushing Wall)"," ()","Blazing Spear","Cephaliarch's Flail","Pragmatic Fatecarver","Quick Cloak","Venomous Claw","The Languid Eye","Engulfing Flames","Molten Whip","Elemental Blockade","Inspired Scholarship","Flames of Oblivion","Standard of Might"
"Sunspire","Lokkestiiz","https://www.esologs.com/reports/PpLBCgJ8zKqDhFfb#fight=10&type=summary&source=3","@Gurkmon","Goldener Raver","ardent-herald-spear-deadly-strike-perfected-slivers-of-the-null-arca","dps","Ardent","Spear","Herald","Perfected Slivers of the Null Arca","Deadly Strike","116203.5","7003.9","20.5","116203.5 DPS","","Slimecraw Guise (Slimecraw)","Perfected Null Arca Jack (Perfected Slivers of the Null Arca)","Deadly Arm Cops (Deadly Strike)","Perfected Null Arca Bracers (Perfected Slivers of the Null Arca)","","Perfected Null Arca Guards (Perfected Slivers of the Null Arca)","Perfected Null Arca Boots (Perfected Slivers of the Null Arca)","","Deadly Ring (Deadly Strike)","Deadly Ring (Deadly Strike)","Deadly Dagger (Deadly Strike)","Deadly Dagger (Deadly Strike)","The Maelstrom's Perfected Greatsword (Perfected Merciless Charge)"," ()","Cephaliarch's Flail","Pragmatic Fatecarver","Camouflaged Hunter","Quick Cloak","Banner Bearer","Crescent Sweep","Stampede","Flames of Oblivion","Molten Whip","Inspired Scholarship","Banner Bearer","The Languid Eye"
"Sunspire","Lokkestiiz","https://www.esologs.com/reports/PpLBCgJ8zKqDhFfb#fight=10&type=summary&source=35","@Comasaurus","Onlybeam","ardent-herald-spear-deadly-strike-perfected-slivers-of-the-null-arca","dps","Ardent","Spear","Herald","Perfected Slivers of the Null Arca","Deadly Strike","95041.5","4669.3","25.2","95041.5 DPS","","Slimecraw Guise (Slimecraw)","Perfected Null Arca Jack (Perfected Slivers of the Null Arca)","Perfected Null Arca Arm Cops (Perfected Slivers of the Null Arca)","Perfected Null Arca Bracers (Perfected Slivers of the Null Arca)","","Perfected Null Arca Guards (Perfected Slivers of the Null Arca)","Deadly Boots (Deadly Strike)","","Deadly Ring (Deadly Strike)","Deadly Ring (Deadly Strike)","The Maelstrom's Perfected Greatsword (Perfected Merciless Charge)"," ()","Deadly Dagger (Deadly Strike)","Deadly Dagger (Deadly Strike)","Stampede","Flames of Oblivion","Inspired Scholarship","Sundering Trample","Banner Bearer","Standard of Might","Cephaliarch's Flail","Fulminating Rune","Pragmatic Fatecarver","Quick Cloak","Banner Bearer","Crescent Sweep"
"Sunspire","Lokkestiiz","https://www.esologs.com/reports/PpLBCgJ8zKqDhFfb#fight=10&type=summary&source=13","@xAudina","Audinaa","ardent-herald-spear-deadly-strike-perfected-slivers-of-the-null-arca","dps","Ardent","Spear","Herald","Perfected Slivers of the Null Arca","Deadly Strike","92398.7","5529.6","27.8","92398.7 DPS","","Slimecraw Mask (Slimecraw)","Perfected Null Arca Jack (Perfected Slivers of the Null Arca)","Deadly Arm Cops (Deadly Strike)","Perfected Null Arca Bracers (Perfected Slivers of the Null Arca)","","Perfected Null Arca Guards (Perfected Slivers of the Null Arca)","Perfected Null Arca Boots (Perfected Slivers of the Null Arca)","","Deadly Ring (Deadly Strike)","Deadly Ring (Deadly Strike)","Deadly Dagger (Deadly Strike)","Deadly Dagger (Deadly Strike)","The Maelstrom's Perfected Greatsword (Perfected Merciless Charge)"," ()","Barbed Trap","Flames of Oblivion","Pragmatic Fatecarver","Cephaliarch's Flail","Quick Cloak","Crescent Sweep","Magical Trample","Venomous Claw","Stampede","Inspired Scholarship","Molten Whip","Standard of Might"
"Sunspire","Lokkestiiz","https://www.esologs.com/reports/PpLBCgJ8zKqDhFfb#fight=10&type=summary&source=37","@Adaventi","Viridis Pugnator","ardent-herald-spear-deadly-strike-perfected-slivers-of-the-null-arca","dps","Ardent","Spear","Herald","Perfected Slivers of the Null Arca","Deadly Strike","100967.5","4953.9","37.2","100967.5 DPS","","Slimecraw Mask (Slimecraw)","Perfected Null Arca Jack (Perfected Slivers of the Null Arca)","Deadly Arm Cops (Deadly Strike)","Perfected Null Arca Bracers (Perfected Slivers of the Null Arca)","","Perfected Null Arca Guards (Perfected Slivers of the Null Arca)","Perfected Null Arca Boots (Perfected Slivers of the Null Arca)","","Deadly Ring (Deadly Strike)","Deadly Ring (Deadly Strike)","Deadly Dagger (Deadly Strike)","Deadly Dagger (Deadly Strike)","The Maelstrom's Perfected Greatsword (Perfected Merciless Charge)"," ()","Camouflaged Hunter","Cephaliarch's Flail","Pragmatic Fatecarver","Quick Cloak","Fulminating Rune","Everlasting Sweep","Inspired Scholarship","Engulfing Flames","Flames of Oblivion","Stampede","Molten Whip","Standard of Might"
"Sunspire","Lokkestiiz","https://www.esologs.com/reports/PpLBCgJ8zKqDhFfb#fight=10&type=summary&source=7","@Comasaurus","Onlybeam","ardent-herald-spear-deadly-strike-perfected-slivers-of-the-null-arca","dps","Ardent","Spear","Herald","Perfected Slivers of the Null Arca","Deadly Strike","98695.6","3551.5","31.3","98695.6 DPS","","Slimecraw Guise (Slimecraw)","Perfected Null Arca Jack (Perfected Slivers of the Null Arca)","Perfected Null Arca Arm Cops (Perfected Slivers of the Null Arca)","Perfected Null Arca Bracers (Perfected Slivers of the Null Arca)","","Perfected Null Arca Guards (Perfected Slivers of the Null Arca)","Deadly Boots (Deadly Strike)","","Deadly Ring (Deadly Strike)","Deadly Ring (Deadly Strike)","The Maelstrom's Perfected Greatsword (Perfected Merciless Charge)"," ()","Deadly Dagger (Deadly Strike)","Deadly Dagger (Deadly Strike)","Stampede","Flames of Oblivion","Inspired Scholarship","Molten Whip","Shocking Banner (Cavalier's Charge / Courage)","Standard of Might","Cephaliarch's Flail","Fulminating Rune","Pragmatic Fatecarver","Quick Cloak","Shocking Banner (Cavalier's Charge / Courage)","Crescent Sweep"
"Sunspire","Lokkestiiz","https://www.esologs.com/reports/PpLBCgJ8zKqDhFfb#fight=10&type=summary&source=9","@Adaventi","Viridis Pugnator","ardent-herald-spear-deadly-strike-perfected-slivers-of-the-null-arca","dps","Ardent","Spear","Herald","Perfected Slivers of the Null Arca","Deadly Strike","108274.6","4363.7","51.2","108274.6 DPS","","Slimecraw Mask (Slimecraw)","Perfected Null Arca Jack (Perfected Slivers of the Null Arca)","Deadly Arm Cops (Deadly Strike)","Perfected Null Arca Bracers (Perfected Slivers of the Null Arca)","","Perfected Null Arca Guards (Perfected Slivers of the Null Arca)","Perfected Null Arca Boots (Perfected Slivers of the Null Arca)","","Deadly Ring (Deadly Strike)","Deadly Ring (Deadly Strike)","Deadly Dagger (Deadly Strike)","Deadly Dagger (Deadly Strike)","The Maelstrom's Perfected Greatsword (Perfected Merciless Charge)"," ()","Camouflaged Hunter","Cephaliarch's Flail","Pragmatic Fatecarver","Quick Cloak","Fulminating Rune","Everlasting Sweep","Inspired Scholarship","Engulfing Flames","Flames of Oblivion","Stampede","Molten Whip","Standard of Might"
"Sunspire","Lokkestiiz","https://www.esologs.com/reports/PpLBCgJ8zKqDhFfb#fight=10&type=summary&source=5","@Ailce.tup","Dalziel Ko'Nahr","ardent-herald-spear-deadly-strike-perfected-slivers-of-the-null-arca","dps","Ardent","Spear","Herald","Perfected Slivers of the Null Arca","Deadly Strike","90389.0","5849.3","27.2","90389.0 DPS","","Slimecraw Mask (Slimecraw)","Perfected Null Arca Jack (Perfected Slivers of the Null Arca)","Deadly Arm Cops (Deadly Strike)","Perfected Null Arca Bracers (Perfected Slivers of the Null Arca)","","Perfected Null Arca Guards (Perfected Slivers of the Null Arca)","Perfected Null Arca Boots (Perfected Slivers of the Null Arca)","","Deadly Ring (Deadly Strike)","Deadly Ring (Deadly Strike)","Deadly Dagger (Deadly Strike)","Deadly Dagger (Deadly Strike)","The Maelstrom's Perfected Greatsword (Perfected Merciless Charge)"," ()","Quick Cloak","Cephaliarch's Flail","Pragmatic Fatecarver","Venomous Claw","Banner Bearer","Everlasting Sweep","Inspired Scholarship","Flames of Oblivion","Stampede","Molten Whip","Banner Bearer","Standard of Might"
"Sunspire","Lokkestiiz","https://www.esologs.com/reports/PpLBCgJ8zKqDhFfb#fight=10&type=summary&source=8","@Ebelix","I Arcania I","ardent-herald-spear-deadly-strike-perfected-slivers-of-the-null-arca","dps","Ardent","Spear","Herald","Perfected Slivers of the Null Arca","Deadly Strike","84529.9","4570.8","25.4","84529.9 DPS","","Slimecraw Guise (Slimecraw)","Perfected Null Arca Jack (Perfected Slivers of the Null Arca)","Perfected Null Arca Arm Cops (Perfected Slivers of the Null Arca)","Perfected Null Arca Bracers (Perfected Slivers of the Null Arca)","","Perfected Null Arca Guards (Perfected Slivers of the Null Arca)","Perfected Null Arca Boots (Perfected Slivers of the Null Arca)","","Deadly Ring (Deadly Strike)","Deadly Ring (Deadly Strike)","Deadly Dagger (Deadly Strike)","Deadly Dagger (Deadly Strike)","The Maelstrom's Perfected Greatsword (Perfected Merciless Charge)"," ()","Cephaliarch's Flail","Venomous Claw","Pragmatic Fatecarver","Camouflaged Hunter","Quick Cloak","Crescent Sweep","Stampede","Flames of Oblivion","Fulminating Rune","Echoing Vigor","Inspired Scholarship","The Languid Eye"
"Sunspire","Lokkestiiz","https://www.esologs.com/reports/PpLBCgJ8zKqDhFfb#fight=10&type=summary&source=1","@KnotXavvy","Might-Be-Argonian","ardent-herald-spear-deadly-strike-perfected-slivers-of-the-null-arca","dps","Ardent","Spear","Herald","Perfected Slivers of the Null Arca","Deadly Strike","99020.9","3924.7","30.0","99020.9 DPS","","Valkyn Skoria Guise (Valkyn Skoria)","Perfected Null Arca Jack (Perfected Slivers of the Null Arca)","Deadly Arm Cops (Deadly Strike)","Perfected Null Arca Bracers (Perfected Slivers of the Null Arca)","","Perfected Null Arca Guards (Perfected Slivers of the Null Arca)","Perfected Null Arca Boots (Perfected Slivers of the Null Arca)","","Deadly Ring (Deadly Strike)","Deadly Ring (Deadly Strike)","Deadly Dagger (Deadly Strike)","Deadly Dagger (Deadly Strike)","The Maelstrom's Perfected Greatsword (Perfected Merciless Charge)"," ()","Cephaliarch's Flail","Pragmatic Fatecarver","Venomous Claw","Barbed Trap","Quick Cloak","Crescent Sweep","Inspired Scholarship","Flames of Oblivion","Stampede","Fulminating Rune","Molten Whip","Standard of Might"
"Sunspire","Lokkestiiz","https://www.esologs.com/reports/PpLBCgJ8zKqDhFfb#fight=10&type=summary&source=4","@ABales","Daehiro","ardent-herald-spear-deadly-strike-perfected-slivers-of-the-null-arca","dps","Ardent","Spear","Herald","Perfected Slivers of the Null Arca","Deadly Strike","100115.7","5301.4","24.1","100115.7 DPS","","Perfected Null Arca Helmet (Perfected Slivers of the Null Arca)","Perfected Null Arca Jack (Perfected Slivers of the Null Arca)","Slimecraw Epaulets (Slimecraw)","Deadly Bracers (Deadly Strike)","","Deadly Guards (Deadly Strike)","Perfected Null Arca Boots (Perfected Slivers of the Null Arca)","","Perfected Null Arca Ring (Perfected Slivers of the Null Arca)","Perfected Null Arca Ring (Perfected Slivers of the Null Arca)","Deadly Dagger (Deadly Strike)","Deadly Dagger (Deadly Strike)","The Maelstrom's Perfected Inferno Staff (Perfected Crushing Wall)"," ()","Pragmatic Fatecarver","Quick Cloak","Radiant Ward","Cephaliarch's Flail","Camouflaged Hunter","Flawless Dawnbreaker","Elemental Blockade","Flames of Oblivion","Venomous Claw","Inspired Scholarship","Molten Whip","Standard of Might"
"Sunspire","Lokkestiiz","https://www.esologs.com/reports/PpLBCgJ8zKqDhFfb#fight=10&type=summary&source=12","@NMZii","Nomi Nyx","ardent-herald-spear-deadly-strike-perfected-slivers-of-the-null-arca","dps","Ardent","Spear","Herald","Deadly Strike","Perfected Slivers of the Null Arca","89388.3","5886.4","24.2","89388.3 DPS","","Slimecraw Guise (Slimecraw)","Deadly Jack (Deadly Strike)","Deadly Arm Cops (Deadly Strike)","Deadly Bracers (Deadly Strike)","","Deadly Guards (Deadly Strike)","Perfected Null Arca Boots (Perfected Slivers of the Null Arca)","","Perfected Null Arca Ring (Perfected Slivers of the Null Arca)","Perfected Null Arca Ring (Perfected Slivers of the Null Arca)","Perfected Null Arca Dagger (Perfected Slivers of the Null Arca)","Perfected Null Arca Dagger (Perfected Slivers of the Null Arca)","The Maelstrom's Perfected Greatsword (Perfected Merciless Charge)"," ()","Blazing Spear","Camouflaged Hunter","Quick Cloak","Cephaliarch's Flail","Pragmatic Fatecarver","Flawless Dawnbreaker","Venomous Claw","Molten Whip","Inspired Scholarship","Flames of Oblivion","Stampede","Standard of Might"
"Sunspire","Lokkestiiz","https://www.esologs.com/reports/PpLBCgJ8zKqDhFfb#fight=10&type=summary&source=7","@Amenokai","Anode Cathode","ardent-herald-spear-deadly-strike-perfected-slivers-of-the-null-arca","dps","Ardent","Spear","Herald","Deadly Strike","Perfected Slivers of the Null Arca","132210.3","7076.3","34.1","132210.3 DPS","","Deadly Helmet (Deadly Strike)","Perfected Null Arca Jack (Perfected Slivers of the Null Arca)","Slimecraw Epaulets (Slimecraw)","Perfected Null Arca Bracers (Perfected Slivers of the Null Arca)","","Perfected Null Arca Guards (Perfected Slivers of the Null Arca)","Perfected Null Arca Boots (Perfected Slivers of the Null Arca)","","Deadly Ring (Deadly Strike)","Deadly Ring (Deadly Strike)","Deadly Dagger (Deadly Strike)","Deadly Dagger (Deadly Strike)","The Maelstrom's Perfected Greatsword (Perfected Merciless Charge)"," ()","Cephaliarch's Flail","Quick Cloak","Blazing Spear","Camouflaged Hunter","Pragmatic Fatecarver","Flawless Dawnbreaker","Stampede","Venomous Claw","Flames of Oblivion","Molten Whip","Inspired Scholarship","Standard of Might"
"Sunspire","Lokkestiiz","https://www.esologs.com/reports/PpLBCgJ8zKqDhFfb#fight=10&type=summary&source=103","@o_Temp","mouldering taint","ardent-ass-herald-deadly-strike-perfected-slivers-of-the-null-arca","dps","Ardent","Ass","Herald","Perfected Slivers of the Null Arca","Deadly Strike","105923.6","3188.1","51.5","105923.6 DPS","","Slimecraw Mask (Slimecraw)","Perfected Null Arca Jack (Perfected Slivers of the Null Arca)","Deadly Arm Cops (Deadly Strike)","Perfected Null Arca Bracers (Perfected Slivers of the Null Arca)","","Perfected Null Arca Guards (Perfected Slivers of the Null Arca)","Perfected Null Arca Boots (Perfected Slivers of the Null Arca)","","Deadly Ring (Deadly Strike)","Deadly Ring (Deadly Strike)","Deadly Dagger (Deadly Strike)","Deadly Dagger (Deadly Strike)","The Maelstrom's Perfected Greatsword (Perfected Merciless Charge)"," ()","Pragmatic Fatecarver","Flames of Oblivion","Cephaliarch's Flail","Quick Cloak","Shocking Banner (Class Mastery / Courage)","Incapacitating Strike","Stampede","Venomous Claw","Molten Whip","Inspired Scholarship","Shocking Banner (Class Mastery / Courage)","Standard of Might"
"Sunspire","Lokkestiiz","https://www.esologs.com/reports/PpLBCgJ8zKqDhFfb#fight=10&type=summary&source=2","@carl00","alan reet","ardent-ass-herald-deadly-strike-perfected-slivers-of-the-null-arca","dps","Ardent","Ass","Herald","Perfected Slivers of the Null Arca","Deadly Strike","98816.3","3921.5","37.3","98816.3 DPS","","Slimecraw Mask (Slimecraw)","Perfected Null Arca Jack (Perfected Slivers of the Null Arca)","Deadly Arm Cops (Deadly Strike)","Perfected Null Arca Bracers (Perfected Slivers of the Null Arca)","","Perfected Null Arca Guards (Perfected Slivers of the Null Arca)","Perfected Null Arca Boots (Perfected Slivers of the Null Arca)","","Deadly Ring (Deadly Strike)","Deadly Ring (Deadly Strike)","Deadly Dagger (Deadly Strike)","Deadly Dagger (Deadly Strike)","The Maelstrom's Perfected Greatsword (Perfected Merciless Charge)"," ()","Camouflaged Hunter","Pragmatic Fatecarver","Quick Cloak","Cephaliarch's Flail","Killer's Blade","Incapacitating Strike","Venomous Claw","Stampede","Inspired Scholarship","Molten Whip","Flames of Oblivion","Standard of Might"
"Sunspire","Lokkestiiz","https://www.esologs.com/reports/PpLBCgJ8zKqDhFfb#fight=10&type=summary&source=26","@liminal.exe","Fūll Metal Arcanist","ardent-ass-herald-deadly-strike-perfected-slivers-of-the-null-arca","dps","Ardent","Ass","Herald","Perfected Slivers of the Null Arca","Deadly Strike","71778.2","4106.0","31.2","71778.2 DPS","","Slimecraw Mask (Slimecraw)","Perfected Null Arca Jack (Perfected Slivers of the Null Arca)","Deadly Arm Cops (Deadly Strike)","Perfected Null Arca Bracers (Perfected Slivers of the Null Arca)","","Perfected Null Arca Guards (Perfected Slivers of the Null Arca)","Perfected Null Arca Boots (Perfected Slivers of the Null Arca)","","Deadly Ring (Deadly Strike)","Deadly Ring (Deadly Strike)","Deadly Dagger (Deadly Strike)","Deadly Dagger (Deadly Strike)","The Maelstrom's Perfected Greatsword (Perfected Merciless Charge)"," ()","Pragmatic Fatecarver","Cephaliarch's Flail","Deadly Cloak","Killer's Blade","Camouflaged Hunter","Incapacitating Strike","Stampede","Inspired Scholarship","Venomous Claw","Flames of Oblivion","Molten Whip","Standard of Might"
"Sunspire","Lokkestiiz","https://www.esologs.com/reports/PpLBCgJ8zKqDhFfb#fight=10&type=summary&source=25","@Deano_316","Mr Starc","ardent-ass-herald-deadly-strike-perfected-slivers-of-the-null-arca","dps","Ardent","Ass","Herald","Perfected Slivers of the Null Arca","Deadly Strike","85945.7","2678.1","36.2","85945.7 DPS","","Slimecraw Mask (Slimecraw)","Perfected Null Arca Jack (Perfected Slivers of the Null Arca)","Deadly Arm Cops (Deadly Strike)","Perfected Null Arca Bracers (Perfected Slivers of the Null Arca)","","Perfected Null Arca Guards (Perfected Slivers of the Null Arca)","Perfected Null Arca Boots (Perfected Slivers of the Null Arca)","","Deadly Ring (Deadly Strike)","Deadly Ring (Deadly Strike)","Deadly Dagger (Deadly Strike)","Deadly Dagger (Deadly Strike)","The Maelstrom's Perfected Greatsword (Perfected Merciless Charge)"," ()","Pragmatic Fatecarver","Killer's Blade","Cephaliarch's Flail","Quick Cloak","Camouflaged Hunter","Soul Harvest","Inspired Scholarship","Flames of Oblivion","Venomous Claw","Stampede","Molten Whip","Standard of Might"
"Sunspire","Lokkestiiz","https://www.esologs.com/reports/PpLBCgJ8zKqDhFfb#fight=10&type=summary&source=3","@Jirachi_Ex","Dave-y","ardent-ass-herald-deadly-strike-perfected-slivers-of-the-null-arca","dps","Ardent","Ass","Herald","Perfected Slivers of the Null Arca","Deadly Strike","82536.4","5857.8","21.6","82536.4 DPS","","Slimecraw Guise (Slimecraw)","Perfected Null Arca Jack (Perfected Slivers of the Null Arca)","Perfected Null Arca Arm Cops (Perfected Slivers of the Null Arca)","Perfected Null Arca Bracers (Perfected Slivers of the Null Arca)","","Perfected Null Arca Guards (Perfected Slivers of the Null Arca)","Perfected Null Arca Boots (Perfected Slivers of the Null Arca)","","Deadly Ring (Deadly Strike)","Deadly Ring (Deadly Strike)","Deadly Dagger (Deadly Strike)","Deadly Dagger (Deadly Strike)","The Maelstrom's Perfected Greatsword (Perfected Merciless Charge)"," ()","Camouflaged Hunter","Quick Cloak","Cephaliarch's Flail","Pragmatic Fatecarver","Killer's Blade","Incapacitating Strike","Flames of Oblivion","Venomous Claw","Stampede","Inspired Scholarship","Molten Whip","Standard of Might"
"Sunspire","Lokkestiiz","https://www.esologs.com/reports/PpLBCgJ8zKqDhFfb#fight=10&type=summary&source=5","@OneAutumn'Leaf","Evelyx","ardent-ass-herald-deadly-strike-perfected-slivers-of-the-null-arca","dps","Ardent","Ass","Herald","Perfected Slivers of the Null Arca","Deadly Strike","88407.9","5707.2","38.7","88407.9 DPS","","Slimecraw Guise (Slimecraw)","Perfected Null Arca Jack (Perfected Slivers of the Null Arca)","Deadly Arm Cops (Deadly Strike)","Perfected Null Arca Bracers (Perfected Slivers of the Null Arca)","","Perfected Null Arca Guards (Perfected Slivers of the Null Arca)","Perfected Null Arca Boots (Perfected Slivers of the Null Arca)","","Deadly Ring (Deadly Strike)","Deadly Ring (Deadly Strike)","Deadly Dagger (Deadly Strike)","Deadly Dagger (Deadly Strike)","The Maelstrom's Perfected Greatsword (Perfected Merciless Charge)"," ()","Cephaliarch's Flail","Killer's Blade","Pragmatic Fatecarver","Merciless Resolve","Quick Cloak","Incapacitating Strike","Stampede","Inspired Scholarship","Flames of Oblivion","Venomous Claw","Molten Whip","Standard of Might"
"Sunspire","Lokkestiiz","https://www.esologs.com/reports/PpLBCgJ8zKqDhFfb#fight=10&type=summary&source=9","@Anorage","Ra'hirr-dro","ardent-ass-herald-deadly-strike-perfected-slivers-of-the-null-arca","dps","Ardent","Ass","Herald","Perfected Slivers of the Null Arca","Deadly Strike","106292.3","5455.9","35.2","106292.3 DPS","","Slimecraw Guise (Slimecraw)","Perfected Null Arca Jack (Perfected Slivers of the Null Arca)","Deadly Arm Cops (Deadly Strike)","Perfected Null Arca Bracers (Perfected Slivers of the Null Arca)","","Perfected Null Arca Guards (Perfected Slivers of the Null Arca)","Perfected Null Arca Boots (Perfected Slivers of the Null Arca)","","Deadly Ring (Deadly Strike)","Deadly Ring (Deadly Strike)","Deadly Dagger (Deadly Strike)","Deadly Dagger (Deadly Strike)","The Maelstrom's Perfected Greatsword (Perfected Merciless Charge)"," ()","Banner Bearer","Pragmatic Fatecarver","Cephaliarch's Flail","Killer's Blade","Quick Cloak","Soul Harvest","Inspired Scholarship","Banner Bearer","Stampede","Venomous Claw","Flames of Oblivion","Standard of Might"
"Sunspire","Lokkestiiz","https://www.esologs.com/reports/PpLBCgJ8zKqDhFfb#fight=10&type=summary&source=5","@JosephSMT","Josephsmt","ardent-ass-herald-deadly-strike-perfected-slivers-of-the-null-arca","dps","Ardent","Ass","Herald","Perfected Slivers of the Null Arca","Deadly Strike","88270.4","6790.2","41.3","88270.4 DPS","","Slimecraw Guise (Slimecraw)","Perfected Null Arca Jack (Perfected Slivers of the Null Arca)","Deadly Arm Cops (Deadly Strike)","Perfected Null Arca Bracers (Perfected Slivers of the Null Arca)","","Perfected Null Arca Guards (Perfected Slivers of the Null Arca)","Perfected Null Arca Boots (Perfected Slivers of the Null Arca)","","Deadly Ring (Deadly Strike)","Deadly Ring (Deadly Strike)","Deadly Dagger (Deadly Strike)","Deadly Dagger (Deadly Strike)","The Maelstrom's Perfected Greatsword (Perfected Merciless Charge)"," ()","Pragmatic Fatecarver","Cephaliarch's Flail","Noxious Breath","Quick Cloak","Camouflaged Hunter","Incapacitating Strike","Flames of Oblivion","Stampede","Inspired Scholarship","Venomous Claw","Molten Whip","Standard of Might"
"Sunspire","Lokkestiiz","https://www.esologs.com/reports/PpLBCgJ8zKqDhFfb#fight=10&type=summary&source=3","@Filishy","Grimmarika","ardent-ass-herald-deadly-strike-perfected-slivers-of-the-null-arca","dps","Ardent","Ass","Herald","Deadly Strike","Perfected Slivers of the Null Arca","81930.8","6715.3","18.9","81930.8 DPS","","Deadly Helmet (Deadly Strike)","Perfected Null Arca Jack (Perfected Slivers of the Null Arca)","Slimecraw Epaulets (Slimecraw)","Perfected Null Arca Bracers (Perfected Slivers of the Null Arca)","","Perfected Null Arca Guards (Perfected Slivers of the Null Arca)","Perfected Null Arca Boots (Perfected Slivers of the Null Arca)","","Deadly Ring (Deadly Strike)","Deadly Ring (Deadly Strike)","Deadly Dagger (Deadly Strike)","Deadly Dagger (Deadly Strike)","The Maelstrom's Perfected Greatsword (Perfected Merciless Charge)"," ()","Cephaliarch's Flail","Quick Cloak","Pragmatic Fatecarver","Killer's Blade","Banner Bearer","Incapacitating Strike","Flames of Oblivion","Inspired Scholarship","Stampede","Venomous Claw","Banner Bearer","Standard of Might"
"Sunspire","Lokkestiiz","https://www.esologs.com/reports/PpLBCgJ8zKqDhFfb#fight=10&type=summary&source=105","@Brassmoose","Naomi Archag am Arc'gah","ardent-ass-herald-berserking-warrior-perfected-slivers-of-the-null-arca","dps","Ardent","Ass","Herald","Perfected Slivers of the Null Arca","Berserking Warrior","93987.9","2525.4","43.2","93987.9 DPS",""," (Huntsman's Warmask)","Perfected Null Arca Jack (Perfected Slivers of the Null Arca)","Zaan Epaulets (Zaan)","Perfected Null Arca Bracers (Perfected Slivers of the Null Arca)","","Perfected Null Arca Guards (Perfected Slivers of the Null Arca)","Perfected Null Arca Boots (Perfected Slivers of the Null Arca)","","Ring of the Advancing Yokeda (Berserking Warrior)","Ring of the Advancing Yokeda (Berserking Warrior)","Dagger of the Advancing Yokeda (Berserking Warrior)","Dagger of the Advancing Yokeda (Berserking Warrior)","The Maelstrom's Perfected Greatsword (Perfected Merciless Charge)"," ()","Tentacular Dread","Escalating Runeblades","Relentless Focus","Killer's Blade","Barbed Trap","Incapacitating Strike","Stampede","Molten Whip","Flames of Oblivion","Inspired Scholarship","Pestilent Trample (Class Mastery / Heroism)","Standard of Might"
"Sunspire","Lokkestiiz","https://www.esologs.com/reports/PpLBCgJ8zKqDhFfb#fight=10&type=summary&source=208","@Ummii","Oommii","ardent-ass-herald-berserking-warrior-perfected-slivers-of-the-null-arca","dps","Ardent","Ass","Herald","Perfected Slivers of the Null Arca","Berserking Warrior","106997.3","2863.4","52.2","106997.3 DPS","The Thief"," (Huntsman's Warmask)","Perfected Null Arca Jack (Perfected Slivers of the Null Arca)","Slimecraw Epaulets (Slimecraw)","Perfected Null Arca Bracers (Perfected Slivers of the Null Arca)","","Perfected Null Arca Guards (Perfected Slivers of the Null Arca)","Perfected Null Arca Boots (Perfected Slivers of the Null Arca)","","Ring of the Advancing Yokeda (Berserking Warrior)","Ring of the Advancing Yokeda (Berserking Warrior)","Dagger of the Advancing Yokeda (Berserking Warrior)","Dagger of the Advancing Yokeda (Berserking Warrior)","The Maelstrom's Perfected Greatsword (Perfected Merciless Charge)"," ()","Quick Cloak","Escalating Runeblades","Relentless Focus","Tentacular Dread","Killer's Blade","Incapacitating Strike","Venomous Claw","Stampede","Inspired Scholarship","Flames of Oblivion","Barbed Trap","Standard of Might"
"Sunspire","Lokkestiiz","https://www.esologs.com/reports/PpLBCgJ8zKqDhFfb#fight=10&type=summary&source=8","@MatejSitar","Merdyndril Selothan","ardent-ass-herald-berserking-warrior-perfected-slivers-of-the-null-arca","dps","Ardent","Ass","Herald","Perfected Slivers of the Null Arca","Berserking Warrior","105414.0","5457.8","29.2","105414.0 DPS","","Nerien'eth Mask (Nerien'eth)","Perfected Null Arca Jack (Perfected Slivers of the Null Arca)","Nerien'eth Arm Cops (Nerien'eth)","Perfected Null Arca Bracers (Perfected Slivers of the Null Arca)","","Perfected Null Arca Guards (Perfected Slivers of the Null Arca)","Perfected Null Arca Boots (Perfected Slivers of the Null Arca)","","Ring of the Advancing Yokeda (Berserking Warrior)","Ring of the Advancing Yokeda (Berserking Warrior)","Dagger of the Advancing Yokeda (Berserking Warrior)","Dagger of the Advancing Yokeda (Berserking Warrior)","The Maelstrom's Perfected Greatsword (Perfected Merciless Charge)"," ()","Barbed Trap","Cephaliarch's Flail","Camouflaged Hunter","Pragmatic Fatecarver","Killer's Blade","Soul Harvest","Venomous Claw","Stampede","Molten Whip","Inspired Scholarship","Flames of Oblivion","Standard of Might"
"Sunspire","Lokkestiiz","https://www.esologs.com/reports/PpLBCgJ8zKqDhFfb#fight=10&type=summary&source=13","@IgnDarius","Darius Skr","ardent-ass-herald-berserking-warrior-perfected-slivers-of-the-null-arca","dps","Ardent","Ass","Herald","Perfected Slivers of the Null Arca","Berserking Warrior","103675.3","6408.8","60.6","103675.3 DPS","","Nerien'eth Mask (Nerien'eth)","Perfected Null Arca Jack (Perfected Slivers of the Null Arca)","Nerien'eth Epaulets (Nerien'eth)","Perfected Null Arca Bracers (Perfected Slivers of the Null Arca)","","Perfected Null Arca Guards (Perfected Slivers of the Null Arca)","Perfected Null Arca Boots (Perfected Slivers of the Null Arca)","","Ring of the Advancing Yokeda (Berserking Warrior)","Ring of the Advancing Yokeda (Berserking Warrior)","Dagger of the Advancing Yokeda (Berserking Warrior)","Dagger of the Advancing Yokeda (Berserking Warrior)","The Maelstrom's Perfected Greatsword (Perfected Merciless Charge)"," ()","Relentless Focus","Tentacular Dread","Killer's Blade","Escalating Runeblades","Barbed Trap","Soul Harvest","Molten Whip","Stampede","Anti-Cavalry Caltrops","Flames of Oblivion","Inspired Scholarship","Standard of Might"
"Sunspire","Lokkestiiz","https://www.esologs.com/reports/PpLBCgJ8zKqDhFfb#fight=10&type=summary&source=7","@katreest","Liann'y","ardent-ass-herald-berserking-warrior-perfected-slivers-of-the-null-arca","dps","Ardent","Ass","Herald","Berserking Warrior","Perfected Slivers of the Null Arca","80181.4","8566.5","37.0","80181.4 DPS","","Helm of the Advancing Yokeda (Berserking Warrior)","Perfected Null Arca Jack (Perfected Slivers of the Null Arca)","Selene Arm Cops (Selene)","Perfected Null Arca Bracers (Perfected Slivers of the Null Arca)","","Perfected Null Arca Guards (Perfected Slivers of the Null Arca)","Perfected Null Arca Boots (Perfected Slivers of the Null Arca)","","Ring of the Advancing Yokeda (Berserking Warrior)","Ring of the Advancing Yokeda (Berserking Warrior)","Dagger of the Advancing Yokeda (Berserking Warrior)","Dagger of the Advancing Yokeda (Berserking Warrior)","The Maelstrom's Perfected Greatsword (Perfected Merciless Charge)"," ()","Escalating Runeblades","Tentacular Dread","Killer's Blade","Merciless Resolve","Barbed Trap","Flawless Dawnbreaker","Stampede","Venomous Claw","Molten Whip","Flames of Oblivion","Inspired Scholarship","Standard of Might"
"Sunspire","Lokkestiiz","https://www.esologs.com/reports/PpLBCgJ8zKqDhFfb#fight=10&type=summary&source=28","@Brassmoose","Naomi Archag am Arc'gah","ardent-ass-herald-berserking-warrior-perfected-slivers-of-the-null-arca","dps","Ardent","Ass","Herald","Perfected Slivers of the Null Arca","Berserking Warrior","95178.4","2188.7","50.1","95178.4 DPS",""," (Huntsman's Warmask)","Perfected Null Arca Jack (Perfected Slivers of the Null Arca)","Zaan Epaulets (Zaan)","Perfected Null Arca Bracers (Perfected Slivers of the Null Arca)","","Perfected Null Arca Guards (Perfected Slivers of the Null Arca)","Perfected Null Arca Boots (Perfected Slivers of the Null Arca)","","Ring of the Advancing Yokeda (Berserking Warrior)","Ring of the Advancing Yokeda (Berserking Warrior)","Dagger of the Advancing Yokeda (Berserking Warrior)","Dagger of the Advancing Yokeda (Berserking Warrior)","The Maelstrom's Perfected Greatsword (Perfected Merciless Charge)"," ()","Tentacular Dread","Escalating Runeblades","Relentless Focus","Killer's Blade","Barbed Trap","Incapacitating Strike","Stampede","Scalding Rune","Flames of Oblivion","Inspired Scholarship","Pestilent Trample (Class Mastery / Heroism)","Standard of Might"
"Sunspire","Lokkestiiz","https://www.esologs.com/reports/PpLBCgJ8zKqDhFfb#fight=10&type=summary&source=2","@BraxLa","Ravelia","ardent-ass-herald-perfected-slivers-of-the-null-arca-tide-born-wildstalker","dps","Ardent","Ass","Herald","Tide-Born Wildstalker","Perfected Slivers of the Null Arca","121260.3","1718.4","58.2","121260.3 DPS","","Tide-Born Helmet (Tide-Born Wildstalker)","Perfected Null Arca Jack (Perfected Slivers of the Null Arca)","Slimecraw Epaulets (Slimecraw)","Perfected Null Arca Bracers (Perfected Slivers of the Null Arca)","","Perfected Null Arca Guards (Perfected Slivers of the Null Arca)","Perfected Null Arca Boots (Perfected Slivers of the Null Arca)","","Tide-Born Ring (Tide-Born Wildstalker)","Tide-Born Ring (Tide-Born Wildstalker)","Tide-Born Dagger (Tide-Born Wildstalker)","Tide-Born Dagger (Tide-Born Wildstalker)","The Maelstrom's Perfected Greatsword (Perfected Merciless Charge)"," ()","Shocking Banner (Class Mastery / Courage)","Killer's Blade","Relentless Focus","Escalating Runeblades","Tentacular Dread","Incapacitating Strike","Stampede","Inspired Scholarship","Flames of Oblivion","Venomous Claw","Shocking Banner (Class Mastery / Courage)","Standard of Might"
"Sunspire","Lokkestiiz","https://www.esologs.com/reports/PpLBCgJ8zKqDhFfb#fight=10&type=summary&source=99","@awfuI","putrefi","ardent-ass-herald-perfected-slivers-of-the-null-arca-tide-born-wildstalker","dps","Ardent","Ass","Herald","Perfected Slivers of the Null Arca","Tide-Born Wildstalker","90616.6","2427.1","45.1","90616.6 DPS","","Slimecraw Mask (Slimecraw)","Perfected Null Arca Jack (Perfected Slivers of the Null Arca)","Tide-Born Arm Cops (Tide-Born Wildstalker)","Perfected Null Arca Bracers (Perfected Slivers of the Null Arca)","","Perfected Null Arca Guards (Perfected Slivers of the Null Arca)","Perfected Null Arca Boots (Perfected Slivers of the Null Arca)","","Tide-Born Ring (Tide-Born Wildstalker)","Tide-Born Ring (Tide-Born Wildstalker)","Tide-Born Dagger (Tide-Born Wildstalker)","Tide-Born Dagger (Tide-Born Wildstalker)","The Maelstrom's Perfected Greatsword (Perfected Merciless Charge)"," ()","Escalating Runeblades","Quick Cloak","Tentacular Dread","Relentless Focus","Killer's Blade","Incapacitating Strike","Stampede","Inspired Scholarship","Molten Whip","Venomous Claw","Flames of Oblivion","Standard of Might"
"Sunspire","Lokkestiiz","https://www.esologs.com/reports/PpLBCgJ8zKqDhFfb#fight=10&type=summary&source=7","@alansgaming","Light Attacks are Evil","ardent-ass-herald-perfected-slivers-of-the-null-arca-tide-born-wildstalker","dps","Ardent","Ass","Herald","Tide-Born Wildstalker","Perfected Slivers of the Null Arca","96560.1","7743.7","53.2","96560.1 DPS",""," (Huntsman's Warmask)","Tide-Born Jack (Tide-Born Wildstalker)","Slimecraw Epaulets (Slimecraw)","Perfected Null Arca Bracers (Perfected Slivers of the Null Arca)","","Perfected Null Arca Guards (Perfected Slivers of the Null Arca)","Tide-Born Boots (Tide-Born Wildstalker)","","Perfected Null Arca Ring (Perfected Slivers of the Null Arca)","Perfected Null Arca Ring (Perfected Slivers of the Null Arca)","Tide-Born Dagger (Tide-Born Wildstalker)","Tide-Born Dagger (Tide-Born Wildstalker)","The Maelstrom's Perfected Greatsword (Perfected Merciless Charge)"," ()","Killer's Blade","Tentacular Dread","Escalating Runeblades","Relentless Focus","Barbed Trap","Incapacitating Strike","Stampede","Sundering Trample","Flames of Oblivion","Inspired Scholarship","Molten Whip","Standard of Might"
"Sunspire","Lokkestiiz","https://www.esologs.com/reports/PpLBCgJ8zKqDhFfb#fight=10&type=summary&source=2","@idontKITE","controller main","ardent-ass-herald-perfected-slivers-of-the-null-arca-tide-born-wildstalker","dps","Ardent","Ass","Herald","Perfected Slivers of the Null Arca","Tide-Born Wildstalker","136673.6","4931.7","36.5","136673.6 DPS","The Thief","Perfected Null Arca Helmet (Perfected Slivers of the Null Arca)","Perfected Null Arca Jack (Perfected Slivers of the Null Arca)","The Blind Arm Cops (The Blind)","Tide-Born Bracers (Tide-Born Wildstalker)","","Perfected Null Arca Guards (Perfected Slivers of the Null Arca)","Tide-Born Boots (Tide-Born Wildstalker)","","Perfected Null Arca Ring (Perfected Slivers of the Null Arca)","Perfected Null Arca Ring (Perfected Slivers of the Null Arca)","Tide-Born Dagger (Tide-Born Wildstalker)","Tide-Born Dagger (Tide-Born Wildstalker)","The Maelstrom's Perfected Greatsword (Perfected Merciless Charge)"," ()","Quick Cloak","Camouflaged Hunter","Barbed Trap","Cephaliarch's Flail","Pragmatic Fatecarver","Incapacitating Strike","Inspired Scholarship","Molten Whip","Flames of Oblivion","Stampede","Venomous Claw","Standard of Might"
"Sunspire","Lokkestiiz","https://www.esologs.com/reports/PpLBCgJ8zKqDhFfb#fight=10&type=summary&source=10","@Rcbinscn","Rcbinscn","ardent-ass-herald-perfected-slivers-of-the-null-arca-tide-born-wildstalker","dps","Ardent","Ass","Herald","Tide-Born Wildstalker","Perfected Slivers of the Null Arca","119595.5","6708.8","34.8","119595.5 DPS","","Tide-Born Helmet (Tide-Born Wildstalker)","Tide-Born Jack (Tide-Born Wildstalker)","Slimecraw Arm Cops (Slimecraw)","Perfected Null Arca Bracers (Perfected Slivers of the Null Arca)","","Tide-Born Guards (Tide-Born Wildstalker)","Perfected Null Arca Boots (Perfected Slivers of the Null Arca)","","Perfected Null Arca Ring (Perfected Slivers of the Null Arca)","Perfected Null Arca Ring (Perfected Slivers of the Null Arca)","Tide-Born Dagger (Tide-Born Wildstalker)","Tide-Born Dagger (Tide-Born Wildstalker)","The Maelstrom's Perfected Greatsword (Perfected Merciless Charge)"," ()","Quick Cloak","Camouflaged Hunter","Barbed Trap","Pragmatic Fatecarver","Cephaliarch's Flail","Incapacitating Strike","Molten Whip","Flames of Oblivion","Venomous Claw","Stampede","Inspired Scholarship","The Languid Eye"
"Sunspire","Lokkestiiz","https://www.esologs.com/reports/PpLBCgJ8zKqDhFfb#fight=10&type=summary&source=95","@Mr_Loadz","Mr Load z","ardent-ass-grave-roar-of-alkosh-zens-redress","dps","Ardent","Ass","Grave","Z'en's Redress","Roar of Alkosh","67114.2","2271.6","51.3","67114.2 DPS","","Slimecraw Mask (Slimecraw)","Cryptcanon Vestments (Cryptcanon Vestments)","Z'en's Epaulets (Z'en's Redress)","Bracers of Alkosh (Roar of Alkosh)","","Guards of Alkosh (Roar of Alkosh)","Boots of Alkosh (Roar of Alkosh)","","Z'en's Ring (Z'en's Redress)","Z'en's Ring (Z'en's Redress)","Z'en's Dagger (Z'en's Redress)","Z'en's Dagger (Z'en's Redress)","The Maelstrom's Perfected Greatsword (Perfected Merciless Charge)"," ()","Detonating Siphon","Killer's Blade","Blighted Blastbones","Shattering Knife (Warrior's Opportunity / Berserk)","Relentless Focus","Crypt Transfer","Venomous Claw","Stampede","Barbed Trap","Engulfing Flames","Flames of Oblivion","Crypt Transfer"
"Sunspire","Lokkestiiz","https://www.esologs.com/reports/PpLBCgJ8zKqDhFfb#fight=10&type=summary&source=30","@Mr_Loadz","Mr Load z","ardent-ass-grave-roar-of-alkosh-zens-redress","dps","Ardent","Ass","Grave","Z'en's Redress","Roar of Alkosh","57811.5","4634.5","51.0","57811.5 DPS","","Slimecraw Mask (Slimecraw)","Cryptcanon Vestments (Cryptcanon Vestments)","Z'en's Epaulets (Z'en's Redress)","Bracers of Alkosh (Roar of Alkosh)","","Guards of Alkosh (Roar of Alkosh)","Boots of Alkosh (Roar of Alkosh)","","Z'en's Ring (Z'en's Redress)","Z'en's Ring (Z'en's Redress)","Z'en's Dagger (Z'en's Redress)","Z'en's Dagger (Z'en's Redress)","The Maelstrom's Perfected Greatsword (Perfected Merciless Charge)"," ()","Detonating Siphon","Killer's Blade","Blighted Blastbones","Shattering Knife (Warrior's Opportunity / Berserk)","Relentless Focus","Crypt Transfer","Venomous Claw","Stampede","Barbed Trap","Engulfing Flames","Flames of Oblivion","Crypt Transfer"
"Sunspire","Lokkestiiz","https://www.esologs.com/reports/PpLBCgJ8zKqDhFfb#fight=10&type=summary&source=12","@Rpsnyder","Zen Kosh Prisoner","ardent-ass-grave-roar-of-alkosh-zens-redress","dps","Ardent","Ass","Grave","Roar of Alkosh","Z'en's Redress","60785.6","17500.4","46.9","60785.6 DPS","","Slimecraw Mask (Slimecraw)","Jack of Alkosh (Roar of Alkosh)","Arm Cops of Alkosh (Roar of Alkosh)","Bracers of Alkosh (Roar of Alkosh)","","Guards of Alkosh (Roar of Alkosh)","Z'en's Shoes (Z'en's Redress)","","Z'en's Ring (Z'en's Redress)","Z'en's Ring (Z'en's Redress)","Z'en's Dagger (Z'en's Redress)","Z'en's Dagger (Z'en's Redress)","The Maelstrom's Greatsword (Merciless Charge)"," ()","Shattering Knife","Blighted Blastbones","Barbed Trap","Killer's Blade","Relentless Focus","Soul Harvest","Stampede","Avid Boneyard","Flames of Oblivion","Venomous Claw","Engulfing Flames","Reviving Barrier"
"Sunspire","Lokkestiiz","https://www.esologs.com/reports/PpLBCgJ8zKqDhFfb#fight=10&type=summary&source=7","@Glacial.Skadi","Kara'Xes","ardent-ass-grave-roar-of-alkosh-zens-redress","dps","Ardent","Ass","Grave","Roar of Alkosh","Z'en's Redress","65916.6","4943.5","62.5","65916.6 DPS","","Slimecraw Mask (Slimecraw)","Cryptcanon Vestments (Cryptcanon Vestments)","Arm Cops of Alkosh (Roar of Alkosh)","Bracers of Alkosh (Roar of Alkosh)","","Guards of Alkosh (Roar of Alkosh)","Boots of Alkosh (Roar of Alkosh)","","Z'en's Ring (Z'en's Redress)","Z'en's Ring (Z'en's Redress)","Z'en's Dagger (Z'en's Redress)","Z'en's Dagger (Z'en's Redress)","The Maelstrom's Perfected Greatsword (Perfected Merciless Charge)"," ()","Blighted Blastbones","Killer's Blade","Shattering Knife","Merciless Resolve","Quick Cloak","Incapacitating Strike","Venomous Claw","Flames of Oblivion","Stampede","Barbed Trap","Engulfing Flames","Standard of Might"
"Sunspire","Lokkestiiz","https://www.esologs.com/reports/PpLBCgJ8zKqDhFfb#fight=10&type=summary&source=7","@Erroza","Erroza","ardent-ass-grave-roar-of-alkosh-zens-redress","dps","Ardent","Ass","Grave","Roar of Alkosh","Z'en's Redress","77982.2","3649.5","55.0","77982.2 DPS","","Helmet of Alkosh (Roar of Alkosh)","Jack of Alkosh (Roar of Alkosh)","Slimecraw Arm Cops (Slimecraw)","Bracers of Alkosh (Roar of Alkosh)","","Guards of Alkosh (Roar of Alkosh)","Boots of Alkosh (Roar of Alkosh)","","Z'en's Ring (Z'en's Redress)","Z'en's Ring (Z'en's Redress)","Z'en's Dagger (Z'en's Redress)","Z'en's Axe (Z'en's Redress)","The Maelstrom's Perfected Greatsword (Perfected Merciless Charge)"," ()","Impale","Shattering Knife","Blighted Blastbones","Merciless Resolve","Detonating Siphon","Incapacitating Strike","Barbed Trap","Stampede","Flames of Oblivion","Venomous Claw","Engulfing Flames","Standard of Might"
"Sunspire","Lokkestiiz","https://www.esologs.com/reports/PpLBCgJ8zKqDhFfb#fight=10&type=summary&source=98","@stileanima","-Taramyn","green-resto-siphon-perfected-pillagers-profit-spell-power-cure","healer","Siphon","Resto","Green","Perfected Pillager's Profit","Spell Power Cure","5057.1","84630.5","78.7","84630.5 HPS","The Atronach","Nazaray Guise (Nazaray)","Spell Power Cure Robe (Spell Power Cure)","Nazaray Epaulets (Nazaray)","Spell Power Cure Gloves (Spell Power Cure)","","Perfected Pillager's Breeches (Perfected Pillager's Profit)","Spell Power Cure Shoes (Spell Power Cure)","","Perfected Pillager's Band (Perfected Pillager's Profit)","Perfected Pillager's Band (Perfected Pillager's Profit)","Spell Power Cure Restoration Staff (Spell Power Cure)"," ()","Perfected Pillager's Lightning Staff (Perfected Pillager's Profit)"," ()","Radiating Regeneration","Combat Prayer","Healing Ward","Illustrious Healing","Healing Soul (Sage's Remedy / Vitality)","Soul Siphon","Extended Ritual","Echoing Vigor","Blockade of Storms","Budding Seeds","Mystic Orb","Aggressive Horn"
"Sunspire","Lokkestiiz","https://www.esologs.com/reports/PpLBCgJ8zKqDhFfb#fight=10&type=summary&source=7","@KingM0n3y","marina artmarc","green-resto-siphon-perfected-pillagers-profit-spell-power-cure","healer","Siphon","Resto","Green","Perfected Pillager's Profit","Spell Power Cure","3258.7","72442.8","56.5","72442.8 HPS","","Ozezan the Inferno's Guise (Ozezan the Inferno)","Robe of the Trainee (Armor of the Trainee)","Ozezan the Inferno's Epaulets (Ozezan the Inferno)","Spell Power Cure Gloves (Spell Power Cure)","","Spell Power Cure Breeches (Spell Power Cure)","Spell Power Cure Shoes (Spell Power Cure)","","Perfected Pillager's Band (Perfected Pillager's Profit)","Perfected Pillager's Band (Perfected Pillager's Profit)","Spell Power Cure Restoration Staff (Spell Power Cure)"," ()","Perfected Pillager's Lightning Staff (Perfected Pillager's Profit)"," ()","Radiating Regeneration","Healing Ward","Healing Soul","Illustrious Healing","Combat Prayer","Soul Siphon","Energy Orb","Budding Seeds","Echoing Vigor","Extended Ritual","Elemental Blockade","Reviving Barrier"
"Sunspire","Lokkestiiz","https://www.esologs.com/reports/PpLBCgJ8zKqDhFfb#fight=10&type=summary&source=2","@Silene-Armeria","Daphnée Jolibois","green-resto-siphon-perfected-pillagers-profit-spell-power-cure","healer","Siphon","Resto","Green","Perfected Pillager's Profit","Spell Power Cure","3383.2","89668.4","64.3","89668.4 HPS","","Ozezan the Inferno's Guise (Ozezan the Inferno)","Perfected Pillager's Robe (Perfected Pillager's Profit)","Ozezan the Inferno's Arm Cops (Ozezan the Inferno)","Spell Power Cure Gloves (Spell Power Cure)","","Perfected Pillager's Breeches (Perfected Pillager's Profit)","Spell Power Cure Shoes (Spell Power Cure)","","Perfected Pillager's Band (Perfected Pillager's Profit)","Perfected Pillager's Band (Perfected Pillager's Profit)","Spell Power Cure Restoration Staff (Spell Power Cure)"," ()","Perfected Pillager's Lightning Staff (Perfected Pillager's Profit)"," ()","Radiating Regeneration","Illustrious Healing","Combat Prayer","Echoing Vigor","Healing Soul","Soul Siphon","Energy Orb","Budding Seeds","Elemental Blockade","Overflowing Altar","Extended Ritual","Reviving Barrier"
"Sunspire","Lokkestiiz","https://www.esologs.com/reports/PpLBCgJ8zKqDhFfb#fight=10&type=summary&source=8","@BeNeutralized","Pew Pew Ya Dead","green-resto-siphon-perfected-pillagers-profit-spell-power-cure","healer","Siphon","Resto","Green","Spell Power Cure","Perfected Pillager's Profit","3921.8","62269.8","45.5","62269.8 HPS","","Nazaray Mask (Nazaray)","Spell Power Cure Robe (Spell Power Cure)","Nazaray Arm Cops (Nazaray)","Spell Power Cure Gloves (Spell Power Cure)","","Spell Power Cure Breeches (Spell Power Cure)","Perfected Pillager's Shoes (Perfected Pillager's Profit)","","Perfected Pillager's Band (Perfected Pillager's Profit)","Perfected Pillager's Band (Perfected Pillager's Profit)","Spell Power Cure Restoration Staff (Spell Power Cure)"," ()","Perfected Pillager's Lightning Staff (Perfected Pillager's Profit)"," ()","Combat Prayer","Budding Seeds","Radiating Regeneration","Illustrious Healing","Mystic Orb","Soul Siphon","Elemental Blockade","Warding Burst","Overflowing Altar","Radiant Aura","Extended Ritual","Aggressive Horn"
"Sunspire","Lokkestiiz","https://www.esologs.com/reports/K7Gc4JhPWvmtY91M#fight=22&type=summary&source=1","@BallTongue_o","Djur'Boll","earthen-soldier-winter-perfected-lucent-echoes-perfected-pearlescent-ward","tank","Earthen","Winter","Soldier","Perfected Lucent Echoes","Perfected Pearlescent Ward","3759.6","8915.8","58.9","58.9 CPM","","Nazaray Guise (Nazaray)","Perfected Pearlescent Cuirass (Perfected Pearlescent Ward)","Nazaray Arm Cops (Nazaray)","Lucent Echoes Perfected Gauntlets (Perfected Lucent Echoes)","","Perfected Pearlescent Greaves (Perfected Pearlescent Ward)","Lucent Echoes Perfected Sabatons (Perfected Lucent Echoes)","","Perfected Pearlescent Ring (Perfected Pearlescent Ward)","Perfected Pearlescent Ring (Perfected Pearlescent Ward)","Lucent Echoes Perfected Ice Staff (Perfected Lucent Echoes)"," ()","Lucent Echoes Perfected Ice Staff (Perfected Lucent Echoes)"," ()","Stone Giant","Shimmering Shield","Polar Wind","Lingering Flare","Inner Rage","Reviving Barrier","Blockade of Frost","Runeguard of Still Waters","Expansive Frost Cloak","Rune of the Colorless Pool","Elemental Susceptibility","Aggressive Horn"
"Sunspire","Lokkestiiz","https://www.esologs.com/reports/K7Gc4JhPWvmtY91M#fight=22&type=summary&source=11","@Ned919x","Tanksallday","earthen-soldier-winter-perfected-lucent-echoes-perfected-pearlescent-ward","tank","Earthen","Winter","Soldier","Perfected Lucent Echoes","Perfected Pearlescent Ward","5114.3","5626.9","45.3","45.3 CPM","","Magma Incarnate Visage (Magma Incarnate)","Cryptcanon Vestments (Cryptcanon Vestments)","Lucent Echoes Perfected Pauldrons (Perfected Lucent Echoes)","Lucent Echoes Perfected Gauntlets (Perfected Lucent Echoes)","","Perfected Pearlescent Greaves (Perfected Pearlescent Ward)","Perfected Pearlescent Sabatons (Perfected Pearlescent Ward)","","Perfected Pearlescent Ring (Perfected Pearlescent Ward)","Perfected Pearlescent Ring (Perfected Pearlescent Ward)","Lucent Echoes Perfected Ice Staff (Perfected Lucent Echoes)"," ()","Lucent Echoes Perfected Ice Staff (Perfected Lucent Echoes)"," ()","Runeguard of Still Waters","Revealing Flare","Inner Rage","Expansive Frost Cloak","Polar Wind","Temporal Guard","Elemental Susceptibility","Stone Giant","Elemental Blockade","Leashing Soul","Igneous Weapons","Aggressive Horn"
"Sunspire","Lokkestiiz","https://www.esologs.com/reports/K7Gc4JhPWvmtY91M#fight=22&type=summary&source=8","@dewk","My Horn","earthen-soldier-winter-perfected-lucent-echoes-perfected-pearlescent-ward","tank","Earthen","Winter","Soldier","Perfected Pearlescent Ward","Perfected Lucent Echoes","4872.0","14305.6","55.1","55.1 CPM","","Baron Zaudrus Visage (Baron Zaudrus)","Lucent Echoes Perfected Cuirass (Perfected Lucent Echoes)","Baron Zaudrus Pauldron (Baron Zaudrus)","Lucent Echoes Perfected Gauntlets (Perfected Lucent Echoes)","","Lucent Echoes Perfected Greaves (Perfected Lucent Echoes)","Lucent Echoes Perfected Sabatons (Perfected Lucent Echoes)","","Perfected Pearlescent Ring (Perfected Pearlescent Ward)","Perfected Pearlescent Ring (Perfected Pearlescent Ward)","Perfected Pearlescent Ice Staff (Perfected Pearlescent Ward)"," ()","Perfected Pearlescent Ice Staff (Perfected Pearlescent Ward)"," ()","Runic Sunder","Stone Giant","Igneous Shield","Polar Wind","Rune of the Colorless Pool","Reviving Barrier","Elemental Susceptibility","Expansive Frost Cloak","Igneous Weapons","Elemental Blockade","Resolving Vigor","Reviving Barrier"
"Sunspire","Lokkestiiz","https://www.esologs.com/reports/K7Gc4JhPWvmtY91M#fight=22&type=summary&source=3","@Boneclutch","boneclutch","earthen-soldier-winter-perfected-lucent-echoes-perfected-pearlescent-ward","tank","Earthen","Winter","Soldier","Perfected Pearlescent Ward","Perfected Lucent Echoes","5391.7","5169.2","50.6","50.6 CPM","The Thief","Magma Incarnate Mask (Magma Incarnate)","Cryptcanon Vestments (Cryptcanon Vestments)","Lucent Echoes Perfected Pauldrons (Perfected Lucent Echoes)","Lucent Echoes Perfected Gauntlets (Perfected Lucent Echoes)","","Lucent Echoes Perfected Greaves (Perfected Lucent Echoes)","Lucent Echoes Perfected Sabatons (Perfected Lucent Echoes)","","Perfected Pearlescent Ring (Perfected Pearlescent Ward)","Perfected Pearlescent Ring (Perfected Pearlescent Ward)","Perfected Pearlescent Ice Staff (Perfected Pearlescent Ward)"," ()","Perfected Pearlescent Ice Staff (Perfected Pearlescent Ward)"," ()","Polar Wind","Inner Rage","Runeguard of Still Waters","Stone Giant","Rune of the Colorless Pool","Pack Leader","Elemental Blockade","Leashing Soul","Expansive Frost Cloak","Igneous Weapons","Elemental Susceptibility","Pack Leader"
"Sunspire","Lokkestiiz","https://www.esologs.com/reports/RwFhKBLHD6gydzmQ#fight=37&type=summary&source=31","@stephnie","Ämelie","green-siphon-storm-perfected-pillagers-profit-spell-power-cure","healer","Storm","Siphon","Green","Spell Power Cure","Perfected Pillager's Profit","4036.3","61287.2","44.3","61287.2 HPS","","Nazaray Visage (Nazaray)","Spell Power Cure Jerkin (Spell Power Cure)","Nazaray Epaulets (Nazaray)","Spell Power Cure Gloves (Spell Power Cure)","","Spell Power Cure Breeches (Spell Power Cure)","Spell Power Cure Shoes (Spell Power Cure)","","Perfected Pillager's Band (Perfected Pillager's Profit)","Perfected Pillager's Band (Perfected Pillager's Profit)","Blackrose Perfected Restoration Staff (Perfected Mender's Ward)"," ()","Perfected Pillager's Lightning Staff (Perfected Pillager's Profit)"," ()","Healing Ward","Curative Surge","Combat Prayer","Budding Seeds","Illustrious Healing","Soul Tether","Mystic Orb","Overflowing Altar","Echoing Vigor","Siphoning Attacks","Elemental Blockade","Glyphic of the Tides"
"Sunspire","Lokkestiiz","https://www.esologs.com/reports/RwFhKBLHD6gydzmQ#fight=37&type=summary&source=1","@lubasik","Master Aleke","green-siphon-storm-perfected-pillagers-profit-spell-power-cure","healer","Storm","Siphon","Green","Spell Power Cure","Perfected Pillager's Profit","4075.4","89921.4","42.4","89921.4 HPS","","The Blind Guise (The Blind)","Spell Power Cure Robe (Spell Power Cure)","The Blind Epaulets (The Blind)","Spell Power Cure Gloves (Spell Power Cure)","","Perfected Pillager's Breeches (Perfected Pillager's Profit)","Spell Power Cure Shoes (Spell Power Cure)","","Perfected Pillager's Band (Perfected Pillager's Profit)","Perfected Pillager's Band (Perfected Pillager's Profit)","Spell Power Cure Restoration Staff (Spell Power Cure)"," ()","Perfected Pillager's Lightning Staff (Perfected Pillager's Profit)"," ()","Overflowing Altar","Combat Prayer","Illustrious Healing","Curative Surge","Chakram of Destiny","Soul Siphon","Elemental Blockade","Energy Orb","Budding Seeds","Echoing Vigor","Siphoning Attacks","Reviving Barrier"
"Sunspire","Lokkestiiz","https://www.esologs.com/reports/RwFhKBLHD6gydzmQ#fight=37&type=summary&source=2","@stephnie","Ämelie","green-siphon-storm-perfected-pillagers-profit-spell-power-cure","healer","Storm","Siphon","Green","Spell Power Cure","Perfected Pillager's Profit","4288.2","71389.5","45.3","71389.5 HPS","","Nazaray Visage (Nazaray)","Spell Power Cure Jerkin (Spell Power Cure)","Nazaray Epaulets (Nazaray)","Spell Power Cure Gloves (Spell Power Cure)","","Spell Power Cure Breeches (Spell Power Cure)","Spell Power Cure Shoes (Spell Power Cure)","","Perfected Pillager's Band (Perfected Pillager's Profit)","Perfected Pillager's Band (Perfected Pillager's Profit)","Blackrose Perfected Restoration Staff (Perfected Mender's Ward)"," ()","Perfected Pillager's Lightning Staff (Perfected Pillager's Profit)"," ()","Healing Ward","Curative Surge","Combat Prayer","Budding Seeds","Illustrious Healing","Soul Tether","Mystic Orb","Overflowing Altar","Echoing Vigor","Siphoning Attacks","Blockade of Storms","Glyphic of the Tides"
"Sunspire","Lokkestiiz","https://www.esologs.com/reports/RwFhKBLHD6gydzmQ#fight=37&type=summary&source=12","@FalleNwAm","Simplicative","green-siphon-storm-perfected-pillagers-profit-spell-power-cure","healer","Storm","Siphon","Green","Spell Power Cure","Perfected Pillager's Profit","5793.0","78478.4","42.1","78478.4 HPS","","Nazaray Guise (Nazaray)","Spell Power Cure Robe (Spell Power Cure)","Nazaray Epaulets (Nazaray)","Spell Power Cure Gloves (Spell Power Cure)","","Spell Power Cure Breeches (Spell Power Cure)","Spell Power Cure Shoes (Spell Power Cure)","","Perfected Pillager's Band (Perfected Pillager's Profit)","Perfected Pillager's Band (Perfected Pillager's Profit)","The Master's Perfected Restoration Staff (Perfected Grand Rejuvenation)"," ()","Perfected Pillager's Lightning Staff (Perfected Pillager's Profit)"," ()","Illustrious Healing","Curative Surge","Combat Prayer","Chakram of Destiny","Echoing Vigor","Soul Shred","Energy Orb","Budding Seeds","Elemental Blockade","Magical Trample","Overflowing Altar","Reviving Barrier"
"Sunspire","Lokkestiiz","https://www.esologs.com/reports/PpLBCgJ8zKqDhFfb#fight=10&type=summary&source=190","@S'T","First Day Out","daedric-resto-siphon-master-architect-powerful-assault","healer","Daedric","Siphon","Resto","Master Architect","Powerful Assault","12020.7","75726.1","53.9","75726.1 HPS","The Atronach","Ozezan the Inferno's Mask (Ozezan the Inferno)","Master Architect Robe (Master Architect)","Spaulder of Ruin (Spaulder of Ruin)","Master Architect Gloves (Master Architect)","","Master Architect Breeches (Master Architect)","Master Architect Shoes (Master Architect)","","Ring of the Powerful Assault (Powerful Assault)","Ring of the Powerful Assault (Powerful Assault)","Restoration Staff of the Powerful Assault (Powerful Assault)"," ()","Dagger of Martial Knowledge (Way of Martial Knowledge)","Dagger of Martial Knowledge (Way of Martial Knowledge)","Illustrious Healing","Radiating Regeneration","Combat Prayer","Overflowing Altar","Echoing Vigor","Soul Siphon","Magic Knife (Assassin's Misery / Berserk)","Extended Ritual","Radiant Aura","Mystic Orb","Siphoning Attacks","Summon Charged Atronach"
"Sunspire","Lokkestiiz","https://www.esologs.com/reports/PpLBCgJ8zKqDhFfb#fight=10&type=summary&source=4","@O815Gamer","Aryasa Envinyatar","daedric-resto-siphon-master-architect-powerful-assault","healer","Daedric","Siphon","Resto","Powerful Assault","Master Architect","9994.1","65837.0","53.3","65837.0 HPS","","Magma Incarnate Guise (Magma Incarnate)","Jack of the Powerful Assault (Powerful Assault)","Spaulder of Ruin (Spaulder of Ruin)","Master Architect Gloves (Master Architect)","","Master Architect Breeches (Master Architect)","Master Architect Shoes (Master Architect)","","Ring of the Powerful Assault (Powerful Assault)","Ring of the Powerful Assault (Powerful Assault)","The Master's Perfected Restoration Staff (Perfected Grand Rejuvenation)"," ()","Lightning Staff of the Powerful Assault (Powerful Assault)"," ()","Extended Ritual","Combat Prayer","Illustrious Healing","Radiating Regeneration","Siphoning Attacks","Soul Siphon","Overflowing Altar","Elemental Blockade","Magical Trample","Echoing Vigor","Radiant Aura","Summon Charged Atronach"
"Sunspire","Lokkestiiz","https://www.esologs.com/reports/PpLBCgJ8zKqDhFfb#fight=10&type=summary&source=23","@S'T","First Day Out","daedric-resto-siphon-master-architect-powerful-assault","healer","Daedric","Siphon","Resto","Master Architect","Powerful Assault","10618.0","65426.2","57.5","65426.2 HPS","","Ozezan the Inferno's Mask (Ozezan the Inferno)","Master Architect Robe (Master Architect)","Ozezan the Inferno's Epaulets (Ozezan the Inferno)","Master Architect Gloves (Master Architect)","","Master Architect Breeches (Master Architect)","Master Architect Shoes (Master Architect)","","Ring of the Powerful Assault (Powerful Assault)","Ring of the Powerful Assault (Powerful Assault)","Restoration Staff of the Powerful Assault (Powerful Assault)"," ()","Dagger of Martial Knowledge (Way of Martial Knowledge)","Dagger of Martial Knowledge (Way of Martial Knowledge)","Illustrious Healing","big siege","Combat Prayer","Overflowing Altar","Echoing Vigor","Soul Siphon","Magic Knife (Assassin's Misery / Berserk)","Extended Ritual","Radiant Aura","Mystic Orb","Siphoning Attacks","Summon Charged Atronach"
"Sunspire","Lokkestiiz","https://www.esologs.com/reports/PpLBCgJ8zKqDhFfb#fight=10&type=summary&source=107","@Shrapanel","Benjamin Wise","daedric-soldier-storm-perfected-pearlescent-ward-perfected-xoryns-masterpiece","tank","Daedric","Storm","Soldier","Perfected Xoryn's Masterpiece","Perfected Pearlescent Ward","7689.3","11347.1","32.7","32.7 CPM","The Atronach","Magma Incarnate Visage (Magma Incarnate)","Perfected Pearlescent Cuirass (Perfected Pearlescent Ward)","Spaulder of Ruin (Spaulder of Ruin)","Perfected Pearlescent Gauntlets (Perfected Pearlescent Ward)","","Perfected Pearlescent Greaves (Perfected Pearlescent Ward)","Perfected Pearlescent Sabatons (Perfected Pearlescent Ward)","","Xoryn's Perfected Ring (Perfected Xoryn's Masterpiece)","Xoryn's Perfected Ring (Perfected Xoryn's Masterpiece)","Xoryn's Perfected Ice Staff (Perfected Xoryn's Masterpiece)"," ()","Xoryn's Perfected Ice Staff (Perfected Xoryn's Masterpiece)"," ()","Inner Rage","Lightning Flood","Hurricane","Hardened Ward","Rune of the Colorless Pool","Reviving Barrier","Elemental Susceptibility","Magical Trample (Thief's Swiftness / Heroism)","Blockade of Frost","Healing Burst (Sage's Remedy / Courage)","Echoing Vigor","Summon Charged Atronach"
"Sunspire","Lokkestiiz","https://www.esologs.com/reports/PpLBCgJ8zKqDhFfb#fight=10&type=summary&source=27","@Akina.sj","Drifts-on-Clouds","daedric-soldier-storm-perfected-pearlescent-ward-perfected-xoryns-masterpiece","tank","Daedric","Storm","Soldier","Perfected Xoryn's Masterpiece","Perfected Pearlescent Ward","5522.5","2097.3","43.4","43.4 CPM","","Magma Incarnate Mask (Magma Incarnate)","Perfected Pearlescent Cuirass (Perfected Pearlescent Ward)","Spaulder of Ruin (Spaulder of Ruin)","Perfected Pearlescent Gauntlets (Perfected Pearlescent Ward)","","Perfected Pearlescent Greaves (Perfected Pearlescent Ward)","Perfected Pearlescent Sabatons (Perfected Pearlescent Ward)","","Xoryn's Perfected Ring (Perfected Xoryn's Masterpiece)","Xoryn's Perfected Ring (Perfected Xoryn's Masterpiece)","Xoryn's Perfected Ice Staff (Perfected Xoryn's Masterpiece)"," ()","Xoryn's Perfected Ice Staff (Perfected Xoryn's Masterpiece)"," ()","Inner Rage","Hardened Ward","Rune of the Colorless Pool","Bound Aegis","Exhilarating Drain","Replenishing Barrier","Elemental Susceptibility","Blockade of Frost","Resolving Vigor","Ball of Lightning","Runeguard of Freedom","Summon Charged Atronach"
"Sunspire","Lokkestiiz","https://www.esologs.com/reports/PpLBCgJ8zKqDhFfb#fight=10&type=summary&source=1","@Morning_Skooma","As a Disabled Player","earthen-storm-winter-elemental-catalyst-perfected-lucent-echoes","tank","Earthen","Storm","Winter","Elemental Catalyst","Perfected Lucent Echoes","9936.0","22729.0","59.9","59.9 CPM","","Baron Zaudrus Visage (Baron Zaudrus)","Lucent Echoes Perfected Cuirass (Perfected Lucent Echoes)","Baron Zaudrus Pauldron (Baron Zaudrus)","Lucent Echoes Perfected Gauntlets (Perfected Lucent Echoes)","","Lucent Echoes Perfected Greaves (Perfected Lucent Echoes)","Lucent Echoes Perfected Sabatons (Perfected Lucent Echoes)","","Ring of Catalyst (Elemental Catalyst)","Ring of Catalyst (Elemental Catalyst)","Ice Staff of Catalyst (Elemental Catalyst)"," ()","Ice Staff of Catalyst (Elemental Catalyst)"," ()","Elemental Susceptibility","Stone Giant","Inner Rage","Echoing Vigor","Shimmering Shield","Temporal Guard","Expansive Frost Cloak","Blockade of Frost","Eruption","Lightning Flood","Igneous Weapons","Reviving Barrier"
"Sunspire","Lokkestiiz","https://www.esologs.com/reports/PpLBCgJ8zKqDhFfb#fight=10&type=summary&source=1","@Morning_Skooma","As a Disabled Player","earthen-storm-winter-elemental-catalyst-perfected-lucent-echoes","tank","Earthen","Storm","Winter","Elemental Catalyst","Perfected Lucent Echoes","10141.3","25900.6","63.5","63.5 CPM","The Atronach","Baron Zaudrus Visage (Baron Zaudrus)","Lucent Echoes Perfected Cuirass (Perfected Lucent Echoes)","Baron Zaudrus Pauldron (Baron Zaudrus)","Lucent Echoes Perfected Gauntlets (Perfected Lucent Echoes)","","Lucent Echoes Perfected Greaves (Perfected Lucent Echoes)","Lucent Echoes Perfected Sabatons (Perfected Lucent Echoes)","","Ring of Catalyst (Elemental Catalyst)","Ring of Catalyst (Elemental Catalyst)","Ice Staff of Catalyst (Elemental Catalyst)"," ()","Ice Staff of Catalyst (Elemental Catalyst)"," ()","Warding Contingency (Gladiator's Tenacity / Resolve)","Stone Giant","Inner Rage","Echoing Vigor","Shimmering Shield","Temporal Guard","Expansive Frost Cloak","Blockade of Frost","Eruption","Lightning Flood","Igneous Weapons","Reviving Barrier"
"Sunspire","Lokkestiiz","https://www.esologs.com/reports/RwFhKBLHD6gydzmQ#fight=37&type=summary&source=33","@Roachdor","Drops Taunt","earthen-winter-x-perfected-lucent-echoes-perfected-xoryns-masterpiece","tank","Earthen","Winter","x","Perfected Xoryn's Masterpiece","Perfected Lucent Echoes","4570.8","16997.1","46.8","46.8 CPM","","Baron Zaudrus Mask (Baron Zaudrus)","Lucent Echoes Perfected Cuirass (Perfected Lucent Echoes)","Baron Zaudrus Epaulets (Baron Zaudrus)","Lucent Echoes Perfected Gauntlets (Perfected Lucent Echoes)","","Lucent Echoes Perfected Greaves (Perfected Lucent Echoes)","Lucent Echoes Perfected Sabatons (Perfected Lucent Echoes)","","Xoryn's Perfected Ring (Perfected Xoryn's Masterpiece)","Xoryn's Perfected Ring (Perfected Xoryn's Masterpiece)","Xoryn's Perfected Ice Staff (Perfected Xoryn's Masterpiece)"," ()","Xoryn's Perfected Ice Staff (Perfected Xoryn's Masterpiece)"," ()","Inner Rage","Shimmering Shield","Stone Giant","Blinding Flare","Polar Wind","Reviving Barrier","Elemental Susceptibility","Magical Trample","Elemental Blockade","Igneous Weapons","Expansive Frost Cloak","Reviving Barrier"
"Sunspire","Lokkestiiz","https://www.esologs.com/reports/RwFhKBLHD6gydzmQ#fight=37&type=summary&source=5","@Roachdor","Drops Taunt","earthen-winter-x-perfected-lucent-echoes-perfected-xoryns-masterpiece","tank","Earthen","Winter","x","Perfected Xoryn's Masterpiece","Perfected Lucent Echoes","6570.0","11576.8","42.7","42.7 CPM","","Baron Zaudrus Mask (Baron Zaudrus)","Lucent Echoes Perfected Cuirass (Perfected Lucent Echoes)","Baron Zaudrus Epaulets (Baron Zaudrus)","Lucent Echoes Perfected Gauntlets (Perfected Lucent Echoes)","","Lucent Echoes Perfected Greaves (Perfected Lucent Echoes)","Lucent Echoes Perfected Sabatons (Perfected Lucent Echoes)","","Xoryn's Perfected Ring (Perfected Xoryn's Masterpiece)","Xoryn's Perfected Ring (Perfected Xoryn's Masterpiece)","Xoryn's Perfected Ice Staff (Perfected Xoryn's Masterpiece)"," ()","Xoryn's Perfected Ice Staff (Perfected Xoryn's Masterpiece)"," ()","Inner Rage","Shimmering Shield","Stone Giant","Blinding Flare","Polar Wind","Reviving Barrier","Elemental Susceptibility","Chilling Trample (Lingering Torment / Heroism)","Blockade of Frost","Igneous Weapons","Expansive Frost Cloak","Reviving Barrier"
"Sunspire","Lokkestiiz","https://www.esologs.com/reports/RwFhKBLHD6gydzmQ#fight=37&type=summary&source=38","@grimnoire","Yngrid Noire","green-resto-siphon-master-architect-powerful-assault","healer","Siphon","Resto","Green","Master Architect","Powerful Assault","4834.8","88331.0","55.1","88331.0 HPS","The Ritual","Ozezan the Inferno's Guise (Ozezan the Inferno)","Master Architect Robe (Master Architect)","Ozezan the Inferno's Epaulets (Ozezan the Inferno)","Bracers of the Powerful Assault (Powerful Assault)","","Master Architect Breeches (Master Architect)","Master Architect Shoes (Master Architect)","","Ring of the Powerful Assault (Powerful Assault)","Ring of the Powerful Assault (Powerful Assault)","Restoration Staff of the Powerful Assault (Powerful Assault)"," ()","Master Architect Lightning Staff (Master Architect)"," ()","Echoing Vigor","Radiating Regeneration","Combat Prayer","Illustrious Healing","Budding Seeds","Reviving Barrier","Radiant Aura","Elemental Blockade","Energy Orb","Extended Ritual","Siphoning Attacks","Aggressive Horn"
"Sunspire","Lokkestiiz","https://www.esologs.com/reports/RwFhKBLHD6gydzmQ#fight=37&type=summary&source=11","@grimnoire","Yngrid Noire","green-resto-siphon-master-architect-powerful-assault","healer","Siphon","Resto","Green","Master Architect","Powerful Assault","4196.1","78092.6","51.6","78092.6 HPS","","Ozezan the Inferno's Guise (Ozezan the Inferno)","Master Architect Robe (Master Architect)","Ozezan the Inferno's Epaulets (Ozezan the Inferno)","Bracers of the Powerful Assault (Powerful Assault)","","Master Architect Breeches (Master Architect)","Master Architect Shoes (Master Architect)","","Ring of the Powerful Assault (Powerful Assault)","Ring of the Powerful Assault (Powerful Assault)","Restoration Staff of the Powerful Assault (Powerful Assault)"," ()","Master Architect Lightning Staff (Master Architect)"," ()","Echoing Vigor","Radiating Regeneration","Combat Prayer","Illustrious Healing","Budding Seeds","Reviving Barrier","Radiant Aura","Blockade of Storms","Energy Orb","Extended Ritual","Siphoning Attacks","Aggressive Horn"
"Sunspire","Yolnahkriin","https://www.esologs.com/reports/PpLBCgJ8zKqDhFfb#fight=39&type=summary&source=105","@Brassmoose","Naomi Archag am Arc'gah","ardent-ass-herald-berserking-warrior-perfected-slivers-of-the-null-arca","dps","Ardent","Ass","Herald","Perfected Slivers of the Null Arca","Berserking Warrior","129430.3","3081.3","74.4","129430.3 DPS",""," (Huntsman's Warmask)","Perfected Null Arca Jack (Perfected Slivers of the Null Arca)","Zaan Epaulets (Zaan)","Perfected Null Arca Bracers (Perfected Slivers of the Null Arca)","","Perfected Null Arca Guards (Perfected Slivers of the Null Arca)","Perfected Null Arca Boots (Perfected Slivers of the Null Arca)","","Ring of the Advancing Yokeda (Berserking Warrior)","Ring of the Advancing Yokeda (Berserking Warrior)","Dagger of the Advancing Yokeda (Berserking Warrior)","Dagger of the Advancing Yokeda (Berserking Warrior)","The Maelstrom's Perfected Greatsword (Perfected Merciless Charge)"," ()","Tentacular Dread","Escalating Runeblades","Relentless Focus","Killer's Blade","Barbed Trap","Incapacitating Strike","Stampede","Venomous Claw","Flames of Oblivion","Inspired Scholarship","Molten Whip","Standard of Might"
"Sunspire","Yolnahkriin","https://www.esologs.com/reports/PpLBCgJ8zKqDhFfb#fight=39&type=summary&source=208","@Ummii","Oommii","ardent-ass-herald-berserking-warrior-perfected-slivers-of-the-null-arca","dps","Ardent","Ass","Herald","Perfected Slivers of the Null Arca","Berserking Warrior","141451.2","3493.7","69.9","141451.2 DPS","The Thief"," (Huntsman's Warmask)","Perfected Null Arca Jack (Perfected Slivers of the Null Arca)","Slimecraw Epaulets (Slimecraw)","Perfected Null Arca Bracers (Perfected Slivers of the Null Arca)","","Perfected Null Arca Guards (Perfected Slivers of the Null Arca)","Perfected Null Arca Boots (Perfected Slivers of the Null Arca)","","Ring of the Advancing Yokeda (Berserking Warrior)","Ring of the Advancing Yokeda (Berserking Warrior)","Dagger of the Advancing Yokeda (Berserking Warrior)","Dagger of the Advancing Yokeda (Berserking Warrior)","The Maelstrom's Perfected Greatsword (Perfected Merciless Charge)"," ()","Quick Cloak","Escalating Runeblades","Relentless Focus","Tentacular Dread","Killer's Blade","Incapacitating Strike","Venomous Claw","Stampede","Inspired Scholarship","Flames of Oblivion","Barbed Trap","Standard of Might"
"Sunspire","Yolnahkriin","https://www.esologs.com/reports/PpLBCgJ8zKqDhFfb#fight=39&type=summary&source=8","@MatejSitar","Merdyndril Selothan","ardent-ass-herald-berserking-warrior-perfected-slivers-of-the-null-arca","dps","Ardent","Ass","Herald","Perfected Slivers of the Null Arca","Berserking Warrior","126949.5","5356.3","38.7","126949.5 DPS","","Nerien'eth Mask (Nerien'eth)","Perfected Null Arca Jack (Perfected Slivers of the Null Arca)","Nerien'eth Arm Cops (Nerien'eth)","Perfected Null Arca Bracers (Perfected Slivers of the Null Arca)","","Perfected Null Arca Guards (Perfected Slivers of the Null Arca)","Perfected Null Arca Boots (Perfected Slivers of the Null Arca)","","Ring of the Advancing Yokeda (Berserking Warrior)","Ring of the Advancing Yokeda (Berserking Warrior)","Dagger of the Advancing Yokeda (Berserking Warrior)","Dagger of the Advancing Yokeda (Berserking Warrior)","The Maelstrom's Perfected Greatsword (Perfected Merciless Charge)"," ()","Barbed Trap","Cephaliarch's Flail","Camouflaged Hunter","Pragmatic Fatecarver","Killer's Blade","Soul Harvest","Venomous Claw","Stampede","Molten Whip","Inspired Scholarship","Flames of Oblivion","Standard of Might"
"Sunspire","Yolnahkriin","https://www.esologs.com/reports/PpLBCgJ8zKqDhFfb#fight=39&type=summary&source=13","@IgnDarius","Darius Skr","ardent-ass-herald-berserking-warrior-perfected-slivers-of-the-null-arca","dps","Ardent","Ass","Herald","Perfected Slivers of the Null Arca","Berserking Warrior","136115.9","8393.1","76.7","136115.9 DPS","","Nerien'eth Mask (Nerien'eth)","Perfected Null Arca Jack (Perfected Slivers of the Null Arca)","Nerien'eth Epaulets (Nerien'eth)","Perfected Null Arca Bracers (Perfected Slivers of the Null Arca)","","Perfected Null Arca Guards (Perfected Slivers of the Null Arca)","Perfected Null Arca Boots (Perfected Slivers of the Null Arca)","","Ring of the Advancing Yokeda (Berserking Warrior)","Ring of the Advancing Yokeda (Berserking Warrior)","Dagger of the Advancing Yokeda (Berserking Warrior)","Dagger of the Advancing Yokeda (Berserking Warrior)","The Maelstrom's Perfected Greatsword (Perfected Merciless Charge)"," ()","Relentless Focus","Tentacular Dread","Killer's Blade","Escalating Runeblades","Barbed Trap","Soul Harvest","Molten Whip","Stampede","Scalding Rune","Flames of Oblivion","Inspired Scholarship","Standard of Might"
"Sunspire","Yolnahkriin","https://www.esologs.com/reports/PpLBCgJ8zKqDhFfb#fight=39&type=summary&source=3","@Rexeyas","Cream of the Crux","ardent-ass-herald-berserking-warrior-perfected-slivers-of-the-null-arca","dps","Ardent","Ass","Herald","Perfected Slivers of the Null Arca","Berserking Warrior","129717.4","10307.3","67.1","129717.4 DPS","","Selene Mask (Selene)","Perfected Null Arca Jack (Perfected Slivers of the Null Arca)","Selene Arm Cops (Selene)","Perfected Null Arca Bracers (Perfected Slivers of the Null Arca)","","Perfected Null Arca Guards (Perfected Slivers of the Null Arca)","Perfected Null Arca Boots (Perfected Slivers of the Null Arca)","","Ring of the Advancing Yokeda (Berserking Warrior)","Ring of the Advancing Yokeda (Berserking Warrior)","Dagger of the Advancing Yokeda (Berserking Warrior)","Dagger of the Advancing Yokeda (Berserking Warrior)","The Maelstrom's Perfected Greatsword (Perfected Merciless Charge)"," ()","Tentacular Dread","Merciless Resolve","Killer's Blade","Barbed Trap","Escalating Runeblades","Incapacitating Strike","Inspired Scholarship","Molten Whip","Flames of Oblivion","Venomous Claw","Stampede","Standard of Might"
"Sunspire","Yolnahkriin","https://www.esologs.com/reports/PpLBCgJ8zKqDhFfb#fight=39&type=summary&source=7","@katreest","Liann'y","ardent-ass-herald-berserking-warrior-perfected-slivers-of-the-null-arca","dps","Ardent","Ass","Herald","Berserking Warrior","Perfected Slivers of the Null Arca","104658.1","8681.0","64.1","104658.1 DPS","","Helm of the Advancing Yokeda (Berserking Warrior)","Perfected Null Arca Jack (Perfected Slivers of the Null Arca)","Selene Arm Cops (Selene)","Perfected Null Arca Bracers (Perfected Slivers of the Null Arca)","","Perfected Null Arca Guards (Perfected Slivers of the Null Arca)","Perfected Null Arca Boots (Perfected Slivers of the Null Arca)","","Ring of the Advancing Yokeda (Berserking Warrior)","Ring of the Advancing Yokeda (Berserking Warrior)","Dagger of the Advancing Yokeda (Berserking Warrior)","Dagger of the Advancing Yokeda (Berserking Warrior)","The Maelstrom's Perfected Greatsword (Perfected Merciless Charge)"," ()","Escalating Runeblades","Tentacular Dread","Killer's Blade","Merciless Resolve","Barbed Trap","Flawless Dawnbreaker","Stampede","Venomous Claw","Molten Whip","Flames of Oblivion","Inspired Scholarship","Standard of Might"
"Sunspire","Yolnahkriin","https://www.esologs.com/reports/PpLBCgJ8zKqDhFfb#fight=39&type=summary&source=5","@HuffyTheFox","Knight Noelle","ardent-ass-herald-berserking-warrior-perfected-slivers-of-the-null-arca","dps","Ardent","Ass","Herald","Perfected Slivers of the Null Arca","Berserking Warrior","123084.8","16720.0","64.4","123084.8 DPS","","Selene Mask (Selene)","Perfected Null Arca Jack (Perfected Slivers of the Null Arca)","Selene Arm Cops (Selene)","Perfected Null Arca Bracers (Perfected Slivers of the Null Arca)","","Perfected Null Arca Guards (Perfected Slivers of the Null Arca)","Perfected Null Arca Boots (Perfected Slivers of the Null Arca)","","Ring of the Advancing Yokeda (Berserking Warrior)","Ring of the Advancing Yokeda (Berserking Warrior)","Dagger of the Advancing Yokeda (Berserking Warrior)","Dagger of the Advancing Yokeda (Berserking Warrior)","The Maelstrom's Perfected Greatsword (Perfected Merciless Charge)"," ()","Tentacular Dread","Relentless Focus","Escalating Runeblades","Killer's Blade","Barbed Trap","Incapacitating Strike","Exhilarating Drain","Stampede","Flames of Oblivion","Inspired Scholarship","Venomous Claw","Standard of Might"
"Sunspire","Yolnahkriin","https://www.esologs.com/reports/PpLBCgJ8zKqDhFfb#fight=39&type=summary&source=4","@birdy42","Gromash He'llbeam","ardent-ass-herald-berserking-warrior-perfected-slivers-of-the-null-arca","dps","Ardent","Ass","Herald","Perfected Slivers of the Null Arca","Berserking Warrior","121044.6","4490.7","59.4","121044.6 DPS","","Selene Mask (Selene)","Perfected Null Arca Jack (Perfected Slivers of the Null Arca)","Selene Arm Cops (Selene)","Perfected Null Arca Bracers (Perfected Slivers of the Null Arca)","","Perfected Null Arca Guards (Perfected Slivers of the Null Arca)","Perfected Null Arca Boots (Perfected Slivers of the Null Arca)","","Ring of the Advancing Yokeda (Berserking Warrior)","Ring of the Advancing Yokeda (Berserking Warrior)","Dagger of the Advancing Yokeda (Berserking Warrior)","Dagger of the Advancing Yokeda (Berserking Warrior)","The Maelstrom's Perfected Battle Axe (Perfected Merciless Charge)"," ()","Killer's Blade","Escalating Runeblades","Tentacular Dread","Deadly Cloak","Merciless Resolve","Incapacitating Strike","Flames of Oblivion","Stampede","Inspired Scholarship","Barbed Trap","Venomous Claw","Standard of Might"
"Sunspire","Yolnahkriin","https://www.esologs.com/reports/PpLBCgJ8zKqDhFfb#fight=39&type=summary&source=28","@Brassmoose","Naomi Archag am Arc'gah","ardent-ass-herald-berserking-warrior-perfected-slivers-of-the-null-arca","dps","Ardent","Ass","Herald","Perfected Slivers of the Null Arca","Berserking Warrior","133436.3","11986.0","76.5","133436.3 DPS",""," (Huntsman's Warmask)","Perfected Null Arca Jack (Perfected Slivers of the Null Arca)","Zaan Epaulets (Zaan)","Perfected Null Arca Bracers (Perfected Slivers of the Null Arca)","","Perfected Null Arca Guards (Perfected Slivers of the Null Arca)","Perfected Null Arca Boots (Perfected Slivers of the Null Arca)","","Ring of the Advancing Yokeda (Berserking Warrior)","Ring of the Advancing Yokeda (Berserking Warrior)","Dagger of the Advancing Yokeda (Berserking Warrior)","Dagger of the Advancing Yokeda (Berserking Warrior)","The Maelstrom's Perfected Greatsword (Perfected Merciless Charge)"," ()","Tentacular Dread","Escalating Runeblades","Relentless Focus","Killer's Blade","Barbed Trap","Incapacitating Strike","Stampede","Scalding Rune","Flames of Oblivion","Inspired Scholarship","Molten Whip","Standard of Might"
"Sunspire","Yolnahkriin","https://www.esologs.com/reports/PpLBCgJ8zKqDhFfb#fight=39&type=summary&source=5","@sf.grim","Grim Focus","ardent-ass-herald-berserking-warrior-perfected-slivers-of-the-null-arca","dps","Ardent","Ass","Herald","Perfected Slivers of the Null Arca","Berserking Warrior","134113.5","2011.0","80.3","134113.5 DPS",""," (Huntsman's Warmask)","Perfected Null Arca Jack (Perfected Slivers of the Null Arca)","Slimecraw Arm Cops (Slimecraw)","Perfected Null Arca Bracers (Perfected Slivers of the Null Arca)","","Perfected Null Arca Guards (Perfected Slivers of the Null Arca)","Perfected Null Arca Boots (Perfected Slivers of the Null Arca)","","Ring of the Advancing Yokeda (Berserking Warrior)","Ring of the Advancing Yokeda (Berserking Warrior)","Dagger of the Advancing Yokeda (Berserking Warrior)","Dagger of the Advancing Yokeda (Berserking Warrior)","The Maelstrom's Perfected Greatsword (Perfected Merciless Charge)"," ()","Escalating Runeblades","Barbed Trap","Tentacular Dread","Killer's Blade","Relentless Focus","Incapacitating Strike","Inspired Scholarship","Flames of Oblivion","Molten Whip","Venomous Claw","Stampede","Standard of Might"
"Sunspire","Yolnahkriin","https://www.esologs.com/reports/PpLBCgJ8zKqDhFfb#fight=39&type=summary&source=12","@GrEI3uI3JI9I","Unilosa","ardent-ass-herald-berserking-warrior-perfected-slivers-of-the-null-arca","dps","Ardent","Ass","Herald","Perfected Slivers of the Null Arca","Berserking Warrior","110410.7","19099.7","72.8","110410.7 DPS",""," (Huntsman's Warmask)","Perfected Null Arca Jack (Perfected Slivers of the Null Arca)","Slimecraw Arm Cops (Slimecraw)","Perfected Null Arca Bracers (Perfected Slivers of the Null Arca)","","Perfected Null Arca Guards (Perfected Slivers of the Null Arca)","Perfected Null Arca Boots (Perfected Slivers of the Null Arca)","","Ring of the Advancing Yokeda (Berserking Warrior)","Ring of the Advancing Yokeda (Berserking Warrior)","Dagger of the Advancing Yokeda (Berserking Warrior)","Dagger of the Advancing Yokeda (Berserking Warrior)","The Maelstrom's Perfected Greatsword (Perfected Merciless Charge)"," ()","Tentacular Dread","Escalating Runeblades","Killer's Blade","Relentless Focus","Barbed Trap","Incapacitating Strike","Flames of Oblivion","Stampede","Venomous Claw","Inspired Scholarship","Molten Whip","Standard of Might"
"Sunspire","Yolnahkriin","https://www.esologs.com/reports/PpLBCgJ8zKqDhFfb#fight=39&type=summary&source=103","@o_Temp","mouldering taint","ardent-ass-herald-deadly-strike-perfected-slivers-of-the-null-arca","dps","Ardent","Ass","Herald","Perfected Slivers of the Null Arca","Deadly Strike","128939.0","3454.4","56.5","128939.0 DPS","The Thief","Slimecraw Mask (Slimecraw)","Perfected Null Arca Jack (Perfected Slivers of the Null Arca)","Deadly Arm Cops (Deadly Strike)","Perfected Null Arca Bracers (Perfected Slivers of the Null Arca)","","Perfected Null Arca Guards (Perfected Slivers of the Null Arca)","Perfected Null Arca Boots (Perfected Slivers of the Null Arca)","","Deadly Ring (Deadly Strike)","Deadly Ring (Deadly Strike)","Deadly Dagger (Deadly Strike)","Deadly Dagger (Deadly Strike)","The Maelstrom's Perfected Greatsword (Perfected Merciless Charge)"," ()","Pragmatic Fatecarver","Flames of Oblivion","Cephaliarch's Flail","Quick Cloak","Shocking Banner (Class Mastery / Courage)","Incapacitating Strike","Stampede","Venomous Claw","Molten Whip","Inspired Scholarship","Shocking Banner (Class Mastery / Courage)","Standard of Might"
"Sunspire","Yolnahkriin","https://www.esologs.com/reports/PpLBCgJ8zKqDhFfb#fight=39&type=summary&source=2","@carl00","alan reet","ardent-ass-herald-deadly-strike-perfected-slivers-of-the-null-arca","dps","Ardent","Ass","Herald","Perfected Slivers of the Null Arca","Deadly Strike","123561.7","3915.8","62.9","123561.7 DPS","","Slimecraw Mask (Slimecraw)","Perfected Null Arca Jack (Perfected Slivers of the Null Arca)","Deadly Arm Cops (Deadly Strike)","Perfected Null Arca Bracers (Perfected Slivers of the Null Arca)","","Perfected Null Arca Guards (Perfected Slivers of the Null Arca)","Perfected Null Arca Boots (Perfected Slivers of the Null Arca)","","Deadly Ring (Deadly Strike)","Deadly Ring (Deadly Strike)","Deadly Dagger (Deadly Strike)","Deadly Dagger (Deadly Strike)","The Maelstrom's Perfected Greatsword (Perfected Merciless Charge)"," ()","Camouflaged Hunter","Pragmatic Fatecarver","Quick Cloak","Cephaliarch's Flail","Killer's Blade","Incapacitating Strike","Venomous Claw","Stampede","Inspired Scholarship","Molten Whip","Flames of Oblivion","Standard of Might"
"Sunspire","Yolnahkriin","https://www.esologs.com/reports/PpLBCgJ8zKqDhFfb#fight=39&type=summary&source=3","@IceHazeX","Arcanichaze","ardent-ass-herald-deadly-strike-perfected-slivers-of-the-null-arca","dps","Ardent","Ass","Herald","Perfected Slivers of the Null Arca","Deadly Strike","114728.4","5943.2","49.8","114728.4 DPS","","Slimecraw Mask (Slimecraw)","Perfected Null Arca Jack (Perfected Slivers of the Null Arca)","Deadly Arm Cops (Deadly Strike)","Perfected Null Arca Bracers (Perfected Slivers of the Null Arca)","","Perfected Null Arca Guards (Perfected Slivers of the Null Arca)","Perfected Null Arca Boots (Perfected Slivers of the Null Arca)","","Deadly Ring (Deadly Strike)","Deadly Ring (Deadly Strike)","Deadly Dagger (Deadly Strike)","Deadly Dagger (Deadly Strike)","The Maelstrom's Perfected Greatsword (Perfected Merciless Charge)"," ()","Banner Bearer","Cephaliarch's Flail","Killer's Blade","Quick Cloak","Pragmatic Fatecarver","Soul Harvest","Inspired Scholarship","Banner Bearer","Venomous Claw","Flames of Oblivion","Stampede","Standard of Might"
"Sunspire","Yolnahkriin","https://www.esologs.com/reports/PpLBCgJ8zKqDhFfb#fight=39&type=summary&source=26","@liminal.exe","Fūll Metal Arcanist","ardent-ass-herald-deadly-strike-perfected-slivers-of-the-null-arca","dps","Ardent","Ass","Herald","Perfected Slivers of the Null Arca","Deadly Strike","112820.1","5905.8","48.9","112820.1 DPS","","Slimecraw Mask (Slimecraw)","Perfected Null Arca Jack (Perfected Slivers of the Null Arca)","Deadly Arm Cops (Deadly Strike)","Perfected Null Arca Bracers (Perfected Slivers of the Null Arca)","","Perfected Null Arca Guards (Perfected Slivers of the Null Arca)","Perfected Null Arca Boots (Perfected Slivers of the Null Arca)","","Deadly Ring (Deadly Strike)","Deadly Ring (Deadly Strike)","Deadly Dagger (Deadly Strike)","Deadly Dagger (Deadly Strike)","The Maelstrom's Perfected Greatsword (Perfected Merciless Charge)"," ()","Pragmatic Fatecarver","Cephaliarch's Flail","Deadly Cloak","Killer's Blade","Camouflaged Hunter","Incapacitating Strike","Stampede","Inspired Scholarship","Venomous Claw","Flames of Oblivion","Molten Whip","Standard of Might"
"Sunspire","Yolnahkriin","https://www.esologs.com/reports/PpLBCgJ8zKqDhFfb#fight=39&type=summary&source=7","@Zorbzan","My Dying Wish","ardent-ass-herald-deadly-strike-perfected-slivers-of-the-null-arca","dps","Ardent","Ass","Herald","Deadly Strike","Perfected Slivers of the Null Arca","102436.1","3862.5","42.4","102436.1 DPS","","Nerien'eth Mask (Nerien'eth)","Perfected Null Arca Jack (Perfected Slivers of the Null Arca)","Nerien'eth Arm Cops (Nerien'eth)","Perfected Null Arca Bracers (Perfected Slivers of the Null Arca)","","Perfected Null Arca Guards (Perfected Slivers of the Null Arca)","Deadly Boots (Deadly Strike)","","Deadly Ring (Deadly Strike)","Deadly Ring (Deadly Strike)","Deadly Dagger (Deadly Strike)","Deadly Dagger (Deadly Strike)","The Maelstrom's Perfected Greatsword (Perfected Merciless Charge)"," ()","Cephaliarch's Flail","Pragmatic Fatecarver","Molten Whip","Quick Cloak","Banner Bearer","Incapacitating Strike","Stampede","Sundering Trample","Inspired Scholarship","Flames of Oblivion","Banner Bearer","Standard of Might"
"Sunspire","Yolnahkriin","https://www.esologs.com/reports/PpLBCgJ8zKqDhFfb#fight=39&type=summary&source=5","@OneAutumn'Leaf","Evelyx","ardent-ass-herald-deadly-strike-perfected-slivers-of-the-null-arca","dps","Ardent","Ass","Herald","Perfected Slivers of the Null Arca","Deadly Strike","121890.5","6704.1","43.1","121890.5 DPS","","Slimecraw Guise (Slimecraw)","Perfected Null Arca Jack (Perfected Slivers of the Null Arca)","Deadly Arm Cops (Deadly Strike)","Perfected Null Arca Bracers (Perfected Slivers of the Null Arca)","","Perfected Null Arca Guards (Perfected Slivers of the Null Arca)","Perfected Null Arca Boots (Perfected Slivers of the Null Arca)","","Deadly Ring (Deadly Strike)","Deadly Ring (Deadly Strike)","Deadly Dagger (Deadly Strike)","Deadly Dagger (Deadly Strike)","The Maelstrom's Perfected Greatsword (Perfected Merciless Charge)"," ()","Cephaliarch's Flail","Killer's Blade","Pragmatic Fatecarver","Merciless Resolve","Quick Cloak","Incapacitating Strike","Stampede","Inspired Scholarship","Flames of Oblivion","Venomous Claw","Molten Whip","Standard of Might"
"Sunspire","Yolnahkriin","https://www.esologs.com/reports/PpLBCgJ8zKqDhFfb#fight=39&type=summary&source=5","@JosephSMT","Josephsmt","ardent-ass-herald-deadly-strike-perfected-slivers-of-the-null-arca","dps","Ardent","Ass","Herald","Perfected Slivers of the Null Arca","Deadly Strike","125768.2","6855.4","36.2","125768.2 DPS","","Slimecraw Guise (Slimecraw)","Perfected Null Arca Jack (Perfected Slivers of the Null Arca)","Deadly Arm Cops (Deadly Strike)","Perfected Null Arca Bracers (Perfected Slivers of the Null Arca)","","Perfected Null Arca Guards (Perfected Slivers of the Null Arca)","Perfected Null Arca Boots (Perfected Slivers of the Null Arca)","","Deadly Ring (Deadly Strike)","Deadly Ring (Deadly Strike)","Deadly Dagger (Deadly Strike)","Deadly Dagger (Deadly Strike)","The Maelstrom's Perfected Greatsword (Perfected Merciless Charge)"," ()","Pragmatic Fatecarver","Cephaliarch's Flail","Noxious Breath","Quick Cloak","Camouflaged Hunter","Incapacitating Strike","Flames of Oblivion","Stampede","Inspired Scholarship","Venomous Claw","Molten Whip","Standard of Might"
"Sunspire","Yolnahkriin","https://www.esologs.com/reports/PpLBCgJ8zKqDhFfb#fight=39&type=summary&source=3","@Filishy","Grimmarika","ardent-ass-herald-deadly-strike-perfected-slivers-of-the-null-arca","dps","Ardent","Ass","Herald","Deadly Strike","Perfected Slivers of the Null Arca","112601.1","7987.1","27.7","112601.1 DPS","","Deadly Helmet (Deadly Strike)","Perfected Null Arca Jack (Perfected Slivers of the Null Arca)","Slimecraw Epaulets (Slimecraw)","Perfected Null Arca Bracers (Perfected Slivers of the Null Arca)","","Perfected Null Arca Guards (Perfected Slivers of the Null Arca)","Perfected Null Arca Boots (Perfected Slivers of the Null Arca)","","Deadly Ring (Deadly Strike)","Deadly Ring (Deadly Strike)","Deadly Dagger (Deadly Strike)","Deadly Dagger (Deadly Strike)","The Maelstrom's Perfected Greatsword (Perfected Merciless Charge)"," ()","Cephaliarch's Flail","Quick Cloak","Pragmatic Fatecarver","Killer's Blade","Banner Bearer","Incapacitating Strike","Flames of Oblivion","Inspired Scholarship","Stampede","Venomous Claw","Banner Bearer","Standard of Might"
"Sunspire","Yolnahkriin","https://www.esologs.com/reports/PpLBCgJ8zKqDhFfb#fight=39&type=summary&source=100","@bleakirl","Warfaerin","ardent-herald-spear-deadly-strike-perfected-slivers-of-the-null-arca","dps","Ardent","Spear","Herald","Deadly Strike","Perfected Slivers of the Null Arca","131298.2","2955.0","53.1","131298.2 DPS","","Deadly Helmet (Deadly Strike)","Perfected Null Arca Jack (Perfected Slivers of the Null Arca)","Slimecraw Epaulets (Slimecraw)","Perfected Null Arca Bracers (Perfected Slivers of the Null Arca)","","Perfected Null Arca Guards (Perfected Slivers of the Null Arca)","Perfected Null Arca Boots (Perfected Slivers of the Null Arca)","","Deadly Ring (Deadly Strike)","Deadly Ring (Deadly Strike)","Deadly Dagger (Deadly Strike)","Deadly Dagger (Deadly Strike)","The Maelstrom's Perfected Greatsword (Perfected Merciless Charge)"," ()","Cephaliarch's Flail","Quick Cloak","Flames of Oblivion","Pragmatic Fatecarver","Camouflaged Hunter","Crescent Sweep","Stampede","Inspired Scholarship","Fulminating Rune","Venomous Claw","Molten Whip","The Languid Eye"
"Sunspire","Yolnahkriin","https://www.esologs.com/reports/PpLBCgJ8zKqDhFfb#fight=39&type=summary&source=5","@Rymorc","Hold my beam","ardent-herald-spear-deadly-strike-perfected-slivers-of-the-null-arca","dps","Ardent","Spear","Herald","Perfected Slivers of the Null Arca","Deadly Strike","94514.1","5119.3","32.6","94514.1 DPS","","Slimecraw Mask (Slimecraw)","Perfected Null Arca Jack (Perfected Slivers of the Null Arca)","Perfected Null Arca Arm Cops (Perfected Slivers of the Null Arca)","Deadly Bracers (Deadly Strike)","","Deadly Guards (Deadly Strike)","Deadly Boots (Deadly Strike)","","Deadly Ring (Deadly Strike)","Deadly Ring (Deadly Strike)","Perfected Null Arca Dagger (Perfected Slivers of the Null Arca)","Perfected Null Arca Dagger (Perfected Slivers of the Null Arca)","The Maelstrom's Perfected Greatsword (Perfected Merciless Charge)"," ()","Cephaliarch's Flail","Pragmatic Fatecarver","Molten Whip","Quick Cloak","Banner Bearer","Crescent Sweep","Magical Trample","Inspired Scholarship","Flames of Oblivion","Stampede","Banner Bearer","Standard of Might"
"Sunspire","Yolnahkriin","https://www.esologs.com/reports/PpLBCgJ8zKqDhFfb#fight=39&type=summary&source=12","@FzFrost","Syndra Melaina","ardent-herald-spear-deadly-strike-perfected-slivers-of-the-null-arca","dps","Ardent","Spear","Herald","Perfected Slivers of the Null Arca","Deadly Strike","136020.5","9329.1","34.8","136020.5 DPS","","Slimecraw Guise (Slimecraw)","Perfected Null Arca Jack (Perfected Slivers of the Null Arca)","Deadly Arm Cops (Deadly Strike)","Perfected Null Arca Bracers (Perfected Slivers of the Null Arca)","","Perfected Null Arca Guards (Perfected Slivers of the Null Arca)","Perfected Null Arca Boots (Perfected Slivers of the Null Arca)","","Deadly Ring (Deadly Strike)","Deadly Ring (Deadly Strike)","Deadly Dagger (Deadly Strike)","Deadly Dagger (Deadly Strike)","The Maelstrom's Perfected Greatsword (Perfected Merciless Charge)"," ()","Cephaliarch's Flail","Exhausting Fatecarver","Quick Cloak","Blazing Spear","Barbed Trap","Flawless Dawnbreaker","Stampede","Inspired Scholarship","Flames of Oblivion","Sundering Trample","Molten Whip","Standard of Might"
"Sunspire","Yolnahkriin","https://www.esologs.com/reports/PpLBCgJ8zKqDhFfb#fight=39&type=summary&source=6","@Sweetiieh","Kattieh","ardent-herald-spear-deadly-strike-perfected-slivers-of-the-null-arca","dps","Ardent","Spear","Herald","Perfected Slivers of the Null Arca","Deadly Strike","111477.8","6188.3","41.6","111477.8 DPS","","Slimecraw Guise (Slimecraw)","Perfected Null Arca Jack (Perfected Slivers of the Null Arca)","Deadly Arm Cops (Deadly Strike)","Perfected Null Arca Bracers (Perfected Slivers of the Null Arca)","","Perfected Null Arca Guards (Perfected Slivers of the Null Arca)","Perfected Null Arca Boots (Perfected Slivers of the Null Arca)","","Deadly Ring (Deadly Strike)","Deadly Ring (Deadly Strike)","Deadly Dagger (Deadly Strike)","Deadly Dagger (Deadly Strike)","The Maelstrom's Perfected Inferno Staff (Perfected Crushing Wall)"," ()","Blazing Spear","Cephaliarch's Flail","Pragmatic Fatecarver","Quick Cloak","Venomous Claw","The Languid Eye","Engulfing Flames","Molten Whip","Elemental Blockade","Inspired Scholarship","Flames of Oblivion","Standard of Might"
"Sunspire","Yolnahkriin","https://www.esologs.com/reports/PpLBCgJ8zKqDhFfb#fight=39&type=summary&source=5","@Ailce.tup","Dalziel Ko'Nahr","ardent-herald-spear-deadly-strike-perfected-slivers-of-the-null-arca","dps","Ardent","Spear","Herald","Perfected Slivers of the Null Arca","Deadly Strike","110742.0","8623.2","30.2","110742.0 DPS","","Slimecraw Mask (Slimecraw)","Perfected Null Arca Jack (Perfected Slivers of the Null Arca)","Deadly Arm Cops (Deadly Strike)","Perfected Null Arca Bracers (Perfected Slivers of the Null Arca)","","Perfected Null Arca Guards (Perfected Slivers of the Null Arca)","Perfected Null Arca Boots (Perfected Slivers of the Null Arca)","","Deadly Ring (Deadly Strike)","Deadly Ring (Deadly Strike)","Deadly Dagger (Deadly Strike)","Deadly Dagger (Deadly Strike)","The Maelstrom's Perfected Greatsword (Perfected Merciless Charge)"," ()","Quick Cloak","Cephaliarch's Flail","Pragmatic Fatecarver","Venomous Claw","Banner Bearer","Everlasting Sweep","Inspired Scholarship","Flames of Oblivion","Stampede","Molten Whip","Banner Bearer","Standard of Might"
"Sunspire","Yolnahkriin","https://www.esologs.com/reports/PpLBCgJ8zKqDhFfb#fight=39&type=summary&source=8","@Ebelix","I Arcania I","ardent-herald-spear-deadly-strike-perfected-slivers-of-the-null-arca","dps","Ardent","Spear","Herald","Perfected Slivers of the Null Arca","Deadly Strike","117737.9","5953.3","29.4","117737.9 DPS","","Slimecraw Guise (Slimecraw)","Perfected Null Arca Jack (Perfected Slivers of the Null Arca)","Perfected Null Arca Arm Cops (Perfected Slivers of the Null Arca)","Perfected Null Arca Bracers (Perfected Slivers of the Null Arca)","","Perfected Null Arca Guards (Perfected Slivers of the Null Arca)","Perfected Null Arca Boots (Perfected Slivers of the Null Arca)","","Deadly Ring (Deadly Strike)","Deadly Ring (Deadly Strike)","Deadly Dagger (Deadly Strike)","Deadly Dagger (Deadly Strike)","The Maelstrom's Perfected Greatsword (Perfected Merciless Charge)"," ()","Cephaliarch's Flail","Venomous Claw","Pragmatic Fatecarver","Camouflaged Hunter","Quick Cloak","Crescent Sweep","Stampede","Flames of Oblivion","Fulminating Rune","Scalding Rune","Inspired Scholarship","Standard of Might"
"Sunspire","Yolnahkriin","https://www.esologs.com/reports/PpLBCgJ8zKqDhFfb#fight=39&type=summary&source=1","@KnotXavvy","Might-Be-Argonian","ardent-herald-spear-deadly-strike-perfected-slivers-of-the-null-arca","dps","Ardent","Spear","Herald","Perfected Slivers of the Null Arca","Deadly Strike","103228.1","4359.2","44.3","103228.1 DPS","","Valkyn Skoria Guise (Valkyn Skoria)","Perfected Null Arca Jack (Perfected Slivers of the Null Arca)","Deadly Arm Cops (Deadly Strike)","Perfected Null Arca Bracers (Perfected Slivers of the Null Arca)","","Perfected Null Arca Guards (Perfected Slivers of the Null Arca)","Perfected Null Arca Boots (Perfected Slivers of the Null Arca)","","Deadly Ring (Deadly Strike)","Deadly Ring (Deadly Strike)","Deadly Dagger (Deadly Strike)","Deadly Dagger (Deadly Strike)","The Maelstrom's Perfected Greatsword (Perfected Merciless Charge)"," ()","Cephaliarch's Flail","Pragmatic Fatecarver","Venomous Claw","Barbed Trap","Quick Cloak","Crescent Sweep","Inspired Scholarship","Flames of Oblivion","Stampede","Fulminating Rune","Molten Whip","Standard of Might"
"Sunspire","Yolnahkriin","https://www.esologs.com/reports/PpLBCgJ8zKqDhFfb#fight=39&type=summary&source=4","@ABales","Daehiro","ardent-herald-spear-deadly-strike-perfected-slivers-of-the-null-arca","dps","Ardent","Spear","Herald","Perfected Slivers of the Null Arca","Deadly Strike","112263.3","9055.4","31.4","112263.3 DPS","","Perfected Null Arca Helmet (Perfected Slivers of the Null Arca)","Perfected Null Arca Jack (Perfected Slivers of the Null Arca)","Slimecraw Epaulets (Slimecraw)","Deadly Bracers (Deadly Strike)","","Deadly Guards (Deadly Strike)","Perfected Null Arca Boots (Perfected Slivers of the Null Arca)","","Perfected Null Arca Ring (Perfected Slivers of the Null Arca)","Perfected Null Arca Ring (Perfected Slivers of the Null Arca)","Deadly Dagger (Deadly Strike)","Deadly Dagger (Deadly Strike)","The Maelstrom's Perfected Inferno Staff (Perfected Crushing Wall)"," ()","Pragmatic Fatecarver","Quick Cloak","Blazing Spear","Cephaliarch's Flail","Camouflaged Hunter","Flawless Dawnbreaker","Elemental Blockade","Flames of Oblivion","Venomous Claw","Inspired Scholarship","Molten Whip","Standard of Might"
"Sunspire","Yolnahkriin","https://www.esologs.com/reports/K7Gc4JhPWvmtY91M#fight=9&type=summary&source=11","@Kaddikat","Sleeps-when-Possible","ardent-herald-spear-highland-sentinel-perfected-slivers-of-the-null-arca","dps","Ardent","Spear","Herald","Perfected Slivers of the Null Arca","Highland Sentinel","116673.2","7114.0","49.1","116673.2 DPS","","Nerien'eth Mask (Nerien'eth)","Perfected Null Arca Jack (Perfected Slivers of the Null Arca)","Nerien'eth Epaulets (Nerien'eth)","Perfected Null Arca Bracers (Perfected Slivers of the Null Arca)","","Perfected Null Arca Guards (Perfected Slivers of the Null Arca)","Perfected Null Arca Boots (Perfected Slivers of the Null Arca)","","Highland Sentinel Ring (Highland Sentinel)","Highland Sentinel Ring (Highland Sentinel)","Highland Sentinel Dagger (Highland Sentinel)","Highland Sentinel Dagger (Highland Sentinel)","The Maelstrom's Perfected Greatsword (Perfected Merciless Charge)"," ()","Barbed Trap","Cephaliarch's Flail","Pragmatic Fatecarver","Quick Cloak","Banner Bearer","Crescent Sweep","Stampede","Flames of Oblivion","Molten Whip","Inspired Scholarship","Banner Bearer","Standard of Might"
"Sunspire","Yolnahkriin","https://www.esologs.com/reports/K7Gc4JhPWvmtY91M#fight=9&type=summary&source=37","@Adaventi","Viridis Pugnator","ardent-herald-spear-highland-sentinel-perfected-slivers-of-the-null-arca","dps","Ardent","Spear","Herald","Highland Sentinel","Perfected Slivers of the Null Arca","162325.6","6446.7","44.8","162325.6 DPS","","Slimecraw Mask (Slimecraw)","Highland Sentinel Jack (Highland Sentinel)","Perfected Null Arca Arm Cops (Perfected Slivers of the Null Arca)","Highland Sentinel Bracers (Highland Sentinel)","","Highland Sentinel Guards (Highland Sentinel)","Highland Sentinel Boots (Highland Sentinel)","","Perfected Null Arca Ring (Perfected Slivers of the Null Arca)","Perfected Null Arca Ring (Perfected Slivers of the Null Arca)","Perfected Null Arca Dagger (Perfected Slivers of the Null Arca)","Perfected Null Arca Dagger (Perfected Slivers of the Null Arca)","The Maelstrom's Perfected Greatsword (Perfected Merciless Charge)"," ()","Barbed Trap","Cephaliarch's Flail","Pragmatic Fatecarver","Quick Cloak","Venomous Claw","Everlasting Sweep","Inspired Scholarship","Engulfing Flames","Flames of Oblivion","Stampede","Molten Whip","Standard of Might"
"Sunspire","Yolnahkriin","https://www.esologs.com/reports/K7Gc4JhPWvmtY91M#fight=9&type=summary&source=9","@Adaventi","Viridis Pugnator","ardent-herald-spear-highland-sentinel-perfected-slivers-of-the-null-arca","dps","Ardent","Spear","Herald","Highland Sentinel","Perfected Slivers of the Null Arca","135598.7","6804.0","56.8","135598.7 DPS","","Slimecraw Mask (Slimecraw)","Highland Sentinel Jack (Highland Sentinel)","Perfected Null Arca Arm Cops (Perfected Slivers of the Null Arca)","Highland Sentinel Bracers (Highland Sentinel)","","Highland Sentinel Guards (Highland Sentinel)","Highland Sentinel Boots (Highland Sentinel)","","Perfected Null Arca Ring (Perfected Slivers of the Null Arca)","Perfected Null Arca Ring (Perfected Slivers of the Null Arca)","Perfected Null Arca Dagger (Perfected Slivers of the Null Arca)","Perfected Null Arca Dagger (Perfected Slivers of the Null Arca)","The Maelstrom's Perfected Greatsword (Perfected Merciless Charge)"," ()","Barbed Trap","Cephaliarch's Flail","Pragmatic Fatecarver","Quick Cloak","Flames of Oblivion","Everlasting Sweep","Inspired Scholarship","Venomous Claw","Engulfing Flames","Stampede","Molten Whip","Standard of Might"
"Sunspire","Yolnahkriin","https://www.esologs.com/reports/K7Gc4JhPWvmtY91M#fight=9&type=summary&source=2","@Arontil","Aront'l","ardent-herald-spear-highland-sentinel-perfected-slivers-of-the-null-arca","dps","Ardent","Spear","Herald","Perfected Slivers of the Null Arca","Highland Sentinel","115861.2","5192.1","33.8","115861.2 DPS","","Nerien'eth Mask (Nerien'eth)","Perfected Null Arca Jack (Perfected Slivers of the Null Arca)","Nerien'eth Epaulets (Nerien'eth)","Perfected Null Arca Bracers (Perfected Slivers of the Null Arca)","","Perfected Null Arca Guards (Perfected Slivers of the Null Arca)","Perfected Null Arca Boots (Perfected Slivers of the Null Arca)","","Highland Sentinel Ring (Highland Sentinel)","Highland Sentinel Ring (Highland Sentinel)","Highland Sentinel Dagger (Highland Sentinel)","Highland Sentinel Dagger (Highland Sentinel)","The Maelstrom's Greatsword (Merciless Charge)"," ()","Banner Bearer","Quick Cloak","Venomous Claw","Cephaliarch's Flail","Pragmatic Fatecarver","Crescent Sweep","Banner Bearer","Inspired Scholarship","Magical Trample","Stampede","Flames of Oblivion","Standard of Might"
"Sunspire","Yolnahkriin","https://www.esologs.com/reports/K7Gc4JhPWvmtY91M#fight=9&type=summary&source=12","@NMZii","Nomi Nyx","ardent-herald-spear-highland-sentinel-perfected-slivers-of-the-null-arca","dps","Ardent","Spear","Herald","Highland Sentinel","Perfected Slivers of the Null Arca","115744.1","6955.1","34.3","115744.1 DPS","","Slimecraw Guise (Slimecraw)","Highland Sentinel Jack (Highland Sentinel)","Highland Sentinel Arm Cops (Highland Sentinel)","Highland Sentinel Bracers (Highland Sentinel)","","Highland Sentinel Guards (Highland Sentinel)","Perfected Null Arca Boots (Perfected Slivers of the Null Arca)","","Perfected Null Arca Ring (Perfected Slivers of the Null Arca)","Perfected Null Arca Ring (Perfected Slivers of the Null Arca)","Perfected Null Arca Dagger (Perfected Slivers of the Null Arca)","Perfected Null Arca Dagger (Perfected Slivers of the Null Arca)","The Maelstrom's Perfected Greatsword (Perfected Merciless Charge)"," ()","Blazing Spear","Camouflaged Hunter","Quick Cloak","Cephaliarch's Flail","Pragmatic Fatecarver","Flawless Dawnbreaker","Venomous Claw","Molten Whip","Inspired Scholarship","Flames of Oblivion","Stampede","Standard of Might"
"Sunspire","Yolnahkriin","https://www.esologs.com/reports/K7Gc4JhPWvmtY91M#fight=9&type=summary&source=7","@Amenokai","Anode Cathode","ardent-herald-spear-highland-sentinel-perfected-slivers-of-the-null-arca","dps","Ardent","Spear","Herald","Perfected Slivers of the Null Arca","Highland Sentinel","129192.5","8051.7","48.8","129192.5 DPS","","Nerien'eth Mask (Nerien'eth)","Perfected Null Arca Jack (Perfected Slivers of the Null Arca)","Nerien'eth Arm Cops (Nerien'eth)","Perfected Null Arca Bracers (Perfected Slivers of the Null Arca)","","Perfected Null Arca Guards (Perfected Slivers of the Null Arca)","Perfected Null Arca Boots (Perfected Slivers of the Null Arca)","","Highland Sentinel Ring (Highland Sentinel)","Highland Sentinel Ring (Highland Sentinel)","Highland Sentinel Dagger (Highland Sentinel)","Highland Sentinel Dagger (Highland Sentinel)","The Maelstrom's Perfected Greatsword (Perfected Merciless Charge)"," ()","Cephaliarch's Flail","Quick Cloak","Blazing Spear","Camouflaged Hunter","Pragmatic Fatecarver","Flawless Dawnbreaker","Stampede","Venomous Claw","Flames of Oblivion","Molten Whip","Inspired Scholarship","The Languid Eye"
"Sunspire","Yolnahkriin","https://www.esologs.com/reports/PpLBCgJ8zKqDhFfb#fight=39&type=summary&source=95","@Mr_Loadz","Mr Load z","ardent-ass-grave-roar-of-alkosh-zens-redress","dps","Ardent","Ass","Grave","Z'en's Redress","Roar of Alkosh","79110.9","2721.9","66.5","79110.9 DPS","","Slimecraw Mask (Slimecraw)","Cryptcanon Vestments (Cryptcanon Vestments)","Z'en's Epaulets (Z'en's Redress)","Bracers of Alkosh (Roar of Alkosh)","","Guards of Alkosh (Roar of Alkosh)","Boots of Alkosh (Roar of Alkosh)","","Z'en's Ring (Z'en's Redress)","Z'en's Ring (Z'en's Redress)","Z'en's Dagger (Z'en's Redress)","Z'en's Dagger (Z'en's Redress)","The Maelstrom's Perfected Greatsword (Perfected Merciless Charge)"," ()","Detonating Siphon","Killer's Blade","Blighted Blastbones","Shattering Knife (Warrior's Opportunity / Berserk)","Relentless Focus","Crypt Transfer","Venomous Claw","Stampede","Barbed Trap","Engulfing Flames","Flames of Oblivion","Crypt Transfer"
"Sunspire","Yolnahkriin","https://www.esologs.com/reports/PpLBCgJ8zKqDhFfb#fight=39&type=summary&source=30","@Mr_Loadz","Mr Load z","ardent-ass-grave-roar-of-alkosh-zens-redress","dps","Ardent","Ass","Grave","Z'en's Redress","Roar of Alkosh","83063.6","7355.6","79.2","83063.6 DPS","","Slimecraw Mask (Slimecraw)","Cryptcanon Vestments (Cryptcanon Vestments)","Z'en's Epaulets (Z'en's Redress)","Bracers of Alkosh (Roar of Alkosh)","","Guards of Alkosh (Roar of Alkosh)","Boots of Alkosh (Roar of Alkosh)","","Z'en's Ring (Z'en's Redress)","Z'en's Ring (Z'en's Redress)","Z'en's Dagger (Z'en's Redress)","Z'en's Dagger (Z'en's Redress)","The Maelstrom's Perfected Greatsword (Perfected Merciless Charge)"," ()","Detonating Siphon","Killer's Blade","Blighted Blastbones","Shattering Knife (Warrior's Opportunity / Berserk)","Relentless Focus","Crypt Transfer","Venomous Claw","Stampede","Barbed Trap","Engulfing Flames","Flames of Oblivion","Crypt Transfer"
"Sunspire","Yolnahkriin","https://www.esologs.com/reports/PpLBCgJ8zKqDhFfb#fight=39&type=summary&source=12","@Rpsnyder","Zen Kosh Prisoner","ardent-ass-grave-roar-of-alkosh-zens-redress","dps","Ardent","Ass","Grave","Roar of Alkosh","Z'en's Redress","78437.0","3945.5","64.1","78437.0 DPS",""," (Huntsman's Warmask)","Jack of Alkosh (Roar of Alkosh)","Slimecraw Arm Cops (Slimecraw)","Bracers of Alkosh (Roar of Alkosh)","","Guards of Alkosh (Roar of Alkosh)","Boots of Alkosh (Roar of Alkosh)","","Z'en's Ring (Z'en's Redress)","Z'en's Ring (Z'en's Redress)","Z'en's Dagger (Z'en's Redress)","Z'en's Dagger (Z'en's Redress)","The Maelstrom's Greatsword (Merciless Charge)"," ()","Shattering Knife","Blighted Blastbones","Barbed Trap","Killer's Blade","Relentless Focus","Soul Harvest","Stampede","Avid Boneyard","Flames of Oblivion","Venomous Claw","Engulfing Flames","Standard of Might"
"Sunspire","Yolnahkriin","https://www.esologs.com/reports/PpLBCgJ8zKqDhFfb#fight=39&type=summary&source=7","@Glacial.Skadi","Kara'Xes","ardent-ass-grave-roar-of-alkosh-zens-redress","dps","Ardent","Ass","Grave","Roar of Alkosh","Z'en's Redress","87377.0","8058.9","65.3","87377.0 DPS","","Slimecraw Mask (Slimecraw)","Cryptcanon Vestments (Cryptcanon Vestments)","Arm Cops of Alkosh (Roar of Alkosh)","Bracers of Alkosh (Roar of Alkosh)","","Guards of Alkosh (Roar of Alkosh)","Boots of Alkosh (Roar of Alkosh)","","Z'en's Ring (Z'en's Redress)","Z'en's Ring (Z'en's Redress)","Z'en's Dagger (Z'en's Redress)","Z'en's Dagger (Z'en's Redress)","The Maelstrom's Perfected Greatsword (Perfected Merciless Charge)"," ()","Blighted Blastbones","Killer's Blade","Shattering Knife","Merciless Resolve","Barbed Trap","Incapacitating Strike","Venomous Claw","Flames of Oblivion","Stampede","Scalding Rune","Engulfing Flames","Standard of Might"
"Sunspire","Yolnahkriin","https://www.esologs.com/reports/PpLBCgJ8zKqDhFfb#fight=39&type=summary&source=7","@Erroza","Erroza","ardent-ass-grave-roar-of-alkosh-zens-redress","dps","Ardent","Ass","Grave","Roar of Alkosh","Z'en's Redress","97714.3","12283.9","74.9","97714.3 DPS",""," (Huntsman's Warmask)","Jack of Alkosh (Roar of Alkosh)","Slimecraw Arm Cops (Slimecraw)","Bracers of Alkosh (Roar of Alkosh)","","Guards of Alkosh (Roar of Alkosh)","Boots of Alkosh (Roar of Alkosh)","","Z'en's Ring (Z'en's Redress)","Z'en's Ring (Z'en's Redress)","Z'en's Dagger (Z'en's Redress)","Z'en's Axe (Z'en's Redress)","The Maelstrom's Perfected Greatsword (Perfected Merciless Charge)"," ()","Impale","Shattering Knife","Blighted Blastbones","Merciless Resolve","Detonating Siphon","Incapacitating Strike","Barbed Trap","Stampede","Flames of Oblivion","Venomous Claw","Engulfing Flames","Standard of Might"
"Sunspire","Yolnahkriin","https://www.esologs.com/reports/RwFhKBLHD6gydzmQ#fight=19&type=summary&source=36","@Athic","Sathrys Aran","ardent-herald-spear-perfected-slivers-of-the-null-arca-unknown","dps","Ardent","Spear","Herald","Perfected Slivers of the Null Arca","Nerien'eth","131034.0","5191.4","40.6","131034.0 DPS","","Nerien'eth Mask (Nerien'eth)","Perfected Null Arca Jack (Perfected Slivers of the Null Arca)","Nerien'eth Arm Cops (Nerien'eth)","Perfected Null Arca Bracers (Perfected Slivers of the Null Arca)","","Perfected Null Arca Guards (Perfected Slivers of the Null Arca)","Perfected Null Arca Boots (Perfected Slivers of the Null Arca)","","Ring of the Advancing Yokeda (Berserking Warrior)","Ring of the Advancing Yokeda (Berserking Warrior)","Blackrose Perfected Dagger (Perfected Spectral Cloak)","Blackrose Perfected Dagger (Perfected Spectral Cloak)","The Maelstrom's Perfected Greatsword (Perfected Merciless Charge)"," ()","Quick Cloak","Exhausting Fatecarver","Fulminating Rune","Cephaliarch's Flail","Camouflaged Hunter","Crescent Sweep","Scalding Rune","Flames of Oblivion","Inspired Scholarship","Stampede","Sundering Trample","Standard of Might"
"Sunspire","Yolnahkriin","https://www.esologs.com/reports/RwFhKBLHD6gydzmQ#fight=19&type=summary&source=32","@xXRed-Bau5Xx","Barchanist","ardent-herald-spear-perfected-slivers-of-the-null-arca-unknown","dps","Ardent","Spear","Herald","Perfected Slivers of the Null Arca","Nerien'eth","124616.9","4821.8","37.7","124616.9 DPS","","Nerien'eth Guise (Nerien'eth)","Perfected Null Arca Jack (Perfected Slivers of the Null Arca)","Nerien'eth Arm Cops (Nerien'eth)","Perfected Null Arca Bracers (Perfected Slivers of the Null Arca)","","Perfected Null Arca Guards (Perfected Slivers of the Null Arca)","Perfected Null Arca Boots (Perfected Slivers of the Null Arca)","","Highland Sentinel Ring (Highland Sentinel)","Highland Sentinel Ring (Highland Sentinel)","Blackrose Perfected Dagger (Perfected Spectral Cloak)","Blackrose Perfected Dagger (Perfected Spectral Cloak)","The Maelstrom's Perfected Greatsword (Perfected Merciless Charge)"," ()","Venomous Claw","Cephaliarch's Flail","Pragmatic Fatecarver","Quick Cloak","Camouflaged Hunter","Crescent Sweep","Stampede","Inspired Scholarship","Flames of Oblivion","Scalding Rune","Magical Trample","Standard of Might"
"Sunspire","Yolnahkriin","https://www.esologs.com/reports/RwFhKBLHD6gydzmQ#fight=19&type=summary&source=7","@Comasaurus","Onlybeam","ardent-herald-spear-perfected-slivers-of-the-null-arca-unknown","dps","Ardent","Spear","Herald","Perfected Slivers of the Null Arca","Nerien'eth","108089.2","3315.0","41.8","108089.2 DPS","","Nerien'eth Guise (Nerien'eth)","Perfected Null Arca Jack (Perfected Slivers of the Null Arca)","Nerien'eth Arm Cops (Nerien'eth)","Perfected Null Arca Bracers (Perfected Slivers of the Null Arca)","","Perfected Null Arca Guards (Perfected Slivers of the Null Arca)","Perfected Null Arca Boots (Perfected Slivers of the Null Arca)","","Highland Sentinel Ring (Highland Sentinel)","Highland Sentinel Ring (Highland Sentinel)","The Maelstrom's Perfected Greatsword (Perfected Merciless Charge)"," ()","Blackrose Perfected Dagger (Perfected Spectral Cloak)","Blackrose Perfected Dagger (Perfected Spectral Cloak)","Stampede","Flames of Oblivion","Inspired Scholarship","Pestilent Trample (Cavalier's Charge / Heroism)","Shocking Banner (Cavalier's Charge / Courage)","Standard of Might","Cephaliarch's Flail","Fulminating Rune","Pragmatic Fatecarver","Quick Cloak","Shocking Banner (Cavalier's Charge / Courage)","Crescent Sweep"
"Sunspire","Yolnahkriin","https://www.esologs.com/reports/RwFhKBLHD6gydzmQ#fight=19&type=summary&source=4","@xXRed-Bau5Xx","Barchanist","ardent-herald-spear-perfected-slivers-of-the-null-arca-unknown","dps","Ardent","Spear","Herald","Perfected Slivers of the Null Arca","Nerien'eth","119440.6","4146.7","52.4","119440.6 DPS","","Nerien'eth Guise (Nerien'eth)","Perfected Null Arca Jack (Perfected Slivers of the Null Arca)","Nerien'eth Arm Cops (Nerien'eth)","Perfected Null Arca Bracers (Perfected Slivers of the Null Arca)","","Perfected Null Arca Guards (Perfected Slivers of the Null Arca)","Perfected Null Arca Boots (Perfected Slivers of the Null Arca)","","Highland Sentinel Ring (Highland Sentinel)","Highland Sentinel Ring (Highland Sentinel)","Blackrose Perfected Dagger (Perfected Spectral Cloak)","Blackrose Perfected Dagger (Perfected Spectral Cloak)","The Maelstrom's Perfected Greatsword (Perfected Merciless Charge)"," ()","Venomous Claw","Cephaliarch's Flail","Pragmatic Fatecarver","Quick Cloak","Camouflaged Hunter","Crescent Sweep","Stampede","Inspired Scholarship","Flames of Oblivion","Scalding Rune","Magical Trample (Lingering Torment / Heroism)","Standard of Might"
"Sunspire","Yolnahkriin","https://www.esologs.com/reports/RwFhKBLHD6gydzmQ#fight=19&type=summary&source=1","@Athic","Sathrys Aran","ardent-herald-spear-perfected-slivers-of-the-null-arca-unknown","dps","Ardent","Spear","Herald","Perfected Slivers of the Null Arca","Nerien'eth","146787.4","5187.1","49.3","146787.4 DPS","","Nerien'eth Guise (Nerien'eth)","Perfected Null Arca Jack (Perfected Slivers of the Null Arca)","Nerien'eth Arm Cops (Nerien'eth)","Perfected Null Arca Bracers (Perfected Slivers of the Null Arca)","","Perfected Null Arca Guards (Perfected Slivers of the Null Arca)","Perfected Null Arca Boots (Perfected Slivers of the Null Arca)","","Ring of the Advancing Yokeda (Berserking Warrior)","Ring of the Advancing Yokeda (Berserking Warrior)","Blackrose Perfected Dagger (Perfected Spectral Cloak)","Blackrose Perfected Dagger (Perfected Spectral Cloak)","The Maelstrom's Perfected Greatsword (Perfected Merciless Charge)"," ()","Quick Cloak","Pragmatic Fatecarver","Fulminating Rune","Cephaliarch's Flail","Camouflaged Hunter","Crescent Sweep","Scalding Rune","Flames of Oblivion","Inspired Scholarship","Stampede","Pestilent Trample (Lingering Torment / Heroism)","Standard of Might"
"Sunspire","Yolnahkriin","https://www.esologs.com/reports/PpLBCgJ8zKqDhFfb#fight=39&type=summary&source=98","@stileanima","-Taramyn","green-resto-siphon-perfected-pillagers-profit-spell-power-cure","healer","Siphon","Resto","Green","Perfected Pillager's Profit","Spell Power Cure","7252.9","108041.1","79.6","108041.1 HPS","","Ozezan the Inferno's Visage (Ozezan the Inferno)","Spell Power Cure Robe (Spell Power Cure)","Ozezan the Inferno's Arm Cops (Ozezan the Inferno)","Spell Power Cure Gloves (Spell Power Cure)","","Perfected Pillager's Breeches (Perfected Pillager's Profit)","Spell Power Cure Shoes (Spell Power Cure)","","Perfected Pillager's Band (Perfected Pillager's Profit)","Perfected Pillager's Band (Perfected Pillager's Profit)","Spell Power Cure Restoration Staff (Spell Power Cure)"," ()","Perfected Pillager's Lightning Staff (Perfected Pillager's Profit)"," ()","Radiating Regeneration","Combat Prayer","Echoing Vigor","Illustrious Healing","Budding Seeds","Soul Siphon","Siphoning Attacks","Extended Ritual","Blockade of Storms","Warding Contingency (Sage's Remedy / Protection)","Mystic Orb","Aggressive Horn"
"Sunspire","Yolnahkriin","https://www.esologs.com/reports/PpLBCgJ8zKqDhFfb#fight=39&type=summary&source=7","@KingM0n3y","marina artmarc","green-resto-siphon-perfected-pillagers-profit-spell-power-cure","healer","Siphon","Resto","Green","Perfected Pillager's Profit","Spell Power Cure","7274.6","112617.1","73.4","112617.1 HPS","","Ozezan the Inferno's Guise (Ozezan the Inferno)","Robe of the Trainee (Armor of the Trainee)","Ozezan the Inferno's Epaulets (Ozezan the Inferno)","Spell Power Cure Gloves (Spell Power Cure)","","Spell Power Cure Breeches (Spell Power Cure)","Spell Power Cure Shoes (Spell Power Cure)","","Perfected Pillager's Band (Perfected Pillager's Profit)","Perfected Pillager's Band (Perfected Pillager's Profit)","Spell Power Cure Restoration Staff (Spell Power Cure)"," ()","Perfected Pillager's Dagger (Perfected Pillager's Profit)","Perfected Pillager's Dagger (Perfected Pillager's Profit)","Radiating Regeneration","Siphoning Attacks","Echoing Vigor","Illustrious Healing","Combat Prayer","Soul Siphon","Energy Orb","Overflowing Altar","Budding Seeds","Extended Ritual","Magic Knife","Reviving Barrier"
"Sunspire","Yolnahkriin","https://www.esologs.com/reports/PpLBCgJ8zKqDhFfb#fight=39&type=summary&source=2","@Silene-Armeria","Daphnée Jolibois","green-resto-siphon-perfected-pillagers-profit-spell-power-cure","healer","Siphon","Resto","Green","Perfected Pillager's Profit","Spell Power Cure","4126.8","103695.1","77.1","103695.1 HPS","","Nazaray Guise (Nazaray)","Perfected Pillager's Robe (Perfected Pillager's Profit)","Nazaray Epaulets (Nazaray)","Spell Power Cure Gloves (Spell Power Cure)","","Perfected Pillager's Breeches (Perfected Pillager's Profit)","Spell Power Cure Shoes (Spell Power Cure)","","Perfected Pillager's Band (Perfected Pillager's Profit)","Perfected Pillager's Band (Perfected Pillager's Profit)","Spell Power Cure Restoration Staff (Spell Power Cure)"," ()","Perfected Pillager's Lightning Staff (Perfected Pillager's Profit)"," ()","Siphoning Attacks","Illustrious Healing","Combat Prayer","Echoing Vigor","Energy Orb","Soul Siphon","Radiant Aura","Budding Seeds","Elemental Blockade","Overflowing Altar","Extended Ritual","Aggressive Horn"
"Sunspire","Yolnahkriin","https://www.esologs.com/reports/PpLBCgJ8zKqDhFfb#fight=39&type=summary&source=8","@BeNeutralized","Pew Pew Ya Dead","green-resto-siphon-perfected-pillagers-profit-spell-power-cure","healer","Siphon","Resto","Green","Spell Power Cure","Perfected Pillager's Profit","4946.9","97576.7","53.6","97576.7 HPS","","Nazaray Mask (Nazaray)","Spell Power Cure Robe (Spell Power Cure)","Nazaray Arm Cops (Nazaray)","Spell Power Cure Gloves (Spell Power Cure)","","Spell Power Cure Breeches (Spell Power Cure)","Perfected Pillager's Shoes (Perfected Pillager's Profit)","","Perfected Pillager's Band (Perfected Pillager's Profit)","Perfected Pillager's Band (Perfected Pillager's Profit)","Spell Power Cure Restoration Staff (Spell Power Cure)"," ()","Perfected Pillager's Lightning Staff (Perfected Pillager's Profit)"," ()","Combat Prayer","Budding Seeds","Radiating Regeneration","Illustrious Healing","Mystic Orb","Soul Siphon","Elemental Blockade","Warding Burst","Overflowing Altar","Radiant Aura","Extended Ritual","Aggressive Horn"
"Sunspire","Yolnahkriin","https://www.esologs.com/reports/V8BthAGyLjacXWDP#fight=38&type=summary&source=36","@AceGaming213","Darksoulrage","curative-green-siphon-perfected-pillagers-profit-spell-power-cure","healer","Siphon","Green","Curative","Perfected Pillager's Profit","Spell Power Cure","5713.8","95567.9","70.7","95567.9 HPS","","Symphony of Blades Guise (Symphony of Blades)","Spell Power Cure Robe (Spell Power Cure)","Symphony of Blades Arm Cops (Symphony of Blades)","Spell Power Cure Gloves (Spell Power Cure)","","Spell Power Cure Breeches (Spell Power Cure)","Perfected Pillager's Shoes (Perfected Pillager's Profit)","","Perfected Pillager's Band (Perfected Pillager's Profit)","Perfected Pillager's Band (Perfected Pillager's Profit)","Spell Power Cure Restoration Staff (Spell Power Cure)"," ()","Perfected Pillager's Lightning Staff (Perfected Pillager's Profit)"," ()","Combat Prayer","Illustrious Healing","Echoing Vigor","Budding Seeds","Radiating Regeneration","Soul Siphon","Blockade of Storms","Siphoning Attacks","Energy Orb","Reconstructive Domain","Warding Contingency (Growing Impact / Protection)","Aggressive Horn"
"Sunspire","Yolnahkriin","https://www.esologs.com/reports/V8BthAGyLjacXWDP#fight=38&type=summary&source=31","@stephnie","Ämelie","curative-green-siphon-perfected-pillagers-profit-spell-power-cure","healer","Siphon","Green","Curative","Spell Power Cure","Perfected Pillager's Profit","8302.4","104888.9","63.0","104888.9 HPS","","Ozezan the Inferno's Visage (Ozezan the Inferno)","Spell Power Cure Jerkin (Spell Power Cure)","Ozezan the Inferno's Epaulets (Ozezan the Inferno)","Spell Power Cure Gloves (Spell Power Cure)","","Perfected Pillager's Breeches (Perfected Pillager's Profit)","Spell Power Cure Shoes (Spell Power Cure)","","Perfected Pillager's Band (Perfected Pillager's Profit)","Perfected Pillager's Band (Perfected Pillager's Profit)","Spell Power Cure Restoration Staff (Spell Power Cure)"," ()","Perfected Pillager's Lightning Staff (Perfected Pillager's Profit)"," ()","Chakram of Destiny","Radiating Regeneration","Combat Prayer","Budding Seeds","Illustrious Healing","Soul Tether","Mystic Orb","Overflowing Altar","Echoing Vigor","Sap Essence","Elemental Blockade","Glyphic of the Tides"
"Sunspire","Yolnahkriin","https://www.esologs.com/reports/V8BthAGyLjacXWDP#fight=38&type=summary&source=1","@lubasik","Master Aleke","curative-green-siphon-perfected-pillagers-profit-spell-power-cure","healer","Siphon","Green","Curative","Spell Power Cure","Perfected Pillager's Profit","5977.7","118842.8","49.7","118842.8 HPS","","The Blind Guise (The Blind)","Spell Power Cure Robe (Spell Power Cure)","The Blind Epaulets (The Blind)","Spell Power Cure Gloves (Spell Power Cure)","","Perfected Pillager's Breeches (Perfected Pillager's Profit)","Spell Power Cure Shoes (Spell Power Cure)","","Perfected Pillager's Band (Perfected Pillager's Profit)","Perfected Pillager's Band (Perfected Pillager's Profit)","Spell Power Cure Restoration Staff (Spell Power Cure)"," ()","Perfected Pillager's Lightning Staff (Perfected Pillager's Profit)"," ()","Overflowing Altar","Combat Prayer","Illustrious Healing","Radiating Regeneration","Chakram of Destiny","Soul Siphon","Blockade of Storms","Energy Orb","Budding Seeds","Echoing Vigor","Siphoning Attacks","Reviving Barrier"
"Sunspire","Yolnahkriin","https://www.esologs.com/reports/V8BthAGyLjacXWDP#fight=38&type=summary&source=2","@stephnie","Ämelie","curative-green-siphon-perfected-pillagers-profit-spell-power-cure","healer","Siphon","Green","Curative","Spell Power Cure","Perfected Pillager's Profit","7876.1","105635.5","62.8","105635.5 HPS","","Ozezan the Inferno's Visage (Ozezan the Inferno)","Spell Power Cure Jerkin (Spell Power Cure)","Ozezan the Inferno's Epaulets (Ozezan the Inferno)","Spell Power Cure Gloves (Spell Power Cure)","","Perfected Pillager's Breeches (Perfected Pillager's Profit)","Spell Power Cure Shoes (Spell Power Cure)","","Perfected Pillager's Band (Perfected Pillager's Profit)","Perfected Pillager's Band (Perfected Pillager's Profit)","Spell Power Cure Restoration Staff (Spell Power Cure)"," ()","Perfected Pillager's Lightning Staff (Perfected Pillager's Profit)"," ()","Budding Seeds","Radiating Regeneration","Combat Prayer","Mystic Orb","Illustrious Healing","Soul Tether","Chakram of Destiny","Overflowing Altar","Echoing Vigor","Sap Essence","Blockade of Storms","Glyphic of the Tides"
"Sunspire","Yolnahkriin","https://www.esologs.com/reports/PpLBCgJ8zKqDhFfb#fight=39&type=summary&source=190","@S'T","First Day Out","daedric-resto-siphon-master-architect-powerful-assault","healer","Daedric","Siphon","Resto","Master Architect","Powerful Assault","17849.1","79133.5","73.4","79133.5 HPS","The Atronach","Ozezan the Inferno's Mask (Ozezan the Inferno)","Master Architect Robe (Master Architect)","Spaulder of Ruin (Spaulder of Ruin)","Master Architect Gloves (Master Architect)","","Master Architect Breeches (Master Architect)","Master Architect Shoes (Master Architect)","","Ring of the Powerful Assault (Powerful Assault)","Ring of the Powerful Assault (Powerful Assault)","Restoration Staff of the Powerful Assault (Powerful Assault)"," ()","Dagger of Martial Knowledge (Way of Martial Knowledge)","Dagger of Martial Knowledge (Way of Martial Knowledge)","Illustrious Healing","Radiating Regeneration","Combat Prayer","Overflowing Altar","Echoing Vigor","Soul Siphon","Magic Knife (Assassin's Misery / Berserk)","Extended Ritual","Radiant Aura","Mystic Orb","Siphoning Attacks","Summon Charged Atronach"
"Sunspire","Yolnahkriin","https://www.esologs.com/reports/PpLBCgJ8zKqDhFfb#fight=39&type=summary&source=4","@O815Gamer","Aryasa Envinyatar","daedric-resto-siphon-master-architect-powerful-assault","healer","Daedric","Siphon","Resto","Powerful Assault","Master Architect","12295.3","63426.5","61.9","63426.5 HPS","","Magma Incarnate Guise (Magma Incarnate)","Jack of the Powerful Assault (Powerful Assault)","Spaulder of Ruin (Spaulder of Ruin)","Master Architect Gloves (Master Architect)","","Master Architect Breeches (Master Architect)","Master Architect Shoes (Master Architect)","","Ring of the Powerful Assault (Powerful Assault)","Ring of the Powerful Assault (Powerful Assault)","The Master's Perfected Restoration Staff (Perfected Grand Rejuvenation)"," ()","Lightning Staff of the Powerful Assault (Powerful Assault)"," ()","Extended Ritual","Combat Prayer","Illustrious Healing","Radiating Regeneration","Siphoning Attacks","Soul Siphon","Magical Trample","Elemental Blockade","Mystic Orb","Echoing Vigor","Radiant Aura","Summon Charged Atronach"
"Sunspire","Yolnahkriin","https://www.esologs.com/reports/PpLBCgJ8zKqDhFfb#fight=39&type=summary&source=23","@S'T","First Day Out","daedric-resto-siphon-master-architect-powerful-assault","healer","Daedric","Siphon","Resto","Master Architect","Powerful Assault","15565.3","75713.7","68.7","75713.7 HPS","","Ozezan the Inferno's Mask (Ozezan the Inferno)","Master Architect Robe (Master Architect)","Spaulder of Ruin (Spaulder of Ruin)","Master Architect Gloves (Master Architect)","","Master Architect Breeches (Master Architect)","Master Architect Shoes (Master Architect)","","Ring of the Powerful Assault (Powerful Assault)","Ring of the Powerful Assault (Powerful Assault)","Restoration Staff of the Powerful Assault (Powerful Assault)"," ()","Dagger of Martial Knowledge (Way of Martial Knowledge)","Dagger of Martial Knowledge (Way of Martial Knowledge)","Illustrious Healing","Radiating Regeneration","Combat Prayer","Overflowing Altar","Echoing Vigor","Soul Siphon","Magic Knife (Assassin's Misery / Berserk)","Extended Ritual","Radiant Aura","Mystic Orb","Siphoning Attacks","Summon Charged Atronach"
"Sunspire","Yolnahkriin","https://www.esologs.com/reports/PpLBCgJ8zKqDhFfb#fight=39&type=summary&source=107","@Shrapanel","Benjamin Wise","daedric-soldier-storm-perfected-pearlescent-ward-perfected-xoryns-masterpiece","tank","Daedric","Storm","Soldier","Perfected Xoryn's Masterpiece","Perfected Pearlescent Ward","17282.5","2838.0","32.4","32.4 CPM","The Atronach","Magma Incarnate Visage (Magma Incarnate)","Perfected Pearlescent Cuirass (Perfected Pearlescent Ward)","Spaulder of Ruin (Spaulder of Ruin)","Perfected Pearlescent Gauntlets (Perfected Pearlescent Ward)","","Perfected Pearlescent Greaves (Perfected Pearlescent Ward)","Perfected Pearlescent Sabatons (Perfected Pearlescent Ward)","","Xoryn's Perfected Ring (Perfected Xoryn's Masterpiece)","Xoryn's Perfected Ring (Perfected Xoryn's Masterpiece)","Xoryn's Perfected Ice Staff (Perfected Xoryn's Masterpiece)"," ()","Xoryn's Perfected Ice Staff (Perfected Xoryn's Masterpiece)"," ()","Inner Rage","Lightning Flood","Hurricane","Hardened Ward","Rune of the Colorless Pool","Reviving Barrier","Elemental Susceptibility","Magical Trample (Thief's Swiftness / Heroism)","Blockade of Frost","Mystic Orb","Barbed Trap","Summon Charged Atronach"
"Sunspire","Yolnahkriin","https://www.esologs.com/reports/PpLBCgJ8zKqDhFfb#fight=39&type=summary&source=27","@Akina.sj","Drifts-on-Clouds","daedric-soldier-storm-perfected-pearlescent-ward-perfected-xoryns-masterpiece","tank","Daedric","Storm","Soldier","Perfected Xoryn's Masterpiece","Perfected Pearlescent Ward","12854.0","2372.5","59.6","59.6 CPM","","Baron Zaudrus Mask (Baron Zaudrus)","Perfected Pearlescent Cuirass (Perfected Pearlescent Ward)","Baron Zaudrus Epaulets (Baron Zaudrus)","Perfected Pearlescent Gauntlets (Perfected Pearlescent Ward)","","Perfected Pearlescent Greaves (Perfected Pearlescent Ward)","Perfected Pearlescent Sabatons (Perfected Pearlescent Ward)","","Xoryn's Perfected Ring (Perfected Xoryn's Masterpiece)","Xoryn's Perfected Ring (Perfected Xoryn's Masterpiece)","Xoryn's Perfected Ice Staff (Perfected Xoryn's Masterpiece)"," ()","Xoryn's Perfected Ice Staff (Perfected Xoryn's Masterpiece)"," ()","Inner Rage","Hardened Ward","Rune of the Colorless Pool","Bound Aegis","Exhilarating Drain","Replenishing Barrier","Elemental Susceptibility","Blockade of Frost","Resolving Vigor","Ball of Lightning","Leashing Soul (Druid's Resurgence / Vitality)","Summon Charged Atronach"
"Sunspire","Yolnahkriin","https://www.esologs.com/reports/PpLBCgJ8zKqDhFfb#fight=39&type=summary&source=10","@yy00","Voricon","daedric-soldier-storm-perfected-pearlescent-ward-perfected-xoryns-masterpiece","tank","Daedric","Storm","Soldier","Perfected Xoryn's Masterpiece","Perfected Pearlescent Ward","16889.7","2163.3","61.2","61.2 CPM","","Magma Incarnate Visage (Magma Incarnate)","Perfected Pearlescent Cuirass (Perfected Pearlescent Ward)","Spaulder of Ruin (Spaulder of Ruin)","Perfected Pearlescent Gauntlets (Perfected Pearlescent Ward)","","Perfected Pearlescent Greaves (Perfected Pearlescent Ward)","Perfected Pearlescent Sabatons (Perfected Pearlescent Ward)","","Xoryn's Perfected Ring (Perfected Xoryn's Masterpiece)","Xoryn's Perfected Ring (Perfected Xoryn's Masterpiece)","Xoryn's Ice Staff (Xoryn's Masterpiece)"," ()","Xoryn's Perfected Ice Staff (Perfected Xoryn's Masterpiece)"," ()","Liquid Lightning","Runic Sunder","Summon Twilight Tormentor","Exhilarating Drain","Summon Volatile Familiar","Reviving Barrier","Leashing Soul (Druid's Resurgence / Vitality)","Elemental Susceptibility","Blockade of Frost","Summon Twilight Tormentor","Summon Volatile Familiar","Summon Charged Atronach"
"Sunspire","Yolnahkriin","https://www.esologs.com/reports/K7Gc4JhPWvmtY91M#fight=9&type=summary&source=1","@BallTongue_o","Djur'Boll","earthen-soldier-winter-perfected-lucent-echoes-perfected-pearlescent-ward","tank","Earthen","Winter","Soldier","Perfected Lucent Echoes","Perfected Pearlescent Ward","5780.6","7623.0","42.3","42.3 CPM","","Nazaray Guise (Nazaray)","Perfected Pearlescent Cuirass (Perfected Pearlescent Ward)","Nazaray Arm Cops (Nazaray)","Lucent Echoes Perfected Gauntlets (Perfected Lucent Echoes)","","Perfected Pearlescent Greaves (Perfected Pearlescent Ward)","Lucent Echoes Perfected Sabatons (Perfected Lucent Echoes)","","Perfected Pearlescent Ring (Perfected Pearlescent Ward)","Perfected Pearlescent Ring (Perfected Pearlescent Ward)","Lucent Echoes Perfected Ice Staff (Perfected Lucent Echoes)"," ()","Lucent Echoes Perfected Ice Staff (Perfected Lucent Echoes)"," ()","Leashing Soul","Igneous Shield","Polar Wind","Stone Giant","Inner Rage","Reviving Barrier","Blockade of Frost","Exhilarating Drain","Expansive Frost Cloak","Rune of the Colorless Pool","Elemental Susceptibility","Aggressive Horn"
"Sunspire","Yolnahkriin","https://www.esologs.com/reports/K7Gc4JhPWvmtY91M#fight=9&type=summary&source=11","@Ned919x","Tanksallday","earthen-soldier-winter-perfected-lucent-echoes-perfected-pearlescent-ward","tank","Earthen","Winter","Soldier","Perfected Lucent Echoes","Perfected Pearlescent Ward","6410.0","5097.6","47.7","47.7 CPM","","Magma Incarnate Visage (Magma Incarnate)","Cryptcanon Vestments (Cryptcanon Vestments)","Lucent Echoes Perfected Pauldrons (Perfected Lucent Echoes)","Lucent Echoes Perfected Gauntlets (Perfected Lucent Echoes)","","Perfected Pearlescent Greaves (Perfected Pearlescent Ward)","Perfected Pearlescent Sabatons (Perfected Pearlescent Ward)","","Perfected Pearlescent Ring (Perfected Pearlescent Ward)","Perfected Pearlescent Ring (Perfected Pearlescent Ward)","Lucent Echoes Perfected Ice Staff (Perfected Lucent Echoes)"," ()","Lucent Echoes Perfected Ice Staff (Perfected Lucent Echoes)"," ()","Runeguard of Still Waters","Revealing Flare","Inner Rage","Expansive Frost Cloak","Polar Wind","Temporal Guard","Elemental Susceptibility","Stone Giant","Elemental Blockade","Leashing Soul","Igneous Weapons","Aggressive Horn"
"Sunspire","Yolnahkriin","https://www.esologs.com/reports/K7Gc4JhPWvmtY91M#fight=9&type=summary&source=3","@Boneclutch","boneclutch","earthen-soldier-winter-perfected-lucent-echoes-perfected-pearlescent-ward","tank","Earthen","Winter","Soldier","Perfected Pearlescent Ward","Perfected Lucent Echoes","7134.7","7725.2","47.6","47.6 CPM","The Thief","Magma Incarnate Mask (Magma Incarnate)","Cryptcanon Vestments (Cryptcanon Vestments)","Lucent Echoes Perfected Pauldrons (Perfected Lucent Echoes)","Lucent Echoes Perfected Gauntlets (Perfected Lucent Echoes)","","Lucent Echoes Perfected Greaves (Perfected Lucent Echoes)","Lucent Echoes Perfected Sabatons (Perfected Lucent Echoes)","","Perfected Pearlescent Ring (Perfected Pearlescent Ward)","Perfected Pearlescent Ring (Perfected Pearlescent Ward)","Perfected Pearlescent Ice Staff (Perfected Pearlescent Ward)"," ()","Perfected Pearlescent Ice Staff (Perfected Pearlescent Ward)"," ()","Polar Wind","Inner Rage","Runeguard of Still Waters","Stone Giant","Rune of the Colorless Pool","Pack Leader","Elemental Blockade","Leashing Soul","Expansive Frost Cloak","Igneous Weapons","Elemental Susceptibility","Pack Leader"
"Sunspire","Yolnahkriin","https://www.esologs.com/reports/PpLBCgJ8zKqDhFfb#fight=39&type=summary&source=1","@Morning_Skooma","As a Disabled Player","earthen-storm-winter-elemental-catalyst-perfected-lucent-echoes","tank","Earthen","Storm","Winter","Elemental Catalyst","Perfected Lucent Echoes","19935.0","2694.7","75.1","75.1 CPM","The Atronach","Nazaray Visage (Nazaray)","Lucent Echoes Perfected Cuirass (Perfected Lucent Echoes)","Nazaray Pauldron (Nazaray)","Lucent Echoes Perfected Gauntlets (Perfected Lucent Echoes)","","Lucent Echoes Perfected Greaves (Perfected Lucent Echoes)","Lucent Echoes Perfected Sabatons (Perfected Lucent Echoes)","","Ring of Catalyst (Elemental Catalyst)","Ring of Catalyst (Elemental Catalyst)","Ice Staff of Catalyst (Elemental Catalyst)"," ()","Ice Staff of Catalyst (Elemental Catalyst)"," ()","Leashing Soul (Lingering Torment / Cowardice)","Stone Giant","Inner Rage","Winter's Revenge","Revealing Flare","Temporal Guard","Expansive Frost Cloak","Blockade of Frost","Eruption","Lightning Flood","Igneous Weapons","Aggressive Horn"
"Sunspire","Yolnahkriin","https://www.esologs.com/reports/PpLBCgJ8zKqDhFfb#fight=39&type=summary&source=1","@Morning_Skooma","As a Disabled Player","earthen-storm-winter-elemental-catalyst-perfected-lucent-echoes","tank","Earthen","Storm","Winter","Elemental Catalyst","Perfected Lucent Echoes","16483.0","5770.1","67.8","67.8 CPM","","Nazaray Visage (Nazaray)","Lucent Echoes Perfected Cuirass (Perfected Lucent Echoes)","Nazaray Pauldron (Nazaray)","Lucent Echoes Perfected Gauntlets (Perfected Lucent Echoes)","","Lucent Echoes Perfected Greaves (Perfected Lucent Echoes)","Lucent Echoes Perfected Sabatons (Perfected Lucent Echoes)","","Ring of Catalyst (Elemental Catalyst)","Ring of Catalyst (Elemental Catalyst)","Ice Staff of Catalyst (Elemental Catalyst)"," ()","Ice Staff of Catalyst (Elemental Catalyst)"," ()","Leashing Soul (Lingering Torment / Cowardice)","Stone Giant","Inner Rage","Winter's Revenge","Revealing Flare","Temporal Guard","Expansive Frost Cloak","Blockade of Frost","Eruption","Lightning Flood","Igneous Weapons","Aggressive Horn"
"Sunspire","Yolnahkriin","https://www.esologs.com/reports/RwFhKBLHD6gydzmQ#fight=19&type=summary&source=33","@Roachdor","Drops Taunt","earthen-winter-x-perfected-lucent-echoes-perfected-saxhleel-champion","tank","Earthen","Winter","x","Perfected Lucent Echoes","Perfected Saxhleel Champion","6266.2","4894.4","50.6","50.6 CPM","","Nazaray Mask (Nazaray)","Lucent Echoes Perfected Cuirass (Perfected Lucent Echoes)","Nazaray Epaulets (Nazaray)","Lucent Echoes Perfected Gauntlets (Perfected Lucent Echoes)","","Lucent Echoes Perfected Greaves (Perfected Lucent Echoes)","Lucent Echoes Perfected Sabatons (Perfected Lucent Echoes)","","Saxhleel Champion's Perfected Ring (Perfected Saxhleel Champion)","Saxhleel Champion's Perfected Ring (Perfected Saxhleel Champion)","Ice Staff of Alessia's Bulwark (Alessia's Bulwark)"," ()","Saxhleel Champion's Perfected Ice Staff (Perfected Saxhleel Champion)"," ()","Inner Rage","Leashing Soul","Stone Giant","Blinding Flare","Polar Wind","Temporal Guard","Elemental Susceptibility","Magical Trample","Elemental Blockade","Igneous Weapons","Expansive Frost Cloak","Aggressive Horn"
"Sunspire","Yolnahkriin","https://www.esologs.com/reports/RwFhKBLHD6gydzmQ#fight=19&type=summary&source=5","@Roachdor","Drops Taunt","earthen-winter-x-perfected-lucent-echoes-perfected-saxhleel-champion","tank","Earthen","Winter","x","Perfected Lucent Echoes","Perfected Saxhleel Champion","6899.2","5562.1","54.0","54.0 CPM","","Nazaray Mask (Nazaray)","Lucent Echoes Perfected Cuirass (Perfected Lucent Echoes)","Nazaray Epaulets (Nazaray)","Lucent Echoes Perfected Gauntlets (Perfected Lucent Echoes)","","Lucent Echoes Perfected Greaves (Perfected Lucent Echoes)","Lucent Echoes Perfected Sabatons (Perfected Lucent Echoes)","","Saxhleel Champion's Perfected Ring (Perfected Saxhleel Champion)","Saxhleel Champion's Perfected Ring (Perfected Saxhleel Champion)","Ice Staff of Alessia's Bulwark (Alessia's Bulwark)"," ()","Saxhleel Champion's Perfected Ice Staff (Perfected Saxhleel Champion)"," ()","Inner Rage","Leashing Soul (Sage's Remedy / Vitality)","Stone Giant","Blinding Flare","Polar Wind","Temporal Guard","Elemental Susceptibility","Chilling Trample (Lingering Torment / Heroism)","Blockade of Frost","Igneous Weapons","Expansive Frost Cloak","Aggressive Horn"
"Sunspire","Yolnahkriin","https://www.esologs.com/reports/RwFhKBLHD6gydzmQ#fight=19&type=summary&source=38","@grimnoire","Yngrid Noire","green-resto-siphon-master-architect-powerful-assault","healer","Siphon","Resto","Green","Master Architect","Powerful Assault","15163.5","57487.5","57.1","57487.5 HPS","The Ritual","Magma Incarnate Guise (Magma Incarnate)","Master Architect Robe (Master Architect)","Spaulder of Ruin (Spaulder of Ruin)","Bracers of the Powerful Assault (Powerful Assault)","","Master Architect Breeches (Master Architect)","Master Architect Shoes (Master Architect)","","Ring of the Powerful Assault (Powerful Assault)","Ring of the Powerful Assault (Powerful Assault)","Dagger of the Powerful Assault (Powerful Assault)","Dagger of the Powerful Assault (Powerful Assault)","Master Architect Lightning Staff (Master Architect)"," ()","Echoing Vigor","Magical Burst","Quick Cloak","Barbed Trap","Budding Seeds","Reviving Barrier","Radiant Aura","Elemental Blockade","Energy Orb","Siphoning Attacks","Magical Trample","Aggressive Horn"
"Sunspire","Yolnahkriin","https://www.esologs.com/reports/RwFhKBLHD6gydzmQ#fight=19&type=summary&source=11","@grimnoire","Yngrid Noire","green-resto-siphon-master-architect-powerful-assault","healer","Siphon","Resto","Green","Master Architect","Powerful Assault","14592.7","52003.8","57.2","52003.8 HPS","","Magma Incarnate Guise (Magma Incarnate)","Master Architect Robe (Master Architect)","Spaulder of Ruin (Spaulder of Ruin)","Bracers of the Powerful Assault (Powerful Assault)","","Master Architect Breeches (Master Architect)","Master Architect Shoes (Master Architect)","","Ring of the Powerful Assault (Powerful Assault)","Ring of the Powerful Assault (Powerful Assault)","Dagger of the Powerful Assault (Powerful Assault)","Dagger of the Powerful Assault (Powerful Assault)","Master Architect Lightning Staff (Master Architect)"," ()","Echoing Vigor","Fiery Burst (Lingering Torment / Brutality and Sorcery)","Quick Cloak","Barbed Trap","Budding Seeds","Reviving Barrier","Radiant Aura","Blockade of Storms","Energy Orb","Siphoning Attacks","Chilling Trample (Lingering Torment / Heroism)","Aggressive Horn"
"Sunspire","Nahviintaas","https://www.esologs.com/reports/PpLBCgJ8zKqDhFfb#fight=32&type=summary&source=100","@bleakirl","Warfaerin","ardent-herald-spear-perfected-slivers-of-the-null-arca-tide-born-wildstalker","dps","Ardent","Spear","Herald","Tide-Born Wildstalker","Perfected Slivers of the Null Arca","128457.4","2844.1","18.9","128457.4 DPS","The Thief","Tide-Born Helmet (Tide-Born Wildstalker)","Perfected Null Arca Jack (Perfected Slivers of the Null Arca)","Slimecraw Epaulets (Slimecraw)","Perfected Null Arca Bracers (Perfected Slivers of the Null Arca)","","Perfected Null Arca Guards (Perfected Slivers of the Null Arca)","Perfected Null Arca Boots (Perfected Slivers of the Null Arca)","","Tide-Born Ring (Tide-Born Wildstalker)","Tide-Born Ring (Tide-Born Wildstalker)","Tide-Born Dagger (Tide-Born Wildstalker)","Tide-Born Dagger (Tide-Born Wildstalker)","The Maelstrom's Perfected Lightning Staff (Perfected Crushing Wall)"," ()","Cephaliarch's Flail","Quick Cloak","Flames of Oblivion","Pragmatic Fatecarver","Camouflaged Hunter","Crescent Sweep","Blockade of Storms","Inspired Scholarship","Echoing Vigor","Venomous Claw","Molten Whip","Standard of Might"
"Sunspire","Nahviintaas","https://www.esologs.com/reports/PpLBCgJ8zKqDhFfb#fight=32&type=summary&source=5","@Rymorc","Hold my beam","ardent-herald-spear-perfected-slivers-of-the-null-arca-tide-born-wildstalker","dps","Ardent","Spear","Herald","Perfected Slivers of the Null Arca","Tide-Born Wildstalker","107287.4","5427.5","16.7","107287.4 DPS","","Valkyn Skoria Mask (Valkyn Skoria)","Perfected Null Arca Jack (Perfected Slivers of the Null Arca)","Perfected Null Arca Arm Cops (Perfected Slivers of the Null Arca)","Tide-Born Bracers (Tide-Born Wildstalker)","","Perfected Null Arca Guards (Perfected Slivers of the Null Arca)","Tide-Born Boots (Tide-Born Wildstalker)","","Tide-Born Ring (Tide-Born Wildstalker)","Tide-Born Ring (Tide-Born Wildstalker)","Perfected Null Arca Dagger (Perfected Slivers of the Null Arca)","Perfected Null Arca Dagger (Perfected Slivers of the Null Arca)","The Maelstrom's Perfected Inferno Staff (Perfected Crushing Wall)"," ()","Cephaliarch's Flail","Pragmatic Fatecarver","Venomous Claw","Quick Cloak","Banner Bearer","Crescent Sweep","Molten Whip","Inspired Scholarship","Elemental Blockade","Flames of Oblivion","Banner Bearer","Standard of Might"
"Sunspire","Nahviintaas","https://www.esologs.com/reports/PpLBCgJ8zKqDhFfb#fight=32&type=summary&source=6","@Sweetiieh","Kattieh","ardent-herald-spear-perfected-slivers-of-the-null-arca-tide-born-wildstalker","dps","Ardent","Spear","Herald","Tide-Born Wildstalker","Perfected Slivers of the Null Arca","116727.3","6028.0","18.5","116727.3 DPS","","Valkyn Skoria Guise (Valkyn Skoria)","Tide-Born Jack (Tide-Born Wildstalker)","Perfected Null Arca Arm Cops (Perfected Slivers of the Null Arca)","Tide-Born Bracers (Tide-Born Wildstalker)","","Tide-Born Guards (Tide-Born Wildstalker)","Tide-Born Boots (Tide-Born Wildstalker)","","Perfected Null Arca Ring (Perfected Slivers of the Null Arca)","Perfected Null Arca Ring (Perfected Slivers of the Null Arca)","Perfected Null Arca Dagger (Perfected Slivers of the Null Arca)","Perfected Null Arca Dagger (Perfected Slivers of the Null Arca)","The Maelstrom's Perfected Lightning Staff (Perfected Crushing Wall)"," ()","Blazing Spear","Cephaliarch's Flail","Pragmatic Fatecarver","Molten Whip","Venomous Claw","The Languid Eye","Elemental Susceptibility","Resolving Vigor","Elemental Blockade","Inspired Scholarship","Flames of Oblivion","Standard of Might"
"Sunspire","Nahviintaas","https://www.esologs.com/reports/PpLBCgJ8zKqDhFfb#fight=32&type=summary&source=3","@Gurkmon","Goldener Raver","ardent-herald-spear-perfected-slivers-of-the-null-arca-tide-born-wildstalker","dps","Ardent","Spear","Herald","Perfected Slivers of the Null Arca","Tide-Born Wildstalker","110883.4","5159.9","27.1","110883.4 DPS","","Slimecraw Mask (Slimecraw)","Perfected Null Arca Jack (Perfected Slivers of the Null Arca)","Tide-Born Arm Cops (Tide-Born Wildstalker)","Perfected Null Arca Bracers (Perfected Slivers of the Null Arca)","","Perfected Null Arca Guards (Perfected Slivers of the Null Arca)","Tide-Born Boots (Tide-Born Wildstalker)","","Tide-Born Ring (Tide-Born Wildstalker)","Tide-Born Ring (Tide-Born Wildstalker)","Perfected Null Arca Dagger (Perfected Slivers of the Null Arca)","Perfected Null Arca Dagger (Perfected Slivers of the Null Arca)","The Maelstrom's Perfected Inferno Staff (Perfected Crushing Wall)"," ()","Cephaliarch's Flail","Pragmatic Fatecarver","Blazing Spear","Camouflaged Hunter","Banner Bearer","The Languid Eye","Elemental Blockade","Flames of Oblivion","Molten Whip","Inspired Scholarship","Banner Bearer","Elemental Rage"
"Sunspire","Nahviintaas","https://www.esologs.com/reports/PpLBCgJ8zKqDhFfb#fight=32&type=summary&source=35","@Comasaurus","Onlybeam","ardent-herald-spear-perfected-slivers-of-the-null-arca-tide-born-wildstalker","dps","Ardent","Spear","Herald","Perfected Slivers of the Null Arca","Tide-Born Wildstalker","124390.6","5653.6","31.4","124390.6 DPS","","Slimecraw Mask (Slimecraw)","Perfected Null Arca Jack (Perfected Slivers of the Null Arca)","Tide-Born Arm Cops (Tide-Born Wildstalker)","Perfected Null Arca Bracers (Perfected Slivers of the Null Arca)","","Perfected Null Arca Guards (Perfected Slivers of the Null Arca)","Perfected Null Arca Boots (Perfected Slivers of the Null Arca)","","Tide-Born Ring (Tide-Born Wildstalker)","Tide-Born Ring (Tide-Born Wildstalker)","The Maelstrom's Perfected Greatsword (Perfected Merciless Charge)"," ()","Tide-Born Dagger (Tide-Born Wildstalker)","Tide-Born Dagger (Tide-Born Wildstalker)","Stampede","Flames of Oblivion","Inspired Scholarship","Molten Whip","Banner Bearer","Standard of Might","Cephaliarch's Flail","Fulminating Rune","Pragmatic Fatecarver","Quick Cloak","Banner Bearer","Crescent Sweep"
"Sunspire","Nahviintaas","https://www.esologs.com/reports/PpLBCgJ8zKqDhFfb#fight=32&type=summary&source=13","@xAudina","Audinaa","ardent-herald-spear-perfected-slivers-of-the-null-arca-tide-born-wildstalker","dps","Ardent","Spear","Herald","Perfected Slivers of the Null Arca","Tide-Born Wildstalker","109899.5","10829.2","21.6","109899.5 DPS","","Slimecraw Mask (Slimecraw)","Perfected Null Arca Jack (Perfected Slivers of the Null Arca)","Tide-Born Epaulets (Tide-Born Wildstalker)","Perfected Null Arca Bracers (Perfected Slivers of the Null Arca)","","Perfected Null Arca Guards (Perfected Slivers of the Null Arca)","Perfected Null Arca Boots (Perfected Slivers of the Null Arca)","","Tide-Born Ring (Tide-Born Wildstalker)","Tide-Born Ring (Tide-Born Wildstalker)","Tide-Born Dagger (Tide-Born Wildstalker)","Tide-Born Dagger (Tide-Born Wildstalker)","The Maelstrom's Perfected Greatsword (Perfected Merciless Charge)"," ()","Camouflaged Hunter","Flames of Oblivion","Pragmatic Fatecarver","Cephaliarch's Flail","Inspired Scholarship","Crescent Sweep","Echoing Vigor","Venomous Claw","Stampede","Mystic Orb","Molten Whip","Standard of Might"
"Sunspire","Nahviintaas","https://www.esologs.com/reports/PpLBCgJ8zKqDhFfb#fight=32&type=summary&source=7","@Comasaurus","Onlybeam","ardent-herald-spear-perfected-slivers-of-the-null-arca-tide-born-wildstalker","dps","Ardent","Spear","Herald","Perfected Slivers of the Null Arca","Tide-Born Wildstalker","124272.4","3944.7","36.7","124272.4 DPS","","Slimecraw Mask (Slimecraw)","Perfected Null Arca Jack (Perfected Slivers of the Null Arca)","Tide-Born Arm Cops (Tide-Born Wildstalker)","Perfected Null Arca Bracers (Perfected Slivers of the Null Arca)","","Perfected Null Arca Guards (Perfected Slivers of the Null Arca)","Perfected Null Arca Boots (Perfected Slivers of the Null Arca)","","Tide-Born Ring (Tide-Born Wildstalker)","Tide-Born Ring (Tide-Born Wildstalker)","The Maelstrom's Perfected Greatsword (Perfected Merciless Charge)"," ()","Tide-Born Dagger (Tide-Born Wildstalker)","Tide-Born Dagger (Tide-Born Wildstalker)","Stampede","Flames of Oblivion","Inspired Scholarship","Molten Whip","Shocking Banner (Cavalier's Charge / Courage)","Standard of Might","Cephaliarch's Flail","Fulminating Rune","Pragmatic Fatecarver","Quick Cloak","Shocking Banner (Cavalier's Charge / Courage)","Crescent Sweep"
"Sunspire","Nahviintaas","https://www.esologs.com/reports/PpLBCgJ8zKqDhFfb#fight=32&type=summary&source=3","@xAudina","Audinaa","ardent-herald-spear-perfected-slivers-of-the-null-arca-tide-born-wildstalker","dps","Ardent","Spear","Herald","Perfected Slivers of the Null Arca","Tide-Born Wildstalker","121461.5","7786.2","29.1","121461.5 DPS","","Slimecraw Mask (Slimecraw)","Perfected Null Arca Jack (Perfected Slivers of the Null Arca)","Tide-Born Epaulets (Tide-Born Wildstalker)","Perfected Null Arca Bracers (Perfected Slivers of the Null Arca)","","Perfected Null Arca Guards (Perfected Slivers of the Null Arca)","Perfected Null Arca Boots (Perfected Slivers of the Null Arca)","","Tide-Born Ring (Tide-Born Wildstalker)","Tide-Born Ring (Tide-Born Wildstalker)","Tide-Born Dagger (Tide-Born Wildstalker)","Tide-Born Dagger (Tide-Born Wildstalker)","The Maelstrom's Perfected Greatsword (Perfected Merciless Charge)"," ()","Venomous Claw","Camouflaged Hunter","Pragmatic Fatecarver","Cephaliarch's Flail","Inspired Scholarship","Crescent Sweep","Echoing Vigor","Flames of Oblivion","Stampede","Mystic Orb","Molten Whip","Standard of Might"
"Sunspire","Nahviintaas","https://www.esologs.com/reports/PpLBCgJ8zKqDhFfb#fight=32&type=summary&source=99","@awfuI","putrefi","ardent-ass-herald-perfected-slivers-of-the-null-arca-tide-born-wildstalker","dps","Ardent","Ass","Herald","Perfected Slivers of the Null Arca","Tide-Born Wildstalker","114076.3","6413.6","16.3","114076.3 DPS","","Archdruid Devyric's Guise (Archdruid Devyric)","Perfected Null Arca Jack (Perfected Slivers of the Null Arca)","Tide-Born Arm Cops (Tide-Born Wildstalker)","Perfected Null Arca Bracers (Perfected Slivers of the Null Arca)","","Perfected Null Arca Guards (Perfected Slivers of the Null Arca)","Perfected Null Arca Boots (Perfected Slivers of the Null Arca)","","Tide-Born Ring (Tide-Born Wildstalker)","Tide-Born Ring (Tide-Born Wildstalker)","Tide-Born Dagger (Tide-Born Wildstalker)","Tide-Born Dagger (Tide-Born Wildstalker)","The Maelstrom's Perfected Greatsword (Perfected Merciless Charge)"," ()","Escalating Runeblades","Quick Cloak","Tentacular Dread","Relentless Focus","Killer's Blade","Incapacitating Strike","Stampede","Inspired Scholarship","Echoing Vigor","Mystic Orb","Flames of Oblivion","Standard of Might"
"Sunspire","Nahviintaas","https://www.esologs.com/reports/PpLBCgJ8zKqDhFfb#fight=32&type=summary&source=5","@HuffyTheFox","Knight Noelle","ardent-ass-herald-perfected-slivers-of-the-null-arca-tide-born-wildstalker","dps","Ardent","Ass","Herald","Tide-Born Wildstalker","Perfected Slivers of the Null Arca","135257.7","6807.1","53.3","135257.7 DPS","","Tide-Born Helmet (Tide-Born Wildstalker)","Perfected Null Arca Jack (Perfected Slivers of the Null Arca)","Slimecraw Arm Cops (Slimecraw)","Perfected Null Arca Bracers (Perfected Slivers of the Null Arca)","","Perfected Null Arca Guards (Perfected Slivers of the Null Arca)","Perfected Null Arca Boots (Perfected Slivers of the Null Arca)","","Tide-Born Ring (Tide-Born Wildstalker)","Tide-Born Ring (Tide-Born Wildstalker)","Tide-Born Dagger (Tide-Born Wildstalker)","Tide-Born Dagger (Tide-Born Wildstalker)","The Maelstrom's Perfected Greatsword (Perfected Merciless Charge)"," ()","Tentacular Dread","Relentless Focus","Escalating Runeblades","Killer's Blade","Exhausting Fatecarver","The Languid Eye","Exhilarating Drain","Stampede","Flames of Oblivion","Inspired Scholarship","Venomous Claw","Standard of Might"
"Sunspire","Nahviintaas","https://www.esologs.com/reports/PpLBCgJ8zKqDhFfb#fight=32&type=summary&source=37","@Geth_Legion","Dark Legionn Reborn","ardent-ass-herald-perfected-slivers-of-the-null-arca-tide-born-wildstalker","dps","Ardent","Ass","Herald","Tide-Born Wildstalker","Perfected Slivers of the Null Arca","112400.6","7848.1","22.6","112400.6 DPS","","Tide-Born Helmet (Tide-Born Wildstalker)","Perfected Null Arca Jack (Perfected Slivers of the Null Arca)","Slimecraw Epaulets (Slimecraw)","Perfected Null Arca Bracers (Perfected Slivers of the Null Arca)","","Perfected Null Arca Guards (Perfected Slivers of the Null Arca)","Tide-Born Boots (Tide-Born Wildstalker)","","Tide-Born Ring (Tide-Born Wildstalker)","Tide-Born Ring (Tide-Born Wildstalker)","Perfected Null Arca Dagger (Perfected Slivers of the Null Arca)","Perfected Null Arca Dagger (Perfected Slivers of the Null Arca)","The Maelstrom's Perfected Inferno Staff (Perfected Crushing Wall)"," ()","Camouflaged Hunter","Quick Cloak","Pragmatic Fatecarver","Cephaliarch's Flail","Echoing Vigor","Incapacitating Strike","Molten Whip","Inspired Scholarship","Elemental Susceptibility","Blockade of Fire","Flames of Oblivion","Standard of Might"
"Sunspire","Nahviintaas","https://www.esologs.com/reports/PpLBCgJ8zKqDhFfb#fight=32&type=summary&source=7","@Zorbzan","My Dying Wish","ardent-ass-herald-perfected-slivers-of-the-null-arca-tide-born-wildstalker","dps","Ardent","Ass","Herald","Tide-Born Wildstalker","Perfected Slivers of the Null Arca","102767.5","3249.5","17.3","102767.5 DPS","","Slimecraw Guise (Slimecraw)","Tide-Born Jack (Tide-Born Wildstalker)","Tide-Born Arm Cops (Tide-Born Wildstalker)","Perfected Null Arca Bracers (Perfected Slivers of the Null Arca)","","Tide-Born Guards (Tide-Born Wildstalker)","Perfected Null Arca Boots (Perfected Slivers of the Null Arca)","","Perfected Null Arca Ring (Perfected Slivers of the Null Arca)","Perfected Null Arca Ring (Perfected Slivers of the Null Arca)","Tide-Born Dagger (Tide-Born Wildstalker)","Tide-Born Dagger (Tide-Born Wildstalker)","The Maelstrom's Perfected Inferno Staff (Perfected Crushing Wall)"," ()","Cephaliarch's Flail","Pragmatic Fatecarver","Venomous Claw","Quick Cloak","Banner Bearer","Incapacitating Strike","Elemental Blockade","Resolving Vigor","Inspired Scholarship","Flames of Oblivion","Banner Bearer","The Languid Eye"
"Sunspire","Nahviintaas","https://www.esologs.com/reports/PpLBCgJ8zKqDhFfb#fight=32&type=summary&source=2","@idontKITE","controller main","ardent-ass-herald-perfected-slivers-of-the-null-arca-tide-born-wildstalker","dps","Ardent","Ass","Herald","Perfected Slivers of the Null Arca","Tide-Born Wildstalker","128499.1","2716.2","32.7","128499.1 DPS","","Perfected Null Arca Helmet (Perfected Slivers of the Null Arca)","Perfected Null Arca Jack (Perfected Slivers of the Null Arca)","The Blind Arm Cops (The Blind)","Tide-Born Bracers (Tide-Born Wildstalker)","","Perfected Null Arca Guards (Perfected Slivers of the Null Arca)","Tide-Born Boots (Tide-Born Wildstalker)","","Perfected Null Arca Ring (Perfected Slivers of the Null Arca)","Perfected Null Arca Ring (Perfected Slivers of the Null Arca)","Tide-Born Dagger (Tide-Born Wildstalker)","Tide-Born Dagger (Tide-Born Wildstalker)","The Maelstrom's Perfected Greatsword (Perfected Merciless Charge)"," ()","Quick Cloak","Camouflaged Hunter","Barbed Trap","Cephaliarch's Flail","Exhausting Fatecarver","Incapacitating Strike","Inspired Scholarship","Molten Whip","Flames of Oblivion","Stampede","Venomous Claw","Standard of Might"
"Sunspire","Nahviintaas","https://www.esologs.com/reports/PpLBCgJ8zKqDhFfb#fight=32&type=summary&source=10","@Rcbinscn","Rcbinscn","ardent-ass-herald-perfected-slivers-of-the-null-arca-tide-born-wildstalker","dps","Ardent","Ass","Herald","Tide-Born Wildstalker","Perfected Slivers of the Null Arca","137411.3","6850.4","41.4","137411.3 DPS","","Tide-Born Helmet (Tide-Born Wildstalker)","Tide-Born Jack (Tide-Born Wildstalker)","Slimecraw Arm Cops (Slimecraw)","Perfected Null Arca Bracers (Perfected Slivers of the Null Arca)","","Tide-Born Guards (Tide-Born Wildstalker)","Perfected Null Arca Boots (Perfected Slivers of the Null Arca)","","Perfected Null Arca Ring (Perfected Slivers of the Null Arca)","Perfected Null Arca Ring (Perfected Slivers of the Null Arca)","Tide-Born Dagger (Tide-Born Wildstalker)","Tide-Born Dagger (Tide-Born Wildstalker)","The Maelstrom's Perfected Greatsword (Perfected Merciless Charge)"," ()","Quick Cloak","Camouflaged Hunter","Killer's Blade","Pragmatic Fatecarver","Cephaliarch's Flail","Incapacitating Strike","Molten Whip","Flames of Oblivion","Venomous Claw","Stampede","Inspired Scholarship","The Languid Eye"
"Sunspire","Nahviintaas","https://www.esologs.com/reports/PpLBCgJ8zKqDhFfb#fight=32&type=summary&source=5","@OneAutumn'Leaf","Evelyx","ardent-ass-herald-perfected-slivers-of-the-null-arca-tide-born-wildstalker","dps","Ardent","Ass","Herald","Tide-Born Wildstalker","Perfected Slivers of the Null Arca","63235.0","7099.2","16.9","63235.0 DPS","","Tide-Born Helm (Tide-Born Wildstalker)","Perfected Null Arca Jack (Perfected Slivers of the Null Arca)","Iceheart Epaulets (Iceheart)","Perfected Null Arca Bracers (Perfected Slivers of the Null Arca)","","Perfected Null Arca Guards (Perfected Slivers of the Null Arca)","Perfected Null Arca Boots (Perfected Slivers of the Null Arca)","","Tide-Born Ring (Tide-Born Wildstalker)","Tide-Born Ring (Tide-Born Wildstalker)","Tide-Born Dagger (Tide-Born Wildstalker)","Tide-Born Dagger (Tide-Born Wildstalker)","The Maelstrom's Perfected Inferno Staff (Perfected Crushing Wall)"," ()","Cephaliarch's Flail","Resolving Vigor","Pragmatic Fatecarver","Camouflaged Hunter","Quick Cloak","Incapacitating Strike","Elemental Blockade","Inspired Scholarship","Flames of Oblivion","Engulfing Flames","Molten Whip","Standard of Might"
"Sunspire","Nahviintaas","https://www.esologs.com/reports/PpLBCgJ8zKqDhFfb#fight=32&type=summary&source=5","@JosephSMT","Josephsmt","ardent-ass-herald-perfected-slivers-of-the-null-arca-tide-born-wildstalker","dps","Ardent","Ass","Herald","Perfected Slivers of the Null Arca","Tide-Born Wildstalker","79481.2","13793.8","36.6","79481.2 DPS","","Slimecraw Mask (Slimecraw)","Perfected Null Arca Jack (Perfected Slivers of the Null Arca)","Tide-Born Arm Cops (Tide-Born Wildstalker)","Perfected Null Arca Bracers (Perfected Slivers of the Null Arca)","","Perfected Null Arca Guards (Perfected Slivers of the Null Arca)","Perfected Null Arca Boots (Perfected Slivers of the Null Arca)","","Tide-Born Ring (Tide-Born Wildstalker)","Tide-Born Ring (Tide-Born Wildstalker)","Tide-Born Dagger (Tide-Born Wildstalker)","Tide-Born Dagger (Tide-Born Wildstalker)","The Maelstrom's Perfected Greatsword (Perfected Merciless Charge)"," ()","Pragmatic Fatecarver","Cephaliarch's Flail","Noxious Breath","Quick Cloak","Camouflaged Hunter","Incapacitating Strike","Flames of Oblivion","Stampede","Inspired Scholarship","Echoing Vigor","Molten Whip","Standard of Might"
"Sunspire","Nahviintaas","https://www.esologs.com/reports/PpLBCgJ8zKqDhFfb#fight=32&type=summary&source=2","@BraxLa","Ravelia","ardent-ass-herald-aegis-caller-perfected-slivers-of-the-null-arca","dps","Ardent","Ass","Herald","Perfected Slivers of the Null Arca","Aegis Caller","150246.4","2592.3","59.3","150246.4 DPS","The Thief","Perfected Null Arca Helmet (Perfected Slivers of the Null Arca)","Aegis Caller's Jack (Aegis Caller)","Slimecraw Epaulets (Slimecraw)","Aegis Caller's Bracers (Aegis Caller)","","Aegis Caller's Guards (Aegis Caller)","Aegis Caller's Boots (Aegis Caller)","","Perfected Null Arca Ring (Perfected Slivers of the Null Arca)","Perfected Null Arca Ring (Perfected Slivers of the Null Arca)","Perfected Null Arca Dagger (Perfected Slivers of the Null Arca)","Perfected Null Arca Dagger (Perfected Slivers of the Null Arca)","The Maelstrom's Perfected Greatsword (Perfected Merciless Charge)"," ()","Shocking Banner (Class Mastery / Courage)","Killer's Blade","Relentless Focus","Escalating Runeblades","Tentacular Dread","Incapacitating Strike","Stampede","Inspired Scholarship","Flames of Oblivion","Fulminating Rune","Shocking Banner (Class Mastery / Courage)","Standard of Might"
"Sunspire","Nahviintaas","https://www.esologs.com/reports/PpLBCgJ8zKqDhFfb#fight=32&type=summary&source=208","@Ummii","Oommii","ardent-ass-herald-aegis-caller-perfected-slivers-of-the-null-arca","dps","Ardent","Ass","Herald","Perfected Slivers of the Null Arca","Aegis Caller","134843.8","5825.0","20.5","134843.8 DPS","","Slimecraw Guise (Slimecraw)","Perfected Null Arca Jack (Perfected Slivers of the Null Arca)","Aegis Caller's Arm Cops (Aegis Caller)","Perfected Null Arca Bracers (Perfected Slivers of the Null Arca)","","Perfected Null Arca Guards (Perfected Slivers of the Null Arca)","Perfected Null Arca Boots (Perfected Slivers of the Null Arca)","","Aegis Caller's Ring (Aegis Caller)","Aegis Caller's Ring (Aegis Caller)","Aegis Caller's Dagger (Aegis Caller)","Aegis Caller's Dagger (Aegis Caller)","The Maelstrom's Perfected Inferno Staff (Perfected Crushing Wall)"," ()","Quick Cloak","Escalating Runeblades","Relentless Focus","Tentacular Dread","Killer's Blade","Incapacitating Strike","Echoing Vigor","Blockade of Fire","Inspired Scholarship","Flames of Oblivion","Weakness to Elements","Standard of Might"
"Sunspire","Nahviintaas","https://www.esologs.com/reports/PpLBCgJ8zKqDhFfb#fight=32&type=summary&source=7","@alansgaming","Light Attacks are Evil","ardent-ass-herald-aegis-caller-perfected-slivers-of-the-null-arca","dps","Ardent","Ass","Herald","Perfected Slivers of the Null Arca","Aegis Caller","124104.4","4373.1","54.1","124104.4 DPS","","Slimecraw Mask (Slimecraw)","Perfected Null Arca Jack (Perfected Slivers of the Null Arca)","Perfected Null Arca Arm Cops (Perfected Slivers of the Null Arca)","Perfected Null Arca Bracers (Perfected Slivers of the Null Arca)","","Perfected Null Arca Guards (Perfected Slivers of the Null Arca)","Aegis Caller's Boots (Aegis Caller)","","Aegis Caller's Ring (Aegis Caller)","Aegis Caller's Ring (Aegis Caller)","Aegis Caller's Dagger (Aegis Caller)","Aegis Caller's Dagger (Aegis Caller)","The Maelstrom's Perfected Greatsword (Perfected Merciless Charge)"," ()","Killer's Blade","Tentacular Dread","Escalating Runeblades","Relentless Focus","Exhausting Fatecarver","Incapacitating Strike","Stampede","Sundering Trample","Flames of Oblivion","Inspired Scholarship","Molten Whip","Standard of Might"
"Sunspire","Nahviintaas","https://www.esologs.com/reports/PpLBCgJ8zKqDhFfb#fight=32&type=summary&source=13","@IgnDarius","Darius Skr","ardent-ass-herald-aegis-caller-perfected-slivers-of-the-null-arca","dps","Ardent","Ass","Herald","Perfected Slivers of the Null Arca","Aegis Caller","134728.3","7731.5","35.8","134728.3 DPS","","Archdruid Devyric's Guise (Archdruid Devyric)","Perfected Null Arca Jack (Perfected Slivers of the Null Arca)","Aegis Caller's Arm Cops (Aegis Caller)","Perfected Null Arca Bracers (Perfected Slivers of the Null Arca)","","Perfected Null Arca Guards (Perfected Slivers of the Null Arca)","Perfected Null Arca Boots (Perfected Slivers of the Null Arca)","","Aegis Caller's Ring (Aegis Caller)","Aegis Caller's Ring (Aegis Caller)","Aegis Caller's Dagger (Aegis Caller)","Aegis Caller's Dagger (Aegis Caller)","The Maelstrom's Perfected Greatsword (Perfected Merciless Charge)"," ()","Relentless Focus","Tentacular Dread","Killer's Blade","Escalating Runeblades","Fulminating Rune","Soul Harvest","Molten Whip","Stampede","Echoing Vigor","Flames of Oblivion","Inspired Scholarship","Standard of Might"
"Sunspire","Nahviintaas","https://www.esologs.com/reports/PpLBCgJ8zKqDhFfb#fight=32&type=summary&source=4","@TheFaytFoundation","Fayt Light Leingod","ardent-ass-herald-aegis-caller-perfected-slivers-of-the-null-arca","dps","Ardent","Ass","Herald","Perfected Slivers of the Null Arca","Aegis Caller","84790.8","3932.4","50.3","84790.8 DPS","","Slimecraw Mask (Slimecraw)","Perfected Null Arca Jack (Perfected Slivers of the Null Arca)","Perfected Null Arca Arm Cops (Perfected Slivers of the Null Arca)","Perfected Null Arca Bracers (Perfected Slivers of the Null Arca)","","Perfected Null Arca Guards (Perfected Slivers of the Null Arca)","Perfected Null Arca Boots (Perfected Slivers of the Null Arca)","","Aegis Caller's Ring (Aegis Caller)","Aegis Caller's Ring (Aegis Caller)","Aegis Caller's Dagger (Aegis Caller)","Aegis Caller's Dagger (Aegis Caller)","The Maelstrom's Perfected Greatsword (Perfected Merciless Charge)"," ()","Tentacular Dread","Killer's Blade","Escalating Runeblades","Venomous Claw","Merciless Resolve","Thrive in Chaos","Molten Whip","Stampede","Flames of Oblivion","Inspired Scholarship","Engulfing Flames","Standard of Might"
"Sunspire","Nahviintaas","https://www.esologs.com/reports/PpLBCgJ8zKqDhFfb#fight=32&type=summary&source=5","@sf.grim","Grim Focus","ardent-ass-herald-aegis-caller-perfected-slivers-of-the-null-arca","dps","Ardent","Ass","Herald","Aegis Caller","Perfected Slivers of the Null Arca","110763.8","1839.8","58.5","110763.8 DPS","","Nerien'eth Mask (Nerien'eth)","Perfected Null Arca Jack (Perfected Slivers of the Null Arca)","Nerien'eth Arm Cops (Nerien'eth)","Perfected Null Arca Bracers (Perfected Slivers of the Null Arca)","","Perfected Null Arca Guards (Perfected Slivers of the Null Arca)","Perfected Null Arca Boots (Perfected Slivers of the Null Arca)","","Aegis Caller's Ring (Aegis Caller)","Aegis Caller's Ring (Aegis Caller)","Aegis Caller's Dagger (Aegis Caller)","Aegis Caller's Dagger (Aegis Caller)","The Maelstrom's Perfected Greatsword (Perfected Merciless Charge)"," ()","Escalating Runeblades","Quick Cloak","Tentacular Dread","Killer's Blade","Relentless Focus","Incapacitating Strike","Inspired Scholarship","Flames of Oblivion","Sundering Trample","Venomous Claw","Stampede","Standard of Might"
"Sunspire","Nahviintaas","https://www.esologs.com/reports/RwFhKBLHD6gydzmQ#fight=12&type=summary&source=37","@Adaventi","Viridis Pugnator","ardent-herald-spear-deadly-strike-perfected-slivers-of-the-null-arca","dps","Ardent","Spear","Herald","Perfected Slivers of the Null Arca","Deadly Strike","106260.7","9950.9","20.7","106260.7 DPS","","Slimecraw Mask (Slimecraw)","Perfected Null Arca Jack (Perfected Slivers of the Null Arca)","Deadly Arm Cops (Deadly Strike)","Perfected Null Arca Bracers (Perfected Slivers of the Null Arca)","","Perfected Null Arca Guards (Perfected Slivers of the Null Arca)","Perfected Null Arca Boots (Perfected Slivers of the Null Arca)","","Deadly Ring (Deadly Strike)","Deadly Ring (Deadly Strike)","Deadly Dagger (Deadly Strike)","Deadly Dagger (Deadly Strike)","The Maelstrom's Perfected Lightning Staff (Perfected Crushing Wall)"," ()","Camouflaged Hunter","Cephaliarch's Flail","Pragmatic Fatecarver","Quick Cloak","Fulminating Rune","Everlasting Sweep","Inspired Scholarship","Echoing Vigor","Flames of Oblivion","Elemental Blockade","Molten Whip","The Languid Eye"
"Sunspire","Nahviintaas","https://www.esologs.com/reports/RwFhKBLHD6gydzmQ#fight=12&type=summary&source=9","@Adaventi","Viridis Pugnator","ardent-herald-spear-deadly-strike-perfected-slivers-of-the-null-arca","dps","Ardent","Spear","Herald","Perfected Slivers of the Null Arca","Deadly Strike","99645.6","9582.2","30.7","99645.6 DPS","","Slimecraw Mask (Slimecraw)","Perfected Null Arca Jack (Perfected Slivers of the Null Arca)","Deadly Arm Cops (Deadly Strike)","Perfected Null Arca Bracers (Perfected Slivers of the Null Arca)","","Perfected Null Arca Guards (Perfected Slivers of the Null Arca)","Perfected Null Arca Boots (Perfected Slivers of the Null Arca)","","Deadly Ring (Deadly Strike)","Deadly Ring (Deadly Strike)","Deadly Dagger (Deadly Strike)","Deadly Dagger (Deadly Strike)","The Maelstrom's Perfected Lightning Staff (Perfected Crushing Wall)"," ()","Camouflaged Hunter","Cephaliarch's Flail","Pragmatic Fatecarver","Quick Cloak","Fulminating Rune","Everlasting Sweep","Inspired Scholarship","Echoing Vigor","Flames of Oblivion","Blockade of Storms","Molten Whip","The Languid Eye"
"Sunspire","Nahviintaas","https://www.esologs.com/reports/RwFhKBLHD6gydzmQ#fight=12&type=summary&source=5","@Ailce.tup","Dalziel Ko'Nahr","ardent-herald-spear-deadly-strike-perfected-slivers-of-the-null-arca","dps","Ardent","Spear","Herald","Perfected Slivers of the Null Arca","Deadly Strike","104953.3","8442.1","28.6","104953.3 DPS","","Slimecraw Mask (Slimecraw)","Perfected Null Arca Jack (Perfected Slivers of the Null Arca)","Deadly Arm Cops (Deadly Strike)","Perfected Null Arca Bracers (Perfected Slivers of the Null Arca)","","Perfected Null Arca Guards (Perfected Slivers of the Null Arca)","Perfected Null Arca Boots (Perfected Slivers of the Null Arca)","","Deadly Ring (Deadly Strike)","Deadly Ring (Deadly Strike)","Deadly Dagger (Deadly Strike)","Deadly Dagger (Deadly Strike)","The Maelstrom's Perfected Greatsword (Perfected Merciless Charge)"," ()","Quick Cloak","Cephaliarch's Flail","Pragmatic Fatecarver","Venomous Claw","Banner Bearer","Everlasting Sweep","Inspired Scholarship","Flames of Oblivion","Stampede","Molten Whip","Banner Bearer","The Languid Eye"
"Sunspire","Nahviintaas","https://www.esologs.com/reports/RwFhKBLHD6gydzmQ#fight=12&type=summary&source=1","@KnotXavvy","Might-Be-Argonian","ardent-herald-spear-deadly-strike-perfected-slivers-of-the-null-arca","dps","Ardent","Spear","Herald","Perfected Slivers of the Null Arca","Deadly Strike","110196.8","4736.6","43.3","110196.8 DPS","","Valkyn Skoria Guise (Valkyn Skoria)","Perfected Null Arca Jack (Perfected Slivers of the Null Arca)","Deadly Arm Cops (Deadly Strike)","Perfected Null Arca Bracers (Perfected Slivers of the Null Arca)","","Perfected Null Arca Guards (Perfected Slivers of the Null Arca)","Perfected Null Arca Boots (Perfected Slivers of the Null Arca)","","Deadly Ring (Deadly Strike)","Deadly Ring (Deadly Strike)","Deadly Dagger (Deadly Strike)","Deadly Dagger (Deadly Strike)","The Maelstrom's Perfected Greatsword (Perfected Merciless Charge)"," ()","Cephaliarch's Flail","Pragmatic Fatecarver","Venomous Claw","Barbed Trap","Quick Cloak","Crescent Sweep","Inspired Scholarship","Flames of Oblivion","Stampede","Fulminating Rune","Molten Whip","The Languid Eye"
"Sunspire","Nahviintaas","https://www.esologs.com/reports/RwFhKBLHD6gydzmQ#fight=12&type=summary&source=12","@NMZii","Nomi Nyx","ardent-herald-spear-deadly-strike-perfected-slivers-of-the-null-arca","dps","Ardent","Spear","Herald","Deadly Strike","Perfected Slivers of the Null Arca","88889.1","5255.1","16.4","88889.1 DPS","","Valkyn Skoria Mask (Valkyn Skoria)","Deadly Jack (Deadly Strike)","Deadly Arm Cops (Deadly Strike)","Deadly Bracers (Deadly Strike)","","Deadly Guards (Deadly Strike)","Perfected Null Arca Boots (Perfected Slivers of the Null Arca)","","Perfected Null Arca Ring (Perfected Slivers of the Null Arca)","Perfected Null Arca Ring (Perfected Slivers of the Null Arca)","Perfected Null Arca Dagger (Perfected Slivers of the Null Arca)","Perfected Null Arca Dagger (Perfected Slivers of the Null Arca)","The Maelstrom's Perfected Inferno Staff (Perfected Crushing Wall)"," ()","Venomous Claw","Camouflaged Hunter","Quick Cloak","Cephaliarch's Flail","Pragmatic Fatecarver","Everlasting Sweep","Healing Soul","Molten Whip","Inspired Scholarship","Flames of Oblivion","Elemental Blockade","The Languid Eye"
"Sunspire","Nahviintaas","https://www.esologs.com/reports/RwFhKBLHD6gydzmQ#fight=12&type=summary&source=10","@StOrMz_v","Mr Fluffington","ardent-herald-spear-deadly-strike-perfected-slivers-of-the-null-arca","dps","Ardent","Spear","Herald","Perfected Slivers of the Null Arca","Deadly Strike","99438.3","5030.0","21.4","99438.3 DPS","","Perfected Null Arca Helmet (Perfected Slivers of the Null Arca)","Deadly Jack (Deadly Strike)","Archdruid Devyric's Epaulets (Archdruid Devyric)","Deadly Bracers (Deadly Strike)","","Deadly Guards (Deadly Strike)","Deadly Boots (Deadly Strike)","","Perfected Null Arca Ring (Perfected Slivers of the Null Arca)","Perfected Null Arca Ring (Perfected Slivers of the Null Arca)","Perfected Null Arca Dagger (Perfected Slivers of the Null Arca)","Perfected Null Arca Dagger (Perfected Slivers of the Null Arca)","The Maelstrom's Perfected Lightning Staff (Perfected Crushing Wall)"," ()","Blazing Spear","Cephaliarch's Flail","Pragmatic Fatecarver","Quick Cloak","Venomous Claw","Flawless Dawnbreaker","Elemental Susceptibility","Inspired Scholarship","Flames of Oblivion","Elemental Blockade","Resolving Vigor","The Languid Eye"
"Sunspire","Nahviintaas","https://www.esologs.com/reports/PpLBCgJ8zKqDhFfb#fight=32&type=summary&source=105","@Brassmoose","Naomi Archag am Arc'gah","ardent-ass-herald-berserking-warrior-perfected-slivers-of-the-null-arca","dps","Ardent","Ass","Herald","Perfected Slivers of the Null Arca","Berserking Warrior","161048.6","2465.2","49.2","161048.6 DPS","The Thief","Nerien'eth Mask (Nerien'eth)","Perfected Null Arca Jack (Perfected Slivers of the Null Arca)","Nerien'eth Epaulets (Nerien'eth)","Perfected Null Arca Bracers (Perfected Slivers of the Null Arca)","","Perfected Null Arca Guards (Perfected Slivers of the Null Arca)","Perfected Null Arca Boots (Perfected Slivers of the Null Arca)","","Ring of the Advancing Yokeda (Berserking Warrior)","Ring of the Advancing Yokeda (Berserking Warrior)","Dagger of the Advancing Yokeda (Berserking Warrior)","Dagger of the Advancing Yokeda (Berserking Warrior)","The Maelstrom's Perfected Greatsword (Perfected Merciless Charge)"," ()","Tentacular Dread","Escalating Runeblades","Relentless Focus","Killer's Blade","Exhausting Fatecarver","Incapacitating Strike","Stampede","Molten Whip","Flames of Oblivion","Inspired Scholarship","Pestilent Trample (Class Mastery / Heroism)","Standard of Might"
"Sunspire","Nahviintaas","https://www.esologs.com/reports/PpLBCgJ8zKqDhFfb#fight=32&type=summary&source=3","@Rexeyas","Cream of the Crux","ardent-ass-herald-berserking-warrior-perfected-slivers-of-the-null-arca","dps","Ardent","Ass","Herald","Perfected Slivers of the Null Arca","Berserking Warrior","113099.5","7339.4","28.2","113099.5 DPS","","Selene Mask (Selene)","Perfected Null Arca Jack (Perfected Slivers of the Null Arca)","Selene Arm Cops (Selene)","Perfected Null Arca Bracers (Perfected Slivers of the Null Arca)","","Perfected Null Arca Guards (Perfected Slivers of the Null Arca)","Perfected Null Arca Boots (Perfected Slivers of the Null Arca)","","Ring of the Advancing Yokeda (Berserking Warrior)","Ring of the Advancing Yokeda (Berserking Warrior)","Dagger of the Advancing Yokeda (Berserking Warrior)","Dagger of the Advancing Yokeda (Berserking Warrior)","The Maelstrom's Perfected Greatsword (Perfected Merciless Charge)"," ()","Tentacular Dread","Merciless Resolve","Killer's Blade","Barbed Trap","Escalating Runeblades","Incapacitating Strike","Inspired Scholarship","Resolving Vigor","Flames of Oblivion","Venomous Claw","Stampede","Standard of Might"
"Sunspire","Nahviintaas","https://www.esologs.com/reports/PpLBCgJ8zKqDhFfb#fight=32&type=summary&source=7","@katreest","Liann'y","ardent-ass-herald-berserking-warrior-perfected-slivers-of-the-null-arca","dps","Ardent","Ass","Herald","Berserking Warrior","Perfected Slivers of the Null Arca","123319.1","9815.0","42.2","123319.1 DPS","","Helm of the Advancing Yokeda (Berserking Warrior)","Perfected Null Arca Jack (Perfected Slivers of the Null Arca)","Selene Arm Cops (Selene)","Perfected Null Arca Bracers (Perfected Slivers of the Null Arca)","","Perfected Null Arca Guards (Perfected Slivers of the Null Arca)","Perfected Null Arca Boots (Perfected Slivers of the Null Arca)","","Ring of the Advancing Yokeda (Berserking Warrior)","Ring of the Advancing Yokeda (Berserking Warrior)","Dagger of the Advancing Yokeda (Berserking Warrior)","Dagger of the Advancing Yokeda (Berserking Warrior)","The Maelstrom's Perfected Greatsword (Perfected Merciless Charge)"," ()","Escalating Runeblades","Tentacular Dread","Killer's Blade","Merciless Resolve","Barbed Trap","The Languid Eye","Stampede","Venomous Claw","Exhilarating Drain","Flames of Oblivion","Inspired Scholarship","Standard of Might"
"Sunspire","Nahviintaas","https://www.esologs.com/reports/PpLBCgJ8zKqDhFfb#fight=32&type=summary&source=4","@birdy42","Gromash He'llbeam","ardent-ass-herald-berserking-warrior-perfected-slivers-of-the-null-arca","dps","Ardent","Ass","Herald","Perfected Slivers of the Null Arca","Berserking Warrior","98777.8","3656.2","30.1","98777.8 DPS","","Selene Mask (Selene)","Perfected Null Arca Jack (Perfected Slivers of the Null Arca)","Selene Arm Cops (Selene)","Perfected Null Arca Bracers (Perfected Slivers of the Null Arca)","","Perfected Null Arca Guards (Perfected Slivers of the Null Arca)","Perfected Null Arca Boots (Perfected Slivers of the Null Arca)","","Ring of the Advancing Yokeda (Berserking Warrior)","Ring of the Advancing Yokeda (Berserking Warrior)","Dagger of the Advancing Yokeda (Berserking Warrior)","Dagger of the Advancing Yokeda (Berserking Warrior)","The Maelstrom's Perfected Inferno Staff (Perfected Crushing Wall)"," ()","Killer's Blade","Escalating Runeblades","Tentacular Dread","Resolving Vigor","Merciless Resolve","Incapacitating Strike","Elemental Susceptibility","Elemental Blockade","Inspired Scholarship","Barbed Trap","Venomous Claw","Standard of Might"
"Sunspire","Nahviintaas","https://www.esologs.com/reports/PpLBCgJ8zKqDhFfb#fight=32&type=summary&source=28","@Brassmoose","Naomi Archag am Arc'gah","ardent-ass-herald-berserking-warrior-perfected-slivers-of-the-null-arca","dps","Ardent","Ass","Herald","Perfected Slivers of the Null Arca","Berserking Warrior","141089.1","13494.9","38.6","141089.1 DPS","","Nerien'eth Mask (Nerien'eth)","Perfected Null Arca Jack (Perfected Slivers of the Null Arca)","Nerien'eth Epaulets (Nerien'eth)","Perfected Null Arca Bracers (Perfected Slivers of the Null Arca)","","Perfected Null Arca Guards (Perfected Slivers of the Null Arca)","Perfected Null Arca Boots (Perfected Slivers of the Null Arca)","","Ring of the Advancing Yokeda (Berserking Warrior)","Ring of the Advancing Yokeda (Berserking Warrior)","Dagger of the Advancing Yokeda (Berserking Warrior)","Dagger of the Advancing Yokeda (Berserking Warrior)","The Maelstrom's Perfected Greatsword (Perfected Merciless Charge)"," ()","Tentacular Dread","Escalating Runeblades","Relentless Focus","Killer's Blade","Exhausting Fatecarver","Incapacitating Strike","Stampede","Fulminating Rune","Flames of Oblivion","Inspired Scholarship","Pestilent Trample (Class Mastery / Heroism)","Standard of Might"
"Sunspire","Nahviintaas","https://www.esologs.com/reports/PpLBCgJ8zKqDhFfb#fight=32&type=summary&source=95","@Mr_Loadz","Mr Load z","ardent-ass-grave-roar-of-alkosh-zens-redress","dps","Ardent","Ass","Grave","Z'en's Redress","Roar of Alkosh","103793.6","2199.9","50.0","103793.6 DPS","","Slimecraw Mask (Slimecraw)","Cryptcanon Vestments (Cryptcanon Vestments)","Z'en's Epaulets (Z'en's Redress)","Bracers of Alkosh (Roar of Alkosh)","","Guards of Alkosh (Roar of Alkosh)","Boots of Alkosh (Roar of Alkosh)","","Z'en's Ring (Z'en's Redress)","Z'en's Ring (Z'en's Redress)","Z'en's Dagger (Z'en's Redress)","Z'en's Dagger (Z'en's Redress)","The Maelstrom's Perfected Greatsword (Perfected Merciless Charge)"," ()","Detonating Siphon","Killer's Blade","Blighted Blastbones","Shattering Knife (Warrior's Opportunity / Berserk)","Relentless Focus","Crypt Transfer","Venomous Claw","Stampede","Barbed Trap","Engulfing Flames","Flames of Oblivion","Crypt Transfer"
"Sunspire","Nahviintaas","https://www.esologs.com/reports/PpLBCgJ8zKqDhFfb#fight=32&type=summary&source=30","@Mr_Loadz","Mr Load z","ardent-ass-grave-roar-of-alkosh-zens-redress","dps","Ardent","Ass","Grave","Z'en's Redress","Roar of Alkosh","106952.2","5122.1","62.0","106952.2 DPS","The Thief","Slimecraw Mask (Slimecraw)","Cryptcanon Vestments (Cryptcanon Vestments)","Z'en's Epaulets (Z'en's Redress)","Bracers of Alkosh (Roar of Alkosh)","","Guards of Alkosh (Roar of Alkosh)","Boots of Alkosh (Roar of Alkosh)","","Z'en's Ring (Z'en's Redress)","Z'en's Ring (Z'en's Redress)","Z'en's Dagger (Z'en's Redress)","Z'en's Dagger (Z'en's Redress)","The Maelstrom's Perfected Greatsword (Perfected Merciless Charge)"," ()","Detonating Siphon","Killer's Blade","Blighted Blastbones","Shattering Knife (Warrior's Opportunity / Berserk)","Relentless Focus","Crypt Transfer","Venomous Claw","Stampede","Barbed Trap","Engulfing Flames","Flames of Oblivion","Crypt Transfer"
"Sunspire","Nahviintaas","https://www.esologs.com/reports/PpLBCgJ8zKqDhFfb#fight=32&type=summary&source=7","@Glacial.Skadi","Kara'Xes","ardent-ass-grave-roar-of-alkosh-zens-redress","dps","Ardent","Ass","Grave","Roar of Alkosh","Z'en's Redress","98015.7","4327.8","63.7","98015.7 DPS","","Slimecraw Mask (Slimecraw)","Jack of Alkosh (Roar of Alkosh)","Z'en's Epaulets (Z'en's Redress)","Bracers of Alkosh (Roar of Alkosh)","","Guards of Alkosh (Roar of Alkosh)","Boots of Alkosh (Roar of Alkosh)","","Z'en's Ring (Z'en's Redress)","Z'en's Ring (Z'en's Redress)","Z'en's Dagger (Z'en's Redress)","Z'en's Dagger (Z'en's Redress)","The Maelstrom's Inferno Staff (Crushing Wall)"," ()","Blighted Blastbones","Killer's Blade","Shattering Knife","Merciless Resolve","Quick Cloak","Standard of Might","Venomous Claw","Flames of Oblivion","Elemental Blockade","Barbed Trap","Engulfing Flames","Elemental Rage"
"Sunspire","Nahviintaas","https://www.esologs.com/reports/PpLBCgJ8zKqDhFfb#fight=32&type=summary&source=12","@SweetBabyReyes","Zëldå","ardent-ass-grave-roar-of-alkosh-zens-redress","dps","Ardent","Ass","Grave","Roar of Alkosh","Z'en's Redress","82450.6","8410.8","57.0","82450.6 DPS","","Slimecraw Mask (Slimecraw)","Cryptcanon Vestments (Cryptcanon Vestments)","Arm Cops of Alkosh (Roar of Alkosh)","Bracers of Alkosh (Roar of Alkosh)","","Guards of Alkosh (Roar of Alkosh)","Boots of Alkosh (Roar of Alkosh)","","Z'en's Ring (Z'en's Redress)","Z'en's Ring (Z'en's Redress)","Z'en's Dagger (Z'en's Redress)","Z'en's Dagger (Z'en's Redress)","The Maelstrom's Perfected Greatsword (Perfected Merciless Charge)"," ()","Blighted Blastbones","Killer's Blade","Detonating Siphon","Merciless Resolve","Shattering Knife (Assassin's Misery / Off Balance)","Crypt Transfer","Venomous Claw","Engulfing Flames","Stampede","Flames of Oblivion","Barbed Trap","Crypt Transfer"
"Sunspire","Nahviintaas","https://www.esologs.com/reports/PpLBCgJ8zKqDhFfb#fight=32&type=summary&source=7","@Erroza","Erroza","ardent-ass-grave-roar-of-alkosh-zens-redress","dps","Ardent","Ass","Grave","Roar of Alkosh","Z'en's Redress","98145.8","7115.8","57.9","98145.8 DPS","","Helmet of Alkosh (Roar of Alkosh)","Jack of Alkosh (Roar of Alkosh)","Slimecraw Arm Cops (Slimecraw)","Bracers of Alkosh (Roar of Alkosh)","","Guards of Alkosh (Roar of Alkosh)","Boots of Alkosh (Roar of Alkosh)","","Z'en's Ring (Z'en's Redress)","Z'en's Ring (Z'en's Redress)","Z'en's Dagger (Z'en's Redress)","Z'en's Dagger (Z'en's Redress)","The Maelstrom's Perfected Greatsword (Perfected Merciless Charge)"," ()","Impale","Shattering Knife","Blighted Blastbones","Merciless Resolve","Detonating Siphon","Incapacitating Strike","Barbed Trap","Stampede","Flames of Oblivion","Venomous Claw","Engulfing Flames","Shooting Star"
"Sunspire","Nahviintaas","https://www.esologs.com/reports/V8BthAGyLjacXWDP#fight=22&type=summary&source=36","@AceGaming213","Darksoulrage","curative-green-siphon-perfected-pillagers-profit-spell-power-cure","healer","Siphon","Green","Curative","Perfected Pillager's Profit","Spell Power Cure","3646.0","60390.1","48.1","60390.1 HPS","","The Blind Guise (The Blind)","Spell Power Cure Robe (Spell Power Cure)","The Blind Arm Cops (The Blind)","Spell Power Cure Gloves (Spell Power Cure)","","Spell Power Cure Breeches (Spell Power Cure)","Perfected Pillager's Shoes (Perfected Pillager's Profit)","","Perfected Pillager's Band (Perfected Pillager's Profit)","Perfected Pillager's Band (Perfected Pillager's Profit)","Spell Power Cure Restoration Staff (Spell Power Cure)"," ()","Perfected Pillager's Lightning Staff (Perfected Pillager's Profit)"," ()","Combat Prayer","Illustrious Healing","Echoing Vigor","Budding Seeds","Radiating Regeneration","Soul Siphon","Blockade of Storms","Siphoning Attacks","Energy Orb","Reconstructive Domain","Inner Rage","Aggressive Horn"
"Sunspire","Nahviintaas","https://www.esologs.com/reports/V8BthAGyLjacXWDP#fight=22&type=summary&source=31","@stephnie","Ämelie","curative-green-siphon-perfected-pillagers-profit-spell-power-cure","healer","Siphon","Green","Curative","Spell Power Cure","Perfected Pillager's Profit","6931.7","79215.1","44.1","79215.1 HPS","","Ozezan the Inferno's Visage (Ozezan the Inferno)","Spell Power Cure Jerkin (Spell Power Cure)","Ozezan the Inferno's Epaulets (Ozezan the Inferno)","Spell Power Cure Gloves (Spell Power Cure)","","Perfected Pillager's Breeches (Perfected Pillager's Profit)","Spell Power Cure Shoes (Spell Power Cure)","","Perfected Pillager's Band (Perfected Pillager's Profit)","Perfected Pillager's Band (Perfected Pillager's Profit)","Spell Power Cure Restoration Staff (Spell Power Cure)"," ()","Perfected Pillager's Lightning Staff (Perfected Pillager's Profit)"," ()","Mystic Orb","Radiating Regeneration","Combat Prayer","Budding Seeds","Illustrious Healing","Soul Tether","Leashing Soul","Overflowing Altar","Echoing Vigor","Sap Essence","Elemental Blockade","Glyphic of the Tides"
"Sunspire","Nahviintaas","https://www.esologs.com/reports/V8BthAGyLjacXWDP#fight=22&type=summary&source=1","@lubasik","Master Aleke","curative-green-siphon-perfected-pillagers-profit-spell-power-cure","healer","Siphon","Green","Curative","Spell Power Cure","Perfected Pillager's Profit","4005.1","83174.2","26.8","83174.2 HPS","","The Blind Guise (The Blind)","Spell Power Cure Robe (Spell Power Cure)","The Blind Epaulets (The Blind)","Spell Power Cure Gloves (Spell Power Cure)","","Perfected Pillager's Breeches (Perfected Pillager's Profit)","Spell Power Cure Shoes (Spell Power Cure)","","Perfected Pillager's Band (Perfected Pillager's Profit)","Perfected Pillager's Band (Perfected Pillager's Profit)","Spell Power Cure Restoration Staff (Spell Power Cure)"," ()","Perfected Pillager's Lightning Staff (Perfected Pillager's Profit)"," ()","Overflowing Altar","Combat Prayer","Illustrious Healing","Radiating Regeneration","Chakram of Destiny","Soul Siphon","Blockade of Storms","Energy Orb","Budding Seeds","Echoing Vigor","Inner Rage","Reviving Barrier"
"Sunspire","Nahviintaas","https://www.esologs.com/reports/V8BthAGyLjacXWDP#fight=22&type=summary&source=2","@stephnie","Ämelie","curative-green-siphon-perfected-pillagers-profit-spell-power-cure","healer","Siphon","Green","Curative","Spell Power Cure","Perfected Pillager's Profit","6483.3","79691.3","51.9","79691.3 HPS","","Ozezan the Inferno's Visage (Ozezan the Inferno)","Spell Power Cure Jerkin (Spell Power Cure)","Ozezan the Inferno's Epaulets (Ozezan the Inferno)","Spell Power Cure Gloves (Spell Power Cure)","","Perfected Pillager's Breeches (Perfected Pillager's Profit)","Spell Power Cure Shoes (Spell Power Cure)","","Perfected Pillager's Band (Perfected Pillager's Profit)","Perfected Pillager's Band (Perfected Pillager's Profit)","Spell Power Cure Restoration Staff (Spell Power Cure)"," ()","Perfected Pillager's Lightning Staff (Perfected Pillager's Profit)"," ()","Budding Seeds","Radiating Regeneration","Combat Prayer","Mystic Orb","Illustrious Healing","Soul Tether","Leashing Soul (Druid's Resurgence / Breach)","Overflowing Altar","Echoing Vigor","Sap Essence","Blockade of Storms","Glyphic of the Tides"
"Sunspire","Nahviintaas","https://www.esologs.com/reports/PpLBCgJ8zKqDhFfb#fight=32&type=summary&source=107","@Shrapanel","Benjamin Wise","daedric-soldier-storm-perfected-pearlescent-ward-perfected-xoryns-masterpiece","tank","Daedric","Storm","Soldier","Perfected Xoryn's Masterpiece","Perfected Pearlescent Ward","6722.5","4760.7","36.6","36.6 CPM","","Magma Incarnate Visage (Magma Incarnate)","Perfected Pearlescent Cuirass (Perfected Pearlescent Ward)","Xoryn's Perfected Epaulets (Perfected Xoryn's Masterpiece)","Perfected Pearlescent Gauntlets (Perfected Pearlescent Ward)","","Perfected Pearlescent Greaves (Perfected Pearlescent Ward)","Perfected Pearlescent Sabatons (Perfected Pearlescent Ward)","","Ring of the Wild Hunt (Ring of the Wild Hunt)","Xoryn's Perfected Ring (Perfected Xoryn's Masterpiece)","Xoryn's Perfected Ice Staff (Perfected Xoryn's Masterpiece)"," ()","Xoryn's Perfected Ice Staff (Perfected Xoryn's Masterpiece)"," ()","Inner Rage","Crushing Shock","Race Against Time","Rune of the Colorless Pool","Hardened Ward","Reviving Barrier","Elemental Susceptibility","Hurricane","Blockade of Frost","Healing Burst (Sage's Remedy / Courage)","Echoing Vigor","Summon Charged Atronach"
"Sunspire","Nahviintaas","https://www.esologs.com/reports/PpLBCgJ8zKqDhFfb#fight=32&type=summary&source=27","@Akina.sj","Drifts-on-Clouds","daedric-soldier-storm-perfected-pearlescent-ward-perfected-xoryns-masterpiece","tank","Daedric","Storm","Soldier","Perfected Xoryn's Masterpiece","Perfected Pearlescent Ward","7787.2","2174.5","39.0","39.0 CPM","","Baron Zaudrus Mask (Baron Zaudrus)","Perfected Pearlescent Cuirass (Perfected Pearlescent Ward)","Baron Zaudrus Epaulets (Baron Zaudrus)","Perfected Pearlescent Gauntlets (Perfected Pearlescent Ward)","","Perfected Pearlescent Greaves (Perfected Pearlescent Ward)","Perfected Pearlescent Sabatons (Perfected Pearlescent Ward)","","Xoryn's Perfected Ring (Perfected Xoryn's Masterpiece)","Xoryn's Perfected Ring (Perfected Xoryn's Masterpiece)","Xoryn's Perfected Ice Staff (Perfected Xoryn's Masterpiece)"," ()","Xoryn's Perfected Ice Staff (Perfected Xoryn's Masterpiece)"," ()","Inner Rage","Hardened Ward","Warding Burst (Crusader's Defiance / Expedition)","Crushing Shock","Exhilarating Drain","Replenishing Barrier","Elemental Susceptibility","Blockade of Frost","Resolving Vigor","Ball of Lightning","Rune of the Colorless Pool","Summon Charged Atronach"
"Sunspire","Nahviintaas","https://www.esologs.com/reports/PpLBCgJ8zKqDhFfb#fight=32&type=summary&source=10","@yy00","Voricon","daedric-soldier-storm-perfected-pearlescent-ward-perfected-xoryns-masterpiece","tank","Daedric","Storm","Soldier","Perfected Xoryn's Masterpiece","Perfected Pearlescent Ward","4492.8","1039.1","59.0","59.0 CPM","","Magma Incarnate Visage (Magma Incarnate)","Perfected Pearlescent Cuirass (Perfected Pearlescent Ward)","Spaulder of Ruin (Spaulder of Ruin)","Perfected Pearlescent Gauntlets (Perfected Pearlescent Ward)","","Perfected Pearlescent Greaves (Perfected Pearlescent Ward)","Perfected Pearlescent Sabatons (Perfected Pearlescent Ward)","","Xoryn's Perfected Ring (Perfected Xoryn's Masterpiece)","Xoryn's Perfected Ring (Perfected Xoryn's Masterpiece)","Xoryn's Ice Staff (Xoryn's Masterpiece)"," ()","Xoryn's Perfected Ice Staff (Perfected Xoryn's Masterpiece)"," ()","Liquid Lightning","Runic Sunder","Impervious Runeward","Exhilarating Drain","Runeguard of Still Waters","Reviving Barrier","Crushing Shock","Razor Caltrops","Blockade of Frost","Boundless Storm","Race Against Time","Summon Charged Atronach"
"Sunspire","Nahviintaas","https://www.esologs.com/reports/PpLBCgJ8zKqDhFfb#fight=32&type=summary&source=98","@stileanima","-Taramyn","green-resto-siphon-perfected-pillagers-profit-spell-power-cure","healer","Siphon","Resto","Green","Perfected Pillager's Profit","Spell Power Cure","8821.2","94842.9","68.1","94842.9 HPS","The Atronach","Ozezan the Inferno's Visage (Ozezan the Inferno)","Spell Power Cure Robe (Spell Power Cure)","Ozezan the Inferno's Arm Cops (Ozezan the Inferno)","Spell Power Cure Gloves (Spell Power Cure)","","Perfected Pillager's Breeches (Perfected Pillager's Profit)","Spell Power Cure Shoes (Spell Power Cure)","","Perfected Pillager's Band (Perfected Pillager's Profit)","Perfected Pillager's Band (Perfected Pillager's Profit)","Spell Power Cure Restoration Staff (Spell Power Cure)"," ()","Perfected Pillager's Lightning Staff (Perfected Pillager's Profit)"," ()","Radiating Regeneration","Combat Prayer","Echoing Vigor","Illustrious Healing","Budding Seeds","Soul Siphon","Siphoning Attacks","Extended Ritual","Blockade of Storms","Mystic Orb","Inner Rage","Aggressive Horn"
"Sunspire","Nahviintaas","https://www.esologs.com/reports/PpLBCgJ8zKqDhFfb#fight=32&type=summary&source=2","@Silene-Armeria","Daphnée Jolibois","green-resto-siphon-perfected-pillagers-profit-spell-power-cure","healer","Siphon","Resto","Green","Perfected Pillager's Profit","Spell Power Cure","3773.1","66155.6","61.5","66155.6 HPS","","Nazaray Guise (Nazaray)","Perfected Pillager's Robe (Perfected Pillager's Profit)","Nazaray Epaulets (Nazaray)","Spell Power Cure Gloves (Spell Power Cure)","","Perfected Pillager's Breeches (Perfected Pillager's Profit)","Spell Power Cure Shoes (Spell Power Cure)","","Perfected Pillager's Band (Perfected Pillager's Profit)","Perfected Pillager's Band (Perfected Pillager's Profit)","Spell Power Cure Restoration Staff (Spell Power Cure)"," ()","Perfected Pillager's Lightning Staff (Perfected Pillager's Profit)"," ()","Radiating Regeneration","Illustrious Healing","Combat Prayer","Radiant Aura","Energy Orb","Soul Siphon","Inner Rage","Budding Seeds","Elemental Blockade","Overflowing Altar","Extended Ritual","Reviving Barrier"
"Sunspire","Nahviintaas","https://www.esologs.com/reports/PpLBCgJ8zKqDhFfb#fight=32&type=summary&source=8","@BeNeutralized","Pew Pew Ya Dead","green-resto-siphon-perfected-pillagers-profit-spell-power-cure","healer","Siphon","Resto","Green","Spell Power Cure","Perfected Pillager's Profit","5013.6","72827.1","54.1","72827.1 HPS","","Nazaray Mask (Nazaray)","Spell Power Cure Robe (Spell Power Cure)","Nazaray Arm Cops (Nazaray)","Spell Power Cure Gloves (Spell Power Cure)","","Spell Power Cure Breeches (Spell Power Cure)","Perfected Pillager's Shoes (Perfected Pillager's Profit)","","Perfected Pillager's Band (Perfected Pillager's Profit)","Perfected Pillager's Band (Perfected Pillager's Profit)","Spell Power Cure Restoration Staff (Spell Power Cure)"," ()","Perfected Pillager's Lightning Staff (Perfected Pillager's Profit)"," ()","Combat Prayer","Budding Seeds","Radiating Regeneration","Illustrious Healing","Inner Rage","Soul Siphon","Elemental Blockade","Mystic Orb","Overflowing Altar","Radiant Aura","Extended Ritual","Aggressive Horn"
"Sunspire","Nahviintaas","https://www.esologs.com/reports/PpLBCgJ8zKqDhFfb#fight=32&type=summary&source=190","@S'T","First Day Out","daedric-resto-siphon-master-architect-powerful-assault","healer","Daedric","Siphon","Resto","Master Architect","Powerful Assault","15529.6","70261.6","60.8","70261.6 HPS","The Atronach","Ozezan the Inferno's Mask (Ozezan the Inferno)","Master Architect Robe (Master Architect)","Spaulder of Ruin (Spaulder of Ruin)","Master Architect Gloves (Master Architect)","","Master Architect Breeches (Master Architect)","Master Architect Shoes (Master Architect)","","Ring of the Powerful Assault (Powerful Assault)","Ring of the Powerful Assault (Powerful Assault)","Restoration Staff of the Powerful Assault (Powerful Assault)"," ()","Dagger of Martial Knowledge (Way of Martial Knowledge)","Dagger of Martial Knowledge (Way of Martial Knowledge)","Illustrious Healing","Radiating Regeneration","Combat Prayer","Overflowing Altar","Echoing Vigor","Soul Siphon","Magic Knife (Assassin's Misery / Berserk)","Extended Ritual","Radiant Aura","Mystic Orb","Inner Fire","Summon Charged Atronach"
"Sunspire","Nahviintaas","https://www.esologs.com/reports/PpLBCgJ8zKqDhFfb#fight=32&type=summary&source=23","@S'T","First Day Out","daedric-resto-siphon-master-architect-powerful-assault","healer","Daedric","Siphon","Resto","Master Architect","Powerful Assault","13632.0","61431.9","63.2","61431.9 HPS","","Ozezan the Inferno's Mask (Ozezan the Inferno)","Master Architect Robe (Master Architect)","Spaulder of Ruin (Spaulder of Ruin)","Master Architect Gloves (Master Architect)","","Master Architect Breeches (Master Architect)","Master Architect Shoes (Master Architect)","","Ring of the Powerful Assault (Powerful Assault)","Ring of the Powerful Assault (Powerful Assault)","Restoration Staff of the Powerful Assault (Powerful Assault)"," ()","Dagger of Martial Knowledge (Way of Martial Knowledge)","Dagger of Martial Knowledge (Way of Martial Knowledge)","Illustrious Healing","Radiating Regeneration","Combat Prayer","Overflowing Altar","Echoing Vigor","Soul Siphon","Magic Knife (Assassin's Misery / Berserk)","Extended Ritual","Radiant Aura","Mystic Orb","Inner Fire","Summon Charged Atronach"
"Sunspire","Nahviintaas","https://www.esologs.com/reports/PpLBCgJ8zKqDhFfb#fight=32&type=summary&source=1","@Morning_Skooma","As a Disabled Player","earthen-storm-winter-elemental-catalyst-perfected-lucent-echoes","tank","Earthen","Storm","Winter","Elemental Catalyst","Perfected Lucent Echoes","17394.1","3234.6","62.6","62.6 CPM","","Nazaray Visage (Nazaray)","Lucent Echoes Perfected Cuirass (Perfected Lucent Echoes)","Nazaray Pauldron (Nazaray)","Lucent Echoes Perfected Gauntlets (Perfected Lucent Echoes)","","Lucent Echoes Perfected Greaves (Perfected Lucent Echoes)","Lucent Echoes Perfected Sabatons (Perfected Lucent Echoes)","","Ring of Catalyst (Elemental Catalyst)","Ring of Catalyst (Elemental Catalyst)","Ice Staff of Catalyst (Elemental Catalyst)"," ()","Ice Staff of Catalyst (Elemental Catalyst)"," ()","Revealing Flare","Stone Giant","Inner Rage","Razor Caltrops","Winter's Revenge","Temporal Guard","Expansive Frost Cloak","Blockade of Frost","Eruption","Lightning Flood","Igneous Weapons","Aggressive Horn"
"Sunspire","Nahviintaas","https://www.esologs.com/reports/PpLBCgJ8zKqDhFfb#fight=32&type=summary&source=1","@Morning_Skooma","As a Disabled Player","earthen-storm-winter-elemental-catalyst-perfected-lucent-echoes","tank","Earthen","Storm","Winter","Elemental Catalyst","Perfected Lucent Echoes","18980.8","3770.6","55.4","55.4 CPM","The Atronach","Nazaray Visage (Nazaray)","Lucent Echoes Perfected Cuirass (Perfected Lucent Echoes)","Nazaray Pauldron (Nazaray)","Lucent Echoes Perfected Gauntlets (Perfected Lucent Echoes)","","Lucent Echoes Perfected Greaves (Perfected Lucent Echoes)","Lucent Echoes Perfected Sabatons (Perfected Lucent Echoes)","","Ring of Catalyst (Elemental Catalyst)","Ring of Catalyst (Elemental Catalyst)","Ice Staff of Catalyst (Elemental Catalyst)"," ()","Ice Staff of Catalyst (Elemental Catalyst)"," ()","Elemental Susceptibility","Stone Giant","Inner Rage","Razor Caltrops","Winter's Revenge","Temporal Guard","Expansive Frost Cloak","Blockade of Frost","Eruption","Lightning Flood","Igneous Weapons","Aggressive Horn"
"Sunspire","Nahviintaas","https://www.esologs.com/reports/RwFhKBLHD6gydzmQ#fight=12&type=summary&source=33","@Roachdor","Drops Taunt","earthen-winter-x-perfected-lucent-echoes-perfected-saxhleel-champion","tank","Earthen","Winter","x","Perfected Lucent Echoes","Perfected Saxhleel Champion","6742.7","6014.4","42.4","42.4 CPM","","Nazaray Mask (Nazaray)","Lucent Echoes Perfected Cuirass (Perfected Lucent Echoes)","Nazaray Epaulets (Nazaray)","Lucent Echoes Perfected Gauntlets (Perfected Lucent Echoes)","","Lucent Echoes Perfected Greaves (Perfected Lucent Echoes)","Lucent Echoes Perfected Sabatons (Perfected Lucent Echoes)","","Saxhleel Champion's Perfected Ring (Perfected Saxhleel Champion)","Saxhleel Champion's Perfected Ring (Perfected Saxhleel Champion)","Ice Staff of Alessia's Bulwark (Alessia's Bulwark)"," ()","Saxhleel Champion's Perfected Ice Staff (Perfected Saxhleel Champion)"," ()","Inner Rage","Igneous Shield","Stone Giant","Magical Trample","Polar Wind","Temporal Guard","Elemental Susceptibility","Razor Caltrops","Elemental Blockade","Igneous Weapons","Expansive Frost Cloak","Aggressive Horn"
"Sunspire","Nahviintaas","https://www.esologs.com/reports/RwFhKBLHD6gydzmQ#fight=12&type=summary&source=5","@Roachdor","Drops Taunt","earthen-winter-x-perfected-lucent-echoes-perfected-saxhleel-champion","tank","Earthen","Winter","x","Perfected Lucent Echoes","Perfected Saxhleel Champion","7650.1","6803.3","42.7","42.7 CPM","","Nazaray Mask (Nazaray)","Lucent Echoes Perfected Cuirass (Perfected Lucent Echoes)","Nazaray Epaulets (Nazaray)","Lucent Echoes Perfected Gauntlets (Perfected Lucent Echoes)","","Lucent Echoes Perfected Greaves (Perfected Lucent Echoes)","Lucent Echoes Perfected Sabatons (Perfected Lucent Echoes)","","Saxhleel Champion's Perfected Ring (Perfected Saxhleel Champion)","Saxhleel Champion's Perfected Ring (Perfected Saxhleel Champion)","Ice Staff of Alessia's Bulwark (Alessia's Bulwark)"," ()","Saxhleel Champion's Perfected Ice Staff (Perfected Saxhleel Champion)"," ()","Inner Rage","Igneous Shield","Stone Giant","Chilling Trample (Lingering Torment / Heroism)","Polar Wind","Temporal Guard","Elemental Susceptibility","Razor Caltrops","Blockade of Frost","Igneous Weapons","Expansive Frost Cloak","Aggressive Horn"
"Sunspire","Nahviintaas","https://www.esologs.com/reports/RwFhKBLHD6gydzmQ#fight=12&type=summary&source=38","@grimnoire","Yngrid Noire","resto-x-x-master-architect-powerful-assault","healer","Resto","x","x","Master Architect","Powerful Assault","8613.0","64855.4","48.0","64855.4 HPS","The Ritual","Magma Incarnate Guise (Magma Incarnate)","Master Architect Robe (Master Architect)","Spaulder of Ruin (Spaulder of Ruin)","Bracers of the Powerful Assault (Powerful Assault)","","Master Architect Breeches (Master Architect)","Master Architect Shoes (Master Architect)","","Ring of the Powerful Assault (Powerful Assault)","Ring of the Powerful Assault (Powerful Assault)","Restoration Staff of the Powerful Assault (Powerful Assault)"," ()","Master Architect Lightning Staff (Master Architect)"," ()","Echoing Vigor","Radiating Regeneration","Combat Prayer","Illustrious Healing","Extended Ritual","Reviving Barrier","Radiant Aura","Elemental Blockade","Energy Orb","Magical Trample","Inner Rage","Aggressive Horn"
"Sunspire","Nahviintaas","https://www.esologs.com/reports/RwFhKBLHD6gydzmQ#fight=12&type=summary&source=11","@grimnoire","Yngrid Noire","resto-x-x-master-architect-powerful-assault","healer","Resto","x","x","Master Architect","Powerful Assault","8159.9","65696.0","40.2","65696.0 HPS","","Magma Incarnate Guise (Magma Incarnate)","Master Architect Robe (Master Architect)","Spaulder of Ruin (Spaulder of Ruin)","Bracers of the Powerful Assault (Powerful Assault)","","Master Architect Breeches (Master Architect)","Master Architect Shoes (Master Architect)","","Ring of the Powerful Assault (Powerful Assault)","Ring of the Powerful Assault (Powerful Assault)","Restoration Staff of the Powerful Assault (Powerful Assault)"," ()","Master Architect Lightning Staff (Master Architect)"," ()","Echoing Vigor","Radiating Regeneration","Combat Prayer","Illustrious Healing","Extended Ritual","Reviving Barrier","Radiant Aura","Blockade of Storms","Energy Orb","Chilling Trample (Lingering Torment / Heroism)","Inner Rage","Aggressive Horn"
"Sunspire","Trash Builds","https://www.esologs.com/reports/PpLBCgJ8zKqDhFfb#fight=38&type=summary&source=100","@bleakirl","Warfaerin","ardent-herald-spear-deadly-strike-perfected-sul-xans-torment","dps","Ardent","Spear","Herald","Deadly Strike","Perfected Sul-Xan's Torment","243910.2","5023.8","34.0","243910.2 DPS","The Thief","Deadly Helmet (Deadly Strike)","Perfected Jack of Sul-Xan's Torment (Perfected Sul-Xan's Torment)","Slimecraw Epaulets (Slimecraw)","Perfected Bracers of Sul-Xan's Torment (Perfected Sul-Xan's Torment)","","Perfected Guards of Sul-Xan's Torment (Perfected Sul-Xan's Torment)","Perfected Boots of Sul-Xan's Torment (Perfected Sul-Xan's Torment)","","Deadly Ring (Deadly Strike)","Deadly Ring (Deadly Strike)","Deadly Dagger (Deadly Strike)","Deadly Dagger (Deadly Strike)","The Maelstrom's Perfected Inferno Staff (Perfected Crushing Wall)"," ()","Cephaliarch's Flail","Barbed Trap","Whirling Blades","Pragmatic Fatecarver","Camouflaged Hunter","Crescent Sweep","Blockade of Fire","Inspired Scholarship","Flames of Oblivion","Anti-Cavalry Caltrops","Molten Whip","Elemental Rage"
"Sunspire","Trash Builds","https://www.esologs.com/reports/PpLBCgJ8zKqDhFfb#fight=38&type=summary&source=100","@bleakirl","Warfaerin","ardent-herald-spear-deadly-strike-perfected-sul-xans-torment","dps","Ardent","Spear","Herald","Deadly Strike","Perfected Sul-Xan's Torment","91760.3","5284.5","24.9","91760.3 DPS","","Deadly Helmet (Deadly Strike)","Perfected Jack of Sul-Xan's Torment (Perfected Sul-Xan's Torment)","Slimecraw Epaulets (Slimecraw)","Perfected Bracers of Sul-Xan's Torment (Perfected Sul-Xan's Torment)","","Perfected Guards of Sul-Xan's Torment (Perfected Sul-Xan's Torment)","Perfected Boots of Sul-Xan's Torment (Perfected Sul-Xan's Torment)","","Deadly Ring (Deadly Strike)","Deadly Ring (Deadly Strike)","Deadly Dagger (Deadly Strike)","Deadly Dagger (Deadly Strike)","The Maelstrom's Perfected Inferno Staff (Perfected Crushing Wall)"," ()","Cephaliarch's Flail","Barbed Trap","Whirling Blades","Pragmatic Fatecarver","Camouflaged Hunter","Crescent Sweep","Blockade of Fire","Inspired Scholarship","Flames of Oblivion","Anti-Cavalry Caltrops","Molten Whip","Elemental Rage"
"Sunspire","Trash Builds","https://www.esologs.com/reports/PpLBCgJ8zKqDhFfb#fight=38&type=summary&source=11","@Kaddikat","Sleeps-when-Possible","ardent-herald-spear-deadly-strike-perfected-sul-xans-torment","dps","Ardent","Spear","Herald","Perfected Sul-Xan's Torment","Deadly Strike","96908.0","14913.4","36.8","96908.0 DPS","","Slimecraw Guise (Slimecraw)","Perfected Jack of Sul-Xan's Torment (Perfected Sul-Xan's Torment)","Perfected Arm Cops of Sul-Xan's Torment (Perfected Sul-Xan's Torment)","Perfected Bracers of Sul-Xan's Torment (Perfected Sul-Xan's Torment)","","Deadly Guards (Deadly Strike)","Perfected Boots of Sul-Xan's Torment (Perfected Sul-Xan's Torment)","","Deadly Ring (Deadly Strike)","Deadly Ring (Deadly Strike)","Deadly Dagger (Deadly Strike)","Deadly Dagger (Deadly Strike)","The Maelstrom's Perfected Inferno Staff (Perfected Crushing Wall)"," ()","Camouflaged Hunter","Cephaliarch's Flail","Pragmatic Fatecarver","Quick Cloak","Banner Bearer","Crescent Sweep","Elemental Blockade","Flames of Oblivion","Anti-Cavalry Caltrops","Inspired Scholarship","Banner Bearer","Elemental Rage"
"Sunspire","Trash Builds","https://www.esologs.com/reports/PpLBCgJ8zKqDhFfb#fight=38&type=summary&source=11","@Kaddikat","Sleeps-when-Possible","ardent-herald-spear-deadly-strike-perfected-sul-xans-torment","dps","Ardent","Spear","Herald","Perfected Sul-Xan's Torment","Deadly Strike","156488.0","9374.4","22.5","156488.0 DPS","","Slimecraw Guise (Slimecraw)","Perfected Jack of Sul-Xan's Torment (Perfected Sul-Xan's Torment)","Perfected Arm Cops of Sul-Xan's Torment (Perfected Sul-Xan's Torment)","Perfected Bracers of Sul-Xan's Torment (Perfected Sul-Xan's Torment)","","Deadly Guards (Deadly Strike)","Perfected Boots of Sul-Xan's Torment (Perfected Sul-Xan's Torment)","","Deadly Ring (Deadly Strike)","Deadly Ring (Deadly Strike)","Deadly Dagger (Deadly Strike)","Deadly Dagger (Deadly Strike)","The Maelstrom's Perfected Inferno Staff (Perfected Crushing Wall)"," ()","Camouflaged Hunter","Cephaliarch's Flail","Pragmatic Fatecarver","Quick Cloak","Banner Bearer","Crescent Sweep","Elemental Blockade","Flames of Oblivion","Anti-Cavalry Caltrops","Inspired Scholarship","Banner Bearer","Elemental Rage"
"Sunspire","Trash Builds","https://www.esologs.com/reports/PpLBCgJ8zKqDhFfb#fight=38&type=summary&source=36","@Athic","Sathrys Aran","ardent-herald-spear-deadly-strike-perfected-sul-xans-torment","dps","Ardent","Spear","Herald","Perfected Sul-Xan's Torment","Deadly Strike","178050.0","7765.0","58.3","178050.0 DPS","","Slimecraw Guise (Slimecraw)","Perfected Jack of Sul-Xan's Torment (Perfected Sul-Xan's Torment)","Deadly Arm Cops (Deadly Strike)","Perfected Bracers of Sul-Xan's Torment (Perfected Sul-Xan's Torment)","","Perfected Guards of Sul-Xan's Torment (Perfected Sul-Xan's Torment)","Perfected Boots of Sul-Xan's Torment (Perfected Sul-Xan's Torment)","","Deadly Ring (Deadly Strike)","Deadly Ring (Deadly Strike)","Deadly Dagger (Deadly Strike)","Deadly Dagger (Deadly Strike)","The Maelstrom's Perfected Inferno Staff (Perfected Crushing Wall)"," ()","Quick Cloak","Exhausting Fatecarver","Whirling Blades","Cephaliarch's Flail","Camouflaged Hunter","Crescent Sweep","Proximity Detonation","Flames of Oblivion","Inspired Scholarship","Elemental Blockade","Sundering Trample","Standard of Might"
"Sunspire","Trash Builds","https://www.esologs.com/reports/PpLBCgJ8zKqDhFfb#fight=38&type=summary&source=37","@Adaventi","Viridis Pugnator","ardent-herald-spear-deadly-strike-perfected-sul-xans-torment","dps","Ardent","Spear","Herald","Deadly Strike","Perfected Sul-Xan's Torment","181767.3","3740.7","29.1","181767.3 DPS","","Slimecraw Mask (Slimecraw)","Deadly Jack (Deadly Strike)","Deadly Arm Cops (Deadly Strike)","Deadly Bracers (Deadly Strike)","","Perfected Guards of Sul-Xan's Torment (Perfected Sul-Xan's Torment)","Deadly Boots (Deadly Strike)","","Perfected Ring of Sul-Xan's Torment (Perfected Sul-Xan's Torment)","Perfected Ring of Sul-Xan's Torment (Perfected Sul-Xan's Torment)","Perfected Dagger of Sul-Xan's Torment (Perfected Sul-Xan's Torment)","Perfected Dagger of Sul-Xan's Torment (Perfected Sul-Xan's Torment)","The Maelstrom's Perfected Inferno Staff (Perfected Crushing Wall)"," ()","Camouflaged Hunter","Cephaliarch's Flail","Pragmatic Fatecarver","Quick Cloak","Fulminating Rune","Everlasting Sweep","Inspired Scholarship","Proximity Detonation","Flames of Oblivion","Elemental Blockade","Molten Whip","Elemental Rage"
"Sunspire","Trash Builds","https://www.esologs.com/reports/PpLBCgJ8zKqDhFfb#fight=38&type=summary&source=32","@xXRed-Bau5Xx","Barchanist","ardent-herald-spear-deadly-strike-perfected-sul-xans-torment","dps","Ardent","Spear","Herald","Perfected Sul-Xan's Torment","Deadly Strike","135017.4","12222.7","63.1","135017.4 DPS","","Slimecraw Mask (Slimecraw)","Perfected Jack of Sul-Xan's Torment (Perfected Sul-Xan's Torment)","Deadly Arm Cops (Deadly Strike)","Perfected Bracers of Sul-Xan's Torment (Perfected Sul-Xan's Torment)","","Perfected Guards of Sul-Xan's Torment (Perfected Sul-Xan's Torment)","Perfected Boots of Sul-Xan's Torment (Perfected Sul-Xan's Torment)","","Deadly Ring (Deadly Strike)","Deadly Ring (Deadly Strike)","Deadly Dagger (Deadly Strike)","Deadly Dagger (Deadly Strike)","The Maelstrom's Perfected Inferno Staff (Perfected Crushing Wall)"," ()","Whirling Blades","Cephaliarch's Flail","Pragmatic Fatecarver","Quick Cloak","Camouflaged Hunter","Crescent Sweep","Elemental Blockade","Inspired Scholarship","Flames of Oblivion","Magical Trample","Proximity Detonation","Standard of Might"
"Sunspire","Trash Builds","https://www.esologs.com/reports/PpLBCgJ8zKqDhFfb#fight=38&type=summary&source=36","@Athic","Sathrys Aran","ardent-herald-spear-deadly-strike-perfected-sul-xans-torment","dps","Ardent","Spear","Herald","Perfected Sul-Xan's Torment","Deadly Strike","131552.7","2593.1","34.6","131552.7 DPS","","Slimecraw Guise (Slimecraw)","Perfected Jack of Sul-Xan's Torment (Perfected Sul-Xan's Torment)","Deadly Arm Cops (Deadly Strike)","Perfected Bracers of Sul-Xan's Torment (Perfected Sul-Xan's Torment)","","Perfected Guards of Sul-Xan's Torment (Perfected Sul-Xan's Torment)","Perfected Boots of Sul-Xan's Torment (Perfected Sul-Xan's Torment)","","Deadly Ring (Deadly Strike)","Deadly Ring (Deadly Strike)","Deadly Dagger (Deadly Strike)","Deadly Dagger (Deadly Strike)","The Maelstrom's Perfected Inferno Staff (Perfected Crushing Wall)"," ()","Quick Cloak","Exhausting Fatecarver","Whirling Blades","Cephaliarch's Flail","Camouflaged Hunter","Crescent Sweep","Proximity Detonation","Flames of Oblivion","Inspired Scholarship","Elemental Blockade","Sundering Trample","Standard of Might"
"Sunspire","Trash Builds","https://www.esologs.com/reports/PpLBCgJ8zKqDhFfb#fight=38&type=summary&source=13","@xAudina","Audinaa","ardent-herald-spear-deadly-strike-perfected-sul-xans-torment","dps","Ardent","Spear","Herald","Perfected Sul-Xan's Torment","Deadly Strike","102433.5","12943.7","47.3","102433.5 DPS","","Zaan Guise (Zaan)","Perfected Jack of Sul-Xan's Torment (Perfected Sul-Xan's Torment)","Deadly Arm Cops (Deadly Strike)","Perfected Bracers of Sul-Xan's Torment (Perfected Sul-Xan's Torment)","","Perfected Guards of Sul-Xan's Torment (Perfected Sul-Xan's Torment)","Perfected Boots of Sul-Xan's Torment (Perfected Sul-Xan's Torment)","","Deadly Ring (Deadly Strike)","Deadly Ring (Deadly Strike)","Deadly Dagger (Deadly Strike)","Deadly Dagger (Deadly Strike)","The Maelstrom's Perfected Inferno Staff (Perfected Crushing Wall)"," ()","Camouflaged Hunter","Whirling Blades","Pragmatic Fatecarver","Cephaliarch's Flail","Quick Cloak","Crescent Sweep","Magical Trample","Flames of Oblivion","Elemental Blockade","Inspired Scholarship","Molten Whip","Standard of Might"
"Sunspire","Trash Builds","https://www.esologs.com/reports/PpLBCgJ8zKqDhFfb#fight=38&type=summary&source=37","@Adaventi","Viridis Pugnator","ardent-herald-spear-deadly-strike-perfected-sul-xans-torment","dps","Ardent","Spear","Herald","Deadly Strike","Perfected Sul-Xan's Torment","139205.1","3555.9","43.9","139205.1 DPS","","Slimecraw Mask (Slimecraw)","Deadly Jack (Deadly Strike)","Deadly Arm Cops (Deadly Strike)","Deadly Bracers (Deadly Strike)","","Perfected Guards of Sul-Xan's Torment (Perfected Sul-Xan's Torment)","Deadly Boots (Deadly Strike)","","Perfected Ring of Sul-Xan's Torment (Perfected Sul-Xan's Torment)","Perfected Ring of Sul-Xan's Torment (Perfected Sul-Xan's Torment)","Perfected Dagger of Sul-Xan's Torment (Perfected Sul-Xan's Torment)","Perfected Dagger of Sul-Xan's Torment (Perfected Sul-Xan's Torment)","The Maelstrom's Perfected Inferno Staff (Perfected Crushing Wall)"," ()","Camouflaged Hunter","Cephaliarch's Flail","Pragmatic Fatecarver","Quick Cloak","Fulminating Rune","Everlasting Sweep","Inspired Scholarship","Proximity Detonation","Flames of Oblivion","Elemental Blockade","Molten Whip","Elemental Rage"
"Sunspire","Trash Builds","https://www.esologs.com/reports/PpLBCgJ8zKqDhFfb#fight=38&type=summary&source=32","@xXRed-Bau5Xx","Barchanist","ardent-herald-spear-deadly-strike-perfected-sul-xans-torment","dps","Ardent","Spear","Herald","Perfected Sul-Xan's Torment","Deadly Strike","93405.4","3574.7","27.7","93405.4 DPS","","Slimecraw Mask (Slimecraw)","Perfected Jack of Sul-Xan's Torment (Perfected Sul-Xan's Torment)","Deadly Arm Cops (Deadly Strike)","Perfected Bracers of Sul-Xan's Torment (Perfected Sul-Xan's Torment)","","Perfected Guards of Sul-Xan's Torment (Perfected Sul-Xan's Torment)","Perfected Boots of Sul-Xan's Torment (Perfected Sul-Xan's Torment)","","Deadly Ring (Deadly Strike)","Deadly Ring (Deadly Strike)","Deadly Dagger (Deadly Strike)","Deadly Dagger (Deadly Strike)","The Maelstrom's Perfected Inferno Staff (Perfected Crushing Wall)"," ()","Whirling Blades","Cephaliarch's Flail","Pragmatic Fatecarver","Quick Cloak","Camouflaged Hunter","Crescent Sweep","Elemental Blockade","Inspired Scholarship","Flames of Oblivion","Magical Trample","Proximity Detonation","Standard of Might"
"Sunspire","Trash Builds","https://www.esologs.com/reports/PpLBCgJ8zKqDhFfb#fight=38&type=summary&source=4","@xXRed-Bau5Xx","Barchanist","ardent-herald-spear-deadly-strike-perfected-sul-xans-torment","dps","Ardent","Spear","Herald","Perfected Sul-Xan's Torment","Deadly Strike","124757.7","10122.4","53.0","124757.7 DPS","","Slimecraw Mask (Slimecraw)","Perfected Jack of Sul-Xan's Torment (Perfected Sul-Xan's Torment)","Deadly Arm Cops (Deadly Strike)","Perfected Bracers of Sul-Xan's Torment (Perfected Sul-Xan's Torment)","","Perfected Guards of Sul-Xan's Torment (Perfected Sul-Xan's Torment)","Perfected Boots of Sul-Xan's Torment (Perfected Sul-Xan's Torment)","","Deadly Ring (Deadly Strike)","Deadly Ring (Deadly Strike)","Deadly Dagger (Deadly Strike)","Deadly Dagger (Deadly Strike)","The Maelstrom's Perfected Inferno Staff (Perfected Crushing Wall)"," ()","Whirling Blades","Cephaliarch's Flail","Pragmatic Fatecarver","Quick Cloak","Camouflaged Hunter","Crescent Sweep","Blockade of Fire","Inspired Scholarship","Flames of Oblivion","Magical Trample (Lingering Torment / Heroism)","Proximity Detonation","Standard of Might"
"Sunspire","Trash Builds","https://www.esologs.com/reports/PpLBCgJ8zKqDhFfb#fight=38&type=summary&source=3","@xAudina","Audinaa","ardent-herald-spear-deadly-strike-perfected-sul-xans-torment","dps","Ardent","Spear","Herald","Perfected Sul-Xan's Torment","Deadly Strike","104349.9","4788.9","50.8","104349.9 DPS","","Zaan Guise (Zaan)","Perfected Jack of Sul-Xan's Torment (Perfected Sul-Xan's Torment)","Deadly Arm Cops (Deadly Strike)","Perfected Bracers of Sul-Xan's Torment (Perfected Sul-Xan's Torment)","","Perfected Guards of Sul-Xan's Torment (Perfected Sul-Xan's Torment)","Perfected Boots of Sul-Xan's Torment (Perfected Sul-Xan's Torment)","","Deadly Ring (Deadly Strike)","Deadly Ring (Deadly Strike)","Deadly Dagger (Deadly Strike)","Deadly Dagger (Deadly Strike)","The Maelstrom's Perfected Inferno Staff (Perfected Crushing Wall)"," ()","Camouflaged Hunter","Whirling Blades","Pragmatic Fatecarver","Cephaliarch's Flail","Quick Cloak","Crescent Sweep","Magical Trample (Class Mastery / Heroism)","Flames of Oblivion","Blockade of Fire","Inspired Scholarship","Molten Whip","Standard of Might"
"Sunspire","Trash Builds","https://www.esologs.com/reports/PpLBCgJ8zKqDhFfb#fight=38&type=summary&source=1","@Athic","Sathrys Aran","ardent-herald-spear-deadly-strike-perfected-sul-xans-torment","dps","Ardent","Spear","Herald","Perfected Sul-Xan's Torment","Deadly Strike","175341.9","2722.6","48.6","175341.9 DPS","","Slimecraw Guise (Slimecraw)","Perfected Jack of Sul-Xan's Torment (Perfected Sul-Xan's Torment)","Deadly Arm Cops (Deadly Strike)","Perfected Bracers of Sul-Xan's Torment (Perfected Sul-Xan's Torment)","","Perfected Guards of Sul-Xan's Torment (Perfected Sul-Xan's Torment)","Perfected Boots of Sul-Xan's Torment (Perfected Sul-Xan's Torment)","","Deadly Ring (Deadly Strike)","Deadly Ring (Deadly Strike)","Deadly Dagger (Deadly Strike)","Deadly Dagger (Deadly Strike)","The Maelstrom's Perfected Inferno Staff (Perfected Crushing Wall)"," ()","Quick Cloak","Exhausting Fatecarver","Whirling Blades","Cephaliarch's Flail","Camouflaged Hunter","Crescent Sweep","Proximity Detonation","Flames of Oblivion","Inspired Scholarship","Blockade of Fire","Pestilent Trample (Lingering Torment / Heroism)","Standard of Might"
"Sunspire","Trash Builds","https://www.esologs.com/reports/PpLBCgJ8zKqDhFfb#fight=38&type=summary&source=9","@Adaventi","Viridis Pugnator","ardent-herald-spear-deadly-strike-perfected-sul-xans-torment","dps","Ardent","Spear","Herald","Deadly Strike","Perfected Sul-Xan's Torment","164885.4","2710.4","46.4","164885.4 DPS","","Slimecraw Mask (Slimecraw)","Deadly Jack (Deadly Strike)","Deadly Arm Cops (Deadly Strike)","Deadly Bracers (Deadly Strike)","","Perfected Guards of Sul-Xan's Torment (Perfected Sul-Xan's Torment)","Deadly Boots (Deadly Strike)","","Perfected Ring of Sul-Xan's Torment (Perfected Sul-Xan's Torment)","Perfected Ring of Sul-Xan's Torment (Perfected Sul-Xan's Torment)","Perfected Dagger of Sul-Xan's Torment (Perfected Sul-Xan's Torment)","Perfected Dagger of Sul-Xan's Torment (Perfected Sul-Xan's Torment)","The Maelstrom's Perfected Inferno Staff (Perfected Crushing Wall)"," ()","Camouflaged Hunter","Cephaliarch's Flail","Pragmatic Fatecarver","Quick Cloak","Fulminating Rune","Everlasting Sweep","Inspired Scholarship","Proximity Detonation","Flames of Oblivion","Blockade of Fire","Molten Whip","Elemental Rage"
"Sunspire","Trash Builds","https://www.esologs.com/reports/PpLBCgJ8zKqDhFfb#fight=38&type=summary&source=4","@xXRed-Bau5Xx","Barchanist","ardent-herald-spear-deadly-strike-perfected-sul-xans-torment","dps","Ardent","Spear","Herald","Perfected Sul-Xan's Torment","Deadly Strike","84680.2","8044.0","38.5","84680.2 DPS","","Slimecraw Mask (Slimecraw)","Perfected Jack of Sul-Xan's Torment (Perfected Sul-Xan's Torment)","Deadly Arm Cops (Deadly Strike)","Perfected Bracers of Sul-Xan's Torment (Perfected Sul-Xan's Torment)","","Perfected Guards of Sul-Xan's Torment (Perfected Sul-Xan's Torment)","Perfected Boots of Sul-Xan's Torment (Perfected Sul-Xan's Torment)","","Deadly Ring (Deadly Strike)","Deadly Ring (Deadly Strike)","Deadly Dagger (Deadly Strike)","Deadly Dagger (Deadly Strike)","The Maelstrom's Perfected Inferno Staff (Perfected Crushing Wall)"," ()","Whirling Blades","Cephaliarch's Flail","Pragmatic Fatecarver","Quick Cloak","Camouflaged Hunter","Crescent Sweep","Blockade of Fire","Inspired Scholarship","Flames of Oblivion","Magical Trample (Lingering Torment / Heroism)","Proximity Detonation","Standard of Might"
"Sunspire","Trash Builds","https://www.esologs.com/reports/PpLBCgJ8zKqDhFfb#fight=38&type=summary&source=3","@xAudina","Audinaa","ardent-herald-spear-deadly-strike-perfected-sul-xans-torment","dps","Ardent","Spear","Herald","Perfected Sul-Xan's Torment","Deadly Strike","60574.9","5510.4","30.8","60574.9 DPS","","Zaan Guise (Zaan)","Perfected Jack of Sul-Xan's Torment (Perfected Sul-Xan's Torment)","Deadly Arm Cops (Deadly Strike)","Perfected Bracers of Sul-Xan's Torment (Perfected Sul-Xan's Torment)","","Perfected Guards of Sul-Xan's Torment (Perfected Sul-Xan's Torment)","Perfected Boots of Sul-Xan's Torment (Perfected Sul-Xan's Torment)","","Deadly Ring (Deadly Strike)","Deadly Ring (Deadly Strike)","Deadly Dagger (Deadly Strike)","Deadly Dagger (Deadly Strike)","The Maelstrom's Perfected Inferno Staff (Perfected Crushing Wall)"," ()","Camouflaged Hunter","Whirling Blades","Pragmatic Fatecarver","Cephaliarch's Flail","Quick Cloak","Crescent Sweep","Magical Trample (Class Mastery / Heroism)","Flames of Oblivion","Blockade of Fire","Inspired Scholarship","Molten Whip","Standard of Might"
"Sunspire","Trash Builds","https://www.esologs.com/reports/PpLBCgJ8zKqDhFfb#fight=38&type=summary&source=1","@Athic","Sathrys Aran","ardent-herald-spear-deadly-strike-perfected-sul-xans-torment","dps","Ardent","Spear","Herald","Perfected Sul-Xan's Torment","Deadly Strike","131968.0","8655.1","40.0","131968.0 DPS","","Slimecraw Guise (Slimecraw)","Perfected Jack of Sul-Xan's Torment (Perfected Sul-Xan's Torment)","Deadly Arm Cops (Deadly Strike)","Perfected Bracers of Sul-Xan's Torment (Perfected Sul-Xan's Torment)","","Perfected Guards of Sul-Xan's Torment (Perfected Sul-Xan's Torment)","Perfected Boots of Sul-Xan's Torment (Perfected Sul-Xan's Torment)","","Deadly Ring (Deadly Strike)","Deadly Ring (Deadly Strike)","Deadly Dagger (Deadly Strike)","Deadly Dagger (Deadly Strike)","The Maelstrom's Perfected Inferno Staff (Perfected Crushing Wall)"," ()","Quick Cloak","Exhausting Fatecarver","Whirling Blades","Cephaliarch's Flail","Camouflaged Hunter","Crescent Sweep","Proximity Detonation","Flames of Oblivion","Inspired Scholarship","Blockade of Fire","Pestilent Trample (Lingering Torment / Heroism)","Standard of Might"
"Sunspire","Trash Builds","https://www.esologs.com/reports/PpLBCgJ8zKqDhFfb#fight=38&type=summary&source=9","@Adaventi","Viridis Pugnator","ardent-herald-spear-deadly-strike-perfected-sul-xans-torment","dps","Ardent","Spear","Herald","Deadly Strike","Perfected Sul-Xan's Torment","92597.3","2731.7","40.0","92597.3 DPS","","Slimecraw Mask (Slimecraw)","Deadly Jack (Deadly Strike)","Deadly Arm Cops (Deadly Strike)","Deadly Bracers (Deadly Strike)","","Perfected Guards of Sul-Xan's Torment (Perfected Sul-Xan's Torment)","Deadly Boots (Deadly Strike)","","Perfected Ring of Sul-Xan's Torment (Perfected Sul-Xan's Torment)","Perfected Ring of Sul-Xan's Torment (Perfected Sul-Xan's Torment)","Perfected Dagger of Sul-Xan's Torment (Perfected Sul-Xan's Torment)","Perfected Dagger of Sul-Xan's Torment (Perfected Sul-Xan's Torment)","The Maelstrom's Perfected Inferno Staff (Perfected Crushing Wall)"," ()","Camouflaged Hunter","Cephaliarch's Flail","Pragmatic Fatecarver","Quick Cloak","Fulminating Rune","Everlasting Sweep","Inspired Scholarship","Proximity Detonation","Flames of Oblivion","Blockade of Fire","Molten Whip","Elemental Rage"
"Sunspire","Trash Builds","https://www.esologs.com/reports/PpLBCgJ8zKqDhFfb#fight=38&type=summary&source=5","@Ailce.tup","Dalziel Ko'Nahr","ardent-herald-spear-deadly-strike-perfected-sul-xans-torment","dps","Ardent","Spear","Herald","Perfected Sul-Xan's Torment","Deadly Strike","108862.6","20885.9","38.6","108862.6 DPS","","Slimecraw Mask (Slimecraw)","Perfected Jack of Sul-Xan's Torment (Perfected Sul-Xan's Torment)","Deadly Arm Cops (Deadly Strike)","Perfected Bracers of Sul-Xan's Torment (Perfected Sul-Xan's Torment)","","Deadly Guards (Deadly Strike)","Deadly Boots (Deadly Strike)","","Deadly Ring (Deadly Strike)","Deadly Ring (Deadly Strike)","Perfected Dagger of Sul-Xan's Torment (Perfected Sul-Xan's Torment)","Perfected Dagger of Sul-Xan's Torment (Perfected Sul-Xan's Torment)","The Maelstrom's Perfected Inferno Staff (Perfected Crushing Wall)"," ()","Quick Cloak","Cephaliarch's Flail","Pragmatic Fatecarver","Blazing Spear","Camouflaged Hunter","Flawless Dawnbreaker","Inspired Scholarship","Flames of Oblivion","Elemental Blockade","Anti-Cavalry Caltrops","Molten Whip","Elemental Rage"
"Sunspire","Trash Builds","https://www.esologs.com/reports/PpLBCgJ8zKqDhFfb#fight=38&type=summary&source=1","@KnotXavvy","Might-Be-Argonian","ardent-herald-spear-deadly-strike-perfected-sul-xans-torment","dps","Ardent","Spear","Herald","Perfected Sul-Xan's Torment","Deadly Strike","172871.7","4836.1","34.3","172871.7 DPS","","Slimecraw Mask (Slimecraw)","Perfected Jack of Sul-Xan's Torment (Perfected Sul-Xan's Torment)","Deadly Arm Cops (Deadly Strike)","Perfected Bracers of Sul-Xan's Torment (Perfected Sul-Xan's Torment)","","Perfected Guards of Sul-Xan's Torment (Perfected Sul-Xan's Torment)","Perfected Boots of Sul-Xan's Torment (Perfected Sul-Xan's Torment)","","Deadly Ring (Deadly Strike)","Deadly Ring (Deadly Strike)","Deadly Dagger (Deadly Strike)","Deadly Dagger (Deadly Strike)","The Maelstrom's Perfected Inferno Staff (Perfected Crushing Wall)"," ()","Cephaliarch's Flail","Pragmatic Fatecarver","Luminous Shards","Quick Cloak","Camouflaged Hunter","Flawless Dawnbreaker","Inspired Scholarship","Flames of Oblivion","Blockade of Fire","Anti-Cavalry Caltrops","Proximity Detonation","The Languid Eye"
"Sunspire","Trash Builds","https://www.esologs.com/reports/PpLBCgJ8zKqDhFfb#fight=38&type=summary&source=4","@ABales","Daehiro","ardent-herald-spear-deadly-strike-perfected-sul-xans-torment","dps","Ardent","Spear","Herald","Perfected Sul-Xan's Torment","Deadly Strike","148459.2","23885.4","47.2","148459.2 DPS","","Slimecraw Guise (Slimecraw)","Perfected Jack of Sul-Xan's Torment (Perfected Sul-Xan's Torment)","Perfected Arm Cops of Sul-Xan's Torment (Perfected Sul-Xan's Torment)","Deadly Bracers (Deadly Strike)","","Deadly Guards (Deadly Strike)","Perfected Boots of Sul-Xan's Torment (Perfected Sul-Xan's Torment)","","Perfected Ring of Sul-Xan's Torment (Perfected Sul-Xan's Torment)","Perfected Ring of Sul-Xan's Torment (Perfected Sul-Xan's Torment)","Deadly Dagger (Deadly Strike)","Deadly Dagger (Deadly Strike)","The Maelstrom's Perfected Inferno Staff (Perfected Crushing Wall)"," ()","Pragmatic Fatecarver","Quick Cloak","Blazing Spear","Cephaliarch's Flail","Camouflaged Hunter","Flawless Dawnbreaker","Elemental Blockade","Flames of Oblivion","Venomous Claw","Inspired Scholarship","Molten Whip","Standard of Might"
"Sunspire","Trash Builds","https://www.esologs.com/reports/PpLBCgJ8zKqDhFfb#fight=38&type=summary&source=5","@Ailce.tup","Dalziel Ko'Nahr","ardent-herald-spear-deadly-strike-perfected-sul-xans-torment","dps","Ardent","Spear","Herald","Perfected Sul-Xan's Torment","Deadly Strike","72815.5","5605.8","21.1","72815.5 DPS","","Slimecraw Mask (Slimecraw)","Perfected Jack of Sul-Xan's Torment (Perfected Sul-Xan's Torment)","Deadly Arm Cops (Deadly Strike)","Perfected Bracers of Sul-Xan's Torment (Perfected Sul-Xan's Torment)","","Deadly Guards (Deadly Strike)","Deadly Boots (Deadly Strike)","","Deadly Ring (Deadly Strike)","Deadly Ring (Deadly Strike)","Perfected Dagger of Sul-Xan's Torment (Perfected Sul-Xan's Torment)","Perfected Dagger of Sul-Xan's Torment (Perfected Sul-Xan's Torment)","The Maelstrom's Perfected Inferno Staff (Perfected Crushing Wall)"," ()","Quick Cloak","Cephaliarch's Flail","Pragmatic Fatecarver","Blazing Spear","Camouflaged Hunter","Flawless Dawnbreaker","Inspired Scholarship","Flames of Oblivion","Elemental Blockade","Anti-Cavalry Caltrops","Molten Whip","Elemental Rage"
"Sunspire","Trash Builds","https://www.esologs.com/reports/PpLBCgJ8zKqDhFfb#fight=38&type=summary&source=8","@Ebelix","I Arcania I","ardent-herald-spear-deadly-strike-perfected-sul-xans-torment","dps","Ardent","Spear","Herald","Perfected Sul-Xan's Torment","Deadly Strike","57936.1","4240.1","21.1","57936.1 DPS","","Slimecraw Guise (Slimecraw)","Perfected Jack of Sul-Xan's Torment (Perfected Sul-Xan's Torment)","Deadly Arm Cops (Deadly Strike)","Perfected Bracers of Sul-Xan's Torment (Perfected Sul-Xan's Torment)","","Perfected Guards of Sul-Xan's Torment (Perfected Sul-Xan's Torment)","Perfected Boots of Sul-Xan's Torment (Perfected Sul-Xan's Torment)","","Deadly Ring (Deadly Strike)","Deadly Ring (Deadly Strike)","Deadly Dagger (Deadly Strike)","Deadly Dagger (Deadly Strike)","The Maelstrom's Perfected Inferno Staff (Perfected Crushing Wall)"," ()","Cephaliarch's Flail","Whirling Blades","Pragmatic Fatecarver","Camouflaged Hunter","Quick Cloak","Crescent Sweep","Elemental Blockade","Flames of Oblivion","Proximity Detonation","Venomous Claw","Inspired Scholarship","The Languid Eye"
"Sunspire","Trash Builds","https://www.esologs.com/reports/PpLBCgJ8zKqDhFfb#fight=38&type=summary&source=1","@KnotXavvy","Might-Be-Argonian","ardent-herald-spear-deadly-strike-perfected-sul-xans-torment","dps","Ardent","Spear","Herald","Perfected Sul-Xan's Torment","Deadly Strike","79931.8","4675.7","34.7","79931.8 DPS","","Slimecraw Mask (Slimecraw)","Perfected Jack of Sul-Xan's Torment (Perfected Sul-Xan's Torment)","Deadly Arm Cops (Deadly Strike)","Perfected Bracers of Sul-Xan's Torment (Perfected Sul-Xan's Torment)","","Perfected Guards of Sul-Xan's Torment (Perfected Sul-Xan's Torment)","Perfected Boots of Sul-Xan's Torment (Perfected Sul-Xan's Torment)","","Deadly Ring (Deadly Strike)","Deadly Ring (Deadly Strike)","Deadly Dagger (Deadly Strike)","Deadly Dagger (Deadly Strike)","The Maelstrom's Perfected Inferno Staff (Perfected Crushing Wall)"," ()","Cephaliarch's Flail","Pragmatic Fatecarver","Luminous Shards","Quick Cloak","Camouflaged Hunter","Flawless Dawnbreaker","Inspired Scholarship","Flames of Oblivion","Elemental Blockade","Anti-Cavalry Caltrops","Proximity Detonation","The Languid Eye"
"Sunspire","Trash Builds","https://www.esologs.com/reports/PpLBCgJ8zKqDhFfb#fight=38&type=summary&source=4","@ABales","Daehiro","ardent-herald-spear-deadly-strike-perfected-sul-xans-torment","dps","Ardent","Spear","Herald","Perfected Sul-Xan's Torment","Deadly Strike","38849.3","6399.6","32.2","38849.3 DPS","","Slimecraw Guise (Slimecraw)","Perfected Jack of Sul-Xan's Torment (Perfected Sul-Xan's Torment)","Perfected Arm Cops of Sul-Xan's Torment (Perfected Sul-Xan's Torment)","Deadly Bracers (Deadly Strike)","","Deadly Guards (Deadly Strike)","Perfected Boots of Sul-Xan's Torment (Perfected Sul-Xan's Torment)","","Perfected Ring of Sul-Xan's Torment (Perfected Sul-Xan's Torment)","Perfected Ring of Sul-Xan's Torment (Perfected Sul-Xan's Torment)","Deadly Dagger (Deadly Strike)","Deadly Dagger (Deadly Strike)","The Maelstrom's Perfected Inferno Staff (Perfected Crushing Wall)"," ()","Pragmatic Fatecarver","Quick Cloak","Blazing Spear","Cephaliarch's Flail","Camouflaged Hunter","Flawless Dawnbreaker","Elemental Blockade","Flames of Oblivion","Venomous Claw","Inspired Scholarship","Molten Whip","Standard of Might"
"Sunspire","Trash Builds","https://www.esologs.com/reports/PpLBCgJ8zKqDhFfb#fight=38&type=summary&source=7","@Amenokai","Anode Cathode","ardent-herald-spear-deadly-strike-perfected-sul-xans-torment","dps","Ardent","Spear","Herald","Perfected Sul-Xan's Torment","Deadly Strike","109635.5","11967.3","42.7","109635.5 DPS","","Perfected Helmet of Sul-Xan's Torment (Perfected Sul-Xan's Torment)","Deadly Jack (Deadly Strike)","Slimecraw Epaulets (Slimecraw)","Perfected Bracers of Sul-Xan's Torment (Perfected Sul-Xan's Torment)","","Perfected Guards of Sul-Xan's Torment (Perfected Sul-Xan's Torment)","Deadly Boots (Deadly Strike)","","Deadly Ring (Deadly Strike)","Deadly Ring (Deadly Strike)","Perfected Dagger of Sul-Xan's Torment (Perfected Sul-Xan's Torment)","Perfected Dagger of Sul-Xan's Torment (Perfected Sul-Xan's Torment)","The Maelstrom's Perfected Greatsword (Perfected Merciless Charge)"," ()","Cephaliarch's Flail","Quick Cloak","Blazing Spear","Camouflaged Hunter","Pragmatic Fatecarver","Flawless Dawnbreaker","Stampede","Anti-Cavalry Caltrops","Flames of Oblivion","Molten Whip","Inspired Scholarship","The Languid Eye"
"Sunspire","Trash Builds","https://www.esologs.com/reports/PpLBCgJ8zKqDhFfb#fight=38&type=summary&source=10","@StOrMz_v","Mr Fluffington","ardent-herald-spear-deadly-strike-perfected-sul-xans-torment","dps","Ardent","Spear","Herald","Deadly Strike","Perfected Sul-Xan's Torment","87287.2","5237.8","48.3","87287.2 DPS","","Deadly Helmet (Deadly Strike)","Perfected Jack of Sul-Xan's Torment (Perfected Sul-Xan's Torment)","Slimecraw Epaulets (Slimecraw)","Perfected Bracers of Sul-Xan's Torment (Perfected Sul-Xan's Torment)","","Perfected Guards of Sul-Xan's Torment (Perfected Sul-Xan's Torment)","Perfected Boots of Sul-Xan's Torment (Perfected Sul-Xan's Torment)","","Deadly Ring (Deadly Strike)","Deadly Ring (Deadly Strike)","Deadly Dagger (Deadly Strike)","Deadly Dagger (Deadly Strike)","The Maelstrom's Perfected Inferno Staff (Perfected Crushing Wall)"," ()","Banner Bearer","Cephaliarch's Flail","Pragmatic Fatecarver","Quick Cloak","Razor Caltrops","Flawless Dawnbreaker","Banner Bearer","Inspired Scholarship","Flames of Oblivion","Elemental Blockade","Blazing Spear","Elemental Rage"
"Sunspire","Trash Builds","https://www.esologs.com/reports/PpLBCgJ8zKqDhFfb#fight=38&type=summary&source=7","@Amenokai","Anode Cathode","ardent-herald-spear-deadly-strike-perfected-sul-xans-torment","dps","Ardent","Spear","Herald","Perfected Sul-Xan's Torment","Deadly Strike","73099.9","6644.8","34.7","73099.9 DPS","","Perfected Helmet of Sul-Xan's Torment (Perfected Sul-Xan's Torment)","Deadly Jack (Deadly Strike)","Slimecraw Epaulets (Slimecraw)","Perfected Bracers of Sul-Xan's Torment (Perfected Sul-Xan's Torment)","","Perfected Guards of Sul-Xan's Torment (Perfected Sul-Xan's Torment)","Deadly Boots (Deadly Strike)","","Deadly Ring (Deadly Strike)","Deadly Ring (Deadly Strike)","Perfected Dagger of Sul-Xan's Torment (Perfected Sul-Xan's Torment)","Perfected Dagger of Sul-Xan's Torment (Perfected Sul-Xan's Torment)","The Maelstrom's Perfected Greatsword (Perfected Merciless Charge)"," ()","Cephaliarch's Flail","Quick Cloak","Blazing Spear","Camouflaged Hunter","Pragmatic Fatecarver","Flawless Dawnbreaker","Stampede","Anti-Cavalry Caltrops","Flames of Oblivion","Molten Whip","Inspired Scholarship","The Languid Eye"
"Sunspire","Trash Builds","https://www.esologs.com/reports/PpLBCgJ8zKqDhFfb#fight=38&type=summary&source=10","@StOrMz_v","Mr Fluffington","ardent-herald-spear-deadly-strike-perfected-sul-xans-torment","dps","Ardent","Spear","Herald","Deadly Strike","Perfected Sul-Xan's Torment","60834.7","6628.4","34.7","60834.7 DPS","","Deadly Helmet (Deadly Strike)","Perfected Jack of Sul-Xan's Torment (Perfected Sul-Xan's Torment)","Slimecraw Epaulets (Slimecraw)","Perfected Bracers of Sul-Xan's Torment (Perfected Sul-Xan's Torment)","","Perfected Guards of Sul-Xan's Torment (Perfected Sul-Xan's Torment)","Perfected Boots of Sul-Xan's Torment (Perfected Sul-Xan's Torment)","","Deadly Ring (Deadly Strike)","Deadly Ring (Deadly Strike)","Deadly Dagger (Deadly Strike)","Deadly Dagger (Deadly Strike)","The Maelstrom's Perfected Inferno Staff (Perfected Crushing Wall)"," ()","Banner Bearer","Cephaliarch's Flail","Pragmatic Fatecarver","Quick Cloak","Razor Caltrops","Flawless Dawnbreaker","Banner Bearer","Inspired Scholarship","Flames of Oblivion","Elemental Blockade","Blazing Spear","Elemental Rage"
"Sunspire","Trash Builds","https://www.esologs.com/reports/PpLBCgJ8zKqDhFfb#fight=38&type=summary&source=105","@Brassmoose","Naomi Archag am Arc'gah","ardent-ass-herald-perfected-sul-xans-torment-tide-born-wildstalker","dps","Ardent","Ass","Herald","Tide-Born Wildstalker","Perfected Sul-Xan's Torment","85125.0","0.0","44.4","85125.0 DPS","","Tide-Born Helmet (Tide-Born Wildstalker)","Tide-Born Jack (Tide-Born Wildstalker)","Zaan Arm Cops (Zaan)","Tide-Born Bracers (Tide-Born Wildstalker)","","Tide-Born Guards (Tide-Born Wildstalker)","Tide-Born Boots (Tide-Born Wildstalker)","","Perfected Ring of Sul-Xan's Torment (Perfected Sul-Xan's Torment)","Perfected Ring of Sul-Xan's Torment (Perfected Sul-Xan's Torment)","Perfected Dagger of Sul-Xan's Torment (Perfected Sul-Xan's Torment)","Perfected Dagger of Sul-Xan's Torment (Perfected Sul-Xan's Torment)","The Maelstrom's Perfected Inferno Staff (Perfected Crushing Wall)"," ()","Escalating Runeblades","Whirling Blades","Relentless Focus","Exhausting Fatecarver","Camouflaged Hunter","Incapacitating Strike","Blockade of Fire","Proximity Detonation","Flames of Oblivion","Inspired Scholarship","Pestilent Trample (Class Mastery / Heroism)","The Languid Eye"
"Sunspire","Trash Builds","https://www.esologs.com/reports/PpLBCgJ8zKqDhFfb#fight=38&type=summary&source=2","@BraxLa","Ravelia","ardent-ass-herald-perfected-sul-xans-torment-tide-born-wildstalker","dps","Ardent","Ass","Herald","Tide-Born Wildstalker","Perfected Sul-Xan's Torment","194259.9","2750.8","62.7","194259.9 DPS","The Thief","Tide-Born Helmet (Tide-Born Wildstalker)","Perfected Jack of Sul-Xan's Torment (Perfected Sul-Xan's Torment)","Slimecraw Epaulets (Slimecraw)","Perfected Bracers of Sul-Xan's Torment (Perfected Sul-Xan's Torment)","","Perfected Guards of Sul-Xan's Torment (Perfected Sul-Xan's Torment)","Perfected Boots of Sul-Xan's Torment (Perfected Sul-Xan's Torment)","","Tide-Born Ring (Tide-Born Wildstalker)","Tide-Born Ring (Tide-Born Wildstalker)","Tide-Born Dagger (Tide-Born Wildstalker)","Tide-Born Dagger (Tide-Born Wildstalker)","The Maelstrom's Perfected Inferno Staff (Perfected Crushing Wall)"," ()","Shocking Banner (Class Mastery / Courage)","Quick Cloak","Relentless Focus","Whirling Blades","Tentacular Dread","Incapacitating Strike","Blockade of Fire","Inspired Scholarship","Flames of Oblivion","Anti-Cavalry Caltrops","Shocking Banner (Class Mastery / Courage)","Standard of Might"
"Sunspire","Trash Builds","https://www.esologs.com/reports/PpLBCgJ8zKqDhFfb#fight=38&type=summary&source=99","@awfuI","putrefi","ardent-ass-herald-perfected-sul-xans-torment-tide-born-wildstalker","dps","Ardent","Ass","Herald","Tide-Born Wildstalker","Perfected Sul-Xan's Torment","104726.9","4971.0","52.3","104726.9 DPS","","Archdruid Devyric's Guise (Archdruid Devyric)","Tide-Born Jack (Tide-Born Wildstalker)","Perfected Arm Cops of Sul-Xan's Torment (Perfected Sul-Xan's Torment)","Tide-Born Bracers (Tide-Born Wildstalker)","","Tide-Born Guards (Tide-Born Wildstalker)","Tide-Born Boots (Tide-Born Wildstalker)","","Perfected Ring of Sul-Xan's Torment (Perfected Sul-Xan's Torment)","Perfected Ring of Sul-Xan's Torment (Perfected Sul-Xan's Torment)","Perfected Dagger of Sul-Xan's Torment (Perfected Sul-Xan's Torment)","Perfected Dagger of Sul-Xan's Torment (Perfected Sul-Xan's Torment)","The Maelstrom's Perfected Inferno Staff (Perfected Crushing Wall)"," ()","Escalating Runeblades","Quick Cloak","Tentacular Dread","Relentless Focus","Killer's Blade","Incapacitating Strike","Blockade of Fire","Inspired Scholarship","Molten Whip","Anti-Cavalry Caltrops","Flames of Oblivion","Elemental Rage"
"Sunspire","Trash Builds","https://www.esologs.com/reports/PpLBCgJ8zKqDhFfb#fight=38&type=summary&source=105","@Brassmoose","Naomi Archag am Arc'gah","ardent-ass-herald-perfected-sul-xans-torment-tide-born-wildstalker","dps","Ardent","Ass","Herald","Tide-Born Wildstalker","Perfected Sul-Xan's Torment","101202.3","1657.2","37.4","101202.3 DPS","","Tide-Born Helmet (Tide-Born Wildstalker)","Tide-Born Jack (Tide-Born Wildstalker)","Zaan Arm Cops (Zaan)","Tide-Born Bracers (Tide-Born Wildstalker)","","Tide-Born Guards (Tide-Born Wildstalker)","Tide-Born Boots (Tide-Born Wildstalker)","","Perfected Ring of Sul-Xan's Torment (Perfected Sul-Xan's Torment)","Perfected Ring of Sul-Xan's Torment (Perfected Sul-Xan's Torment)","Perfected Dagger of Sul-Xan's Torment (Perfected Sul-Xan's Torment)","Perfected Dagger of Sul-Xan's Torment (Perfected Sul-Xan's Torment)","The Maelstrom's Perfected Inferno Staff (Perfected Crushing Wall)"," ()","Tentacular Dread","Whirling Blades","Relentless Focus","Escalating Runeblades","Camouflaged Hunter","Incapacitating Strike","Blockade of Fire","Proximity Detonation","Flames of Oblivion","Inspired Scholarship","Fiery Contingency (Class Mastery / Force)","Standard of Might"
"Sunspire","Trash Builds","https://www.esologs.com/reports/PpLBCgJ8zKqDhFfb#fight=38&type=summary&source=2","@BraxLa","Ravelia","ardent-ass-herald-perfected-sul-xans-torment-tide-born-wildstalker","dps","Ardent","Ass","Herald","Tide-Born Wildstalker","Perfected Sul-Xan's Torment","176810.4","8424.7","37.4","176810.4 DPS","","Tide-Born Helmet (Tide-Born Wildstalker)","Perfected Jack of Sul-Xan's Torment (Perfected Sul-Xan's Torment)","Slimecraw Epaulets (Slimecraw)","Perfected Bracers of Sul-Xan's Torment (Perfected Sul-Xan's Torment)","","Perfected Guards of Sul-Xan's Torment (Perfected Sul-Xan's Torment)","Perfected Boots of Sul-Xan's Torment (Perfected Sul-Xan's Torment)","","Tide-Born Ring (Tide-Born Wildstalker)","Tide-Born Ring (Tide-Born Wildstalker)","Tide-Born Dagger (Tide-Born Wildstalker)","Tide-Born Dagger (Tide-Born Wildstalker)","The Maelstrom's Perfected Inferno Staff (Perfected Crushing Wall)"," ()","Shocking Banner (Class Mastery / Courage)","Quick Cloak","Relentless Focus","Whirling Blades","Tentacular Dread","Incapacitating Strike","Blockade of Fire","Inspired Scholarship","Flames of Oblivion","Anti-Cavalry Caltrops","Shocking Banner (Class Mastery / Courage)","Standard of Might"
"Sunspire","Trash Builds","https://www.esologs.com/reports/PpLBCgJ8zKqDhFfb#fight=38&type=summary&source=99","@awfuI","putrefi","ardent-ass-herald-perfected-sul-xans-torment-tide-born-wildstalker","dps","Ardent","Ass","Herald","Tide-Born Wildstalker","Perfected Sul-Xan's Torment","76208.3","6262.0","28.0","76208.3 DPS","","Archdruid Devyric's Guise (Archdruid Devyric)","Tide-Born Jack (Tide-Born Wildstalker)","Perfected Arm Cops of Sul-Xan's Torment (Perfected Sul-Xan's Torment)","Tide-Born Bracers (Tide-Born Wildstalker)","","Tide-Born Guards (Tide-Born Wildstalker)","Tide-Born Boots (Tide-Born Wildstalker)","","Perfected Ring of Sul-Xan's Torment (Perfected Sul-Xan's Torment)","Perfected Ring of Sul-Xan's Torment (Perfected Sul-Xan's Torment)","Perfected Dagger of Sul-Xan's Torment (Perfected Sul-Xan's Torment)","Perfected Dagger of Sul-Xan's Torment (Perfected Sul-Xan's Torment)","The Maelstrom's Perfected Inferno Staff (Perfected Crushing Wall)"," ()","Escalating Runeblades","Quick Cloak","Tentacular Dread","Relentless Focus","Killer's Blade","Incapacitating Strike","Blockade of Fire","Inspired Scholarship","Molten Whip","Anti-Cavalry Caltrops","Flames of Oblivion","Elemental Rage"
"Sunspire","Trash Builds","https://www.esologs.com/reports/PpLBCgJ8zKqDhFfb#fight=38&type=summary&source=9","@Songstrezz","Nightingale-song","ardent-ass-herald-perfected-sul-xans-torment-tide-born-wildstalker","dps","Ardent","Ass","Herald","Perfected Sul-Xan's Torment","Tide-Born Wildstalker","109375.1","7414.6","29.1","109375.1 DPS","","Perfected Helmet of Sul-Xan's Torment (Perfected Sul-Xan's Torment)","Perfected Jack of Sul-Xan's Torment (Perfected Sul-Xan's Torment)","Valkyn Skoria Epaulets (Valkyn Skoria)","Perfected Bracers of Sul-Xan's Torment (Perfected Sul-Xan's Torment)","","Perfected Guards of Sul-Xan's Torment (Perfected Sul-Xan's Torment)","Perfected Boots of Sul-Xan's Torment (Perfected Sul-Xan's Torment)","","Tide-Born Ring (Tide-Born Wildstalker)","Tide-Born Ring (Tide-Born Wildstalker)","Tide-Born Dagger (Tide-Born Wildstalker)","Tide-Born Dagger (Tide-Born Wildstalker)","The Maelstrom's Inferno Staff (Crushing Wall)"," ()","Merciless Resolve","Quick Cloak","Reaper's Mark","Cephaliarch's Flail","Pragmatic Fatecarver","Soul Harvest","Molten Whip","Inspired Scholarship","Flames of Oblivion","Proximity Detonation","Elemental Blockade","The Languid Eye"
"Sunspire","Trash Builds","https://www.esologs.com/reports/PpLBCgJ8zKqDhFfb#fight=38&type=summary&source=28","@Brassmoose","Naomi Archag am Arc'gah","ardent-ass-herald-perfected-sul-xans-torment-tide-born-wildstalker","dps","Ardent","Ass","Herald","Tide-Born Wildstalker","Perfected Sul-Xan's Torment","98560.0","0.0","36.3","98560.0 DPS","","Tide-Born Helmet (Tide-Born Wildstalker)","Tide-Born Jack (Tide-Born Wildstalker)","Zaan Arm Cops (Zaan)","Tide-Born Bracers (Tide-Born Wildstalker)","","Tide-Born Guards (Tide-Born Wildstalker)","Tide-Born Boots (Tide-Born Wildstalker)","","Perfected Ring of Sul-Xan's Torment (Perfected Sul-Xan's Torment)","Perfected Ring of Sul-Xan's Torment (Perfected Sul-Xan's Torment)","Perfected Dagger of Sul-Xan's Torment (Perfected Sul-Xan's Torment)","Perfected Dagger of Sul-Xan's Torment (Perfected Sul-Xan's Torment)","The Maelstrom's Perfected Inferno Staff (Perfected Crushing Wall)"," ()","Tentacular Dread","Whirling Blades","Relentless Focus","Escalating Runeblades","Camouflaged Hunter","Incapacitating Strike","Blockade of Fire","Proximity Detonation","Flames of Oblivion","Inspired Scholarship","Fiery Contingency (Class Mastery / Force)","Standard of Might"
"Sunspire","Trash Builds","https://www.esologs.com/reports/PpLBCgJ8zKqDhFfb#fight=38&type=summary&source=28","@Brassmoose","Naomi Archag am Arc'gah","ardent-ass-herald-perfected-sul-xans-torment-tide-born-wildstalker","dps","Ardent","Ass","Herald","Tide-Born Wildstalker","Perfected Sul-Xan's Torment","38780.7","6170.6","23.2","38780.7 DPS","","Tide-Born Helmet (Tide-Born Wildstalker)","Tide-Born Jack (Tide-Born Wildstalker)","Zaan Arm Cops (Zaan)","Tide-Born Bracers (Tide-Born Wildstalker)","","Tide-Born Guards (Tide-Born Wildstalker)","Tide-Born Boots (Tide-Born Wildstalker)","","Perfected Ring of Sul-Xan's Torment (Perfected Sul-Xan's Torment)","Perfected Ring of Sul-Xan's Torment (Perfected Sul-Xan's Torment)","Perfected Dagger of Sul-Xan's Torment (Perfected Sul-Xan's Torment)","Perfected Dagger of Sul-Xan's Torment (Perfected Sul-Xan's Torment)","The Maelstrom's Perfected Inferno Staff (Perfected Crushing Wall)"," ()","Tentacular Dread","Whirling Blades","Relentless Focus","Escalating Runeblades","Camouflaged Hunter","Incapacitating Strike","Blockade of Fire","Proximity Detonation","Flames of Oblivion","Inspired Scholarship","Fiery Contingency (Class Mastery / Force)","Standard of Might"
"Sunspire","Trash Builds","https://www.esologs.com/reports/PpLBCgJ8zKqDhFfb#fight=38&type=summary&source=5","@sf.grim","Grim Focus","ardent-ass-herald-perfected-sul-xans-torment-tide-born-wildstalker","dps","Ardent","Ass","Herald","Perfected Sul-Xan's Torment","Tide-Born Wildstalker","143532.3","2442.3","53.4","143532.3 DPS","","Slimecraw Guise (Slimecraw)","Perfected Jack of Sul-Xan's Torment (Perfected Sul-Xan's Torment)","Tide-Born Arm Cops (Tide-Born Wildstalker)","Perfected Bracers of Sul-Xan's Torment (Perfected Sul-Xan's Torment)","","Perfected Guards of Sul-Xan's Torment (Perfected Sul-Xan's Torment)","Perfected Boots of Sul-Xan's Torment (Perfected Sul-Xan's Torment)","","Tide-Born Ring (Tide-Born Wildstalker)","Tide-Born Ring (Tide-Born Wildstalker)","Tide-Born Dagger (Tide-Born Wildstalker)","Tide-Born Dagger (Tide-Born Wildstalker)","The Maelstrom's Perfected Inferno Staff (Perfected Crushing Wall)"," ()","Escalating Runeblades","Banner Bearer","Whirling Blades","Exhausting Fatecarver","Relentless Focus","Incapacitating Strike","Inspired Scholarship","Flames of Oblivion","Banner Bearer","Sundering Trample","Elemental Blockade","Standard of Might"
"Sunspire","Trash Builds","https://www.esologs.com/reports/PpLBCgJ8zKqDhFfb#fight=38&type=summary&source=5","@sf.grim","Grim Focus","ardent-ass-herald-perfected-sul-xans-torment-tide-born-wildstalker","dps","Ardent","Ass","Herald","Perfected Sul-Xan's Torment","Tide-Born Wildstalker","185530.3","1970.5","23.1","185530.3 DPS","","Slimecraw Guise (Slimecraw)","Perfected Jack of Sul-Xan's Torment (Perfected Sul-Xan's Torment)","Tide-Born Arm Cops (Tide-Born Wildstalker)","Perfected Bracers of Sul-Xan's Torment (Perfected Sul-Xan's Torment)","","Perfected Guards of Sul-Xan's Torment (Perfected Sul-Xan's Torment)","Perfected Boots of Sul-Xan's Torment (Perfected Sul-Xan's Torment)","","Tide-Born Ring (Tide-Born Wildstalker)","Tide-Born Ring (Tide-Born Wildstalker)","Tide-Born Dagger (Tide-Born Wildstalker)","Tide-Born Dagger (Tide-Born Wildstalker)","The Maelstrom's Perfected Inferno Staff (Perfected Crushing Wall)"," ()","Escalating Runeblades","Banner Bearer","Whirling Blades","Exhausting Fatecarver","Relentless Focus","Incapacitating Strike","Inspired Scholarship","Flames of Oblivion","Banner Bearer","Sundering Trample","Elemental Blockade","Standard of Might"
"Sunspire","Trash Builds","https://www.esologs.com/reports/PpLBCgJ8zKqDhFfb#fight=38&type=summary&source=2","@idontKITE","controller main","ardent-ass-herald-perfected-sul-xans-torment-tide-born-wildstalker","dps","Ardent","Ass","Herald","Perfected Sul-Xan's Torment","Tide-Born Wildstalker","181625.4","7103.2","43.4","181625.4 DPS","","Slimecraw Guise (Slimecraw)","Perfected Jack of Sul-Xan's Torment (Perfected Sul-Xan's Torment)","Tide-Born Arm Cops (Tide-Born Wildstalker)","Perfected Bracers of Sul-Xan's Torment (Perfected Sul-Xan's Torment)","","Tide-Born Guards (Tide-Born Wildstalker)","Tide-Born Boots (Tide-Born Wildstalker)","","Perfected Ring of Sul-Xan's Torment (Perfected Sul-Xan's Torment)","Perfected Ring of Sul-Xan's Torment (Perfected Sul-Xan's Torment)","Tide-Born Dagger (Tide-Born Wildstalker)","Tide-Born Dagger (Tide-Born Wildstalker)","The Maelstrom's Perfected Greatsword (Perfected Merciless Charge)"," ()","Quick Cloak","Camouflaged Hunter","Reaper's Mark","Cephaliarch's Flail","Exhausting Fatecarver","Dawnbreaker","Inspired Scholarship","Sundering Trample","Flames of Oblivion","Stampede","Ulfsild's Contingency","The Languid Eye"
"Sunspire","Trash Builds","https://www.esologs.com/reports/PpLBCgJ8zKqDhFfb#fight=38&type=summary&source=5","@OneAutumn'Leaf","Evelyx","ardent-ass-herald-perfected-sul-xans-torment-tide-born-wildstalker","dps","Ardent","Ass","Herald","Tide-Born Wildstalker","Perfected Sul-Xan's Torment","140267.1","12079.4","43.4","140267.1 DPS","","Tide-Born Helm (Tide-Born Wildstalker)","Perfected Jack of Sul-Xan's Torment (Perfected Sul-Xan's Torment)","Iceheart Epaulets (Iceheart)","Perfected Bracers of Sul-Xan's Torment (Perfected Sul-Xan's Torment)","","Perfected Guards of Sul-Xan's Torment (Perfected Sul-Xan's Torment)","Perfected Boots of Sul-Xan's Torment (Perfected Sul-Xan's Torment)","","Tide-Born Ring (Tide-Born Wildstalker)","Tide-Born Ring (Tide-Born Wildstalker)","Tide-Born Dagger (Tide-Born Wildstalker)","Tide-Born Dagger (Tide-Born Wildstalker)","The Maelstrom's Perfected Greatsword (Perfected Merciless Charge)"," ()","Cephaliarch's Flail","Camouflaged Hunter","Pragmatic Fatecarver","Merciless Resolve","Elude","Incapacitating Strike","Stampede","Inspired Scholarship","Flames of Oblivion","Venomous Claw","Molten Whip","Standard of Might"
"Sunspire","Trash Builds","https://www.esologs.com/reports/PpLBCgJ8zKqDhFfb#fight=38&type=summary&source=5","@JosephSMT","Josephsmt","ardent-ass-herald-perfected-sul-xans-torment-tide-born-wildstalker","dps","Ardent","Ass","Herald","Tide-Born Wildstalker","Perfected Sul-Xan's Torment","129501.2","8207.0","62.3","129501.2 DPS","","Slimecraw Mask (Slimecraw)","Tide-Born Jack (Tide-Born Wildstalker)","Tide-Born Arm Cops (Tide-Born Wildstalker)","Tide-Born Bracers (Tide-Born Wildstalker)","","Tide-Born Guards (Tide-Born Wildstalker)","Perfected Boots of Sul-Xan's Torment (Perfected Sul-Xan's Torment)","","Perfected Ring of Sul-Xan's Torment (Perfected Sul-Xan's Torment)","Perfected Ring of Sul-Xan's Torment (Perfected Sul-Xan's Torment)","Perfected Dagger of Sul-Xan's Torment (Perfected Sul-Xan's Torment)","Perfected Dagger of Sul-Xan's Torment (Perfected Sul-Xan's Torment)","The Maelstrom's Perfected Inferno Staff (Perfected Crushing Wall)"," ()","Pragmatic Fatecarver","Cephaliarch's Flail","Barbed Trap","Quick Cloak","Camouflaged Hunter","Incapacitating Strike","Flames of Oblivion","Elemental Blockade","Inspired Scholarship","Proximity Detonation","Molten Whip","The Languid Eye"
"Sunspire","Trash Builds","https://www.esologs.com/reports/PpLBCgJ8zKqDhFfb#fight=38&type=summary&source=5","@JosephSMT","Josephsmt","ardent-ass-herald-perfected-sul-xans-torment-tide-born-wildstalker","dps","Ardent","Ass","Herald","Tide-Born Wildstalker","Perfected Sul-Xan's Torment","51658.4","9903.1","33.4","51658.4 DPS","","Slimecraw Mask (Slimecraw)","Tide-Born Jack (Tide-Born Wildstalker)","Tide-Born Arm Cops (Tide-Born Wildstalker)","Tide-Born Bracers (Tide-Born Wildstalker)","","Tide-Born Guards (Tide-Born Wildstalker)","Perfected Boots of Sul-Xan's Torment (Perfected Sul-Xan's Torment)","","Perfected Ring of Sul-Xan's Torment (Perfected Sul-Xan's Torment)","Perfected Ring of Sul-Xan's Torment (Perfected Sul-Xan's Torment)","Perfected Dagger of Sul-Xan's Torment (Perfected Sul-Xan's Torment)","Perfected Dagger of Sul-Xan's Torment (Perfected Sul-Xan's Torment)","The Maelstrom's Perfected Inferno Staff (Perfected Crushing Wall)"," ()","Pragmatic Fatecarver","Cephaliarch's Flail","Barbed Trap","Quick Cloak","Camouflaged Hunter","Incapacitating Strike","Flames of Oblivion","Elemental Blockade","Inspired Scholarship","Proximity Detonation","Molten Whip","The Languid Eye"
"Sunspire","Trash Builds","https://www.esologs.com/reports/PpLBCgJ8zKqDhFfb#fight=38&type=summary&source=208","@Ummii","Oommii","ardent-ass-herald-deadly-strike-perfected-sul-xans-torment","dps","Ardent","Ass","Herald","Deadly Strike","Perfected Sul-Xan's Torment","205604.5","2636.9","39.2","205604.5 DPS","The Thief","Slimecraw Guise (Slimecraw)","Deadly Jack (Deadly Strike)","Perfected Arm Cops of Sul-Xan's Torment (Perfected Sul-Xan's Torment)","Deadly Bracers (Deadly Strike)","","Deadly Guards (Deadly Strike)","Deadly Boots (Deadly Strike)","","Perfected Ring of Sul-Xan's Torment (Perfected Sul-Xan's Torment)","Perfected Ring of Sul-Xan's Torment (Perfected Sul-Xan's Torment)","Perfected Dagger of Sul-Xan's Torment (Perfected Sul-Xan's Torment)","Perfected Dagger of Sul-Xan's Torment (Perfected Sul-Xan's Torment)","The Maelstrom's Perfected Inferno Staff (Perfected Crushing Wall)"," ()","Quick Cloak","Escalating Runeblades","Relentless Focus","Exhausting Fatecarver","Camouflaged Hunter","Incapacitating Strike","Proximity Detonation","Blockade of Fire","Inspired Scholarship","Flames of Oblivion","Molten Whip","Elemental Rage"
"Sunspire","Trash Builds","https://www.esologs.com/reports/PpLBCgJ8zKqDhFfb#fight=38&type=summary&source=103","@o_Temp","mouldering taint","ardent-ass-herald-deadly-strike-perfected-sul-xans-torment","dps","Ardent","Ass","Herald","Perfected Sul-Xan's Torment","Deadly Strike","95852.9","3098.1","32.7","95852.9 DPS","","Slimecraw Mask (Slimecraw)","Perfected Jack of Sul-Xan's Torment (Perfected Sul-Xan's Torment)","Deadly Arm Cops (Deadly Strike)","Perfected Bracers of Sul-Xan's Torment (Perfected Sul-Xan's Torment)","","Perfected Guards of Sul-Xan's Torment (Perfected Sul-Xan's Torment)","Perfected Boots of Sul-Xan's Torment (Perfected Sul-Xan's Torment)","","Deadly Ring (Deadly Strike)","Deadly Ring (Deadly Strike)","Deadly Dagger (Deadly Strike)","Deadly Dagger (Deadly Strike)","The Maelstrom's Perfected Greatsword (Perfected Merciless Charge)"," ()","Pragmatic Fatecarver","Camouflaged Hunter","Cephaliarch's Flail","Quick Cloak","Shocking Banner (Class Mastery / Courage)","Incapacitating Strike","Stampede","Flames of Oblivion","Molten Whip","Inspired Scholarship","Shocking Banner (Class Mastery / Courage)","Standard of Might"
"Sunspire","Trash Builds","https://www.esologs.com/reports/PpLBCgJ8zKqDhFfb#fight=38&type=summary&source=208","@Ummii","Oommii","ardent-ass-herald-deadly-strike-perfected-sul-xans-torment","dps","Ardent","Ass","Herald","Deadly Strike","Perfected Sul-Xan's Torment","134109.8","3509.7","31.1","134109.8 DPS","","Slimecraw Guise (Slimecraw)","Deadly Jack (Deadly Strike)","Perfected Arm Cops of Sul-Xan's Torment (Perfected Sul-Xan's Torment)","Deadly Bracers (Deadly Strike)","","Deadly Guards (Deadly Strike)","Deadly Boots (Deadly Strike)","","Perfected Ring of Sul-Xan's Torment (Perfected Sul-Xan's Torment)","Perfected Ring of Sul-Xan's Torment (Perfected Sul-Xan's Torment)","Perfected Dagger of Sul-Xan's Torment (Perfected Sul-Xan's Torment)","Perfected Dagger of Sul-Xan's Torment (Perfected Sul-Xan's Torment)","The Maelstrom's Perfected Inferno Staff (Perfected Crushing Wall)"," ()","Quick Cloak","Escalating Runeblades","Relentless Focus","Exhausting Fatecarver","Camouflaged Hunter","Incapacitating Strike","Proximity Detonation","Blockade of Fire","Inspired Scholarship","Flames of Oblivion","Molten Whip","Elemental Rage"
"Sunspire","Trash Builds","https://www.esologs.com/reports/PpLBCgJ8zKqDhFfb#fight=38&type=summary&source=2","@carl00","alan reet","ardent-ass-herald-deadly-strike-perfected-sul-xans-torment","dps","Ardent","Ass","Herald","Perfected Sul-Xan's Torment","Deadly Strike","93184.2","4366.2","40.8","93184.2 DPS","","Slimecraw Mask (Slimecraw)","Perfected Jack of Sul-Xan's Torment (Perfected Sul-Xan's Torment)","Deadly Arm Cops (Deadly Strike)","Perfected Bracers of Sul-Xan's Torment (Perfected Sul-Xan's Torment)","","Perfected Guards of Sul-Xan's Torment (Perfected Sul-Xan's Torment)","Perfected Boots of Sul-Xan's Torment (Perfected Sul-Xan's Torment)","","Deadly Ring (Deadly Strike)","Deadly Ring (Deadly Strike)","Deadly Dagger (Deadly Strike)","Deadly Dagger (Deadly Strike)","The Maelstrom's Perfected Inferno Staff (Perfected Crushing Wall)"," ()","Camouflaged Hunter","Pragmatic Fatecarver","Quick Cloak","Cephaliarch's Flail","Killer's Blade","Incapacitating Strike","Anti-Cavalry Caltrops","Elemental Blockade","Inspired Scholarship","Proximity Detonation","Flames of Oblivion","Elemental Rage"
"Sunspire","Trash Builds","https://www.esologs.com/reports/PpLBCgJ8zKqDhFfb#fight=38&type=summary&source=3","@IceHazeX","Arcanichaze","ardent-ass-herald-deadly-strike-perfected-sul-xans-torment","dps","Ardent","Ass","Herald","Perfected Sul-Xan's Torment","Deadly Strike","146027.7","9445.3","40.8","146027.7 DPS","","Slimecraw Mask (Slimecraw)","Perfected Jack of Sul-Xan's Torment (Perfected Sul-Xan's Torment)","Deadly Arm Cops (Deadly Strike)","Perfected Bracers of Sul-Xan's Torment (Perfected Sul-Xan's Torment)","","Perfected Guards of Sul-Xan's Torment (Perfected Sul-Xan's Torment)","Perfected Boots of Sul-Xan's Torment (Perfected Sul-Xan's Torment)","","Deadly Ring (Deadly Strike)","Deadly Ring (Deadly Strike)","Deadly Dagger (Deadly Strike)","Deadly Dagger (Deadly Strike)","The Maelstrom's Perfected Inferno Staff (Perfected Crushing Wall)"," ()","Banner Bearer","Cephaliarch's Flail","Whirling Blades","Quick Cloak","Pragmatic Fatecarver","Soul Harvest","Inspired Scholarship","Banner Bearer","Sundering Trample","Flames of Oblivion","Elemental Blockade","Elemental Rage"
"Sunspire","Trash Builds","https://www.esologs.com/reports/PpLBCgJ8zKqDhFfb#fight=38&type=summary&source=8","@MatejSitar","Merdyndril Selothan","ardent-ass-herald-deadly-strike-perfected-sul-xans-torment","dps","Ardent","Ass","Herald","Perfected Sul-Xan's Torment","Deadly Strike","128150.6","4129.6","29.1","128150.6 DPS","","Slimecraw Mask (Slimecraw)","Perfected Jack of Sul-Xan's Torment (Perfected Sul-Xan's Torment)","Deadly Arm Cops (Deadly Strike)","Perfected Bracers of Sul-Xan's Torment (Perfected Sul-Xan's Torment)","","Perfected Guards of Sul-Xan's Torment (Perfected Sul-Xan's Torment)","Perfected Boots of Sul-Xan's Torment (Perfected Sul-Xan's Torment)","","Deadly Ring (Deadly Strike)","Deadly Ring (Deadly Strike)","Deadly Dagger (Deadly Strike)","Deadly Dagger (Deadly Strike)","The Maelstrom's Perfected Inferno Staff (Perfected Crushing Wall)"," ()","Quick Cloak","Cephaliarch's Flail","Camouflaged Hunter","Pragmatic Fatecarver","Magical Burst","Soul Harvest","Sundering Trample","Elemental Blockade","Concealed Weapon","Inspired Scholarship","Flames of Oblivion","Elemental Rage"
"Sunspire","Trash Builds","https://www.esologs.com/reports/PpLBCgJ8zKqDhFfb#fight=38&type=summary&source=2","@carl00","alan reet","ardent-ass-herald-deadly-strike-perfected-sul-xans-torment","dps","Ardent","Ass","Herald","Perfected Sul-Xan's Torment","Deadly Strike","134320.7","4728.3","51.7","134320.7 DPS","","Slimecraw Mask (Slimecraw)","Perfected Jack of Sul-Xan's Torment (Perfected Sul-Xan's Torment)","Deadly Arm Cops (Deadly Strike)","Perfected Bracers of Sul-Xan's Torment (Perfected Sul-Xan's Torment)","","Perfected Guards of Sul-Xan's Torment (Perfected Sul-Xan's Torment)","Perfected Boots of Sul-Xan's Torment (Perfected Sul-Xan's Torment)","","Deadly Ring (Deadly Strike)","Deadly Ring (Deadly Strike)","Deadly Dagger (Deadly Strike)","Deadly Dagger (Deadly Strike)","The Maelstrom's Perfected Inferno Staff (Perfected Crushing Wall)"," ()","Camouflaged Hunter","Pragmatic Fatecarver","Quick Cloak","Cephaliarch's Flail","Killer's Blade","Incapacitating Strike","Anti-Cavalry Caltrops","Elemental Blockade","Inspired Scholarship","Proximity Detonation","Flames of Oblivion","Elemental Rage"
"Sunspire","Trash Builds","https://www.esologs.com/reports/PpLBCgJ8zKqDhFfb#fight=38&type=summary&source=3","@IceHazeX","Arcanichaze","ardent-ass-herald-deadly-strike-perfected-sul-xans-torment","dps","Ardent","Ass","Herald","Perfected Sul-Xan's Torment","Deadly Strike","182270.2","10790.0","34.4","182270.2 DPS","","Slimecraw Mask (Slimecraw)","Perfected Jack of Sul-Xan's Torment (Perfected Sul-Xan's Torment)","Deadly Arm Cops (Deadly Strike)","Perfected Bracers of Sul-Xan's Torment (Perfected Sul-Xan's Torment)","","Perfected Guards of Sul-Xan's Torment (Perfected Sul-Xan's Torment)","Perfected Boots of Sul-Xan's Torment (Perfected Sul-Xan's Torment)","","Deadly Ring (Deadly Strike)","Deadly Ring (Deadly Strike)","Deadly Dagger (Deadly Strike)","Deadly Dagger (Deadly Strike)","The Maelstrom's Perfected Inferno Staff (Perfected Crushing Wall)"," ()","Banner Bearer","Cephaliarch's Flail","Whirling Blades","Quick Cloak","Pragmatic Fatecarver","Soul Harvest","Inspired Scholarship","Banner Bearer","Sundering Trample","Flames of Oblivion","Elemental Blockade","Elemental Rage"
"Sunspire","Trash Builds","https://www.esologs.com/reports/PpLBCgJ8zKqDhFfb#fight=38&type=summary&source=7","@Zorbzan","My Dying Wish","ardent-ass-herald-deadly-strike-perfected-sul-xans-torment","dps","Ardent","Ass","Herald","Deadly Strike","Perfected Sul-Xan's Torment","83599.6","5960.9","44.5","83599.6 DPS","","Slimecraw Guise (Slimecraw)","Deadly Jack (Deadly Strike)","Deadly Arm Cops (Deadly Strike)","Perfected Bracers of Sul-Xan's Torment (Perfected Sul-Xan's Torment)","","Deadly Guards (Deadly Strike)","Perfected Boots of Sul-Xan's Torment (Perfected Sul-Xan's Torment)","","Deadly Ring (Deadly Strike)","Deadly Ring (Deadly Strike)","Perfected Dagger of Sul-Xan's Torment (Perfected Sul-Xan's Torment)","Perfected Dagger of Sul-Xan's Torment (Perfected Sul-Xan's Torment)","The Maelstrom's Perfected Inferno Staff (Perfected Crushing Wall)"," ()","Cephaliarch's Flail","Pragmatic Fatecarver","Molten Whip","Quick Cloak","Banner Bearer","Incapacitating Strike","Elemental Blockade","Sundering Trample","Flames of Oblivion","Inspired Scholarship","Banner Bearer","Elemental Rage"
"Sunspire","Trash Builds","https://www.esologs.com/reports/PpLBCgJ8zKqDhFfb#fight=38&type=summary&source=2","@Elwoodville","Dad Balls","ardent-ass-herald-deadly-strike-perfected-sul-xans-torment","dps","Ardent","Ass","Herald","Deadly Strike","Perfected Sul-Xan's Torment","104528.3","2108.8","35.6","104528.3 DPS","","Slimecraw Guise (Slimecraw)","Deadly Jack (Deadly Strike)","Perfected Arm Cops of Sul-Xan's Torment (Perfected Sul-Xan's Torment)","Deadly Bracers (Deadly Strike)","","Deadly Guards (Deadly Strike)","Deadly Boots (Deadly Strike)","","Perfected Ring of Sul-Xan's Torment (Perfected Sul-Xan's Torment)","Perfected Ring of Sul-Xan's Torment (Perfected Sul-Xan's Torment)","Perfected Dagger of Sul-Xan's Torment (Perfected Sul-Xan's Torment)","Perfected Dagger of Sul-Xan's Torment (Perfected Sul-Xan's Torment)","The Maelstrom's Inferno Staff (Crushing Wall)"," ()","Pragmatic Fatecarver","Concealed Weapon","Quick Cloak","Cephaliarch's Flail","Banner Bearer","Incapacitating Strike","Sundering Trample","Flames of Oblivion","Inspired Scholarship","Elemental Blockade","Banner Bearer","Standard of Might"
"Sunspire","Trash Builds","https://www.esologs.com/reports/PpLBCgJ8zKqDhFfb#fight=38&type=summary&source=7","@Zorbzan","My Dying Wish","ardent-ass-herald-deadly-strike-perfected-sul-xans-torment","dps","Ardent","Ass","Herald","Deadly Strike","Perfected Sul-Xan's Torment","176711.9","4689.5","19.7","176711.9 DPS","","Slimecraw Guise (Slimecraw)","Deadly Jack (Deadly Strike)","Deadly Arm Cops (Deadly Strike)","Perfected Bracers of Sul-Xan's Torment (Perfected Sul-Xan's Torment)","","Deadly Guards (Deadly Strike)","Perfected Boots of Sul-Xan's Torment (Perfected Sul-Xan's Torment)","","Deadly Ring (Deadly Strike)","Deadly Ring (Deadly Strike)","Perfected Dagger of Sul-Xan's Torment (Perfected Sul-Xan's Torment)","Perfected Dagger of Sul-Xan's Torment (Perfected Sul-Xan's Torment)","The Maelstrom's Perfected Inferno Staff (Perfected Crushing Wall)"," ()","Cephaliarch's Flail","Pragmatic Fatecarver","Molten Whip","Quick Cloak","Banner Bearer","Incapacitating Strike","Elemental Blockade","Sundering Trample","Flames of Oblivion","Inspired Scholarship","Banner Bearer","Elemental Rage"
"Sunspire","Trash Builds","https://www.esologs.com/reports/PpLBCgJ8zKqDhFfb#fight=38&type=summary&source=2","@Elwoodville","Dad Balls","ardent-ass-herald-deadly-strike-perfected-sul-xans-torment","dps","Ardent","Ass","Herald","Deadly Strike","Perfected Sul-Xan's Torment","107469.3","4088.8","18.5","107469.3 DPS","","Slimecraw Guise (Slimecraw)","Deadly Jack (Deadly Strike)","Perfected Arm Cops of Sul-Xan's Torment (Perfected Sul-Xan's Torment)","Deadly Bracers (Deadly Strike)","","Deadly Guards (Deadly Strike)","Deadly Boots (Deadly Strike)","","Perfected Ring of Sul-Xan's Torment (Perfected Sul-Xan's Torment)","Perfected Ring of Sul-Xan's Torment (Perfected Sul-Xan's Torment)","Perfected Dagger of Sul-Xan's Torment (Perfected Sul-Xan's Torment)","Perfected Dagger of Sul-Xan's Torment (Perfected Sul-Xan's Torment)","The Maelstrom's Inferno Staff (Crushing Wall)"," ()","Pragmatic Fatecarver","Concealed Weapon","Quick Cloak","Cephaliarch's Flail","Banner Bearer","Incapacitating Strike","Sundering Trample","Flames of Oblivion","Inspired Scholarship","Elemental Blockade","Banner Bearer","Standard of Might"
"Sunspire","Trash Builds","https://www.esologs.com/reports/PpLBCgJ8zKqDhFfb#fight=38&type=summary&source=3","@Filishy","Grimmarika","ardent-ass-herald-deadly-strike-perfected-sul-xans-torment","dps","Ardent","Ass","Herald","Perfected Sul-Xan's Torment","Deadly Strike","150962.5","4685.1","23.4","150962.5 DPS","","Perfected Helmet of Sul-Xan's Torment (Perfected Sul-Xan's Torment)","Deadly Jack (Deadly Strike)","Slimecraw Epaulets (Slimecraw)","Deadly Bracers (Deadly Strike)","","Deadly Guards (Deadly Strike)","Deadly Boots (Deadly Strike)","","Perfected Ring of Sul-Xan's Torment (Perfected Sul-Xan's Torment)","Perfected Ring of Sul-Xan's Torment (Perfected Sul-Xan's Torment)","Perfected Dagger of Sul-Xan's Torment (Perfected Sul-Xan's Torment)","Perfected Dagger of Sul-Xan's Torment (Perfected Sul-Xan's Torment)","The Maelstrom's Perfected Inferno Staff (Perfected Crushing Wall)"," ()","Cephaliarch's Flail","Quick Cloak","Pragmatic Fatecarver","Relentless Focus","Banner Bearer","Incapacitating Strike","Proximity Detonation","Inspired Scholarship","Elemental Blockade","Flames of Oblivion","Banner Bearer","Elemental Rage"
"Sunspire","Trash Builds","https://www.esologs.com/reports/PpLBCgJ8zKqDhFfb#fight=38&type=summary&source=3","@Filishy","Grimmarika","ardent-ass-herald-deadly-strike-perfected-sul-xans-torment","dps","Ardent","Ass","Herald","Perfected Sul-Xan's Torment","Deadly Strike","53718.1","10596.8","18.9","53718.1 DPS","","Perfected Helmet of Sul-Xan's Torment (Perfected Sul-Xan's Torment)","Deadly Jack (Deadly Strike)","Slimecraw Epaulets (Slimecraw)","Deadly Bracers (Deadly Strike)","","Deadly Guards (Deadly Strike)","Deadly Boots (Deadly Strike)","","Perfected Ring of Sul-Xan's Torment (Perfected Sul-Xan's Torment)","Perfected Ring of Sul-Xan's Torment (Perfected Sul-Xan's Torment)","Perfected Dagger of Sul-Xan's Torment (Perfected Sul-Xan's Torment)","Perfected Dagger of Sul-Xan's Torment (Perfected Sul-Xan's Torment)","The Maelstrom's Perfected Inferno Staff (Perfected Crushing Wall)"," ()","Cephaliarch's Flail","Quick Cloak","Pragmatic Fatecarver","Relentless Focus","Banner Bearer","Incapacitating Strike","Proximity Detonation","Inspired Scholarship","Elemental Blockade","Flames of Oblivion","Banner Bearer","Elemental Rage"
"Sunspire","Trash Builds","https://www.esologs.com/reports/RwFhKBLHD6gydzmQ#fight=45&type=summary&source=9","@Samnons88","Samcanist","ardent-herald-spear-deadly-strike-perfected-ansuuls-torment","dps","Ardent","Spear","Herald","Perfected Ansuul's Torment","Deadly Strike","173592.5","5347.3","48.5","173592.5 DPS","The Thief","Slimecraw Mask (Slimecraw)","Ansuul's Perfected Jack (Perfected Ansuul's Torment)","Deadly Arm Cops (Deadly Strike)","Ansuul's Perfected Bracers (Perfected Ansuul's Torment)","","Ansuul's Perfected Guards (Perfected Ansuul's Torment)","Ansuul's Perfected Boots (Perfected Ansuul's Torment)","","Deadly Ring (Deadly Strike)","Deadly Ring (Deadly Strike)","Deadly Dagger (Deadly Strike)","Deadly Dagger (Deadly Strike)","The Maelstrom's Perfected Inferno Staff (Perfected Crushing Wall)"," ()","Cephaliarch's Flail","Pragmatic Fatecarver","Camouflaged Hunter","Quick Cloak","Molten Whip","Everlasting Sweep","Elemental Blockade","Magical Trample","Noxious Breath","Inspired Scholarship","Flames of Oblivion","Elemental Rage"
"Sunspire","Trash Builds","https://www.esologs.com/reports/RwFhKBLHD6gydzmQ#fight=45&type=summary&source=9","@Samnons88","Samcanist","ardent-herald-spear-deadly-strike-perfected-ansuuls-torment","dps","Ardent","Spear","Herald","Perfected Ansuul's Torment","Deadly Strike","111194.1","10731.5","43.9","111194.1 DPS","","Slimecraw Mask (Slimecraw)","Ansuul's Perfected Jack (Perfected Ansuul's Torment)","Deadly Arm Cops (Deadly Strike)","Ansuul's Perfected Bracers (Perfected Ansuul's Torment)","","Ansuul's Perfected Guards (Perfected Ansuul's Torment)","Ansuul's Perfected Boots (Perfected Ansuul's Torment)","","Deadly Ring (Deadly Strike)","Deadly Ring (Deadly Strike)","Deadly Dagger (Deadly Strike)","Deadly Dagger (Deadly Strike)","The Maelstrom's Perfected Inferno Staff (Perfected Crushing Wall)"," ()","Cephaliarch's Flail","Pragmatic Fatecarver","Camouflaged Hunter","Quick Cloak","Molten Whip","Everlasting Sweep","Elemental Blockade","Magical Trample","Noxious Breath","Inspired Scholarship","Flames of Oblivion","Elemental Rage"
"Sunspire","Trash Builds","https://www.esologs.com/reports/RwFhKBLHD6gydzmQ#fight=45&type=summary&source=3","@Fade.ESO","Elena Lunaris","ardent-herald-spear-deadly-strike-perfected-ansuuls-torment","dps","Ardent","Spear","Herald","Perfected Ansuul's Torment","Deadly Strike","103702.8","5761.2","27.7","103702.8 DPS","","Slimecraw Guise (Slimecraw)","Ansuul's Perfected Jack (Perfected Ansuul's Torment)","Deadly Arm Cops (Deadly Strike)","Ansuul's Perfected Bracers (Perfected Ansuul's Torment)","","Ansuul's Perfected Guards (Perfected Ansuul's Torment)","Ansuul's Perfected Boots (Perfected Ansuul's Torment)","","Deadly Ring (Deadly Strike)","Deadly Ring (Deadly Strike)","Deadly Lightning Staff (Deadly Strike)"," ()","The Maelstrom's Perfected Inferno Staff (Perfected Crushing Wall)"," ()","Cephaliarch's Flail","Blazing Spear","Pragmatic Fatecarver","Sundering Trample","Banner Bearer","Flawless Dawnbreaker","Flames of Oblivion","Elemental Blockade","Molten Whip","Inspired Scholarship","Banner Bearer","Elemental Rage"
"Sunspire","Trash Builds","https://www.esologs.com/reports/RwFhKBLHD6gydzmQ#fight=45&type=summary&source=8","@Samnons88","Samcanist","ardent-herald-spear-deadly-strike-perfected-ansuuls-torment","dps","Ardent","Spear","Herald","Perfected Ansuul's Torment","Deadly Strike","138109.1","3782.1","46.4","138109.1 DPS","","Slimecraw Mask (Slimecraw)","Ansuul's Perfected Jack (Perfected Ansuul's Torment)","Deadly Arm Cops (Deadly Strike)","Ansuul's Perfected Bracers (Perfected Ansuul's Torment)","","Ansuul's Perfected Guards (Perfected Ansuul's Torment)","Ansuul's Perfected Boots (Perfected Ansuul's Torment)","","Deadly Ring (Deadly Strike)","Deadly Ring (Deadly Strike)","Deadly Dagger (Deadly Strike)","Deadly Dagger (Deadly Strike)","The Maelstrom's Perfected Inferno Staff (Perfected Crushing Wall)"," ()","Cephaliarch's Flail","Pragmatic Fatecarver","Camouflaged Hunter","Quick Cloak","Molten Whip","Everlasting Sweep","Blockade of Fire","Chilling Trample (Thief's Swiftness / Heroism)","Noxious Breath","Inspired Scholarship","Flames of Oblivion","Elemental Rage"
"Sunspire","Trash Builds","https://www.esologs.com/reports/RwFhKBLHD6gydzmQ#fight=45&type=summary&source=8","@Samnons88","Samcanist","ardent-herald-spear-deadly-strike-perfected-ansuuls-torment","dps","Ardent","Spear","Herald","Perfected Ansuul's Torment","Deadly Strike","52516.6","6810.3","46.1","52516.6 DPS","","Slimecraw Mask (Slimecraw)","Ansuul's Perfected Jack (Perfected Ansuul's Torment)","Deadly Arm Cops (Deadly Strike)","Ansuul's Perfected Bracers (Perfected Ansuul's Torment)","","Ansuul's Perfected Guards (Perfected Ansuul's Torment)","Ansuul's Perfected Boots (Perfected Ansuul's Torment)","","Deadly Ring (Deadly Strike)","Deadly Ring (Deadly Strike)","Deadly Dagger (Deadly Strike)","Deadly Dagger (Deadly Strike)","The Maelstrom's Perfected Inferno Staff (Perfected Crushing Wall)"," ()","Cephaliarch's Flail","Pragmatic Fatecarver","Camouflaged Hunter","Quick Cloak","Molten Whip","Everlasting Sweep","Blockade of Fire","Chilling Trample (Thief's Swiftness / Heroism)","Noxious Breath","Inspired Scholarship","Flames of Oblivion","Elemental Rage"
"Sunspire","Trash Builds","https://www.esologs.com/reports/RwFhKBLHD6gydzmQ#fight=45&type=summary&source=12","@NMZii","Nomi Nyx","ardent-herald-spear-deadly-strike-perfected-ansuuls-torment","dps","Ardent","Spear","Herald","Perfected Ansuul's Torment","Deadly Strike","69564.5","11059.4","28.4","69564.5 DPS","","Slimecraw Guise (Slimecraw)","Ansuul's Perfected Jack (Perfected Ansuul's Torment)","Deadly Arm Cops (Deadly Strike)","Ansuul's Perfected Bracers (Perfected Ansuul's Torment)","","Ansuul's Perfected Guards (Perfected Ansuul's Torment)","Ansuul's Perfected Boots (Perfected Ansuul's Torment)","","Deadly Ring (Deadly Strike)","Deadly Ring (Deadly Strike)","Deadly Dagger (Deadly Strike)","Deadly Dagger (Deadly Strike)","The Maelstrom's Perfected Inferno Staff (Perfected Crushing Wall)"," ()","Blazing Spear","Camouflaged Hunter","Quick Cloak","Cephaliarch's Flail","Pragmatic Fatecarver","Flawless Dawnbreaker","Razor Caltrops","Molten Whip","Inspired Scholarship","Flames of Oblivion","Elemental Blockade","The Languid Eye"
"Sunspire","Trash Builds","https://www.esologs.com/reports/RwFhKBLHD6gydzmQ#fight=45&type=summary&source=12","@NMZii","Nomi Nyx","ardent-herald-spear-deadly-strike-perfected-ansuuls-torment","dps","Ardent","Spear","Herald","Perfected Ansuul's Torment","Deadly Strike","52301.9","5570.3","15.6","52301.9 DPS","","Slimecraw Guise (Slimecraw)","Ansuul's Perfected Jack (Perfected Ansuul's Torment)","Deadly Arm Cops (Deadly Strike)","Ansuul's Perfected Bracers (Perfected Ansuul's Torment)","","Ansuul's Perfected Guards (Perfected Ansuul's Torment)","Ansuul's Perfected Boots (Perfected Ansuul's Torment)","","Deadly Ring (Deadly Strike)","Deadly Ring (Deadly Strike)","Deadly Dagger (Deadly Strike)","Deadly Dagger (Deadly Strike)","The Maelstrom's Perfected Inferno Staff (Perfected Crushing Wall)"," ()","Blazing Spear","Camouflaged Hunter","Quick Cloak","Cephaliarch's Flail","Pragmatic Fatecarver","Flawless Dawnbreaker","Razor Caltrops","Molten Whip","Inspired Scholarship","Flames of Oblivion","Elemental Blockade","The Languid Eye"
"Sunspire","Trash Builds","https://www.esologs.com/reports/RwFhKBLHD6gydzmQ#fight=45&type=summary&source=35","@Comasaurus","Onlybeam","ardent-herald-x-deadly-strike-perfected-sul-xans-torment","dps","Ardent","Herald","x","Deadly Strike","Perfected Sul-Xan's Torment","173907.2","5490.5","14.6","173907.2 DPS","","Slimecraw Guise (Slimecraw)","Deadly Jack (Deadly Strike)","Deadly Arm Cops (Deadly Strike)","Deadly Bracers (Deadly Strike)","","Deadly Guards (Deadly Strike)","Perfected Boots of Sul-Xan's Torment (Perfected Sul-Xan's Torment)","","Perfected Ring of Sul-Xan's Torment (Perfected Sul-Xan's Torment)","Perfected Ring of Sul-Xan's Torment (Perfected Sul-Xan's Torment)","The Maelstrom's Perfected Inferno Staff (Perfected Crushing Wall)"," ()","Perfected Dagger of Sul-Xan's Torment (Perfected Sul-Xan's Torment)","Perfected Dagger of Sul-Xan's Torment (Perfected Sul-Xan's Torment)","Elemental Blockade","Flames of Oblivion","Inspired Scholarship","Sundering Trample","Banner Bearer","Standard of Might","Cephaliarch's Flail","Whirling Blades","Pragmatic Fatecarver","Quick Cloak","Banner Bearer","Flawless Dawnbreaker"
"Sunspire","Trash Builds","https://www.esologs.com/reports/RwFhKBLHD6gydzmQ#fight=45&type=summary&source=35","@Comasaurus","Onlybeam","ardent-herald-x-deadly-strike-perfected-sul-xans-torment","dps","Ardent","Herald","x","Deadly Strike","Perfected Sul-Xan's Torment","55946.0","6175.2","37.0","55946.0 DPS","","Slimecraw Guise (Slimecraw)","Deadly Jack (Deadly Strike)","Deadly Arm Cops (Deadly Strike)","Deadly Bracers (Deadly Strike)","","Deadly Guards (Deadly Strike)","Perfected Boots of Sul-Xan's Torment (Perfected Sul-Xan's Torment)","","Perfected Ring of Sul-Xan's Torment (Perfected Sul-Xan's Torment)","Perfected Ring of Sul-Xan's Torment (Perfected Sul-Xan's Torment)","The Maelstrom's Perfected Inferno Staff (Perfected Crushing Wall)"," ()","Perfected Dagger of Sul-Xan's Torment (Perfected Sul-Xan's Torment)","Perfected Dagger of Sul-Xan's Torment (Perfected Sul-Xan's Torment)","Elemental Blockade","Flames of Oblivion","Inspired Scholarship","Sundering Trample","Banner Bearer","Standard of Might","Cephaliarch's Flail","Whirling Blades","Pragmatic Fatecarver","Quick Cloak","Banner Bearer","Flawless Dawnbreaker"
"Sunspire","Trash Builds","https://www.esologs.com/reports/RwFhKBLHD6gydzmQ#fight=45&type=summary&source=9","@derbaderb","Sorcerer Timothy","ardent-herald-x-deadly-strike-perfected-sul-xans-torment","dps","Ardent","Herald","x","Perfected Sul-Xan's Torment","Deadly Strike","190679.9","4691.7","31.1","190679.9 DPS","","Slimecraw Guise (Slimecraw)","Perfected Jack of Sul-Xan's Torment (Perfected Sul-Xan's Torment)","Deadly Arm Cops (Deadly Strike)","Perfected Bracers of Sul-Xan's Torment (Perfected Sul-Xan's Torment)","","Perfected Guards of Sul-Xan's Torment (Perfected Sul-Xan's Torment)","Perfected Boots of Sul-Xan's Torment (Perfected Sul-Xan's Torment)","","Deadly Ring (Deadly Strike)","Deadly Ring (Deadly Strike)","Deadly Dagger (Deadly Strike)","Deadly Dagger (Deadly Strike)","The Maelstrom's Inferno Staff (Crushing Wall)"," ()","Flames of Oblivion","Cephaliarch's Flail","Banner Bearer","Quick Cloak","Exhausting Fatecarver","Flawless Dawnbreaker","Inspired Scholarship","Elemental Blockade","Banner Bearer","Proximity Detonation","Sundering Trample","Elemental Rage"
"Sunspire","Trash Builds","https://www.esologs.com/reports/RwFhKBLHD6gydzmQ#fight=45&type=summary&source=9","@derbaderb","Sorcerer Timothy","ardent-herald-x-deadly-strike-perfected-sul-xans-torment","dps","Ardent","Herald","x","Perfected Sul-Xan's Torment","Deadly Strike","199070.3","2399.3","15.0","199070.3 DPS","The Thief","Slimecraw Guise (Slimecraw)","Perfected Jack of Sul-Xan's Torment (Perfected Sul-Xan's Torment)","Deadly Arm Cops (Deadly Strike)","Perfected Bracers of Sul-Xan's Torment (Perfected Sul-Xan's Torment)","","Perfected Guards of Sul-Xan's Torment (Perfected Sul-Xan's Torment)","Perfected Boots of Sul-Xan's Torment (Perfected Sul-Xan's Torment)","","Deadly Ring (Deadly Strike)","Deadly Ring (Deadly Strike)","Deadly Dagger (Deadly Strike)","Deadly Dagger (Deadly Strike)","The Maelstrom's Inferno Staff (Crushing Wall)"," ()","Flames of Oblivion","Cephaliarch's Flail","Banner Bearer","Quick Cloak","Exhausting Fatecarver","Flawless Dawnbreaker","Inspired Scholarship","Elemental Blockade","Banner Bearer","Proximity Detonation","Sundering Trample","Elemental Rage"
"Sunspire","Trash Builds","https://www.esologs.com/reports/RwFhKBLHD6gydzmQ#fight=45&type=summary&source=7","@Comasaurus","Onlybeam","ardent-herald-x-deadly-strike-perfected-sul-xans-torment","dps","Ardent","Herald","x","Deadly Strike","Perfected Sul-Xan's Torment","138908.3","16576.6","37.5","138908.3 DPS","","Slimecraw Guise (Slimecraw)","Deadly Jack (Deadly Strike)","Deadly Arm Cops (Deadly Strike)","Deadly Bracers (Deadly Strike)","","Deadly Guards (Deadly Strike)","Perfected Boots of Sul-Xan's Torment (Perfected Sul-Xan's Torment)","","Perfected Ring of Sul-Xan's Torment (Perfected Sul-Xan's Torment)","Perfected Ring of Sul-Xan's Torment (Perfected Sul-Xan's Torment)","The Maelstrom's Perfected Inferno Staff (Perfected Crushing Wall)"," ()","Perfected Dagger of Sul-Xan's Torment (Perfected Sul-Xan's Torment)","Perfected Dagger of Sul-Xan's Torment (Perfected Sul-Xan's Torment)","Blockade of Fire","Flames of Oblivion","Inspired Scholarship","Pestilent Trample (Cavalier's Charge / Heroism)","Shocking Banner (Cavalier's Charge / Courage)","Standard of Might","Cephaliarch's Flail","Whirling Blades","Pragmatic Fatecarver","Quick Cloak","Shocking Banner (Cavalier's Charge / Courage)","Flawless Dawnbreaker"
"Sunspire","Trash Builds","https://www.esologs.com/reports/RwFhKBLHD6gydzmQ#fight=45&type=summary&source=7","@Comasaurus","Onlybeam","ardent-herald-x-deadly-strike-perfected-sul-xans-torment","dps","Ardent","Herald","x","Deadly Strike","Perfected Sul-Xan's Torment","71749.2","3091.4","41.5","71749.2 DPS","","Slimecraw Guise (Slimecraw)","Deadly Jack (Deadly Strike)","Deadly Arm Cops (Deadly Strike)","Deadly Bracers (Deadly Strike)","","Deadly Guards (Deadly Strike)","Perfected Boots of Sul-Xan's Torment (Perfected Sul-Xan's Torment)","","Perfected Ring of Sul-Xan's Torment (Perfected Sul-Xan's Torment)","Perfected Ring of Sul-Xan's Torment (Perfected Sul-Xan's Torment)","The Maelstrom's Perfected Inferno Staff (Perfected Crushing Wall)"," ()","Perfected Dagger of Sul-Xan's Torment (Perfected Sul-Xan's Torment)","Perfected Dagger of Sul-Xan's Torment (Perfected Sul-Xan's Torment)","Blockade of Fire","Flames of Oblivion","Inspired Scholarship","Pestilent Trample (Cavalier's Charge / Heroism)","Shocking Banner (Cavalier's Charge / Courage)","Standard of Might","Cephaliarch's Flail","Whirling Blades","Pragmatic Fatecarver","Quick Cloak","Shocking Banner (Cavalier's Charge / Courage)","Flawless Dawnbreaker"
"Sunspire","Trash Builds","https://www.esologs.com/reports/PpLBCgJ8zKqDhFfb#fight=38&type=summary&source=109","@fheS","Off Meta Weirdo","ardent-ass-grave-perfected-sul-xans-torment-tide-born-wildstalker","dps","Ardent","Ass","Grave","Tide-Born Wildstalker","Perfected Sul-Xan's Torment","131068.3","1910.4","62.7","131068.3 DPS","","Slimecraw Guise (Slimecraw)","Tide-Born Jack (Tide-Born Wildstalker)","Tide-Born Arm Cops (Tide-Born Wildstalker)","Tide-Born Bracers (Tide-Born Wildstalker)","","Tide-Born Guards (Tide-Born Wildstalker)","Tide-Born Boots (Tide-Born Wildstalker)","","Perfected Ring of Sul-Xan's Torment (Perfected Sul-Xan's Torment)","Perfected Ring of Sul-Xan's Torment (Perfected Sul-Xan's Torment)","Perfected Dagger of Sul-Xan's Torment (Perfected Sul-Xan's Torment)","Perfected Dagger of Sul-Xan's Torment (Perfected Sul-Xan's Torment)","The Maelstrom's Perfected Inferno Staff (Perfected Crushing Wall)"," ()","Camouflaged Hunter","Shattering Knife (Class Mastery / Off Balance)","Detonating Siphon","Whirling Blades","Relentless Focus","Soul Harvest","Molten Whip","Blighted Blastbones","Proximity Detonation","Flames of Oblivion","Blockade of Fire","Elemental Rage"
"Sunspire","Trash Builds","https://www.esologs.com/reports/PpLBCgJ8zKqDhFfb#fight=38&type=summary&source=109","@fheS","Off Meta Weirdo","ardent-ass-grave-perfected-sul-xans-torment-tide-born-wildstalker","dps","Ardent","Ass","Grave","Tide-Born Wildstalker","Perfected Sul-Xan's Torment","83725.2","0.0","32.7","83725.2 DPS","","Slimecraw Guise (Slimecraw)","Tide-Born Jack (Tide-Born Wildstalker)","Tide-Born Arm Cops (Tide-Born Wildstalker)","Tide-Born Bracers (Tide-Born Wildstalker)","","Tide-Born Guards (Tide-Born Wildstalker)","Tide-Born Boots (Tide-Born Wildstalker)","","Perfected Ring of Sul-Xan's Torment (Perfected Sul-Xan's Torment)","Perfected Ring of Sul-Xan's Torment (Perfected Sul-Xan's Torment)","Perfected Dagger of Sul-Xan's Torment (Perfected Sul-Xan's Torment)","Perfected Dagger of Sul-Xan's Torment (Perfected Sul-Xan's Torment)","The Maelstrom's Perfected Inferno Staff (Perfected Crushing Wall)"," ()","Camouflaged Hunter","Shattering Knife (Class Mastery / Off Balance)","Detonating Siphon","Whirling Blades","Relentless Focus","Glacial Colossus","Molten Whip","Blighted Blastbones","Proximity Detonation","Flames of Oblivion","Blockade of Fire","Flawless Dawnbreaker"
"Sunspire","Trash Builds","https://www.esologs.com/reports/PpLBCgJ8zKqDhFfb#fight=38&type=summary&source=5","@Czonair","Fenovea","ardent-ass-grave-perfected-sul-xans-torment-tide-born-wildstalker","dps","Ardent","Ass","Grave","Perfected Sul-Xan's Torment","Tide-Born Wildstalker","99551.2","15856.1","65.4","99551.2 DPS","","Slimecraw Mask (Slimecraw)","Perfected Jack of Sul-Xan's Torment (Perfected Sul-Xan's Torment)","Perfected Arm Cops of Sul-Xan's Torment (Perfected Sul-Xan's Torment)","Tide-Born Bracers (Tide-Born Wildstalker)","","Perfected Guards of Sul-Xan's Torment (Perfected Sul-Xan's Torment)","Tide-Born Boots (Tide-Born Wildstalker)","","Tide-Born Ring (Tide-Born Wildstalker)","Tide-Born Ring (Tide-Born Wildstalker)","Perfected Dagger of Sul-Xan's Torment (Perfected Sul-Xan's Torment)","Perfected Dagger of Sul-Xan's Torment (Perfected Sul-Xan's Torment)","The Maelstrom's Inferno Staff (Crushing Wall)"," ()","Whirling Blades","Blighted Blastbones","Detonating Siphon","Quick Cloak","Camouflaged Hunter","Incapacitating Strike","Elemental Blockade","Unnerving Boneyard","Anti-Cavalry Caltrops","Flames of Oblivion","Proximity Detonation","Standard of Might"
"Sunspire","Trash Builds","https://www.esologs.com/reports/PpLBCgJ8zKqDhFfb#fight=38&type=summary&source=5","@Czonair","Fenovea","ardent-ass-grave-perfected-sul-xans-torment-tide-born-wildstalker","dps","Ardent","Ass","Grave","Perfected Sul-Xan's Torment","Tide-Born Wildstalker","162083.9","4410.0","72.8","162083.9 DPS","","Slimecraw Mask (Slimecraw)","Perfected Jack of Sul-Xan's Torment (Perfected Sul-Xan's Torment)","Perfected Arm Cops of Sul-Xan's Torment (Perfected Sul-Xan's Torment)","Tide-Born Bracers (Tide-Born Wildstalker)","","Perfected Guards of Sul-Xan's Torment (Perfected Sul-Xan's Torment)","Tide-Born Boots (Tide-Born Wildstalker)","","Tide-Born Ring (Tide-Born Wildstalker)","Tide-Born Ring (Tide-Born Wildstalker)","Perfected Dagger of Sul-Xan's Torment (Perfected Sul-Xan's Torment)","Perfected Dagger of Sul-Xan's Torment (Perfected Sul-Xan's Torment)","The Maelstrom's Inferno Staff (Crushing Wall)"," ()","Whirling Blades","Blighted Blastbones","Detonating Siphon","Quick Cloak","Camouflaged Hunter","Incapacitating Strike","Elemental Blockade","Unnerving Boneyard","Anti-Cavalry Caltrops","Flames of Oblivion","Proximity Detonation","Standard of Might"
"Sunspire","Trash Builds","https://www.esologs.com/reports/PpLBCgJ8zKqDhFfb#fight=38&type=summary&source=32","@PrinceOfChaos1423","Valkyn Ellyia","ardent-ass-grave-perfected-sul-xans-torment-tide-born-wildstalker","dps","Ardent","Ass","Grave","Tide-Born Wildstalker","Perfected Sul-Xan's Torment","73382.3","299.4","36.2","73382.3 DPS","","Slimecraw Mask (Slimecraw)","Tide-Born Jack (Tide-Born Wildstalker)","Perfected Arm Cops of Sul-Xan's Torment (Perfected Sul-Xan's Torment)","Tide-Born Bracers (Tide-Born Wildstalker)","","Tide-Born Guards (Tide-Born Wildstalker)","Tide-Born Boots (Tide-Born Wildstalker)","","Perfected Ring of Sul-Xan's Torment (Perfected Sul-Xan's Torment)","Perfected Ring of Sul-Xan's Torment (Perfected Sul-Xan's Torment)","Perfected Dagger of Sul-Xan's Torment (Perfected Sul-Xan's Torment)","Perfected Dagger of Sul-Xan's Torment (Perfected Sul-Xan's Torment)","The Maelstrom's Perfected Inferno Staff (Perfected Crushing Wall)"," ()","Detonating Siphon","Whirling Blades","Shattering Knife (Assassin's Misery / Off Balance)","Relentless Focus","Camouflaged Hunter","Soul Harvest","Blockade of Fire","Skeletal Archer","Molten Whip","Proximity Detonation","Flames of Oblivion","Standard of Might"
"Sunspire","Trash Builds","https://www.esologs.com/reports/PpLBCgJ8zKqDhFfb#fight=38&type=summary&source=95","@Mr_Loadz","Mr Load z","ardent-ass-grave-perfected-sul-xans-torment-roar-of-alkosh","dps","Ardent","Ass","Grave","Roar of Alkosh","Perfected Sul-Xan's Torment","207233.8","5050.3","31.4","207233.8 DPS","The Thief","Valkyn Skoria Guise (Valkyn Skoria)","Jack of Alkosh (Roar of Alkosh)","Perfected Arm Cops of Sul-Xan's Torment (Perfected Sul-Xan's Torment)","Bracers of Alkosh (Roar of Alkosh)","","Guards of Alkosh (Roar of Alkosh)","Boots of Alkosh (Roar of Alkosh)","","Perfected Ring of Sul-Xan's Torment (Perfected Sul-Xan's Torment)","Perfected Ring of Sul-Xan's Torment (Perfected Sul-Xan's Torment)","Perfected Dagger of Sul-Xan's Torment (Perfected Sul-Xan's Torment)","Perfected Dagger of Sul-Xan's Torment (Perfected Sul-Xan's Torment)","The Maelstrom's Perfected Inferno Staff (Perfected Crushing Wall)"," ()","Detonating Siphon","Camouflaged Hunter","Deadly Cloak","Whirling Blades","Relentless Focus","Soul Harvest","Proximity Detonation","Blockade of Fire","Blighted Blastbones","Unnerving Boneyard","Flames of Oblivion","Standard of Might"
"Sunspire","Trash Builds","https://www.esologs.com/reports/PpLBCgJ8zKqDhFfb#fight=38&type=summary&source=95","@Mr_Loadz","Mr Load z","ardent-ass-grave-perfected-sul-xans-torment-roar-of-alkosh","dps","Ardent","Ass","Grave","Roar of Alkosh","Perfected Sul-Xan's Torment","113872.7","2955.6","37.4","113872.7 DPS","","Valkyn Skoria Guise (Valkyn Skoria)","Jack of Alkosh (Roar of Alkosh)","Perfected Arm Cops of Sul-Xan's Torment (Perfected Sul-Xan's Torment)","Bracers of Alkosh (Roar of Alkosh)","","Guards of Alkosh (Roar of Alkosh)","Boots of Alkosh (Roar of Alkosh)","","Perfected Ring of Sul-Xan's Torment (Perfected Sul-Xan's Torment)","Perfected Ring of Sul-Xan's Torment (Perfected Sul-Xan's Torment)","Perfected Dagger of Sul-Xan's Torment (Perfected Sul-Xan's Torment)","Perfected Dagger of Sul-Xan's Torment (Perfected Sul-Xan's Torment)","The Maelstrom's Perfected Inferno Staff (Perfected Crushing Wall)"," ()","Detonating Siphon","Camouflaged Hunter","Deadly Cloak","Whirling Blades","Relentless Focus","Soul Harvest","Proximity Detonation","Blockade of Fire","Blighted Blastbones","Unnerving Boneyard","Flames of Oblivion","Standard of Might"
"Sunspire","Trash Builds","https://www.esologs.com/reports/PpLBCgJ8zKqDhFfb#fight=38&type=summary&source=30","@Mr_Loadz","Mr Load z","ardent-ass-grave-perfected-sul-xans-torment-roar-of-alkosh","dps","Ardent","Ass","Grave","Roar of Alkosh","Perfected Sul-Xan's Torment","61203.0","848.2","29.0","61203.0 DPS","","Valkyn Skoria Guise (Valkyn Skoria)","Jack of Alkosh (Roar of Alkosh)","Perfected Arm Cops of Sul-Xan's Torment (Perfected Sul-Xan's Torment)","Bracers of Alkosh (Roar of Alkosh)","","Guards of Alkosh (Roar of Alkosh)","Boots of Alkosh (Roar of Alkosh)","","Perfected Ring of Sul-Xan's Torment (Perfected Sul-Xan's Torment)","Perfected Ring of Sul-Xan's Torment (Perfected Sul-Xan's Torment)","Perfected Dagger of Sul-Xan's Torment (Perfected Sul-Xan's Torment)","Perfected Dagger of Sul-Xan's Torment (Perfected Sul-Xan's Torment)","The Maelstrom's Perfected Inferno Staff (Perfected Crushing Wall)"," ()","Detonating Siphon","Camouflaged Hunter","Quick Cloak","Whirling Blades","Relentless Focus","Soul Harvest","Proximity Detonation","Blockade of Fire","Blighted Blastbones","Unnerving Boneyard","Flames of Oblivion","Standard of Might"
"Sunspire","Trash Builds","https://www.esologs.com/reports/PpLBCgJ8zKqDhFfb#fight=38&type=summary&source=12","@Rpsnyder","Zen Kosh Prisoner","ardent-ass-grave-perfected-sul-xans-torment-roar-of-alkosh","dps","Ardent","Ass","Grave","Roar of Alkosh","Perfected Sul-Xan's Torment","85867.9","2207.5","71.2","85867.9 DPS","","Slimecraw Mask (Slimecraw)","Jack of Alkosh (Roar of Alkosh)","Arm Cops of Alkosh (Roar of Alkosh)","Bracers of Alkosh (Roar of Alkosh)","","Perfected Guards of Sul-Xan's Torment (Perfected Sul-Xan's Torment)","Boots of Alkosh (Roar of Alkosh)","","Perfected Ring of Sul-Xan's Torment (Perfected Sul-Xan's Torment)","Perfected Ring of Sul-Xan's Torment (Perfected Sul-Xan's Torment)","Perfected Dagger of Sul-Xan's Torment (Perfected Sul-Xan's Torment)","Perfected Dagger of Sul-Xan's Torment (Perfected Sul-Xan's Torment)","The Maelstrom's Inferno Staff (Crushing Wall)"," ()","Shattering Knife","Blighted Blastbones","Whirling Blades","Camouflaged Hunter","Relentless Focus","Soul Harvest","Elemental Blockade","Avid Boneyard","Skeletal Arcanist","Flames of Oblivion","Proximity Detonation","Shooting Star"
"Sunspire","Trash Builds","https://www.esologs.com/reports/PpLBCgJ8zKqDhFfb#fight=38&type=summary&source=12","@Rpsnyder","Zen Kosh Prisoner","ardent-ass-grave-perfected-sul-xans-torment-roar-of-alkosh","dps","Ardent","Ass","Grave","Roar of Alkosh","Perfected Sul-Xan's Torment","126413.7","10736.2","49.7","126413.7 DPS","","Slimecraw Mask (Slimecraw)","Jack of Alkosh (Roar of Alkosh)","Arm Cops of Alkosh (Roar of Alkosh)","Bracers of Alkosh (Roar of Alkosh)","","Perfected Guards of Sul-Xan's Torment (Perfected Sul-Xan's Torment)","Boots of Alkosh (Roar of Alkosh)","","Perfected Ring of Sul-Xan's Torment (Perfected Sul-Xan's Torment)","Perfected Ring of Sul-Xan's Torment (Perfected Sul-Xan's Torment)","Perfected Dagger of Sul-Xan's Torment (Perfected Sul-Xan's Torment)","Perfected Dagger of Sul-Xan's Torment (Perfected Sul-Xan's Torment)","The Maelstrom's Inferno Staff (Crushing Wall)"," ()","Shattering Knife","Blighted Blastbones","Whirling Blades","Camouflaged Hunter","Relentless Focus","Soul Harvest","Elemental Blockade","Avid Boneyard","Skeletal Arcanist","Flames of Oblivion","Proximity Detonation","Shooting Star"
