"Trial Name","Boss Name","ESO Logs Player Link","Player Handle","Character Name","Build Slug","Role","Subclass 1","Subclass 2","Subclass 3","Signature Set 1","Signature Set 2","DPS","HPS","CPM","Primary Metric","Mundus Stone","Gear: Head","Gear: Chest","Gear: Shoulders","Gear: Hands","Gear: Waist","Gear: Legs","Gear: Feet","Gear: Necklace","Gear: Ring1","Gear: Ring2","Gear: Main_Hand","Gear: Off_Hand","Gear: Backup_Main_Hand","Gear: Backup_Off_Hand","Bar 1 Ability 1","Bar 1 Ability 2","Bar 1 Ability 3","Bar 1 Ability 4","Bar 1 Ability 5","Bar 1 Ability 6","Bar 2 Ability 1","Bar 2 Ability 2","Bar 2 Ability 3","Bar 2 Ability 4","Bar 2 Ability 5","Bar 2 Ability 6"
"Aetherian Archive","Lightning Storm Atronach","https://www.esologs.com/reports/wabQMJpj1BPyc4q9#fight=60&type=summary&source=7","@KarinFlory","Jacek Kaczmarskï","ass-shadow-siphon-aegis-caller-perfected-slivers-of-the-null-arca","dps","Ass","Shadow","Siphon","Perfected Slivers of the Null Arca","Aegis Caller","336135.0","16694.9","82.4","336135.0 DPS","The Thief","Huntsman's Warmask (Huntsman's Warmask)","Perfected Null Arca Jack (Perfected Slivers of the Null Arca)","Slimecraw Epaulets (Slimecraw)","Aegis Caller's Bracers (Aegis Caller)","","Aegis Caller's Guards (Aegis Caller)","Aegis Caller's Boots (Aegis Caller)","","Perfected Null Arca Ring (Perfected Slivers of the Null Arca)","Perfected Null Arca Ring (Perfected Slivers of the Null Arca)","Aegis Caller's Dagger (Aegis Caller)","Aegis Caller's Dagger (Aegis Caller)","The Maelstrom's Perfected Greatsword (Perfected Merciless Charge)"," ()","Killer's Blade","Relentless Focus","Shadowy Disguise","Surprise Attack","Debilitate","Incapacitating Strike","Fiery Contingency (Lingering Torment / Intellect and Endurance)","Scalding Rune","Stampede","Dark Shade","Simmering Frenzy","Shooting Star"
"Aetherian Archive","Lightning Storm Atronach","https://www.esologs.com/reports/wabQMJpj1BPyc4q9#fight=60&type=summary&source=9","@ChanneledDivinity","Siphons-For-Resources","ass-shadow-siphon-aegis-caller-perfected-slivers-of-the-null-arca","dps","Ass","Shadow","Siphon","Perfected Slivers of the Null Arca","Aegis Caller","316264.5","24770.9","131.6","316264.5 DPS","","Huntsman's Warmask (Huntsman's Warmask)","Perfected Null Arca Jack (Perfected Slivers of the Null Arca)","Iceheart Epaulets (Iceheart)","Perfected Null Arca Bracers (Perfected Slivers of the Null Arca)","","Perfected Null Arca Guards (Perfected Slivers of the Null Arca)","Perfected Null Arca Boots (Perfected Slivers of the Null Arca)","","Aegis Caller's Ring (Aegis Caller)","Aegis Caller's Ring (Aegis Caller)","Aegis Caller's Dagger (Aegis Caller)","Aegis Caller's Dagger (Aegis Caller)","The Maelstrom's Perfected Greatsword (Perfected Merciless Charge)"," ()","Surprise Attack","Killer's Blade","Shadowy Disguise","Relentless Focus","Debilitate","Incapacitating Strike","Stampede","Barbed Trap","Quick Cloak","Simmering Frenzy","Dark Shade","Shooting Star"
"Aetherian Archive","Lightning Storm Atronach","https://www.esologs.com/reports/wabQMJpj1BPyc4q9#fight=60&type=summary&source=7","@R.af","Raf Il","ass-shadow-siphon-aegis-caller-perfected-slivers-of-the-null-arca","dps","Ass","Shadow","Siphon","Perfected Slivers of the Null Arca","Aegis Caller","296856.0","21927.1","89.9","296856.0 DPS","","Huntsman's Warmask (Huntsman's Warmask)","Perfected Null Arca Jack (Perfected Slivers of the Null Arca)","Slimecraw Arm Cops (Slimecraw)","Perfected Null Arca Bracers (Perfected Slivers of the Null Arca)","","Perfected Null Arca Guards (Perfected Slivers of the Null Arca)","Perfected Null Arca Boots (Perfected Slivers of the Null Arca)","","Aegis Caller's Ring (Aegis Caller)","Aegis Caller's Ring (Aegis Caller)","Aegis Caller's Dagger (Aegis Caller)","Aegis Caller's Dagger (Aegis Caller)","The Maelstrom's Perfected Greatsword (Perfected Merciless Charge)"," ()","Surprise Attack","Shadowy Disguise","Debilitate","Killer's Blade","Relentless Focus","Incapacitating Strike","Stampede","Carve","Dark Shade","Barbed Trap","Simmering Frenzy","Shooting Star"
"Aetherian Archive","Lightning Storm Atronach","https://www.esologs.com/reports/wabQMJpj1BPyc4q9#fight=60&type=summary&source=6","@Diocliate","Möllỳ","ass-shadow-siphon-aegis-caller-perfected-slivers-of-the-null-arca","dps","Ass","Shadow","Siphon","Perfected Slivers of the Null Arca","Aegis Caller","297836.9","22259.2","80.3","297836.9 DPS","","Huntsman's Warmask (Huntsman's Warmask)","Perfected Null Arca Jack (Perfected Slivers of the Null Arca)","Slimecraw Epaulets (Slimecraw)","Perfected Null Arca Bracers (Perfected Slivers of the Null Arca)","","Perfected Null Arca Guards (Perfected Slivers of the Null Arca)","Perfected Null Arca Boots (Perfected Slivers of the Null Arca)","","Aegis Caller's Ring (Aegis Caller)","Aegis Caller's Ring (Aegis Caller)","Aegis Caller's Dagger (Aegis Caller)","Aegis Caller's Dagger (Aegis Caller)","The Maelstrom's Perfected Greatsword (Perfected Merciless Charge)"," ()","Shadowy Disguise","Relentless Focus","Surprise Attack","Debilitate","Killer's Blade","Incapacitating Strike","Stampede","Leeching Strikes","Dark Shade","Simmering Frenzy","Barbed Trap","Shooting Star"
"Aetherian Archive","Lightning Storm Atronach","https://www.esologs.com/reports/wabQMJpj1BPyc4q9#fight=60&type=summary&source=6","@Prxvokedlegend","Sneakiest Dps","ass-shadow-siphon-aegis-caller-perfected-slivers-of-the-null-arca","dps","Ass","Shadow","Siphon","Perfected Slivers of the Null Arca","Aegis Caller","291408.5","19913.0","89.0","291408.5 DPS","","Huntsman's Warmask (Huntsman's Warmask)","Perfected Null Arca Jack (Perfected Slivers of the Null Arca)","Slimecraw Epaulets (Slimecraw)","Perfected Null Arca Bracers (Perfected Slivers of the Null Arca)","","Perfected Null Arca Guards (Perfected Slivers of the Null Arca)","Perfected Null Arca Boots (Perfected Slivers of the Null Arca)","","Aegis Caller's Ring (Aegis Caller)","Aegis Caller's Ring (Aegis Caller)","Aegis Caller's Dagger (Aegis Caller)","Aegis Caller's Dagger (Aegis Caller)","The Maelstrom's Greatsword (Merciless Charge)"," ()","Shadowy Disguise","Debilitate","Relentless Focus","Surprise Attack","Killer's Blade","Incapacitating Strike","Leeching Strikes","Stampede","Fiery Contingency (Lingering Torment / Brutality and Sorcery)","Barbed Trap","Dark Shade","Veil of Blades"
"Aetherian Archive","Lightning Storm Atronach","https://www.esologs.com/reports/wabQMJpj1BPyc4q9#fight=60&type=summary&source=5","@Legende37","Legiora","ass-shadow-siphon-aegis-caller-perfected-slivers-of-the-null-arca","dps","Ass","Shadow","Siphon","Perfected Slivers of the Null Arca","Aegis Caller","218894.3","20553.2","77.6","218894.3 DPS","","Huntsman's Warmask (Huntsman's Warmask)","Perfected Null Arca Jack (Perfected Slivers of the Null Arca)","Slimecraw Arm Cops (Slimecraw)","Perfected Null Arca Bracers (Perfected Slivers of the Null Arca)","","Perfected Null Arca Guards (Perfected Slivers of the Null Arca)","Perfected Null Arca Boots (Perfected Slivers of the Null Arca)","","Aegis Caller's Ring (Aegis Caller)","Aegis Caller's Ring (Aegis Caller)","Aegis Caller's Dagger (Aegis Caller)","Aegis Caller's Dagger (Aegis Caller)","The Maelstrom's Perfected Greatsword (Perfected Merciless Charge)"," ()","Shadowy Disguise","Killer's Blade","Surprise Attack","Merciless Resolve","Quick Cloak","Incapacitating Strike","Debilitate","Barbed Trap","Dark Shade","Stampede","Carve","Incapacitating Strike"
"Aetherian Archive","Lightning Storm Atronach","https://www.esologs.com/reports/wabQMJpj1BPyc4q9#fight=60&type=summary&source=5","@Drako-Ei","J'zack","ass-shadow-siphon-aegis-caller-perfected-slivers-of-the-null-arca","dps","Ass","Shadow","Siphon","Perfected Slivers of the Null Arca","Aegis Caller","216416.2","10519.5","84.7","216416.2 DPS","","Zaan Mask (Zaan)","Perfected Null Arca Jack (Perfected Slivers of the Null Arca)","Mora's Whispers (Mora's Whispers)","Perfected Null Arca Bracers (Perfected Slivers of the Null Arca)","","Perfected Null Arca Guards (Perfected Slivers of the Null Arca)","Perfected Null Arca Boots (Perfected Slivers of the Null Arca)","","Aegis Caller's Ring (Aegis Caller)","Aegis Caller's Ring (Aegis Caller)","Aegis Caller's Dagger (Aegis Caller)","Aegis Caller's Dagger (Aegis Caller)","The Maelstrom's Perfected Greatsword (Perfected Merciless Charge)"," ()","Barbed Trap","Killer's Blade","Deadly Cloak","Relentless Focus","Surprise Attack","Incapacitating Strike","Carve","Stampede","Shadowy Disguise","Debilitate","Dark Shade","Incapacitating Strike"
"Aetherian Archive","Lightning Storm Atronach","https://www.esologs.com/reports/wabQMJpj1BPyc4q9#fight=60&type=summary&source=12","@korgaard","Seraya of Verrant Morass","ass-shadow-siphon-aegis-caller-perfected-slivers-of-the-null-arca","dps","Ass","Shadow","Siphon","Perfected Slivers of the Null Arca","Aegis Caller","156759.9","12576.2","87.0","156759.9 DPS","","Huntsman's Warmask (Huntsman's Warmask)","Perfected Null Arca Jack (Perfected Slivers of the Null Arca)","Zaan Epaulets (Zaan)","Perfected Null Arca Bracers (Perfected Slivers of the Null Arca)","","Aegis Caller's Guards (Aegis Caller)","Aegis Caller's Boots (Aegis Caller)","","Aegis Caller's Ring (Aegis Caller)","Aegis Caller's Ring (Aegis Caller)","Perfected Null Arca Dagger (Perfected Slivers of the Null Arca)","Perfected Null Arca Dagger (Perfected Slivers of the Null Arca)","The Maelstrom's Greatsword (Merciless Charge)"," ()","Surprise Attack","Killer's Blade","Shadowy Disguise","Merciless Resolve","Debilitate","Incapacitating Strike","Stampede","Barbed Trap","Carve","Dark Shade","Siphoning Attacks","Veil of Blades"
"Aetherian Archive","Lightning Storm Atronach","https://www.esologs.com/reports/wabQMJpj1BPyc4q9#fight=60&type=summary&source=9","@Gabspufik","Salem Shado","ass-shadow-siphon-aegis-caller-perfected-slivers-of-the-null-arca","dps","Ass","Shadow","Siphon","Perfected Slivers of the Null Arca","Aegis Caller","122308.5","23794.8","42.8","122308.5 DPS","","Huntsman's Warmask (Huntsman's Warmask)","Perfected Null Arca Jack (Perfected Slivers of the Null Arca)","Slimecraw Arm Cops (Slimecraw)","Perfected Null Arca Bracers (Perfected Slivers of the Null Arca)","","Aegis Caller's Guards (Aegis Caller)","Perfected Null Arca Boots (Perfected Slivers of the Null Arca)","","Aegis Caller's Ring (Aegis Caller)","Aegis Caller's Ring (Aegis Caller)","Aegis Caller's Dagger (Aegis Caller)","Aegis Caller's Dagger (Aegis Caller)","The Maelstrom's Greatsword (Merciless Charge)"," ()","Killer's Blade","Debilitate","Surprise Attack","Shadowy Disguise","Merciless Resolve","Incapacitating Strike","Stampede","Barbed Trap","Carve","Ulfsild's Contingency","Dark Shade","Incapacitating Strike"
"Aetherian Archive","Lightning Storm Atronach","https://www.esologs.com/reports/wabQMJpj1BPyc4q9#fight=60&type=summary&source=5","@Gopher07","Dödrumpa","bone-grave-x-corpseburster-perfected-slivers-of-the-null-arca","dps","Grave","Bone","x","Perfected Slivers of the Null Arca","Corpseburster","375922.2","4550.5","196.5","375922.2 DPS","The Thief","Huntsman's Warmask (Huntsman's Warmask)","Perfected Null Arca Jack (Perfected Slivers of the Null Arca)","Ansuul's Perfected Arm Cops (Perfected Ansuul's Torment)","Corpseburster Bracers (Corpseburster)","","Perfected Null Arca Guards (Perfected Slivers of the Null Arca)","Perfected Null Arca Boots (Perfected Slivers of the Null Arca)","","Corpseburster Ring (Corpseburster)","Corpseburster Ring (Corpseburster)","Corpseburster Dagger (Corpseburster)","Corpseburster Dagger (Corpseburster)","The Maelstrom's Perfected Greatsword (Perfected Merciless Charge)"," ()","Unnerving Boneyard","Blighted Blastbones","Detonating Siphon","Venom Skull","Sundering Banner (Class Flourish / Courage)","Flawless Dawnbreaker","Skeletal Archer","Stampede","Barbed Trap","Simmering Frenzy","Sundering Banner (Class Flourish / Courage)","Pummeling Goliath"
"Aetherian Archive","Lightning Storm Atronach","https://www.esologs.com/reports/wabQMJpj1BPyc4q9#fight=60&type=summary&source=8","@Feiito","Necroquette","bone-grave-x-corpseburster-perfected-slivers-of-the-null-arca","dps","Grave","Bone","x","Corpseburster","Perfected Slivers of the Null Arca","351886.8","6110.3","164.8","351886.8 DPS","","Huntsman's Warmask (Huntsman's Warmask)","Perfected Null Arca Jack (Perfected Slivers of the Null Arca)","Corpseburster Arm Cops (Corpseburster)","Perfected Null Arca Bracers (Perfected Slivers of the Null Arca)","","Perfected Null Arca Guards (Perfected Slivers of the Null Arca)","Perfected Null Arca Boots (Perfected Slivers of the Null Arca)","","Corpseburster Ring (Corpseburster)","Corpseburster Ring (Corpseburster)","Corpseburster Dagger (Corpseburster)","Corpseburster Dagger (Corpseburster)","The Maelstrom's Perfected Greatsword (Perfected Merciless Charge)"," ()","Venom Skull","Sundering Banner (Class Flourish / Courage)","Avid Boneyard","Blighted Blastbones","Detonating Siphon","Flawless Dawnbreaker","Stampede","Sundering Banner (Class Flourish / Courage)","Bloody Contingency (Lingering Torment / Force)","Skeletal Archer","Simmering Frenzy","Pummeling Goliath"
"Aetherian Archive","Lightning Storm Atronach","https://www.esologs.com/reports/wabQMJpj1BPyc4q9#fight=60&type=summary&source=4","@I.Bad","I'm Bad Lmao","bone-grave-x-corpseburster-perfected-slivers-of-the-null-arca","dps","Grave","Bone","x","Perfected Slivers of the Null Arca","Corpseburster","349243.1","5058.3","199.0","349243.1 DPS","","Huntsman's Warmask (Huntsman's Warmask)","Perfected Null Arca Jack (Perfected Slivers of the Null Arca)","Slimecraw Arm Cops (Slimecraw)","Perfected Null Arca Bracers (Perfected Slivers of the Null Arca)","","Perfected Null Arca Guards (Perfected Slivers of the Null Arca)","Perfected Null Arca Boots (Perfected Slivers of the Null Arca)","","Corpseburster Ring (Corpseburster)","Corpseburster Ring (Corpseburster)","Corpseburster Dagger (Corpseburster)","Corpseburster Dagger (Corpseburster)","The Maelstrom's Perfected Greatsword (Perfected Merciless Charge)"," ()","Detonating Siphon","Avid Boneyard","Blighted Blastbones","Venom Skull","Banner Bearer","Flawless Dawnbreaker","Skeletal Archer","Stampede","Barbed Trap","Simmering Frenzy","Banner Bearer","Pummeling Goliath"
"Aetherian Archive","Lightning Storm Atronach","https://www.esologs.com/reports/wabQMJpj1BPyc4q9#fight=60&type=summary&source=3","@Melina_nyu","Crolina'nyu","bone-grave-x-corpseburster-perfected-slivers-of-the-null-arca","dps","Grave","Bone","x","Perfected Slivers of the Null Arca","Corpseburster","299424.5","6199.9","179.8","299424.5 DPS","","Huntsman's Warmask (Huntsman's Warmask)","Perfected Null Arca Jack (Perfected Slivers of the Null Arca)","Slimecraw Arm Cops (Slimecraw)","Perfected Null Arca Bracers (Perfected Slivers of the Null Arca)","","Perfected Null Arca Guards (Perfected Slivers of the Null Arca)","Perfected Null Arca Boots (Perfected Slivers of the Null Arca)","","Corpseburster Ring (Corpseburster)","Corpseburster Ring (Corpseburster)","Corpseburster Dagger (Corpseburster)","Corpseburster Dagger (Corpseburster)","The Maelstrom's Perfected Greatsword (Perfected Merciless Charge)"," ()","Venom Skull","Blighted Blastbones","Avid Boneyard","Banner Bearer","Detonating Siphon","Flawless Dawnbreaker","Barbed Trap","Scalding Rune","Banner Bearer","Skeletal Archer","Stampede","Pummeling Goliath"
"Aetherian Archive","Lightning Storm Atronach","https://www.esologs.com/reports/wabQMJpj1BPyc4q9#fight=60&type=summary&source=7","@xindong","Sweetheart-s","bone-grave-x-corpseburster-perfected-slivers-of-the-null-arca","dps","Grave","Bone","x","Perfected Slivers of the Null Arca","Corpseburster","269862.4","8536.4","150.0","269862.4 DPS","","Slimecraw Mask (Slimecraw)","Perfected Null Arca Jack (Perfected Slivers of the Null Arca)","Mora's Whispers (Mora's Whispers)","Perfected Null Arca Bracers (Perfected Slivers of the Null Arca)","","Corpseburster Guards (Corpseburster)","Corpseburster Boots (Corpseburster)","","Perfected Null Arca Ring (Perfected Slivers of the Null Arca)","Perfected Null Arca Ring (Perfected Slivers of the Null Arca)","Corpseburster Dagger (Corpseburster)","Corpseburster Dagger (Corpseburster)","The Maelstrom's Perfected Greatsword (Perfected Merciless Charge)"," ()","Unnerving Boneyard","Detonating Siphon","Blighted Blastbones","Venom Skull","Shocking Banner (Class Flourish / Courage)","Flawless Dawnbreaker","Skeletal Archer","Stampede","Barbed Trap","big siege","Shocking Banner (Class Flourish / Courage)","Pummeling Goliath"
"Aetherian Archive","Lightning Storm Atronach","https://www.esologs.com/reports/wabQMJpj1BPyc4q9#fight=60&type=summary&source=4","@Al_duin","Hysiléns","bone-grave-x-corpseburster-perfected-slivers-of-the-null-arca","dps","Grave","Bone","x","Perfected Slivers of the Null Arca","Corpseburster","363926.0","12603.7","162.3","363926.0 DPS","","Huntsman's Warmask (Huntsman's Warmask)","Perfected Null Arca Jack (Perfected Slivers of the Null Arca)","Ansuul's Perfected Arm Cops (Perfected Ansuul's Torment)","Perfected Null Arca Bracers (Perfected Slivers of the Null Arca)","","Perfected Null Arca Guards (Perfected Slivers of the Null Arca)","Perfected Null Arca Boots (Perfected Slivers of the Null Arca)","","Corpseburster Ring (Corpseburster)","Corpseburster Ring (Corpseburster)","Corpseburster Dagger (Corpseburster)","Corpseburster Dagger (Corpseburster)","The Maelstrom's Perfected Greatsword (Perfected Merciless Charge)"," ()","Unnerving Boneyard","Detonating Siphon","Blighted Blastbones","Venom Skull","Quick Cloak","Flawless Dawnbreaker","Scalding Rune","Simmering Frenzy","Skeletal Archer","Barbed Trap","Stampede","Pummeling Goliath"
"Aetherian Archive","Lightning Storm Atronach","https://www.esologs.com/reports/wabQMJpj1BPyc4q9#fight=60&type=summary&source=3","@jkmcnk","Carcassonia","bone-grave-x-corpseburster-perfected-slivers-of-the-null-arca","dps","Grave","Bone","x","Perfected Slivers of the Null Arca","Corpseburster","143135.9","3194.9","68.2","143135.9 DPS","","Huntsman's Warmask (Huntsman's Warmask)","Perfected Null Arca Jack (Perfected Slivers of the Null Arca)","Iceheart Arm Cops (Iceheart)","Perfected Null Arca Bracers (Perfected Slivers of the Null Arca)","","Perfected Null Arca Guards (Perfected Slivers of the Null Arca)","Perfected Null Arca Boots (Perfected Slivers of the Null Arca)","","Corpseburster Ring (Corpseburster)","Corpseburster Ring (Corpseburster)","Corpseburster Dagger (Corpseburster)","Corpseburster Dagger (Corpseburster)","The Maelstrom's Perfected Greatsword (Perfected Merciless Charge)"," ()","Detonating Siphon","Blighted Blastbones","Venom Skull","Avid Boneyard","Camouflaged Hunter","Flawless Dawnbreaker","Stampede","Sundering Burst","Barbed Trap","Skeletal Archer","Camouflaged Hunter","Pummeling Goliath"
"Aetherian Archive","Lightning Storm Atronach","https://www.esologs.com/reports/h8YdMg3bJatm6LwX#fight=27&type=summary&source=10","@Reshi47","Onetrickreshie","herald-x-x-perfected-slivers-of-the-null-arca-spattering-disjunction","dps","Herald","x","x","Perfected Slivers of the Null Arca","Spattering Disjunction","181722.7","3388.4","25.9","181722.7 DPS","The Thief","Huntsman's Warmask (Huntsman's Warmask)","Perfected Null Arca Jack (Perfected Slivers of the Null Arca)","Slimecraw Arm Cops (Slimecraw)","Perfected Null Arca Bracers (Perfected Slivers of the Null Arca)","","Spattering Disjunction Guards (Spattering Disjunction)","Spattering Disjunction Boots (Spattering Disjunction)","","Spattering Disjunction Ring (Spattering Disjunction)","Spattering Disjunction Ring (Spattering Disjunction)","Perfected Null Arca Dagger (Perfected Slivers of the Null Arca)","Perfected Null Arca Dagger (Perfected Slivers of the Null Arca)","The Maelstrom's Perfected Greatsword (Perfected Merciless Charge)"," ()","Pragmatic Fatecarver","Quick Cloak","Barbed Trap","Cephaliarch's Flail","Camouflaged Hunter","Flawless Dawnbreaker","Stampede","Fulminating Rune","Ulfsild's Contingency","Inspired Scholarship","Camouflaged Hunter","The Languid Eye"
"Aetherian Archive","Lightning Storm Atronach","https://www.esologs.com/reports/h8YdMg3bJatm6LwX#fight=27&type=summary&source=8","@ikillmeee","leave it to skiver","herald-x-x-perfected-slivers-of-the-null-arca-spattering-disjunction","dps","Herald","x","x","Spattering Disjunction","Perfected Slivers of the Null Arca","160232.7","3463.7","27.0","160232.7 DPS","","Slimecraw Mask (Slimecraw)","Spattering Disjunction Jack (Spattering Disjunction)","Perfected Null Arca Arm Cops (Perfected Slivers of the Null Arca)","Spattering Disjunction Bracers (Spattering Disjunction)","","Spattering Disjunction Guards (Spattering Disjunction)","Spattering Disjunction Boots (Spattering Disjunction)","","Perfected Null Arca Ring (Perfected Slivers of the Null Arca)","Perfected Null Arca Ring (Perfected Slivers of the Null Arca)","Perfected Null Arca Dagger (Perfected Slivers of the Null Arca)","Perfected Null Arca Dagger (Perfected Slivers of the Null Arca)","The Maelstrom's Perfected Greatsword (Perfected Merciless Charge)"," ()","Cephaliarch's Flail","Camouflaged Hunter","Quick Cloak","Pragmatic Fatecarver","Banner Bearer","Flawless Dawnbreaker","Inspired Scholarship","Stampede","Trap Beast","Fulminating Rune","Banner Bearer","The Tide King's Gaze"
"Aetherian Archive","Lightning Storm Atronach","https://www.esologs.com/reports/h8YdMg3bJatm6LwX#fight=27&type=summary&source=4","@Danstoneyhaven","May-Tickle-Ur-Baps","herald-x-x-perfected-slivers-of-the-null-arca-spattering-disjunction","dps","Herald","x","x","Perfected Slivers of the Null Arca","Spattering Disjunction","107425.3","5742.4","33.0","107425.3 DPS","","Perfected Null Arca Helmet (Perfected Slivers of the Null Arca)","Perfected Null Arca Jack (Perfected Slivers of the Null Arca)","Nerien'eth Epaulets (Nerien'eth)","Perfected Null Arca Bracers (Perfected Slivers of the Null Arca)","","Perfected Null Arca Guards (Perfected Slivers of the Null Arca)","Spattering Disjunction Boots (Spattering Disjunction)","","Spattering Disjunction Ring (Spattering Disjunction)","Spattering Disjunction Ring (Spattering Disjunction)","Spattering Disjunction Dagger (Spattering Disjunction)","Spattering Disjunction Dagger (Spattering Disjunction)","The Maelstrom's Greatsword (Merciless Charge)"," ()","Cephaliarch's Flail","Quick Cloak","Barbed Trap","Pragmatic Fatecarver","Banner Bearer","Flawless Dawnbreaker","Stampede","Inspired Scholarship","Fulminating Rune","Camouflaged Hunter","Banner Bearer","The Languid Eye"
"Aetherian Archive","Lightning Storm Atronach","https://www.esologs.com/reports/h8YdMg3bJatm6LwX#fight=27&type=summary&source=6","@sZenario27","Celebrimbor von Eregion","herald-x-x-perfected-slivers-of-the-null-arca-spattering-disjunction","dps","Herald","x","x","Spattering Disjunction","Perfected Slivers of the Null Arca","122139.5","6502.7","25.9","122139.5 DPS","","Slimecraw Mask (Slimecraw)","Spattering Disjunction Jack (Spattering Disjunction)","Perfected Null Arca Arm Cops (Perfected Slivers of the Null Arca)","Spattering Disjunction Bracers (Spattering Disjunction)","","Spattering Disjunction Guards (Spattering Disjunction)","Spattering Disjunction Boots (Spattering Disjunction)","","Perfected Null Arca Ring (Perfected Slivers of the Null Arca)","Perfected Null Arca Ring (Perfected Slivers of the Null Arca)","Perfected Null Arca Dagger (Perfected Slivers of the Null Arca)","Perfected Null Arca Dagger (Perfected Slivers of the Null Arca)","The Maelstrom's Perfected Greatsword (Perfected Merciless Charge)"," ()","Quick Cloak","Cephaliarch's Flail","Pragmatic Fatecarver","Camouflaged Hunter","Banner Bearer","Flawless Dawnbreaker","Inspired Scholarship","Stampede","Fulminating Rune","Camouflaged Hunter","Banner Bearer","The Languid Eye"
"Aetherian Archive","Lightning Storm Atronach","https://www.esologs.com/reports/h8YdMg3bJatm6LwX#fight=27&type=summary&source=10","@Sarracen858","Sheshadow","herald-x-x-perfected-slivers-of-the-null-arca-spattering-disjunction","dps","Herald","x","x","Perfected Slivers of the Null Arca","Spattering Disjunction","123355.3","9108.5","33.7","123355.3 DPS","","Perfected Null Arca Helmet (Perfected Slivers of the Null Arca)","Spattering Disjunction Jack (Spattering Disjunction)","Slimecraw Epaulets (Slimecraw)","Spattering Disjunction Bracers (Spattering Disjunction)","","Spattering Disjunction Guards (Spattering Disjunction)","Spattering Disjunction Boots (Spattering Disjunction)","","Perfected Null Arca Ring (Perfected Slivers of the Null Arca)","Perfected Null Arca Ring (Perfected Slivers of the Null Arca)","Perfected Null Arca Dagger (Perfected Slivers of the Null Arca)","Perfected Null Arca Dagger (Perfected Slivers of the Null Arca)","The Maelstrom's Perfected Greatsword (Perfected Merciless Charge)"," ()","Quick Cloak","Pragmatic Fatecarver","Cephaliarch's Flail","Barbed Trap","Camouflaged Hunter","Flawless Dawnbreaker","Stampede","Fulminating Rune","Inspired Scholarship","Scalding Rune","Camouflaged Hunter","The Languid Eye"
"Aetherian Archive","Lightning Storm Atronach","https://www.esologs.com/reports/h8YdMg3bJatm6LwX#fight=27&type=summary&source=8","@annia08","Narya von Eregion","herald-x-x-perfected-slivers-of-the-null-arca-spattering-disjunction","dps","Herald","x","x","Spattering Disjunction","Perfected Slivers of the Null Arca","117902.6","3964.8","19.4","117902.6 DPS","","Slimecraw Mask (Slimecraw)","Spattering Disjunction Jack (Spattering Disjunction)","Perfected Null Arca Arm Cops (Perfected Slivers of the Null Arca)","Spattering Disjunction Bracers (Spattering Disjunction)","","Spattering Disjunction Guards (Spattering Disjunction)","Spattering Disjunction Boots (Spattering Disjunction)","","Perfected Null Arca Ring (Perfected Slivers of the Null Arca)","Perfected Null Arca Ring (Perfected Slivers of the Null Arca)","Perfected Null Arca Dagger (Perfected Slivers of the Null Arca)","Perfected Null Arca Dagger (Perfected Slivers of the Null Arca)","The Maelstrom's Perfected Greatsword (Perfected Merciless Charge)"," ()","Cephaliarch's Flail","Quick Cloak","Pragmatic Fatecarver","Camouflaged Hunter","Banner Bearer","Flawless Dawnbreaker","Fulminating Rune","Inspired Scholarship","Stampede","Resolving Vigor","Banner Bearer","The Languid Eye"
"Aetherian Archive","Lightning Storm Atronach","https://www.esologs.com/reports/h8YdMg3bJatm6LwX#fight=27&type=summary&source=1","@MadMod10","Zolus Graylock","herald-x-x-perfected-slivers-of-the-null-arca-spattering-disjunction","dps","Herald","x","x","Spattering Disjunction","Perfected Slivers of the Null Arca","91942.8","2064.6","30.4","91942.8 DPS","","Slimecraw Mask (Slimecraw)","Spattering Disjunction Jack (Spattering Disjunction)","Perfected Null Arca Arm Cops (Perfected Slivers of the Null Arca)","Spattering Disjunction Bracers (Spattering Disjunction)","","Spattering Disjunction Guards (Spattering Disjunction)","Spattering Disjunction Boots (Spattering Disjunction)","","Perfected Null Arca Ring (Perfected Slivers of the Null Arca)","Perfected Null Arca Ring (Perfected Slivers of the Null Arca)","Perfected Null Arca Dagger (Perfected Slivers of the Null Arca)","Perfected Null Arca Dagger (Perfected Slivers of the Null Arca)","The Maelstrom's Perfected Inferno Staff (Perfected Crushing Wall)"," ()","Quick Cloak","Shocking Banner (Cavalier's Charge / Savagery and Prophecy)","Cephaliarch's Flail","Pragmatic Fatecarver","Camouflaged Hunter","Flawless Dawnbreaker","Blockade of Fire","Anti-Cavalry Caltrops","Inspired Scholarship","Fulminating Rune","Shocking Banner (Cavalier's Charge / Savagery and Prophecy)","The Languid Eye"
"Aetherian Archive","Lightning Storm Atronach","https://www.esologs.com/reports/JN72XdmcgWHLY6QB#fight=22&type=summary&source=81","@TameTheGoldenOne","Skywrath Necromancer","grave-herald-x-corpseburster-perfected-slivers-of-the-null-arca","dps","Grave","Herald","x","Perfected Slivers of the Null Arca","Corpseburster","226249.4","15314.4","82.0","226249.4 DPS","The Thief","Huntsman's Warmask (Huntsman's Warmask)","Perfected Null Arca Jack (Perfected Slivers of the Null Arca)","Slimecraw Epaulets (Slimecraw)","Perfected Null Arca Bracers (Perfected Slivers of the Null Arca)","","Perfected Null Arca Guards (Perfected Slivers of the Null Arca)","Perfected Null Arca Boots (Perfected Slivers of the Null Arca)","","Corpseburster Ring (Corpseburster)","Corpseburster Ring (Corpseburster)","Corpseburster Dagger (Corpseburster)","Corpseburster Dagger (Corpseburster)","The Maelstrom's Greatsword (Merciless Charge)"," ()","Detonating Siphon","Unnerving Boneyard","Venom Skull","Blighted Blastbones","Shocking Banner (Class Flourish / Courage)","Pestilent Colossus","Stampede","Carve","Barbed Trap","Skeletal Archer","Shocking Banner (Class Flourish / Courage)","Shooting Star"
"Aetherian Archive","Lightning Storm Atronach","https://www.esologs.com/reports/JN72XdmcgWHLY6QB#fight=22&type=summary&source=11","@Zeeces","Snickers im Speckmantel","grave-herald-x-corpseburster-perfected-slivers-of-the-null-arca","dps","Grave","Herald","x","Perfected Slivers of the Null Arca","Corpseburster","202158.8","13569.5","80.0","202158.8 DPS","","Huntsman's Warmask (Huntsman's Warmask)","Perfected Null Arca Jack (Perfected Slivers of the Null Arca)","Slimecraw Arm Cops (Slimecraw)","Perfected Null Arca Bracers (Perfected Slivers of the Null Arca)","","Perfected Null Arca Guards (Perfected Slivers of the Null Arca)","Perfected Null Arca Boots (Perfected Slivers of the Null Arca)","","Corpseburster Ring (Corpseburster)","Corpseburster Ring (Corpseburster)","Corpseburster Dagger (Corpseburster)","Corpseburster Dagger (Corpseburster)","The Maelstrom's Greatsword (Merciless Charge)"," ()","Venom Skull","Blighted Blastbones","Detonating Siphon","Avid Boneyard","Quick Cloak","Flawless Dawnbreaker","Carve","Stampede","Skeletal Archer","Barbed Trap","Razor Caltrops","Shooting Star"
"Aetherian Archive","Lightning Storm Atronach","https://www.esologs.com/reports/JN72XdmcgWHLY6QB#fight=22&type=summary&source=4","@MrBevells","fleshy pustules","grave-herald-x-corpseburster-perfected-slivers-of-the-null-arca","dps","Grave","Herald","x","Perfected Slivers of the Null Arca","Corpseburster","175448.9","2425.5","77.5","175448.9 DPS","","Huntsman's Warmask (Huntsman's Warmask)","Perfected Null Arca Jack (Perfected Slivers of the Null Arca)","Slimecraw Arm Cops (Slimecraw)","Perfected Null Arca Bracers (Perfected Slivers of the Null Arca)","","Perfected Null Arca Guards (Perfected Slivers of the Null Arca)","Perfected Null Arca Boots (Perfected Slivers of the Null Arca)","","Corpseburster Ring (Corpseburster)","Corpseburster Ring (Corpseburster)","Corpseburster Dagger (Corpseburster)","Corpseburster Dagger (Corpseburster)","The Maelstrom's Perfected Greatsword (Perfected Merciless Charge)"," ()","Blighted Blastbones","Avid Boneyard","Detonating Siphon","Venom Skull","Banner Bearer","Glacial Colossus","Stampede","Carve","Skeletal Archer","Barbed Trap","Banner Bearer","Flawless Dawnbreaker"
"Aetherian Archive","Lightning Storm Atronach","https://www.esologs.com/reports/JN72XdmcgWHLY6QB#fight=22&type=summary&source=8","@alakeyfox","Taahei-Xan Taalil","grave-herald-x-corpseburster-perfected-slivers-of-the-null-arca","dps","Grave","Herald","x","Corpseburster","Perfected Slivers of the Null Arca","142480.8","6794.6","66.0","142480.8 DPS","","Huntsman's Warmask (Huntsman's Warmask)","Perfected Null Arca Jack (Perfected Slivers of the Null Arca)","Corpseburster Epaulets (Corpseburster)","Perfected Null Arca Bracers (Perfected Slivers of the Null Arca)","","Perfected Null Arca Guards (Perfected Slivers of the Null Arca)","Perfected Null Arca Boots (Perfected Slivers of the Null Arca)","","Corpseburster Ring (Corpseburster)","Corpseburster Ring (Corpseburster)","Corpseburster Mace (Corpseburster)","Corpseburster Dagger (Corpseburster)","The Maelstrom's Perfected Greatsword (Perfected Merciless Charge)"," ()","Venom Skull","Detonating Siphon","Blighted Blastbones","Unnerving Boneyard","Banner Bearer","Flawless Dawnbreaker","Carve","Stampede","Barbed Trap","Skeletal Archer","Banner Bearer","Shooting Star"
"Aetherian Archive","Lightning Storm Atronach","https://www.esologs.com/reports/JN72XdmcgWHLY6QB#fight=22&type=summary&source=12","@Krophos","Vyne of the Hallowed Rift","grave-herald-x-corpseburster-perfected-slivers-of-the-null-arca","dps","Grave","Herald","x","Perfected Slivers of the Null Arca","Corpseburster","185361.3","5882.9","95.3","185361.3 DPS","","Huntsman's Warmask (Huntsman's Warmask)","Perfected Null Arca Jack (Perfected Slivers of the Null Arca)","Iceheart Arm Cops (Iceheart)","Perfected Null Arca Bracers (Perfected Slivers of the Null Arca)","","Perfected Null Arca Guards (Perfected Slivers of the Null Arca)","Perfected Null Arca Boots (Perfected Slivers of the Null Arca)","","Corpseburster Ring (Corpseburster)","Corpseburster Ring (Corpseburster)","Corpseburster Dagger (Corpseburster)","Corpseburster Dagger (Corpseburster)","The Maelstrom's Perfected Greatsword (Perfected Merciless Charge)"," ()","Banner Bearer","Unnerving Boneyard","Detonating Siphon","Blighted Blastbones","Venom Skull","Flawless Dawnbreaker","Banner Bearer","Skeletal Archer","Stampede","Carve","Barbed Trap","Shooting Star"
"Aetherian Archive","Lightning Storm Atronach","https://www.esologs.com/reports/JN72XdmcgWHLY6QB#fight=22&type=summary&source=5","@TwiGreigns","twigwins","grave-herald-x-corpseburster-perfected-slivers-of-the-null-arca","dps","Grave","Herald","x","Perfected Slivers of the Null Arca","Corpseburster","97453.6","6845.8","79.8","97453.6 DPS","","Slimecraw Mask (Slimecraw)","Perfected Null Arca Jack (Perfected Slivers of the Null Arca)","Perfected Null Arca Arm Cops (Perfected Slivers of the Null Arca)","Corpseburster Bracers (Corpseburster)","","Perfected Null Arca Guards (Perfected Slivers of the Null Arca)","Perfected Null Arca Boots (Perfected Slivers of the Null Arca)","","Shattered Paths Signet (Shattered Paths Signet)","Corpseburster Ring (Corpseburster)","Corpseburster Dagger (Corpseburster)","Corpseburster Axe (Corpseburster)","The Maelstrom's Perfected Greatsword (Perfected Merciless Charge)"," ()","Banner Bearer","Avid Boneyard","Blighted Blastbones","Detonating Siphon","Venom Skull","Flawless Dawnbreaker","Banner Bearer","Barbed Trap","Stampede","Carve","Skeletal Archer","Flawless Dawnbreaker"
"Aetherian Archive","Lightning Storm Atronach","https://www.esologs.com/reports/wabQMJpj1BPyc4q9#fight=60&type=summary&source=6","@Croatt","Dr Impale","ass-shadow-siphon-perfected-slivers-of-the-null-arca-savage-werewolf","dps","Ass","Shadow","Siphon","Perfected Slivers of the Null Arca","Savage Werewolf","284769.5","10909.2","158.4","284769.5 DPS","The Thief","Perfected Null Arca Helmet (Perfected Slivers of the Null Arca)","Savage Werewolf's Jack (Savage Werewolf)","Zaan Epaulets (Zaan)","Savage Werewolf's Bracers (Savage Werewolf)","","Savage Werewolf's Guards (Savage Werewolf)","Savage Werewolf's Boots (Savage Werewolf)","","Perfected Null Arca Ring (Perfected Slivers of the Null Arca)","Shattered Paths Signet (Shattered Paths Signet)","Perfected Null Arca Dagger (Perfected Slivers of the Null Arca)","Perfected Null Arca Dagger (Perfected Slivers of the Null Arca)","The Maelstrom's Perfected Inferno Staff (Perfected Crushing Wall)"," ()","Surprise Attack","Camouflaged Hunter","Killer's Blade","Merciless Resolve","Debilitate","Werewolf Berserker","Dark Shade","Fiery Contingency (Lingering Torment / Intellect and Endurance)","Stampede","Barbed Trap","Shadowy Disguise","Incapacitating Strike"
"Aetherian Archive","Lightning Storm Atronach","https://www.esologs.com/reports/wabQMJpj1BPyc4q9#fight=60&type=summary&source=8","nil","Anonymous 8","ass-shadow-siphon-perfected-slivers-of-the-null-arca-savage-werewolf","dps","Ass","Shadow","Siphon","Perfected Slivers of the Null Arca","Savage Werewolf","115418.1","6513.3","48.7","115418.1 DPS","","Slimecraw Mask (Slimecraw)","Savage Werewolf's Jack (Savage Werewolf)","Perfected Null Arca Arm Cops (Perfected Slivers of the Null Arca)","Savage Werewolf's Bracers (Savage Werewolf)","","Savage Werewolf's Guards (Savage Werewolf)","Savage Werewolf's Boots (Savage Werewolf)","","Null Arca Ring (Slivers of the Null Arca)","Null Arca Ring (Slivers of the Null Arca)","Null Arca Dagger (Slivers of the Null Arca)","Null Arca Dagger (Slivers of the Null Arca)","Null Arca Greatsword (Slivers of the Null Arca)"," ()","Quick Cloak","Debilitate","Killer's Blade","Surprise Attack","Relentless Focus","Incapacitating Strike","Stampede","Trap Beast","Dark Shade","Power Extraction","Siphoning Attacks","Incapacitating Strike"
"Aetherian Archive","Lightning Storm Atronach","https://www.esologs.com/reports/wabQMJpj1BPyc4q9#fight=60&type=summary&source=2","@BL_Kralj","Cottontail the Devourer","ass-shadow-siphon-perfected-slivers-of-the-null-arca-savage-werewolf","dps","Ass","Shadow","Siphon","Perfected Slivers of the Null Arca","Savage Werewolf","143648.9","14011.7","96.1","143648.9 DPS","","Perfected Null Arca Helmet (Perfected Slivers of the Null Arca)","Perfected Null Arca Jack (Perfected Slivers of the Null Arca)","Slimecraw Epaulets (Slimecraw)","Perfected Null Arca Bracers (Perfected Slivers of the Null Arca)","","Perfected Null Arca Guards (Perfected Slivers of the Null Arca)","Perfected Null Arca Boots (Perfected Slivers of the Null Arca)","","Shattered Paths Signet (Shattered Paths Signet)","Savage Werewolf's Ring (Savage Werewolf)","Savage Werewolf's Dagger (Savage Werewolf)","Savage Werewolf's Dagger (Savage Werewolf)","The Maelstrom's Perfected Greatsword (Perfected Merciless Charge)"," ()","Relentless Focus","Debilitate","Killer's Blade","Surprise Attack","Power Extraction","Werewolf Berserker","Shadowy Disguise","Stampede","Carve","Siphoning Attacks","Healthy Offering","Soul Harvest"
"Aetherian Archive","Lightning Storm Atronach","https://www.esologs.com/reports/wabQMJpj1BPyc4q9#fight=60&type=summary&source=10","@jerinnightsong","Shadux","ass-shadow-siphon-perfected-slivers-of-the-null-arca-savage-werewolf","dps","Ass","Shadow","Siphon","Savage Werewolf","Perfected Slivers of the Null Arca","70983.4","6943.3","44.4","70983.4 DPS","","Slimecraw Guise (Slimecraw)","Savage Werewolf's Jack (Savage Werewolf)","Perfected Null Arca Arm Cops (Perfected Slivers of the Null Arca)","Savage Werewolf's Bracers (Savage Werewolf)","","Savage Werewolf's Guards (Savage Werewolf)","Savage Werewolf's Boots (Savage Werewolf)","","Perfected Null Arca Ring (Perfected Slivers of the Null Arca)","Shattered Paths Signet (Shattered Paths Signet)","Perfected Null Arca Dagger (Perfected Slivers of the Null Arca)","Perfected Null Arca Dagger (Perfected Slivers of the Null Arca)","The Maelstrom's Greatsword (Merciless Charge)"," ()","Debilitate","Quick Cloak","Surprise Attack","Assassin's Blade","Relentless Focus","Pack Leader","Stampede","Siphoning Attacks","Shadowy Disguise","Mirage","Dark Shade","Soul Harvest"
"Aetherian Archive","Lightning Storm Atronach","https://www.esologs.com/reports/wabQMJpj1BPyc4q9#fight=60&type=summary&source=7","@dehbike","Nevil Sandoval","ass-shadow-siphon-perfected-slivers-of-the-null-arca-savage-werewolf","dps","Ass","Shadow","Siphon","Savage Werewolf","Perfected Slivers of the Null Arca","103751.8","9307.3","56.9","103751.8 DPS","","Savage Werewolf's Helmet (Savage Werewolf)","Perfected Null Arca Jack (Perfected Slivers of the Null Arca)","Valkyn Skoria Epaulets (Valkyn Skoria)","Perfected Null Arca Bracers (Perfected Slivers of the Null Arca)","","Perfected Null Arca Guards (Perfected Slivers of the Null Arca)","Perfected Null Arca Boots (Perfected Slivers of the Null Arca)","","Shattered Paths Signet (Shattered Paths Signet)","Savage Werewolf's Ring (Savage Werewolf)","Savage Werewolf's Dagger (Savage Werewolf)","Savage Werewolf's Dagger (Savage Werewolf)","The Maelstrom's Perfected Greatsword (Perfected Merciless Charge)"," ()","Surprise Attack","Shadowy Disguise","Merciless Resolve","Killer's Blade","Debilitate","Werewolf Berserker","Siphoning Attacks","Resolving Vigor","Dark Shade","Barbed Trap","Stampede","Soul Harvest"
"Aetherian Archive","Lightning Storm Atronach","https://www.esologs.com/reports/JN72XdmcgWHLY6QB#fight=22&type=summary&source=12","@grimnoire","Yui Noire","animal-green-winter-perfected-pillagers-profit-serpents-disdain","healer","Animal","Green","Winter","Perfected Pillager's Profit","Serpent's Disdain","18722.6","92362.8","63.3","92362.8 HPS","The Atronach","Nazaray Guise (Nazaray)","Perfected Pillager's Robe (Perfected Pillager's Profit)","Nazaray Epaulets (Nazaray)","Perfected Pillager's Gloves (Perfected Pillager's Profit)","","Perfected Pillager's Breeches (Perfected Pillager's Profit)","Perfected Pillager's Shoes (Perfected Pillager's Profit)","","Ring of Serpent's Disdain (Serpent's Disdain)","Ring of Serpent's Disdain (Serpent's Disdain)","The Master's Perfected Restoration Staff (Perfected Grand Rejuvenation)"," ()","Ice Staff of Serpent's Disdain (Serpent's Disdain)"," ()","Echoing Vigor","Radiating Regeneration","Combat Prayer","Illustrious Healing","Budding Seeds","Dawnbreaker","Winter's Revenge","Blockade of Frost","Mystic Orb","Expansive Frost Cloak","Blue Betty","Reviving Barrier"
"Aetherian Archive","Lightning Storm Atronach","https://www.esologs.com/reports/JN72XdmcgWHLY6QB#fight=22&type=summary&source=1","@R.Nox","Silvae Nox","animal-green-winter-perfected-pillagers-profit-serpents-disdain","healer","Animal","Green","Winter","Serpent's Disdain","Perfected Pillager's Profit","6840.0","108364.7","39.7","108364.7 HPS","","Symphony of Blades Mask (Symphony of Blades)","Robe of Serpent's Disdain (Serpent's Disdain)","Symphony of Blades Epaulets (Symphony of Blades)","Gloves of Serpent's Disdain (Serpent's Disdain)","","Breeches of Serpent's Disdain (Serpent's Disdain)","Shoes of Serpent's Disdain (Serpent's Disdain)","","Perfected Pillager's Band (Perfected Pillager's Profit)","Perfected Pillager's Band (Perfected Pillager's Profit)","The Master's Perfected Restoration Staff (Perfected Grand Rejuvenation)"," ()","Perfected Pillager's Lightning Staff (Perfected Pillager's Profit)"," ()","Combat Prayer","Radiating Regeneration","Illustrious Healing","Expansive Frost Cloak","Mystic Orb","Feral Guardian","Elemental Susceptibility","Echoing Vigor","Budding Seeds","Deceptive Predator","Elemental Blockade","Reviving Barrier"
"Aetherian Archive","Lightning Storm Atronach","https://www.esologs.com/reports/JN72XdmcgWHLY6QB#fight=22&type=summary&source=7","@braiso_24","Lienwen","animal-green-winter-perfected-pillagers-profit-serpents-disdain","healer","Animal","Green","Winter","Serpent's Disdain","Perfected Pillager's Profit","16006.6","90918.8","73.6","90918.8 HPS","","Magma Incarnate Guise (Magma Incarnate)","Robe of Serpent's Disdain (Serpent's Disdain)","Spaulder of Ruin (Spaulder of Ruin)","Gloves of Serpent's Disdain (Serpent's Disdain)","","Breeches of Serpent's Disdain (Serpent's Disdain)","Shoes of Serpent's Disdain (Serpent's Disdain)","","Perfected Pillager's Band (Perfected Pillager's Profit)","Perfected Pillager's Band (Perfected Pillager's Profit)","The Master's Perfected Restoration Staff (Perfected Grand Rejuvenation)"," ()","Perfected Pillager's Lightning Staff (Perfected Pillager's Profit)"," ()","Budding Seeds","Radiating Regeneration","Illustrious Healing","Echoing Vigor","Combat Prayer","Wild Guardian","Expansive Frost Cloak","Mystic Orb","Overflowing Altar","Elemental Susceptibility","Elemental Blockade","Aggressive Horn"
"Aetherian Archive","Lightning Storm Atronach","https://www.esologs.com/reports/HPcnCgpT6RLDmBMA#fight=13&type=summary&source=1","@Luminara04","Kathelyna Kaethius","animal-green-winter-master-architect-serpents-disdain","healer","Animal","Green","Winter","Master Architect","Serpent's Disdain","17704.3","63376.0","63.8","63376.0 HPS","The Atronach","Ozezan the Inferno's Guise (Ozezan the Inferno)","Master Architect Robe (Master Architect)","Ozezan the Inferno's Arm Cops (Ozezan the Inferno)","Master Architect Gloves (Master Architect)","","Master Architect Breeches (Master Architect)","Master Architect Shoes (Master Architect)","","Ring of Serpent's Disdain (Serpent's Disdain)","Ring of Serpent's Disdain (Serpent's Disdain)","The Master's Perfected Restoration Staff (Perfected Grand Rejuvenation)"," ()","Lightning Staff of Serpent's Disdain (Serpent's Disdain)"," ()","Illustrious Healing","Radiating Regeneration","Budding Seeds","Energy Orb","Combat Prayer","Wild Guardian","Unstable Wall of Storms","Elemental Susceptibility","Arctic Blast","Winter's Revenge","Expansive Frost Cloak","Reviving Barrier"
"Aetherian Archive","Lightning Storm Atronach","https://www.esologs.com/reports/HPcnCgpT6RLDmBMA#fight=13&type=summary&source=5","@Jaydeism","Azenor Thornwyld","animal-green-winter-master-architect-serpents-disdain","healer","Animal","Green","Winter","Serpent's Disdain","Master Architect","5997.3","94265.2","50.5","94265.2 HPS","","Symphony of Blades Guise (Symphony of Blades)","Robe of Serpent's Disdain (Serpent's Disdain)","Symphony of Blades Epaulets (Symphony of Blades)","Gloves of Serpent's Disdain (Serpent's Disdain)","","Breeches of Serpent's Disdain (Serpent's Disdain)","Shoes of Serpent's Disdain (Serpent's Disdain)","","Master Architect Ring (Master Architect)","Master Architect Ring (Master Architect)","The Master's Perfected Restoration Staff (Perfected Grand Rejuvenation)"," ()","Master Architect Ice Staff (Master Architect)"," ()","Green Lotus","Combat Prayer","Budding Seeds","Echoing Vigor","Illustrious Healing","Eternal Guardian","Elemental Blockade","Elemental Susceptibility","Expansive Frost Cloak","Energy Orb","Overflowing Altar","Aggressive Horn"
"Aetherian Archive","Lightning Storm Atronach","https://www.esologs.com/reports/xc9w7AW2pMj1fJhB#fight=4&type=summary&source=2","@chaitanya91","'Nin","earthen-x-x-perfected-claw-of-yolnahkriin-perfected-lucent-echoes","tank","Earthen","x","x","Perfected Lucent Echoes","Perfected Claw of Yolnahkriin","6194.4","13634.4","49.1","49.1 CPM","The Atronach","Tremorscale Visage (Tremorscale)","Lucent Echoes Perfected Cuirass (Perfected Lucent Echoes)","Tremorscale Pauldrons (Tremorscale)","Lucent Echoes Perfected Gauntlets (Perfected Lucent Echoes)","","Lucent Echoes Perfected Greaves (Perfected Lucent Echoes)","Lucent Echoes Perfected Sabatons (Perfected Lucent Echoes)","","Yolnahkriin's Perfected Ring (Perfected Claw of Yolnahkriin)","Yolnahkriin's Perfected Ring (Perfected Claw of Yolnahkriin)","The Master's Perfected Mace (Perfected Puncturing Remedy)","The Master's Perfected Shield (Perfected Puncturing Remedy)","Yolnahkriin's Perfected Ice Staff (Perfected Claw of Yolnahkriin)"," ()","Pierce Armor","Defensive Stance","Heart of Flame","Blood of the Green Dragon","Igneous Weapons","Magma Shell","Inner Rage","Blockade of Frost","Hearth and Home","Earthshield Mantle","Race Against Time","Aggressive Horn"
"Aetherian Archive","Foundation Stone Atronach","https://www.esologs.com/reports/wabQMJpj1BPyc4q9#fight=52&type=summary&source=7","@KarinFlory","Jacek Kaczmarskï","ass-shadow-siphon-aegis-caller-perfected-slivers-of-the-null-arca","dps","Ass","Shadow","Siphon","Perfected Slivers of the Null Arca","Aegis Caller","321602.8","4664.0","86.1","321602.8 DPS","The Thief","Huntsman's Warmask (Huntsman's Warmask)","Perfected Null Arca Jack (Perfected Slivers of the Null Arca)","Slimecraw Epaulets (Slimecraw)","Aegis Caller's Bracers (Aegis Caller)","","Aegis Caller's Guards (Aegis Caller)","Aegis Caller's Boots (Aegis Caller)","","Perfected Null Arca Ring (Perfected Slivers of the Null Arca)","Perfected Null Arca Ring (Perfected Slivers of the Null Arca)","Aegis Caller's Dagger (Aegis Caller)","Aegis Caller's Dagger (Aegis Caller)","The Maelstrom's Perfected Greatsword (Perfected Merciless Charge)"," ()","Killer's Blade","Relentless Focus","Shadowy Disguise","Surprise Attack","Debilitate","Incapacitating Strike","Scalding Rune","Carve","Stampede","Dark Shade","Fiery Contingency (Lingering Torment / Intellect and Endurance)","Shooting Star"
"Aetherian Archive","Foundation Stone Atronach","https://www.esologs.com/reports/wabQMJpj1BPyc4q9#fight=52&type=summary&source=7","@R.af","Raf Il","ass-shadow-siphon-aegis-caller-perfected-slivers-of-the-null-arca","dps","Ass","Shadow","Siphon","Perfected Slivers of the Null Arca","Aegis Caller","280248.9","24558.5","56.4","280248.9 DPS","","Huntsman's Warmask (Huntsman's Warmask)","Perfected Null Arca Jack (Perfected Slivers of the Null Arca)","Slimecraw Arm Cops (Slimecraw)","Perfected Null Arca Bracers (Perfected Slivers of the Null Arca)","","Perfected Null Arca Guards (Perfected Slivers of the Null Arca)","Perfected Null Arca Boots (Perfected Slivers of the Null Arca)","","Aegis Caller's Ring (Aegis Caller)","Aegis Caller's Ring (Aegis Caller)","Aegis Caller's Dagger (Aegis Caller)","Aegis Caller's Dagger (Aegis Caller)","The Maelstrom's Perfected Greatsword (Perfected Merciless Charge)"," ()","Surprise Attack","Shadowy Disguise","Debilitate","Killer's Blade","Relentless Focus","Incapacitating Strike","Stampede","Carve","Dark Shade","Barbed Trap","Simmering Frenzy","Shooting Star"
"Aetherian Archive","Foundation Stone Atronach","https://www.esologs.com/reports/wabQMJpj1BPyc4q9#fight=52&type=summary&source=6","@Diocliate","Möllỳ","ass-shadow-siphon-aegis-caller-perfected-slivers-of-the-null-arca","dps","Ass","Shadow","Siphon","Perfected Slivers of the Null Arca","Aegis Caller","313817.4","19032.6","86.8","313817.4 DPS","","Huntsman's Warmask (Huntsman's Warmask)","Perfected Null Arca Jack (Perfected Slivers of the Null Arca)","Slimecraw Epaulets (Slimecraw)","Perfected Null Arca Bracers (Perfected Slivers of the Null Arca)","","Perfected Null Arca Guards (Perfected Slivers of the Null Arca)","Perfected Null Arca Boots (Perfected Slivers of the Null Arca)","","Aegis Caller's Ring (Aegis Caller)","Aegis Caller's Ring (Aegis Caller)","Aegis Caller's Dagger (Aegis Caller)","Aegis Caller's Dagger (Aegis Caller)","The Maelstrom's Perfected Greatsword (Perfected Merciless Charge)"," ()","Shadowy Disguise","Relentless Focus","Surprise Attack","Debilitate","Killer's Blade","Incapacitating Strike","Stampede","Leeching Strikes","Dark Shade","Simmering Frenzy","Barbed Trap","Shooting Star"
"Aetherian Archive","Foundation Stone Atronach","https://www.esologs.com/reports/wabQMJpj1BPyc4q9#fight=52&type=summary&source=6","@Prxvokedlegend","Sneakiest Dps","ass-shadow-siphon-aegis-caller-perfected-slivers-of-the-null-arca","dps","Ass","Shadow","Siphon","Perfected Slivers of the Null Arca","Aegis Caller","280348.3","6393.0","91.0","280348.3 DPS","","Huntsman's Warmask (Huntsman's Warmask)","Perfected Null Arca Jack (Perfected Slivers of the Null Arca)","Slimecraw Epaulets (Slimecraw)","Perfected Null Arca Bracers (Perfected Slivers of the Null Arca)","","Perfected Null Arca Guards (Perfected Slivers of the Null Arca)","Perfected Null Arca Boots (Perfected Slivers of the Null Arca)","","Aegis Caller's Ring (Aegis Caller)","Aegis Caller's Ring (Aegis Caller)","Aegis Caller's Dagger (Aegis Caller)","Aegis Caller's Dagger (Aegis Caller)","The Maelstrom's Greatsword (Merciless Charge)"," ()","Shadowy Disguise","Debilitate","Relentless Focus","Surprise Attack","Killer's Blade","Incapacitating Strike","Leeching Strikes","Stampede","Fiery Contingency (Lingering Torment / Brutality and Sorcery)","Barbed Trap","Dark Shade","Veil of Blades"
"Aetherian Archive","Foundation Stone Atronach","https://www.esologs.com/reports/wabQMJpj1BPyc4q9#fight=52&type=summary&source=5","@Legende37","Legiora","ass-shadow-siphon-aegis-caller-perfected-slivers-of-the-null-arca","dps","Ass","Shadow","Siphon","Perfected Slivers of the Null Arca","Aegis Caller","197761.5","7255.6","77.3","197761.5 DPS","","Huntsman's Warmask (Huntsman's Warmask)","Perfected Null Arca Jack (Perfected Slivers of the Null Arca)","Slimecraw Arm Cops (Slimecraw)","Perfected Null Arca Bracers (Perfected Slivers of the Null Arca)","","Perfected Null Arca Guards (Perfected Slivers of the Null Arca)","Perfected Null Arca Boots (Perfected Slivers of the Null Arca)","","Aegis Caller's Ring (Aegis Caller)","Aegis Caller's Ring (Aegis Caller)","Aegis Caller's Dagger (Aegis Caller)","Aegis Caller's Dagger (Aegis Caller)","The Maelstrom's Perfected Greatsword (Perfected Merciless Charge)"," ()","Shadowy Disguise","Killer's Blade","Surprise Attack","Relentless Focus","Quick Cloak","Flawless Dawnbreaker","Debilitate","Barbed Trap","Dark Shade","Stampede","Carve","Incapacitating Strike"
"Aetherian Archive","Foundation Stone Atronach","https://www.esologs.com/reports/wabQMJpj1BPyc4q9#fight=52&type=summary&source=5","@Drako-Ei","J'zack","ass-shadow-siphon-aegis-caller-perfected-slivers-of-the-null-arca","dps","Ass","Shadow","Siphon","Perfected Slivers of the Null Arca","Aegis Caller","229564.9","12139.8","79.8","229564.9 DPS","","Zaan Mask (Zaan)","Perfected Null Arca Jack (Perfected Slivers of the Null Arca)","Mora's Whispers (Mora's Whispers)","Perfected Null Arca Bracers (Perfected Slivers of the Null Arca)","","Perfected Null Arca Guards (Perfected Slivers of the Null Arca)","Perfected Null Arca Boots (Perfected Slivers of the Null Arca)","","Aegis Caller's Ring (Aegis Caller)","Aegis Caller's Ring (Aegis Caller)","Aegis Caller's Dagger (Aegis Caller)","Aegis Caller's Dagger (Aegis Caller)","The Maelstrom's Perfected Greatsword (Perfected Merciless Charge)"," ()","Barbed Trap","Killer's Blade","Deadly Cloak","Relentless Focus","Surprise Attack","Incapacitating Strike","Carve","Stampede","Shadowy Disguise","Debilitate","Dark Shade","Incapacitating Strike"
"Aetherian Archive","Foundation Stone Atronach","https://www.esologs.com/reports/wabQMJpj1BPyc4q9#fight=52&type=summary&source=12","@korgaard","Seraya of Verrant Morass","ass-shadow-siphon-aegis-caller-perfected-slivers-of-the-null-arca","dps","Ass","Shadow","Siphon","Perfected Slivers of the Null Arca","Aegis Caller","198963.9","8564.1","87.8","198963.9 DPS","","Huntsman's Warmask (Huntsman's Warmask)","Perfected Null Arca Jack (Perfected Slivers of the Null Arca)","Zaan Epaulets (Zaan)","Perfected Null Arca Bracers (Perfected Slivers of the Null Arca)","","Aegis Caller's Guards (Aegis Caller)","Aegis Caller's Boots (Aegis Caller)","","Aegis Caller's Ring (Aegis Caller)","Aegis Caller's Ring (Aegis Caller)","Perfected Null Arca Dagger (Perfected Slivers of the Null Arca)","Perfected Null Arca Dagger (Perfected Slivers of the Null Arca)","The Maelstrom's Greatsword (Merciless Charge)"," ()","Surprise Attack","Killer's Blade","Shadowy Disguise","Merciless Resolve","Debilitate","Incapacitating Strike","Stampede","Barbed Trap","Simmering Frenzy","Dark Shade","Siphoning Attacks","Veil of Blades"
"Aetherian Archive","Foundation Stone Atronach","https://www.esologs.com/reports/wabQMJpj1BPyc4q9#fight=52&type=summary&source=9","@Gabspufik","Salem Shado","ass-shadow-siphon-aegis-caller-perfected-slivers-of-the-null-arca","tank","Ass","Shadow","Siphon","Perfected Slivers of the Null Arca","Aegis Caller","149581.7","1391.2","62.1","62.1 CPM","","Huntsman's Warmask (Huntsman's Warmask)","Perfected Null Arca Jack (Perfected Slivers of the Null Arca)","Slimecraw Arm Cops (Slimecraw)","Perfected Null Arca Bracers (Perfected Slivers of the Null Arca)","","Aegis Caller's Guards (Aegis Caller)","Perfected Null Arca Boots (Perfected Slivers of the Null Arca)","","Aegis Caller's Ring (Aegis Caller)","Aegis Caller's Ring (Aegis Caller)","Aegis Caller's Dagger (Aegis Caller)","Aegis Caller's Dagger (Aegis Caller)","The Maelstrom's Greatsword (Merciless Charge)"," ()","Killer's Blade","Debilitate","Surprise Attack","Shadowy Disguise","Merciless Resolve","Incapacitating Strike","Stampede","Barbed Trap","Carve","Ulfsild's Contingency","Dark Shade","Incapacitating Strike"
"Aetherian Archive","Foundation Stone Atronach","https://www.esologs.com/reports/wabQMJpj1BPyc4q9#fight=52&type=summary&source=5","@Gopher07","Dödrumpa","bone-grave-x-corpseburster-perfected-slivers-of-the-null-arca","dps","Grave","Bone","x","Perfected Slivers of the Null Arca","Corpseburster","444770.4","4430.4","183.9","444770.4 DPS","The Thief","Huntsman's Warmask (Huntsman's Warmask)","Perfected Null Arca Jack (Perfected Slivers of the Null Arca)","Ansuul's Perfected Arm Cops (Perfected Ansuul's Torment)","Corpseburster Bracers (Corpseburster)","","Perfected Null Arca Guards (Perfected Slivers of the Null Arca)","Perfected Null Arca Boots (Perfected Slivers of the Null Arca)","","Corpseburster Ring (Corpseburster)","Corpseburster Ring (Corpseburster)","Corpseburster Dagger (Corpseburster)","Corpseburster Dagger (Corpseburster)","The Maelstrom's Perfected Greatsword (Perfected Merciless Charge)"," ()","Unnerving Boneyard","Blighted Blastbones","Detonating Siphon","Venom Skull","Sundering Banner (Class Flourish / Courage)","Flawless Dawnbreaker","Skeletal Archer","Stampede","Barbed Trap","Simmering Frenzy","Sundering Banner (Class Flourish / Courage)","Pummeling Goliath"
"Aetherian Archive","Foundation Stone Atronach","https://www.esologs.com/reports/wabQMJpj1BPyc4q9#fight=52&type=summary&source=8","@Feiito","Necroquette","bone-grave-x-corpseburster-perfected-slivers-of-the-null-arca","tank","Grave","Bone","x","Corpseburster","Perfected Slivers of the Null Arca","354706.6","6788.2","152.6","152.6 CPM","","Huntsman's Warmask (Huntsman's Warmask)","Perfected Null Arca Jack (Perfected Slivers of the Null Arca)","Corpseburster Arm Cops (Corpseburster)","Perfected Null Arca Bracers (Perfected Slivers of the Null Arca)","","Perfected Null Arca Guards (Perfected Slivers of the Null Arca)","Perfected Null Arca Boots (Perfected Slivers of the Null Arca)","","Corpseburster Ring (Corpseburster)","Corpseburster Ring (Corpseburster)","Corpseburster Dagger (Corpseburster)","Corpseburster Dagger (Corpseburster)","The Maelstrom's Perfected Greatsword (Perfected Merciless Charge)"," ()","Venom Skull","Sundering Banner (Class Flourish / Courage)","Avid Boneyard","Blighted Blastbones","Detonating Siphon","Flawless Dawnbreaker","Stampede","Sundering Banner (Class Flourish / Courage)","Bloody Contingency (Lingering Torment / Force)","Skeletal Archer","Simmering Frenzy","Pummeling Goliath"
"Aetherian Archive","Foundation Stone Atronach","https://www.esologs.com/reports/wabQMJpj1BPyc4q9#fight=52&type=summary&source=3","@Melina_nyu","Crolina'nyu","bone-grave-x-corpseburster-perfected-slivers-of-the-null-arca","tank","Grave","Bone","x","Perfected Slivers of the Null Arca","Corpseburster","346089.9","8753.6","164.8","164.8 CPM","","Huntsman's Warmask (Huntsman's Warmask)","Perfected Null Arca Jack (Perfected Slivers of the Null Arca)","Slimecraw Arm Cops (Slimecraw)","Perfected Null Arca Bracers (Perfected Slivers of the Null Arca)","","Perfected Null Arca Guards (Perfected Slivers of the Null Arca)","Perfected Null Arca Boots (Perfected Slivers of the Null Arca)","","Corpseburster Ring (Corpseburster)","Corpseburster Ring (Corpseburster)","Corpseburster Dagger (Corpseburster)","Corpseburster Dagger (Corpseburster)","The Maelstrom's Perfected Greatsword (Perfected Merciless Charge)"," ()","Venom Skull","Blighted Blastbones","Avid Boneyard","Banner Bearer","Detonating Siphon","Flawless Dawnbreaker","Barbed Trap","Scalding Rune","Banner Bearer","Skeletal Archer","Stampede","Pummeling Goliath"
"Aetherian Archive","Foundation Stone Atronach","https://www.esologs.com/reports/wabQMJpj1BPyc4q9#fight=52&type=summary&source=7","@xindong","Sweetheart-s","bone-grave-x-corpseburster-perfected-slivers-of-the-null-arca","dps","Grave","Bone","x","Perfected Slivers of the Null Arca","Corpseburster","297426.9","7633.3","142.6","297426.9 DPS","","Slimecraw Mask (Slimecraw)","Perfected Null Arca Jack (Perfected Slivers of the Null Arca)","Mora's Whispers (Mora's Whispers)","Perfected Null Arca Bracers (Perfected Slivers of the Null Arca)","","Corpseburster Guards (Corpseburster)","Corpseburster Boots (Corpseburster)","","Perfected Null Arca Ring (Perfected Slivers of the Null Arca)","Perfected Null Arca Ring (Perfected Slivers of the Null Arca)","Corpseburster Dagger (Corpseburster)","Corpseburster Dagger (Corpseburster)","The Maelstrom's Perfected Greatsword (Perfected Merciless Charge)"," ()","Unnerving Boneyard","Detonating Siphon","Blighted Blastbones","Venom Skull","Shocking Banner (Class Flourish / Courage)","Flawless Dawnbreaker","Skeletal Archer","Stampede","Barbed Trap","big siege","Shocking Banner (Class Flourish / Courage)","Pummeling Goliath"
"Aetherian Archive","Foundation Stone Atronach","https://www.esologs.com/reports/wabQMJpj1BPyc4q9#fight=52&type=summary&source=4","@Al_duin","Hysiléns","bone-grave-x-corpseburster-perfected-slivers-of-the-null-arca","dps","Grave","Bone","x","Perfected Slivers of the Null Arca","Corpseburster","308814.1","12838.7","157.3","308814.1 DPS","","Huntsman's Warmask (Huntsman's Warmask)","Perfected Null Arca Jack (Perfected Slivers of the Null Arca)","Ansuul's Perfected Arm Cops (Perfected Ansuul's Torment)","Perfected Null Arca Bracers (Perfected Slivers of the Null Arca)","","Perfected Null Arca Guards (Perfected Slivers of the Null Arca)","Perfected Null Arca Boots (Perfected Slivers of the Null Arca)","","Corpseburster Ring (Corpseburster)","Corpseburster Ring (Corpseburster)","Corpseburster Dagger (Corpseburster)","Corpseburster Dagger (Corpseburster)","The Maelstrom's Perfected Greatsword (Perfected Merciless Charge)"," ()","Unnerving Boneyard","Detonating Siphon","Blighted Blastbones","Venom Skull","Quick Cloak","Flawless Dawnbreaker","Scalding Rune","Simmering Frenzy","Skeletal Archer","Barbed Trap","Stampede","Pummeling Goliath"
"Aetherian Archive","Foundation Stone Atronach","https://www.esologs.com/reports/wabQMJpj1BPyc4q9#fight=52&type=summary&source=3","@jkmcnk","Carcassonia","bone-grave-x-corpseburster-perfected-slivers-of-the-null-arca","dps","Grave","Bone","x","Perfected Slivers of the Null Arca","Corpseburster","76411.3","16382.2","64.0","76411.3 DPS","","Huntsman's Warmask (Huntsman's Warmask)","Perfected Null Arca Jack (Perfected Slivers of the Null Arca)","Iceheart Arm Cops (Iceheart)","Perfected Null Arca Bracers (Perfected Slivers of the Null Arca)","","Perfected Null Arca Guards (Perfected Slivers of the Null Arca)","Perfected Null Arca Boots (Perfected Slivers of the Null Arca)","","Corpseburster Ring (Corpseburster)","Corpseburster Ring (Corpseburster)","Corpseburster Dagger (Corpseburster)","Corpseburster Dagger (Corpseburster)","The Maelstrom's Perfected Greatsword (Perfected Merciless Charge)"," ()","Detonating Siphon","Blighted Blastbones","Venom Skull","Avid Boneyard","Camouflaged Hunter","Flawless Dawnbreaker","Stampede","Sundering Burst","Barbed Trap","Skeletal Archer","Camouflaged Hunter","Pummeling Goliath"
"Aetherian Archive","Foundation Stone Atronach","https://www.esologs.com/reports/h8YdMg3bJatm6LwX#fight=6&type=summary&source=10","@Reshi47","Onetrickreshie","herald-x-x-perfected-slivers-of-the-null-arca-spattering-disjunction","dps","Herald","x","x","Perfected Slivers of the Null Arca","Spattering Disjunction","181727.0","3659.7","24.0","181727.0 DPS","The Thief","Huntsman's Warmask (Huntsman's Warmask)","Perfected Null Arca Jack (Perfected Slivers of the Null Arca)","Slimecraw Arm Cops (Slimecraw)","Perfected Null Arca Bracers (Perfected Slivers of the Null Arca)","","Spattering Disjunction Guards (Spattering Disjunction)","Spattering Disjunction Boots (Spattering Disjunction)","","Spattering Disjunction Ring (Spattering Disjunction)","Spattering Disjunction Ring (Spattering Disjunction)","Perfected Null Arca Dagger (Perfected Slivers of the Null Arca)","Perfected Null Arca Dagger (Perfected Slivers of the Null Arca)","The Maelstrom's Perfected Greatsword (Perfected Merciless Charge)"," ()","Pragmatic Fatecarver","Quick Cloak","Barbed Trap","Cephaliarch's Flail","Camouflaged Hunter","Flawless Dawnbreaker","Stampede","Fulminating Rune","Ulfsild's Contingency","Inspired Scholarship","Camouflaged Hunter","The Languid Eye"
"Aetherian Archive","Foundation Stone Atronach","https://www.esologs.com/reports/h8YdMg3bJatm6LwX#fight=6&type=summary&source=8","@ikillmeee","leave it to skiver","herald-x-x-perfected-slivers-of-the-null-arca-spattering-disjunction","dps","Herald","x","x","Spattering Disjunction","Perfected Slivers of the Null Arca","129846.8","3853.7","30.7","129846.8 DPS","","Slimecraw Mask (Slimecraw)","Spattering Disjunction Jack (Spattering Disjunction)","Perfected Null Arca Arm Cops (Perfected Slivers of the Null Arca)","Spattering Disjunction Bracers (Spattering Disjunction)","","Spattering Disjunction Guards (Spattering Disjunction)","Spattering Disjunction Boots (Spattering Disjunction)","","Perfected Null Arca Ring (Perfected Slivers of the Null Arca)","Perfected Null Arca Ring (Perfected Slivers of the Null Arca)","Perfected Null Arca Dagger (Perfected Slivers of the Null Arca)","Perfected Null Arca Dagger (Perfected Slivers of the Null Arca)","The Maelstrom's Perfected Greatsword (Perfected Merciless Charge)"," ()","Cephaliarch's Flail","Camouflaged Hunter","Quick Cloak","Pragmatic Fatecarver","Banner Bearer","Flawless Dawnbreaker","Inspired Scholarship","Stampede","Trap Beast","Fulminating Rune","Banner Bearer","The Tide King's Gaze"
"Aetherian Archive","Foundation Stone Atronach","https://www.esologs.com/reports/h8YdMg3bJatm6LwX#fight=6&type=summary&source=4","@Danstoneyhaven","May-Tickle-Ur-Baps","herald-x-x-perfected-slivers-of-the-null-arca-spattering-disjunction","dps","Herald","x","x","Perfected Slivers of the Null Arca","Spattering Disjunction","133084.6","6038.8","48.8","133084.6 DPS","","Perfected Null Arca Helmet (Perfected Slivers of the Null Arca)","Perfected Null Arca Jack (Perfected Slivers of the Null Arca)","Nerien'eth Epaulets (Nerien'eth)","Perfected Null Arca Bracers (Perfected Slivers of the Null Arca)","","Perfected Null Arca Guards (Perfected Slivers of the Null Arca)","Spattering Disjunction Boots (Spattering Disjunction)","","Spattering Disjunction Ring (Spattering Disjunction)","Spattering Disjunction Ring (Spattering Disjunction)","Spattering Disjunction Dagger (Spattering Disjunction)","Spattering Disjunction Dagger (Spattering Disjunction)","The Maelstrom's Greatsword (Merciless Charge)"," ()","Cephaliarch's Flail","Quick Cloak","Barbed Trap","Pragmatic Fatecarver","Banner Bearer","Flawless Dawnbreaker","Stampede","Inspired Scholarship","Fulminating Rune","Camouflaged Hunter","Banner Bearer","The Languid Eye"
"Aetherian Archive","Foundation Stone Atronach","https://www.esologs.com/reports/h8YdMg3bJatm6LwX#fight=6&type=summary&source=6","@sZenario27","Celebrimbor von Eregion","herald-x-x-perfected-slivers-of-the-null-arca-spattering-disjunction","dps","Herald","x","x","Spattering Disjunction","Perfected Slivers of the Null Arca","131784.9","6926.2","25.5","131784.9 DPS","","Slimecraw Mask (Slimecraw)","Spattering Disjunction Jack (Spattering Disjunction)","Perfected Null Arca Arm Cops (Perfected Slivers of the Null Arca)","Spattering Disjunction Bracers (Spattering Disjunction)","","Spattering Disjunction Guards (Spattering Disjunction)","Spattering Disjunction Boots (Spattering Disjunction)","","Perfected Null Arca Ring (Perfected Slivers of the Null Arca)","Perfected Null Arca Ring (Perfected Slivers of the Null Arca)","Perfected Null Arca Dagger (Perfected Slivers of the Null Arca)","Perfected Null Arca Dagger (Perfected Slivers of the Null Arca)","The Maelstrom's Perfected Greatsword (Perfected Merciless Charge)"," ()","Quick Cloak","Cephaliarch's Flail","Pragmatic Fatecarver","Camouflaged Hunter","Banner Bearer","Flawless Dawnbreaker","Inspired Scholarship","Stampede","Fulminating Rune","Camouflaged Hunter","Banner Bearer","The Languid Eye"
"Aetherian Archive","Foundation Stone Atronach","https://www.esologs.com/reports/h8YdMg3bJatm6LwX#fight=6&type=summary&source=10","@Sarracen858","Sheshadow","herald-x-x-perfected-slivers-of-the-null-arca-spattering-disjunction","dps","Herald","x","x","Perfected Slivers of the Null Arca","Spattering Disjunction","125868.7","6621.0","28.7","125868.7 DPS","","Perfected Null Arca Helmet (Perfected Slivers of the Null Arca)","Spattering Disjunction Jack (Spattering Disjunction)","Slimecraw Epaulets (Slimecraw)","Spattering Disjunction Bracers (Spattering Disjunction)","","Spattering Disjunction Guards (Spattering Disjunction)","Spattering Disjunction Boots (Spattering Disjunction)","","Perfected Null Arca Ring (Perfected Slivers of the Null Arca)","Perfected Null Arca Ring (Perfected Slivers of the Null Arca)","Perfected Null Arca Dagger (Perfected Slivers of the Null Arca)","Perfected Null Arca Dagger (Perfected Slivers of the Null Arca)","The Maelstrom's Perfected Greatsword (Perfected Merciless Charge)"," ()","Quick Cloak","Pragmatic Fatecarver","Cephaliarch's Flail","Barbed Trap","Camouflaged Hunter","Flawless Dawnbreaker","Stampede","Fulminating Rune","Inspired Scholarship","Scalding Rune","Camouflaged Hunter","The Languid Eye"
"Aetherian Archive","Foundation Stone Atronach","https://www.esologs.com/reports/h8YdMg3bJatm6LwX#fight=6&type=summary&source=8","@annia08","Narya von Eregion","herald-x-x-perfected-slivers-of-the-null-arca-spattering-disjunction","dps","Herald","x","x","Spattering Disjunction","Perfected Slivers of the Null Arca","115277.3","4107.3","28.7","115277.3 DPS","","Slimecraw Mask (Slimecraw)","Spattering Disjunction Jack (Spattering Disjunction)","Perfected Null Arca Arm Cops (Perfected Slivers of the Null Arca)","Spattering Disjunction Bracers (Spattering Disjunction)","","Spattering Disjunction Guards (Spattering Disjunction)","Spattering Disjunction Boots (Spattering Disjunction)","","Perfected Null Arca Ring (Perfected Slivers of the Null Arca)","Perfected Null Arca Ring (Perfected Slivers of the Null Arca)","Perfected Null Arca Dagger (Perfected Slivers of the Null Arca)","Perfected Null Arca Dagger (Perfected Slivers of the Null Arca)","The Maelstrom's Perfected Greatsword (Perfected Merciless Charge)"," ()","Cephaliarch's Flail","Quick Cloak","Pragmatic Fatecarver","Camouflaged Hunter","Banner Bearer","Flawless Dawnbreaker","Fulminating Rune","Inspired Scholarship","Stampede","Resolving Vigor","Banner Bearer","The Languid Eye"
"Aetherian Archive","Foundation Stone Atronach","https://www.esologs.com/reports/JN72XdmcgWHLY6QB#fight=15&type=summary&source=81","@TameTheGoldenOne","Skywrath Necromancer","grave-herald-x-corpseburster-perfected-slivers-of-the-null-arca","dps","Grave","Herald","x","Perfected Slivers of the Null Arca","Corpseburster","245494.6","3009.1","85.0","245494.6 DPS","The Thief","Huntsman's Warmask (Huntsman's Warmask)","Perfected Null Arca Jack (Perfected Slivers of the Null Arca)","Slimecraw Epaulets (Slimecraw)","Perfected Null Arca Bracers (Perfected Slivers of the Null Arca)","","Perfected Null Arca Guards (Perfected Slivers of the Null Arca)","Perfected Null Arca Boots (Perfected Slivers of the Null Arca)","","Corpseburster Ring (Corpseburster)","Corpseburster Ring (Corpseburster)","Corpseburster Dagger (Corpseburster)","Corpseburster Dagger (Corpseburster)","The Maelstrom's Greatsword (Merciless Charge)"," ()","Detonating Siphon","Avid Boneyard","Venom Skull","Blighted Blastbones","Shocking Banner (Class Flourish / Courage)","Pestilent Colossus","Stampede","Carve","Barbed Trap","Skeletal Archer","Shocking Banner (Class Flourish / Courage)","Shooting Star"
"Aetherian Archive","Foundation Stone Atronach","https://www.esologs.com/reports/JN72XdmcgWHLY6QB#fight=15&type=summary&source=11","@Zeeces","Snickers im Speckmantel","grave-herald-x-corpseburster-perfected-slivers-of-the-null-arca","dps","Grave","Herald","x","Perfected Slivers of the Null Arca","Corpseburster","157590.0","11614.3","69.3","157590.0 DPS","","Huntsman's Warmask (Huntsman's Warmask)","Perfected Null Arca Jack (Perfected Slivers of the Null Arca)","Slimecraw Arm Cops (Slimecraw)","Perfected Null Arca Bracers (Perfected Slivers of the Null Arca)","","Perfected Null Arca Guards (Perfected Slivers of the Null Arca)","Perfected Null Arca Boots (Perfected Slivers of the Null Arca)","","Corpseburster Ring (Corpseburster)","Corpseburster Ring (Corpseburster)","Corpseburster Dagger (Corpseburster)","Corpseburster Dagger (Corpseburster)","The Maelstrom's Greatsword (Merciless Charge)"," ()","Venom Skull","Blighted Blastbones","Detonating Siphon","Avid Boneyard","Quick Cloak","Flawless Dawnbreaker","Carve","Stampede","Skeletal Archer","Barbed Trap","Razor Caltrops","Shooting Star"
"Aetherian Archive","Foundation Stone Atronach","https://www.esologs.com/reports/JN72XdmcgWHLY6QB#fight=15&type=summary&source=4","@MrBevells","fleshy pustules","grave-herald-x-corpseburster-perfected-slivers-of-the-null-arca","dps","Grave","Herald","x","Perfected Slivers of the Null Arca","Corpseburster","170518.8","1872.2","87.9","170518.8 DPS","","Huntsman's Warmask (Huntsman's Warmask)","Perfected Null Arca Jack (Perfected Slivers of the Null Arca)","Slimecraw Arm Cops (Slimecraw)","Perfected Null Arca Bracers (Perfected Slivers of the Null Arca)","","Perfected Null Arca Guards (Perfected Slivers of the Null Arca)","Perfected Null Arca Boots (Perfected Slivers of the Null Arca)","","Corpseburster Ring (Corpseburster)","Corpseburster Ring (Corpseburster)","Corpseburster Dagger (Corpseburster)","Corpseburster Dagger (Corpseburster)","The Maelstrom's Perfected Greatsword (Perfected Merciless Charge)"," ()","Blighted Blastbones","Avid Boneyard","Detonating Siphon","Venom Skull","Banner Bearer","Glacial Colossus","Stampede","Carve","Skeletal Archer","Barbed Trap","Banner Bearer","Flawless Dawnbreaker"
"Aetherian Archive","Foundation Stone Atronach","https://www.esologs.com/reports/JN72XdmcgWHLY6QB#fight=15&type=summary&source=8","@alakeyfox","Taahei-Xan Taalil","grave-herald-x-corpseburster-perfected-slivers-of-the-null-arca","dps","Grave","Herald","x","Corpseburster","Perfected Slivers of the Null Arca","172291.8","14989.4","71.6","172291.8 DPS","","Huntsman's Warmask (Huntsman's Warmask)","Perfected Null Arca Jack (Perfected Slivers of the Null Arca)","Corpseburster Epaulets (Corpseburster)","Perfected Null Arca Bracers (Perfected Slivers of the Null Arca)","","Perfected Null Arca Guards (Perfected Slivers of the Null Arca)","Perfected Null Arca Boots (Perfected Slivers of the Null Arca)","","Corpseburster Ring (Corpseburster)","Corpseburster Ring (Corpseburster)","Corpseburster Mace (Corpseburster)","Corpseburster Dagger (Corpseburster)","The Maelstrom's Perfected Greatsword (Perfected Merciless Charge)"," ()","Venom Skull","Detonating Siphon","Blighted Blastbones","Unnerving Boneyard","Banner Bearer","Flawless Dawnbreaker","Carve","Stampede","Barbed Trap","Skeletal Archer","Banner Bearer","Shooting Star"
"Aetherian Archive","Foundation Stone Atronach","https://www.esologs.com/reports/JN72XdmcgWHLY6QB#fight=15&type=summary&source=12","@Krophos","Vyne of the Hallowed Rift","grave-herald-x-corpseburster-perfected-slivers-of-the-null-arca","dps","Grave","Herald","x","Perfected Slivers of the Null Arca","Corpseburster","206072.2","7763.3","94.8","206072.2 DPS","","Huntsman's Warmask (Huntsman's Warmask)","Perfected Null Arca Jack (Perfected Slivers of the Null Arca)","Iceheart Arm Cops (Iceheart)","Perfected Null Arca Bracers (Perfected Slivers of the Null Arca)","","Perfected Null Arca Guards (Perfected Slivers of the Null Arca)","Perfected Null Arca Boots (Perfected Slivers of the Null Arca)","","Corpseburster Ring (Corpseburster)","Corpseburster Ring (Corpseburster)","Corpseburster Dagger (Corpseburster)","Corpseburster Dagger (Corpseburster)","The Maelstrom's Perfected Greatsword (Perfected Merciless Charge)"," ()","Banner Bearer","Unnerving Boneyard","Detonating Siphon","Blighted Blastbones","Venom Skull","Flawless Dawnbreaker","Banner Bearer","Skeletal Archer","Stampede","Carve","Barbed Trap","Shooting Star"
"Aetherian Archive","Foundation Stone Atronach","https://www.esologs.com/reports/JN72XdmcgWHLY6QB#fight=15&type=summary&source=12","@grimnoire","Yui Noire","animal-green-winter-perfected-pillagers-profit-serpents-disdain","healer","Animal","Green","Winter","Perfected Pillager's Profit","Serpent's Disdain","16600.0","121648.0","63.7","121648.0 HPS","The Atronach","Nazaray Guise (Nazaray)","Perfected Pillager's Robe (Perfected Pillager's Profit)","Nazaray Epaulets (Nazaray)","Perfected Pillager's Gloves (Perfected Pillager's Profit)","","Perfected Pillager's Breeches (Perfected Pillager's Profit)","Perfected Pillager's Shoes (Perfected Pillager's Profit)","","Ring of Serpent's Disdain (Serpent's Disdain)","Ring of Serpent's Disdain (Serpent's Disdain)","The Master's Perfected Restoration Staff (Perfected Grand Rejuvenation)"," ()","Ice Staff of Serpent's Disdain (Serpent's Disdain)"," ()","Echoing Vigor","Radiating Regeneration","Combat Prayer","Illustrious Healing","Budding Seeds","Dawnbreaker","Winter's Revenge","Blockade of Frost","Mystic Orb","Expansive Frost Cloak","Blue Betty","Reviving Barrier"
"Aetherian Archive","Foundation Stone Atronach","https://www.esologs.com/reports/JN72XdmcgWHLY6QB#fight=15&type=summary&source=1","@R.Nox","Silvae Nox","animal-green-winter-perfected-pillagers-profit-serpents-disdain","healer","Animal","Green","Winter","Serpent's Disdain","Perfected Pillager's Profit","8192.5","98746.1","38.9","98746.1 HPS","","Symphony of Blades Mask (Symphony of Blades)","Robe of Serpent's Disdain (Serpent's Disdain)","Symphony of Blades Epaulets (Symphony of Blades)","Gloves of Serpent's Disdain (Serpent's Disdain)","","Breeches of Serpent's Disdain (Serpent's Disdain)","Shoes of Serpent's Disdain (Serpent's Disdain)","","Perfected Pillager's Band (Perfected Pillager's Profit)","Perfected Pillager's Band (Perfected Pillager's Profit)","The Master's Perfected Restoration Staff (Perfected Grand Rejuvenation)"," ()","Perfected Pillager's Lightning Staff (Perfected Pillager's Profit)"," ()","Combat Prayer","Radiating Regeneration","Illustrious Healing","Expansive Frost Cloak","Mystic Orb","Feral Guardian","Elemental Susceptibility","Echoing Vigor","Budding Seeds","Deceptive Predator","Blockade of Storms","Reviving Barrier"
"Aetherian Archive","Foundation Stone Atronach","https://www.esologs.com/reports/JN72XdmcgWHLY6QB#fight=15&type=summary&source=7","@braiso_24","Lienwen","animal-green-winter-perfected-pillagers-profit-serpents-disdain","healer","Animal","Green","Winter","Serpent's Disdain","Perfected Pillager's Profit","13601.4","68899.2","65.1","68899.2 HPS","","Magma Incarnate Guise (Magma Incarnate)","Robe of Serpent's Disdain (Serpent's Disdain)","Spaulder of Ruin (Spaulder of Ruin)","Gloves of Serpent's Disdain (Serpent's Disdain)","","Breeches of Serpent's Disdain (Serpent's Disdain)","Shoes of Serpent's Disdain (Serpent's Disdain)","","Perfected Pillager's Band (Perfected Pillager's Profit)","Perfected Pillager's Band (Perfected Pillager's Profit)","The Master's Perfected Restoration Staff (Perfected Grand Rejuvenation)"," ()","Perfected Pillager's Lightning Staff (Perfected Pillager's Profit)"," ()","Budding Seeds","Radiating Regeneration","Illustrious Healing","Echoing Vigor","Combat Prayer","Wild Guardian","Expansive Frost Cloak","Mystic Orb","Overflowing Altar","Elemental Susceptibility","Elemental Blockade","Aggressive Horn"
"Aetherian Archive","Foundation Stone Atronach","https://www.esologs.com/reports/HPcnCgpT6RLDmBMA#fight=16&type=summary&source=1","@Luminara04","Kathelyna Kaethius","animal-green-winter-master-architect-serpents-disdain","healer","Animal","Green","Winter","Master Architect","Serpent's Disdain","18266.9","59792.1","50.4","59792.1 HPS","The Atronach","Ozezan the Inferno's Guise (Ozezan the Inferno)","Master Architect Robe (Master Architect)","Ozezan the Inferno's Arm Cops (Ozezan the Inferno)","Master Architect Gloves (Master Architect)","","Master Architect Breeches (Master Architect)","Master Architect Shoes (Master Architect)","","Ring of Serpent's Disdain (Serpent's Disdain)","Ring of Serpent's Disdain (Serpent's Disdain)","The Master's Perfected Restoration Staff (Perfected Grand Rejuvenation)"," ()","Lightning Staff of Serpent's Disdain (Serpent's Disdain)"," ()","Illustrious Healing","Radiating Regeneration","Budding Seeds","Energy Orb","Combat Prayer","Wild Guardian","Unstable Wall of Elements","Elemental Susceptibility","Arctic Blast","Winter's Revenge","Expansive Frost Cloak","Reviving Barrier"
"Aetherian Archive","Foundation Stone Atronach","https://www.esologs.com/reports/HPcnCgpT6RLDmBMA#fight=16&type=summary&source=5","@Jaydeism","Azenor Thornwyld","animal-green-winter-master-architect-serpents-disdain","healer","Animal","Green","Winter","Serpent's Disdain","Master Architect","7397.3","105682.7","39.8","105682.7 HPS","","Symphony of Blades Guise (Symphony of Blades)","Robe of Serpent's Disdain (Serpent's Disdain)","Symphony of Blades Epaulets (Symphony of Blades)","Gloves of Serpent's Disdain (Serpent's Disdain)","","Breeches of Serpent's Disdain (Serpent's Disdain)","Shoes of Serpent's Disdain (Serpent's Disdain)","","Master Architect Ring (Master Architect)","Master Architect Ring (Master Architect)","The Master's Perfected Restoration Staff (Perfected Grand Rejuvenation)"," ()","Master Architect Ice Staff (Master Architect)"," ()","Green Lotus","Combat Prayer","Budding Seeds","Echoing Vigor","Illustrious Healing","Eternal Guardian","Elemental Blockade","Elemental Susceptibility","Expansive Frost Cloak","Energy Orb","Overflowing Altar","Aggressive Horn"
"Aetherian Archive","Foundation Stone Atronach","https://www.esologs.com/reports/xc9w7AW2pMj1fJhB#fight=7&type=summary&source=2","@chaitanya91","'Nin","earthen-x-x-perfected-claw-of-yolnahkriin-perfected-lucent-echoes","tank","Earthen","x","x","Perfected Lucent Echoes","Perfected Claw of Yolnahkriin","5182.9","10455.4","65.4","65.4 CPM","The Atronach","Tremorscale Visage (Tremorscale)","Lucent Echoes Perfected Cuirass (Perfected Lucent Echoes)","Tremorscale Pauldrons (Tremorscale)","Lucent Echoes Perfected Gauntlets (Perfected Lucent Echoes)","","Lucent Echoes Perfected Greaves (Perfected Lucent Echoes)","Lucent Echoes Perfected Sabatons (Perfected Lucent Echoes)","","Yolnahkriin's Perfected Ring (Perfected Claw of Yolnahkriin)","Yolnahkriin's Perfected Ring (Perfected Claw of Yolnahkriin)","The Master's Perfected Mace (Perfected Puncturing Remedy)","The Master's Perfected Shield (Perfected Puncturing Remedy)","Yolnahkriin's Perfected Ice Staff (Perfected Claw of Yolnahkriin)"," ()","Pierce Armor","Defensive Stance","Heart of Flame","Blood of the Green Dragon","Igneous Weapons","Magma Shell","Inner Rage","Blockade of Frost","Hearth and Home","Earthshield Mantle","Race Against Time","Aggressive Horn"
"Aetherian Archive","Varlariel","https://www.esologs.com/reports/wabQMJpj1BPyc4q9#fight=55&type=summary&source=7","@KarinFlory","Jacek Kaczmarskï","ass-shadow-siphon-aegis-caller-perfected-slivers-of-the-null-arca","dps","Ass","Shadow","Siphon","Perfected Slivers of the Null Arca","Aegis Caller","311575.7","21623.6","89.0","311575.7 DPS","The Thief","Huntsman's Warmask (Huntsman's Warmask)","Perfected Null Arca Jack (Perfected Slivers of the Null Arca)","Slimecraw Epaulets (Slimecraw)","Aegis Caller's Bracers (Aegis Caller)","","Aegis Caller's Guards (Aegis Caller)","Aegis Caller's Boots (Aegis Caller)","","Perfected Null Arca Ring (Perfected Slivers of the Null Arca)","Perfected Null Arca Ring (Perfected Slivers of the Null Arca)","Aegis Caller's Dagger (Aegis Caller)","Aegis Caller's Dagger (Aegis Caller)","The Maelstrom's Perfected Greatsword (Perfected Merciless Charge)"," ()","Killer's Blade","Relentless Focus","Shadowy Disguise","Surprise Attack","Debilitate","Incapacitating Strike","Scalding Rune","Fiery Contingency (Lingering Torment / Intellect and Endurance)","Stampede","Dark Shade","Simmering Frenzy","Veil of Blades"
"Aetherian Archive","Varlariel","https://www.esologs.com/reports/wabQMJpj1BPyc4q9#fight=55&type=summary&source=9","@ChanneledDivinity","Siphons-For-Resources","ass-shadow-siphon-aegis-caller-perfected-slivers-of-the-null-arca","dps","Ass","Shadow","Siphon","Perfected Slivers of the Null Arca","Aegis Caller","282701.7","15658.0","106.5","282701.7 DPS","","Huntsman's Warmask (Huntsman's Warmask)","Perfected Null Arca Jack (Perfected Slivers of the Null Arca)","Iceheart Epaulets (Iceheart)","Perfected Null Arca Bracers (Perfected Slivers of the Null Arca)","","Perfected Null Arca Guards (Perfected Slivers of the Null Arca)","Perfected Null Arca Boots (Perfected Slivers of the Null Arca)","","Aegis Caller's Ring (Aegis Caller)","Aegis Caller's Ring (Aegis Caller)","Aegis Caller's Dagger (Aegis Caller)","Aegis Caller's Dagger (Aegis Caller)","The Maelstrom's Perfected Greatsword (Perfected Merciless Charge)"," ()","Surprise Attack","Killer's Blade","Shadowy Disguise","Relentless Focus","Debilitate","Incapacitating Strike","Stampede","Barbed Trap","Ulfsild's Contingency","Simmering Frenzy","Dark Shade","Shooting Star"
"Aetherian Archive","Varlariel","https://www.esologs.com/reports/wabQMJpj1BPyc4q9#fight=55&type=summary&source=7","@R.af","Raf Il","ass-shadow-siphon-aegis-caller-perfected-slivers-of-the-null-arca","dps","Ass","Shadow","Siphon","Perfected Slivers of the Null Arca","Aegis Caller","274700.5","17561.4","91.3","274700.5 DPS","","Huntsman's Warmask (Huntsman's Warmask)","Perfected Null Arca Jack (Perfected Slivers of the Null Arca)","Slimecraw Arm Cops (Slimecraw)","Perfected Null Arca Bracers (Perfected Slivers of the Null Arca)","","Perfected Null Arca Guards (Perfected Slivers of the Null Arca)","Perfected Null Arca Boots (Perfected Slivers of the Null Arca)","","Aegis Caller's Ring (Aegis Caller)","Aegis Caller's Ring (Aegis Caller)","Aegis Caller's Dagger (Aegis Caller)","Aegis Caller's Dagger (Aegis Caller)","The Maelstrom's Perfected Greatsword (Perfected Merciless Charge)"," ()","Surprise Attack","Shadowy Disguise","Debilitate","Killer's Blade","Relentless Focus","Incapacitating Strike","Stampede","Carve","Dark Shade","Barbed Trap","Simmering Frenzy","Shooting Star"
"Aetherian Archive","Varlariel","https://www.esologs.com/reports/wabQMJpj1BPyc4q9#fight=55&type=summary&source=6","@Diocliate","Möllỳ","ass-shadow-siphon-aegis-caller-perfected-slivers-of-the-null-arca","dps","Ass","Shadow","Siphon","Perfected Slivers of the Null Arca","Aegis Caller","279722.4","17148.1","93.8","279722.4 DPS","","Huntsman's Warmask (Huntsman's Warmask)","Perfected Null Arca Jack (Perfected Slivers of the Null Arca)","Slimecraw Epaulets (Slimecraw)","Perfected Null Arca Bracers (Perfected Slivers of the Null Arca)","","Perfected Null Arca Guards (Perfected Slivers of the Null Arca)","Perfected Null Arca Boots (Perfected Slivers of the Null Arca)","","Aegis Caller's Ring (Aegis Caller)","Aegis Caller's Ring (Aegis Caller)","Aegis Caller's Dagger (Aegis Caller)","Aegis Caller's Dagger (Aegis Caller)","The Maelstrom's Perfected Greatsword (Perfected Merciless Charge)"," ()","Shadowy Disguise","Relentless Focus","Surprise Attack","Debilitate","Killer's Blade","Incapacitating Strike","Stampede","Leeching Strikes","Dark Shade","Simmering Frenzy","Barbed Trap","Shooting Star"
"Aetherian Archive","Varlariel","https://www.esologs.com/reports/wabQMJpj1BPyc4q9#fight=55&type=summary&source=6","@Prxvokedlegend","Sneakiest Dps","ass-shadow-siphon-aegis-caller-perfected-slivers-of-the-null-arca","dps","Ass","Shadow","Siphon","Perfected Slivers of the Null Arca","Aegis Caller","286517.9","17466.3","85.6","286517.9 DPS","","Huntsman's Warmask (Huntsman's Warmask)","Perfected Null Arca Jack (Perfected Slivers of the Null Arca)","Slimecraw Epaulets (Slimecraw)","Perfected Null Arca Bracers (Perfected Slivers of the Null Arca)","","Perfected Null Arca Guards (Perfected Slivers of the Null Arca)","Perfected Null Arca Boots (Perfected Slivers of the Null Arca)","","Aegis Caller's Ring (Aegis Caller)","Aegis Caller's Ring (Aegis Caller)","Aegis Caller's Dagger (Aegis Caller)","Aegis Caller's Dagger (Aegis Caller)","The Maelstrom's Greatsword (Merciless Charge)"," ()","Shadowy Disguise","Debilitate","Relentless Focus","Surprise Attack","Killer's Blade","Incapacitating Strike","Leeching Strikes","Stampede","Fiery Contingency (Lingering Torment / Brutality and Sorcery)","Barbed Trap","Dark Shade","Veil of Blades"
"Aetherian Archive","Varlariel","https://www.esologs.com/reports/wabQMJpj1BPyc4q9#fight=55&type=summary&source=5","@Legende37","Legiora","ass-shadow-siphon-aegis-caller-perfected-slivers-of-the-null-arca","dps","Ass","Shadow","Siphon","Perfected Slivers of the Null Arca","Aegis Caller","181131.7","11907.2","87.3","181131.7 DPS","","Huntsman's Warmask (Huntsman's Warmask)","Perfected Null Arca Jack (Perfected Slivers of the Null Arca)","Slimecraw Arm Cops (Slimecraw)","Perfected Null Arca Bracers (Perfected Slivers of the Null Arca)","","Perfected Null Arca Guards (Perfected Slivers of the Null Arca)","Perfected Null Arca Boots (Perfected Slivers of the Null Arca)","","Aegis Caller's Ring (Aegis Caller)","Aegis Caller's Ring (Aegis Caller)","Aegis Caller's Dagger (Aegis Caller)","Aegis Caller's Dagger (Aegis Caller)","The Maelstrom's Perfected Greatsword (Perfected Merciless Charge)"," ()","Shadowy Disguise","Killer's Blade","Surprise Attack","Relentless Focus","Quick Cloak","Flawless Dawnbreaker","Debilitate","Barbed Trap","Dark Shade","Stampede","Carve","Incapacitating Strike"
"Aetherian Archive","Varlariel","https://www.esologs.com/reports/wabQMJpj1BPyc4q9#fight=55&type=summary&source=5","@Drako-Ei","J'zack","ass-shadow-siphon-aegis-caller-perfected-slivers-of-the-null-arca","dps","Ass","Shadow","Siphon","Perfected Slivers of the Null Arca","Aegis Caller","221627.0","14219.6","85.9","221627.0 DPS","","Zaan Mask (Zaan)","Perfected Null Arca Jack (Perfected Slivers of the Null Arca)","Mora's Whispers (Mora's Whispers)","Perfected Null Arca Bracers (Perfected Slivers of the Null Arca)","","Perfected Null Arca Guards (Perfected Slivers of the Null Arca)","Perfected Null Arca Boots (Perfected Slivers of the Null Arca)","","Aegis Caller's Ring (Aegis Caller)","Aegis Caller's Ring (Aegis Caller)","Aegis Caller's Dagger (Aegis Caller)","Aegis Caller's Dagger (Aegis Caller)","The Maelstrom's Perfected Greatsword (Perfected Merciless Charge)"," ()","Barbed Trap","Killer's Blade","Deadly Cloak","Relentless Focus","Surprise Attack","Incapacitating Strike","Carve","Stampede","Shadowy Disguise","Debilitate","Dark Shade","Incapacitating Strike"
"Aetherian Archive","Varlariel","https://www.esologs.com/reports/wabQMJpj1BPyc4q9#fight=55&type=summary&source=12","@korgaard","Seraya of Verrant Morass","ass-shadow-siphon-aegis-caller-perfected-slivers-of-the-null-arca","dps","Ass","Shadow","Siphon","Perfected Slivers of the Null Arca","Aegis Caller","197390.6","20677.4","95.9","197390.6 DPS","","Huntsman's Warmask (Huntsman's Warmask)","Perfected Null Arca Jack (Perfected Slivers of the Null Arca)","Zaan Epaulets (Zaan)","Perfected Null Arca Bracers (Perfected Slivers of the Null Arca)","","Aegis Caller's Guards (Aegis Caller)","Aegis Caller's Boots (Aegis Caller)","","Aegis Caller's Ring (Aegis Caller)","Aegis Caller's Ring (Aegis Caller)","Perfected Null Arca Dagger (Perfected Slivers of the Null Arca)","Perfected Null Arca Dagger (Perfected Slivers of the Null Arca)","The Maelstrom's Greatsword (Merciless Charge)"," ()","Surprise Attack","Killer's Blade","Shadowy Disguise","Merciless Resolve","Debilitate","Incapacitating Strike","Stampede","Barbed Trap","Simmering Frenzy","Dark Shade","Siphoning Attacks","Veil of Blades"
"Aetherian Archive","Varlariel","https://www.esologs.com/reports/wabQMJpj1BPyc4q9#fight=55&type=summary&source=9","@Gabspufik","Salem Shado","ass-shadow-siphon-aegis-caller-perfected-slivers-of-the-null-arca","dps","Ass","Shadow","Siphon","Perfected Slivers of the Null Arca","Aegis Caller","135504.9","16909.3","51.4","135504.9 DPS","","Huntsman's Warmask (Huntsman's Warmask)","Perfected Null Arca Jack (Perfected Slivers of the Null Arca)","Slimecraw Arm Cops (Slimecraw)","Perfected Null Arca Bracers (Perfected Slivers of the Null Arca)","","Aegis Caller's Guards (Aegis Caller)","Perfected Null Arca Boots (Perfected Slivers of the Null Arca)","","Aegis Caller's Ring (Aegis Caller)","Aegis Caller's Ring (Aegis Caller)","Aegis Caller's Dagger (Aegis Caller)","Aegis Caller's Dagger (Aegis Caller)","The Maelstrom's Greatsword (Merciless Charge)"," ()","Killer's Blade","Debilitate","Surprise Attack","Shadowy Disguise","Merciless Resolve","Incapacitating Strike","Stampede","Barbed Trap","Carve","Ulfsild's Contingency","Dark Shade","Incapacitating Strike"
"Aetherian Archive","Varlariel","https://www.esologs.com/reports/wabQMJpj1BPyc4q9#fight=55&type=summary&source=5","@Gopher07","Dödrumpa","bone-grave-x-corpseburster-perfected-slivers-of-the-null-arca","dps","Grave","Bone","x","Perfected Slivers of the Null Arca","Corpseburster","378488.2","1861.1","185.4","378488.2 DPS","The Thief","Huntsman's Warmask (Huntsman's Warmask)","Perfected Null Arca Jack (Perfected Slivers of the Null Arca)","Ansuul's Perfected Arm Cops (Perfected Ansuul's Torment)","Corpseburster Bracers (Corpseburster)","","Perfected Null Arca Guards (Perfected Slivers of the Null Arca)","Perfected Null Arca Boots (Perfected Slivers of the Null Arca)","","Corpseburster Ring (Corpseburster)","Corpseburster Ring (Corpseburster)","Corpseburster Dagger (Corpseburster)","Corpseburster Dagger (Corpseburster)","The Maelstrom's Perfected Greatsword (Perfected Merciless Charge)"," ()","Unnerving Boneyard","Blighted Blastbones","Detonating Siphon","Venom Skull","Sundering Banner (Class Flourish / Courage)","Flawless Dawnbreaker","Skeletal Archer","Stampede","Barbed Trap","Simmering Frenzy","Sundering Banner (Class Flourish / Courage)","Pummeling Goliath"
"Aetherian Archive","Varlariel","https://www.esologs.com/reports/wabQMJpj1BPyc4q9#fight=55&type=summary&source=8","@Feiito","Necroquette","bone-grave-x-corpseburster-perfected-slivers-of-the-null-arca","dps","Grave","Bone","x","Corpseburster","Perfected Slivers of the Null Arca","326628.8","6268.8","153.2","326628.8 DPS","","Huntsman's Warmask (Huntsman's Warmask)","Perfected Null Arca Jack (Perfected Slivers of the Null Arca)","Corpseburster Arm Cops (Corpseburster)","Perfected Null Arca Bracers (Perfected Slivers of the Null Arca)","","Perfected Null Arca Guards (Perfected Slivers of the Null Arca)","Perfected Null Arca Boots (Perfected Slivers of the Null Arca)","","Corpseburster Ring (Corpseburster)","Corpseburster Ring (Corpseburster)","Corpseburster Dagger (Corpseburster)","Corpseburster Dagger (Corpseburster)","The Maelstrom's Perfected Greatsword (Perfected Merciless Charge)"," ()","Venom Skull","Sundering Banner (Class Flourish / Courage)","Avid Boneyard","Blighted Blastbones","Detonating Siphon","Flawless Dawnbreaker","Stampede","Sundering Banner (Class Flourish / Courage)","Bloody Contingency (Lingering Torment / Force)","Skeletal Archer","Simmering Frenzy","Pummeling Goliath"
"Aetherian Archive","Varlariel","https://www.esologs.com/reports/wabQMJpj1BPyc4q9#fight=55&type=summary&source=4","@I.Bad","I'm Bad Lmao","bone-grave-x-corpseburster-perfected-slivers-of-the-null-arca","dps","Grave","Bone","x","Perfected Slivers of the Null Arca","Corpseburster","357093.1","8241.3","174.9","357093.1 DPS","","Huntsman's Warmask (Huntsman's Warmask)","Perfected Null Arca Jack (Perfected Slivers of the Null Arca)","Slimecraw Arm Cops (Slimecraw)","Perfected Null Arca Bracers (Perfected Slivers of the Null Arca)","","Perfected Null Arca Guards (Perfected Slivers of the Null Arca)","Perfected Null Arca Boots (Perfected Slivers of the Null Arca)","","Corpseburster Ring (Corpseburster)","Corpseburster Ring (Corpseburster)","Corpseburster Dagger (Corpseburster)","Corpseburster Dagger (Corpseburster)","The Maelstrom's Perfected Greatsword (Perfected Merciless Charge)"," ()","Detonating Siphon","Avid Boneyard","Blighted Blastbones","Venom Skull","Banner Bearer","Flawless Dawnbreaker","Ulfsild's Contingency","Stampede","Barbed Trap","Simmering Frenzy","Banner Bearer","Pummeling Goliath"
"Aetherian Archive","Varlariel","https://www.esologs.com/reports/wabQMJpj1BPyc4q9#fight=55&type=summary&source=3","@Melina_nyu","Crolina'nyu","bone-grave-x-corpseburster-perfected-slivers-of-the-null-arca","dps","Grave","Bone","x","Perfected Slivers of the Null Arca","Corpseburster","319872.5","6954.8","159.7","319872.5 DPS","","Huntsman's Warmask (Huntsman's Warmask)","Perfected Null Arca Jack (Perfected Slivers of the Null Arca)","Slimecraw Arm Cops (Slimecraw)","Perfected Null Arca Bracers (Perfected Slivers of the Null Arca)","","Perfected Null Arca Guards (Perfected Slivers of the Null Arca)","Perfected Null Arca Boots (Perfected Slivers of the Null Arca)","","Corpseburster Ring (Corpseburster)","Corpseburster Ring (Corpseburster)","Corpseburster Dagger (Corpseburster)","Corpseburster Dagger (Corpseburster)","The Maelstrom's Perfected Greatsword (Perfected Merciless Charge)"," ()","Venom Skull","Blighted Blastbones","Avid Boneyard","Banner Bearer","Detonating Siphon","Flawless Dawnbreaker","Barbed Trap","Scalding Rune","Banner Bearer","Skeletal Archer","Stampede","Pummeling Goliath"
"Aetherian Archive","Varlariel","https://www.esologs.com/reports/wabQMJpj1BPyc4q9#fight=55&type=summary&source=7","@xindong","Sweetheart-s","bone-grave-x-corpseburster-perfected-slivers-of-the-null-arca","dps","Grave","Bone","x","Perfected Slivers of the Null Arca","Corpseburster","272386.4","4982.8","128.4","272386.4 DPS","","Slimecraw Mask (Slimecraw)","Perfected Null Arca Jack (Perfected Slivers of the Null Arca)","Mora's Whispers (Mora's Whispers)","Perfected Null Arca Bracers (Perfected Slivers of the Null Arca)","","Corpseburster Guards (Corpseburster)","Corpseburster Boots (Corpseburster)","","Perfected Null Arca Ring (Perfected Slivers of the Null Arca)","Perfected Null Arca Ring (Perfected Slivers of the Null Arca)","Corpseburster Dagger (Corpseburster)","Corpseburster Dagger (Corpseburster)","The Maelstrom's Perfected Greatsword (Perfected Merciless Charge)"," ()","Unnerving Boneyard","Detonating Siphon","Blighted Blastbones","Venom Skull","Shocking Banner (Class Flourish / Courage)","Flawless Dawnbreaker","Skeletal Archer","Stampede","Barbed Trap","big siege","Shocking Banner (Class Flourish / Courage)","Pummeling Goliath"
"Aetherian Archive","Varlariel","https://www.esologs.com/reports/wabQMJpj1BPyc4q9#fight=55&type=summary&source=4","@Al_duin","Hysiléns","bone-grave-x-corpseburster-perfected-slivers-of-the-null-arca","dps","Grave","Bone","x","Perfected Slivers of the Null Arca","Corpseburster","294562.0","7949.5","146.1","294562.0 DPS","","Huntsman's Warmask (Huntsman's Warmask)","Perfected Null Arca Jack (Perfected Slivers of the Null Arca)","Ansuul's Perfected Arm Cops (Perfected Ansuul's Torment)","Perfected Null Arca Bracers (Perfected Slivers of the Null Arca)","","Perfected Null Arca Guards (Perfected Slivers of the Null Arca)","Perfected Null Arca Boots (Perfected Slivers of the Null Arca)","","Corpseburster Ring (Corpseburster)","Corpseburster Ring (Corpseburster)","Corpseburster Dagger (Corpseburster)","Corpseburster Dagger (Corpseburster)","The Maelstrom's Perfected Greatsword (Perfected Merciless Charge)"," ()","Unnerving Boneyard","Detonating Siphon","Blighted Blastbones","Venom Skull","Quick Cloak","Flawless Dawnbreaker","Scalding Rune","Simmering Frenzy","Skeletal Archer","Barbed Trap","Stampede","Pummeling Goliath"
"Aetherian Archive","Varlariel","https://www.esologs.com/reports/wabQMJpj1BPyc4q9#fight=55&type=summary&source=3","@jkmcnk","Carcassonia","bone-grave-x-corpseburster-perfected-slivers-of-the-null-arca","dps","Grave","Bone","x","Perfected Slivers of the Null Arca","Corpseburster","144425.0","284.8","64.2","144425.0 DPS","","Huntsman's Warmask (Huntsman's Warmask)","Perfected Null Arca Jack (Perfected Slivers of the Null Arca)","Iceheart Arm Cops (Iceheart)","Perfected Null Arca Bracers (Perfected Slivers of the Null Arca)","","Perfected Null Arca Guards (Perfected Slivers of the Null Arca)","Perfected Null Arca Boots (Perfected Slivers of the Null Arca)","","Corpseburster Ring (Corpseburster)","Corpseburster Ring (Corpseburster)","Corpseburster Dagger (Corpseburster)","Corpseburster Dagger (Corpseburster)","The Maelstrom's Perfected Greatsword (Perfected Merciless Charge)"," ()","Detonating Siphon","Blighted Blastbones","Venom Skull","Avid Boneyard","Camouflaged Hunter","Flawless Dawnbreaker","Stampede","Sundering Burst","Barbed Trap","Skeletal Archer","Camouflaged Hunter","Pummeling Goliath"
"Aetherian Archive","Varlariel","https://www.esologs.com/reports/h8YdMg3bJatm6LwX#fight=8&type=summary&source=10","@Reshi47","Onetrickreshie","herald-x-x-perfected-slivers-of-the-null-arca-spattering-disjunction","dps","Herald","x","x","Perfected Slivers of the Null Arca","Spattering Disjunction","170145.1","4069.6","19.6","170145.1 DPS","The Thief","Huntsman's Warmask (Huntsman's Warmask)","Perfected Null Arca Jack (Perfected Slivers of the Null Arca)","Slimecraw Arm Cops (Slimecraw)","Perfected Null Arca Bracers (Perfected Slivers of the Null Arca)","","Spattering Disjunction Guards (Spattering Disjunction)","Spattering Disjunction Boots (Spattering Disjunction)","","Spattering Disjunction Ring (Spattering Disjunction)","Spattering Disjunction Ring (Spattering Disjunction)","Perfected Null Arca Dagger (Perfected Slivers of the Null Arca)","Perfected Null Arca Dagger (Perfected Slivers of the Null Arca)","The Maelstrom's Perfected Greatsword (Perfected Merciless Charge)"," ()","Pragmatic Fatecarver","Quick Cloak","Barbed Trap","Cephaliarch's Flail","Camouflaged Hunter","Flawless Dawnbreaker","Stampede","Fulminating Rune","Ulfsild's Contingency","Inspired Scholarship","Camouflaged Hunter","The Languid Eye"
"Aetherian Archive","Varlariel","https://www.esologs.com/reports/h8YdMg3bJatm6LwX#fight=8&type=summary&source=8","@ikillmeee","leave it to skiver","herald-x-x-perfected-slivers-of-the-null-arca-spattering-disjunction","dps","Herald","x","x","Spattering Disjunction","Perfected Slivers of the Null Arca","135424.3","8918.9","34.9","135424.3 DPS","","Slimecraw Mask (Slimecraw)","Spattering Disjunction Jack (Spattering Disjunction)","Perfected Null Arca Arm Cops (Perfected Slivers of the Null Arca)","Spattering Disjunction Bracers (Spattering Disjunction)","","Spattering Disjunction Guards (Spattering Disjunction)","Spattering Disjunction Boots (Spattering Disjunction)","","Perfected Null Arca Ring (Perfected Slivers of the Null Arca)","Perfected Null Arca Ring (Perfected Slivers of the Null Arca)","Perfected Null Arca Dagger (Perfected Slivers of the Null Arca)","Perfected Null Arca Dagger (Perfected Slivers of the Null Arca)","The Maelstrom's Perfected Greatsword (Perfected Merciless Charge)"," ()","Cephaliarch's Flail","Camouflaged Hunter","Quick Cloak","Pragmatic Fatecarver","Banner Bearer","Flawless Dawnbreaker","Inspired Scholarship","Stampede","Trap Beast","Fulminating Rune","Banner Bearer","The Tide King's Gaze"
"Aetherian Archive","Varlariel","https://www.esologs.com/reports/h8YdMg3bJatm6LwX#fight=8&type=summary&source=4","@Danstoneyhaven","May-Tickle-Ur-Baps","herald-x-x-perfected-slivers-of-the-null-arca-spattering-disjunction","dps","Herald","x","x","Perfected Slivers of the Null Arca","Spattering Disjunction","134540.9","7456.1","36.9","134540.9 DPS","","Perfected Null Arca Helmet (Perfected Slivers of the Null Arca)","Perfected Null Arca Jack (Perfected Slivers of the Null Arca)","Nerien'eth Epaulets (Nerien'eth)","Perfected Null Arca Bracers (Perfected Slivers of the Null Arca)","","Perfected Null Arca Guards (Perfected Slivers of the Null Arca)","Spattering Disjunction Boots (Spattering Disjunction)","","Spattering Disjunction Ring (Spattering Disjunction)","Spattering Disjunction Ring (Spattering Disjunction)","Spattering Disjunction Dagger (Spattering Disjunction)","Spattering Disjunction Dagger (Spattering Disjunction)","The Maelstrom's Greatsword (Merciless Charge)"," ()","Cephaliarch's Flail","Quick Cloak","Barbed Trap","Pragmatic Fatecarver","Banner Bearer","Flawless Dawnbreaker","Stampede","Inspired Scholarship","Fulminating Rune","Camouflaged Hunter","Banner Bearer","The Languid Eye"
"Aetherian Archive","Varlariel","https://www.esologs.com/reports/h8YdMg3bJatm6LwX#fight=8&type=summary&source=6","@sZenario27","Celebrimbor von Eregion","herald-x-x-perfected-slivers-of-the-null-arca-spattering-disjunction","dps","Herald","x","x","Spattering Disjunction","Perfected Slivers of the Null Arca","147384.0","6577.5","30.1","147384.0 DPS","","Slimecraw Mask (Slimecraw)","Spattering Disjunction Jack (Spattering Disjunction)","Perfected Null Arca Arm Cops (Perfected Slivers of the Null Arca)","Spattering Disjunction Bracers (Spattering Disjunction)","","Spattering Disjunction Guards (Spattering Disjunction)","Spattering Disjunction Boots (Spattering Disjunction)","","Perfected Null Arca Ring (Perfected Slivers of the Null Arca)","Perfected Null Arca Ring (Perfected Slivers of the Null Arca)","Perfected Null Arca Dagger (Perfected Slivers of the Null Arca)","Perfected Null Arca Dagger (Perfected Slivers of the Null Arca)","The Maelstrom's Perfected Greatsword (Perfected Merciless Charge)"," ()","Quick Cloak","Cephaliarch's Flail","Pragmatic Fatecarver","Camouflaged Hunter","Banner Bearer","Flawless Dawnbreaker","Inspired Scholarship","Stampede","Fulminating Rune","Camouflaged Hunter","Banner Bearer","The Languid Eye"
"Aetherian Archive","Varlariel","https://www.esologs.com/reports/h8YdMg3bJatm6LwX#fight=8&type=summary&source=10","@Sarracen858","Sheshadow","herald-x-x-perfected-slivers-of-the-null-arca-spattering-disjunction","dps","Herald","x","x","Perfected Slivers of the Null Arca","Spattering Disjunction","147335.7","3440.2","38.9","147335.7 DPS","","Perfected Null Arca Helmet (Perfected Slivers of the Null Arca)","Spattering Disjunction Jack (Spattering Disjunction)","Slimecraw Epaulets (Slimecraw)","Spattering Disjunction Bracers (Spattering Disjunction)","","Spattering Disjunction Guards (Spattering Disjunction)","Spattering Disjunction Boots (Spattering Disjunction)","","Perfected Null Arca Ring (Perfected Slivers of the Null Arca)","Perfected Null Arca Ring (Perfected Slivers of the Null Arca)","Perfected Null Arca Dagger (Perfected Slivers of the Null Arca)","Perfected Null Arca Dagger (Perfected Slivers of the Null Arca)","The Maelstrom's Perfected Greatsword (Perfected Merciless Charge)"," ()","Quick Cloak","Pragmatic Fatecarver","Cephaliarch's Flail","Barbed Trap","Camouflaged Hunter","Flawless Dawnbreaker","Stampede","Fulminating Rune","Inspired Scholarship","Scalding Rune","Camouflaged Hunter","The Languid Eye"
"Aetherian Archive","Varlariel","https://www.esologs.com/reports/h8YdMg3bJatm6LwX#fight=8&type=summary&source=8","@annia08","Narya von Eregion","herald-x-x-perfected-slivers-of-the-null-arca-spattering-disjunction","dps","Herald","x","x","Spattering Disjunction","Perfected Slivers of the Null Arca","142574.2","4702.7","26.4","142574.2 DPS","","Slimecraw Mask (Slimecraw)","Spattering Disjunction Jack (Spattering Disjunction)","Perfected Null Arca Arm Cops (Perfected Slivers of the Null Arca)","Spattering Disjunction Bracers (Spattering Disjunction)","","Spattering Disjunction Guards (Spattering Disjunction)","Spattering Disjunction Boots (Spattering Disjunction)","","Perfected Null Arca Ring (Perfected Slivers of the Null Arca)","Perfected Null Arca Ring (Perfected Slivers of the Null Arca)","Perfected Null Arca Dagger (Perfected Slivers of the Null Arca)","Perfected Null Arca Dagger (Perfected Slivers of the Null Arca)","The Maelstrom's Perfected Greatsword (Perfected Merciless Charge)"," ()","Cephaliarch's Flail","Quick Cloak","Pragmatic Fatecarver","Camouflaged Hunter","Banner Bearer","Flawless Dawnbreaker","Fulminating Rune","Inspired Scholarship","Stampede","Resolving Vigor","Banner Bearer","The Languid Eye"
"Aetherian Archive","Varlariel","https://www.esologs.com/reports/JN72XdmcgWHLY6QB#fight=17&type=summary&source=81","@TameTheGoldenOne","Skywrath Necromancer","grave-herald-x-corpseburster-perfected-slivers-of-the-null-arca","dps","Grave","Herald","x","Perfected Slivers of the Null Arca","Corpseburster","259772.3","4513.3","89.7","259772.3 DPS","The Thief","Huntsman's Warmask (Huntsman's Warmask)","Perfected Null Arca Jack (Perfected Slivers of the Null Arca)","Slimecraw Epaulets (Slimecraw)","Perfected Null Arca Bracers (Perfected Slivers of the Null Arca)","","Perfected Null Arca Guards (Perfected Slivers of the Null Arca)","Perfected Null Arca Boots (Perfected Slivers of the Null Arca)","","Corpseburster Ring (Corpseburster)","Corpseburster Ring (Corpseburster)","Corpseburster Dagger (Corpseburster)","Corpseburster Dagger (Corpseburster)","The Maelstrom's Greatsword (Merciless Charge)"," ()","Detonating Siphon","Avid Boneyard","Venom Skull","Blighted Blastbones","Shocking Banner (Class Flourish / Courage)","Pestilent Colossus","Stampede","Carve","Barbed Trap","Skeletal Archer","Shocking Banner (Class Flourish / Courage)","Shooting Star"
"Aetherian Archive","Varlariel","https://www.esologs.com/reports/JN72XdmcgWHLY6QB#fight=17&type=summary&source=11","@Zeeces","Snickers im Speckmantel","grave-herald-x-corpseburster-perfected-slivers-of-the-null-arca","dps","Grave","Herald","x","Perfected Slivers of the Null Arca","Corpseburster","176203.7","10255.3","83.8","176203.7 DPS","","Huntsman's Warmask (Huntsman's Warmask)","Perfected Null Arca Jack (Perfected Slivers of the Null Arca)","Slimecraw Arm Cops (Slimecraw)","Perfected Null Arca Bracers (Perfected Slivers of the Null Arca)","","Perfected Null Arca Guards (Perfected Slivers of the Null Arca)","Perfected Null Arca Boots (Perfected Slivers of the Null Arca)","","Corpseburster Ring (Corpseburster)","Corpseburster Ring (Corpseburster)","Corpseburster Dagger (Corpseburster)","Corpseburster Dagger (Corpseburster)","The Maelstrom's Greatsword (Merciless Charge)"," ()","Venom Skull","Blighted Blastbones","Detonating Siphon","Avid Boneyard","Quick Cloak","Flawless Dawnbreaker","Carve","Stampede","Skeletal Archer","Barbed Trap","Razor Caltrops","Shooting Star"
"Aetherian Archive","Varlariel","https://www.esologs.com/reports/JN72XdmcgWHLY6QB#fight=17&type=summary&source=4","@MrBevells","fleshy pustules","grave-herald-x-corpseburster-perfected-slivers-of-the-null-arca","dps","Grave","Herald","x","Perfected Slivers of the Null Arca","Corpseburster","162000.2","5446.4","78.6","162000.2 DPS","","Huntsman's Warmask (Huntsman's Warmask)","Perfected Null Arca Jack (Perfected Slivers of the Null Arca)","Slimecraw Arm Cops (Slimecraw)","Perfected Null Arca Bracers (Perfected Slivers of the Null Arca)","","Perfected Null Arca Guards (Perfected Slivers of the Null Arca)","Perfected Null Arca Boots (Perfected Slivers of the Null Arca)","","Corpseburster Ring (Corpseburster)","Corpseburster Ring (Corpseburster)","Corpseburster Dagger (Corpseburster)","Corpseburster Dagger (Corpseburster)","The Maelstrom's Perfected Greatsword (Perfected Merciless Charge)"," ()","Blighted Blastbones","Avid Boneyard","Detonating Siphon","Venom Skull","Banner Bearer","Glacial Colossus","Stampede","Carve","Skeletal Archer","Barbed Trap","Banner Bearer","Flawless Dawnbreaker"
"Aetherian Archive","Varlariel","https://www.esologs.com/reports/JN72XdmcgWHLY6QB#fight=17&type=summary&source=8","@alakeyfox","Taahei-Xan Taalil","grave-herald-x-corpseburster-perfected-slivers-of-the-null-arca","dps","Grave","Herald","x","Corpseburster","Perfected Slivers of the Null Arca","154472.3","9542.9","75.0","154472.3 DPS","","Huntsman's Warmask (Huntsman's Warmask)","Perfected Null Arca Jack (Perfected Slivers of the Null Arca)","Corpseburster Epaulets (Corpseburster)","Perfected Null Arca Bracers (Perfected Slivers of the Null Arca)","","Perfected Null Arca Guards (Perfected Slivers of the Null Arca)","Perfected Null Arca Boots (Perfected Slivers of the Null Arca)","","Corpseburster Ring (Corpseburster)","Corpseburster Ring (Corpseburster)","Corpseburster Mace (Corpseburster)","Corpseburster Dagger (Corpseburster)","The Maelstrom's Perfected Greatsword (Perfected Merciless Charge)"," ()","Venom Skull","Detonating Siphon","Blighted Blastbones","Unnerving Boneyard","Banner Bearer","Flawless Dawnbreaker","Carve","Stampede","Barbed Trap","Skeletal Archer","Banner Bearer","Shooting Star"
"Aetherian Archive","Varlariel","https://www.esologs.com/reports/JN72XdmcgWHLY6QB#fight=17&type=summary&source=5","@TwiGreigns","twigwins","grave-herald-x-corpseburster-perfected-slivers-of-the-null-arca","dps","Grave","Herald","x","Perfected Slivers of the Null Arca","Corpseburster","120416.2","6284.8","82.3","120416.2 DPS","","Huntsman's Warmask (Huntsman's Warmask)","Perfected Null Arca Jack (Perfected Slivers of the Null Arca)","Iceheart Arm Cops (Iceheart)","Perfected Null Arca Bracers (Perfected Slivers of the Null Arca)","","Perfected Null Arca Guards (Perfected Slivers of the Null Arca)","Perfected Null Arca Boots (Perfected Slivers of the Null Arca)","","Corpseburster Ring (Corpseburster)","Corpseburster Ring (Corpseburster)","Corpseburster Dagger (Corpseburster)","Corpseburster Axe (Corpseburster)","The Maelstrom's Perfected Greatsword (Perfected Merciless Charge)"," ()","Banner Bearer","Avid Boneyard","Blighted Blastbones","Detonating Siphon","Venom Skull","Flawless Dawnbreaker","Banner Bearer","Barbed Trap","Stampede","Carve","Skeletal Archer","Shooting Star"
"Aetherian Archive","Varlariel","https://www.esologs.com/reports/JN72XdmcgWHLY6QB#fight=17&type=summary&source=12","@grimnoire","Yui Noire","animal-green-winter-perfected-pillagers-profit-serpents-disdain","healer","Animal","Green","Winter","Perfected Pillager's Profit","Serpent's Disdain","25199.6","103594.3","73.4","103594.3 HPS","The Atronach","Nazaray Guise (Nazaray)","Perfected Pillager's Robe (Perfected Pillager's Profit)","Nazaray Epaulets (Nazaray)","Perfected Pillager's Gloves (Perfected Pillager's Profit)","","Perfected Pillager's Breeches (Perfected Pillager's Profit)","Perfected Pillager's Shoes (Perfected Pillager's Profit)","","Ring of Serpent's Disdain (Serpent's Disdain)","Ring of Serpent's Disdain (Serpent's Disdain)","The Master's Perfected Restoration Staff (Perfected Grand Rejuvenation)"," ()","Ice Staff of Serpent's Disdain (Serpent's Disdain)"," ()","Echoing Vigor","Radiating Regeneration","Combat Prayer","Illustrious Healing","Budding Seeds","Dawnbreaker","Winter's Revenge","Blockade of Frost","Mystic Orb","Expansive Frost Cloak","Blue Betty","Reviving Barrier"
"Aetherian Archive","Varlariel","https://www.esologs.com/reports/JN72XdmcgWHLY6QB#fight=17&type=summary&source=1","@R.Nox","Silvae Nox","animal-green-winter-perfected-pillagers-profit-serpents-disdain","healer","Animal","Green","Winter","Serpent's Disdain","Perfected Pillager's Profit","7896.0","96165.6","43.7","96165.6 HPS","","Symphony of Blades Mask (Symphony of Blades)","Robe of Serpent's Disdain (Serpent's Disdain)","Symphony of Blades Epaulets (Symphony of Blades)","Gloves of Serpent's Disdain (Serpent's Disdain)","","Breeches of Serpent's Disdain (Serpent's Disdain)","Shoes of Serpent's Disdain (Serpent's Disdain)","","Perfected Pillager's Band (Perfected Pillager's Profit)","Perfected Pillager's Band (Perfected Pillager's Profit)","The Master's Perfected Restoration Staff (Perfected Grand Rejuvenation)"," ()","Perfected Pillager's Lightning Staff (Perfected Pillager's Profit)"," ()","Combat Prayer","Radiating Regeneration","Illustrious Healing","Expansive Frost Cloak","Mystic Orb","Feral Guardian","Elemental Susceptibility","Echoing Vigor","Budding Seeds","Deceptive Predator","Blockade of Storms","Reviving Barrier"
"Aetherian Archive","Varlariel","https://www.esologs.com/reports/HPcnCgpT6RLDmBMA#fight=18&type=summary&source=1","@Luminara04","Kathelyna Kaethius","animal-green-winter-master-architect-serpents-disdain","healer","Animal","Green","Winter","Master Architect","Serpent's Disdain","23894.8","82648.9","71.3","82648.9 HPS","The Atronach","Ozezan the Inferno's Guise (Ozezan the Inferno)","Master Architect Robe (Master Architect)","Ozezan the Inferno's Arm Cops (Ozezan the Inferno)","Master Architect Gloves (Master Architect)","","Master Architect Breeches (Master Architect)","Master Architect Shoes (Master Architect)","","Ring of Serpent's Disdain (Serpent's Disdain)","Ring of Serpent's Disdain (Serpent's Disdain)","The Master's Perfected Restoration Staff (Perfected Grand Rejuvenation)"," ()","Lightning Staff of Serpent's Disdain (Serpent's Disdain)"," ()","Illustrious Healing","Radiating Regeneration","Budding Seeds","Energy Orb","Combat Prayer","Wild Guardian","Unstable Wall of Storms","Elemental Susceptibility","Arctic Blast","Winter's Revenge","Expansive Frost Cloak","Reviving Barrier"
"Aetherian Archive","Varlariel","https://www.esologs.com/reports/HPcnCgpT6RLDmBMA#fight=18&type=summary&source=5","@Jaydeism","Azenor Thornwyld","animal-green-winter-master-architect-serpents-disdain","healer","Animal","Green","Winter","Serpent's Disdain","Master Architect","9781.7","115921.1","51.4","115921.1 HPS","","Symphony of Blades Guise (Symphony of Blades)","Robe of Serpent's Disdain (Serpent's Disdain)","Symphony of Blades Epaulets (Symphony of Blades)","Gloves of Serpent's Disdain (Serpent's Disdain)","","Breeches of Serpent's Disdain (Serpent's Disdain)","Shoes of Serpent's Disdain (Serpent's Disdain)","","Master Architect Ring (Master Architect)","Master Architect Ring (Master Architect)","The Master's Perfected Restoration Staff (Perfected Grand Rejuvenation)"," ()","Master Architect Ice Staff (Master Architect)"," ()","Green Lotus","Combat Prayer","Budding Seeds","Echoing Vigor","Illustrious Healing","Eternal Guardian","Elemental Blockade","Elemental Susceptibility","Expansive Frost Cloak","Energy Orb","Overflowing Altar","Aggressive Horn"
"Aetherian Archive","Varlariel","https://www.esologs.com/reports/xc9w7AW2pMj1fJhB#fight=9&type=summary&source=2","@chaitanya91","'Nin","earthen-x-x-perfected-claw-of-yolnahkriin-perfected-lucent-echoes","tank","Earthen","x","x","Perfected Lucent Echoes","Perfected Claw of Yolnahkriin","8548.4","19345.4","61.3","61.3 CPM","The Atronach","Tremorscale Visage (Tremorscale)","Lucent Echoes Perfected Cuirass (Perfected Lucent Echoes)","Tremorscale Pauldrons (Tremorscale)","Lucent Echoes Perfected Gauntlets (Perfected Lucent Echoes)","","Lucent Echoes Perfected Greaves (Perfected Lucent Echoes)","Lucent Echoes Perfected Sabatons (Perfected Lucent Echoes)","","Yolnahkriin's Perfected Ring (Perfected Claw of Yolnahkriin)","Yolnahkriin's Perfected Ring (Perfected Claw of Yolnahkriin)","The Master's Perfected Mace (Perfected Puncturing Remedy)","The Master's Perfected Shield (Perfected Puncturing Remedy)","Yolnahkriin's Perfected Ice Staff (Perfected Claw of Yolnahkriin)"," ()","Pierce Armor","Defensive Stance","Heart of Flame","Blood of the Green Dragon","Igneous Weapons","Magma Shell","Inner Rage","Blockade of Frost","Hearth and Home","Earthshield Mantle","Race Against Time","Aggressive Horn"
"Aetherian Archive","The Mage","https://www.esologs.com/reports/wabQMJpj1BPyc4q9#fight=66&type=summary&source=7","@KarinFlory","Jacek Kaczmarskï","ass-shadow-siphon-aegis-caller-perfected-slivers-of-the-null-arca","dps","Ass","Shadow","Siphon","Perfected Slivers of the Null Arca","Aegis Caller","215870.6","10796.8","70.0","215870.6 DPS","The Thief","Huntsman's Warmask (Huntsman's Warmask)","Perfected Null Arca Jack (Perfected Slivers of the Null Arca)","Slimecraw Epaulets (Slimecraw)","Aegis Caller's Bracers (Aegis Caller)","","Aegis Caller's Guards (Aegis Caller)","Aegis Caller's Boots (Aegis Caller)","","Perfected Null Arca Ring (Perfected Slivers of the Null Arca)","Perfected Null Arca Ring (Perfected Slivers of the Null Arca)","Aegis Caller's Dagger (Aegis Caller)","Aegis Caller's Dagger (Aegis Caller)","The Maelstrom's Perfected Greatsword (Perfected Merciless Charge)"," ()","Killer's Blade","Relentless Focus","Shadowy Disguise","Surprise Attack","Debilitate","Incapacitating Strike","Scalding Rune","Carve","Stampede","Dark Shade","Fiery Contingency (Lingering Torment / Intellect and Endurance)","Shooting Star"
"Aetherian Archive","The Mage","https://www.esologs.com/reports/wabQMJpj1BPyc4q9#fight=66&type=summary&source=9","@ChanneledDivinity","Siphons-For-Resources","ass-shadow-siphon-aegis-caller-perfected-slivers-of-the-null-arca","dps","Ass","Shadow","Siphon","Perfected Slivers of the Null Arca","Aegis Caller","178354.2","11559.4","74.8","178354.2 DPS","","Huntsman's Warmask (Huntsman's Warmask)","Perfected Null Arca Jack (Perfected Slivers of the Null Arca)","Iceheart Epaulets (Iceheart)","Perfected Null Arca Bracers (Perfected Slivers of the Null Arca)","","Perfected Null Arca Guards (Perfected Slivers of the Null Arca)","Perfected Null Arca Boots (Perfected Slivers of the Null Arca)","","Aegis Caller's Ring (Aegis Caller)","Aegis Caller's Ring (Aegis Caller)","Aegis Caller's Dagger (Aegis Caller)","Aegis Caller's Dagger (Aegis Caller)","The Maelstrom's Perfected Greatsword (Perfected Merciless Charge)"," ()","Surprise Attack","Killer's Blade","Shadowy Disguise","Relentless Focus","Debilitate","Incapacitating Strike","Stampede","Carve","Ulfsild's Contingency","Barbed Trap","Dark Shade","Shooting Star"
"Aetherian Archive","The Mage","https://www.esologs.com/reports/wabQMJpj1BPyc4q9#fight=66&type=summary&source=7","@R.af","Raf Il","ass-shadow-siphon-aegis-caller-perfected-slivers-of-the-null-arca","dps","Ass","Shadow","Siphon","Perfected Slivers of the Null Arca","Aegis Caller","164780.4","8934.1","58.6","164780.4 DPS","","Huntsman's Warmask (Huntsman's Warmask)","Perfected Null Arca Jack (Perfected Slivers of the Null Arca)","Slimecraw Arm Cops (Slimecraw)","Perfected Null Arca Bracers (Perfected Slivers of the Null Arca)","","Perfected Null Arca Guards (Perfected Slivers of the Null Arca)","Perfected Null Arca Boots (Perfected Slivers of the Null Arca)","","Aegis Caller's Ring (Aegis Caller)","Aegis Caller's Ring (Aegis Caller)","Aegis Caller's Dagger (Aegis Caller)","Aegis Caller's Dagger (Aegis Caller)","The Maelstrom's Perfected Greatsword (Perfected Merciless Charge)"," ()","Surprise Attack","Shadowy Disguise","Debilitate","Killer's Blade","Relentless Focus","Incapacitating Strike","Stampede","Carve","Dark Shade","Barbed Trap","Simmering Frenzy","Shooting Star"
"Aetherian Archive","The Mage","https://www.esologs.com/reports/wabQMJpj1BPyc4q9#fight=66&type=summary&source=6","@Diocliate","Möllỳ","ass-shadow-siphon-aegis-caller-perfected-slivers-of-the-null-arca","dps","Ass","Shadow","Siphon","Perfected Slivers of the Null Arca","Aegis Caller","153549.6","8450.6","64.8","153549.6 DPS","","Huntsman's Warmask (Huntsman's Warmask)","Perfected Null Arca Jack (Perfected Slivers of the Null Arca)","Slimecraw Epaulets (Slimecraw)","Perfected Null Arca Bracers (Perfected Slivers of the Null Arca)","","Perfected Null Arca Guards (Perfected Slivers of the Null Arca)","Perfected Null Arca Boots (Perfected Slivers of the Null Arca)","","Aegis Caller's Ring (Aegis Caller)","Aegis Caller's Ring (Aegis Caller)","Aegis Caller's Dagger (Aegis Caller)","Aegis Caller's Dagger (Aegis Caller)","The Maelstrom's Perfected Greatsword (Perfected Merciless Charge)"," ()","Shadowy Disguise","Relentless Focus","Surprise Attack","Debilitate","Killer's Blade","Incapacitating Strike","Stampede","Leeching Strikes","Dark Shade","Simmering Frenzy","Barbed Trap","Shooting Star"
"Aetherian Archive","The Mage","https://www.esologs.com/reports/wabQMJpj1BPyc4q9#fight=66&type=summary&source=6","@Prxvokedlegend","Sneakiest Dps","ass-shadow-siphon-aegis-caller-perfected-slivers-of-the-null-arca","dps","Ass","Shadow","Siphon","Perfected Slivers of the Null Arca","Aegis Caller","151528.7","11149.1","62.4","151528.7 DPS","","Huntsman's Warmask (Huntsman's Warmask)","Perfected Null Arca Jack (Perfected Slivers of the Null Arca)","Slimecraw Epaulets (Slimecraw)","Perfected Null Arca Bracers (Perfected Slivers of the Null Arca)","","Perfected Null Arca Guards (Perfected Slivers of the Null Arca)","Perfected Null Arca Boots (Perfected Slivers of the Null Arca)","","Aegis Caller's Ring (Aegis Caller)","Aegis Caller's Ring (Aegis Caller)","Aegis Caller's Dagger (Aegis Caller)","Aegis Caller's Dagger (Aegis Caller)","The Maelstrom's Greatsword (Merciless Charge)"," ()","Shadowy Disguise","Debilitate","Relentless Focus","Surprise Attack","Killer's Blade","Incapacitating Strike","Leeching Strikes","Stampede","Fiery Contingency (Lingering Torment / Brutality and Sorcery)","Barbed Trap","Dark Shade","Veil of Blades"
"Aetherian Archive","The Mage","https://www.esologs.com/reports/wabQMJpj1BPyc4q9#fight=66&type=summary&source=5","@Drako-Ei","J'zack","ass-shadow-siphon-aegis-caller-perfected-slivers-of-the-null-arca","dps","Ass","Shadow","Siphon","Perfected Slivers of the Null Arca","Aegis Caller","210047.4","8181.8","69.4","210047.4 DPS","","Zaan Mask (Zaan)","Perfected Null Arca Jack (Perfected Slivers of the Null Arca)","Mora's Whispers (Mora's Whispers)","Perfected Null Arca Bracers (Perfected Slivers of the Null Arca)","","Perfected Null Arca Guards (Perfected Slivers of the Null Arca)","Perfected Null Arca Boots (Perfected Slivers of the Null Arca)","","Aegis Caller's Ring (Aegis Caller)","Aegis Caller's Ring (Aegis Caller)","Aegis Caller's Dagger (Aegis Caller)","Aegis Caller's Dagger (Aegis Caller)","The Maelstrom's Perfected Greatsword (Perfected Merciless Charge)"," ()","Barbed Trap","Killer's Blade","Deadly Cloak","Relentless Focus","Surprise Attack","Incapacitating Strike","Carve","Stampede","Shadowy Disguise","Debilitate","Dark Shade","Incapacitating Strike"
"Aetherian Archive","The Mage","https://www.esologs.com/reports/wabQMJpj1BPyc4q9#fight=66&type=summary&source=12","@korgaard","Seraya of Verrant Morass","ass-shadow-siphon-aegis-caller-perfected-slivers-of-the-null-arca","dps","Ass","Shadow","Siphon","Perfected Slivers of the Null Arca","Aegis Caller","127112.2","15183.1","60.0","127112.2 DPS","","Huntsman's Warmask (Huntsman's Warmask)","Perfected Null Arca Jack (Perfected Slivers of the Null Arca)","Zaan Epaulets (Zaan)","Perfected Null Arca Bracers (Perfected Slivers of the Null Arca)","","Aegis Caller's Guards (Aegis Caller)","Aegis Caller's Boots (Aegis Caller)","","Aegis Caller's Ring (Aegis Caller)","Aegis Caller's Ring (Aegis Caller)","Perfected Null Arca Dagger (Perfected Slivers of the Null Arca)","Perfected Null Arca Dagger (Perfected Slivers of the Null Arca)","The Maelstrom's Greatsword (Merciless Charge)"," ()","Surprise Attack","Killer's Blade","Shadowy Disguise","Merciless Resolve","Debilitate","Incapacitating Strike","Stampede","Barbed Trap","Simmering Frenzy","Dark Shade","Siphoning Attacks","Veil of Blades"
"Aetherian Archive","The Mage","https://www.esologs.com/reports/wabQMJpj1BPyc4q9#fight=66&type=summary&source=9","@Gabspufik","Salem Shado","ass-shadow-siphon-aegis-caller-perfected-slivers-of-the-null-arca","dps","Ass","Shadow","Siphon","Perfected Slivers of the Null Arca","Aegis Caller","105807.9","7016.8","38.9","105807.9 DPS","","Huntsman's Warmask (Huntsman's Warmask)","Perfected Null Arca Jack (Perfected Slivers of the Null Arca)","Slimecraw Arm Cops (Slimecraw)","Perfected Null Arca Bracers (Perfected Slivers of the Null Arca)","","Aegis Caller's Guards (Aegis Caller)","Perfected Null Arca Boots (Perfected Slivers of the Null Arca)","","Aegis Caller's Ring (Aegis Caller)","Aegis Caller's Ring (Aegis Caller)","Aegis Caller's Dagger (Aegis Caller)","Aegis Caller's Dagger (Aegis Caller)","The Maelstrom's Greatsword (Merciless Charge)"," ()","Killer's Blade","Debilitate","Surprise Attack","Shadowy Disguise","Merciless Resolve","Incapacitating Strike","Stampede","Barbed Trap","Carve","Ulfsild's Contingency","Dark Shade","Incapacitating Strike"
"Aetherian Archive","The Mage","https://www.esologs.com/reports/h8YdMg3bJatm6LwX#fight=33&type=summary&source=10","@Reshi47","Onetrickreshie","herald-x-x-perfected-slivers-of-the-null-arca-spattering-disjunction","dps","Herald","x","x","Perfected Slivers of the Null Arca","Spattering Disjunction","154798.6","6606.2","20.8","154798.6 DPS","","Huntsman's Warmask (Huntsman's Warmask)","Perfected Null Arca Jack (Perfected Slivers of the Null Arca)","Slimecraw Arm Cops (Slimecraw)","Perfected Null Arca Bracers (Perfected Slivers of the Null Arca)","","Spattering Disjunction Guards (Spattering Disjunction)","Spattering Disjunction Boots (Spattering Disjunction)","","Spattering Disjunction Ring (Spattering Disjunction)","Spattering Disjunction Ring (Spattering Disjunction)","Perfected Null Arca Dagger (Perfected Slivers of the Null Arca)","Perfected Null Arca Dagger (Perfected Slivers of the Null Arca)","The Maelstrom's Perfected Greatsword (Perfected Merciless Charge)"," ()","Pragmatic Fatecarver","Quick Cloak","Barbed Trap","Cephaliarch's Flail","Camouflaged Hunter","Flawless Dawnbreaker","Stampede","Fulminating Rune","Ulfsild's Contingency","Inspired Scholarship","Camouflaged Hunter","The Languid Eye"
"Aetherian Archive","The Mage","https://www.esologs.com/reports/h8YdMg3bJatm6LwX#fight=33&type=summary&source=8","@ikillmeee","leave it to skiver","herald-x-x-perfected-slivers-of-the-null-arca-spattering-disjunction","dps","Herald","x","x","Spattering Disjunction","Perfected Slivers of the Null Arca","51634.9","2316.4","9.7","51634.9 DPS","","Slimecraw Mask (Slimecraw)","Spattering Disjunction Jack (Spattering Disjunction)","Perfected Null Arca Arm Cops (Perfected Slivers of the Null Arca)","Spattering Disjunction Bracers (Spattering Disjunction)","","Spattering Disjunction Guards (Spattering Disjunction)","Spattering Disjunction Boots (Spattering Disjunction)","","Perfected Null Arca Ring (Perfected Slivers of the Null Arca)","Perfected Null Arca Ring (Perfected Slivers of the Null Arca)","Perfected Null Arca Dagger (Perfected Slivers of the Null Arca)","Perfected Null Arca Dagger (Perfected Slivers of the Null Arca)","The Maelstrom's Perfected Greatsword (Perfected Merciless Charge)"," ()","Cephaliarch's Flail","Camouflaged Hunter","Quick Cloak","Pragmatic Fatecarver","Banner Bearer","Flawless Dawnbreaker","Inspired Scholarship","Stampede","Trap Beast","Fulminating Rune","Banner Bearer","The Tide King's Gaze"
"Aetherian Archive","The Mage","https://www.esologs.com/reports/h8YdMg3bJatm6LwX#fight=33&type=summary&source=4","@Danstoneyhaven","May-Tickle-Ur-Baps","herald-x-x-perfected-slivers-of-the-null-arca-spattering-disjunction","dps","Herald","x","x","Perfected Slivers of the Null Arca","Spattering Disjunction","183353.2","5526.0","32.0","183353.2 DPS","The Thief","Perfected Null Arca Helmet (Perfected Slivers of the Null Arca)","Perfected Null Arca Jack (Perfected Slivers of the Null Arca)","Nerien'eth Epaulets (Nerien'eth)","Perfected Null Arca Bracers (Perfected Slivers of the Null Arca)","","Perfected Null Arca Guards (Perfected Slivers of the Null Arca)","Spattering Disjunction Boots (Spattering Disjunction)","","Spattering Disjunction Ring (Spattering Disjunction)","Spattering Disjunction Ring (Spattering Disjunction)","Spattering Disjunction Dagger (Spattering Disjunction)","Spattering Disjunction Dagger (Spattering Disjunction)","The Maelstrom's Greatsword (Merciless Charge)"," ()","Cephaliarch's Flail","Quick Cloak","Barbed Trap","Pragmatic Fatecarver","Banner Bearer","Flawless Dawnbreaker","Stampede","Inspired Scholarship","Fulminating Rune","Camouflaged Hunter","Banner Bearer","The Languid Eye"
"Aetherian Archive","The Mage","https://www.esologs.com/reports/h8YdMg3bJatm6LwX#fight=33&type=summary&source=6","@sZenario27","Celebrimbor von Eregion","herald-x-x-perfected-slivers-of-the-null-arca-spattering-disjunction","dps","Herald","x","x","Spattering Disjunction","Perfected Slivers of the Null Arca","180166.7","6561.3","19.3","180166.7 DPS","","Slimecraw Mask (Slimecraw)","Spattering Disjunction Jack (Spattering Disjunction)","Perfected Null Arca Arm Cops (Perfected Slivers of the Null Arca)","Spattering Disjunction Bracers (Spattering Disjunction)","","Spattering Disjunction Guards (Spattering Disjunction)","Spattering Disjunction Boots (Spattering Disjunction)","","Perfected Null Arca Ring (Perfected Slivers of the Null Arca)","Perfected Null Arca Ring (Perfected Slivers of the Null Arca)","Perfected Null Arca Dagger (Perfected Slivers of the Null Arca)","Perfected Null Arca Dagger (Perfected Slivers of the Null Arca)","The Maelstrom's Perfected Greatsword (Perfected Merciless Charge)"," ()","Quick Cloak","Cephaliarch's Flail","Pragmatic Fatecarver","Camouflaged Hunter","Banner Bearer","Flawless Dawnbreaker","Inspired Scholarship","Stampede","Fulminating Rune","Camouflaged Hunter","Banner Bearer","The Languid Eye"
"Aetherian Archive","The Mage","https://www.esologs.com/reports/h8YdMg3bJatm6LwX#fight=33&type=summary&source=10","@Sarracen858","Sheshadow","herald-x-x-perfected-slivers-of-the-null-arca-spattering-disjunction","dps","Herald","x","x","Perfected Slivers of the Null Arca","Spattering Disjunction","111717.4","4737.9","34.3","111717.4 DPS","","Perfected Null Arca Helmet (Perfected Slivers of the Null Arca)","Spattering Disjunction Jack (Spattering Disjunction)","Slimecraw Epaulets (Slimecraw)","Spattering Disjunction Bracers (Spattering Disjunction)","","Spattering Disjunction Guards (Spattering Disjunction)","Spattering Disjunction Boots (Spattering Disjunction)","","Perfected Null Arca Ring (Perfected Slivers of the Null Arca)","Perfected Null Arca Ring (Perfected Slivers of the Null Arca)","Perfected Null Arca Dagger (Perfected Slivers of the Null Arca)","Perfected Null Arca Dagger (Perfected Slivers of the Null Arca)","The Maelstrom's Perfected Greatsword (Perfected Merciless Charge)"," ()","Quick Cloak","Pragmatic Fatecarver","Cephaliarch's Flail","Barbed Trap","Camouflaged Hunter","Flawless Dawnbreaker","Stampede","Fulminating Rune","Inspired Scholarship","Scalding Rune","Camouflaged Hunter","The Languid Eye"
"Aetherian Archive","The Mage","https://www.esologs.com/reports/h8YdMg3bJatm6LwX#fight=33&type=summary&source=8","@annia08","Narya von Eregion","herald-x-x-perfected-slivers-of-the-null-arca-spattering-disjunction","dps","Herald","x","x","Spattering Disjunction","Perfected Slivers of the Null Arca","166638.4","7022.2","20.0","166638.4 DPS","","Slimecraw Mask (Slimecraw)","Spattering Disjunction Jack (Spattering Disjunction)","Perfected Null Arca Arm Cops (Perfected Slivers of the Null Arca)","Spattering Disjunction Bracers (Spattering Disjunction)","","Spattering Disjunction Guards (Spattering Disjunction)","Spattering Disjunction Boots (Spattering Disjunction)","","Perfected Null Arca Ring (Perfected Slivers of the Null Arca)","Perfected Null Arca Ring (Perfected Slivers of the Null Arca)","Perfected Null Arca Dagger (Perfected Slivers of the Null Arca)","Perfected Null Arca Dagger (Perfected Slivers of the Null Arca)","The Maelstrom's Perfected Greatsword (Perfected Merciless Charge)"," ()","Cephaliarch's Flail","Quick Cloak","Pragmatic Fatecarver","Camouflaged Hunter","Banner Bearer","Flawless Dawnbreaker","Fulminating Rune","Inspired Scholarship","Stampede","Camouflaged Hunter","Banner Bearer","The Languid Eye"
"Aetherian Archive","The Mage","https://www.esologs.com/reports/wabQMJpj1BPyc4q9#fight=66&type=summary&source=5","@Gopher07","Dödrumpa","bone-grave-x-corpseburster-perfected-slivers-of-the-null-arca","dps","Grave","Bone","x","Perfected Slivers of the Null Arca","Corpseburster","267219.7","4431.7","99.9","267219.7 DPS","The Thief","Huntsman's Warmask (Huntsman's Warmask)","Perfected Null Arca Jack (Perfected Slivers of the Null Arca)","Slimecraw Arm Cops (Slimecraw)","Corpseburster Bracers (Corpseburster)","","Perfected Null Arca Guards (Perfected Slivers of the Null Arca)","Perfected Null Arca Boots (Perfected Slivers of the Null Arca)","","Corpseburster Ring (Corpseburster)","Corpseburster Ring (Corpseburster)","Corpseburster Dagger (Corpseburster)","Corpseburster Dagger (Corpseburster)","The Maelstrom's Perfected Greatsword (Perfected Merciless Charge)"," ()","Unnerving Boneyard","Blighted Blastbones","Detonating Siphon","Venom Skull","Sundering Banner (Class Flourish / Courage)","Flawless Dawnbreaker","Skeletal Archer","Stampede","Barbed Trap","Bloody Contingency (Lingering Torment / Force)","Sundering Banner (Class Flourish / Courage)","Pummeling Goliath"
"Aetherian Archive","The Mage","https://www.esologs.com/reports/wabQMJpj1BPyc4q9#fight=66&type=summary&source=8","@Feiito","Necroquette","bone-grave-x-corpseburster-perfected-slivers-of-the-null-arca","dps","Grave","Bone","x","Corpseburster","Perfected Slivers of the Null Arca","184412.4","6527.6","80.2","184412.4 DPS","","Huntsman's Warmask (Huntsman's Warmask)","Perfected Null Arca Jack (Perfected Slivers of the Null Arca)","Corpseburster Arm Cops (Corpseburster)","Perfected Null Arca Bracers (Perfected Slivers of the Null Arca)","","Perfected Null Arca Guards (Perfected Slivers of the Null Arca)","Perfected Null Arca Boots (Perfected Slivers of the Null Arca)","","Corpseburster Ring (Corpseburster)","Corpseburster Ring (Corpseburster)","Corpseburster Dagger (Corpseburster)","Corpseburster Dagger (Corpseburster)","The Maelstrom's Perfected Greatsword (Perfected Merciless Charge)"," ()","Venom Skull","Sundering Banner (Class Flourish / Courage)","Avid Boneyard","Blighted Blastbones","Detonating Siphon","Flawless Dawnbreaker","Stampede","Sundering Banner (Class Flourish / Courage)","Barbed Trap","Skeletal Archer","Simmering Frenzy","Pummeling Goliath"
"Aetherian Archive","The Mage","https://www.esologs.com/reports/wabQMJpj1BPyc4q9#fight=66&type=summary&source=10","@SoloCatalyst","Solo-Catalystt","bone-grave-x-corpseburster-perfected-slivers-of-the-null-arca","dps","Grave","Bone","x","Perfected Slivers of the Null Arca","Corpseburster","154517.4","5162.4","64.2","154517.4 DPS","","Huntsman's Warmask (Huntsman's Warmask)","Perfected Null Arca Jack (Perfected Slivers of the Null Arca)","Slimecraw Arm Cops (Slimecraw)","Perfected Null Arca Bracers (Perfected Slivers of the Null Arca)","","Perfected Null Arca Guards (Perfected Slivers of the Null Arca)","Perfected Null Arca Boots (Perfected Slivers of the Null Arca)","","Corpseburster Ring (Corpseburster)","Corpseburster Ring (Corpseburster)","Corpseburster Dagger (Corpseburster)","Corpseburster Dagger (Corpseburster)","The Maelstrom's Perfected Greatsword (Perfected Merciless Charge)"," ()","Blighted Blastbones","Unnerving Boneyard","Banner Bearer","Ghostly Embrace","Detonating Siphon","Flawless Dawnbreaker","Skeletal Archer","Simmering Frenzy","Banner Bearer","Barbed Trap","Stampede","Glacial Colossus"
"Aetherian Archive","The Mage","https://www.esologs.com/reports/wabQMJpj1BPyc4q9#fight=66&type=summary&source=7","@xindong","Sweetheart-s","bone-grave-x-corpseburster-perfected-slivers-of-the-null-arca","dps","Grave","Bone","x","Perfected Slivers of the Null Arca","Corpseburster","245104.0","7114.8","83.2","245104.0 DPS","","Slimecraw Mask (Slimecraw)","Perfected Null Arca Jack (Perfected Slivers of the Null Arca)","Mora's Whispers (Mora's Whispers)","Perfected Null Arca Bracers (Perfected Slivers of the Null Arca)","","Corpseburster Guards (Corpseburster)","Corpseburster Boots (Corpseburster)","","Perfected Null Arca Ring (Perfected Slivers of the Null Arca)","Perfected Null Arca Ring (Perfected Slivers of the Null Arca)","Corpseburster Dagger (Corpseburster)","Corpseburster Dagger (Corpseburster)","The Maelstrom's Perfected Greatsword (Perfected Merciless Charge)"," ()","Unnerving Boneyard","Detonating Siphon","Blighted Blastbones","Venom Skull","Shocking Banner (Class Flourish / Courage)","Flawless Dawnbreaker","Skeletal Archer","Stampede","Barbed Trap","big siege","Shocking Banner (Class Flourish / Courage)","Pummeling Goliath"
"Aetherian Archive","The Mage","https://www.esologs.com/reports/wabQMJpj1BPyc4q9#fight=66&type=summary&source=3","@jkmcnk","Carcassonia","bone-grave-x-corpseburster-perfected-slivers-of-the-null-arca","dps","Grave","Bone","x","Perfected Slivers of the Null Arca","Corpseburster","107329.4","3566.5","44.5","107329.4 DPS","","Huntsman's Warmask (Huntsman's Warmask)","Perfected Null Arca Jack (Perfected Slivers of the Null Arca)","Iceheart Arm Cops (Iceheart)","Perfected Null Arca Bracers (Perfected Slivers of the Null Arca)","","Perfected Null Arca Guards (Perfected Slivers of the Null Arca)","Perfected Null Arca Boots (Perfected Slivers of the Null Arca)","","Corpseburster Ring (Corpseburster)","Corpseburster Ring (Corpseburster)","Corpseburster Dagger (Corpseburster)","Corpseburster Dagger (Corpseburster)","The Maelstrom's Perfected Greatsword (Perfected Merciless Charge)"," ()","Detonating Siphon","Blighted Blastbones","Venom Skull","Avid Boneyard","Camouflaged Hunter","Flawless Dawnbreaker","Stampede","Sundering Burst","Barbed Trap","Skeletal Archer","Camouflaged Hunter","Pummeling Goliath"
"Aetherian Archive","The Mage","https://www.esologs.com/reports/wabQMJpj1BPyc4q9#fight=66&type=summary&source=6","@Croatt","Dr Impale","ass-shadow-siphon-perfected-slivers-of-the-null-arca-savage-werewolf","dps","Ass","Shadow","Siphon","Perfected Slivers of the Null Arca","Savage Werewolf","173786.8","15597.9","83.6","173786.8 DPS","The Thief","Perfected Null Arca Helmet (Perfected Slivers of the Null Arca)","Savage Werewolf's Jack (Savage Werewolf)","Zaan Epaulets (Zaan)","Savage Werewolf's Bracers (Savage Werewolf)","","Savage Werewolf's Guards (Savage Werewolf)","Savage Werewolf's Boots (Savage Werewolf)","","Perfected Null Arca Ring (Perfected Slivers of the Null Arca)","Shattered Paths Signet (Shattered Paths Signet)","Perfected Null Arca Dagger (Perfected Slivers of the Null Arca)","Perfected Null Arca Dagger (Perfected Slivers of the Null Arca)","The Maelstrom's Perfected Inferno Staff (Perfected Crushing Wall)"," ()","Surprise Attack","Camouflaged Hunter","Killer's Blade","Merciless Resolve","Debilitate","Werewolf Berserker","Dark Shade","Fiery Contingency (Lingering Torment / Intellect and Endurance)","Stampede","Barbed Trap","Shadowy Disguise","Incapacitating Strike"
"Aetherian Archive","The Mage","https://www.esologs.com/reports/wabQMJpj1BPyc4q9#fight=66&type=summary&source=90","nil","Anonymous 90","ass-shadow-siphon-perfected-slivers-of-the-null-arca-savage-werewolf","dps","Ass","Shadow","Siphon","Perfected Slivers of the Null Arca","Savage Werewolf","96110.1","5251.5","48.7","96110.1 DPS","","Slimecraw Mask (Slimecraw)","Savage Werewolf's Jack (Savage Werewolf)","Perfected Null Arca Arm Cops (Perfected Slivers of the Null Arca)","Savage Werewolf's Bracers (Savage Werewolf)","","Savage Werewolf's Guards (Savage Werewolf)","Savage Werewolf's Boots (Savage Werewolf)","","Null Arca Ring (Slivers of the Null Arca)","Null Arca Ring (Slivers of the Null Arca)","Null Arca Dagger (Slivers of the Null Arca)","Null Arca Dagger (Slivers of the Null Arca)","Null Arca Greatsword (Slivers of the Null Arca)"," ()","Quick Cloak","Debilitate","Killer's Blade","Surprise Attack","Relentless Focus","Incapacitating Strike","Stampede","Trap Beast","Dark Shade","Power Extraction","Siphoning Attacks","Incapacitating Strike"
"Aetherian Archive","The Mage","https://www.esologs.com/reports/wabQMJpj1BPyc4q9#fight=66&type=summary&source=2","@BL_Kralj","Cottontail the Devourer","ass-shadow-siphon-perfected-slivers-of-the-null-arca-savage-werewolf","dps","Ass","Shadow","Siphon","Perfected Slivers of the Null Arca","Savage Werewolf","143132.5","17463.6","69.2","143132.5 DPS","","Perfected Null Arca Helmet (Perfected Slivers of the Null Arca)","Perfected Null Arca Jack (Perfected Slivers of the Null Arca)","Slimecraw Epaulets (Slimecraw)","Perfected Null Arca Bracers (Perfected Slivers of the Null Arca)","","Perfected Null Arca Guards (Perfected Slivers of the Null Arca)","Perfected Null Arca Boots (Perfected Slivers of the Null Arca)","","Shattered Paths Signet (Shattered Paths Signet)","Savage Werewolf's Ring (Savage Werewolf)","Savage Werewolf's Dagger (Savage Werewolf)","Savage Werewolf's Dagger (Savage Werewolf)","The Maelstrom's Perfected Greatsword (Perfected Merciless Charge)"," ()","Relentless Focus","Debilitate","Killer's Blade","Surprise Attack","Power Extraction","Werewolf Berserker","Shadowy Disguise","Stampede","Carve","Siphoning Attacks","Healthy Offering","Soul Harvest"
"Aetherian Archive","The Mage","https://www.esologs.com/reports/wabQMJpj1BPyc4q9#fight=66&type=summary&source=10","@jerinnightsong","Shadux","ass-shadow-siphon-perfected-slivers-of-the-null-arca-savage-werewolf","dps","Ass","Shadow","Siphon","Savage Werewolf","Perfected Slivers of the Null Arca","66179.1","4657.6","41.8","66179.1 DPS","","Slimecraw Guise (Slimecraw)","Savage Werewolf's Jack (Savage Werewolf)","Perfected Null Arca Arm Cops (Perfected Slivers of the Null Arca)","Savage Werewolf's Bracers (Savage Werewolf)","","Savage Werewolf's Guards (Savage Werewolf)","Savage Werewolf's Boots (Savage Werewolf)","","Perfected Null Arca Ring (Perfected Slivers of the Null Arca)","Shattered Paths Signet (Shattered Paths Signet)","Perfected Null Arca Dagger (Perfected Slivers of the Null Arca)","Perfected Null Arca Dagger (Perfected Slivers of the Null Arca)","The Maelstrom's Greatsword (Merciless Charge)"," ()","Debilitate","Quick Cloak","Surprise Attack","Assassin's Blade","Relentless Focus","Pack Leader","Stampede","Siphoning Attacks","Shadowy Disguise","Mirage","Dark Shade","Soul Harvest"
"Aetherian Archive","The Mage","https://www.esologs.com/reports/wabQMJpj1BPyc4q9#fight=66&type=summary&source=7","@dehbike","Nevil Sandoval","ass-shadow-siphon-perfected-slivers-of-the-null-arca-savage-werewolf","dps","Ass","Shadow","Siphon","Savage Werewolf","Perfected Slivers of the Null Arca","112963.1","12104.9","58.9","112963.1 DPS","","Savage Werewolf's Helmet (Savage Werewolf)","Perfected Null Arca Jack (Perfected Slivers of the Null Arca)","Valkyn Skoria Epaulets (Valkyn Skoria)","Perfected Null Arca Bracers (Perfected Slivers of the Null Arca)","","Perfected Null Arca Guards (Perfected Slivers of the Null Arca)","Perfected Null Arca Boots (Perfected Slivers of the Null Arca)","","Shattered Paths Signet (Shattered Paths Signet)","Savage Werewolf's Ring (Savage Werewolf)","Savage Werewolf's Dagger (Savage Werewolf)","Savage Werewolf's Dagger (Savage Werewolf)","The Maelstrom's Perfected Greatsword (Perfected Merciless Charge)"," ()","Surprise Attack","Shadowy Disguise","Merciless Resolve","Killer's Blade","Debilitate","Werewolf Berserker","Siphoning Attacks","Resolving Vigor","Dark Shade","Barbed Trap","Stampede","Soul Harvest"
"Aetherian Archive","The Mage","https://www.esologs.com/reports/JN72XdmcgWHLY6QB#fight=18&type=summary&source=81","@TameTheGoldenOne","Skywrath Necromancer","grave-herald-x-corpseburster-perfected-slivers-of-the-null-arca","dps","Grave","Herald","x","Perfected Slivers of the Null Arca","Corpseburster","218478.6","5906.5","63.6","218478.6 DPS","","Huntsman's Warmask (Huntsman's Warmask)","Perfected Null Arca Jack (Perfected Slivers of the Null Arca)","Slimecraw Epaulets (Slimecraw)","Perfected Null Arca Bracers (Perfected Slivers of the Null Arca)","","Perfected Null Arca Guards (Perfected Slivers of the Null Arca)","Perfected Null Arca Boots (Perfected Slivers of the Null Arca)","","Corpseburster Ring (Corpseburster)","Corpseburster Ring (Corpseburster)","Corpseburster Dagger (Corpseburster)","Corpseburster Dagger (Corpseburster)","The Maelstrom's Greatsword (Merciless Charge)"," ()","Detonating Siphon","Avid Boneyard","Venom Skull","Blighted Blastbones","Shocking Banner (Class Flourish / Courage)","Pestilent Colossus","Stampede","Carve","Barbed Trap","Skeletal Archer","Shocking Banner (Class Flourish / Courage)","Shooting Star"
"Aetherian Archive","The Mage","https://www.esologs.com/reports/JN72XdmcgWHLY6QB#fight=18&type=summary&source=11","@Zeeces","Snickers im Speckmantel","grave-herald-x-corpseburster-perfected-slivers-of-the-null-arca","dps","Grave","Herald","x","Perfected Slivers of the Null Arca","Corpseburster","161910.3","7716.8","61.3","161910.3 DPS","","Huntsman's Warmask (Huntsman's Warmask)","Perfected Null Arca Jack (Perfected Slivers of the Null Arca)","Slimecraw Arm Cops (Slimecraw)","Perfected Null Arca Bracers (Perfected Slivers of the Null Arca)","","Perfected Null Arca Guards (Perfected Slivers of the Null Arca)","Perfected Null Arca Boots (Perfected Slivers of the Null Arca)","","Corpseburster Ring (Corpseburster)","Corpseburster Ring (Corpseburster)","Corpseburster Dagger (Corpseburster)","Corpseburster Dagger (Corpseburster)","The Maelstrom's Greatsword (Merciless Charge)"," ()","Venom Skull","Blighted Blastbones","Detonating Siphon","Avid Boneyard","Quick Cloak","Flawless Dawnbreaker","Carve","Stampede","Skeletal Archer","Barbed Trap","Razor Caltrops","Shooting Star"
"Aetherian Archive","The Mage","https://www.esologs.com/reports/JN72XdmcgWHLY6QB#fight=18&type=summary&source=8","@alakeyfox","Taahei-Xan Taalil","grave-herald-x-corpseburster-perfected-slivers-of-the-null-arca","dps","Grave","Herald","x","Corpseburster","Perfected Slivers of the Null Arca","176386.6","8417.8","48.4","176386.6 DPS","","Huntsman's Warmask (Huntsman's Warmask)","Perfected Null Arca Jack (Perfected Slivers of the Null Arca)","Corpseburster Epaulets (Corpseburster)","Perfected Null Arca Bracers (Perfected Slivers of the Null Arca)","","Perfected Null Arca Guards (Perfected Slivers of the Null Arca)","Perfected Null Arca Boots (Perfected Slivers of the Null Arca)","","Corpseburster Ring (Corpseburster)","Corpseburster Ring (Corpseburster)","Corpseburster Mace (Corpseburster)","Corpseburster Dagger (Corpseburster)","The Maelstrom's Perfected Greatsword (Perfected Merciless Charge)"," ()","Venom Skull","Detonating Siphon","Blighted Blastbones","Unnerving Boneyard","Banner Bearer","Flawless Dawnbreaker","Carve","Stampede","Barbed Trap","Skeletal Archer","Banner Bearer","Shooting Star"
"Aetherian Archive","The Mage","https://www.esologs.com/reports/JN72XdmcgWHLY6QB#fight=18&type=summary&source=12","@Krophos","Vyne of the Hallowed Rift","grave-herald-x-corpseburster-perfected-slivers-of-the-null-arca","dps","Grave","Herald","x","Perfected Slivers of the Null Arca","Corpseburster","229436.0","1849.6","86.3","229436.0 DPS","The Atronach","Huntsman's Warmask (Huntsman's Warmask)","Perfected Null Arca Jack (Perfected Slivers of the Null Arca)","Iceheart Arm Cops (Iceheart)","Perfected Null Arca Bracers (Perfected Slivers of the Null Arca)","","Perfected Null Arca Guards (Perfected Slivers of the Null Arca)","Perfected Null Arca Boots (Perfected Slivers of the Null Arca)","","Corpseburster Ring (Corpseburster)","Corpseburster Ring (Corpseburster)","Corpseburster Dagger (Corpseburster)","Corpseburster Dagger (Corpseburster)","The Maelstrom's Perfected Greatsword (Perfected Merciless Charge)"," ()","Banner Bearer","Unnerving Boneyard","Detonating Siphon","Blighted Blastbones","Venom Skull","Flawless Dawnbreaker","Banner Bearer","Skeletal Archer","Stampede","Carve","Barbed Trap","Shooting Star"
"Aetherian Archive","The Mage","https://www.esologs.com/reports/JN72XdmcgWHLY6QB#fight=18&type=summary&source=5","@TwiGreigns","twigwins","grave-herald-x-corpseburster-perfected-slivers-of-the-null-arca","dps","Grave","Herald","x","Perfected Slivers of the Null Arca","Corpseburster","169334.2","6684.3","66.9","169334.2 DPS","","Slimecraw Mask (Slimecraw)","Perfected Null Arca Jack (Perfected Slivers of the Null Arca)","Perfected Null Arca Arm Cops (Perfected Slivers of the Null Arca)","Corpseburster Bracers (Corpseburster)","","Perfected Null Arca Guards (Perfected Slivers of the Null Arca)","Perfected Null Arca Boots (Perfected Slivers of the Null Arca)","","Shattered Paths Signet (Shattered Paths Signet)","Corpseburster Ring (Corpseburster)","Corpseburster Dagger (Corpseburster)","Corpseburster Axe (Corpseburster)","The Maelstrom's Perfected Greatsword (Perfected Merciless Charge)"," ()","Banner Bearer","Avid Boneyard","Blighted Blastbones","Detonating Siphon","Venom Skull","Flawless Dawnbreaker","Banner Bearer","Barbed Trap","Stampede","Carve","Skeletal Archer","Flawless Dawnbreaker"
"Aetherian Archive","The Mage","https://www.esologs.com/reports/JN72XdmcgWHLY6QB#fight=18&type=summary&source=12","@grimnoire","Yui Noire","animal-green-winter-perfected-pillagers-profit-serpents-disdain","healer","Animal","Green","Winter","Perfected Pillager's Profit","Serpent's Disdain","20185.1","93556.9","64.2","93556.9 HPS","The Atronach","Nazaray Guise (Nazaray)","Perfected Pillager's Robe (Perfected Pillager's Profit)","Nazaray Epaulets (Nazaray)","Perfected Pillager's Gloves (Perfected Pillager's Profit)","","Perfected Pillager's Breeches (Perfected Pillager's Profit)","Perfected Pillager's Shoes (Perfected Pillager's Profit)","","Ring of Serpent's Disdain (Serpent's Disdain)","Ring of Serpent's Disdain (Serpent's Disdain)","The Master's Perfected Restoration Staff (Perfected Grand Rejuvenation)"," ()","Ice Staff of Serpent's Disdain (Serpent's Disdain)"," ()","Echoing Vigor","Radiating Regeneration","Combat Prayer","Illustrious Healing","Budding Seeds","Dawnbreaker","Winter's Revenge","Blockade of Frost","Mystic Orb","Expansive Frost Cloak","Blue Betty","Reviving Barrier"
"Aetherian Archive","The Mage","https://www.esologs.com/reports/JN72XdmcgWHLY6QB#fight=18&type=summary&source=1","@R.Nox","Silvae Nox","animal-green-winter-perfected-pillagers-profit-serpents-disdain","healer","Animal","Green","Winter","Serpent's Disdain","Perfected Pillager's Profit","10436.3","71434.6","29.0","71434.6 HPS","","Symphony of Blades Mask (Symphony of Blades)","Robe of Serpent's Disdain (Serpent's Disdain)","Symphony of Blades Epaulets (Symphony of Blades)","Gloves of Serpent's Disdain (Serpent's Disdain)","","Breeches of Serpent's Disdain (Serpent's Disdain)","Shoes of Serpent's Disdain (Serpent's Disdain)","","Perfected Pillager's Band (Perfected Pillager's Profit)","Perfected Pillager's Band (Perfected Pillager's Profit)","The Master's Perfected Restoration Staff (Perfected Grand Rejuvenation)"," ()","Perfected Pillager's Lightning Staff (Perfected Pillager's Profit)"," ()","Combat Prayer","Radiating Regeneration","Illustrious Healing","Expansive Frost Cloak","Mystic Orb","Feral Guardian","Elemental Susceptibility","Echoing Vigor","Budding Seeds","Deceptive Predator","Elemental Blockade","Reviving Barrier"
"Aetherian Archive","The Mage","https://www.esologs.com/reports/JN72XdmcgWHLY6QB#fight=18&type=summary&source=7","@braiso_24","Lienwen","animal-green-winter-perfected-pillagers-profit-serpents-disdain","healer","Animal","Green","Winter","Serpent's Disdain","Perfected Pillager's Profit","18391.9","85081.1","64.0","85081.1 HPS","","Magma Incarnate Guise (Magma Incarnate)","Robe of Serpent's Disdain (Serpent's Disdain)","Spaulder of Ruin (Spaulder of Ruin)","Gloves of Serpent's Disdain (Serpent's Disdain)","","Breeches of Serpent's Disdain (Serpent's Disdain)","Shoes of Serpent's Disdain (Serpent's Disdain)","","Perfected Pillager's Band (Perfected Pillager's Profit)","Perfected Pillager's Band (Perfected Pillager's Profit)","The Master's Perfected Restoration Staff (Perfected Grand Rejuvenation)"," ()","Perfected Pillager's Lightning Staff (Perfected Pillager's Profit)"," ()","Budding Seeds","Radiating Regeneration","Illustrious Healing","Echoing Vigor","Combat Prayer","Wild Guardian","Expansive Frost Cloak","Mystic Orb","Overflowing Altar","Elemental Susceptibility","Elemental Blockade","Aggressive Horn"
"Aetherian Archive","The Mage","https://www.esologs.com/reports/HPcnCgpT6RLDmBMA#fight=19&type=summary&source=1","@Luminara04","Kathelyna Kaethius","animal-green-winter-master-architect-serpents-disdain","healer","Animal","Green","Winter","Master Architect","Serpent's Disdain","35071.1","56130.4","51.4","56130.4 HPS","The Atronach","Ozezan the Inferno's Guise (Ozezan the Inferno)","Master Architect Robe (Master Architect)","Ozezan the Inferno's Arm Cops (Ozezan the Inferno)","Master Architect Gloves (Master Architect)","","Master Architect Breeches (Master Architect)","Master Architect Shoes (Master Architect)","","Ring of Serpent's Disdain (Serpent's Disdain)","Ring of Serpent's Disdain (Serpent's Disdain)","The Master's Perfected Restoration Staff (Perfected Grand Rejuvenation)"," ()","Lightning Staff of Serpent's Disdain (Serpent's Disdain)"," ()","Illustrious Healing","Radiating Regeneration","Budding Seeds","Energy Orb","Combat Prayer","Wild Guardian","Unstable Wall of Storms","Elemental Susceptibility","Arctic Blast","Winter's Revenge","Expansive Frost Cloak","Reviving Barrier"
"Aetherian Archive","The Mage","https://www.esologs.com/reports/HPcnCgpT6RLDmBMA#fight=19&type=summary&source=5","@Jaydeism","Azenor Thornwyld","animal-green-winter-master-architect-serpents-disdain","healer","Animal","Green","Winter","Serpent's Disdain","Master Architect","11612.6","113774.8","38.5","113774.8 HPS","","Symphony of Blades Guise (Symphony of Blades)","Robe of Serpent's Disdain (Serpent's Disdain)","Symphony of Blades Epaulets (Symphony of Blades)","Gloves of Serpent's Disdain (Serpent's Disdain)","","Breeches of Serpent's Disdain (Serpent's Disdain)","Shoes of Serpent's Disdain (Serpent's Disdain)","","Master Architect Ring (Master Architect)","Master Architect Ring (Master Architect)","The Master's Perfected Restoration Staff (Perfected Grand Rejuvenation)"," ()","Master Architect Ice Staff (Master Architect)"," ()","Green Lotus","Combat Prayer","Budding Seeds","Echoing Vigor","Illustrious Healing","Eternal Guardian","Elemental Blockade","Elemental Susceptibility","Expansive Frost Cloak","Energy Orb","Overflowing Altar","Aggressive Horn"
"Aetherian Archive","The Mage","https://www.esologs.com/reports/xc9w7AW2pMj1fJhB#fight=10&type=summary&source=2","@chaitanya91","'Nin","earthen-x-x-perfected-claw-of-yolnahkriin-perfected-lucent-echoes","tank","Earthen","x","x","Perfected Lucent Echoes","Perfected Claw of Yolnahkriin","8156.5","15670.6","48.6","48.6 CPM","The Atronach","Tremorscale Visage (Tremorscale)","Lucent Echoes Perfected Cuirass (Perfected Lucent Echoes)","Tremorscale Pauldrons (Tremorscale)","Lucent Echoes Perfected Gauntlets (Perfected Lucent Echoes)","","Lucent Echoes Perfected Greaves (Perfected Lucent Echoes)","Lucent Echoes Perfected Sabatons (Perfected Lucent Echoes)","","Yolnahkriin's Perfected Ring (Perfected Claw of Yolnahkriin)","Yolnahkriin's Perfected Ring (Perfected Claw of Yolnahkriin)","The Master's Perfected Mace (Perfected Puncturing Remedy)","The Master's Perfected Shield (Perfected Puncturing Remedy)","Yolnahkriin's Perfected Ice Staff (Perfected Claw of Yolnahkriin)"," ()","Pierce Armor","Defensive Stance","Heart of Flame","Blood of the Green Dragon","Igneous Weapons","Magma Shell","Inner Rage","Blockade of Frost","Hearth and Home","Earthshield Mantle","Elemental Susceptibility","Aggressive Horn"
"Aetherian Archive","Trash Builds","https://www.esologs.com/reports/wabQMJpj1BPyc4q9#fight=62&type=summary&source=5","@Gopher07","Dödrumpa","bone-grave-x-corpseburster-perfected-sul-xans-torment","dps","Grave","Bone","x","Perfected Sul-Xan's Torment","Corpseburster","129837.2","1931.6","79.8","129837.2 DPS","","Perfected Helmet of Sul-Xan's Torment (Perfected Sul-Xan's Torment)","Perfected Jack of Sul-Xan's Torment (Perfected Sul-Xan's Torment)","Slimecraw Arm Cops (Slimecraw)","Corpseburster Bracers (Corpseburster)","","Perfected Guards of Sul-Xan's Torment (Perfected Sul-Xan's Torment)","Perfected Boots of Sul-Xan's Torment (Perfected Sul-Xan's Torment)","","Corpseburster Ring (Corpseburster)","Corpseburster Ring (Corpseburster)","Corpseburster Dagger (Corpseburster)","Corpseburster Dagger (Corpseburster)","The Maelstrom's Perfected Inferno Staff (Perfected Crushing Wall)"," ()","Camouflaged Hunter","Blighted Blastbones","Detonating Siphon","Whirling Blades","Sundering Banner (Class Flourish / Courage)","Flawless Dawnbreaker","Skeletal Archer","Blockade of Fire","Necrotic Potency","Proximity Detonation","Sundering Banner (Class Flourish / Courage)","Elemental Rage"
"Aetherian Archive","Trash Builds","https://www.esologs.com/reports/wabQMJpj1BPyc4q9#fight=62&type=summary&source=3","@R1VA","Alıson Hell","bone-grave-x-corpseburster-perfected-sul-xans-torment","dps","Grave","Bone","x","Perfected Sul-Xan's Torment","Corpseburster","79873.8","3913.3","64.8","79873.8 DPS","","Slimecraw Mask (Slimecraw)","Perfected Jack of Sul-Xan's Torment (Perfected Sul-Xan's Torment)","Perfected Arm Cops of Sul-Xan's Torment (Perfected Sul-Xan's Torment)","Corpseburster Bracers (Corpseburster)","","Perfected Guards of Sul-Xan's Torment (Perfected Sul-Xan's Torment)","Perfected Boots of Sul-Xan's Torment (Perfected Sul-Xan's Torment)","","Corpseburster Ring (Corpseburster)","Corpseburster Ring (Corpseburster)","Corpseburster Dagger (Corpseburster)","Corpseburster Dagger (Corpseburster)","The Maelstrom's Perfected Inferno Staff (Perfected Crushing Wall)"," ()","Blighted Blastbones","Whirling Blades","Detonating Siphon","Camouflaged Hunter","Sundering Banner (Class Flourish / Courage)","Flawless Dawnbreaker","Blockade of Fire","Unnerving Boneyard","Proximity Detonation","Necrotic Potency","Sundering Banner (Class Flourish / Courage)","Glacial Colossus"
"Aetherian Archive","Trash Builds","https://www.esologs.com/reports/wabQMJpj1BPyc4q9#fight=62&type=summary&source=5","@Gopher07","Dödrumpa","bone-grave-x-corpseburster-perfected-sul-xans-torment","dps","Grave","Bone","x","Perfected Sul-Xan's Torment","Corpseburster","27308.1","424.0","62.8","27308.1 DPS","","Perfected Helmet of Sul-Xan's Torment (Perfected Sul-Xan's Torment)","Perfected Jack of Sul-Xan's Torment (Perfected Sul-Xan's Torment)","Slimecraw Arm Cops (Slimecraw)","Corpseburster Bracers (Corpseburster)","","Perfected Guards of Sul-Xan's Torment (Perfected Sul-Xan's Torment)","Perfected Boots of Sul-Xan's Torment (Perfected Sul-Xan's Torment)","","Corpseburster Ring (Corpseburster)","Corpseburster Ring (Corpseburster)","Corpseburster Dagger (Corpseburster)","Corpseburster Dagger (Corpseburster)","The Maelstrom's Perfected Inferno Staff (Perfected Crushing Wall)"," ()","Camouflaged Hunter","Blighted Blastbones","Detonating Siphon","Whirling Blades","Sundering Banner (Class Flourish / Courage)","Flawless Dawnbreaker","Skeletal Archer","Blockade of Fire","Necrotic Potency","Proximity Detonation","Sundering Banner (Class Flourish / Courage)","Elemental Rage"
"Aetherian Archive","Trash Builds","https://www.esologs.com/reports/wabQMJpj1BPyc4q9#fight=62&type=summary&source=3","@R1VA","Alıson Hell","bone-grave-x-corpseburster-perfected-sul-xans-torment","dps","Grave","Bone","x","Perfected Sul-Xan's Torment","Corpseburster","73348.6","310.7","75.8","73348.6 DPS","","Slimecraw Mask (Slimecraw)","Perfected Jack of Sul-Xan's Torment (Perfected Sul-Xan's Torment)","Perfected Arm Cops of Sul-Xan's Torment (Perfected Sul-Xan's Torment)","Corpseburster Bracers (Corpseburster)","","Perfected Guards of Sul-Xan's Torment (Perfected Sul-Xan's Torment)","Perfected Boots of Sul-Xan's Torment (Perfected Sul-Xan's Torment)","","Corpseburster Ring (Corpseburster)","Corpseburster Ring (Corpseburster)","Corpseburster Dagger (Corpseburster)","Corpseburster Dagger (Corpseburster)","The Maelstrom's Perfected Inferno Staff (Perfected Crushing Wall)"," ()","Blighted Blastbones","Whirling Blades","Detonating Siphon","Camouflaged Hunter","Sundering Banner (Class Flourish / Courage)","Flawless Dawnbreaker","Blockade of Fire","Unnerving Boneyard","Proximity Detonation","Necrotic Potency","Sundering Banner (Class Flourish / Courage)","Glacial Colossus"
"Aetherian Archive","Trash Builds","https://www.esologs.com/reports/wabQMJpj1BPyc4q9#fight=62&type=summary&source=3","@Melina_nyu","Crolina'nyu","bone-grave-x-corpseburster-perfected-sul-xans-torment","dps","Grave","Bone","x","Perfected Sul-Xan's Torment","Corpseburster","123988.6","6307.9","98.9","123988.6 DPS","","Perfected Helmet of Sul-Xan's Torment (Perfected Sul-Xan's Torment)","Perfected Jack of Sul-Xan's Torment (Perfected Sul-Xan's Torment)","Slimecraw Arm Cops (Slimecraw)","Perfected Bracers of Sul-Xan's Torment (Perfected Sul-Xan's Torment)","","Corpseburster Guards (Corpseburster)","Perfected Boots of Sul-Xan's Torment (Perfected Sul-Xan's Torment)","","Corpseburster Ring (Corpseburster)","Corpseburster Ring (Corpseburster)","Corpseburster Dagger (Corpseburster)","Corpseburster Dagger (Corpseburster)","The Maelstrom's Perfected Inferno Staff (Perfected Crushing Wall)"," ()","Shattering Knife","Quick Cloak","Camouflaged Hunter","Banner Bearer","Detonating Siphon","Flawless Dawnbreaker","Blighted Blastbones","Necrotic Potency","Banner Bearer","Skeletal Archer","Elemental Blockade","Glacial Colossus"
"Aetherian Archive","Trash Builds","https://www.esologs.com/reports/wabQMJpj1BPyc4q9#fight=62&type=summary&source=81","@TameTheGoldenOne","Skywrath Necromancer","bone-grave-x-corpseburster-perfected-sul-xans-torment","dps","Grave","Bone","x","Perfected Sul-Xan's Torment","Corpseburster","98715.7","3017.2","71.3","98715.7 DPS","","Slimecraw Guise (Slimecraw)","Perfected Jack of Sul-Xan's Torment (Perfected Sul-Xan's Torment)","Perfected Arm Cops of Sul-Xan's Torment (Perfected Sul-Xan's Torment)","Perfected Bracers of Sul-Xan's Torment (Perfected Sul-Xan's Torment)","","Corpseburster Guards (Corpseburster)","Perfected Boots of Sul-Xan's Torment (Perfected Sul-Xan's Torment)","","Corpseburster Ring (Corpseburster)","Corpseburster Ring (Corpseburster)","Corpseburster Dagger (Corpseburster)","Corpseburster Dagger (Corpseburster)","The Maelstrom's Inferno Staff (Crushing Wall)"," ()","Detonating Siphon","Unnerving Boneyard","Whirling Blades","Blighted Blastbones","Shocking Banner (Class Flourish / Courage)","Flawless Dawnbreaker","Blockade of Fire","Anti-Cavalry Caltrops","Proximity Detonation","Necrotic Potency","Shocking Banner (Class Flourish / Courage)","Elemental Rage"
"Aetherian Archive","Trash Builds","https://www.esologs.com/reports/wabQMJpj1BPyc4q9#fight=62&type=summary&source=81","@TameTheGoldenOne","Skywrath Necromancer","bone-grave-x-corpseburster-perfected-sul-xans-torment","dps","Grave","Bone","x","Perfected Sul-Xan's Torment","Corpseburster","79315.2","674.7","69.5","79315.2 DPS","","Slimecraw Guise (Slimecraw)","Perfected Jack of Sul-Xan's Torment (Perfected Sul-Xan's Torment)","Perfected Arm Cops of Sul-Xan's Torment (Perfected Sul-Xan's Torment)","Perfected Bracers of Sul-Xan's Torment (Perfected Sul-Xan's Torment)","","Corpseburster Guards (Corpseburster)","Perfected Boots of Sul-Xan's Torment (Perfected Sul-Xan's Torment)","","Corpseburster Ring (Corpseburster)","Corpseburster Ring (Corpseburster)","Corpseburster Dagger (Corpseburster)","Corpseburster Dagger (Corpseburster)","The Maelstrom's Inferno Staff (Crushing Wall)"," ()","Detonating Siphon","Unnerving Boneyard","Whirling Blades","Blighted Blastbones","Shocking Banner (Class Flourish / Courage)","Flawless Dawnbreaker","Blockade of Fire","Anti-Cavalry Caltrops","Proximity Detonation","Necrotic Potency","Shocking Banner (Class Flourish / Courage)","Fiery Rage"
"Aetherian Archive","Trash Builds","https://www.esologs.com/reports/wabQMJpj1BPyc4q9#fight=62&type=summary&source=4","@Al_duin","Hysiléns","bone-grave-x-corpseburster-perfected-sul-xans-torment","dps","Grave","Bone","x","Corpseburster","Perfected Sul-Xan's Torment","166917.0","14186.9","98.4","166917.0 DPS","The Thief","Corpseburster Helmet (Corpseburster)","Perfected Jack of Sul-Xan's Torment (Perfected Sul-Xan's Torment)","Slimecraw Arm Cops (Slimecraw)","Perfected Bracers of Sul-Xan's Torment (Perfected Sul-Xan's Torment)","","Perfected Guards of Sul-Xan's Torment (Perfected Sul-Xan's Torment)","Perfected Boots of Sul-Xan's Torment (Perfected Sul-Xan's Torment)","","Corpseburster Ring (Corpseburster)","Corpseburster Ring (Corpseburster)","Corpseburster Dagger (Corpseburster)","Corpseburster Dagger (Corpseburster)","The Maelstrom's Perfected Greatsword (Perfected Merciless Charge)"," ()","Unnerving Boneyard","Detonating Siphon","Blighted Blastbones","Whirling Blades","Camouflaged Hunter","Flawless Dawnbreaker","Proximity Detonation","Necrotic Potency","Echoing Vigor","Blood Mist","Stampede","Pestilent Colossus"
"Aetherian Archive","Trash Builds","https://www.esologs.com/reports/wabQMJpj1BPyc4q9#fight=62&type=summary&source=11","@Zeeces","Snickers im Speckmantel","bone-grave-x-corpseburster-perfected-sul-xans-torment","dps","Grave","Bone","x","Corpseburster","Perfected Sul-Xan's Torment","97818.5","8383.6","94.0","97818.5 DPS","","Corpseburster Helmet (Corpseburster)","Perfected Jack of Sul-Xan's Torment (Perfected Sul-Xan's Torment)","Slimecraw Arm Cops (Slimecraw)","Perfected Bracers of Sul-Xan's Torment (Perfected Sul-Xan's Torment)","","Perfected Guards of Sul-Xan's Torment (Perfected Sul-Xan's Torment)","Perfected Boots of Sul-Xan's Torment (Perfected Sul-Xan's Torment)","","Corpseburster Ring (Corpseburster)","Corpseburster Ring (Corpseburster)","Corpseburster Dagger (Corpseburster)","Corpseburster Dagger (Corpseburster)","The Maelstrom's Bow (Thunderous Volley)"," ()","Whirling Blades","Quick Cloak","Detonating Siphon","Grave Grasp","Echoing Vigor","Flawless Dawnbreaker","Blighted Blastbones","Arrow Barrage","Detonating Siphon","Necrotic Potency","Skeletal Archer","Shooting Star"
"Aetherian Archive","Trash Builds","https://www.esologs.com/reports/wabQMJpj1BPyc4q9#fight=62&type=summary&source=4","@Al_duin","Hysiléns","bone-grave-x-corpseburster-perfected-sul-xans-torment","healer","Grave","Bone","x","Corpseburster","Perfected Sul-Xan's Torment","11840.3","6744.8","51.2","6744.8 HPS","","Corpseburster Helmet (Corpseburster)","Perfected Jack of Sul-Xan's Torment (Perfected Sul-Xan's Torment)","Slimecraw Arm Cops (Slimecraw)","Perfected Bracers of Sul-Xan's Torment (Perfected Sul-Xan's Torment)","","Perfected Guards of Sul-Xan's Torment (Perfected Sul-Xan's Torment)","Perfected Boots of Sul-Xan's Torment (Perfected Sul-Xan's Torment)","","Corpseburster Ring (Corpseburster)","Corpseburster Ring (Corpseburster)","Corpseburster Dagger (Corpseburster)","Corpseburster Dagger (Corpseburster)","The Maelstrom's Perfected Greatsword (Perfected Merciless Charge)"," ()","Unnerving Boneyard","Detonating Siphon","Blighted Blastbones","Whirling Blades","Camouflaged Hunter","Flawless Dawnbreaker","Silver Leash","Necrotic Potency","Echoing Vigor","Exhilarating Drain","Stampede","Pestilent Colossus"
"Aetherian Archive","Trash Builds","https://www.esologs.com/reports/wabQMJpj1BPyc4q9#fight=62&type=summary&source=11","@Zeeces","Snickers im Speckmantel","bone-grave-x-corpseburster-perfected-sul-xans-torment","healer","Grave","Bone","x","Corpseburster","Perfected Sul-Xan's Torment","9646.6","8825.9","28.4","8825.9 HPS","","Corpseburster Helmet (Corpseburster)","Perfected Jack of Sul-Xan's Torment (Perfected Sul-Xan's Torment)","Slimecraw Arm Cops (Slimecraw)","Perfected Bracers of Sul-Xan's Torment (Perfected Sul-Xan's Torment)","","Perfected Guards of Sul-Xan's Torment (Perfected Sul-Xan's Torment)","Perfected Boots of Sul-Xan's Torment (Perfected Sul-Xan's Torment)","","Corpseburster Ring (Corpseburster)","Corpseburster Ring (Corpseburster)","Corpseburster Dagger (Corpseburster)","Corpseburster Dagger (Corpseburster)","The Maelstrom's Bow (Thunderous Volley)"," ()","Whirling Blades","Quick Cloak","Detonating Siphon","Silver Leash","Echoing Vigor","Flawless Dawnbreaker","Blighted Blastbones","Arrow Barrage","Detonating Siphon","Necrotic Potency","Skeletal Archer","Shooting Star"
"Aetherian Archive","Trash Builds","https://www.esologs.com/reports/wabQMJpj1BPyc4q9#fight=62&type=summary&source=8","@alakeyfox","Taahei-Xan Taalil","bone-grave-x-corpseburster-perfected-sul-xans-torment","dps","Grave","Bone","x","Perfected Sul-Xan's Torment","Corpseburster","79625.9","11947.0","43.9","79625.9 DPS","","Nerien'eth Mask (Nerien'eth)","Perfected Jack of Sul-Xan's Torment (Perfected Sul-Xan's Torment)","Corpseburster Epaulets (Corpseburster)","Perfected Bracers of Sul-Xan's Torment (Perfected Sul-Xan's Torment)","","Perfected Guards of Sul-Xan's Torment (Perfected Sul-Xan's Torment)","Perfected Boots of Sul-Xan's Torment (Perfected Sul-Xan's Torment)","","Corpseburster Ring (Corpseburster)","Corpseburster Ring (Corpseburster)","Corpseburster Mace (Corpseburster)","Corpseburster Dagger (Corpseburster)","The Maelstrom's Perfected Inferno Staff (Perfected Crushing Wall)"," ()","Venom Skull","Detonating Siphon","Blighted Blastbones","Unnerving Boneyard","Banner Bearer","Flawless Dawnbreaker","Scalding Rune","Elemental Blockade","Necrotic Potency","Skeletal Archer","Banner Bearer","Shooting Star"
"Aetherian Archive","Trash Builds","https://www.esologs.com/reports/wabQMJpj1BPyc4q9#fight=62&type=summary&source=8","@alakeyfox","Taahei-Xan Taalil","bone-grave-x-corpseburster-perfected-sul-xans-torment","dps","Grave","Bone","x","Perfected Sul-Xan's Torment","Corpseburster","58511.0","4771.8","48.3","58511.0 DPS","","Nerien'eth Mask (Nerien'eth)","Perfected Jack of Sul-Xan's Torment (Perfected Sul-Xan's Torment)","Corpseburster Epaulets (Corpseburster)","Perfected Bracers of Sul-Xan's Torment (Perfected Sul-Xan's Torment)","","Perfected Guards of Sul-Xan's Torment (Perfected Sul-Xan's Torment)","Perfected Boots of Sul-Xan's Torment (Perfected Sul-Xan's Torment)","","Corpseburster Ring (Corpseburster)","Corpseburster Ring (Corpseburster)","Corpseburster Mace (Corpseburster)","Corpseburster Dagger (Corpseburster)","The Maelstrom's Perfected Inferno Staff (Perfected Crushing Wall)"," ()","Venom Skull","Detonating Siphon","Blighted Blastbones","Unnerving Boneyard","Banner Bearer","Flawless Dawnbreaker","Scalding Rune","Elemental Blockade","Necrotic Potency","Skeletal Archer","Banner Bearer","Shooting Star"
"Aetherian Archive","Trash Builds","https://www.esologs.com/reports/wabQMJpj1BPyc4q9#fight=62&type=summary&source=12","@Krophos","Vyne of the Hallowed Rift","bone-grave-x-corpseburster-perfected-sul-xans-torment","dps","Grave","Bone","x","Perfected Sul-Xan's Torment","Corpseburster","88887.1","721.0","64.2","88887.1 DPS","","Perfected Helmet of Sul-Xan's Torment (Perfected Sul-Xan's Torment)","Perfected Jack of Sul-Xan's Torment (Perfected Sul-Xan's Torment)","Iceheart Arm Cops (Iceheart)","Perfected Bracers of Sul-Xan's Torment (Perfected Sul-Xan's Torment)","","Perfected Guards of Sul-Xan's Torment (Perfected Sul-Xan's Torment)","Perfected Boots of Sul-Xan's Torment (Perfected Sul-Xan's Torment)","","Corpseburster Ring (Corpseburster)","Corpseburster Ring (Corpseburster)","Corpseburster Dagger (Corpseburster)","Corpseburster Dagger (Corpseburster)","The Maelstrom's Perfected Inferno Staff (Perfected Crushing Wall)"," ()","Banner Bearer","Quick Cloak","Detonating Siphon","Blighted Blastbones","Ghostly Embrace","Flawless Dawnbreaker","Banner Bearer","Skeletal Archer","Elemental Blockade","Unnerving Boneyard","Resolving Vigor","Shooting Star"
"Aetherian Archive","Trash Builds","https://www.esologs.com/reports/wabQMJpj1BPyc4q9#fight=62&type=summary&source=12","@Krophos","Vyne of the Hallowed Rift","bone-grave-x-corpseburster-perfected-sul-xans-torment","dps","Grave","Bone","x","Perfected Sul-Xan's Torment","Corpseburster","52031.2","355.8","33.9","52031.2 DPS","","Perfected Helmet of Sul-Xan's Torment (Perfected Sul-Xan's Torment)","Perfected Jack of Sul-Xan's Torment (Perfected Sul-Xan's Torment)","Iceheart Arm Cops (Iceheart)","Perfected Bracers of Sul-Xan's Torment (Perfected Sul-Xan's Torment)","","Perfected Guards of Sul-Xan's Torment (Perfected Sul-Xan's Torment)","Perfected Boots of Sul-Xan's Torment (Perfected Sul-Xan's Torment)","","Corpseburster Ring (Corpseburster)","Corpseburster Ring (Corpseburster)","Corpseburster Dagger (Corpseburster)","Corpseburster Dagger (Corpseburster)","The Maelstrom's Perfected Inferno Staff (Perfected Crushing Wall)"," ()","Banner Bearer","Quick Cloak","Detonating Siphon","Blighted Blastbones","Ghostly Embrace","Flawless Dawnbreaker","Banner Bearer","Skeletal Archer","Elemental Blockade","Unnerving Boneyard","Resolving Vigor","Shooting Star"
"Aetherian Archive","Trash Builds","https://www.esologs.com/reports/h8YdMg3bJatm6LwX#fight=38&type=summary&source=10","@Reshi47","Onetrickreshie","herald-x-x-perfected-slivers-of-the-null-arca-spattering-disjunction","dps","Herald","x","x","Perfected Slivers of the Null Arca","Spattering Disjunction","92392.9","4462.2","21.9","92392.9 DPS","The Thief","Perfected Null Arca Helmet (Perfected Slivers of the Null Arca)","Perfected Null Arca Jack (Perfected Slivers of the Null Arca)","Slimecraw Arm Cops (Slimecraw)","Perfected Null Arca Bracers (Perfected Slivers of the Null Arca)","","Spattering Disjunction Guards (Spattering Disjunction)","Spattering Disjunction Boots (Spattering Disjunction)","","Spattering Disjunction Ring (Spattering Disjunction)","Spattering Disjunction Ring (Spattering Disjunction)","Perfected Null Arca Dagger (Perfected Slivers of the Null Arca)","Perfected Null Arca Dagger (Perfected Slivers of the Null Arca)","The Maelstrom's Perfected Greatsword (Perfected Merciless Charge)"," ()","Pragmatic Fatecarver","Quick Cloak","Barbed Trap","Cephaliarch's Flail","Camouflaged Hunter","Flawless Dawnbreaker","Stampede","Fulminating Rune","Ulfsild's Contingency","Inspired Scholarship","Echoing Vigor","The Languid Eye"
"Aetherian Archive","Trash Builds","https://www.esologs.com/reports/h8YdMg3bJatm6LwX#fight=38&type=summary&source=10","@Reshi47","Onetrickreshie","herald-x-x-perfected-slivers-of-the-null-arca-spattering-disjunction","dps","Herald","x","x","Perfected Slivers of the Null Arca","Spattering Disjunction","81365.1","4356.0","9.5","81365.1 DPS","","Perfected Null Arca Helmet (Perfected Slivers of the Null Arca)","Perfected Null Arca Jack (Perfected Slivers of the Null Arca)","Slimecraw Arm Cops (Slimecraw)","Perfected Null Arca Bracers (Perfected Slivers of the Null Arca)","","Spattering Disjunction Guards (Spattering Disjunction)","Spattering Disjunction Boots (Spattering Disjunction)","","Spattering Disjunction Ring (Spattering Disjunction)","Spattering Disjunction Ring (Spattering Disjunction)","Perfected Null Arca Dagger (Perfected Slivers of the Null Arca)","Perfected Null Arca Dagger (Perfected Slivers of the Null Arca)","The Maelstrom's Perfected Greatsword (Perfected Merciless Charge)"," ()","Pragmatic Fatecarver","Quick Cloak","Barbed Trap","Cephaliarch's Flail","Camouflaged Hunter","Flawless Dawnbreaker","Stampede","Fulminating Rune","Ulfsild's Contingency","Inspired Scholarship","Echoing Vigor","The Languid Eye"
"Aetherian Archive","Trash Builds","https://www.esologs.com/reports/h8YdMg3bJatm6LwX#fight=38&type=summary&source=8","@ikillmeee","leave it to skiver","herald-x-x-perfected-slivers-of-the-null-arca-spattering-disjunction","dps","Herald","x","x","Spattering Disjunction","Perfected Slivers of the Null Arca","61173.8","4892.2","30.4","61173.8 DPS","","Slimecraw Mask (Slimecraw)","Spattering Disjunction Jack (Spattering Disjunction)","Perfected Null Arca Arm Cops (Perfected Slivers of the Null Arca)","Spattering Disjunction Bracers (Spattering Disjunction)","","Spattering Disjunction Guards (Spattering Disjunction)","Spattering Disjunction Boots (Spattering Disjunction)","","Perfected Null Arca Ring (Perfected Slivers of the Null Arca)","Perfected Null Arca Ring (Perfected Slivers of the Null Arca)","Perfected Null Arca Dagger (Perfected Slivers of the Null Arca)","Perfected Null Arca Dagger (Perfected Slivers of the Null Arca)","The Maelstrom's Perfected Greatsword (Perfected Merciless Charge)"," ()","Cephaliarch's Flail","Camouflaged Hunter","Quick Cloak","Pragmatic Fatecarver","Banner Bearer","Flawless Dawnbreaker","Inspired Scholarship","Stampede","Trap Beast","Fulminating Rune","Banner Bearer","The Tide King's Gaze"
"Aetherian Archive","Trash Builds","https://www.esologs.com/reports/h8YdMg3bJatm6LwX#fight=38&type=summary&source=8","@ikillmeee","leave it to skiver","herald-x-x-perfected-slivers-of-the-null-arca-spattering-disjunction","dps","Herald","x","x","Spattering Disjunction","Perfected Slivers of the Null Arca","40548.1","3000.2","26.8","40548.1 DPS","","Slimecraw Mask (Slimecraw)","Spattering Disjunction Jack (Spattering Disjunction)","Perfected Null Arca Arm Cops (Perfected Slivers of the Null Arca)","Spattering Disjunction Bracers (Spattering Disjunction)","","Spattering Disjunction Guards (Spattering Disjunction)","Spattering Disjunction Boots (Spattering Disjunction)","","Perfected Null Arca Ring (Perfected Slivers of the Null Arca)","Perfected Null Arca Ring (Perfected Slivers of the Null Arca)","Perfected Null Arca Dagger (Perfected Slivers of the Null Arca)","Perfected Null Arca Dagger (Perfected Slivers of the Null Arca)","The Maelstrom's Perfected Greatsword (Perfected Merciless Charge)"," ()","Cephaliarch's Flail","Camouflaged Hunter","Quick Cloak","Pragmatic Fatecarver","Banner Bearer","Flawless Dawnbreaker","Inspired Scholarship","Stampede","Trap Beast","Fulminating Rune","Banner Bearer","The Tide King's Gaze"
"Aetherian Archive","Trash Builds","https://www.esologs.com/reports/h8YdMg3bJatm6LwX#fight=38&type=summary&source=4","@Danstoneyhaven","May-Tickle-Ur-Baps","herald-x-x-perfected-slivers-of-the-null-arca-spattering-disjunction","dps","Herald","x","x","Perfected Slivers of the Null Arca","Spattering Disjunction","67373.5","5970.4","32.1","67373.5 DPS","","Perfected Null Arca Helmet (Perfected Slivers of the Null Arca)","Perfected Null Arca Jack (Perfected Slivers of the Null Arca)","Nerien'eth Epaulets (Nerien'eth)","Perfected Null Arca Bracers (Perfected Slivers of the Null Arca)","","Perfected Null Arca Guards (Perfected Slivers of the Null Arca)","Spattering Disjunction Boots (Spattering Disjunction)","","Spattering Disjunction Ring (Spattering Disjunction)","Spattering Disjunction Ring (Spattering Disjunction)","Spattering Disjunction Dagger (Spattering Disjunction)","Spattering Disjunction Dagger (Spattering Disjunction)","The Maelstrom's Greatsword (Merciless Charge)"," ()","Cephaliarch's Flail","Quick Cloak","Barbed Trap","Pragmatic Fatecarver","Banner Bearer","Flawless Dawnbreaker","Stampede","Inspired Scholarship","Fulminating Rune","Camouflaged Hunter","Banner Bearer","The Languid Eye"
"Aetherian Archive","Trash Builds","https://www.esologs.com/reports/h8YdMg3bJatm6LwX#fight=38&type=summary&source=4","@Danstoneyhaven","May-Tickle-Ur-Baps","herald-x-x-perfected-slivers-of-the-null-arca-spattering-disjunction","dps","Herald","x","x","Perfected Slivers of the Null Arca","Spattering Disjunction","61790.2","2676.3","11.1","61790.2 DPS","","Perfected Null Arca Helmet (Perfected Slivers of the Null Arca)","Perfected Null Arca Jack (Perfected Slivers of the Null Arca)","Nerien'eth Epaulets (Nerien'eth)","Perfected Null Arca Bracers (Perfected Slivers of the Null Arca)","","Perfected Null Arca Guards (Perfected Slivers of the Null Arca)","Spattering Disjunction Boots (Spattering Disjunction)","","Spattering Disjunction Ring (Spattering Disjunction)","Spattering Disjunction Ring (Spattering Disjunction)","Spattering Disjunction Dagger (Spattering Disjunction)","Spattering Disjunction Dagger (Spattering Disjunction)","The Maelstrom's Greatsword (Merciless Charge)"," ()","Cephaliarch's Flail","Quick Cloak","Barbed Trap","Pragmatic Fatecarver","Banner Bearer","Flawless Dawnbreaker","Stampede","Inspired Scholarship","Fulminating Rune","Camouflaged Hunter","Banner Bearer","The Languid Eye"
"Aetherian Archive","Trash Builds","https://www.esologs.com/reports/h8YdMg3bJatm6LwX#fight=38&type=summary&source=6","@sZenario27","Celebrimbor von Eregion","herald-x-x-perfected-slivers-of-the-null-arca-spattering-disjunction","dps","Herald","x","x","Spattering Disjunction","Perfected Slivers of the Null Arca","65060.8","3584.0","16.5","65060.8 DPS","","Slimecraw Mask (Slimecraw)","Spattering Disjunction Jack (Spattering Disjunction)","Perfected Null Arca Arm Cops (Perfected Slivers of the Null Arca)","Spattering Disjunction Bracers (Spattering Disjunction)","","Spattering Disjunction Guards (Spattering Disjunction)","Spattering Disjunction Boots (Spattering Disjunction)","","Perfected Null Arca Ring (Perfected Slivers of the Null Arca)","Perfected Null Arca Ring (Perfected Slivers of the Null Arca)","Perfected Null Arca Dagger (Perfected Slivers of the Null Arca)","Perfected Null Arca Dagger (Perfected Slivers of the Null Arca)","The Maelstrom's Perfected Greatsword (Perfected Merciless Charge)"," ()","Quick Cloak","Cephaliarch's Flail","Pragmatic Fatecarver","Camouflaged Hunter","Banner Bearer","Flawless Dawnbreaker","Inspired Scholarship","Stampede","Fulminating Rune","Camouflaged Hunter","Banner Bearer","The Languid Eye"
"Aetherian Archive","Trash Builds","https://www.esologs.com/reports/h8YdMg3bJatm6LwX#fight=38&type=summary&source=10","@Sarracen858","Sheshadow","herald-x-x-perfected-slivers-of-the-null-arca-spattering-disjunction","dps","Herald","x","x","Perfected Slivers of the Null Arca","Spattering Disjunction","78536.6","3514.4","34.7","78536.6 DPS","","Perfected Null Arca Helmet (Perfected Slivers of the Null Arca)","Spattering Disjunction Jack (Spattering Disjunction)","Slimecraw Epaulets (Slimecraw)","Spattering Disjunction Bracers (Spattering Disjunction)","","Spattering Disjunction Guards (Spattering Disjunction)","Spattering Disjunction Boots (Spattering Disjunction)","","Perfected Null Arca Ring (Perfected Slivers of the Null Arca)","Perfected Null Arca Ring (Perfected Slivers of the Null Arca)","Perfected Null Arca Dagger (Perfected Slivers of the Null Arca)","Perfected Null Arca Dagger (Perfected Slivers of the Null Arca)","The Maelstrom's Perfected Greatsword (Perfected Merciless Charge)"," ()","Quick Cloak","Pragmatic Fatecarver","Cephaliarch's Flail","Barbed Trap","Camouflaged Hunter","Flawless Dawnbreaker","Stampede","Fulminating Rune","Inspired Scholarship","Scalding Rune","Camouflaged Hunter","The Languid Eye"
"Aetherian Archive","Trash Builds","https://www.esologs.com/reports/h8YdMg3bJatm6LwX#fight=38&type=summary&source=8","@annia08","Narya von Eregion","herald-x-x-perfected-slivers-of-the-null-arca-spattering-disjunction","dps","Herald","x","x","Spattering Disjunction","Perfected Slivers of the Null Arca","85003.4","5727.6","19.8","85003.4 DPS","","Slimecraw Mask (Slimecraw)","Spattering Disjunction Jack (Spattering Disjunction)","Perfected Null Arca Arm Cops (Perfected Slivers of the Null Arca)","Spattering Disjunction Bracers (Spattering Disjunction)","","Spattering Disjunction Guards (Spattering Disjunction)","Spattering Disjunction Boots (Spattering Disjunction)","","Perfected Null Arca Ring (Perfected Slivers of the Null Arca)","Perfected Null Arca Ring (Perfected Slivers of the Null Arca)","Perfected Null Arca Dagger (Perfected Slivers of the Null Arca)","Perfected Null Arca Dagger (Perfected Slivers of the Null Arca)","The Maelstrom's Perfected Greatsword (Perfected Merciless Charge)"," ()","Cephaliarch's Flail","Quick Cloak","Pragmatic Fatecarver","Camouflaged Hunter","Banner Bearer","Flawless Dawnbreaker","Fulminating Rune","Inspired Scholarship","Stampede","Resolving Vigor","Banner Bearer","The Languid Eye"
"Aetherian Archive","Trash Builds","https://www.esologs.com/reports/h8YdMg3bJatm6LwX#fight=38&type=summary&source=6","@sZenario27","Celebrimbor von Eregion","herald-x-x-perfected-slivers-of-the-null-arca-spattering-disjunction","dps","Herald","x","x","Spattering Disjunction","Perfected Slivers of the Null Arca","32750.2","2681.7","7.5","32750.2 DPS","","Slimecraw Mask (Slimecraw)","Spattering Disjunction Jack (Spattering Disjunction)","Perfected Null Arca Arm Cops (Perfected Slivers of the Null Arca)","Spattering Disjunction Bracers (Spattering Disjunction)","","Spattering Disjunction Guards (Spattering Disjunction)","Spattering Disjunction Boots (Spattering Disjunction)","","Perfected Null Arca Ring (Perfected Slivers of the Null Arca)","Perfected Null Arca Ring (Perfected Slivers of the Null Arca)","Perfected Null Arca Dagger (Perfected Slivers of the Null Arca)","Perfected Null Arca Dagger (Perfected Slivers of the Null Arca)","The Maelstrom's Perfected Greatsword (Perfected Merciless Charge)"," ()","Quick Cloak","Cephaliarch's Flail","Pragmatic Fatecarver","Camouflaged Hunter","Banner Bearer","Flawless Dawnbreaker","Inspired Scholarship","Stampede","Fulminating Rune","Camouflaged Hunter","Banner Bearer","The Languid Eye"
"Aetherian Archive","Trash Builds","https://www.esologs.com/reports/h8YdMg3bJatm6LwX#fight=38&type=summary&source=10","@Sarracen858","Sheshadow","herald-x-x-perfected-slivers-of-the-null-arca-spattering-disjunction","dps","Herald","x","x","Perfected Slivers of the Null Arca","Spattering Disjunction","44460.4","2824.4","37.5","44460.4 DPS","","Perfected Null Arca Helmet (Perfected Slivers of the Null Arca)","Spattering Disjunction Jack (Spattering Disjunction)","Slimecraw Epaulets (Slimecraw)","Spattering Disjunction Bracers (Spattering Disjunction)","","Spattering Disjunction Guards (Spattering Disjunction)","Spattering Disjunction Boots (Spattering Disjunction)","","Perfected Null Arca Ring (Perfected Slivers of the Null Arca)","Perfected Null Arca Ring (Perfected Slivers of the Null Arca)","Perfected Null Arca Dagger (Perfected Slivers of the Null Arca)","Perfected Null Arca Dagger (Perfected Slivers of the Null Arca)","The Maelstrom's Perfected Greatsword (Perfected Merciless Charge)"," ()","Quick Cloak","Pragmatic Fatecarver","Cephaliarch's Flail","Barbed Trap","Camouflaged Hunter","Flawless Dawnbreaker","Stampede","Fulminating Rune","Inspired Scholarship","Scalding Rune","Camouflaged Hunter","The Languid Eye"
"Aetherian Archive","Trash Builds","https://www.esologs.com/reports/h8YdMg3bJatm6LwX#fight=38&type=summary&source=8","@annia08","Narya von Eregion","herald-x-x-perfected-slivers-of-the-null-arca-spattering-disjunction","dps","Herald","x","x","Spattering Disjunction","Perfected Slivers of the Null Arca","46940.1","3665.8","31.3","46940.1 DPS","","Slimecraw Mask (Slimecraw)","Spattering Disjunction Jack (Spattering Disjunction)","Perfected Null Arca Arm Cops (Perfected Slivers of the Null Arca)","Spattering Disjunction Bracers (Spattering Disjunction)","","Spattering Disjunction Guards (Spattering Disjunction)","Spattering Disjunction Boots (Spattering Disjunction)","","Perfected Null Arca Ring (Perfected Slivers of the Null Arca)","Perfected Null Arca Ring (Perfected Slivers of the Null Arca)","Perfected Null Arca Dagger (Perfected Slivers of the Null Arca)","Perfected Null Arca Dagger (Perfected Slivers of the Null Arca)","The Maelstrom's Perfected Greatsword (Perfected Merciless Charge)"," ()","Cephaliarch's Flail","Quick Cloak","Pragmatic Fatecarver","Camouflaged Hunter","Banner Bearer","Flawless Dawnbreaker","Fulminating Rune","Inspired Scholarship","Stampede","Camouflaged Hunter","Banner Bearer","The Languid Eye"
"Aetherian Archive","Trash Builds","https://www.esologs.com/reports/wabQMJpj1BPyc4q9#fight=62&type=summary&source=7","@KarinFlory","Jacek Kaczmarskï","ass-shadow-siphon-perfected-sul-xans-torment-soulcleaver","dps","Ass","Shadow","Siphon","Perfected Sul-Xan's Torment","Soulcleaver","115771.6","4360.2","84.7","115771.6 DPS","","Perfected Helmet of Sul-Xan's Torment (Perfected Sul-Xan's Torment)","Soulcleaver Jack (Soulcleaver)","Slimecraw Epaulets (Slimecraw)","Soulcleaver Bracers (Soulcleaver)","","Soulcleaver Guards (Soulcleaver)","Soulcleaver Boots (Soulcleaver)","","Perfected Ring of Sul-Xan's Torment (Perfected Sul-Xan's Torment)","Perfected Ring of Sul-Xan's Torment (Perfected Sul-Xan's Torment)","Perfected Dagger of Sul-Xan's Torment (Perfected Sul-Xan's Torment)","Perfected Dagger of Sul-Xan's Torment (Perfected Sul-Xan's Torment)","The Maelstrom's Perfected Inferno Staff (Perfected Crushing Wall)"," ()","Whirling Blades","Relentless Focus","Shadowy Disguise","Power Extraction","Quick Cloak","Incapacitating Strike","Proximity Detonation","Blood Mist","Blockade of Fire","Dark Shade","Simmering Frenzy","Elemental Rage"
"Aetherian Archive","Trash Builds","https://www.esologs.com/reports/wabQMJpj1BPyc4q9#fight=62&type=summary&source=7","@KarinFlory","Jacek Kaczmarskï","ass-shadow-siphon-perfected-sul-xans-torment-soulcleaver","dps","Ass","Shadow","Siphon","Perfected Sul-Xan's Torment","Soulcleaver","80470.5","1991.9","64.7","80470.5 DPS","","Perfected Helmet of Sul-Xan's Torment (Perfected Sul-Xan's Torment)","Soulcleaver Jack (Soulcleaver)","Slimecraw Epaulets (Slimecraw)","Soulcleaver Bracers (Soulcleaver)","","Soulcleaver Guards (Soulcleaver)","Soulcleaver Boots (Soulcleaver)","","Perfected Ring of Sul-Xan's Torment (Perfected Sul-Xan's Torment)","Perfected Ring of Sul-Xan's Torment (Perfected Sul-Xan's Torment)","Perfected Dagger of Sul-Xan's Torment (Perfected Sul-Xan's Torment)","Perfected Dagger of Sul-Xan's Torment (Perfected Sul-Xan's Torment)","The Maelstrom's Perfected Inferno Staff (Perfected Crushing Wall)"," ()","Whirling Blades","Relentless Focus","Shadowy Disguise","Power Extraction","Quick Cloak","Incapacitating Strike","Proximity Detonation","Blood Mist","Blockade of Fire","Dark Shade","Simmering Frenzy","Elemental Rage"
"Aetherian Archive","Trash Builds","https://www.esologs.com/reports/wabQMJpj1BPyc4q9#fight=62&type=summary&source=7","@R.af","Raf Il","ass-shadow-siphon-perfected-sul-xans-torment-soulcleaver","dps","Ass","Shadow","Siphon","Soulcleaver","Perfected Sul-Xan's Torment","123814.1","8549.6","73.6","123814.1 DPS","","Slimecraw Mask (Slimecraw)","Soulcleaver Jack (Soulcleaver)","Soulcleaver Arm Cops (Soulcleaver)","Soulcleaver Bracers (Soulcleaver)","","Soulcleaver Guards (Soulcleaver)","Perfected Boots of Sul-Xan's Torment (Perfected Sul-Xan's Torment)","","Perfected Ring of Sul-Xan's Torment (Perfected Sul-Xan's Torment)","Perfected Ring of Sul-Xan's Torment (Perfected Sul-Xan's Torment)","Perfected Dagger of Sul-Xan's Torment (Perfected Sul-Xan's Torment)","Perfected Dagger of Sul-Xan's Torment (Perfected Sul-Xan's Torment)","The Maelstrom's Perfected Inferno Staff (Perfected Crushing Wall)"," ()","Power Extraction","Whirling Blades","Camouflaged Hunter","Shadowy Disguise","Relentless Focus","Incapacitating Strike","Elemental Blockade","Anti-Cavalry Caltrops","Dark Shade","Simmering Frenzy","Proximity Detonation","Elemental Rage"
"Aetherian Archive","Trash Builds","https://www.esologs.com/reports/wabQMJpj1BPyc4q9#fight=62&type=summary&source=6","@Diocliate","Möllỳ","ass-shadow-siphon-perfected-sul-xans-torment-soulcleaver","dps","Ass","Shadow","Siphon","Perfected Sul-Xan's Torment","Soulcleaver","105539.9","22191.6","89.7","105539.9 DPS","","Perfected Helmet of Sul-Xan's Torment (Perfected Sul-Xan's Torment)","Soulcleaver Jack (Soulcleaver)","Slimecraw Epaulets (Slimecraw)","Soulcleaver Bracers (Soulcleaver)","","Soulcleaver Guards (Soulcleaver)","Soulcleaver Boots (Soulcleaver)","","Perfected Ring of Sul-Xan's Torment (Perfected Sul-Xan's Torment)","Perfected Ring of Sul-Xan's Torment (Perfected Sul-Xan's Torment)","Perfected Dagger of Sul-Xan's Torment (Perfected Sul-Xan's Torment)","Perfected Dagger of Sul-Xan's Torment (Perfected Sul-Xan's Torment)","The Maelstrom's Perfected Greatsword (Perfected Merciless Charge)"," ()","Twisting Path","Relentless Focus","Leeching Strikes","Lotus Fan","Whirling Blades","Incapacitating Strike","Stampede","Shadowy Disguise","Dark Shade","Echoing Vigor","Blood Mist","Shooting Star"
"Aetherian Archive","Trash Builds","https://www.esologs.com/reports/wabQMJpj1BPyc4q9#fight=62&type=summary&source=6","@Diocliate","Möllỳ","ass-shadow-siphon-perfected-sul-xans-torment-soulcleaver","dps","Ass","Shadow","Siphon","Perfected Sul-Xan's Torment","Soulcleaver","34270.8","6272.4","67.0","34270.8 DPS","","Perfected Helmet of Sul-Xan's Torment (Perfected Sul-Xan's Torment)","Soulcleaver Jack (Soulcleaver)","Slimecraw Epaulets (Slimecraw)","Soulcleaver Bracers (Soulcleaver)","","Soulcleaver Guards (Soulcleaver)","Soulcleaver Boots (Soulcleaver)","","Perfected Ring of Sul-Xan's Torment (Perfected Sul-Xan's Torment)","Perfected Ring of Sul-Xan's Torment (Perfected Sul-Xan's Torment)","Perfected Dagger of Sul-Xan's Torment (Perfected Sul-Xan's Torment)","Perfected Dagger of Sul-Xan's Torment (Perfected Sul-Xan's Torment)","The Maelstrom's Perfected Greatsword (Perfected Merciless Charge)"," ()","Twisting Path","Relentless Focus","Leeching Strikes","Lotus Fan","Whirling Blades","Incapacitating Strike","Stampede","Shadowy Disguise","Dark Shade","Echoing Vigor","Blood Mist","Shooting Star"
"Aetherian Archive","Trash Builds","https://www.esologs.com/reports/wabQMJpj1BPyc4q9#fight=62&type=summary&source=12","@korgaard","Seraya of Verrant Morass","ass-shadow-siphon-perfected-sul-xans-torment-soulcleaver","dps","Ass","Shadow","Siphon","Soulcleaver","Perfected Sul-Xan's Torment","146000.4","6529.6","91.1","146000.4 DPS","The Atronach","Mask of the Thousand Eyes (Thousand Eyes)","Soulcleaver Jack (Soulcleaver)","Soulcleaver Epaulets (Soulcleaver)","Soulcleaver Bracers (Soulcleaver)","","Perfected Guards of Sul-Xan's Torment (Perfected Sul-Xan's Torment)","Perfected Boots of Sul-Xan's Torment (Perfected Sul-Xan's Torment)","","Soulcleaver Ring (Soulcleaver)","Soulcleaver Ring (Soulcleaver)","Perfected Dagger of Sul-Xan's Torment (Perfected Sul-Xan's Torment)","Perfected Dagger of Sul-Xan's Torment (Perfected Sul-Xan's Torment)","The Maelstrom's Perfected Inferno Staff (Perfected Crushing Wall)"," ()","Power Extraction","Whirling Blades","Quick Cloak","Merciless Resolve","Camouflaged Hunter","Incapacitating Strike","Elemental Blockade","Shadowy Disguise","Blood Mist","Dark Shade","Siphoning Attacks","Elemental Rage"
"Aetherian Archive","Trash Builds","https://www.esologs.com/reports/wabQMJpj1BPyc4q9#fight=62&type=summary&source=12","@korgaard","Seraya of Verrant Morass","ass-shadow-siphon-perfected-sul-xans-torment-soulcleaver","dps","Ass","Shadow","Siphon","Soulcleaver","Perfected Sul-Xan's Torment","38568.4","8867.8","73.0","38568.4 DPS","","Mask of the Thousand Eyes (Thousand Eyes)","Soulcleaver Jack (Soulcleaver)","Soulcleaver Epaulets (Soulcleaver)","Soulcleaver Bracers (Soulcleaver)","","Perfected Guards of Sul-Xan's Torment (Perfected Sul-Xan's Torment)","Perfected Boots of Sul-Xan's Torment (Perfected Sul-Xan's Torment)","","Soulcleaver Ring (Soulcleaver)","Soulcleaver Ring (Soulcleaver)","Perfected Dagger of Sul-Xan's Torment (Perfected Sul-Xan's Torment)","Perfected Dagger of Sul-Xan's Torment (Perfected Sul-Xan's Torment)","The Maelstrom's Perfected Inferno Staff (Perfected Crushing Wall)"," ()","Power Extraction","Whirling Blades","Quick Cloak","Merciless Resolve","Camouflaged Hunter","Incapacitating Strike","Elemental Blockade","Shadowy Disguise","Blood Mist","Dark Shade","Siphoning Attacks","Elemental Rage"
"Aetherian Archive","Trash Builds","https://www.esologs.com/reports/wabQMJpj1BPyc4q9#fight=62&type=summary&source=9","@Gabspufik","Salem Shado","ass-shadow-siphon-perfected-sul-xans-torment-soulcleaver","dps","Ass","Shadow","Siphon","Perfected Sul-Xan's Torment","Soulcleaver","78918.6","3206.1","56.1","78918.6 DPS","","Perfected Helmet of Sul-Xan's Torment (Perfected Sul-Xan's Torment)","Soulcleaver Jack (Soulcleaver)","Slimecraw Arm Cops (Slimecraw)","Soulcleaver Gloves (Soulcleaver)","","Soulcleaver Guards (Soulcleaver)","Soulcleaver Boots (Soulcleaver)","","Ring of Sul-Xan's Torment (Sul-Xan's Torment)","Ring of Sul-Xan's Torment (Sul-Xan's Torment)","Dagger of Sul-Xan's Torment (Sul-Xan's Torment)","Dagger of Sul-Xan's Torment (Sul-Xan's Torment)","The Maelstrom's Greatsword (Merciless Charge)"," ()","Camouflaged Hunter","Quick Cloak","Whirling Blades","Power Extraction","Merciless Resolve","Incapacitating Strike","Stampede","Siphoning Attacks","Shadowy Disguise","Ulfsild's Contingency","Dark Shade","Shooting Star"
"Aetherian Archive","Trash Builds","https://www.esologs.com/reports/wabQMJpj1BPyc4q9#fight=62&type=summary&source=9","@Gabspufik","Salem Shado","ass-shadow-siphon-perfected-sul-xans-torment-soulcleaver","dps","Ass","Shadow","Siphon","Perfected Sul-Xan's Torment","Soulcleaver","51391.0","3468.9","37.5","51391.0 DPS","","Perfected Helmet of Sul-Xan's Torment (Perfected Sul-Xan's Torment)","Soulcleaver Jack (Soulcleaver)","Slimecraw Arm Cops (Slimecraw)","Soulcleaver Gloves (Soulcleaver)","","Soulcleaver Guards (Soulcleaver)","Soulcleaver Boots (Soulcleaver)","","Ring of Sul-Xan's Torment (Sul-Xan's Torment)","Ring of Sul-Xan's Torment (Sul-Xan's Torment)","Dagger of Sul-Xan's Torment (Sul-Xan's Torment)","Dagger of Sul-Xan's Torment (Sul-Xan's Torment)","The Maelstrom's Greatsword (Merciless Charge)"," ()","Camouflaged Hunter","Quick Cloak","Whirling Blades","Power Extraction","Merciless Resolve","Incapacitating Strike","Stampede","Siphoning Attacks","Shadowy Disguise","Ulfsild's Contingency","Dark Shade","Shooting Star"
"Aetherian Archive","Trash Builds","https://www.esologs.com/reports/Rj9KwyLnYm2QFMbc#fight=34&type=summary&source=4","@I.Bad","I'm Bad Lmao","grave-x-x-corpseburster-perfected-sul-xans-torment","dps","Grave","x","x","Perfected Sul-Xan's Torment","Corpseburster","91583.7","11554.4","69.0","91583.7 DPS","","Slimecraw Guise (Slimecraw)","Perfected Jack of Sul-Xan's Torment (Perfected Sul-Xan's Torment)","Perfected Arm Cops of Sul-Xan's Torment (Perfected Sul-Xan's Torment)","Corpseburster Bracers (Corpseburster)","","Perfected Guards of Sul-Xan's Torment (Perfected Sul-Xan's Torment)","Perfected Boots of Sul-Xan's Torment (Perfected Sul-Xan's Torment)","","Corpseburster Ring (Corpseburster)","Corpseburster Ring (Corpseburster)","Corpseburster Sword (Corpseburster)","Corpseburster Axe (Corpseburster)","The Maelstrom's Perfected Greatsword (Perfected Merciless Charge)"," ()","Detonating Siphon","Avid Boneyard","Blighted Blastbones","Whirling Blades","Banner Bearer","Flawless Dawnbreaker","Ulfsild's Contingency","Stampede","Proximity Detonation","Blood Mist","Banner Bearer","Shooting Star"
"Aetherian Archive","Trash Builds","https://www.esologs.com/reports/Rj9KwyLnYm2QFMbc#fight=34&type=summary&source=10","@SoloCatalyst","Solo-Catalystt","grave-x-x-corpseburster-perfected-sul-xans-torment","dps","Grave","x","x","Perfected Sul-Xan's Torment","Corpseburster","98267.7","4604.7","89.7","98267.7 DPS","","Slimecraw Mask (Slimecraw)","Perfected Jack of Sul-Xan's Torment (Perfected Sul-Xan's Torment)","Corpseburster Arm Cops (Corpseburster)","Perfected Bracers of Sul-Xan's Torment (Perfected Sul-Xan's Torment)","","Perfected Guards of Sul-Xan's Torment (Perfected Sul-Xan's Torment)","Perfected Boots of Sul-Xan's Torment (Perfected Sul-Xan's Torment)","","Corpseburster Ring (Corpseburster)","Corpseburster Ring (Corpseburster)","Corpseburster Dagger (Corpseburster)","Corpseburster Dagger (Corpseburster)","The Maelstrom's Perfected Inferno Staff (Perfected Crushing Wall)"," ()","Blighted Blastbones","Camouflaged Hunter","Banner Bearer","Whirling Blades","Detonating Siphon","Flawless Dawnbreaker","Skeletal Archer","Simmering Frenzy","Banner Bearer","Unnerving Boneyard","Elemental Blockade","Glacial Colossus"
"Aetherian Archive","Trash Builds","https://www.esologs.com/reports/Rj9KwyLnYm2QFMbc#fight=34&type=summary&source=9","@BilbaoBurgos","Necro-filet","grave-x-x-corpseburster-perfected-sul-xans-torment","dps","Grave","x","x","Perfected Sul-Xan's Torment","Corpseburster","99923.4","18300.0","74.4","99923.4 DPS","","Slimecraw Mask (Slimecraw)","Perfected Jack of Sul-Xan's Torment (Perfected Sul-Xan's Torment)","Corpseburster Arm Cops (Corpseburster)","Perfected Bracers of Sul-Xan's Torment (Perfected Sul-Xan's Torment)","","Perfected Guards of Sul-Xan's Torment (Perfected Sul-Xan's Torment)","Perfected Boots of Sul-Xan's Torment (Perfected Sul-Xan's Torment)","","Corpseburster Ring (Corpseburster)","Corpseburster Ring (Corpseburster)","Corpseburster Dagger (Corpseburster)","Corpseburster Dagger (Corpseburster)","The Maelstrom's Perfected Inferno Staff (Perfected Crushing Wall)"," ()","Venom Skull","Blighted Blastbones","Whirling Blades","Detonating Siphon","Banner Bearer","Flawless Dawnbreaker","Elemental Blockade","Avid Boneyard","Skeletal Archer","Echoing Vigor","Banner Bearer","Pestilent Colossus"
"Aetherian Archive","Trash Builds","https://www.esologs.com/reports/Rj9KwyLnYm2QFMbc#fight=34&type=summary&source=9","@BilbaoBurgos","Necro-filet","grave-x-x-corpseburster-perfected-sul-xans-torment","dps","Grave","x","x","Perfected Sul-Xan's Torment","Corpseburster","13189.9","2778.6","28.4","13189.9 DPS","","Slimecraw Mask (Slimecraw)","Perfected Jack of Sul-Xan's Torment (Perfected Sul-Xan's Torment)","Corpseburster Arm Cops (Corpseburster)","Perfected Bracers of Sul-Xan's Torment (Perfected Sul-Xan's Torment)","","Perfected Guards of Sul-Xan's Torment (Perfected Sul-Xan's Torment)","Perfected Boots of Sul-Xan's Torment (Perfected Sul-Xan's Torment)","","Corpseburster Ring (Corpseburster)","Corpseburster Ring (Corpseburster)","Corpseburster Dagger (Corpseburster)","Corpseburster Dagger (Corpseburster)","The Maelstrom's Perfected Inferno Staff (Perfected Crushing Wall)"," ()","Venom Skull","Blighted Blastbones","Whirling Blades","Detonating Siphon","Banner Bearer","Flawless Dawnbreaker","Elemental Blockade","Avid Boneyard","Skeletal Archer","Echoing Vigor","Banner Bearer","Pestilent Colossus"
"Aetherian Archive","Trash Builds","https://www.esologs.com/reports/Rj9KwyLnYm2QFMbc#fight=34&type=summary&source=4","@MrBevells","fleshy pustules","grave-x-x-corpseburster-perfected-sul-xans-torment","dps","Grave","x","x","Perfected Sul-Xan's Torment","Corpseburster","129410.4","1185.2","65.2","129410.4 DPS","The Thief","Slimecraw Mask (Slimecraw)","Perfected Jack of Sul-Xan's Torment (Perfected Sul-Xan's Torment)","Perfected Arm Cops of Sul-Xan's Torment (Perfected Sul-Xan's Torment)","Perfected Bracers of Sul-Xan's Torment (Perfected Sul-Xan's Torment)","","Perfected Guards of Sul-Xan's Torment (Perfected Sul-Xan's Torment)","Perfected Boots of Sul-Xan's Torment (Perfected Sul-Xan's Torment)","","Shattered Paths Signet (Shattered Paths Signet)","Corpseburster Ring (Corpseburster)","Corpseburster Dagger (Corpseburster)","Corpseburster Dagger (Corpseburster)","The Maelstrom's Perfected Inferno Staff (Perfected Crushing Wall)"," ()","Blighted Blastbones","Avid Boneyard","Detonating Siphon","Venom Skull","Banner Bearer","Flawless Dawnbreaker","Elemental Blockade","Channeled Acceleration","Skeletal Archer","Barbed Trap","Banner Bearer","Flawless Dawnbreaker"
"Aetherian Archive","Trash Builds","https://www.esologs.com/reports/Rj9KwyLnYm2QFMbc#fight=34&type=summary&source=4","@MrBevells","fleshy pustules","grave-x-x-corpseburster-perfected-sul-xans-torment","dps","Grave","x","x","Perfected Sul-Xan's Torment","Corpseburster","25910.6","1923.1","38.0","25910.6 DPS","","Slimecraw Mask (Slimecraw)","Perfected Jack of Sul-Xan's Torment (Perfected Sul-Xan's Torment)","Perfected Arm Cops of Sul-Xan's Torment (Perfected Sul-Xan's Torment)","Perfected Bracers of Sul-Xan's Torment (Perfected Sul-Xan's Torment)","","Perfected Guards of Sul-Xan's Torment (Perfected Sul-Xan's Torment)","Perfected Boots of Sul-Xan's Torment (Perfected Sul-Xan's Torment)","","Shattered Paths Signet (Shattered Paths Signet)","Corpseburster Ring (Corpseburster)","Corpseburster Dagger (Corpseburster)","Corpseburster Dagger (Corpseburster)","The Maelstrom's Perfected Inferno Staff (Perfected Crushing Wall)"," ()","Blighted Blastbones","Avid Boneyard","Detonating Siphon","Venom Skull","Banner Bearer","Flawless Dawnbreaker","Elemental Blockade","Channeled Acceleration","Skeletal Archer","Barbed Trap","Banner Bearer","Flawless Dawnbreaker"
"Aetherian Archive","Trash Builds","https://www.esologs.com/reports/HPcnCgpT6RLDmBMA#fight=15&type=summary&source=15","@Supermarci001","Gustav Blightcaller","herald-soldier-x-perfected-slivers-of-the-null-arca-spattering-disjunction","dps","Herald","Soldier","x","Perfected Slivers of the Null Arca","Spattering Disjunction","73648.7","9631.0","27.0","73648.7 DPS","","Iceheart Mask (Iceheart)","Perfected Null Arca Jack (Perfected Slivers of the Null Arca)","Perfected Null Arca Arm Cops (Perfected Slivers of the Null Arca)","Perfected Null Arca Bracers (Perfected Slivers of the Null Arca)","","Perfected Null Arca Guards (Perfected Slivers of the Null Arca)","Perfected Null Arca Boots (Perfected Slivers of the Null Arca)","","Spattering Disjunction Ring (Spattering Disjunction)","Spattering Disjunction Ring (Spattering Disjunction)","Spattering Disjunction Dagger (Spattering Disjunction)","Spattering Disjunction Dagger (Spattering Disjunction)","The Maelstrom's Perfected Greatsword (Perfected Merciless Charge)"," ()","Banner Bearer","Pragmatic Fatecarver","Cephaliarch's Flail","Quick Cloak","Camouflaged Hunter","Flawless Dawnbreaker","Banner Bearer","Stampede","Inspired Scholarship","Fulminating Rune","Cruxweaver Armor","The Languid Eye"
"Aetherian Archive","Trash Builds","https://www.esologs.com/reports/HPcnCgpT6RLDmBMA#fight=15&type=summary&source=15","@Supermarci001","Gustav Blightcaller","herald-soldier-x-perfected-slivers-of-the-null-arca-spattering-disjunction","dps","Herald","Soldier","x","Perfected Slivers of the Null Arca","Spattering Disjunction","63005.1","4354.8","22.3","63005.1 DPS","","Iceheart Mask (Iceheart)","Perfected Null Arca Jack (Perfected Slivers of the Null Arca)","Perfected Null Arca Arm Cops (Perfected Slivers of the Null Arca)","Perfected Null Arca Bracers (Perfected Slivers of the Null Arca)","","Perfected Null Arca Guards (Perfected Slivers of the Null Arca)","Perfected Null Arca Boots (Perfected Slivers of the Null Arca)","","Spattering Disjunction Ring (Spattering Disjunction)","Spattering Disjunction Ring (Spattering Disjunction)","Spattering Disjunction Dagger (Spattering Disjunction)","Spattering Disjunction Dagger (Spattering Disjunction)","The Maelstrom's Perfected Greatsword (Perfected Merciless Charge)"," ()","Banner Bearer","Pragmatic Fatecarver","Cephaliarch's Flail","Quick Cloak","Camouflaged Hunter","Flawless Dawnbreaker","Banner Bearer","Stampede","Inspired Scholarship","Fulminating Rune","Cruxweaver Armor","The Languid Eye"
"Aetherian Archive","Trash Builds","https://www.esologs.com/reports/HPcnCgpT6RLDmBMA#fight=15&type=summary&source=1","@MadMod10","Zolus Graylock","herald-soldier-x-perfected-slivers-of-the-null-arca-spattering-disjunction","dps","Herald","Soldier","x","Spattering Disjunction","Perfected Slivers of the Null Arca","86592.9","2260.2","46.0","86592.9 DPS","The Thief","Slimecraw Guise (Slimecraw)","Spattering Disjunction Jack (Spattering Disjunction)","Perfected Null Arca Arm Cops (Perfected Slivers of the Null Arca)","Spattering Disjunction Bracers (Spattering Disjunction)","","Spattering Disjunction Guards (Spattering Disjunction)","Spattering Disjunction Boots (Spattering Disjunction)","","Perfected Null Arca Ring (Perfected Slivers of the Null Arca)","Perfected Null Arca Ring (Perfected Slivers of the Null Arca)","Perfected Null Arca Dagger (Perfected Slivers of the Null Arca)","Perfected Null Arca Dagger (Perfected Slivers of the Null Arca)","The Maelstrom's Perfected Inferno Staff (Perfected Crushing Wall)"," ()","Quick Cloak","Barbed Trap","Cephaliarch's Flail","Pragmatic Fatecarver","Camouflaged Hunter","Flawless Dawnbreaker","Blockade of Fire","Cruxweaver Armor","Inspired Scholarship","Fulminating Rune","Camouflaged Hunter","The Languid Eye"
"Aetherian Archive","Trash Builds","https://www.esologs.com/reports/HPcnCgpT6RLDmBMA#fight=15&type=summary&source=13","@Endlesswinter22","S'a v a","herald-soldier-x-perfected-slivers-of-the-null-arca-spattering-disjunction","dps","Herald","Soldier","x","Perfected Slivers of the Null Arca","Spattering Disjunction","85738.9","6732.4","40.9","85738.9 DPS","","Slimecraw Mask (Slimecraw)","Perfected Null Arca Jack (Perfected Slivers of the Null Arca)","Spattering Disjunction Epaulets (Spattering Disjunction)","Spattering Disjunction Bracers (Spattering Disjunction)","","Perfected Null Arca Guards (Perfected Slivers of the Null Arca)","Spattering Disjunction Boots (Spattering Disjunction)","","Spattering Disjunction Ring (Spattering Disjunction)","Spattering Disjunction Ring (Spattering Disjunction)","Perfected Null Arca Dagger (Perfected Slivers of the Null Arca)","Perfected Null Arca Dagger (Perfected Slivers of the Null Arca)","The Maelstrom's Perfected Greatsword (Perfected Merciless Charge)"," ()","Quick Cloak","Pragmatic Fatecarver","Cephaliarch's Flail","Barbed Trap","Camouflaged Hunter","Flawless Dawnbreaker","Stampede","Cruxweaver Armor","Inspired Scholarship","Resolving Vigor","Camouflaged Hunter","The Languid Eye"
"Aetherian Archive","Trash Builds","https://www.esologs.com/reports/HPcnCgpT6RLDmBMA#fight=15&type=summary&source=1","@MadMod10","Zolus Graylock","herald-soldier-x-perfected-slivers-of-the-null-arca-spattering-disjunction","dps","Herald","Soldier","x","Spattering Disjunction","Perfected Slivers of the Null Arca","51719.5","1764.9","42.1","51719.5 DPS","","Slimecraw Guise (Slimecraw)","Spattering Disjunction Jack (Spattering Disjunction)","Perfected Null Arca Arm Cops (Perfected Slivers of the Null Arca)","Spattering Disjunction Bracers (Spattering Disjunction)","","Spattering Disjunction Guards (Spattering Disjunction)","Spattering Disjunction Boots (Spattering Disjunction)","","Perfected Null Arca Ring (Perfected Slivers of the Null Arca)","Perfected Null Arca Ring (Perfected Slivers of the Null Arca)","Perfected Null Arca Dagger (Perfected Slivers of the Null Arca)","Perfected Null Arca Dagger (Perfected Slivers of the Null Arca)","The Maelstrom's Perfected Inferno Staff (Perfected Crushing Wall)"," ()","Quick Cloak","Barbed Trap","Cephaliarch's Flail","Pragmatic Fatecarver","Camouflaged Hunter","Flawless Dawnbreaker","Blockade of Fire","Cruxweaver Armor","Inspired Scholarship","Fulminating Rune","Camouflaged Hunter","The Languid Eye"
"Aetherian Archive","Trash Builds","https://www.esologs.com/reports/HPcnCgpT6RLDmBMA#fight=15&type=summary&source=13","@Endlesswinter22","S'a v a","herald-soldier-x-perfected-slivers-of-the-null-arca-spattering-disjunction","dps","Herald","Soldier","x","Perfected Slivers of the Null Arca","Spattering Disjunction","38090.3","1566.0","27.6","38090.3 DPS","","Slimecraw Mask (Slimecraw)","Perfected Null Arca Jack (Perfected Slivers of the Null Arca)","Spattering Disjunction Epaulets (Spattering Disjunction)","Spattering Disjunction Bracers (Spattering Disjunction)","","Perfected Null Arca Guards (Perfected Slivers of the Null Arca)","Spattering Disjunction Boots (Spattering Disjunction)","","Spattering Disjunction Ring (Spattering Disjunction)","Spattering Disjunction Ring (Spattering Disjunction)","Perfected Null Arca Dagger (Perfected Slivers of the Null Arca)","Perfected Null Arca Dagger (Perfected Slivers of the Null Arca)","The Maelstrom's Perfected Greatsword (Perfected Merciless Charge)"," ()","Quick Cloak","Pragmatic Fatecarver","Cephaliarch's Flail","Barbed Trap","Camouflaged Hunter","Flawless Dawnbreaker","Stampede","Cruxweaver Armor","Inspired Scholarship","Resolving Vigor","Camouflaged Hunter","The Languid Eye"
"Aetherian Archive","Trash Builds","https://www.esologs.com/reports/F6gC1vTXJWDQrGwy#fight=13&type=summary&source=90","nil","Anonymous 90","ass-shadow-siphon-perfected-slivers-of-the-null-arca-savage-werewolf","dps","Ass","Shadow","Siphon","Perfected Slivers of the Null Arca","Savage Werewolf","50906.9","7802.9","66.2","50906.9 DPS","","Slimecraw Mask (Slimecraw)","Savage Werewolf's Jack (Savage Werewolf)","Perfected Null Arca Arm Cops (Perfected Slivers of the Null Arca)","Savage Werewolf's Bracers (Savage Werewolf)","","Savage Werewolf's Guards (Savage Werewolf)","Savage Werewolf's Boots (Savage Werewolf)","","Null Arca Ring (Slivers of the Null Arca)","Null Arca Ring (Slivers of the Null Arca)","Null Arca Dagger (Slivers of the Null Arca)","Null Arca Dagger (Slivers of the Null Arca)","Null Arca Greatsword (Slivers of the Null Arca)"," ()","Quick Cloak","Debilitate","Killer's Blade","Surprise Attack","Relentless Focus","Incapacitating Strike","Stampede","Trap Beast","Dark Shade","Power Extraction","Siphoning Attacks","Incapacitating Strike"
"Aetherian Archive","Trash Builds","https://www.esologs.com/reports/F6gC1vTXJWDQrGwy#fight=13&type=summary&source=90","nil","Anonymous 90","ass-shadow-siphon-perfected-slivers-of-the-null-arca-savage-werewolf","dps","Ass","Shadow","Siphon","Perfected Slivers of the Null Arca","Savage Werewolf","31867.7","6725.1","66.5","31867.7 DPS","","Slimecraw Mask (Slimecraw)","Savage Werewolf's Jack (Savage Werewolf)","Perfected Null Arca Arm Cops (Perfected Slivers of the Null Arca)","Savage Werewolf's Bracers (Savage Werewolf)","","Savage Werewolf's Guards (Savage Werewolf)","Savage Werewolf's Boots (Savage Werewolf)","","Null Arca Ring (Slivers of the Null Arca)","Null Arca Ring (Slivers of the Null Arca)","Null Arca Dagger (Slivers of the Null Arca)","Null Arca Dagger (Slivers of the Null Arca)","Null Arca Greatsword (Slivers of the Null Arca)"," ()","Quick Cloak","Debilitate","Killer's Blade","Surprise Attack","Relentless Focus","Incapacitating Strike","Stampede","Trap Beast","Dark Shade","Power Extraction","Siphoning Attacks","Incapacitating Strike"
"Aetherian Archive","Trash Builds","https://www.esologs.com/reports/F6gC1vTXJWDQrGwy#fight=13&type=summary&source=2","@BL_Kralj","Cottontail the Devourer","ass-shadow-siphon-perfected-slivers-of-the-null-arca-savage-werewolf","dps","Ass","Shadow","Siphon","Perfected Slivers of the Null Arca","Savage Werewolf","63548.7","15124.7","72.5","63548.7 DPS","The Lady","Perfected Null Arca Helmet (Perfected Slivers of the Null Arca)","Perfected Null Arca Jack (Perfected Slivers of the Null Arca)","Slimecraw Epaulets (Slimecraw)","Perfected Null Arca Bracers (Perfected Slivers of the Null Arca)","","Perfected Null Arca Guards (Perfected Slivers of the Null Arca)","Perfected Null Arca Boots (Perfected Slivers of the Null Arca)","","Shattered Paths Signet (Shattered Paths Signet)","Savage Werewolf's Ring (Savage Werewolf)","Savage Werewolf's Dagger (Savage Werewolf)","Savage Werewolf's Dagger (Savage Werewolf)","The Maelstrom's Perfected Greatsword (Perfected Merciless Charge)"," ()","Relentless Focus","Debilitate","Killer's Blade","Surprise Attack","Power Extraction","Werewolf Berserker","Shadowy Disguise","Stampede","Carve","Siphoning Attacks","Healthy Offering","Soul Harvest"
"Aetherian Archive","Trash Builds","https://www.esologs.com/reports/F6gC1vTXJWDQrGwy#fight=13&type=summary&source=2","@BL_Kralj","Cottontail the Devourer","ass-shadow-siphon-perfected-slivers-of-the-null-arca-savage-werewolf","dps","Ass","Shadow","Siphon","Perfected Slivers of the Null Arca","Savage Werewolf","45580.6","7582.8","80.6","45580.6 DPS","","Perfected Null Arca Helmet (Perfected Slivers of the Null Arca)","Perfected Null Arca Jack (Perfected Slivers of the Null Arca)","Slimecraw Epaulets (Slimecraw)","Perfected Null Arca Bracers (Perfected Slivers of the Null Arca)","","Perfected Null Arca Guards (Perfected Slivers of the Null Arca)","Perfected Null Arca Boots (Perfected Slivers of the Null Arca)","","Shattered Paths Signet (Shattered Paths Signet)","Savage Werewolf's Ring (Savage Werewolf)","Savage Werewolf's Dagger (Savage Werewolf)","Savage Werewolf's Dagger (Savage Werewolf)","The Maelstrom's Perfected Greatsword (Perfected Merciless Charge)"," ()","Relentless Focus","Debilitate","Killer's Blade","Surprise Attack","Power Extraction","Werewolf Berserker","Shadowy Disguise","Stampede","Carve","Siphoning Attacks","Healthy Offering","Soul Harvest"
"Aetherian Archive","Trash Builds","https://www.esologs.com/reports/F6gC1vTXJWDQrGwy#fight=13&type=summary&source=10","@jerinnightsong","Shadux","ass-shadow-siphon-perfected-slivers-of-the-null-arca-savage-werewolf","dps","Ass","Shadow","Siphon","Savage Werewolf","Perfected Slivers of the Null Arca","42792.0","3164.9","47.7","42792.0 DPS","","Slimecraw Guise (Slimecraw)","Savage Werewolf's Jack (Savage Werewolf)","Perfected Null Arca Arm Cops (Perfected Slivers of the Null Arca)","Savage Werewolf's Bracers (Savage Werewolf)","","Savage Werewolf's Guards (Savage Werewolf)","Savage Werewolf's Boots (Savage Werewolf)","","Perfected Null Arca Ring (Perfected Slivers of the Null Arca)","Shattered Paths Signet (Shattered Paths Signet)","Perfected Null Arca Dagger (Perfected Slivers of the Null Arca)","Perfected Null Arca Dagger (Perfected Slivers of the Null Arca)","The Maelstrom's Greatsword (Merciless Charge)"," ()","Debilitate","Quick Cloak","Surprise Attack","Assassin's Blade","Relentless Focus","Pack Leader","Stampede","Siphoning Attacks","Shadowy Disguise","Mirage","Dark Shade","Soul Harvest"
"Aetherian Archive","Trash Builds","https://www.esologs.com/reports/F6gC1vTXJWDQrGwy#fight=13&type=summary&source=10","@jerinnightsong","Shadux","ass-shadow-siphon-perfected-slivers-of-the-null-arca-savage-werewolf","dps","Ass","Shadow","Siphon","Savage Werewolf","Perfected Slivers of the Null Arca","25644.9","2376.3","48.7","25644.9 DPS","","Slimecraw Guise (Slimecraw)","Savage Werewolf's Jack (Savage Werewolf)","Perfected Null Arca Arm Cops (Perfected Slivers of the Null Arca)","Savage Werewolf's Bracers (Savage Werewolf)","","Savage Werewolf's Guards (Savage Werewolf)","Savage Werewolf's Boots (Savage Werewolf)","","Perfected Null Arca Ring (Perfected Slivers of the Null Arca)","Shattered Paths Signet (Shattered Paths Signet)","Perfected Null Arca Dagger (Perfected Slivers of the Null Arca)","Perfected Null Arca Dagger (Perfected Slivers of the Null Arca)","The Maelstrom's Greatsword (Merciless Charge)"," ()","Debilitate","Quick Cloak","Surprise Attack","Assassin's Blade","Relentless Focus","Pack Leader","Stampede","Siphoning Attacks","Shadowy Disguise","Mirage","Dark Shade","Soul Harvest"
