"Trial Name","Boss Name","ESO Logs Player Link","Player Handle","Character Name","Build Slug","Role","Subclass 1","Subclass 2","Subclass 3","Signature Set 1","Signature Set 2","DPS","HPS","CPM","Primary Metric","Mundus Stone","Gear: Head","Gear: Chest","Gear: Shoulders","Gear: Hands","Gear: Waist","Gear: Legs","Gear: Feet","Gear: Necklace","Gear: Ring1","Gear: Ring2","Gear: Main_Hand","Gear: Off_Hand","Gear: Backup_Main_Hand","Gear: Backup_Off_Hand","Bar 1 Ability 1","Bar 1 Ability 2","Bar 1 Ability 3","Bar 1 Ability 4","Bar 1 Ability 5","Bar 1 Ability 6","Bar 2 Ability 1","Bar 2 Ability 2","Bar 2 Ability 3","Bar 2 Ability 4","Bar 2 Ability 5","Bar 2 Ability 6"
"Dreadsail Reef","Lylanar and Turlassil","https://www.esologs.com/reports/qv8DaXYPRVAmpjfZ#fight=21&type=summary&source=2","@Veluzed","Azué","ass-shadow-siphon-aegis-caller-perfected-slivers-of-the-null-arca","dps","Ass","Shadow","Siphon","Perfected Slivers of the Null Arca","Aegis Caller","166385.9","9001.7","62.8","166385.9 DPS","","Huntsman's Warmask (Huntsman's Warmask)","Perfected Null Arca Jack (Perfected Slivers of the Null Arca)","Slimecraw Epaulets (Slimecraw)","Perfected Null Arca Bracers (Perfected Slivers of the Null Arca)","","Perfected Null Arca Guards (Perfected Slivers of the Null Arca)","Perfected Null Arca Boots (Perfected Slivers of the Null Arca)","","Aegis Caller's Ring (Aegis Caller)","Aegis Caller's Ring (Aegis Caller)","Aegis Caller's Dagger (Aegis Caller)","Aegis Caller's Dagger (Aegis Caller)","The Maelstrom's Perfected Greatsword (Perfected Merciless Charge)"," ()","Killer's Blade","Debilitate","Relentless Focus","Surprise Attack","Shadowy Disguise","Incapacitating Strike","Dark Shade","Siphoning Attacks","Ulfsild's Contingency","Stampede","Barbed Trap","Veil of Blades"
"Dreadsail Reef","Lylanar and Turlassil","https://www.esologs.com/reports/qv8DaXYPRVAmpjfZ#fight=21&type=summary&source=2","@Ralf_17","Abyss Wätcher","ass-shadow-siphon-aegis-caller-perfected-slivers-of-the-null-arca","dps","Ass","Shadow","Siphon","Perfected Slivers of the Null Arca","Aegis Caller","165949.5","10284.2","66.2","165949.5 DPS","","Huntsman's Warmask (Huntsman's Warmask)","Perfected Null Arca Jack (Perfected Slivers of the Null Arca)","Slimecraw Epaulets (Slimecraw)","Perfected Null Arca Bracers (Perfected Slivers of the Null Arca)","","Perfected Null Arca Guards (Perfected Slivers of the Null Arca)","Perfected Null Arca Boots (Perfected Slivers of the Null Arca)","","Aegis Caller's Ring (Aegis Caller)","Aegis Caller's Ring (Aegis Caller)","Aegis Caller's Dagger (Aegis Caller)","Aegis Caller's Dagger (Aegis Caller)","The Maelstrom's Perfected Greatsword (Perfected Merciless Charge)"," ()","Surprise Attack","Shadowy Disguise","Debilitate","Relentless Focus","Killer's Blade","Incapacitating Strike","Twisting Path","Barbed Trap","Stampede","Dark Shade","Fiery Contingency (Lingering Torment / Intellect and Endurance)","Ice Comet"
"Dreadsail Reef","Lylanar and Turlassil","https://www.esologs.com/reports/qv8DaXYPRVAmpjfZ#fight=21&type=summary&source=10","@Languste1337","Roland Eins Tap","ass-shadow-siphon-aegis-caller-perfected-slivers-of-the-null-arca","dps","Ass","Shadow","Siphon","Perfected Slivers of the Null Arca","Aegis Caller","169800.7","13407.9","58.8","169800.7 DPS","The Atronach","Huntsman's Warmask (Huntsman's Warmask)","Perfected Null Arca Jack (Perfected Slivers of the Null Arca)","Zaan Epaulets (Zaan)","Perfected Null Arca Bracers (Perfected Slivers of the Null Arca)","","Perfected Null Arca Guards (Perfected Slivers of the Null Arca)","Perfected Null Arca Boots (Perfected Slivers of the Null Arca)","","Aegis Caller's Ring (Aegis Caller)","Aegis Caller's Ring (Aegis Caller)","Aegis Caller's Dagger (Aegis Caller)","Aegis Caller's Dagger (Aegis Caller)","The Maelstrom's Perfected Greatsword (Perfected Merciless Charge)"," ()","Killer's Blade","Debilitate","Shadowy Disguise","Relentless Focus","Surprise Attack","Incapacitating Strike","Ulfsild's Contingency","Barbed Trap","Simmering Frenzy","Stampede","Dark Shade","Veil of Blades"
"Dreadsail Reef","Lylanar and Turlassil","https://www.esologs.com/reports/qv8DaXYPRVAmpjfZ#fight=21&type=summary&source=17","nil","Anonymous 17","ass-shadow-siphon-aegis-caller-perfected-slivers-of-the-null-arca","dps","Ass","Shadow","Siphon","Perfected Slivers of the Null Arca","Aegis Caller","152770.5","7099.7","44.4","152770.5 DPS","","Slimecraw Mask (Slimecraw)","Perfected Null Arca Jack (Perfected Slivers of the Null Arca)","Perfected Null Arca Arm Cops (Perfected Slivers of the Null Arca)","Perfected Null Arca Bracers (Perfected Slivers of the Null Arca)","","Perfected Null Arca Guards (Perfected Slivers of the Null Arca)","Perfected Null Arca Boots (Perfected Slivers of the Null Arca)","","Aegis Caller's Ring (Aegis Caller)","Aegis Caller's Ring (Aegis Caller)","Aegis Caller's Dagger (Aegis Caller)","Aegis Caller's Dagger (Aegis Caller)","The Maelstrom's Perfected Greatsword (Perfected Merciless Charge)"," ()","Relentless Focus","Surprise Attack","Debilitate","Quick Cloak","Killer's Blade","Incapacitating Strike","Dark Shade","Barbed Trap","Shadowy Disguise","Twisting Path","Stampede","Veil of Blades"
"Dreadsail Reef","Lylanar and Turlassil","https://www.esologs.com/reports/qv8DaXYPRVAmpjfZ#fight=21&type=summary&source=3","@r.avs","bømba","ass-shadow-siphon-aegis-caller-perfected-slivers-of-the-null-arca","dps","Ass","Shadow","Siphon","Aegis Caller","Perfected Slivers of the Null Arca","159458.3","9832.7","62.1","159458.3 DPS","","Huntsman's Warmask (Huntsman's Warmask)","Aegis Caller's Jack (Aegis Caller)","Slimecraw Epaulets (Slimecraw)","Perfected Null Arca Bracers (Perfected Slivers of the Null Arca)","","Perfected Null Arca Guards (Perfected Slivers of the Null Arca)","Perfected Null Arca Boots (Perfected Slivers of the Null Arca)","","Aegis Caller's Ring (Aegis Caller)","Aegis Caller's Ring (Aegis Caller)","Perfected Null Arca Dagger (Perfected Slivers of the Null Arca)","Perfected Null Arca Dagger (Perfected Slivers of the Null Arca)","The Maelstrom's Perfected Greatsword (Perfected Merciless Charge)"," ()","Surprise Attack","Killer's Blade","Barbed Trap","Quick Cloak","Relentless Focus","Incapacitating Strike","Carve","Stampede","Shadowy Disguise","Simmering Frenzy","Siphoning Attacks","Ice Comet"
"Dreadsail Reef","Lylanar and Turlassil","https://www.esologs.com/reports/qv8DaXYPRVAmpjfZ#fight=21&type=summary&source=11","@R.af","Raf Il","ass-shadow-siphon-aegis-caller-perfected-slivers-of-the-null-arca","dps","Ass","Shadow","Siphon","Perfected Slivers of the Null Arca","Aegis Caller","162261.9","23605.8","57.7","162261.9 DPS","","Huntsman's Warmask (Huntsman's Warmask)","Perfected Null Arca Jack (Perfected Slivers of the Null Arca)","Slimecraw Arm Cops (Slimecraw)","Perfected Null Arca Bracers (Perfected Slivers of the Null Arca)","","Perfected Null Arca Guards (Perfected Slivers of the Null Arca)","Perfected Null Arca Boots (Perfected Slivers of the Null Arca)","","Aegis Caller's Ring (Aegis Caller)","Aegis Caller's Ring (Aegis Caller)","Aegis Caller's Dagger (Aegis Caller)","Aegis Caller's Dagger (Aegis Caller)","The Maelstrom's Perfected Greatsword (Perfected Merciless Charge)"," ()","Surprise Attack","Shadowy Disguise","Debilitate","Killer's Blade","Relentless Focus","Incapacitating Strike","Stampede","Carve","Dark Shade","Barbed Trap","Simmering Frenzy","Veil of Blades"
"Dreadsail Reef","Lylanar and Turlassil","https://www.esologs.com/reports/qv8DaXYPRVAmpjfZ#fight=21&type=summary&source=4","@CookieMan69","Hermiona Auditore","ass-shadow-siphon-aegis-caller-perfected-slivers-of-the-null-arca","dps","Ass","Shadow","Siphon","Perfected Slivers of the Null Arca","Aegis Caller","139839.2","11514.7","58.8","139839.2 DPS","","Huntsman's Warmask (Huntsman's Warmask)","Perfected Null Arca Jack (Perfected Slivers of the Null Arca)","Zaan Arm Cops (Zaan)","Perfected Null Arca Bracers (Perfected Slivers of the Null Arca)","","Perfected Null Arca Guards (Perfected Slivers of the Null Arca)","Perfected Null Arca Boots (Perfected Slivers of the Null Arca)","","Aegis Caller's Ring (Aegis Caller)","Aegis Caller's Ring (Aegis Caller)","Aegis Caller's Dagger (Aegis Caller)","Aegis Caller's Dagger (Aegis Caller)","The Maelstrom's Perfected Greatsword (Perfected Merciless Charge)"," ()","Surprise Attack","Killer's Blade","Shadowy Disguise","Relentless Focus","Debilitate","Incapacitating Strike","Stampede","Carve","Dark Shade","Barbed Trap","Ulfsild's Contingency","Veil of Blades"
"Dreadsail Reef","Lylanar and Turlassil","https://www.esologs.com/reports/qv8DaXYPRVAmpjfZ#fight=21&type=summary&source=4","@CookieMan69","Hermiona Auditore","ass-shadow-siphon-aegis-caller-perfected-slivers-of-the-null-arca","dps","Ass","Shadow","Siphon","Perfected Slivers of the Null Arca","Aegis Caller","135103.4","11939.5","51.9","135103.4 DPS","","Huntsman's Warmask (Huntsman's Warmask)","Perfected Null Arca Jack (Perfected Slivers of the Null Arca)","Zaan Arm Cops (Zaan)","Perfected Null Arca Bracers (Perfected Slivers of the Null Arca)","","Perfected Null Arca Guards (Perfected Slivers of the Null Arca)","Perfected Null Arca Boots (Perfected Slivers of the Null Arca)","","Aegis Caller's Ring (Aegis Caller)","Aegis Caller's Ring (Aegis Caller)","Aegis Caller's Dagger (Aegis Caller)","Aegis Caller's Dagger (Aegis Caller)","The Maelstrom's Perfected Greatsword (Perfected Merciless Charge)"," ()","Surprise Attack","Killer's Blade","Shadowy Disguise","Relentless Focus","Debilitate","Incapacitating Strike","Stampede","Carve","Dark Shade","Barbed Trap","Ulfsild's Contingency","Veil of Blades"
"Dreadsail Reef","Lylanar and Turlassil","https://www.esologs.com/reports/qv8DaXYPRVAmpjfZ#fight=21&type=summary&source=15","@Matrix117","Laloo hlaalu","ass-shadow-siphon-aegis-caller-perfected-slivers-of-the-null-arca","dps","Ass","Shadow","Siphon","Perfected Slivers of the Null Arca","Aegis Caller","112470.6","11780.1","68.7","112470.6 DPS","","Huntsman's Warmask (Huntsman's Warmask)","Perfected Null Arca Jack (Perfected Slivers of the Null Arca)","Slimecraw Epaulets (Slimecraw)","Perfected Null Arca Bracers (Perfected Slivers of the Null Arca)","","Perfected Null Arca Guards (Perfected Slivers of the Null Arca)","Perfected Null Arca Boots (Perfected Slivers of the Null Arca)","","Aegis Caller's Ring (Aegis Caller)","Aegis Caller's Ring (Aegis Caller)","Aegis Caller's Dagger (Aegis Caller)","Aegis Caller's Dagger (Aegis Caller)","The Maelstrom's Perfected Greatsword (Perfected Merciless Charge)"," ()","Scalding Rune","Relentless Focus","Surprise Attack","Shadowy Disguise","Shadow Silk","Incapacitating Strike","Barbed Trap","Unstable Wall of Elements","Simmering Frenzy","Leeching Strikes","Dark Shade","Veil of Blades"
"Dreadsail Reef","Lylanar and Turlassil","https://www.esologs.com/reports/qv8DaXYPRVAmpjfZ#fight=21&type=summary&source=1","@SavageAudacity","Adrenalinized","ass-shadow-siphon-aegis-caller-perfected-slivers-of-the-null-arca","dps","Ass","Shadow","Siphon","Perfected Slivers of the Null Arca","Aegis Caller","159933.7","11938.1","65.0","159933.7 DPS","","Huntsman's Warmask (Huntsman's Warmask)","Perfected Null Arca Jack (Perfected Slivers of the Null Arca)","Slimecraw Epaulets (Slimecraw)","Perfected Null Arca Bracers (Perfected Slivers of the Null Arca)","","Perfected Null Arca Guards (Perfected Slivers of the Null Arca)","Perfected Null Arca Boots (Perfected Slivers of the Null Arca)","","Aegis Caller's Ring (Aegis Caller)","Aegis Caller's Ring (Aegis Caller)","Aegis Caller's Dagger (Aegis Caller)","Aegis Caller's Dagger (Aegis Caller)","The Maelstrom's Perfected Greatsword (Perfected Merciless Charge)"," ()","Surprise Attack","Shadowy Disguise","Killer's Blade","Debilitate","Relentless Focus","Incapacitating Strike","Barbed Trap","Stampede","Ulfsild's Contingency","Dark Shade","Simmering Frenzy","Veil of Blades"
"Dreadsail Reef","Lylanar and Turlassil","https://www.esologs.com/reports/qv8DaXYPRVAmpjfZ#fight=21&type=summary&source=5","@BlackFlameee","Yoruichi Mami","ass-shadow-siphon-aegis-caller-perfected-slivers-of-the-null-arca","dps","Ass","Shadow","Siphon","Perfected Slivers of the Null Arca","Aegis Caller","148171.8","13084.5","59.3","148171.8 DPS","","Huntsman's Warmask (Huntsman's Warmask)","Perfected Null Arca Jack (Perfected Slivers of the Null Arca)","Slimecraw Epaulets (Slimecraw)","Perfected Null Arca Bracers (Perfected Slivers of the Null Arca)","","Perfected Null Arca Guards (Perfected Slivers of the Null Arca)","Perfected Null Arca Boots (Perfected Slivers of the Null Arca)","","Aegis Caller's Ring (Aegis Caller)","Aegis Caller's Ring (Aegis Caller)","Aegis Caller's Dagger (Aegis Caller)","Aegis Caller's Dagger (Aegis Caller)","The Maelstrom's Perfected Greatsword (Perfected Merciless Charge)"," ()","Surprise Attack","Killer's Blade","Relentless Focus","Shadowy Disguise","Debilitate","Incapacitating Strike","Stampede","Simmering Frenzy","Barbed Trap","Dark Shade","Leeching Strikes","Veil of Blades"
"Dreadsail Reef","Lylanar and Turlassil","https://www.esologs.com/reports/qv8DaXYPRVAmpjfZ#fight=21&type=summary&source=8","@YellowPain60","Mean Egg","ass-shadow-siphon-aegis-caller-perfected-slivers-of-the-null-arca","dps","Ass","Shadow","Siphon","Perfected Slivers of the Null Arca","Aegis Caller","144614.7","10042.7","62.0","144614.7 DPS","","Huntsman's Warmask (Huntsman's Warmask)","Perfected Null Arca Jack (Perfected Slivers of the Null Arca)","Slimecraw Epaulets (Slimecraw)","Perfected Null Arca Bracers (Perfected Slivers of the Null Arca)","","Perfected Null Arca Guards (Perfected Slivers of the Null Arca)","Perfected Null Arca Boots (Perfected Slivers of the Null Arca)","","Aegis Caller's Ring (Aegis Caller)","Aegis Caller's Ring (Aegis Caller)","Aegis Caller's Dagger (Aegis Caller)","Aegis Caller's Dagger (Aegis Caller)","The Maelstrom's Perfected Greatsword (Perfected Merciless Charge)"," ()","Surprise Attack","Relentless Focus","Killer's Blade","Debilitate","Shadowy Disguise","Incapacitating Strike","Barbed Trap","Stampede","Carve","Dark Shade","Ulfsild's Contingency","Ice Comet"
"Dreadsail Reef","Lylanar and Turlassil","https://www.esologs.com/reports/qv8DaXYPRVAmpjfZ#fight=21&type=summary&source=5","@Tonjeel","Infinity's Blade","ass-shadow-siphon-aegis-caller-perfected-slivers-of-the-null-arca","dps","Ass","Shadow","Siphon","Perfected Slivers of the Null Arca","Aegis Caller","148203.3","11493.9","68.8","148203.3 DPS","","Huntsman's Warmask (Huntsman's Warmask)","Perfected Null Arca Jack (Perfected Slivers of the Null Arca)","Slimecraw Epaulets (Slimecraw)","Perfected Null Arca Bracers (Perfected Slivers of the Null Arca)","","Perfected Null Arca Guards (Perfected Slivers of the Null Arca)","Perfected Null Arca Boots (Perfected Slivers of the Null Arca)","","Aegis Caller's Ring (Aegis Caller)","Aegis Caller's Ring (Aegis Caller)","Aegis Caller's Dagger (Aegis Caller)","Aegis Caller's Dagger (Aegis Caller)","The Maelstrom's Perfected Greatsword (Perfected Merciless Charge)"," ()","Relentless Focus","Killer's Blade","Debilitate","Surprise Attack","Shadowy Disguise","Incapacitating Strike","Stampede","Simmering Frenzy","Barbed Trap","Siphoning Attacks","Dark Shade","Veil of Blades"
"Dreadsail Reef","Lylanar and Turlassil","https://www.esologs.com/reports/D4jC3H8Yx6TKmWNR#fight=33&type=summary&source=7","@i.gr","I The Creator","grave-herald-x-corpseburster-perfected-slivers-of-the-null-arca","dps","Grave","Herald","x","Perfected Slivers of the Null Arca","Corpseburster","189448.7","4599.0","66.7","189448.7 DPS","The Thief","Huntsman's Warmask (Huntsman's Warmask)","Perfected Null Arca Jack (Perfected Slivers of the Null Arca)","Iceheart Arm Cops (Iceheart)","Perfected Null Arca Bracers (Perfected Slivers of the Null Arca)","","Perfected Null Arca Guards (Perfected Slivers of the Null Arca)","Perfected Null Arca Boots (Perfected Slivers of the Null Arca)","","Corpseburster Ring (Corpseburster)","Corpseburster Ring (Corpseburster)","Corpseburster Dagger (Corpseburster)","Corpseburster Dagger (Corpseburster)","The Maelstrom's Perfected Greatsword (Perfected Merciless Charge)"," ()","Avid Boneyard","Blighted Blastbones","Venom Skull","Detonating Siphon","Shocking Banner (Class Flourish / Courage)","Flawless Dawnbreaker","Stampede","Carve","Skeletal Arcanist","Barbed Trap","Shocking Banner (Class Flourish / Courage)","Shooting Star"
"Dreadsail Reef","Lylanar and Turlassil","https://www.esologs.com/reports/D4jC3H8Yx6TKmWNR#fight=33&type=summary&source=10","@xablauzin","Rathmà","grave-herald-x-corpseburster-perfected-slivers-of-the-null-arca","dps","Grave","Herald","x","Perfected Slivers of the Null Arca","Corpseburster","179394.8","2818.2","67.5","179394.8 DPS","","Huntsman's Warmask (Huntsman's Warmask)","Perfected Null Arca Jack (Perfected Slivers of the Null Arca)","Slimecraw Epaulets (Slimecraw)","Perfected Null Arca Bracers (Perfected Slivers of the Null Arca)","","Perfected Null Arca Guards (Perfected Slivers of the Null Arca)","Perfected Null Arca Boots (Perfected Slivers of the Null Arca)","","Corpseburster Ring (Corpseburster)","Corpseburster Ring (Corpseburster)","Corpseburster Dagger (Corpseburster)","Corpseburster Dagger (Corpseburster)","The Maelstrom's Perfected Greatsword (Perfected Merciless Charge)"," ()","Unnerving Boneyard","Venom Skull","Blighted Blastbones","Banner Bearer","Detonating Siphon","Flawless Dawnbreaker","Barbed Trap","Stampede","Carve","Banner Bearer","Skeletal Archer","Shooting Star"
"Dreadsail Reef","Lylanar and Turlassil","https://www.esologs.com/reports/D4jC3H8Yx6TKmWNR#fight=33&type=summary&source=6","@LeopardoColorido","Jimim do Dps","grave-herald-x-corpseburster-perfected-slivers-of-the-null-arca","dps","Grave","Herald","x","Perfected Slivers of the Null Arca","Corpseburster","169896.3","7288.3","60.0","169896.3 DPS","","Huntsman's Warmask (Huntsman's Warmask)","Perfected Null Arca Jack (Perfected Slivers of the Null Arca)","Slimecraw Arm Cops (Slimecraw)","Perfected Null Arca Bracers (Perfected Slivers of the Null Arca)","","Perfected Null Arca Guards (Perfected Slivers of the Null Arca)","Corpseburster Boots (Corpseburster)","","Corpseburster Ring (Corpseburster)","Corpseburster Ring (Corpseburster)","Perfected Null Arca Dagger (Perfected Slivers of the Null Arca)","Perfected Null Arca Dagger (Perfected Slivers of the Null Arca)","The Maelstrom's Perfected Greatsword (Perfected Merciless Charge)"," ()","Blighted Blastbones","Venom Skull","Avid Boneyard","Detonating Siphon","Banner Bearer","Flawless Dawnbreaker","Stampede","Barbed Trap","Carve","Skeletal Arcanist","Banner Bearer","Shooting Star"
"Dreadsail Reef","Lylanar and Turlassil","https://www.esologs.com/reports/D4jC3H8Yx6TKmWNR#fight=33&type=summary&source=5","@Shadow-Guy","I-forgive-you","grave-herald-x-corpseburster-perfected-slivers-of-the-null-arca","dps","Grave","Herald","x","Perfected Slivers of the Null Arca","Corpseburster","182712.5","7106.0","73.0","182712.5 DPS","","Slimecraw Mask (Slimecraw)","Perfected Null Arca Jack (Perfected Slivers of the Null Arca)","Mora's Whispers (Mora's Whispers)","Perfected Null Arca Bracers (Perfected Slivers of the Null Arca)","","Perfected Null Arca Guards (Perfected Slivers of the Null Arca)","Perfected Null Arca Boots (Perfected Slivers of the Null Arca)","","Corpseburster Ring (Corpseburster)","Corpseburster Ring (Corpseburster)","Corpseburster Dagger (Corpseburster)","Corpseburster Axe (Corpseburster)","The Maelstrom's Perfected Greatsword (Perfected Merciless Charge)"," ()","Blighted Blastbones","Unnerving Boneyard","Venom Skull","Detonating Siphon","Banner Bearer","Flawless Dawnbreaker","Stampede","Carve","Ulfsild's Contingency","Skeletal Archer","Banner Bearer","Shooting Star"
"Dreadsail Reef","Lylanar and Turlassil","https://www.esologs.com/reports/D4jC3H8Yx6TKmWNR#fight=33&type=summary&source=1","@In2TheDark","Pretty Pötatö","grave-herald-x-corpseburster-perfected-slivers-of-the-null-arca","dps","Grave","Herald","x","Perfected Slivers of the Null Arca","Corpseburster","173774.7","6507.0","86.0","173774.7 DPS","","Slimecraw Mask (Slimecraw)","Perfected Null Arca Jack (Perfected Slivers of the Null Arca)","Mora's Whispers (Mora's Whispers)","Perfected Null Arca Bracers (Perfected Slivers of the Null Arca)","","Perfected Null Arca Guards (Perfected Slivers of the Null Arca)","Perfected Null Arca Boots (Perfected Slivers of the Null Arca)","","Corpseburster Ring (Corpseburster)","Corpseburster Ring (Corpseburster)","Corpseburster Dagger (Corpseburster)","Corpseburster Axe (Corpseburster)","The Maelstrom's Perfected Greatsword (Perfected Merciless Charge)"," ()","Detonating Siphon","Banner Bearer","Venom Skull","Blighted Blastbones","Unnerving Boneyard","Flawless Dawnbreaker","Barbed Trap","Banner Bearer","Stampede","Carve","Skeletal Archer","Shooting Star"
"Dreadsail Reef","Lylanar and Turlassil","https://www.esologs.com/reports/D4jC3H8Yx6TKmWNR#fight=33&type=summary&source=9","@richtinker","sashablastbones","grave-herald-x-corpseburster-perfected-slivers-of-the-null-arca","dps","Grave","Herald","x","Corpseburster","Perfected Slivers of the Null Arca","164364.2","13807.2","75.8","164364.2 DPS","","Slimecraw Mask (Slimecraw)","Corpseburster Jack (Corpseburster)","Perfected Null Arca Arm Cops (Perfected Slivers of the Null Arca)","Corpseburster Bracers (Corpseburster)","","Perfected Null Arca Guards (Perfected Slivers of the Null Arca)","Corpseburster Boots (Corpseburster)","","Shattered Paths Signet (Shattered Paths Signet)","Corpseburster Ring (Corpseburster)","Perfected Null Arca Dagger (Perfected Slivers of the Null Arca)","Corpseburster Dagger (Corpseburster)","The Maelstrom's Perfected Greatsword (Perfected Merciless Charge)"," ()","Venom Skull","Blighted Blastbones","Detonating Siphon","Unnerving Boneyard","Banner Bearer","Glacial Colossus","Skeletal Archer","Stampede","Carve","Barbed Trap","Banner Bearer","Glacial Colossus"
"Dreadsail Reef","Lylanar and Turlassil","https://www.esologs.com/reports/D4jC3H8Yx6TKmWNR#fight=33&type=summary&source=4","@JosephSMT","Joseph T","grave-herald-x-corpseburster-perfected-slivers-of-the-null-arca","dps","Grave","Herald","x","Perfected Slivers of the Null Arca","Corpseburster","144940.1","11350.5","67.0","144940.1 DPS","","Slimecraw Mask (Slimecraw)","Perfected Null Arca Jack (Perfected Slivers of the Null Arca)","Perfected Null Arca Arm Cops (Perfected Slivers of the Null Arca)","Perfected Null Arca Bracers (Perfected Slivers of the Null Arca)","","Perfected Null Arca Guards (Perfected Slivers of the Null Arca)","Perfected Null Arca Boots (Perfected Slivers of the Null Arca)","","Shattered Paths Signet (Shattered Paths Signet)","Corpseburster Ring (Corpseburster)","Corpseburster Dagger (Corpseburster)","Corpseburster Dagger (Corpseburster)","The Maelstrom's Perfected Greatsword (Perfected Merciless Charge)"," ()","Venom Skull","Blighted Blastbones","Avid Boneyard","Detonating Siphon","Banner Bearer","Glacial Colossus","Barbed Trap","Stampede","Skeletal Archer","Carve","Banner Bearer","Flawless Dawnbreaker"
"Dreadsail Reef","Lylanar and Turlassil","https://www.esologs.com/reports/D4jC3H8Yx6TKmWNR#fight=33&type=summary&source=11","@oAMo","Svetlana Malediktovna","grave-herald-x-corpseburster-perfected-slivers-of-the-null-arca","dps","Grave","Herald","x","Perfected Slivers of the Null Arca","Corpseburster","146911.1","15390.3","60.3","146911.1 DPS","","Zaan Mask (Zaan)","Perfected Null Arca Jack (Perfected Slivers of the Null Arca)","Perfected Null Arca Arm Cops (Perfected Slivers of the Null Arca)","Perfected Null Arca Bracers (Perfected Slivers of the Null Arca)","","Perfected Null Arca Guards (Perfected Slivers of the Null Arca)","Perfected Null Arca Boots (Perfected Slivers of the Null Arca)","","Corpseburster Ring (Corpseburster)","Shattered Paths Signet (Shattered Paths Signet)","Corpseburster Dagger (Corpseburster)","Corpseburster Dagger (Corpseburster)","The Maelstrom's Perfected Greatsword (Perfected Merciless Charge)"," ()","Venom Skull","Blighted Blastbones","Unnerving Boneyard","Detonating Siphon","Banner Bearer","Glacial Colossus","Stampede","Carve","Ulfsild's Contingency","Sundering Burst","Banner Bearer","Glacial Colossus"
"Dreadsail Reef","Lylanar and Turlassil","https://www.esologs.com/reports/D4jC3H8Yx6TKmWNR#fight=33&type=summary&source=8","@ZENON1996","Redemtion-S","grave-herald-x-corpseburster-perfected-slivers-of-the-null-arca","dps","Grave","Herald","x","Perfected Slivers of the Null Arca","Corpseburster","159092.5","9972.7","72.5","159092.5 DPS","","Slimecraw Mask (Slimecraw)","Perfected Null Arca Jack (Perfected Slivers of the Null Arca)","Corpseburster Arm Cops (Corpseburster)","Perfected Null Arca Bracers (Perfected Slivers of the Null Arca)","","Perfected Null Arca Guards (Perfected Slivers of the Null Arca)","Perfected Null Arca Boots (Perfected Slivers of the Null Arca)","","Corpseburster Ring (Corpseburster)","Shattered Paths Signet (Shattered Paths Signet)","Corpseburster Dagger (Corpseburster)","Corpseburster Dagger (Corpseburster)","The Maelstrom's Greatsword (Merciless Charge)"," ()","Venom Skull","Blighted Blastbones","Detonating Siphon","Unnerving Boneyard","Banner Bearer","Pestilent Colossus","Stampede","Carve","Sundering Burst","Ulfsild's Contingency","Banner Bearer","Flawless Dawnbreaker"
"Dreadsail Reef","Lylanar and Turlassil","https://www.esologs.com/reports/D4jC3H8Yx6TKmWNR#fight=33&type=summary&source=8","@FearShadows","Mãki Zënin","grave-herald-x-corpseburster-perfected-slivers-of-the-null-arca","dps","Grave","Herald","x","Perfected Slivers of the Null Arca","Corpseburster","139700.3","5900.5","64.4","139700.3 DPS","","Huntsman's Warmask (Huntsman's Warmask)","Perfected Null Arca Jack (Perfected Slivers of the Null Arca)","Arm Cops of the Thousand Eyes (Thousand Eyes)","Perfected Null Arca Bracers (Perfected Slivers of the Null Arca)","","Perfected Null Arca Guards (Perfected Slivers of the Null Arca)","Perfected Null Arca Boots (Perfected Slivers of the Null Arca)","","Corpseburster Ring (Corpseburster)","Corpseburster Ring (Corpseburster)","Corpseburster Dagger (Corpseburster)","Corpseburster Dagger (Corpseburster)","The Maelstrom's Perfected Greatsword (Perfected Merciless Charge)"," ()","Unnerving Boneyard","Blighted Blastbones","Detonating Siphon","Venom Skull","Banner Bearer","Flawless Dawnbreaker","Stampede","Carve","Barbed Trap","Skeletal Archer","Banner Bearer","Shooting Star"
"Dreadsail Reef","Lylanar and Turlassil","https://www.esologs.com/reports/D4jC3H8Yx6TKmWNR#fight=33&type=summary&source=11","@Domestic4Tero","Sanguine Bone","grave-herald-x-corpseburster-perfected-slivers-of-the-null-arca","dps","Grave","Herald","x","Corpseburster","Perfected Slivers of the Null Arca","184879.7","9400.3","86.6","184879.7 DPS","","Corpseburster Helmet (Corpseburster)","Perfected Null Arca Jack (Perfected Slivers of the Null Arca)","Slimecraw Epaulets (Slimecraw)","Perfected Null Arca Bracers (Perfected Slivers of the Null Arca)","","Perfected Null Arca Guards (Perfected Slivers of the Null Arca)","Perfected Null Arca Boots (Perfected Slivers of the Null Arca)","","Corpseburster Ring (Corpseburster)","Corpseburster Ring (Corpseburster)","Corpseburster Axe (Corpseburster)","Corpseburster Dagger (Corpseburster)","The Maelstrom's Perfected Greatsword (Perfected Merciless Charge)"," ()","Detonating Siphon","Unnerving Boneyard","Blighted Blastbones","Venom Skull","Banner Bearer","Flawless Dawnbreaker","Ulfsild's Contingency","Stampede","Carve","Skeletal Arcanist","Banner Bearer","Shooting Star"
"Dreadsail Reef","Lylanar and Turlassil","https://www.esologs.com/reports/D4jC3H8Yx6TKmWNR#fight=33&type=summary&source=10","@DEINFRA","Nekronysia","grave-x-x-corpseburster-perfected-slivers-of-the-null-arca","dps","Grave","x","x","Perfected Slivers of the Null Arca","Corpseburster","165634.7","2327.4","66.2","165634.7 DPS","","Huntsman's Warmask (Huntsman's Warmask)","Perfected Null Arca Jack (Perfected Slivers of the Null Arca)","Slimecraw Arm Cops (Slimecraw)","Corpseburster Bracers (Corpseburster)","","Perfected Null Arca Guards (Perfected Slivers of the Null Arca)","Perfected Null Arca Boots (Perfected Slivers of the Null Arca)","","Perfected Null Arca Ring (Perfected Slivers of the Null Arca)","Corpseburster Ring (Corpseburster)","Corpseburster Dagger (Corpseburster)","Corpseburster Dagger (Corpseburster)","The Maelstrom's Greatsword (Merciless Charge)"," ()","Venom Skull","Blighted Blastbones","Detonating Siphon","Unnerving Boneyard","Shocking Banner (Class Flourish / Courage)","Flawless Dawnbreaker","Stampede","Anti-Cavalry Caltrops","Barbed Trap","Skeletal Archer","Shocking Banner (Class Flourish / Courage)","Shooting Star"
"Dreadsail Reef","Lylanar and Turlassil","https://www.esologs.com/reports/D4jC3H8Yx6TKmWNR#fight=33&type=summary&source=7","@Staubfaenger","Knob'lauch","grave-x-x-corpseburster-perfected-slivers-of-the-null-arca","dps","Grave","x","x","Perfected Slivers of the Null Arca","Corpseburster","157023.6","2599.8","54.6","157023.6 DPS","","Huntsman's Warmask (Huntsman's Warmask)","Perfected Null Arca Jack (Perfected Slivers of the Null Arca)","Slimecraw Arm Cops (Slimecraw)","Perfected Null Arca Bracers (Perfected Slivers of the Null Arca)","","Perfected Null Arca Guards (Perfected Slivers of the Null Arca)","Perfected Null Arca Boots (Perfected Slivers of the Null Arca)","","Corpseburster Ring (Corpseburster)","Corpseburster Ring (Corpseburster)","Corpseburster Dagger (Corpseburster)","Corpseburster Dagger (Corpseburster)","The Maelstrom's Perfected Greatsword (Perfected Merciless Charge)"," ()","Blighted Blastbones","Venom Skull","Unnerving Boneyard","Detonating Siphon","Banner Bearer","Flawless Dawnbreaker","Stampede","Anti-Cavalry Caltrops","Barbed Trap","Skeletal Arcanist","Banner Bearer","Shooting Star"
"Dreadsail Reef","Lylanar and Turlassil","https://www.esologs.com/reports/D4jC3H8Yx6TKmWNR#fight=33&type=summary&source=20","nil","Anonymous 20","grave-x-x-corpseburster-perfected-slivers-of-the-null-arca","dps","Grave","x","x","Perfected Slivers of the Null Arca","Corpseburster","158103.7","2886.5","58.4","158103.7 DPS","","Slimecraw Mask (Slimecraw)","Perfected Null Arca Jack (Perfected Slivers of the Null Arca)","Corpseburster Arm Cops (Corpseburster)","Perfected Null Arca Bracers (Perfected Slivers of the Null Arca)","","Perfected Null Arca Guards (Perfected Slivers of the Null Arca)","Perfected Null Arca Boots (Perfected Slivers of the Null Arca)","","Corpseburster Ring (Corpseburster)","Corpseburster Ring (Corpseburster)","Corpseburster Dagger (Corpseburster)","Corpseburster Dagger (Corpseburster)","The Maelstrom's Perfected Greatsword (Perfected Merciless Charge)"," ()","Detonating Siphon","Venom Skull","Unnerving Boneyard","Blighted Blastbones","Banner Bearer","Glacial Colossus","Stampede","Ulfsild's Contingency","Mystic Orb","Anti-Cavalry Caltrops","Banner Bearer","Shooting Star"
"Dreadsail Reef","Lylanar and Turlassil","https://www.esologs.com/reports/D4jC3H8Yx6TKmWNR#fight=33&type=summary&source=13","nil","Anonymous 13","grave-x-x-corpseburster-perfected-slivers-of-the-null-arca","dps","Grave","x","x","Perfected Slivers of the Null Arca","Corpseburster","173042.4","8881.6","63.6","173042.4 DPS","","Perfected Null Arca Helmet (Perfected Slivers of the Null Arca)","Perfected Null Arca Jack (Perfected Slivers of the Null Arca)","Slimecraw Arm Cops (Slimecraw)","Perfected Null Arca Bracers (Perfected Slivers of the Null Arca)","","Perfected Null Arca Guards (Perfected Slivers of the Null Arca)","Perfected Null Arca Boots (Perfected Slivers of the Null Arca)","","Corpseburster Ring (Corpseburster)","Corpseburster Ring (Corpseburster)","Corpseburster Dagger (Corpseburster)","Corpseburster Dagger (Corpseburster)","The Maelstrom's Perfected Greatsword (Perfected Merciless Charge)"," ()","Blighted Blastbones","Detonating Siphon","Unnerving Boneyard","Banner Bearer","Venom Skull","Thrive in Chaos","Stampede","Anti-Cavalry Caltrops","Skeletal Archer","Banner Bearer","Barbed Trap","Shooting Star"
"Dreadsail Reef","Lylanar and Turlassil","https://www.esologs.com/reports/D4jC3H8Yx6TKmWNR#fight=33&type=summary&source=8","@zVidaa","no-crux","grave-x-x-corpseburster-perfected-slivers-of-the-null-arca","dps","Grave","x","x","Perfected Slivers of the Null Arca","Corpseburster","156923.4","14252.7","51.0","156923.4 DPS","","Slimecraw Mask (Slimecraw)","Perfected Null Arca Jack (Perfected Slivers of the Null Arca)","Mora's Whispers (Mora's Whispers)","Perfected Null Arca Bracers (Perfected Slivers of the Null Arca)","","Perfected Null Arca Guards (Perfected Slivers of the Null Arca)","Perfected Null Arca Boots (Perfected Slivers of the Null Arca)","","Corpseburster Ring (Corpseburster)","Corpseburster Ring (Corpseburster)","Corpseburster Dagger (Corpseburster)","Corpseburster Axe (Corpseburster)","The Maelstrom's Perfected Greatsword (Perfected Merciless Charge)"," ()","Venom Skull","Unnerving Boneyard","Blighted Blastbones","Detonating Siphon","Banner Bearer","Flawless Dawnbreaker","Skeletal Archer","Anti-Cavalry Caltrops","Stampede","Banner Bearer","Ulfsild's Contingency","Shooting Star"
"Dreadsail Reef","Lylanar and Turlassil","https://www.esologs.com/reports/D4jC3H8Yx6TKmWNR#fight=33&type=summary&source=3","@xDeathroar","Exequuter","grave-x-x-corpseburster-perfected-slivers-of-the-null-arca","dps","Grave","x","x","Perfected Slivers of the Null Arca","Corpseburster","151241.6","1951.5","64.8","151241.6 DPS","","Slimecraw Mask (Slimecraw)","Perfected Null Arca Jack (Perfected Slivers of the Null Arca)","Mora's Whispers (Mora's Whispers)","Perfected Null Arca Bracers (Perfected Slivers of the Null Arca)","","Perfected Null Arca Guards (Perfected Slivers of the Null Arca)","Perfected Null Arca Boots (Perfected Slivers of the Null Arca)","","Corpseburster Ring (Corpseburster)","Corpseburster Ring (Corpseburster)","Corpseburster Dagger (Corpseburster)","Corpseburster Axe (Corpseburster)","The Maelstrom's Greatsword (Merciless Charge)"," ()","Unnerving Boneyard","Blighted Blastbones","Detonating Siphon","Venom Skull","Banner Bearer","Flawless Dawnbreaker","Stampede","Barbed Trap","Anti-Cavalry Caltrops","Skeletal Archer","Banner Bearer","Glacial Colossus"
"Dreadsail Reef","Lylanar and Turlassil","https://www.esologs.com/reports/D4jC3H8Yx6TKmWNR#fight=33&type=summary&source=5","@Shadow-Guy","I-forgive-you","grave-x-x-corpseburster-perfected-slivers-of-the-null-arca","dps","Grave","x","x","Perfected Slivers of the Null Arca","Corpseburster","175823.6","7187.8","55.8","175823.6 DPS","The Thief","Slimecraw Mask (Slimecraw)","Perfected Null Arca Jack (Perfected Slivers of the Null Arca)","Mora's Whispers (Mora's Whispers)","Perfected Null Arca Bracers (Perfected Slivers of the Null Arca)","","Perfected Null Arca Guards (Perfected Slivers of the Null Arca)","Perfected Null Arca Boots (Perfected Slivers of the Null Arca)","","Corpseburster Ring (Corpseburster)","Corpseburster Ring (Corpseburster)","Corpseburster Dagger (Corpseburster)","Corpseburster Axe (Corpseburster)","The Maelstrom's Perfected Greatsword (Perfected Merciless Charge)"," ()","Blighted Blastbones","Unnerving Boneyard","Venom Skull","Detonating Siphon","Banner Bearer","Flawless Dawnbreaker","Stampede","Anti-Cavalry Caltrops","Ulfsild's Contingency","Skeletal Arcanist","Banner Bearer","Shooting Star"
"Dreadsail Reef","Lylanar and Turlassil","https://www.esologs.com/reports/D4jC3H8Yx6TKmWNR#fight=33&type=summary&source=7","@zVidaa","no-crux","grave-x-x-corpseburster-perfected-slivers-of-the-null-arca","dps","Grave","x","x","Perfected Slivers of the Null Arca","Corpseburster","165163.2","11643.8","54.1","165163.2 DPS","","Slimecraw Mask (Slimecraw)","Perfected Null Arca Jack (Perfected Slivers of the Null Arca)","Mora's Whispers (Mora's Whispers)","Perfected Null Arca Bracers (Perfected Slivers of the Null Arca)","","Perfected Null Arca Guards (Perfected Slivers of the Null Arca)","Perfected Null Arca Boots (Perfected Slivers of the Null Arca)","","Corpseburster Ring (Corpseburster)","Corpseburster Ring (Corpseburster)","Corpseburster Dagger (Corpseburster)","Corpseburster Axe (Corpseburster)","The Maelstrom's Perfected Greatsword (Perfected Merciless Charge)"," ()","Venom Skull","Unnerving Boneyard","Blighted Blastbones","Detonating Siphon","Banner Bearer","Flawless Dawnbreaker","Skeletal Archer","Anti-Cavalry Caltrops","Stampede","Banner Bearer","Ulfsild's Contingency","Shooting Star"
"Dreadsail Reef","Lylanar and Turlassil","https://www.esologs.com/reports/D4jC3H8Yx6TKmWNR#fight=33&type=summary&source=3","@xDeathroar","Exequuter","grave-x-x-corpseburster-perfected-slivers-of-the-null-arca","dps","Grave","x","x","Perfected Slivers of the Null Arca","Corpseburster","142915.7","12141.0","70.7","142915.7 DPS","","Slimecraw Mask (Slimecraw)","Perfected Null Arca Jack (Perfected Slivers of the Null Arca)","Mora's Whispers (Mora's Whispers)","Perfected Null Arca Bracers (Perfected Slivers of the Null Arca)","","Perfected Null Arca Guards (Perfected Slivers of the Null Arca)","Perfected Null Arca Boots (Perfected Slivers of the Null Arca)","","Corpseburster Ring (Corpseburster)","Corpseburster Ring (Corpseburster)","Corpseburster Dagger (Corpseburster)","Corpseburster Axe (Corpseburster)","The Maelstrom's Greatsword (Merciless Charge)"," ()","Unnerving Boneyard","Blighted Blastbones","Detonating Siphon","Venom Skull","Banner Bearer","Flawless Dawnbreaker","Stampede","Barbed Trap","Anti-Cavalry Caltrops","Skeletal Archer","Banner Bearer","Glacial Colossus"
"Dreadsail Reef","Lylanar and Turlassil","https://www.esologs.com/reports/D4jC3H8Yx6TKmWNR#fight=33&type=summary&source=6","@Melina_nyu","Crolina'nyu","grave-x-x-azureblight-reaper-corpseburster","dps","Grave","x","x","Azureblight Reaper","Corpseburster","205507.6","4919.3","83.6","205507.6 DPS","","Huntsman's Warmask (Huntsman's Warmask)","Azureblight Jack (Azureblight Reaper)","Slimecraw Arm Cops (Slimecraw)","Azureblight Bracers (Azureblight Reaper)","","Azureblight Guards (Azureblight Reaper)","Azureblight Boots (Azureblight Reaper)","","Corpseburster Ring (Corpseburster)","Corpseburster Ring (Corpseburster)","Corpseburster Dagger (Corpseburster)","Corpseburster Dagger (Corpseburster)","The Maelstrom's Perfected Greatsword (Perfected Merciless Charge)"," ()","Venom Skull","Blighted Blastbones","Avid Boneyard","Shocking Banner (Class Flourish / Courage)","Detonating Siphon","Pestilent Colossus","Barbed Trap","Scalding Rune","Shocking Banner (Class Flourish / Courage)","Skeletal Archer","Stampede","Shooting Star"
"Dreadsail Reef","Lylanar and Turlassil","https://www.esologs.com/reports/D4jC3H8Yx6TKmWNR#fight=33&type=summary&source=9","@Ralf_17","Näshandra","grave-x-x-azureblight-reaper-corpseburster","dps","Grave","x","x","Corpseburster","Azureblight Reaper","237478.5","6554.1","64.7","237478.5 DPS","","Corpseburster Helmet (Corpseburster)","Azureblight Jack (Azureblight Reaper)","Slimecraw Arm Cops (Slimecraw)","Azureblight Bracers (Azureblight Reaper)","","Azureblight Guards (Azureblight Reaper)","Azureblight Boots (Azureblight Reaper)","","Corpseburster Ring (Corpseburster)","Corpseburster Ring (Corpseburster)","Corpseburster Dagger (Corpseburster)","Corpseburster Dagger (Corpseburster)","The Maelstrom's Perfected Greatsword (Perfected Merciless Charge)"," ()","Venom Skull","Banner Bearer","Blighted Blastbones","Avid Boneyard","Detonating Siphon","Thrive in Chaos","Anti-Cavalry Caltrops","Banner Bearer","Stampede","Barbed Trap","Skeletal Archer","Shooting Star"
"Dreadsail Reef","Lylanar and Turlassil","https://www.esologs.com/reports/D4jC3H8Yx6TKmWNR#fight=33&type=summary&source=6","@Carnego","Cârnegô","grave-x-x-azureblight-reaper-corpseburster","dps","Grave","x","x","Corpseburster","Azureblight Reaper","208818.3","20011.2","57.2","208818.3 DPS","","Corpseburster Helmet (Corpseburster)","Azureblight Jack (Azureblight Reaper)","Slimecraw Arm Cops (Slimecraw)","Azureblight Bracers (Azureblight Reaper)","","Azureblight Guards (Azureblight Reaper)","Azureblight Boots (Azureblight Reaper)","","Corpseburster Ring (Corpseburster)","Corpseburster Ring (Corpseburster)","Corpseburster Dagger (Corpseburster)","Corpseburster Dagger (Corpseburster)","The Maelstrom's Perfected Greatsword (Perfected Merciless Charge)"," ()","Blighted Blastbones","Unnerving Boneyard","Venom Skull","Detonating Siphon","Banner Bearer","Thrive in Chaos","Mystic Orb","Ulfsild's Contingency","Stampede","Skeletal Arcanist","Banner Bearer","Shooting Star"
"Dreadsail Reef","Lylanar and Turlassil","https://www.esologs.com/reports/D4jC3H8Yx6TKmWNR#fight=33&type=summary&source=1","@NineGG","Numril Valder","grave-x-x-azureblight-reaper-corpseburster","dps","Grave","x","x","Azureblight Reaper","Corpseburster","224205.2","9878.4","79.5","224205.2 DPS","","Slimecraw Mask (Slimecraw)","Azureblight Jack (Azureblight Reaper)","Mora's Whispers (Mora's Whispers)","Azureblight Bracers (Azureblight Reaper)","","Azureblight Guards (Azureblight Reaper)","Azureblight Boots (Azureblight Reaper)","","Corpseburster Ring (Corpseburster)","Corpseburster Ring (Corpseburster)","Corpseburster Dagger (Corpseburster)","Corpseburster Axe (Corpseburster)","The Maelstrom's Perfected Greatsword (Perfected Merciless Charge)"," ()","Venom Skull","Blighted Blastbones","Detonating Siphon","Unnerving Boneyard","Banner Bearer","Flawless Dawnbreaker","Stampede","Anti-Cavalry Caltrops","Skeletal Archer","Ulfsild's Contingency","Banner Bearer","Shooting Star"
"Dreadsail Reef","Lylanar and Turlassil","https://www.esologs.com/reports/D4jC3H8Yx6TKmWNR#fight=33&type=summary&source=8","@NineGG","Numril Valder","grave-x-x-azureblight-reaper-corpseburster","dps","Grave","x","x","Azureblight Reaper","Corpseburster","239569.6","10454.5","88.1","239569.6 DPS","The Atronach","Slimecraw Mask (Slimecraw)","Azureblight Jack (Azureblight Reaper)","Mora's Whispers (Mora's Whispers)","Azureblight Bracers (Azureblight Reaper)","","Azureblight Guards (Azureblight Reaper)","Azureblight Boots (Azureblight Reaper)","","Corpseburster Ring (Corpseburster)","Corpseburster Ring (Corpseburster)","Corpseburster Dagger (Corpseburster)","Corpseburster Axe (Corpseburster)","The Maelstrom's Perfected Greatsword (Perfected Merciless Charge)"," ()","Venom Skull","Blighted Blastbones","Detonating Siphon","Unnerving Boneyard","Banner Bearer","Flawless Dawnbreaker","Stampede","Anti-Cavalry Caltrops","Skeletal Archer","Ulfsild's Contingency","Banner Bearer","Shooting Star"
"Dreadsail Reef","Lylanar and Turlassil","https://www.esologs.com/reports/D4jC3H8Yx6TKmWNR#fight=33&type=summary&source=4","@Tabiary","Cruella Redoran","grave-x-x-azureblight-reaper-corpseburster","dps","Grave","x","x","Azureblight Reaper","Corpseburster","191662.4","7360.6","70.8","191662.4 DPS","","Azureblight Helmet (Azureblight Reaper)","Corpseburster Jack (Corpseburster)","Zaan Arm Cops (Zaan)","Azureblight Bracers (Azureblight Reaper)","","Azureblight Guards (Azureblight Reaper)","Azureblight Boots (Azureblight Reaper)","","Corpseburster Ring (Corpseburster)","Corpseburster Ring (Corpseburster)","Corpseburster Dagger (Corpseburster)","Corpseburster Dagger (Corpseburster)","The Maelstrom's Perfected Greatsword (Perfected Merciless Charge)"," ()","Blighted Blastbones","Detonating Siphon","Venom Skull","Unnerving Boneyard","Banner Bearer","Flawless Dawnbreaker","Stampede","Ulfsild's Contingency","Barbed Trap","Skeletal Arcanist","Banner Bearer","Glacial Colossus"
"Dreadsail Reef","Lylanar and Turlassil","https://www.esologs.com/reports/tX6xQrj3BkcndbTw#fight=41&type=summary&source=12","@Shandiran","Phaia Malas","curative-herald-soldier-master-architect-powerful-assault","healer","Herald","Curative","Soldier","Master Architect","Powerful Assault","4904.3","113349.7","57.2","113349.7 HPS","","Ozezan the Inferno's Guise (Ozezan the Inferno)","Master Architect Jerkin (Master Architect)","Ozezan the Inferno's Epaulets (Ozezan the Inferno)","Master Architect Gloves (Master Architect)","","Master Architect Breeches (Master Architect)","Master Architect Shoes (Master Architect)","","Ring of the Powerful Assault (Powerful Assault)","Ring of the Powerful Assault (Powerful Assault)","The Master's Perfected Restoration Staff (Perfected Grand Rejuvenation)"," ()","Lightning Staff of the Powerful Assault (Powerful Assault)"," ()","Warding Burst","Combat Prayer","Radiating Regeneration","Illustrious Healing","Cruxweaver Armor","Glyphic of the Tides","Tidal Chakram","Fulminating Rune","Echoing Vigor","Elemental Blockade","Overflowing Altar","Reviving Barrier"
"Dreadsail Reef","Lylanar and Turlassil","https://www.esologs.com/reports/tX6xQrj3BkcndbTw#fight=41&type=summary&source=11","@lina_inverse972","spank-with-scrolls","curative-herald-soldier-master-architect-powerful-assault","healer","Herald","Curative","Soldier","Master Architect","Powerful Assault","12626.4","135246.4","59.3","135246.4 HPS","The Atronach","Ozezan the Inferno's Guise (Ozezan the Inferno)","Master Architect Robe (Master Architect)","Ozezan the Inferno's Epaulets (Ozezan the Inferno)","Bracers of the Powerful Assault (Powerful Assault)","","Master Architect Breeches (Master Architect)","Master Architect Shoes (Master Architect)","","Death Dealer's Fete (Death Dealer's Fete)","Ring of the Powerful Assault (Powerful Assault)","Restoration Staff of the Powerful Assault (Powerful Assault)"," ()","Master Architect Lightning Staff (Master Architect)"," ()","Tidal Chakram","Combat Prayer","Echoing Vigor","Illustrious Healing","Radiating Regeneration","Reviving Barrier","Elemental Blockade","Fulminating Rune","Mystic Orb","Cruxweaver Armor","Overflowing Altar","Resonating Glyphic"
"Dreadsail Reef","Lylanar and Turlassil","https://www.esologs.com/reports/tX6xQrj3BkcndbTw#fight=41&type=summary&source=9","@lina_inverse972","spank-with-scrolls","curative-herald-soldier-master-architect-powerful-assault","healer","Herald","Curative","Soldier","Master Architect","Powerful Assault","10478.8","132195.5","62.6","132195.5 HPS","","Ozezan the Inferno's Guise (Ozezan the Inferno)","Master Architect Robe (Master Architect)","Ozezan the Inferno's Epaulets (Ozezan the Inferno)","Bracers of the Powerful Assault (Powerful Assault)","","Master Architect Breeches (Master Architect)","Master Architect Shoes (Master Architect)","","Death Dealer's Fete (Death Dealer's Fete)","Ring of the Powerful Assault (Powerful Assault)","Restoration Staff of the Powerful Assault (Powerful Assault)"," ()","Master Architect Lightning Staff (Master Architect)"," ()","Tidal Chakram","Combat Prayer","Echoing Vigor","Illustrious Healing","Radiating Regeneration","Reviving Barrier","Elemental Blockade","Fulminating Rune","Mystic Orb","Cruxweaver Armor","Overflowing Altar","Resonating Glyphic"
"Dreadsail Reef","Lylanar and Turlassil","https://www.esologs.com/reports/tX6xQrj3BkcndbTw#fight=41&type=summary&source=1","@NeruKodoka","The Unforgiven Il","curative-herald-soldier-master-architect-powerful-assault","healer","Herald","Curative","Soldier","Master Architect","Powerful Assault","10517.7","146468.2","94.6","146468.2 HPS","","Symphony of Blades Guise (Symphony of Blades)","Jack of the Powerful Assault (Powerful Assault)","Symphony of Blades Epaulets (Symphony of Blades)","Master Architect Gloves (Master Architect)","","Master Architect Breeches (Master Architect)","Master Architect Shoes (Master Architect)","","Ring of the Powerful Assault (Powerful Assault)","Ring of the Powerful Assault (Powerful Assault)","Restoration Staff of the Powerful Assault (Powerful Assault)"," ()","Master Architect Restoration Staff (Master Architect)"," ()","Illustrious Healing","Combat Prayer","Radiating Regeneration","Echoing Vigor","Inner Light","Gibbering Shelter","Energy Orb","Cruxweaver Armor","Fulminating Rune","Overflowing Altar","Recuperative Treatise","Resonating Glyphic"
"Dreadsail Reef","Lylanar and Turlassil","https://www.esologs.com/reports/qv8DaXYPRVAmpjfZ#fight=21&type=summary&source=1","@GomezZnl","Bearon van Dyke","animal-green-winter-perfected-xoryns-masterpiece-serpents-disdain","tank","Animal","Green","Winter","Perfected Xoryn's Masterpiece","Serpent's Disdain","8851.9","20332.8","46.5","46.5 CPM","","Magma Incarnate Guise (Magma Incarnate)","Cryptcanon Vestments (Cryptcanon Vestments)","Pauldrons of Serpent's Disdain (Serpent's Disdain)","Gauntlets of Serpent's Disdain (Serpent's Disdain)","","Greaves of Serpent's Disdain (Serpent's Disdain)","Sabatons of Serpent's Disdain (Serpent's Disdain)","","Xoryn's Perfected Ring (Perfected Xoryn's Masterpiece)","Xoryn's Perfected Ring (Perfected Xoryn's Masterpiece)","Xoryn's Perfected Ice Staff (Perfected Xoryn's Masterpiece)"," ()","Xoryn's Perfected Ice Staff (Perfected Xoryn's Masterpiece)"," ()","Inner Rage","Gripping Shards","Revealing Flare","Polar Wind","Leashing Soul","Crypt Transfer","Elemental Susceptibility","Expansive Frost Cloak","Budding Seeds","Blockade of Frost","Blue Betty","Crypt Transfer"
"Dreadsail Reef","Lylanar and Turlassil","https://www.esologs.com/reports/qv8DaXYPRVAmpjfZ#fight=21&type=summary&source=5","@Neifary","Alhvít Tyra","animal-green-winter-perfected-xoryns-masterpiece-serpents-disdain","tank","Animal","Green","Winter","Perfected Xoryn's Masterpiece","Serpent's Disdain","9867.0","24477.8","52.6","52.6 CPM","The Thief","Magma Incarnate Mask (Magma Incarnate)","Cryptcanon Vestments (Cryptcanon Vestments)","Xoryn's Perfected Epaulets (Perfected Xoryn's Masterpiece)","Gauntlets of Serpent's Disdain (Serpent's Disdain)","","Greaves of Serpent's Disdain (Serpent's Disdain)","Sabatons of Serpent's Disdain (Serpent's Disdain)","","Xoryn's Perfected Ring (Perfected Xoryn's Masterpiece)","Xoryn's Perfected Ring (Perfected Xoryn's Masterpiece)","Xoryn's Perfected Ice Staff (Perfected Xoryn's Masterpiece)"," ()","Xoryn's Perfected Ice Staff (Perfected Xoryn's Masterpiece)"," ()","Inner Rage","Polar Wind","Budding Seeds","Exhilarating Drain","Lotus Blossom","Crypt Transfer","Elemental Susceptibility","Blockade of Frost","Bull Netch","Expansive Frost Cloak","Winter's Revenge","Crypt Transfer"
"Dreadsail Reef","Lylanar and Turlassil","https://www.esologs.com/reports/qv8DaXYPRVAmpjfZ#fight=21&type=summary&source=10","@JacobWasTake'n","Ro Jogan","animal-green-winter-perfected-xoryns-masterpiece-serpents-disdain","tank","Animal","Green","Winter","Perfected Xoryn's Masterpiece","Serpent's Disdain","8430.2","18120.6","53.3","53.3 CPM","","Magma Incarnate Visage (Magma Incarnate)","Cryptcanon Vestments (Cryptcanon Vestments)","Pauldrons of Serpent's Disdain (Serpent's Disdain)","Gauntlets of Serpent's Disdain (Serpent's Disdain)","","Greaves of Serpent's Disdain (Serpent's Disdain)","Sabatons of Serpent's Disdain (Serpent's Disdain)","","Xoryn's Perfected Ring (Perfected Xoryn's Masterpiece)","Xoryn's Perfected Ring (Perfected Xoryn's Masterpiece)","Xoryn's Perfected Ice Staff (Perfected Xoryn's Masterpiece)"," ()","Xoryn's Perfected Ice Staff (Perfected Xoryn's Masterpiece)"," ()","Polar Wind","Budding Seeds","Exhilarating Drain","Inner Rage","Revealing Flare","Eternal Guardian","Echoing Vigor","Elemental Blockade","Expansive Frost Cloak","Elemental Susceptibility","Winter's Revenge","Eternal Guardian"
"Dreadsail Reef","Lylanar and Turlassil","https://www.esologs.com/reports/D4jC3H8Yx6TKmWNR#fight=33&type=summary&source=9","@Osvera","Molten Tank","ardent-earthen-x-perfected-lucent-echoes-war-machine","tank","Ardent","Earthen","x","War Machine","Perfected Lucent Echoes","8462.0","14351.0","47.9","47.9 CPM","","Baron Zaudrus Mask (Baron Zaudrus)","Lucent Echoes Perfected Cuirass (Perfected Lucent Echoes)","Baron Zaudrus Epaulets (Baron Zaudrus)","Lucent Echoes Perfected Gauntlets (Perfected Lucent Echoes)","","Lucent Echoes Perfected Greaves (Perfected Lucent Echoes)","Lucent Echoes Perfected Sabatons (Perfected Lucent Echoes)","","War Machine Ring (War Machine)","War Machine Ring (War Machine)","War Machine Ice Staff (War Machine)"," ()","War Machine Ice Staff (War Machine)"," ()","Earthshield Mantle","Warding Contingency (Gladiator's Tenacity / Protection)","Revealing Flare","Magma Fist","Inner Rage","Reviving Barrier","Blockade of Frost","Elemental Susceptibility","Resolving Vigor","Igneous Weapons","Fire Keeper","Standard of Might"
"Dreadsail Reef","Lylanar and Turlassil","https://www.esologs.com/reports/D4jC3H8Yx6TKmWNR#fight=33&type=summary&source=8","@LunaCairu","Luna Caïru","ardent-earthen-x-perfected-lucent-echoes-war-machine","tank","Ardent","Earthen","x","Perfected Lucent Echoes","War Machine","13335.7","18844.9","49.3","49.3 CPM","The Atronach","Baron Zaudrus Mask (Baron Zaudrus)","Lucent Echoes Perfected Cuirass (Perfected Lucent Echoes)","Baron Zaudrus Epaulets (Baron Zaudrus)","Lucent Echoes Perfected Gauntlets (Perfected Lucent Echoes)","","Lucent Echoes Perfected Greaves (Perfected Lucent Echoes)","Lucent Echoes Perfected Sabatons (Perfected Lucent Echoes)","","War Machine Ring (War Machine)","War Machine Ring (War Machine)","Ice Staff of the Trainee (Armor of the Trainee)"," ()","War Machine Ice Staff (War Machine)"," ()","Inner Rage","Magma Fist","Elemental Susceptibility","Blood of the Green Dragon","Earthshield Mantle","Temporal Guard","Elemental Blockade","Fire Keeper","Mystic Orb","Incinerate","Igneous Weapons","Standard of Might"
"Dreadsail Reef","Lylanar and Turlassil","https://www.esologs.com/reports/6BayfvYFXpTdmVW3#fight=41&type=summary&source=12","@zolgiac","Zapzapzapzapzapzapzapzap","daedric-storm-x-perfected-pearlescent-ward-perfected-pillagers-profit","tank","Daedric","Storm","x","Perfected Pillager's Profit","Perfected Pearlescent Ward","4854.2","25233.5","74.9","74.9 CPM","","Lord Warden Dusk's Mask (Lord Warden)","Perfected Pearlescent Cuirass (Perfected Pearlescent Ward)","Spaulder of Ruin (Spaulder of Ruin)","Perfected Pearlescent Gauntlets (Perfected Pearlescent Ward)","","Perfected Pearlescent Greaves (Perfected Pearlescent Ward)","Perfected Pearlescent Sabatons (Perfected Pearlescent Ward)","","Perfected Pillager's Band (Perfected Pillager's Profit)","Perfected Pillager's Band (Perfected Pillager's Profit)","Perfected Pillager's Ice Staff (Perfected Pillager's Profit)"," ()","Perfected Pillager's Ice Staff (Perfected Pillager's Profit)"," ()","Inner Rage","Lingering Flare","Exhilarating Drain","Hardened Ward","Vibrant Shroud","Reviving Barrier","Hurricane","Liquid Lightning","Elemental Susceptibility","Elemental Blockade","Bound Aegis","Aggressive Horn"
"Dreadsail Reef","Lylanar and Turlassil","https://www.esologs.com/reports/6BayfvYFXpTdmVW3#fight=41&type=summary&source=11","@zolgiac","Zapzapzapzapzapzapzapzap","daedric-storm-x-perfected-pearlescent-ward-perfected-pillagers-profit","tank","Daedric","Storm","x","Perfected Pillager's Profit","Perfected Pearlescent Ward","5264.9","22543.6","73.2","73.2 CPM","The Atronach","Nazaray Mask (Nazaray)","Perfected Pearlescent Cuirass (Perfected Pearlescent Ward)","Nazaray Epaulets (Nazaray)","Perfected Pearlescent Gauntlets (Perfected Pearlescent Ward)","","Perfected Pearlescent Greaves (Perfected Pearlescent Ward)","Perfected Pearlescent Sabatons (Perfected Pearlescent Ward)","","Perfected Pillager's Band (Perfected Pillager's Profit)","Perfected Pillager's Band (Perfected Pillager's Profit)","Perfected Pillager's Ice Staff (Perfected Pillager's Profit)"," ()","Perfected Pillager's Ice Staff (Perfected Pillager's Profit)"," ()","Inner Rage","Lingering Flare","Exhilarating Drain","Hardened Ward","Vibrant Shroud","Reviving Barrier","Hurricane","Liquid Lightning","Elemental Susceptibility","Elemental Blockade","Bound Aegis","Aggressive Horn"
"Dreadsail Reef","Lylanar and Turlassil","https://www.esologs.com/reports/6BayfvYFXpTdmVW3#fight=41&type=summary&source=6","@Wörtschel","Luna Cherryblossom","dawn-resto-x-master-architect-way-of-martial-knowledge","healer","Dawn","Resto","x","Way of Martial Knowledge","Master Architect","19716.8","121555.2","65.7","121555.2 HPS","The Ritual","Archdruid Devyric's Mask (Archdruid Devyric)","Jerkin of Martial Knowledge (Way of Martial Knowledge)","Archdruid Devyric's Epaulets (Archdruid Devyric)","Gloves of Martial Knowledge (Way of Martial Knowledge)","","Breeches of Martial Knowledge (Way of Martial Knowledge)","Shoes of Martial Knowledge (Way of Martial Knowledge)","","Master Architect Ring (Master Architect)","Master Architect Ring (Master Architect)","The Master's Perfected Restoration Staff (Perfected Grand Rejuvenation)"," ()","Master Architect Sword (Master Architect)","Master Architect Sword (Master Architect)","Illustrious Healing","Combat Prayer","Radiating Regeneration","Mystic Orb","Purifying Light","Reviving Barrier","Radiant Aura","Magic Knife","Extended Ritual","Echoing Vigor","Channeled Focus","Reviving Barrier"
"Dreadsail Reef","Lylanar and Turlassil","https://www.esologs.com/reports/6BayfvYFXpTdmVW3#fight=41&type=summary&source=2","@xZephyria","Alina the Sunkiller","dawn-resto-x-master-architect-way-of-martial-knowledge","healer","Dawn","Resto","x","Way of Martial Knowledge","Master Architect","14435.8","123654.6","58.1","123654.6 HPS","","Ozezan the Inferno's Guise (Ozezan the Inferno)","Robe of Martial Knowledge (Way of Martial Knowledge)","Ozezan the Inferno's Epaulets (Ozezan the Inferno)","Gloves of Martial Knowledge (Way of Martial Knowledge)","","Breeches of Martial Knowledge (Way of Martial Knowledge)","Shoes of Martial Knowledge (Way of Martial Knowledge)","","Master Architect Ring (Master Architect)","Master Architect Ring (Master Architect)","The Master's Perfected Restoration Staff (Perfected Grand Rejuvenation)"," ()","Master Architect Sword (Master Architect)","Master Architect Sword (Master Architect)","Illustrious Healing","Radiating Regeneration","Combat Prayer","Purifying Light","Echoing Vigor","Reviving Barrier","Extended Ritual","Shattering Knife","Radiant Aura","Overflowing Altar","Mystic Orb","Reviving Barrier"
"Dreadsail Reef","Bow Breaker","https://www.esologs.com/reports/D4jC3H8Yx6TKmWNR#fight=75&type=summary&source=7","@i.gr","I The Creator","grave-herald-x-corpseburster-perfected-slivers-of-the-null-arca","dps","Grave","Herald","x","Perfected Slivers of the Null Arca","Corpseburster","322951.3","8090.7","88.3","322951.3 DPS","","Huntsman's Warmask (Huntsman's Warmask)","Perfected Null Arca Jack (Perfected Slivers of the Null Arca)","Iceheart Arm Cops (Iceheart)","Perfected Null Arca Bracers (Perfected Slivers of the Null Arca)","","Perfected Null Arca Guards (Perfected Slivers of the Null Arca)","Perfected Null Arca Boots (Perfected Slivers of the Null Arca)","","Corpseburster Ring (Corpseburster)","Corpseburster Ring (Corpseburster)","Corpseburster Dagger (Corpseburster)","Corpseburster Dagger (Corpseburster)","The Maelstrom's Perfected Greatsword (Perfected Merciless Charge)"," ()","Avid Boneyard","Blighted Blastbones","Venom Skull","Detonating Siphon","Shocking Banner (Class Flourish / Courage)","Flawless Dawnbreaker","Stampede","Carve","Skeletal Arcanist","Barbed Trap","Shocking Banner (Class Flourish / Courage)","Shooting Star"
"Dreadsail Reef","Bow Breaker","https://www.esologs.com/reports/D4jC3H8Yx6TKmWNR#fight=75&type=summary&source=9","@Pixel_Frost","Necraftn","grave-herald-x-corpseburster-perfected-slivers-of-the-null-arca","dps","Grave","Herald","x","Perfected Slivers of the Null Arca","Corpseburster","196912.6","4664.5","81.7","196912.6 DPS","","Huntsman's Warmask (Huntsman's Warmask)","Perfected Null Arca Jack (Perfected Slivers of the Null Arca)","Slimecraw Arm Cops (Slimecraw)","Perfected Null Arca Bracers (Perfected Slivers of the Null Arca)","","Perfected Null Arca Guards (Perfected Slivers of the Null Arca)","Perfected Null Arca Boots (Perfected Slivers of the Null Arca)","","Corpseburster Ring (Corpseburster)","Corpseburster Ring (Corpseburster)","Corpseburster Dagger (Corpseburster)","Corpseburster Dagger (Corpseburster)","The Maelstrom's Perfected Greatsword (Perfected Merciless Charge)"," ()","Blighted Blastbones","Unnerving Boneyard","Venom Skull","Detonating Siphon","Banner Bearer","Flawless Dawnbreaker","Stampede","Carve","Skeletal Archer","Ulfsild's Contingency","Banner Bearer","Shooting Star"
"Dreadsail Reef","Bow Breaker","https://www.esologs.com/reports/D4jC3H8Yx6TKmWNR#fight=75&type=summary&source=9","@In2TheDark","Pretty Pötatö","grave-herald-x-corpseburster-perfected-slivers-of-the-null-arca","dps","Grave","Herald","x","Perfected Slivers of the Null Arca","Corpseburster","364320.4","7907.4","91.7","364320.4 DPS","The Thief","Huntsman's Warmask (Huntsman's Warmask)","Perfected Null Arca Jack (Perfected Slivers of the Null Arca)","Slimecraw Epaulets (Slimecraw)","Perfected Null Arca Bracers (Perfected Slivers of the Null Arca)","","Perfected Null Arca Guards (Perfected Slivers of the Null Arca)","Perfected Null Arca Boots (Perfected Slivers of the Null Arca)","","Corpseburster Ring (Corpseburster)","Corpseburster Ring (Corpseburster)","Corpseburster Dagger (Corpseburster)","Corpseburster Dagger (Corpseburster)","The Maelstrom's Perfected Greatsword (Perfected Merciless Charge)"," ()","Detonating Siphon","Banner Bearer","Venom Skull","Blighted Blastbones","Unnerving Boneyard","Flawless Dawnbreaker","Barbed Trap","Banner Bearer","Stampede","Carve","Skeletal Archer","Shooting Star"
"Dreadsail Reef","Bow Breaker","https://www.esologs.com/reports/D4jC3H8Yx6TKmWNR#fight=75&type=summary&source=3","@xDeathroar","Exequuter","grave-herald-x-corpseburster-perfected-slivers-of-the-null-arca","dps","Grave","Herald","x","Perfected Slivers of the Null Arca","Corpseburster","187690.3","34819.3","66.9","187690.3 DPS","","Huntsman's Warmask (Huntsman's Warmask)","Perfected Null Arca Jack (Perfected Slivers of the Null Arca)","Slimecraw Arm Cops (Slimecraw)","Perfected Null Arca Bracers (Perfected Slivers of the Null Arca)","","Perfected Null Arca Guards (Perfected Slivers of the Null Arca)","Perfected Null Arca Boots (Perfected Slivers of the Null Arca)","","Corpseburster Ring (Corpseburster)","Corpseburster Ring (Corpseburster)","Corpseburster Dagger (Corpseburster)","Corpseburster Dagger (Corpseburster)","The Maelstrom's Greatsword (Merciless Charge)"," ()","Unnerving Boneyard","Blighted Blastbones","Detonating Siphon","Venom Skull","Banner Bearer","Flawless Dawnbreaker","Stampede","Barbed Trap","Carve","Skeletal Archer","Banner Bearer","Glacial Colossus"
"Dreadsail Reef","Bow Breaker","https://www.esologs.com/reports/D4jC3H8Yx6TKmWNR#fight=75&type=summary&source=1","@In2TheDark","Pretty Pötatö","grave-herald-x-corpseburster-perfected-slivers-of-the-null-arca","dps","Grave","Herald","x","Perfected Slivers of the Null Arca","Corpseburster","311085.2","15487.7","98.1","311085.2 DPS","","Huntsman's Warmask (Huntsman's Warmask)","Perfected Null Arca Jack (Perfected Slivers of the Null Arca)","Slimecraw Epaulets (Slimecraw)","Perfected Null Arca Bracers (Perfected Slivers of the Null Arca)","","Perfected Null Arca Guards (Perfected Slivers of the Null Arca)","Perfected Null Arca Boots (Perfected Slivers of the Null Arca)","","Corpseburster Ring (Corpseburster)","Corpseburster Ring (Corpseburster)","Corpseburster Dagger (Corpseburster)","Corpseburster Dagger (Corpseburster)","The Maelstrom's Perfected Greatsword (Perfected Merciless Charge)"," ()","Detonating Siphon","Banner Bearer","Venom Skull","Blighted Blastbones","Unnerving Boneyard","Flawless Dawnbreaker","Barbed Trap","Banner Bearer","Stampede","Carve","Skeletal Archer","Shooting Star"
"Dreadsail Reef","Bow Breaker","https://www.esologs.com/reports/D4jC3H8Yx6TKmWNR#fight=75&type=summary&source=3","@xDeathroar","Exequuter","grave-herald-x-corpseburster-perfected-slivers-of-the-null-arca","dps","Grave","Herald","x","Perfected Slivers of the Null Arca","Corpseburster","209574.1","0.0","84.0","209574.1 DPS","","Huntsman's Warmask (Huntsman's Warmask)","Perfected Null Arca Jack (Perfected Slivers of the Null Arca)","Slimecraw Arm Cops (Slimecraw)","Perfected Null Arca Bracers (Perfected Slivers of the Null Arca)","","Perfected Null Arca Guards (Perfected Slivers of the Null Arca)","Perfected Null Arca Boots (Perfected Slivers of the Null Arca)","","Corpseburster Ring (Corpseburster)","Corpseburster Ring (Corpseburster)","Corpseburster Dagger (Corpseburster)","Corpseburster Dagger (Corpseburster)","The Maelstrom's Greatsword (Merciless Charge)"," ()","Unnerving Boneyard","Blighted Blastbones","Detonating Siphon","Venom Skull","Banner Bearer","Flawless Dawnbreaker","Stampede","Barbed Trap","Carve","Skeletal Archer","Banner Bearer","Glacial Colossus"
"Dreadsail Reef","Bow Breaker","https://www.esologs.com/reports/D4jC3H8Yx6TKmWNR#fight=75&type=summary&source=9","@richtinker","sashablastbones","grave-herald-x-corpseburster-perfected-slivers-of-the-null-arca","dps","Grave","Herald","x","Corpseburster","Perfected Slivers of the Null Arca","350581.1","11870.9","68.6","350581.1 DPS","","Slimecraw Mask (Slimecraw)","Corpseburster Jack (Corpseburster)","Perfected Null Arca Arm Cops (Perfected Slivers of the Null Arca)","Corpseburster Bracers (Corpseburster)","","Perfected Null Arca Guards (Perfected Slivers of the Null Arca)","Corpseburster Boots (Corpseburster)","","Shattered Paths Signet (Shattered Paths Signet)","Corpseburster Ring (Corpseburster)","Perfected Null Arca Dagger (Perfected Slivers of the Null Arca)","Corpseburster Dagger (Corpseburster)","The Maelstrom's Perfected Greatsword (Perfected Merciless Charge)"," ()","Venom Skull","Blighted Blastbones","Detonating Siphon","Unnerving Boneyard","Banner Bearer","Glacial Colossus","Skeletal Archer","Stampede","Carve","Barbed Trap","Banner Bearer","Glacial Colossus"
"Dreadsail Reef","Bow Breaker","https://www.esologs.com/reports/D4jC3H8Yx6TKmWNR#fight=75&type=summary&source=11","@Domestic4Tero","Sanguine Bone","grave-herald-x-corpseburster-perfected-slivers-of-the-null-arca","dps","Grave","Herald","x","Corpseburster","Perfected Slivers of the Null Arca","275001.6","22951.8","99.1","275001.6 DPS","","Corpseburster Helmet (Corpseburster)","Perfected Null Arca Jack (Perfected Slivers of the Null Arca)","Slimecraw Epaulets (Slimecraw)","Perfected Null Arca Bracers (Perfected Slivers of the Null Arca)","","Perfected Null Arca Guards (Perfected Slivers of the Null Arca)","Perfected Null Arca Boots (Perfected Slivers of the Null Arca)","","Corpseburster Ring (Corpseburster)","Corpseburster Ring (Corpseburster)","Corpseburster Axe (Corpseburster)","Corpseburster Dagger (Corpseburster)","The Maelstrom's Perfected Greatsword (Perfected Merciless Charge)"," ()","Detonating Siphon","Unnerving Boneyard","Blighted Blastbones","Venom Skull","Banner Bearer","Flawless Dawnbreaker","Ulfsild's Contingency","Stampede","Carve","Skeletal Arcanist","Banner Bearer","Shooting Star"
"Dreadsail Reef","Bow Breaker","https://www.esologs.com/reports/D4jC3H8Yx6TKmWNR#fight=75&type=summary&source=10","@DEINFRA","Nekronysia","grave-x-x-corpseburster-perfected-slivers-of-the-null-arca","dps","Grave","x","x","Perfected Slivers of the Null Arca","Corpseburster","217314.5","1590.2","80.7","217314.5 DPS","","Huntsman's Warmask (Huntsman's Warmask)","Perfected Null Arca Jack (Perfected Slivers of the Null Arca)","Slimecraw Arm Cops (Slimecraw)","Corpseburster Bracers (Corpseburster)","","Perfected Null Arca Guards (Perfected Slivers of the Null Arca)","Perfected Null Arca Boots (Perfected Slivers of the Null Arca)","","Perfected Null Arca Ring (Perfected Slivers of the Null Arca)","Corpseburster Ring (Corpseburster)","Corpseburster Dagger (Corpseburster)","Corpseburster Dagger (Corpseburster)","The Maelstrom's Greatsword (Merciless Charge)"," ()","Venom Skull","Blighted Blastbones","Detonating Siphon","Unnerving Boneyard","Shocking Banner (Class Flourish / Courage)","Flawless Dawnbreaker","Stampede","Anti-Cavalry Caltrops","Barbed Trap","Skeletal Archer","Shocking Banner (Class Flourish / Courage)","Shooting Star"
"Dreadsail Reef","Bow Breaker","https://www.esologs.com/reports/D4jC3H8Yx6TKmWNR#fight=75&type=summary&source=32","nil","Anonymous 32","grave-x-x-corpseburster-perfected-slivers-of-the-null-arca","dps","Grave","x","x","Perfected Slivers of the Null Arca","Corpseburster","213238.9","10681.8","80.0","213238.9 DPS","","Slimecraw Mask (Slimecraw)","Perfected Null Arca Jack (Perfected Slivers of the Null Arca)","Corpseburster Arm Cops (Corpseburster)","Perfected Null Arca Bracers (Perfected Slivers of the Null Arca)","","Perfected Null Arca Guards (Perfected Slivers of the Null Arca)","Perfected Null Arca Boots (Perfected Slivers of the Null Arca)","","Corpseburster Ring (Corpseburster)","Corpseburster Ring (Corpseburster)","Corpseburster Dagger (Corpseburster)","Corpseburster Dagger (Corpseburster)","The Maelstrom's Perfected Greatsword (Perfected Merciless Charge)"," ()","Venom Skull","Blighted Blastbones","Unnerving Boneyard","Detonating Siphon","Banner Bearer","Flawless Dawnbreaker","Camouflaged Hunter","Stampede","Ulfsild's Contingency","Skeletal Archer","Banner Bearer","Shooting Star"
"Dreadsail Reef","Bow Breaker","https://www.esologs.com/reports/D4jC3H8Yx6TKmWNR#fight=75&type=summary&source=8","@zVidaa","no-crux","grave-x-x-corpseburster-perfected-slivers-of-the-null-arca","dps","Grave","x","x","Perfected Slivers of the Null Arca","Corpseburster","253459.6","1289.6","52.0","253459.6 DPS","","Huntsman's Warmask (Huntsman's Warmask)","Perfected Null Arca Jack (Perfected Slivers of the Null Arca)","Slimecraw Arm Cops (Slimecraw)","Perfected Null Arca Bracers (Perfected Slivers of the Null Arca)","","Perfected Null Arca Guards (Perfected Slivers of the Null Arca)","Perfected Null Arca Boots (Perfected Slivers of the Null Arca)","","Corpseburster Ring (Corpseburster)","Corpseburster Ring (Corpseburster)","Corpseburster Dagger (Corpseburster)","Corpseburster Dagger (Corpseburster)","The Maelstrom's Perfected Greatsword (Perfected Merciless Charge)"," ()","Venom Skull","Unnerving Boneyard","Blighted Blastbones","Detonating Siphon","Banner Bearer","Flawless Dawnbreaker","Skeletal Archer","Anti-Cavalry Caltrops","Stampede","Banner Bearer","Barbed Trap","Shooting Star"
"Dreadsail Reef","Bow Breaker","https://www.esologs.com/reports/D4jC3H8Yx6TKmWNR#fight=75&type=summary&source=5","@Shadow-Guy","I-forgive-you","grave-x-x-corpseburster-perfected-slivers-of-the-null-arca","dps","Grave","x","x","Perfected Slivers of the Null Arca","Corpseburster","274843.4","6963.2","69.4","274843.4 DPS","","Huntsman's Warmask (Huntsman's Warmask)","Perfected Null Arca Jack (Perfected Slivers of the Null Arca)","Slimecraw Arm Cops (Slimecraw)","Perfected Null Arca Bracers (Perfected Slivers of the Null Arca)","","Perfected Null Arca Guards (Perfected Slivers of the Null Arca)","Perfected Null Arca Boots (Perfected Slivers of the Null Arca)","","Corpseburster Ring (Corpseburster)","Corpseburster Ring (Corpseburster)","Corpseburster Dagger (Corpseburster)","Corpseburster Dagger (Corpseburster)","The Maelstrom's Perfected Greatsword (Perfected Merciless Charge)"," ()","Blighted Blastbones","Unnerving Boneyard","Venom Skull","Detonating Siphon","Banner Bearer","Flawless Dawnbreaker","Stampede","Anti-Cavalry Caltrops","Barbed Trap","Skeletal Archer","Banner Bearer","Shooting Star"
"Dreadsail Reef","Bow Breaker","https://www.esologs.com/reports/D4jC3H8Yx6TKmWNR#fight=75&type=summary&source=1","@NineGG","Numril Valder","grave-x-x-corpseburster-perfected-slivers-of-the-null-arca","dps","Grave","x","x","Perfected Slivers of the Null Arca","Corpseburster","325109.9","16060.9","94.1","325109.9 DPS","The Atronach","Huntsman's Warmask (Huntsman's Warmask)","Perfected Null Arca Jack (Perfected Slivers of the Null Arca)","Slimecraw Arm Cops (Slimecraw)","Perfected Null Arca Bracers (Perfected Slivers of the Null Arca)","","Perfected Null Arca Guards (Perfected Slivers of the Null Arca)","Perfected Null Arca Boots (Perfected Slivers of the Null Arca)","","Corpseburster Ring (Corpseburster)","Corpseburster Ring (Corpseburster)","Corpseburster Dagger (Corpseburster)","Corpseburster Dagger (Corpseburster)","The Maelstrom's Perfected Greatsword (Perfected Merciless Charge)"," ()","Venom Skull","Blighted Blastbones","Detonating Siphon","Unnerving Boneyard","Banner Bearer","Flawless Dawnbreaker","Stampede","Anti-Cavalry Caltrops","Skeletal Archer","Barbed Trap","Banner Bearer","Shooting Star"
"Dreadsail Reef","Bow Breaker","https://www.esologs.com/reports/D4jC3H8Yx6TKmWNR#fight=75&type=summary&source=5","@Shadow-Guy","I-forgive-you","grave-x-x-corpseburster-perfected-slivers-of-the-null-arca","dps","Grave","x","x","Perfected Slivers of the Null Arca","Corpseburster","249317.7","9650.2","65.4","249317.7 DPS","","Huntsman's Warmask (Huntsman's Warmask)","Perfected Null Arca Jack (Perfected Slivers of the Null Arca)","Slimecraw Arm Cops (Slimecraw)","Perfected Null Arca Bracers (Perfected Slivers of the Null Arca)","","Perfected Null Arca Guards (Perfected Slivers of the Null Arca)","Perfected Null Arca Boots (Perfected Slivers of the Null Arca)","","Corpseburster Ring (Corpseburster)","Corpseburster Ring (Corpseburster)","Corpseburster Dagger (Corpseburster)","Corpseburster Dagger (Corpseburster)","The Maelstrom's Perfected Greatsword (Perfected Merciless Charge)"," ()","Blighted Blastbones","Unnerving Boneyard","Venom Skull","Detonating Siphon","Banner Bearer","Flawless Dawnbreaker","Stampede","Anti-Cavalry Caltrops","Barbed Trap","Skeletal Arcanist","Banner Bearer","Shooting Star"
"Dreadsail Reef","Bow Breaker","https://www.esologs.com/reports/D4jC3H8Yx6TKmWNR#fight=75&type=summary&source=7","@zVidaa","no-crux","grave-x-x-corpseburster-perfected-slivers-of-the-null-arca","dps","Grave","x","x","Perfected Slivers of the Null Arca","Corpseburster","265438.6","30658.4","65.4","265438.6 DPS","","Huntsman's Warmask (Huntsman's Warmask)","Perfected Null Arca Jack (Perfected Slivers of the Null Arca)","Slimecraw Arm Cops (Slimecraw)","Perfected Null Arca Bracers (Perfected Slivers of the Null Arca)","","Perfected Null Arca Guards (Perfected Slivers of the Null Arca)","Perfected Null Arca Boots (Perfected Slivers of the Null Arca)","","Corpseburster Ring (Corpseburster)","Corpseburster Ring (Corpseburster)","Corpseburster Dagger (Corpseburster)","Corpseburster Dagger (Corpseburster)","The Maelstrom's Perfected Greatsword (Perfected Merciless Charge)"," ()","Venom Skull","Unnerving Boneyard","Blighted Blastbones","Detonating Siphon","Banner Bearer","Flawless Dawnbreaker","Skeletal Archer","Anti-Cavalry Caltrops","Stampede","Banner Bearer","Barbed Trap","Shooting Star"
"Dreadsail Reef","Bow Breaker","https://www.esologs.com/reports/D4jC3H8Yx6TKmWNR#fight=75&type=summary&source=4","@FierceGamer","Doodoo Bug","grave-x-x-corpseburster-perfected-slivers-of-the-null-arca","dps","Grave","x","x","Corpseburster","Perfected Slivers of the Null Arca","271162.1","5773.5","94.7","271162.1 DPS","","Corpseburster Helmet (Corpseburster)","Perfected Null Arca Jack (Perfected Slivers of the Null Arca)","Ansuul's Perfected Arm Cops (Perfected Ansuul's Torment)","Perfected Null Arca Bracers (Perfected Slivers of the Null Arca)","","Perfected Null Arca Guards (Perfected Slivers of the Null Arca)","Perfected Null Arca Boots (Perfected Slivers of the Null Arca)","","Corpseburster Ring (Corpseburster)","Corpseburster Ring (Corpseburster)","Corpseburster Dagger (Corpseburster)","Corpseburster Dagger (Corpseburster)","The Maelstrom's Perfected Greatsword (Perfected Merciless Charge)"," ()","Venom Skull","Unnerving Boneyard","Detonating Siphon","Blighted Blastbones","Banner Bearer","Flawless Dawnbreaker","Stampede","Ulfsild's Contingency","Blood Mist","Skeletal Archer","Banner Bearer","Shooting Star"
"Dreadsail Reef","Bow Breaker","https://www.esologs.com/reports/6nrc1YjK9fhdyBPF#fight=66&type=summary&source=20","nil","Anonymous 20","grave-x-x-azureblight-reaper-corpseburster","dps","Grave","x","x","Azureblight Reaper","Corpseburster","197846.0","10357.0","69.2","197846.0 DPS","","Slimecraw Mask (Slimecraw)","Azureblight Jack (Azureblight Reaper)","Corpseburster Arm Cops (Corpseburster)","Azureblight Bracers (Azureblight Reaper)","","Azureblight Guards (Azureblight Reaper)","Azureblight Boots (Azureblight Reaper)","","Corpseburster Ring (Corpseburster)","Corpseburster Ring (Corpseburster)","Corpseburster Dagger (Corpseburster)","Corpseburster Dagger (Corpseburster)","The Maelstrom's Perfected Greatsword (Perfected Merciless Charge)"," ()","Detonating Siphon","Venom Skull","Unnerving Boneyard","Blighted Blastbones","Banner Bearer","Glacial Colossus","Stampede","Ulfsild's Contingency","Mystic Orb","Anti-Cavalry Caltrops","Banner Bearer","Shooting Star"
"Dreadsail Reef","Bow Breaker","https://www.esologs.com/reports/6nrc1YjK9fhdyBPF#fight=66&type=summary&source=8","@DeFyLegends","Mike Olasus","grave-x-x-azureblight-reaper-corpseburster","dps","Grave","x","x","Corpseburster","Azureblight Reaper","289279.8","11831.7","64.2","289279.8 DPS","","Huntsman's Warmask (Huntsman's Warmask)","Azureblight Jack (Azureblight Reaper)","Corpseburster Arm Cops (Corpseburster)","Azureblight Bracers (Azureblight Reaper)","","Azureblight Guards (Azureblight Reaper)","Azureblight Boots (Azureblight Reaper)","","Corpseburster Ring (Corpseburster)","Corpseburster Ring (Corpseburster)","Corpseburster Dagger (Corpseburster)","Corpseburster Dagger (Corpseburster)","The Maelstrom's Perfected Greatsword (Perfected Merciless Charge)"," ()","Venom Skull","Unnerving Boneyard","Banner Bearer","Blighted Blastbones","Detonating Siphon","Thrive in Chaos","Stampede","Ulfsild's Contingency","Mystic Orb","Banner Bearer","Anti-Cavalry Caltrops","Shooting Star"
"Dreadsail Reef","Bow Breaker","https://www.esologs.com/reports/6nrc1YjK9fhdyBPF#fight=66&type=summary&source=8","@NineGG","Numril Valder","grave-x-x-azureblight-reaper-corpseburster","dps","Grave","x","x","Azureblight Reaper","Corpseburster","367262.6","51284.8","93.4","367262.6 DPS","","Huntsman's Warmask (Huntsman's Warmask)","Azureblight Jack (Azureblight Reaper)","Slimecraw Arm Cops (Slimecraw)","Azureblight Bracers (Azureblight Reaper)","","Azureblight Guards (Azureblight Reaper)","Azureblight Boots (Azureblight Reaper)","","Corpseburster Ring (Corpseburster)","Corpseburster Ring (Corpseburster)","Corpseburster Dagger (Corpseburster)","Corpseburster Dagger (Corpseburster)","The Maelstrom's Perfected Greatsword (Perfected Merciless Charge)"," ()","Venom Skull","Blighted Blastbones","Detonating Siphon","Unnerving Boneyard","Banner Bearer","Flawless Dawnbreaker","Stampede","Anti-Cavalry Caltrops","Skeletal Archer","Ulfsild's Contingency","Banner Bearer","Shooting Star"
"Dreadsail Reef","Bow Breaker","https://www.esologs.com/reports/6nrc1YjK9fhdyBPF#fight=66&type=summary&source=4","@Tabiary","Cruella Redoran","grave-x-x-azureblight-reaper-corpseburster","dps","Grave","x","x","Azureblight Reaper","Corpseburster","304487.1","1349.1","66.7","304487.1 DPS","","Azureblight Helmet (Azureblight Reaper)","Corpseburster Jack (Corpseburster)","Zaan Arm Cops (Zaan)","Azureblight Bracers (Azureblight Reaper)","","Azureblight Guards (Azureblight Reaper)","Azureblight Boots (Azureblight Reaper)","","Corpseburster Ring (Corpseburster)","Corpseburster Ring (Corpseburster)","Corpseburster Dagger (Corpseburster)","Corpseburster Dagger (Corpseburster)","The Maelstrom's Perfected Greatsword (Perfected Merciless Charge)"," ()","Blighted Blastbones","Detonating Siphon","Venom Skull","Unnerving Boneyard","Banner Bearer","Flawless Dawnbreaker","Stampede","Ulfsild's Contingency","Mystic Orb","Skeletal Arcanist","Banner Bearer","Glacial Colossus"
"Dreadsail Reef","Bow Breaker","https://www.esologs.com/reports/6nrc1YjK9fhdyBPF#fight=66&type=summary&source=8","@FearShadows","Mãki Zënin","grave-x-x-azureblight-reaper-corpseburster","dps","Grave","x","x","Azureblight Reaper","Corpseburster","386326.1","13297.7","66.0","386326.1 DPS","The Thief","Slimecraw Mask (Slimecraw)","Azureblight Jack (Azureblight Reaper)","Corpseburster Arm Cops (Corpseburster)","Azureblight Bracers (Azureblight Reaper)","","Azureblight Guards (Azureblight Reaper)","Azureblight Boots (Azureblight Reaper)","","Corpseburster Ring (Corpseburster)","Corpseburster Ring (Corpseburster)","Corpseburster Dagger (Corpseburster)","Corpseburster Dagger (Corpseburster)","The Maelstrom's Perfected Greatsword (Perfected Merciless Charge)"," ()","Unnerving Boneyard","Blighted Blastbones","Detonating Siphon","Venom Skull","Banner Bearer","Flawless Dawnbreaker","Stampede","Anti-Cavalry Caltrops","Ulfsild's Contingency","Blood Mist","Banner Bearer","Shooting Star"
"Dreadsail Reef","Bow Breaker","https://www.esologs.com/reports/2r7fAw6Y1XBy8qhx#fight=72&type=summary&source=3","@r.avs","bømba","ass-shadow-siphon-aegis-caller-perfected-slivers-of-the-null-arca","dps","Ass","Shadow","Siphon","Aegis Caller","Perfected Slivers of the Null Arca","171799.6","6106.0","59.5","171799.6 DPS","","Huntsman's Warmask (Huntsman's Warmask)","Aegis Caller's Jack (Aegis Caller)","Slimecraw Arm Cops (Slimecraw)","Perfected Null Arca Bracers (Perfected Slivers of the Null Arca)","","Perfected Null Arca Guards (Perfected Slivers of the Null Arca)","Perfected Null Arca Boots (Perfected Slivers of the Null Arca)","","Aegis Caller's Ring (Aegis Caller)","Aegis Caller's Ring (Aegis Caller)","Perfected Null Arca Dagger (Perfected Slivers of the Null Arca)","Perfected Null Arca Dagger (Perfected Slivers of the Null Arca)","The Maelstrom's Perfected Greatsword (Perfected Merciless Charge)"," ()","Surprise Attack","Killer's Blade","Debilitate","Shadowy Disguise","Relentless Focus","Incapacitating Strike","Carve","Stampede","Dark Shade","Barbed Trap","Ulfsild's Contingency","Ice Comet"
"Dreadsail Reef","Bow Breaker","https://www.esologs.com/reports/2r7fAw6Y1XBy8qhx#fight=72&type=summary&source=4","@CookieMan69","Hermiona Auditore","ass-shadow-siphon-aegis-caller-perfected-slivers-of-the-null-arca","dps","Ass","Shadow","Siphon","Perfected Slivers of the Null Arca","Aegis Caller","246574.9","12454.3","59.5","246574.9 DPS","","Huntsman's Warmask (Huntsman's Warmask)","Perfected Null Arca Jack (Perfected Slivers of the Null Arca)","Zaan Arm Cops (Zaan)","Perfected Null Arca Bracers (Perfected Slivers of the Null Arca)","","Perfected Null Arca Guards (Perfected Slivers of the Null Arca)","Perfected Null Arca Boots (Perfected Slivers of the Null Arca)","","Aegis Caller's Ring (Aegis Caller)","Aegis Caller's Ring (Aegis Caller)","Aegis Caller's Dagger (Aegis Caller)","Aegis Caller's Dagger (Aegis Caller)","The Maelstrom's Perfected Greatsword (Perfected Merciless Charge)"," ()","Surprise Attack","Killer's Blade","Shadowy Disguise","Relentless Focus","Debilitate","Incapacitating Strike","Stampede","Carve","Dark Shade","Barbed Trap","Ulfsild's Contingency","Veil of Blades"
"Dreadsail Reef","Bow Breaker","https://www.esologs.com/reports/2r7fAw6Y1XBy8qhx#fight=72&type=summary&source=4","@CookieMan69","Hermiona Auditore","ass-shadow-siphon-aegis-caller-perfected-slivers-of-the-null-arca","dps","Ass","Shadow","Siphon","Perfected Slivers of the Null Arca","Aegis Caller","194712.2","14724.5","65.4","194712.2 DPS","","Huntsman's Warmask (Huntsman's Warmask)","Perfected Null Arca Jack (Perfected Slivers of the Null Arca)","Zaan Arm Cops (Zaan)","Perfected Null Arca Bracers (Perfected Slivers of the Null Arca)","","Perfected Null Arca Guards (Perfected Slivers of the Null Arca)","Perfected Null Arca Boots (Perfected Slivers of the Null Arca)","","Aegis Caller's Ring (Aegis Caller)","Aegis Caller's Ring (Aegis Caller)","Aegis Caller's Dagger (Aegis Caller)","Aegis Caller's Dagger (Aegis Caller)","The Maelstrom's Perfected Greatsword (Perfected Merciless Charge)"," ()","Surprise Attack","Killer's Blade","Shadowy Disguise","Relentless Focus","Debilitate","Incapacitating Strike","Stampede","Carve","Dark Shade","Barbed Trap","Ulfsild's Contingency","Veil of Blades"
"Dreadsail Reef","Bow Breaker","https://www.esologs.com/reports/2r7fAw6Y1XBy8qhx#fight=72&type=summary&source=15","@Matrix117","Laloo hlaalu","ass-shadow-siphon-aegis-caller-perfected-slivers-of-the-null-arca","dps","Ass","Shadow","Siphon","Perfected Slivers of the Null Arca","Aegis Caller","285265.5","7678.0","50.8","285265.5 DPS","","Slimecraw Mask (Slimecraw)","Perfected Null Arca Jack (Perfected Slivers of the Null Arca)","Mora's Whispers (Mora's Whispers)","Perfected Null Arca Bracers (Perfected Slivers of the Null Arca)","","Perfected Null Arca Guards (Perfected Slivers of the Null Arca)","Perfected Null Arca Boots (Perfected Slivers of the Null Arca)","","Aegis Caller's Ring (Aegis Caller)","Aegis Caller's Ring (Aegis Caller)","Aegis Caller's Dagger (Aegis Caller)","Aegis Caller's Dagger (Aegis Caller)","The Maelstrom's Perfected Greatsword (Perfected Merciless Charge)"," ()","Debilitate","Relentless Focus","Surprise Attack","Shadowy Disguise","Killer's Blade","Incapacitating Strike","Barbed Trap","Stampede","Carve","Reaper's Mark","Dark Shade","Veil of Blades"
"Dreadsail Reef","Bow Breaker","https://www.esologs.com/reports/2r7fAw6Y1XBy8qhx#fight=72&type=summary&source=1","@SavageAudacity","Adrenalinized","ass-shadow-siphon-aegis-caller-perfected-slivers-of-the-null-arca","dps","Ass","Shadow","Siphon","Perfected Slivers of the Null Arca","Aegis Caller","280378.9","18077.6","80.2","280378.9 DPS","","Huntsman's Warmask (Huntsman's Warmask)","Perfected Null Arca Jack (Perfected Slivers of the Null Arca)","Ansuul's Perfected Arm Cops (Perfected Ansuul's Torment)","Perfected Null Arca Bracers (Perfected Slivers of the Null Arca)","","Perfected Null Arca Guards (Perfected Slivers of the Null Arca)","Perfected Null Arca Boots (Perfected Slivers of the Null Arca)","","Aegis Caller's Ring (Aegis Caller)","Aegis Caller's Ring (Aegis Caller)","Aegis Caller's Dagger (Aegis Caller)","Aegis Caller's Dagger (Aegis Caller)","The Maelstrom's Perfected Greatsword (Perfected Merciless Charge)"," ()","Surprise Attack","Shadowy Disguise","Killer's Blade","Debilitate","Relentless Focus","Incapacitating Strike","Barbed Trap","Stampede","Siphoning Attacks","Dark Shade","Simmering Frenzy","Shooting Star"
"Dreadsail Reef","Bow Breaker","https://www.esologs.com/reports/6BayfvYFXpTdmVW3#fight=50&type=summary&source=11","@lina_inverse972","spank-with-scrolls","curative-herald-soldier-master-architect-powerful-assault","healer","Herald","Curative","Soldier","Master Architect","Powerful Assault","21176.1","103822.2","49.5","103822.2 HPS","The Atronach","Ozezan the Inferno's Guise (Ozezan the Inferno)","Master Architect Robe (Master Architect)","Ozezan the Inferno's Epaulets (Ozezan the Inferno)","Bracers of the Powerful Assault (Powerful Assault)","","Master Architect Breeches (Master Architect)","Master Architect Shoes (Master Architect)","","Ring of the Wild Hunt (Ring of the Wild Hunt)","Ring of the Powerful Assault (Powerful Assault)","Restoration Staff of the Powerful Assault (Powerful Assault)"," ()","Master Architect Lightning Staff (Master Architect)"," ()","Tidal Chakram","Combat Prayer","Echoing Vigor","Illustrious Healing","Radiating Regeneration","Reviving Barrier","Elemental Blockade","Fulminating Rune","Mystic Orb","Cruxweaver Armor","Overflowing Altar","Resonating Glyphic"
"Dreadsail Reef","Bow Breaker","https://www.esologs.com/reports/6BayfvYFXpTdmVW3#fight=50&type=summary&source=9","@lina_inverse972","spank-with-scrolls","curative-herald-soldier-master-architect-powerful-assault","healer","Herald","Curative","Soldier","Master Architect","Powerful Assault","10298.1","85171.8","53.7","85171.8 HPS","","Ozezan the Inferno's Guise (Ozezan the Inferno)","Master Architect Robe (Master Architect)","Ozezan the Inferno's Epaulets (Ozezan the Inferno)","Bracers of the Powerful Assault (Powerful Assault)","","Master Architect Breeches (Master Architect)","Master Architect Shoes (Master Architect)","","Ring of the Wild Hunt (Ring of the Wild Hunt)","Ring of the Powerful Assault (Powerful Assault)","Restoration Staff of the Powerful Assault (Powerful Assault)"," ()","Master Architect Lightning Staff (Master Architect)"," ()","Tidal Chakram","Combat Prayer","Echoing Vigor","Illustrious Healing","Radiating Regeneration","Reviving Barrier","Elemental Blockade","Fulminating Rune","Mystic Orb","Cruxweaver Armor","Overflowing Altar","Resonating Glyphic"
"Dreadsail Reef","Bow Breaker","https://www.esologs.com/reports/6BayfvYFXpTdmVW3#fight=50&type=summary&source=2","@Its_Ardy","Arrdcanist","curative-herald-soldier-master-architect-powerful-assault","healer","Herald","Curative","Soldier","Master Architect","Powerful Assault","18938.3","81481.0","64.2","81481.0 HPS","","Magma Incarnate Mask (Magma Incarnate)","Master Architect Robe (Master Architect)","Spaulder of Ruin (Spaulder of Ruin)","Master Architect Gloves (Master Architect)","","Master Architect Breeches (Master Architect)","Master Architect Shoes (Master Architect)","","Ring of the Powerful Assault (Powerful Assault)","Ring of the Powerful Assault (Powerful Assault)","The Master's Perfected Restoration Staff (Perfected Grand Rejuvenation)"," ()","Sword of the Powerful Assault (Powerful Assault)","Sword of the Powerful Assault (Powerful Assault)","Illustrious Healing","Radiating Regeneration","Combat Prayer","Tidal Chakram","Fulminating Rune","Reviving Barrier","Shattering Knife","Mystic Orb","Echoing Vigor","Cruxweaver Armor","Rune of the Colorless Pool","Resonating Glyphic"
"Dreadsail Reef","Bow Breaker","https://www.esologs.com/reports/6BayfvYFXpTdmVW3#fight=50&type=summary&source=10","@JacobWasTake'n","Ro Jogan","animal-green-winter-perfected-pillagers-profit-serpents-disdain","tank","Animal","Green","Winter","Serpent's Disdain","Perfected Pillager's Profit","22544.6","11619.8","66.9","66.9 CPM","","Archdruid Devyric's Visage (Archdruid Devyric)","Cuirass of Serpent's Disdain (Serpent's Disdain)","Archdruid Devyric's Epaulets (Archdruid Devyric)","Gauntlets of Serpent's Disdain (Serpent's Disdain)","","Greaves of Serpent's Disdain (Serpent's Disdain)","Sabatons of Serpent's Disdain (Serpent's Disdain)","","Perfected Pillager's Band (Perfected Pillager's Profit)","Perfected Pillager's Band (Perfected Pillager's Profit)","Perfected Pillager's Ice Staff (Perfected Pillager's Profit)"," ()","The Maelstrom's Perfected Ice Staff (Perfected Crushing Wall)"," ()","Winter's Revenge","Budding Seeds","Exhilarating Drain","Inner Rage","Subterranean Assault","Aggressive Horn","Charging Maneuver","Elemental Blockade","Expansive Frost Cloak","Elemental Susceptibility","Lotus Blossom","Eternal Guardian"
"Dreadsail Reef","Bow Breaker","https://www.esologs.com/reports/6BayfvYFXpTdmVW3#fight=50&type=summary&source=12","@Gopher07","Zipzickzibclibbziipzadiff","animal-green-winter-perfected-pillagers-profit-serpents-disdain","tank","Animal","Green","Winter","Serpent's Disdain","Perfected Pillager's Profit","19305.0","17277.4","60.7","60.7 CPM","","Nazaray Mask (Nazaray)","Cuirass of Serpent's Disdain (Serpent's Disdain)","Nazaray Epaulets (Nazaray)","Gauntlets of Serpent's Disdain (Serpent's Disdain)","","Greaves of Serpent's Disdain (Serpent's Disdain)","Sabatons of Serpent's Disdain (Serpent's Disdain)","","Perfected Pillager's Band (Perfected Pillager's Profit)","Perfected Pillager's Band (Perfected Pillager's Profit)","Blackrose Perfected Dagger (Perfected Spectral Cloak)","Blackrose Perfected Dagger (Perfected Spectral Cloak)","Perfected Pillager's Ice Staff (Perfected Pillager's Profit)"," ()","Inner Rage","Cutting Dive","Magic Knife","Deep Fissure","Quick Cloak","Feral Guardian","Winter's Revenge","Elemental Blockade","Budding Seeds","Elemental Susceptibility","Expansive Frost Cloak","Aggressive Horn"
"Dreadsail Reef","Bow Breaker","https://www.esologs.com/reports/6BayfvYFXpTdmVW3#fight=50&type=summary&source=17","@Caedran","Lisbeth ar Brizh","animal-green-winter-perfected-pillagers-profit-serpents-disdain","healer","Animal","Green","Winter","Serpent's Disdain","Perfected Pillager's Profit","26234.8","58884.1","45.5","58884.1 HPS","","Ozezan the Inferno's Mask (Ozezan the Inferno)","Robe of Serpent's Disdain (Serpent's Disdain)","Ozezan the Inferno's Epaulets (Ozezan the Inferno)","Bracers of Serpent's Disdain (Serpent's Disdain)","","Breeches of Serpent's Disdain (Serpent's Disdain)","Shoes of Serpent's Disdain (Serpent's Disdain)","","Perfected Pillager's Band (Perfected Pillager's Profit)","Perfected Pillager's Band (Perfected Pillager's Profit)","The Master's Perfected Restoration Staff (Perfected Grand Rejuvenation)"," ()","Perfected Pillager's Lightning Staff (Perfected Pillager's Profit)"," ()","Combat Prayer","Illustrious Healing","Budding Seeds","Radiating Regeneration","Expansive Frost Cloak","Wild Guardian","Elemental Blockade","Winter's Revenge","Echoing Vigor","Mystic Orb","Overflowing Altar","Aggressive Horn"
"Dreadsail Reef","Bow Breaker","https://www.esologs.com/reports/73vgRZdYA2M6JyFP#fight=21&type=summary&source=3","@norncat","Buffs and Stuff","animal-green-winter-jorvulds-guidance-perfected-roaring-opportunist","healer","Animal","Green","Winter","Perfected Roaring Opportunist","Jorvuld's Guidance","13261.9","80257.2","47.6","80257.2 HPS","","Nazaray Guise (Nazaray)","Jorvuld's Guidance Robe (Jorvuld's Guidance)","Nazaray Epaulets (Nazaray)","Jorvuld's Guidance Gloves (Jorvuld's Guidance)","","Jorvuld's Guidance Breeches (Jorvuld's Guidance)","Jorvuld's Guidance Shoes (Jorvuld's Guidance)","","Roaring Opportunist's Perfected Ring (Perfected Roaring Opportunist)","Roaring Opportunist's Perfected Ring (Perfected Roaring Opportunist)","Roaring Opportunist's Perfected Restoration Staff (Perfected Roaring Opportunist)"," ()","Roaring Opportunist's Perfected Ice Staff (Perfected Roaring Opportunist)"," ()","Combat Prayer","Budding Seeds","Radiating Regeneration","Illustrious Healing","Expansive Frost Cloak","Wild Guardian","Elemental Susceptibility","Elemental Blockade","Lotus Blossom","Echoing Vigor","Winter's Revenge","Reviving Barrier"
"Dreadsail Reef","Bow Breaker","https://www.esologs.com/reports/73vgRZdYA2M6JyFP#fight=21&type=summary&source=10","@Vilsekommen","Runs-With-Creatures","animal-green-winter-jorvulds-guidance-perfected-roaring-opportunist","healer","Animal","Green","Winter","Jorvuld's Guidance","Perfected Roaring Opportunist","24272.5","67101.4","37.4","67101.4 HPS","The Atronach","Magma Incarnate Guise (Magma Incarnate)","Jorvuld's Guidance Robe (Jorvuld's Guidance)","Spaulder of Ruin (Spaulder of Ruin)","Jorvuld's Guidance Gloves (Jorvuld's Guidance)","","Jorvuld's Guidance Breeches (Jorvuld's Guidance)","Jorvuld's Guidance Shoes (Jorvuld's Guidance)","","Roaring Opportunist's Perfected Ring (Perfected Roaring Opportunist)","Roaring Opportunist's Perfected Ring (Perfected Roaring Opportunist)","The Master's Perfected Restoration Staff (Perfected Grand Rejuvenation)"," ()","Roaring Opportunist's Perfected Ice Staff (Perfected Roaring Opportunist)"," ()","Echoing Vigor","Illustrious Healing","Combat Prayer","Budding Seeds","Radiating Regeneration","Wild Guardian","Mystic Orb","Winter's Revenge","Elemental Blockade","Expansive Frost Cloak","Arctic Blast","Aggressive Horn"
"Dreadsail Reef","Bow Breaker","https://www.esologs.com/reports/tX6xQrj3BkcndbTw#fight=30&type=summary&source=5","@Neifary","Alhvít Tyra","animal-green-winter-perfected-pearlescent-ward-serpents-disdain","tank","Animal","Green","Winter","Perfected Pearlescent Ward","Serpent's Disdain","13510.3","17064.0","45.6","45.6 CPM","The Thief","Nazaray Guise (Nazaray)","Jack of Serpent's Disdain (Serpent's Disdain)","Nazaray Arm Cops (Nazaray)","Bracers of Serpent's Disdain (Serpent's Disdain)","","Guards of Serpent's Disdain (Serpent's Disdain)","Boots of Serpent's Disdain (Serpent's Disdain)","","Perfected Pearlescent Ring (Perfected Pearlescent Ward)","Perfected Pearlescent Ring (Perfected Pearlescent Ward)","Perfected Pearlescent Dagger (Perfected Pearlescent Ward)","Perfected Pearlescent Dagger (Perfected Pearlescent Ward)","Perfected Pearlescent Ice Staff (Perfected Pearlescent Ward)"," ()","Inner Rage","Shattering Knife","Budding Seeds","Bull Netch","Leashing Burst","Reviving Barrier","Elemental Susceptibility","Elemental Blockade","Leashing Soul","Expansive Frost Cloak","Charging Maneuver","Aggressive Horn"
"Dreadsail Reef","Sail Ripper","https://www.esologs.com/reports/D4jC3H8Yx6TKmWNR#fight=70&type=summary&source=7","@i.gr","I The Creator","grave-herald-x-corpseburster-perfected-slivers-of-the-null-arca","dps","Grave","Herald","x","Perfected Slivers of the Null Arca","Corpseburster","233316.5","2027.4","86.1","233316.5 DPS","The Thief","Huntsman's Warmask (Huntsman's Warmask)","Perfected Null Arca Jack (Perfected Slivers of the Null Arca)","Iceheart Arm Cops (Iceheart)","Perfected Null Arca Bracers (Perfected Slivers of the Null Arca)","","Perfected Null Arca Guards (Perfected Slivers of the Null Arca)","Perfected Null Arca Boots (Perfected Slivers of the Null Arca)","","Corpseburster Ring (Corpseburster)","Corpseburster Ring (Corpseburster)","Corpseburster Dagger (Corpseburster)","Corpseburster Dagger (Corpseburster)","The Maelstrom's Perfected Greatsword (Perfected Merciless Charge)"," ()","Avid Boneyard","Blighted Blastbones","Venom Skull","Detonating Siphon","Shocking Banner (Class Flourish / Courage)","Flawless Dawnbreaker","Stampede","Carve","Skeletal Arcanist","Barbed Trap","Shocking Banner (Class Flourish / Courage)","Shooting Star"
"Dreadsail Reef","Sail Ripper","https://www.esologs.com/reports/D4jC3H8Yx6TKmWNR#fight=70&type=summary&source=9","@Ralf_17","Näshandra","grave-herald-x-corpseburster-perfected-slivers-of-the-null-arca","dps","Grave","Herald","x","Perfected Slivers of the Null Arca","Corpseburster","149556.8","3189.4","58.6","149556.8 DPS","","Huntsman's Warmask (Huntsman's Warmask)","Perfected Null Arca Jack (Perfected Slivers of the Null Arca)","Slimecraw Arm Cops (Slimecraw)","Perfected Null Arca Bracers (Perfected Slivers of the Null Arca)","","Perfected Null Arca Guards (Perfected Slivers of the Null Arca)","Perfected Null Arca Boots (Perfected Slivers of the Null Arca)","","Corpseburster Ring (Corpseburster)","Corpseburster Ring (Corpseburster)","Corpseburster Dagger (Corpseburster)","Corpseburster Dagger (Corpseburster)","The Maelstrom's Perfected Greatsword (Perfected Merciless Charge)"," ()","Venom Skull","Banner Bearer","Blighted Blastbones","Avid Boneyard","Detonating Siphon","Flawless Dawnbreaker","Carve","Banner Bearer","Stampede","Barbed Trap","Skeletal Archer","Shooting Star"
"Dreadsail Reef","Sail Ripper","https://www.esologs.com/reports/D4jC3H8Yx6TKmWNR#fight=70&type=summary&source=5","@i.gr","I The Creator","grave-herald-x-corpseburster-perfected-slivers-of-the-null-arca","dps","Grave","Herald","x","Perfected Slivers of the Null Arca","Corpseburster","162931.8","3676.9","67.5","162931.8 DPS","","Huntsman's Warmask (Huntsman's Warmask)","Perfected Null Arca Jack (Perfected Slivers of the Null Arca)","Iceheart Arm Cops (Iceheart)","Perfected Null Arca Bracers (Perfected Slivers of the Null Arca)","","Perfected Null Arca Guards (Perfected Slivers of the Null Arca)","Perfected Null Arca Boots (Perfected Slivers of the Null Arca)","","Corpseburster Ring (Corpseburster)","Corpseburster Ring (Corpseburster)","Corpseburster Dagger (Corpseburster)","Corpseburster Dagger (Corpseburster)","The Maelstrom's Perfected Greatsword (Perfected Merciless Charge)"," ()","Avid Boneyard","Blighted Blastbones","Venom Skull","Detonating Siphon","Banner Bearer","Glacial Colossus","Stampede","Carve","Skeletal Archer","Barbed Trap","Banner Bearer","Shooting Star"
"Dreadsail Reef","Sail Ripper","https://www.esologs.com/reports/D4jC3H8Yx6TKmWNR#fight=70&type=summary&source=6","@LeopardoColorido","Jimim do Dps","grave-herald-x-corpseburster-perfected-slivers-of-the-null-arca","dps","Grave","Herald","x","Perfected Slivers of the Null Arca","Corpseburster","162589.8","5656.1","65.7","162589.8 DPS","","Huntsman's Warmask (Huntsman's Warmask)","Perfected Null Arca Jack (Perfected Slivers of the Null Arca)","Slimecraw Arm Cops (Slimecraw)","Perfected Null Arca Bracers (Perfected Slivers of the Null Arca)","","Perfected Null Arca Guards (Perfected Slivers of the Null Arca)","Corpseburster Boots (Corpseburster)","","Corpseburster Ring (Corpseburster)","Corpseburster Ring (Corpseburster)","Perfected Null Arca Dagger (Perfected Slivers of the Null Arca)","Perfected Null Arca Dagger (Perfected Slivers of the Null Arca)","The Maelstrom's Perfected Greatsword (Perfected Merciless Charge)"," ()","Blighted Blastbones","Venom Skull","Avid Boneyard","Detonating Siphon","Banner Bearer","Flawless Dawnbreaker","Stampede","Barbed Trap","Carve","Skeletal Arcanist","Banner Bearer","Shooting Star"
"Dreadsail Reef","Sail Ripper","https://www.esologs.com/reports/D4jC3H8Yx6TKmWNR#fight=70&type=summary&source=10","@xablauzin","Rathmà","grave-herald-x-corpseburster-perfected-slivers-of-the-null-arca","dps","Grave","Herald","x","Perfected Slivers of the Null Arca","Corpseburster","126884.5","6626.0","69.2","126884.5 DPS","","Huntsman's Warmask (Huntsman's Warmask)","Perfected Null Arca Jack (Perfected Slivers of the Null Arca)","Slimecraw Epaulets (Slimecraw)","Perfected Null Arca Bracers (Perfected Slivers of the Null Arca)","","Perfected Null Arca Guards (Perfected Slivers of the Null Arca)","Perfected Null Arca Boots (Perfected Slivers of the Null Arca)","","Corpseburster Ring (Corpseburster)","Corpseburster Ring (Corpseburster)","Corpseburster Dagger (Corpseburster)","Corpseburster Dagger (Corpseburster)","The Maelstrom's Perfected Greatsword (Perfected Merciless Charge)"," ()","Unnerving Boneyard","Venom Skull","Blighted Blastbones","Banner Bearer","Detonating Siphon","Flawless Dawnbreaker","Barbed Trap","Stampede","Carve","Banner Bearer","Skeletal Archer","Shooting Star"
"Dreadsail Reef","Sail Ripper","https://www.esologs.com/reports/D4jC3H8Yx6TKmWNR#fight=70&type=summary&source=9","@Pixel_Frost","Necraftn","grave-herald-x-corpseburster-perfected-slivers-of-the-null-arca","dps","Grave","Herald","x","Perfected Slivers of the Null Arca","Corpseburster","196912.6","4664.5","81.7","196912.6 DPS","","Huntsman's Warmask (Huntsman's Warmask)","Perfected Null Arca Jack (Perfected Slivers of the Null Arca)","Slimecraw Arm Cops (Slimecraw)","Perfected Null Arca Bracers (Perfected Slivers of the Null Arca)","","Perfected Null Arca Guards (Perfected Slivers of the Null Arca)","Perfected Null Arca Boots (Perfected Slivers of the Null Arca)","","Corpseburster Ring (Corpseburster)","Corpseburster Ring (Corpseburster)","Corpseburster Dagger (Corpseburster)","Corpseburster Dagger (Corpseburster)","The Maelstrom's Perfected Greatsword (Perfected Merciless Charge)"," ()","Blighted Blastbones","Unnerving Boneyard","Venom Skull","Detonating Siphon","Banner Bearer","Flawless Dawnbreaker","Stampede","Carve","Skeletal Archer","Ulfsild's Contingency","Banner Bearer","Shooting Star"
"Dreadsail Reef","Sail Ripper","https://www.esologs.com/reports/TGacy3D42d8bnHzZ#fight=39&type=summary&source=21","@God'sGifttoGaming","The Bøne Zone","bone-grave-x-corpseburster-perfected-sul-xans-torment","dps","Grave","Bone","x","Corpseburster","Perfected Sul-Xan's Torment","334718.0","6818.5","93.6","334718.0 DPS","The Thief","Corpseburster Helmet (Corpseburster)","Perfected Jack of Sul-Xan's Torment (Perfected Sul-Xan's Torment)","Slimecraw Arm Cops (Slimecraw)","Perfected Bracers of Sul-Xan's Torment (Perfected Sul-Xan's Torment)","","Perfected Guards of Sul-Xan's Torment (Perfected Sul-Xan's Torment)","Perfected Boots of Sul-Xan's Torment (Perfected Sul-Xan's Torment)","","Corpseburster Ring (Corpseburster)","Corpseburster Ring (Corpseburster)","Corpseburster Dagger (Corpseburster)","Corpseburster Dagger (Corpseburster)","The Maelstrom's Perfected Inferno Staff (Perfected Crushing Wall)"," ()","Detonating Siphon","Blighted Blastbones","Venom Skull","Camouflaged Hunter","Banner Bearer","Thrive in Chaos","Necrotic Potency","Elemental Blockade","Proximity Detonation","Blood Mist","Banner Bearer","Elemental Rage"
"Dreadsail Reef","Sail Ripper","https://www.esologs.com/reports/TGacy3D42d8bnHzZ#fight=39&type=summary&source=10","@Aletheia3","Zanan Alaani","bone-grave-x-corpseburster-perfected-sul-xans-torment","dps","Grave","Bone","x","Corpseburster","Perfected Sul-Xan's Torment","134558.3","5611.6","33.8","134558.3 DPS","","Corpseburster Helmet (Corpseburster)","Perfected Jack of Sul-Xan's Torment (Perfected Sul-Xan's Torment)","Zaan Arm Cops (Zaan)","Perfected Bracers of Sul-Xan's Torment (Perfected Sul-Xan's Torment)","","Perfected Guards of Sul-Xan's Torment (Perfected Sul-Xan's Torment)","Perfected Boots of Sul-Xan's Torment (Perfected Sul-Xan's Torment)","","Corpseburster Ring (Corpseburster)","Corpseburster Ring (Corpseburster)","Corpseburster Axe (Corpseburster)","Corpseburster Dagger (Corpseburster)","The Maelstrom's Perfected Bow (Perfected Thunderous Volley)"," ()","Whirling Blades","Blighted Blastbones","Detonating Siphon","Camouflaged Hunter","Banner Bearer","Glacial Colossus","Proximity Detonation","Endless Hail","Necrotic Potency","Blood Mist","Banner Bearer","Glacial Colossus"
"Dreadsail Reef","Sail Ripper","https://www.esologs.com/reports/TGacy3D42d8bnHzZ#fight=39&type=summary&source=4","@FierceGamer","Doodoo Bug","bone-grave-x-corpseburster-perfected-sul-xans-torment","dps","Grave","Bone","x","Perfected Sul-Xan's Torment","Corpseburster","227095.1","6003.7","87.9","227095.1 DPS","","Slimecraw Mask (Slimecraw)","Perfected Jack of Sul-Xan's Torment (Perfected Sul-Xan's Torment)","Corpseburster Arm Cops (Corpseburster)","Perfected Bracers of Sul-Xan's Torment (Perfected Sul-Xan's Torment)","","Perfected Guards of Sul-Xan's Torment (Perfected Sul-Xan's Torment)","Perfected Boots of Sul-Xan's Torment (Perfected Sul-Xan's Torment)","","Corpseburster Ring (Corpseburster)","Corpseburster Ring (Corpseburster)","Corpseburster Dagger (Corpseburster)","Corpseburster Dagger (Corpseburster)","The Maelstrom's Perfected Inferno Staff (Perfected Crushing Wall)"," ()","Blighted Blastbones","Quick Cloak","Whirling Blades","Detonating Siphon","Banner Bearer","Flawless Dawnbreaker","Elemental Blockade","Ghostly Embrace","Blood Mist","Necrotic Potency","Banner Bearer","Elemental Rage"
"Dreadsail Reef","Sail Ripper","https://www.esologs.com/reports/TGacy3D42d8bnHzZ#fight=39&type=summary&source=8","@FearShadows","Mãki Zënin","bone-grave-x-corpseburster-perfected-sul-xans-torment","dps","Grave","Bone","x","Perfected Sul-Xan's Torment","Corpseburster","170057.1","4627.9","41.6","170057.1 DPS","","Slimecraw Mask (Slimecraw)","Perfected Jack of Sul-Xan's Torment (Perfected Sul-Xan's Torment)","Corpseburster Arm Cops (Corpseburster)","Perfected Bracers of Sul-Xan's Torment (Perfected Sul-Xan's Torment)","","Perfected Guards of Sul-Xan's Torment (Perfected Sul-Xan's Torment)","Perfected Boots of Sul-Xan's Torment (Perfected Sul-Xan's Torment)","","Corpseburster Ring (Corpseburster)","Corpseburster Ring (Corpseburster)","Corpseburster Dagger (Corpseburster)","Corpseburster Dagger (Corpseburster)","The Maelstrom's Perfected Inferno Staff (Perfected Crushing Wall)"," ()","Ghostly Embrace","Blighted Blastbones","Detonating Siphon","Whirling Blades","Banner Bearer","Flawless Dawnbreaker","Unnerving Boneyard","Elemental Blockade","Necrotic Potency","Camouflaged Hunter","Banner Bearer","Shooting Star"
"Dreadsail Reef","Sail Ripper","https://www.esologs.com/reports/TGacy3D42d8bnHzZ#fight=39&type=summary&source=11","@Domestic4Tero","Sanguine Bone","bone-grave-x-corpseburster-perfected-sul-xans-torment","dps","Grave","Bone","x","Corpseburster","Perfected Sul-Xan's Torment","160244.0","2161.5","41.6","160244.0 DPS","","Corpseburster Helmet (Corpseburster)","Perfected Jack of Sul-Xan's Torment (Perfected Sul-Xan's Torment)","Slimecraw Epaulets (Slimecraw)","Perfected Bracers of Sul-Xan's Torment (Perfected Sul-Xan's Torment)","","Perfected Guards of Sul-Xan's Torment (Perfected Sul-Xan's Torment)","Perfected Boots of Sul-Xan's Torment (Perfected Sul-Xan's Torment)","","Corpseburster Ring (Corpseburster)","Corpseburster Ring (Corpseburster)","Corpseburster Axe (Corpseburster)","Corpseburster Dagger (Corpseburster)","The Maelstrom's Perfected Inferno Staff (Perfected Crushing Wall)"," ()","Whirling Blades","Quick Cloak","Blighted Blastbones","Detonating Siphon","Banner Bearer","Flawless Dawnbreaker","Necrotic Potency","Elemental Blockade","Unnerving Boneyard","Skeletal Arcanist","Banner Bearer","Shooting Star"
"Dreadsail Reef","Sail Ripper","https://www.esologs.com/reports/tX6xQrj3BkcndbTw#fight=30&type=summary&source=14","@Lionseries100","Little Mrs Sunshine","dawn-spear-x-elemental-catalyst-powerful-assault","healer","Spear","Dawn","x","Elemental Catalyst","Powerful Assault","29456.6","60808.7","63.6","60808.7 HPS","The Thief","Ozezan the Inferno's Guise (Ozezan the Inferno)","Robe of Catalyst (Elemental Catalyst)","Ozezan the Inferno's Epaulets (Ozezan the Inferno)","Gloves of Catalyst (Elemental Catalyst)","","Breeches of Catalyst (Elemental Catalyst)","Shoes of Catalyst (Elemental Catalyst)","","Ring of the Powerful Assault (Powerful Assault)","Ring of the Powerful Assault (Powerful Assault)","The Master's Perfected Restoration Staff (Perfected Grand Rejuvenation)"," ()","Lightning Staff of the Powerful Assault (Powerful Assault)"," ()","Radiating Regeneration","Combat Prayer","Illustrious Healing","Luminous Shards","Power of the Light","Reviving Barrier","Elemental Blockade","Echoing Vigor","Ritual of Retribution","Overflowing Altar","Vampire's Bane","Reviving Barrier"
"Dreadsail Reef","Sail Ripper","https://www.esologs.com/reports/tX6xQrj3BkcndbTw#fight=30&type=summary&source=5","@Neifary","Alhvít Tyra","animal-green-winter-perfected-pearlescent-ward-serpents-disdain","tank","Animal","Green","Winter","Perfected Pearlescent Ward","Serpent's Disdain","13510.3","17064.0","45.6","45.6 CPM","The Thief","Nazaray Guise (Nazaray)","Jack of Serpent's Disdain (Serpent's Disdain)","Nazaray Arm Cops (Nazaray)","Bracers of Serpent's Disdain (Serpent's Disdain)","","Guards of Serpent's Disdain (Serpent's Disdain)","Boots of Serpent's Disdain (Serpent's Disdain)","","Perfected Pearlescent Ring (Perfected Pearlescent Ward)","Perfected Pearlescent Ring (Perfected Pearlescent Ward)","Perfected Pearlescent Dagger (Perfected Pearlescent Ward)","Perfected Pearlescent Dagger (Perfected Pearlescent Ward)","Perfected Pearlescent Ice Staff (Perfected Pearlescent Ward)"," ()","Inner Rage","Shattering Knife","Budding Seeds","Bull Netch","Leashing Burst","Reviving Barrier","Elemental Susceptibility","Elemental Blockade","Leashing Soul","Expansive Frost Cloak","Charging Maneuver","Aggressive Horn"
"Dreadsail Reef","Reef Guardian","https://www.esologs.com/reports/D4jC3H8Yx6TKmWNR#fight=17&type=summary&source=7","@i.gr","I The Creator","grave-x-x-corpseburster-perfected-slivers-of-the-null-arca","dps","Grave","x","x","Corpseburster","Perfected Slivers of the Null Arca","165060.3","8150.8","56.4","165060.3 DPS","","Corpseburster Helmet (Corpseburster)","Perfected Null Arca Jack (Perfected Slivers of the Null Arca)","Iceheart Arm Cops (Iceheart)","Perfected Null Arca Bracers (Perfected Slivers of the Null Arca)","","Perfected Null Arca Guards (Perfected Slivers of the Null Arca)","Perfected Null Arca Boots (Perfected Slivers of the Null Arca)","","Shattered Paths Signet (Shattered Paths Signet)","Corpseburster Ring (Corpseburster)","Corpseburster Dagger (Corpseburster)","Corpseburster Dagger (Corpseburster)","The Maelstrom's Perfected Greatsword (Perfected Merciless Charge)"," ()","Avid Boneyard","Blighted Blastbones","Venom Skull","Detonating Siphon","Shocking Banner (Class Flourish / Courage)","Flawless Dawnbreaker","Stampede","Fiery Contingency (Lingering Torment / Intellect and Endurance)","Skeletal Arcanist","Resolving Vigor","Shocking Banner (Class Flourish / Courage)","Flawless Dawnbreaker"
"Dreadsail Reef","Reef Guardian","https://www.esologs.com/reports/D4jC3H8Yx6TKmWNR#fight=17&type=summary&source=10","@xablauzin","Rathmà","grave-x-x-corpseburster-perfected-slivers-of-the-null-arca","dps","Grave","x","x","Perfected Slivers of the Null Arca","Corpseburster","113229.3","4799.8","57.3","113229.3 DPS","","Huntsman's Warmask (Huntsman's Warmask)","Perfected Null Arca Jack (Perfected Slivers of the Null Arca)","Slimecraw Epaulets (Slimecraw)","Perfected Null Arca Bracers (Perfected Slivers of the Null Arca)","","Perfected Null Arca Guards (Perfected Slivers of the Null Arca)","Perfected Null Arca Boots (Perfected Slivers of the Null Arca)","","Corpseburster Ring (Corpseburster)","Corpseburster Ring (Corpseburster)","Corpseburster Dagger (Corpseburster)","Corpseburster Dagger (Corpseburster)","The Maelstrom's Perfected Greatsword (Perfected Merciless Charge)"," ()","Unnerving Boneyard","Venom Skull","Blighted Blastbones","Banner Bearer","Detonating Siphon","Flawless Dawnbreaker","Barbed Trap","Stampede","Echoing Vigor","Banner Bearer","Skeletal Archer","Shooting Star"
"Dreadsail Reef","Reef Guardian","https://www.esologs.com/reports/D4jC3H8Yx6TKmWNR#fight=17&type=summary&source=6","@Carnego","Cârnegô","grave-x-x-corpseburster-perfected-slivers-of-the-null-arca","dps","Grave","x","x","Corpseburster","Perfected Slivers of the Null Arca","222257.7","9486.5","54.9","222257.7 DPS","","Corpseburster Helmet (Corpseburster)","Perfected Null Arca Jack (Perfected Slivers of the Null Arca)","Slimecraw Arm Cops (Slimecraw)","Perfected Null Arca Bracers (Perfected Slivers of the Null Arca)","","Perfected Null Arca Guards (Perfected Slivers of the Null Arca)","Perfected Null Arca Boots (Perfected Slivers of the Null Arca)","","Corpseburster Ring (Corpseburster)","Corpseburster Ring (Corpseburster)","Corpseburster Dagger (Corpseburster)","Corpseburster Dagger (Corpseburster)","The Maelstrom's Perfected Greatsword (Perfected Merciless Charge)"," ()","Blighted Blastbones","Unnerving Boneyard","Venom Skull","Detonating Siphon","Banner Bearer","Flawless Dawnbreaker","Ulfsild's Contingency","Anti-Cavalry Caltrops","Stampede","Skeletal Arcanist","Banner Bearer","Shooting Star"
"Dreadsail Reef","Reef Guardian","https://www.esologs.com/reports/D4jC3H8Yx6TKmWNR#fight=17&type=summary&source=20","nil","Anonymous 20","grave-x-x-corpseburster-perfected-slivers-of-the-null-arca","dps","Grave","x","x","Perfected Slivers of the Null Arca","Corpseburster","238322.0","13511.9","64.0","238322.0 DPS","","Slimecraw Mask (Slimecraw)","Perfected Null Arca Jack (Perfected Slivers of the Null Arca)","Corpseburster Arm Cops (Corpseburster)","Perfected Null Arca Bracers (Perfected Slivers of the Null Arca)","","Perfected Null Arca Guards (Perfected Slivers of the Null Arca)","Perfected Null Arca Boots (Perfected Slivers of the Null Arca)","","Corpseburster Ring (Corpseburster)","Corpseburster Ring (Corpseburster)","Corpseburster Dagger (Corpseburster)","Corpseburster Dagger (Corpseburster)","The Maelstrom's Perfected Greatsword (Perfected Merciless Charge)"," ()","Detonating Siphon","Venom Skull","Unnerving Boneyard","Blighted Blastbones","Banner Bearer","Glacial Colossus","Stampede","Ulfsild's Contingency","Mystic Orb","Anti-Cavalry Caltrops","Banner Bearer","Shooting Star"
"Dreadsail Reef","Reef Guardian","https://www.esologs.com/reports/D4jC3H8Yx6TKmWNR#fight=17&type=summary&source=13","nil","Anonymous 13","grave-x-x-corpseburster-perfected-slivers-of-the-null-arca","dps","Grave","x","x","Perfected Slivers of the Null Arca","Corpseburster","256449.0","14860.4","64.6","256449.0 DPS","","Perfected Null Arca Helmet (Perfected Slivers of the Null Arca)","Perfected Null Arca Jack (Perfected Slivers of the Null Arca)","Slimecraw Arm Cops (Slimecraw)","Perfected Null Arca Bracers (Perfected Slivers of the Null Arca)","","Perfected Null Arca Guards (Perfected Slivers of the Null Arca)","Perfected Null Arca Boots (Perfected Slivers of the Null Arca)","","Corpseburster Ring (Corpseburster)","Corpseburster Ring (Corpseburster)","Corpseburster Dagger (Corpseburster)","Corpseburster Dagger (Corpseburster)","The Maelstrom's Perfected Greatsword (Perfected Merciless Charge)"," ()","Blighted Blastbones","Detonating Siphon","Unnerving Boneyard","Banner Bearer","Venom Skull","Thrive in Chaos","Stampede","Anti-Cavalry Caltrops","Skeletal Archer","Banner Bearer","Sundering Burst","Pestilent Colossus"
"Dreadsail Reef","Reef Guardian","https://www.esologs.com/reports/D4jC3H8Yx6TKmWNR#fight=17&type=summary&source=8","@zVidaa","no-crux","grave-x-x-corpseburster-perfected-slivers-of-the-null-arca","dps","Grave","x","x","Perfected Slivers of the Null Arca","Corpseburster","226877.2","24722.1","46.5","226877.2 DPS","","Slimecraw Mask (Slimecraw)","Perfected Null Arca Jack (Perfected Slivers of the Null Arca)","Mora's Whispers (Mora's Whispers)","Perfected Null Arca Bracers (Perfected Slivers of the Null Arca)","","Perfected Null Arca Guards (Perfected Slivers of the Null Arca)","Perfected Null Arca Boots (Perfected Slivers of the Null Arca)","","Corpseburster Ring (Corpseburster)","Corpseburster Ring (Corpseburster)","Corpseburster Dagger (Corpseburster)","Corpseburster Axe (Corpseburster)","The Maelstrom's Perfected Greatsword (Perfected Merciless Charge)"," ()","Venom Skull","Unnerving Boneyard","Blighted Blastbones","Detonating Siphon","Banner Bearer","Flawless Dawnbreaker","Skeletal Archer","Anti-Cavalry Caltrops","Stampede","Banner Bearer","Ulfsild's Contingency","Shooting Star"
"Dreadsail Reef","Reef Guardian","https://www.esologs.com/reports/D4jC3H8Yx6TKmWNR#fight=17&type=summary&source=3","@xDeathroar","Exequuter","grave-x-x-corpseburster-perfected-slivers-of-the-null-arca","dps","Grave","x","x","Perfected Slivers of the Null Arca","Corpseburster","131051.7","4949.4","50.2","131051.7 DPS","","Slimecraw Mask (Slimecraw)","Perfected Null Arca Jack (Perfected Slivers of the Null Arca)","Mora's Whispers (Mora's Whispers)","Perfected Null Arca Bracers (Perfected Slivers of the Null Arca)","","Perfected Null Arca Guards (Perfected Slivers of the Null Arca)","Perfected Null Arca Boots (Perfected Slivers of the Null Arca)","","Corpseburster Ring (Corpseburster)","Corpseburster Ring (Corpseburster)","Corpseburster Dagger (Corpseburster)","Corpseburster Axe (Corpseburster)","The Maelstrom's Greatsword (Merciless Charge)"," ()","Unnerving Boneyard","Blighted Blastbones","Detonating Siphon","Venom Skull","Banner Bearer","Flawless Dawnbreaker","Stampede","Barbed Trap","Anti-Cavalry Caltrops","Skeletal Archer","Banner Bearer","Glacial Colossus"
"Dreadsail Reef","Reef Guardian","https://www.esologs.com/reports/D4jC3H8Yx6TKmWNR#fight=17&type=summary&source=3","@xDeathroar","Exequuter","grave-x-x-corpseburster-perfected-slivers-of-the-null-arca","dps","Grave","x","x","Perfected Slivers of the Null Arca","Corpseburster","134255.6","5707.2","57.3","134255.6 DPS","","Slimecraw Mask (Slimecraw)","Perfected Null Arca Jack (Perfected Slivers of the Null Arca)","Mora's Whispers (Mora's Whispers)","Perfected Null Arca Bracers (Perfected Slivers of the Null Arca)","","Perfected Null Arca Guards (Perfected Slivers of the Null Arca)","Perfected Null Arca Boots (Perfected Slivers of the Null Arca)","","Corpseburster Ring (Corpseburster)","Corpseburster Ring (Corpseburster)","Corpseburster Dagger (Corpseburster)","Corpseburster Axe (Corpseburster)","The Maelstrom's Greatsword (Merciless Charge)"," ()","Unnerving Boneyard","Blighted Blastbones","Detonating Siphon","Venom Skull","Banner Bearer","Flawless Dawnbreaker","Stampede","Barbed Trap","Anti-Cavalry Caltrops","Skeletal Archer","Banner Bearer","Glacial Colossus"
"Dreadsail Reef","Reef Guardian","https://www.esologs.com/reports/tX6xQrj3BkcndbTw#fight=31&type=summary&source=10","@Languste1337","Roland Eins Tap","ass-shadow-siphon-aegis-caller-perfected-slivers-of-the-null-arca","dps","Ass","Shadow","Siphon","Perfected Slivers of the Null Arca","Aegis Caller","102512.7","5028.8","52.7","102512.7 DPS","","Slimecraw Guise (Slimecraw)","Perfected Null Arca Jack (Perfected Slivers of the Null Arca)","Aegis Caller's Arm Cops (Aegis Caller)","Perfected Null Arca Bracers (Perfected Slivers of the Null Arca)","","Perfected Null Arca Guards (Perfected Slivers of the Null Arca)","Perfected Null Arca Boots (Perfected Slivers of the Null Arca)","","Aegis Caller's Ring (Aegis Caller)","Aegis Caller's Ring (Aegis Caller)","Aegis Caller's Dagger (Aegis Caller)","Aegis Caller's Dagger (Aegis Caller)","The Maelstrom's Perfected Greatsword (Perfected Merciless Charge)"," ()","Killer's Blade","Debilitate","Shadowy Disguise","Relentless Focus","Surprise Attack","Incapacitating Strike","Ulfsild's Contingency","Siphoning Attacks","Mystic Orb","Stampede","Dark Shade","Ice Comet"
"Dreadsail Reef","Reef Guardian","https://www.esologs.com/reports/tX6xQrj3BkcndbTw#fight=31&type=summary&source=17","nil","Anonymous 17","ass-shadow-siphon-aegis-caller-perfected-slivers-of-the-null-arca","dps","Ass","Shadow","Siphon","Perfected Slivers of the Null Arca","Aegis Caller","96179.6","4331.4","39.2","96179.6 DPS","","Archdruid Devyric's Guise (Archdruid Devyric)","Perfected Null Arca Jack (Perfected Slivers of the Null Arca)","Perfected Null Arca Arm Cops (Perfected Slivers of the Null Arca)","Perfected Null Arca Bracers (Perfected Slivers of the Null Arca)","","Perfected Null Arca Guards (Perfected Slivers of the Null Arca)","Perfected Null Arca Boots (Perfected Slivers of the Null Arca)","","Aegis Caller's Ring (Aegis Caller)","Aegis Caller's Ring (Aegis Caller)","Aegis Caller's Dagger (Aegis Caller)","Aegis Caller's Dagger (Aegis Caller)","The Maelstrom's Perfected Greatsword (Perfected Merciless Charge)"," ()","Relentless Focus","Surprise Attack","Power Extraction","Quick Cloak","Killer's Blade","Incapacitating Strike","Reaper's Mark","Siphoning Attacks","Dark Shade","Shadowy Disguise","Stampede","Shooting Star"
"Dreadsail Reef","Reef Guardian","https://www.esologs.com/reports/tX6xQrj3BkcndbTw#fight=31&type=summary&source=3","@r.avs","bømba","ass-shadow-siphon-aegis-caller-perfected-slivers-of-the-null-arca","dps","Ass","Shadow","Siphon","Aegis Caller","Perfected Slivers of the Null Arca","84990.4","6971.7","49.6","84990.4 DPS","","Huntsman's Warmask (Huntsman's Warmask)","Aegis Caller's Jack (Aegis Caller)","Slimecraw Epaulets (Slimecraw)","Perfected Null Arca Bracers (Perfected Slivers of the Null Arca)","","Perfected Null Arca Guards (Perfected Slivers of the Null Arca)","Perfected Null Arca Boots (Perfected Slivers of the Null Arca)","","Aegis Caller's Ring (Aegis Caller)","Aegis Caller's Ring (Aegis Caller)","Perfected Null Arca Dagger (Perfected Slivers of the Null Arca)","Perfected Null Arca Dagger (Perfected Slivers of the Null Arca)","The Maelstrom's Perfected Greatsword (Perfected Merciless Charge)"," ()","Surprise Attack","Killer's Blade","Barbed Trap","Quick Cloak","Relentless Focus","Incapacitating Strike","Carve","Stampede","Shadowy Disguise","Simmering Frenzy","Siphoning Attacks","Ice Comet"
"Dreadsail Reef","Reef Guardian","https://www.esologs.com/reports/tX6xQrj3BkcndbTw#fight=31&type=summary&source=4","@CookieMan69","Hermiona Auditore","ass-shadow-siphon-aegis-caller-perfected-slivers-of-the-null-arca","dps","Ass","Shadow","Siphon","Aegis Caller","Perfected Slivers of the Null Arca","121123.3","6581.6","41.5","121123.3 DPS","","Nerien'eth Mask (Nerien'eth)","Aegis Caller's Jack (Aegis Caller)","Nerien'eth Arm Cops (Nerien'eth)","Perfected Null Arca Bracers (Perfected Slivers of the Null Arca)","","Perfected Null Arca Guards (Perfected Slivers of the Null Arca)","Perfected Null Arca Boots (Perfected Slivers of the Null Arca)","","Aegis Caller's Ring (Aegis Caller)","Aegis Caller's Ring (Aegis Caller)","Aegis Caller's Dagger (Aegis Caller)","Aegis Caller's Dagger (Aegis Caller)","The Maelstrom's Perfected Greatsword (Perfected Merciless Charge)"," ()","Surprise Attack","Killer's Blade","Shadowy Disguise","Relentless Focus","Power Extraction","Incapacitating Strike","Stampede","Carve","Dark Shade","Barbed Trap","Ulfsild's Contingency","Shooting Star"
"Dreadsail Reef","Reef Guardian","https://www.esologs.com/reports/tX6xQrj3BkcndbTw#fight=31&type=summary&source=4","@CookieMan69","Hermiona Auditore","ass-shadow-siphon-aegis-caller-perfected-slivers-of-the-null-arca","dps","Ass","Shadow","Siphon","Aegis Caller","Perfected Slivers of the Null Arca","114749.3","7668.4","48.6","114749.3 DPS","","Nerien'eth Mask (Nerien'eth)","Aegis Caller's Jack (Aegis Caller)","Nerien'eth Arm Cops (Nerien'eth)","Perfected Null Arca Bracers (Perfected Slivers of the Null Arca)","","Perfected Null Arca Guards (Perfected Slivers of the Null Arca)","Perfected Null Arca Boots (Perfected Slivers of the Null Arca)","","Aegis Caller's Ring (Aegis Caller)","Aegis Caller's Ring (Aegis Caller)","Aegis Caller's Dagger (Aegis Caller)","Aegis Caller's Dagger (Aegis Caller)","The Maelstrom's Perfected Greatsword (Perfected Merciless Charge)"," ()","Surprise Attack","Killer's Blade","Shadowy Disguise","Relentless Focus","Power Extraction","Incapacitating Strike","Stampede","Carve","Dark Shade","Barbed Trap","Ulfsild's Contingency","Shooting Star"
"Dreadsail Reef","Reef Guardian","https://www.esologs.com/reports/tX6xQrj3BkcndbTw#fight=31&type=summary&source=15","@Matrix117","Laloo hlaalu","ass-shadow-siphon-aegis-caller-perfected-slivers-of-the-null-arca","dps","Ass","Shadow","Siphon","Perfected Slivers of the Null Arca","Aegis Caller","113662.5","7980.0","61.1","113662.5 DPS","","Slimecraw Mask (Slimecraw)","Perfected Null Arca Jack (Perfected Slivers of the Null Arca)","Mora's Whispers (Mora's Whispers)","Perfected Null Arca Bracers (Perfected Slivers of the Null Arca)","","Perfected Null Arca Guards (Perfected Slivers of the Null Arca)","Perfected Null Arca Boots (Perfected Slivers of the Null Arca)","","Aegis Caller's Ring (Aegis Caller)","Aegis Caller's Ring (Aegis Caller)","Aegis Caller's Dagger (Aegis Caller)","Aegis Caller's Dagger (Aegis Caller)","The Maelstrom's Perfected Greatsword (Perfected Merciless Charge)"," ()","Debilitate","Relentless Focus","Surprise Attack","Shadowy Disguise","Killer's Blade","Incapacitating Strike","Barbed Trap","Stampede","Carve","Reaper's Mark","Dark Shade","Veil of Blades"
"Dreadsail Reef","Reef Guardian","https://www.esologs.com/reports/tX6xQrj3BkcndbTw#fight=31&type=summary&source=8","@YellowPain60","Mean Egg","ass-shadow-siphon-aegis-caller-perfected-slivers-of-the-null-arca","dps","Ass","Shadow","Siphon","Aegis Caller","Perfected Slivers of the Null Arca","120009.7","5485.5","56.9","120009.7 DPS","","Nerien'eth Mask (Nerien'eth)","Aegis Caller's Jack (Aegis Caller)","Nerien'eth Epaulets (Nerien'eth)","Perfected Null Arca Bracers (Perfected Slivers of the Null Arca)","","Perfected Null Arca Guards (Perfected Slivers of the Null Arca)","Perfected Null Arca Boots (Perfected Slivers of the Null Arca)","","Aegis Caller's Ring (Aegis Caller)","Aegis Caller's Ring (Aegis Caller)","Aegis Caller's Dagger (Aegis Caller)","Aegis Caller's Dagger (Aegis Caller)","The Maelstrom's Perfected Greatsword (Perfected Merciless Charge)"," ()","Surprise Attack","Relentless Focus","Whirling Blades","Shadowy Disguise","Power Extraction","Incapacitating Strike","Anti-Cavalry Caltrops","Stampede","Reaper's Mark","Dark Shade","Siphoning Attacks","Ice Comet"
"Dreadsail Reef","Reef Guardian","https://www.esologs.com/reports/tX6xQrj3BkcndbTw#fight=31&type=summary&source=5","@Tonjeel","Infinity's Blade","ass-shadow-siphon-aegis-caller-perfected-slivers-of-the-null-arca","dps","Ass","Shadow","Siphon","Perfected Slivers of the Null Arca","Aegis Caller","104507.8","6608.1","66.4","104507.8 DPS","","Slimecraw Mask (Slimecraw)","Perfected Null Arca Jack (Perfected Slivers of the Null Arca)","Aegis Caller's Arm Cops (Aegis Caller)","Perfected Null Arca Bracers (Perfected Slivers of the Null Arca)","","Perfected Null Arca Guards (Perfected Slivers of the Null Arca)","Perfected Null Arca Boots (Perfected Slivers of the Null Arca)","","Aegis Caller's Ring (Aegis Caller)","Aegis Caller's Ring (Aegis Caller)","Aegis Caller's Dagger (Aegis Caller)","Aegis Caller's Dagger (Aegis Caller)","The Maelstrom's Perfected Greatsword (Perfected Merciless Charge)"," ()","Relentless Focus","Killer's Blade","Debilitate","Surprise Attack","Shadowy Disguise","Incapacitating Strike","Stampede","Mark Target","Power Extraction","Siphoning Attacks","Dark Shade","Shooting Star"
"Dreadsail Reef","Reef Guardian","https://www.esologs.com/reports/6nrc1YjK9fhdyBPF#fight=67&type=summary&source=32","nil","Anonymous 32","grave-x-x-azureblight-reaper-corpseburster","dps","Grave","x","x","Azureblight Reaper","Corpseburster","455230.2","15613.5","59.0","455230.2 DPS","The Thief","Slimecraw Mask (Slimecraw)","Azureblight Jack (Azureblight Reaper)","Corpseburster Arm Cops (Corpseburster)","Azureblight Bracers (Azureblight Reaper)","","Azureblight Guards (Azureblight Reaper)","Azureblight Boots (Azureblight Reaper)","","Corpseburster Ring (Corpseburster)","Corpseburster Ring (Corpseburster)","Corpseburster Dagger (Corpseburster)","Corpseburster Dagger (Corpseburster)","The Maelstrom's Perfected Greatsword (Perfected Merciless Charge)"," ()","Venom Skull","Blighted Blastbones","Unnerving Boneyard","Detonating Siphon","Quick Cloak","Thrive in Chaos","Mystic Orb","Stampede","Ulfsild's Contingency","Anti-Cavalry Caltrops","Camouflaged Hunter","Shooting Star"
"Dreadsail Reef","Reef Guardian","https://www.esologs.com/reports/6nrc1YjK9fhdyBPF#fight=67&type=summary&source=1","@NineGG","Numril Valder","grave-x-x-azureblight-reaper-corpseburster","dps","Grave","x","x","Azureblight Reaper","Corpseburster","287358.4","15065.9","74.7","287358.4 DPS","","Slimecraw Mask (Slimecraw)","Azureblight Jack (Azureblight Reaper)","Corpseburster Arm Cops (Corpseburster)","Azureblight Bracers (Azureblight Reaper)","","Azureblight Guards (Azureblight Reaper)","Azureblight Boots (Azureblight Reaper)","","Corpseburster Ring (Corpseburster)","Corpseburster Ring (Corpseburster)","Corpseburster Dagger (Corpseburster)","Corpseburster Dagger (Corpseburster)","The Maelstrom's Perfected Greatsword (Perfected Merciless Charge)"," ()","Venom Skull","Blighted Blastbones","Detonating Siphon","Unnerving Boneyard","Banner Bearer","Thrive in Chaos","Stampede","Anti-Cavalry Caltrops","Skeletal Archer","Ulfsild's Contingency","Banner Bearer","Shooting Star"
"Dreadsail Reef","Reef Guardian","https://www.esologs.com/reports/6nrc1YjK9fhdyBPF#fight=67&type=summary&source=8","@NineGG","Numril Valder","grave-x-x-azureblight-reaper-corpseburster","dps","Grave","x","x","Azureblight Reaper","Corpseburster","248207.1","11887.2","65.7","248207.1 DPS","","Slimecraw Mask (Slimecraw)","Azureblight Jack (Azureblight Reaper)","Corpseburster Arm Cops (Corpseburster)","Azureblight Bracers (Azureblight Reaper)","","Azureblight Guards (Azureblight Reaper)","Azureblight Boots (Azureblight Reaper)","","Corpseburster Ring (Corpseburster)","Corpseburster Ring (Corpseburster)","Corpseburster Dagger (Corpseburster)","Corpseburster Dagger (Corpseburster)","The Maelstrom's Perfected Greatsword (Perfected Merciless Charge)"," ()","Venom Skull","Blighted Blastbones","Detonating Siphon","Unnerving Boneyard","Banner Bearer","Thrive in Chaos","Stampede","Anti-Cavalry Caltrops","Skeletal Archer","Ulfsild's Contingency","Banner Bearer","Shooting Star"
"Dreadsail Reef","Reef Guardian","https://www.esologs.com/reports/6nrc1YjK9fhdyBPF#fight=67&type=summary&source=21","@God'sGifttoGaming","The Bøne Zone","grave-x-x-azureblight-reaper-corpseburster","dps","Grave","x","x","Corpseburster","Azureblight Reaper","288796.0","11992.5","86.3","288796.0 DPS","","Corpseburster Helmet (Corpseburster)","Azureblight Jack (Azureblight Reaper)","Slimecraw Arm Cops (Slimecraw)","Azureblight Bracers (Azureblight Reaper)","","Azureblight Guards (Azureblight Reaper)","Azureblight Boots (Azureblight Reaper)","","Corpseburster Ring (Corpseburster)","Corpseburster Ring (Corpseburster)","Corpseburster Dagger (Corpseburster)","Corpseburster Dagger (Corpseburster)","The Maelstrom's Perfected Greatsword (Perfected Merciless Charge)"," ()","Detonating Siphon","Blighted Blastbones","Venom Skull","Unnerving Boneyard","Banner Bearer","Thrive in Chaos","Anti-Cavalry Caltrops","Stampede","Simmering Frenzy","Mystic Orb","Banner Bearer","Shooting Star"
"Dreadsail Reef","Reef Guardian","https://www.esologs.com/reports/6nrc1YjK9fhdyBPF#fight=67&type=summary&source=4","@Tabiary","Cruella Redoran","grave-x-x-azureblight-reaper-corpseburster","dps","Grave","x","x","Azureblight Reaper","Corpseburster","219089.0","10664.1","50.0","219089.0 DPS","","Azureblight Helmet (Azureblight Reaper)","Corpseburster Jack (Corpseburster)","Zaan Arm Cops (Zaan)","Azureblight Bracers (Azureblight Reaper)","","Azureblight Guards (Azureblight Reaper)","Azureblight Boots (Azureblight Reaper)","","Corpseburster Ring (Corpseburster)","Corpseburster Ring (Corpseburster)","Corpseburster Dagger (Corpseburster)","Corpseburster Dagger (Corpseburster)","The Maelstrom's Perfected Greatsword (Perfected Merciless Charge)"," ()","Blighted Blastbones","Detonating Siphon","Venom Skull","Unnerving Boneyard","Banner Bearer","Flawless Dawnbreaker","Stampede","Ulfsild's Contingency","Mystic Orb","Skeletal Arcanist","Banner Bearer","Glacial Colossus"
"Dreadsail Reef","Reef Guardian","https://www.esologs.com/reports/6nrc1YjK9fhdyBPF#fight=67&type=summary&source=8","@FearShadows","Mãki Zënin","grave-x-x-azureblight-reaper-corpseburster","dps","Grave","x","x","Azureblight Reaper","Corpseburster","184142.7","9779.8","62.1","184142.7 DPS","","Slimecraw Mask (Slimecraw)","Azureblight Jack (Azureblight Reaper)","Corpseburster Arm Cops (Corpseburster)","Azureblight Bracers (Azureblight Reaper)","","Azureblight Guards (Azureblight Reaper)","Azureblight Boots (Azureblight Reaper)","","Corpseburster Ring (Corpseburster)","Corpseburster Ring (Corpseburster)","Corpseburster Dagger (Corpseburster)","Corpseburster Dagger (Corpseburster)","The Maelstrom's Perfected Greatsword (Perfected Merciless Charge)"," ()","Unnerving Boneyard","Blighted Blastbones","Detonating Siphon","Venom Skull","Banner Bearer","Thrive in Chaos","Stampede","Anti-Cavalry Caltrops","Ulfsild's Contingency","Mystic Orb","Banner Bearer","Shooting Star"
"Dreadsail Reef","Reef Guardian","https://www.esologs.com/reports/qv8DaXYPRVAmpjfZ#fight=14&type=summary&source=1","@GomezZnl","Bearon van Dyke","animal-green-winter-perfected-xoryns-masterpiece-serpents-disdain","tank","Animal","Green","Winter","Perfected Xoryn's Masterpiece","Serpent's Disdain","6486.6","16519.4","57.8","57.8 CPM","","Magma Incarnate Guise (Magma Incarnate)","Cryptcanon Vestments (Cryptcanon Vestments)","Pauldrons of Serpent's Disdain (Serpent's Disdain)","Gauntlets of Serpent's Disdain (Serpent's Disdain)","","Greaves of Serpent's Disdain (Serpent's Disdain)","Sabatons of Serpent's Disdain (Serpent's Disdain)","","Xoryn's Perfected Ring (Perfected Xoryn's Masterpiece)","Xoryn's Perfected Ring (Perfected Xoryn's Masterpiece)","Xoryn's Perfected Ice Staff (Perfected Xoryn's Masterpiece)"," ()","Xoryn's Perfected Ice Staff (Perfected Xoryn's Masterpiece)"," ()","Inner Rage","Gripping Shards","Revealing Flare","Polar Wind","Deceptive Predator","Crypt Transfer","Elemental Susceptibility","Expansive Frost Cloak","Budding Seeds","Blockade of Frost","Blue Betty","Crypt Transfer"
"Dreadsail Reef","Reef Guardian","https://www.esologs.com/reports/qv8DaXYPRVAmpjfZ#fight=14&type=summary&source=5","@Neifary","Alhvít Tyra","animal-green-winter-perfected-xoryns-masterpiece-serpents-disdain","tank","Animal","Green","Winter","Perfected Xoryn's Masterpiece","Serpent's Disdain","10149.6","19159.4","48.7","48.7 CPM","","Magma Incarnate Mask (Magma Incarnate)","Cryptcanon Vestments (Cryptcanon Vestments)","Xoryn's Perfected Epaulets (Perfected Xoryn's Masterpiece)","Gauntlets of Serpent's Disdain (Serpent's Disdain)","","Greaves of Serpent's Disdain (Serpent's Disdain)","Sabatons of Serpent's Disdain (Serpent's Disdain)","","Xoryn's Perfected Ring (Perfected Xoryn's Masterpiece)","Xoryn's Perfected Ring (Perfected Xoryn's Masterpiece)","Xoryn's Perfected Ice Staff (Perfected Xoryn's Masterpiece)"," ()","Xoryn's Perfected Ice Staff (Perfected Xoryn's Masterpiece)"," ()","Inner Rage","Polar Wind","Budding Seeds","Exhilarating Drain","Lotus Blossom","Crypt Transfer","Elemental Susceptibility","Blockade of Frost","Winter's Revenge","Expansive Frost Cloak","Deceptive Predator","Crypt Transfer"
"Dreadsail Reef","Reef Guardian","https://www.esologs.com/reports/qv8DaXYPRVAmpjfZ#fight=14&type=summary&source=30","nil","Anonymous 30","animal-green-winter-perfected-xoryns-masterpiece-serpents-disdain","tank","Animal","Green","Winter","Perfected Xoryn's Masterpiece","Serpent's Disdain","12161.9","15327.5","62.1","62.1 CPM","","Magma Incarnate Visage (Magma Incarnate)","Cryptcanon Vestments (Cryptcanon Vestments)","Pauldrons of Serpent's Disdain (Serpent's Disdain)","Gauntlets of Serpent's Disdain (Serpent's Disdain)","","Greaves of Serpent's Disdain (Serpent's Disdain)","Sabatons of Serpent's Disdain (Serpent's Disdain)","","Xoryn's Perfected Ring (Perfected Xoryn's Masterpiece)","Xoryn's Perfected Ring (Perfected Xoryn's Masterpiece)","Xoryn's Perfected Ice Staff (Perfected Xoryn's Masterpiece)"," ()","Xoryn's Perfected Ice Staff (Perfected Xoryn's Masterpiece)"," ()","Winter's Revenge","Inner Rage","Polar Wind","Revealing Flare","Deceptive Predator","Feral Guardian","Expansive Frost Cloak","Elemental Blockade","Elemental Susceptibility","Bull Netch","Budding Seeds","Aggressive Horn"
"Dreadsail Reef","Reef Guardian","https://www.esologs.com/reports/D4jC3H8Yx6TKmWNR#fight=17&type=summary&source=5","@bitrock","Brink-of-Extinction","ass-siphon-x-perfected-pearlescent-ward-perfected-xoryns-masterpiece","tank","Ass","Siphon","x","Perfected Xoryn's Masterpiece","Perfected Pearlescent Ward","38351.1","16716.5","68.1","68.1 CPM","The Thief","Slimecraw Mask (Slimecraw)","Cryptcanon Vestments (Cryptcanon Vestments)","Perfected Pearlescent Pauldrons (Perfected Pearlescent Ward)","Xoryn's Perfected Gloves (Perfected Xoryn's Masterpiece)","","Perfected Pearlescent Greaves (Perfected Pearlescent Ward)","Xoryn's Perfected Shoes (Perfected Xoryn's Masterpiece)","","Perfected Pearlescent Ring (Perfected Pearlescent Ward)","Perfected Pearlescent Ring (Perfected Pearlescent Ward)","Xoryn's Perfected Dagger (Perfected Xoryn's Masterpiece)","Xoryn's Perfected Dagger (Perfected Xoryn's Masterpiece)","Xoryn's Perfected Ice Staff (Perfected Xoryn's Masterpiece)"," ()","Healthy Offering","Razor Caltrops","Shattering Knife (Lingering Torment / Force)","Merciless Resolve","Inner Rage","Crypt Transfer","Blockade of Frost","Funnel Health","Mystic Orb","Fiery Explosion (Lingering Torment / Brittle)","Siphoning Attacks","Crypt Transfer"
"Dreadsail Reef","Reef Guardian","https://www.esologs.com/reports/D4jC3H8Yx6TKmWNR#fight=17&type=summary&source=3","@bitrock","Brink-of-Extinction","ass-siphon-x-perfected-pearlescent-ward-perfected-xoryns-masterpiece","tank","Ass","Siphon","x","Perfected Xoryn's Masterpiece","Perfected Pearlescent Ward","29027.2","14311.1","63.4","63.4 CPM","","Slimecraw Mask (Slimecraw)","Cryptcanon Vestments (Cryptcanon Vestments)","Perfected Pearlescent Pauldrons (Perfected Pearlescent Ward)","Xoryn's Perfected Gloves (Perfected Xoryn's Masterpiece)","","Perfected Pearlescent Greaves (Perfected Pearlescent Ward)","Xoryn's Perfected Shoes (Perfected Xoryn's Masterpiece)","","Perfected Pearlescent Ring (Perfected Pearlescent Ward)","Perfected Pearlescent Ring (Perfected Pearlescent Ward)","Xoryn's Perfected Dagger (Perfected Xoryn's Masterpiece)","Xoryn's Perfected Dagger (Perfected Xoryn's Masterpiece)","Xoryn's Perfected Ice Staff (Perfected Xoryn's Masterpiece)"," ()","Healthy Offering","Razor Caltrops","Shattering Knife","Merciless Resolve","Inner Rage","Soul Harvest","Elemental Blockade","Funnel Health","Mystic Orb","Elemental Explosion","Siphoning Attacks","Aggressive Horn"
"Dreadsail Reef","Reef Guardian","https://www.esologs.com/reports/6BayfvYFXpTdmVW3#fight=68&type=summary&source=11","@lina_inverse972","spank-with-scrolls","curative-herald-soldier-perfected-pillagers-profit-powerful-assault","healer","Herald","Curative","Soldier","Perfected Pillager's Profit","Powerful Assault","11435.3","97051.7","60.6","97051.7 HPS","","Nazaray Guise (Nazaray)","Perfected Pillager's Robe (Perfected Pillager's Profit)","Nazaray Arm Cops (Nazaray)","Bracers of the Powerful Assault (Powerful Assault)","","Perfected Pillager's Breeches (Perfected Pillager's Profit)","Perfected Pillager's Shoes (Perfected Pillager's Profit)","","Death Dealer's Fete (Death Dealer's Fete)","Ring of the Powerful Assault (Powerful Assault)","Restoration Staff of the Powerful Assault (Powerful Assault)"," ()","Perfected Pillager's Lightning Staff (Perfected Pillager's Profit)"," ()","Tidal Chakram","Echoing Vigor","Combat Prayer","Illustrious Healing","Radiating Regeneration","Reviving Barrier","Elemental Blockade","Fulminating Rune","Mystic Orb","Inner Rage","Cruxweaver Armor","Resonating Glyphic"
"Dreadsail Reef","Reef Guardian","https://www.esologs.com/reports/6BayfvYFXpTdmVW3#fight=68&type=summary&source=9","@lina_inverse972","spank-with-scrolls","curative-herald-soldier-perfected-pillagers-profit-powerful-assault","healer","Herald","Curative","Soldier","Perfected Pillager's Profit","Powerful Assault","12436.2","97344.3","56.5","97344.3 HPS","The Atronach","Nazaray Guise (Nazaray)","Perfected Pillager's Robe (Perfected Pillager's Profit)","Nazaray Arm Cops (Nazaray)","Bracers of the Powerful Assault (Powerful Assault)","","Perfected Pillager's Breeches (Perfected Pillager's Profit)","Perfected Pillager's Shoes (Perfected Pillager's Profit)","","Death Dealer's Fete (Death Dealer's Fete)","Ring of the Powerful Assault (Powerful Assault)","Restoration Staff of the Powerful Assault (Powerful Assault)"," ()","Perfected Pillager's Lightning Staff (Perfected Pillager's Profit)"," ()","Tidal Chakram","Echoing Vigor","Combat Prayer","Illustrious Healing","Radiating Regeneration","Reviving Barrier","Elemental Blockade","Fulminating Rune","Mystic Orb","Inner Rage","Cruxweaver Armor","Resonating Glyphic"
"Dreadsail Reef","Reef Guardian","https://www.esologs.com/reports/6BayfvYFXpTdmVW3#fight=68&type=summary&source=12","@zolgiac","Zapzapzapzapzapzapzapzap","daedric-storm-x-perfected-pearlescent-ward-the-morag-tong","tank","Daedric","Storm","x","The Morag Tong","Perfected Pearlescent Ward","11446.0","15529.3","83.8","83.8 CPM","The Atronach","Lord Warden Dusk's Mask (Lord Warden)","Cryptcanon Vestments (Cryptcanon Vestments)","Perfected Pearlescent Pauldrons (Perfected Pearlescent Ward)","Perfected Pearlescent Gauntlets (Perfected Pearlescent Ward)","","Perfected Pearlescent Greaves (Perfected Pearlescent Ward)","Perfected Pearlescent Sabatons (Perfected Pearlescent Ward)","","Ring of the Morag Tong (The Morag Tong)","Ring of the Morag Tong (The Morag Tong)","Ice Staff of the Morag Tong (The Morag Tong)"," ()","Ice Staff of the Morag Tong (The Morag Tong)"," ()","Inner Rage","Lingering Flare","Magical Burst","Hardened Ward","Vibrant Shroud","Reviving Barrier","Hurricane","Mystic Orb","Liquid Lightning","Elemental Blockade","Bound Aegis","Reviving Barrier"
"Dreadsail Reef","Reef Guardian","https://www.esologs.com/reports/6BayfvYFXpTdmVW3#fight=68&type=summary&source=11","@zolgiac","Zapzapzapzapzapzapzapzap","daedric-storm-x-perfected-pearlescent-ward-the-morag-tong","tank","Daedric","Storm","x","The Morag Tong","Perfected Pearlescent Ward","10810.4","14499.3","78.0","78.0 CPM","","Lord Warden Dusk's Mask (Lord Warden)","Cryptcanon Vestments (Cryptcanon Vestments)","Perfected Pearlescent Pauldrons (Perfected Pearlescent Ward)","Perfected Pearlescent Gauntlets (Perfected Pearlescent Ward)","","Perfected Pearlescent Greaves (Perfected Pearlescent Ward)","Perfected Pearlescent Sabatons (Perfected Pearlescent Ward)","","Ring of the Morag Tong (The Morag Tong)","Ring of the Morag Tong (The Morag Tong)","Ice Staff of the Morag Tong (The Morag Tong)"," ()","Ice Staff of the Morag Tong (The Morag Tong)"," ()","Inner Rage","Lingering Flare","Magical Burst","Hardened Ward","Vibrant Shroud","Reviving Barrier","Hurricane","Mystic Orb","Liquid Lightning","Elemental Blockade","Bound Aegis","Reviving Barrier"
"Dreadsail Reef","Reef Guardian","https://www.esologs.com/reports/6BayfvYFXpTdmVW3#fight=68&type=summary&source=10","@JacobWasTake'n","Ro Jogan","animal-green-winter-serpents-disdain-war-machine","tank","Animal","Green","Winter","Serpent's Disdain","War Machine","16449.7","10717.1","39.0","39.0 CPM","The Atronach","Archdruid Devyric's Visage (Archdruid Devyric)","Cuirass of Serpent's Disdain (Serpent's Disdain)","Archdruid Devyric's Epaulets (Archdruid Devyric)","Gauntlets of Serpent's Disdain (Serpent's Disdain)","","Greaves of Serpent's Disdain (Serpent's Disdain)","Sabatons of Serpent's Disdain (Serpent's Disdain)","","War Machine Ring (War Machine)","War Machine Ring (War Machine)","War Machine Ice Staff (War Machine)"," ()","The Maelstrom's Perfected Ice Staff (Perfected Crushing Wall)"," ()","Polar Wind","Budding Seeds","Exhilarating Drain","Inner Rage","Elemental Explosion","Aggressive Horn","Charging Maneuver","Elemental Blockade","Expansive Frost Cloak","Elemental Susceptibility","Winter's Revenge","Eternal Guardian"
"Dreadsail Reef","Reef Guardian","https://www.esologs.com/reports/6BayfvYFXpTdmVW3#fight=68&type=summary&source=12","@Gopher07","Zipzickzibclibbziipzadiff","animal-green-winter-serpents-disdain-war-machine","tank","Animal","Green","Winter","Serpent's Disdain","War Machine","12996.5","18097.3","49.4","49.4 CPM","","Archdruid Devyric's Mask (Archdruid Devyric)","Cuirass of Serpent's Disdain (Serpent's Disdain)","Archdruid Devyric's Epaulets (Archdruid Devyric)","Gauntlets of Serpent's Disdain (Serpent's Disdain)","","Greaves of Serpent's Disdain (Serpent's Disdain)","Sabatons of Serpent's Disdain (Serpent's Disdain)","","War Machine Ring (War Machine)","War Machine Ring (War Machine)","Ice Staff of the Crimson Oath (Crimson Oath's Rive)"," ()","War Machine Ice Staff (War Machine)"," ()","Inner Rage","Polar Wind","Exhilarating Drain","Revealing Flare","Expansive Frost Cloak","Feral Guardian","Winter's Revenge","Elemental Blockade","Budding Seeds","Elemental Susceptibility","Charging Maneuver","Aggressive Horn"
"Dreadsail Reef","Reef Guardian","https://www.esologs.com/reports/6BayfvYFXpTdmVW3#fight=68&type=summary&source=6","@Wörtschel","Luna Cherryblossom","dawn-resto-x-master-architect-perfected-xoryns-masterpiece","healer","Dawn","Resto","x","Perfected Xoryn's Masterpiece","Master Architect","20817.9","104863.3","55.2","104863.3 HPS","","Magma Incarnate Guise (Magma Incarnate)","Xoryn's Perfected Robe (Perfected Xoryn's Masterpiece)","Spaulder of Ruin (Spaulder of Ruin)","Xoryn's Perfected Gloves (Perfected Xoryn's Masterpiece)","","Xoryn's Perfected Breeches (Perfected Xoryn's Masterpiece)","Xoryn's Perfected Shoes (Perfected Xoryn's Masterpiece)","","Master Architect Ring (Master Architect)","Master Architect Ring (Master Architect)","The Master's Perfected Restoration Staff (Perfected Grand Rejuvenation)"," ()","Master Architect Sword (Master Architect)","Master Architect Sword (Master Architect)","Illustrious Healing","Combat Prayer","Radiating Regeneration","Mystic Orb","Purifying Light","Reviving Barrier","Radiant Aura","Magic Knife","Extended Ritual","Echoing Vigor","Overflowing Altar","Reviving Barrier"
"Dreadsail Reef","Reef Guardian","https://www.esologs.com/reports/6BayfvYFXpTdmVW3#fight=68&type=summary&source=6","@Wörtschel","Luna Cherryblossom","dawn-resto-x-master-architect-perfected-xoryns-masterpiece","healer","Dawn","Resto","x","Perfected Xoryn's Masterpiece","Master Architect","23166.1","87795.1","50.2","87795.1 HPS","The Ritual","Magma Incarnate Guise (Magma Incarnate)","Xoryn's Perfected Robe (Perfected Xoryn's Masterpiece)","Spaulder of Ruin (Spaulder of Ruin)","Xoryn's Perfected Gloves (Perfected Xoryn's Masterpiece)","","Xoryn's Perfected Breeches (Perfected Xoryn's Masterpiece)","Xoryn's Perfected Shoes (Perfected Xoryn's Masterpiece)","","Master Architect Ring (Master Architect)","Master Architect Ring (Master Architect)","The Master's Perfected Restoration Staff (Perfected Grand Rejuvenation)"," ()","Master Architect Sword (Master Architect)","Master Architect Sword (Master Architect)","Illustrious Healing","Combat Prayer","Radiating Regeneration","Mystic Orb","Purifying Light","Reviving Barrier","Radiant Aura","Magic Knife","Extended Ritual","Echoing Vigor","Overflowing Altar","Reviving Barrier"
"Dreadsail Reef","Reef Guardian","https://www.esologs.com/reports/TGacy3D42d8bnHzZ#fight=49&type=summary&source=2","@Its_Ardy","Arrdcanist","curative-herald-soldier-master-architect-powerful-assault","healer","Herald","Curative","Soldier","Master Architect","Powerful Assault","12293.8","86272.2","66.6","86272.2 HPS","The Ritual","Magma Incarnate Mask (Magma Incarnate)","Master Architect Robe (Master Architect)","Spaulder of Ruin (Spaulder of Ruin)","Master Architect Gloves (Master Architect)","","Master Architect Breeches (Master Architect)","Master Architect Shoes (Master Architect)","","Ring of the Powerful Assault (Powerful Assault)","Ring of the Powerful Assault (Powerful Assault)","The Master's Perfected Restoration Staff (Perfected Grand Rejuvenation)"," ()","Sword of the Powerful Assault (Powerful Assault)","Sword of the Powerful Assault (Powerful Assault)","Illustrious Healing","Radiating Regeneration","Combat Prayer","Tidal Chakram","Fulminating Rune","Reviving Barrier","Shattering Knife","Mystic Orb","Echoing Vigor","Cruxweaver Armor","Rune of the Colorless Pool","Resonating Glyphic"
"Dreadsail Reef","Reef Guardian","https://www.esologs.com/reports/TGacy3D42d8bnHzZ#fight=49&type=summary&source=1","@NeruKodoka","The Unforgiven Il","curative-herald-soldier-master-architect-powerful-assault","healer","Herald","Curative","Soldier","Master Architect","Powerful Assault","8733.8","110523.1","94.0","110523.1 HPS","","Symphony of Blades Guise (Symphony of Blades)","Jack of the Powerful Assault (Powerful Assault)","Symphony of Blades Epaulets (Symphony of Blades)","Master Architect Gloves (Master Architect)","","Master Architect Breeches (Master Architect)","Master Architect Shoes (Master Architect)","","Ring of the Powerful Assault (Powerful Assault)","Ring of the Powerful Assault (Powerful Assault)","Restoration Staff of the Powerful Assault (Powerful Assault)"," ()","Master Architect Restoration Staff (Master Architect)"," ()","Illustrious Healing","Combat Prayer","Radiating Regeneration","Echoing Vigor","Inner Light","Gibbering Shelter","Energy Orb","Cruxweaver Armor","Fulminating Rune","Overflowing Altar","Recuperative Treatise","Resonating Glyphic"
"Dreadsail Reef","Reef Guardian","https://www.esologs.com/reports/TGacy3D42d8bnHzZ#fight=49&type=summary&source=16","@JerryTan0831","Fat Nord Tank","daedric-dark-storm-perfected-lucent-echoes-perfected-xoryns-masterpiece","tank","Dark","Daedric","Storm","Perfected Xoryn's Masterpiece","Perfected Lucent Echoes","6476.8","14183.2","49.0","49.0 CPM","","Mighty Chudan Mask (Mighty Chudan)","Cryptcanon Vestments (Cryptcanon Vestments)","Lucent Echoes Perfected Pauldrons (Perfected Lucent Echoes)","Lucent Echoes Perfected Gauntlets (Perfected Lucent Echoes)","","Lucent Echoes Perfected Greaves (Perfected Lucent Echoes)","Lucent Echoes Perfected Sabatons (Perfected Lucent Echoes)","","Xoryn's Perfected Ring (Perfected Xoryn's Masterpiece)","Xoryn's Perfected Ring (Perfected Xoryn's Masterpiece)","Xoryn's Perfected Ice Staff (Perfected Xoryn's Masterpiece)"," ()","Xoryn's Perfected Ice Staff (Perfected Xoryn's Masterpiece)"," ()","Inner Rage","Bound Aegis","Exhilarating Drain","Regenerative Ward","Dark Conversion","Replenishing Barrier","Elemental Susceptibility","Shattering Spines","Elemental Blockade","Liquid Lightning","Boundless Storm","Greater Storm Atronach"
"Dreadsail Reef","Reef Guardian","https://www.esologs.com/reports/TGacy3D42d8bnHzZ#fight=49&type=summary&source=7","@Ov3r'M","Lapis Over","daedric-dark-storm-perfected-lucent-echoes-perfected-xoryns-masterpiece","tank","Dark","Daedric","Storm","Perfected Xoryn's Masterpiece","Perfected Lucent Echoes","7137.8","4814.8","46.4","46.4 CPM","","Lucent Echoes Perfected Helm (Perfected Lucent Echoes)","Cryptcanon Vestments (Cryptcanon Vestments)","Magma Incarnate Pauldron (Magma Incarnate)","Lucent Echoes Perfected Gauntlets (Perfected Lucent Echoes)","","Lucent Echoes Perfected Greaves (Perfected Lucent Echoes)","Lucent Echoes Perfected Sabatons (Perfected Lucent Echoes)","","Xoryn's Perfected Ring (Perfected Xoryn's Masterpiece)","Xoryn's Perfected Ring (Perfected Xoryn's Masterpiece)","Xoryn's Perfected Ice Staff (Perfected Xoryn's Masterpiece)"," ()","Xoryn's Perfected Ice Staff (Perfected Xoryn's Masterpiece)"," ()","Inner Rage","Exhilarating Drain","Hardened Ward","Dark Deal","Bound Aegis","Flawless Dawnbreaker","Elemental Blockade","Boundless Storm","Elemental Susceptibility","Charging Maneuver","Liquid Lightning","Replenishing Barrier"
"Dreadsail Reef","Tideborn Taleria","https://www.esologs.com/reports/D4jC3H8Yx6TKmWNR#fight=21&type=summary&source=6","@Melina_nyu","Crolina'nyu","grave-herald-x-corpseburster-perfected-slivers-of-the-null-arca","dps","Grave","Herald","x","Perfected Slivers of the Null Arca","Corpseburster","275390.0","2426.8","101.6","275390.0 DPS","The Thief","Huntsman's Warmask (Huntsman's Warmask)","Perfected Null Arca Jack (Perfected Slivers of the Null Arca)","Slimecraw Arm Cops (Slimecraw)","Perfected Null Arca Bracers (Perfected Slivers of the Null Arca)","","Perfected Null Arca Guards (Perfected Slivers of the Null Arca)","Perfected Null Arca Boots (Perfected Slivers of the Null Arca)","","Corpseburster Ring (Corpseburster)","Corpseburster Ring (Corpseburster)","Corpseburster Dagger (Corpseburster)","Corpseburster Dagger (Corpseburster)","The Maelstrom's Perfected Greatsword (Perfected Merciless Charge)"," ()","Venom Skull","Blighted Blastbones","Avid Boneyard","Shocking Banner (Class Flourish / Courage)","Detonating Siphon","Flawless Dawnbreaker","Barbed Trap","Carve","Shocking Banner (Class Flourish / Courage)","Skeletal Archer","Stampede","Shooting Star"
"Dreadsail Reef","Tideborn Taleria","https://www.esologs.com/reports/D4jC3H8Yx6TKmWNR#fight=21&type=summary&source=10","@DEINFRA","Nekronysia","grave-herald-x-corpseburster-perfected-slivers-of-the-null-arca","dps","Grave","Herald","x","Perfected Slivers of the Null Arca","Corpseburster","238799.4","1703.9","91.0","238799.4 DPS","","Huntsman's Warmask (Huntsman's Warmask)","Perfected Null Arca Jack (Perfected Slivers of the Null Arca)","Slimecraw Arm Cops (Slimecraw)","Corpseburster Bracers (Corpseburster)","","Perfected Null Arca Guards (Perfected Slivers of the Null Arca)","Perfected Null Arca Boots (Perfected Slivers of the Null Arca)","","Perfected Null Arca Ring (Perfected Slivers of the Null Arca)","Corpseburster Ring (Corpseburster)","Corpseburster Dagger (Corpseburster)","Corpseburster Dagger (Corpseburster)","The Maelstrom's Greatsword (Merciless Charge)"," ()","Venom Skull","Blighted Blastbones","Detonating Siphon","Unnerving Boneyard","Shocking Banner (Class Flourish / Courage)","Flawless Dawnbreaker","Stampede","Carve","Barbed Trap","Skeletal Archer","Shocking Banner (Class Flourish / Courage)","Shooting Star"
"Dreadsail Reef","Tideborn Taleria","https://www.esologs.com/reports/D4jC3H8Yx6TKmWNR#fight=21&type=summary&source=9","@Ralf_17","Näshandra","grave-herald-x-corpseburster-perfected-slivers-of-the-null-arca","dps","Grave","Herald","x","Perfected Slivers of the Null Arca","Corpseburster","226529.7","2966.8","81.6","226529.7 DPS","","Huntsman's Warmask (Huntsman's Warmask)","Perfected Null Arca Jack (Perfected Slivers of the Null Arca)","Slimecraw Arm Cops (Slimecraw)","Perfected Null Arca Bracers (Perfected Slivers of the Null Arca)","","Perfected Null Arca Guards (Perfected Slivers of the Null Arca)","Perfected Null Arca Boots (Perfected Slivers of the Null Arca)","","Corpseburster Ring (Corpseburster)","Corpseburster Ring (Corpseburster)","Corpseburster Dagger (Corpseburster)","Corpseburster Dagger (Corpseburster)","The Maelstrom's Perfected Greatsword (Perfected Merciless Charge)"," ()","Venom Skull","Banner Bearer","Blighted Blastbones","Avid Boneyard","Detonating Siphon","Flawless Dawnbreaker","Carve","Banner Bearer","Stampede","Barbed Trap","Skeletal Archer","Shooting Star"
"Dreadsail Reef","Tideborn Taleria","https://www.esologs.com/reports/D4jC3H8Yx6TKmWNR#fight=21&type=summary&source=9","@In2TheDark","Pretty Pötatö","grave-herald-x-corpseburster-perfected-slivers-of-the-null-arca","dps","Grave","Herald","x","Perfected Slivers of the Null Arca","Corpseburster","212564.5","8673.8","97.4","212564.5 DPS","","Huntsman's Warmask (Huntsman's Warmask)","Perfected Null Arca Jack (Perfected Slivers of the Null Arca)","Slimecraw Epaulets (Slimecraw)","Perfected Null Arca Bracers (Perfected Slivers of the Null Arca)","","Perfected Null Arca Guards (Perfected Slivers of the Null Arca)","Perfected Null Arca Boots (Perfected Slivers of the Null Arca)","","Corpseburster Ring (Corpseburster)","Corpseburster Ring (Corpseburster)","Corpseburster Dagger (Corpseburster)","Corpseburster Dagger (Corpseburster)","The Maelstrom's Perfected Greatsword (Perfected Merciless Charge)"," ()","Detonating Siphon","Banner Bearer","Venom Skull","Blighted Blastbones","Unnerving Boneyard","Flawless Dawnbreaker","Barbed Trap","Banner Bearer","Stampede","Carve","Skeletal Archer","Shooting Star"
"Dreadsail Reef","Tideborn Taleria","https://www.esologs.com/reports/D4jC3H8Yx6TKmWNR#fight=21&type=summary&source=1","@NineGG","Numril Valder","grave-herald-x-corpseburster-perfected-slivers-of-the-null-arca","dps","Grave","Herald","x","Perfected Slivers of the Null Arca","Corpseburster","247295.5","5716.2","96.3","247295.5 DPS","","Huntsman's Warmask (Huntsman's Warmask)","Perfected Null Arca Jack (Perfected Slivers of the Null Arca)","Slimecraw Arm Cops (Slimecraw)","Perfected Null Arca Bracers (Perfected Slivers of the Null Arca)","","Perfected Null Arca Guards (Perfected Slivers of the Null Arca)","Perfected Null Arca Boots (Perfected Slivers of the Null Arca)","","Corpseburster Ring (Corpseburster)","Corpseburster Ring (Corpseburster)","Corpseburster Dagger (Corpseburster)","Corpseburster Dagger (Corpseburster)","The Maelstrom's Perfected Greatsword (Perfected Merciless Charge)"," ()","Venom Skull","Blighted Blastbones","Detonating Siphon","Unnerving Boneyard","Banner Bearer","Flawless Dawnbreaker","Stampede","Carve","Skeletal Archer","Barbed Trap","Banner Bearer","Shooting Star"
"Dreadsail Reef","Tideborn Taleria","https://www.esologs.com/reports/D4jC3H8Yx6TKmWNR#fight=21&type=summary&source=8","@zVidaa","no-crux","grave-herald-x-corpseburster-perfected-slivers-of-the-null-arca","dps","Grave","Herald","x","Perfected Slivers of the Null Arca","Corpseburster","207616.4","4229.5","61.9","207616.4 DPS","","Huntsman's Warmask (Huntsman's Warmask)","Perfected Null Arca Jack (Perfected Slivers of the Null Arca)","Slimecraw Arm Cops (Slimecraw)","Perfected Null Arca Bracers (Perfected Slivers of the Null Arca)","","Perfected Null Arca Guards (Perfected Slivers of the Null Arca)","Perfected Null Arca Boots (Perfected Slivers of the Null Arca)","","Corpseburster Ring (Corpseburster)","Corpseburster Ring (Corpseburster)","Corpseburster Dagger (Corpseburster)","Corpseburster Dagger (Corpseburster)","The Maelstrom's Perfected Greatsword (Perfected Merciless Charge)"," ()","Venom Skull","Unnerving Boneyard","Blighted Blastbones","Detonating Siphon","Banner Bearer","Flawless Dawnbreaker","Skeletal Archer","Carve","Stampede","Banner Bearer","Barbed Trap","Shooting Star"
"Dreadsail Reef","Tideborn Taleria","https://www.esologs.com/reports/D4jC3H8Yx6TKmWNR#fight=21&type=summary&source=5","@Shadow-Guy","I-forgive-you","grave-herald-x-corpseburster-perfected-slivers-of-the-null-arca","dps","Grave","Herald","x","Perfected Slivers of the Null Arca","Corpseburster","216720.7","5498.4","68.9","216720.7 DPS","","Huntsman's Warmask (Huntsman's Warmask)","Perfected Null Arca Jack (Perfected Slivers of the Null Arca)","Slimecraw Arm Cops (Slimecraw)","Perfected Null Arca Bracers (Perfected Slivers of the Null Arca)","","Perfected Null Arca Guards (Perfected Slivers of the Null Arca)","Perfected Null Arca Boots (Perfected Slivers of the Null Arca)","","Corpseburster Ring (Corpseburster)","Corpseburster Ring (Corpseburster)","Corpseburster Dagger (Corpseburster)","Corpseburster Dagger (Corpseburster)","The Maelstrom's Perfected Greatsword (Perfected Merciless Charge)"," ()","Blighted Blastbones","Unnerving Boneyard","Venom Skull","Detonating Siphon","Banner Bearer","Flawless Dawnbreaker","Stampede","Carve","Barbed Trap","Skeletal Archer","Banner Bearer","Shooting Star"
"Dreadsail Reef","Tideborn Taleria","https://www.esologs.com/reports/D4jC3H8Yx6TKmWNR#fight=21&type=summary&source=3","@xDeathroar","Exequuter","grave-herald-x-corpseburster-perfected-slivers-of-the-null-arca","dps","Grave","Herald","x","Perfected Slivers of the Null Arca","Corpseburster","212020.7","2654.3","81.2","212020.7 DPS","","Huntsman's Warmask (Huntsman's Warmask)","Perfected Null Arca Jack (Perfected Slivers of the Null Arca)","Slimecraw Arm Cops (Slimecraw)","Perfected Null Arca Bracers (Perfected Slivers of the Null Arca)","","Perfected Null Arca Guards (Perfected Slivers of the Null Arca)","Perfected Null Arca Boots (Perfected Slivers of the Null Arca)","","Corpseburster Ring (Corpseburster)","Corpseburster Ring (Corpseburster)","Corpseburster Dagger (Corpseburster)","Corpseburster Dagger (Corpseburster)","The Maelstrom's Greatsword (Merciless Charge)"," ()","Unnerving Boneyard","Blighted Blastbones","Detonating Siphon","Venom Skull","Banner Bearer","Flawless Dawnbreaker","Stampede","Barbed Trap","Carve","Skeletal Archer","Banner Bearer","Glacial Colossus"
"Dreadsail Reef","Tideborn Taleria","https://www.esologs.com/reports/D4jC3H8Yx6TKmWNR#fight=21&type=summary&source=8","@NineGG","Numril Valder","grave-herald-x-corpseburster-perfected-slivers-of-the-null-arca","dps","Grave","Herald","x","Perfected Slivers of the Null Arca","Corpseburster","233073.1","5646.5","90.8","233073.1 DPS","","Huntsman's Warmask (Huntsman's Warmask)","Perfected Null Arca Jack (Perfected Slivers of the Null Arca)","Slimecraw Arm Cops (Slimecraw)","Perfected Null Arca Bracers (Perfected Slivers of the Null Arca)","","Perfected Null Arca Guards (Perfected Slivers of the Null Arca)","Perfected Null Arca Boots (Perfected Slivers of the Null Arca)","","Corpseburster Ring (Corpseburster)","Corpseburster Ring (Corpseburster)","Corpseburster Dagger (Corpseburster)","Corpseburster Dagger (Corpseburster)","The Maelstrom's Perfected Greatsword (Perfected Merciless Charge)"," ()","Venom Skull","Blighted Blastbones","Detonating Siphon","Unnerving Boneyard","Banner Bearer","Flawless Dawnbreaker","Stampede","Carve","Skeletal Archer","Barbed Trap","Banner Bearer","Shooting Star"
"Dreadsail Reef","Tideborn Taleria","https://www.esologs.com/reports/D4jC3H8Yx6TKmWNR#fight=21&type=summary&source=5","@Shadow-Guy","I-forgive-you","grave-herald-x-corpseburster-perfected-slivers-of-the-null-arca","dps","Grave","Herald","x","Perfected Slivers of the Null Arca","Corpseburster","226061.2","5947.7","73.3","226061.2 DPS","","Huntsman's Warmask (Huntsman's Warmask)","Perfected Null Arca Jack (Perfected Slivers of the Null Arca)","Slimecraw Arm Cops (Slimecraw)","Perfected Null Arca Bracers (Perfected Slivers of the Null Arca)","","Perfected Null Arca Guards (Perfected Slivers of the Null Arca)","Perfected Null Arca Boots (Perfected Slivers of the Null Arca)","","Corpseburster Ring (Corpseburster)","Corpseburster Ring (Corpseburster)","Corpseburster Dagger (Corpseburster)","Corpseburster Dagger (Corpseburster)","The Maelstrom's Perfected Greatsword (Perfected Merciless Charge)"," ()","Blighted Blastbones","Unnerving Boneyard","Venom Skull","Detonating Siphon","Banner Bearer","Flawless Dawnbreaker","Stampede","Carve","Ulfsild's Contingency","Skeletal Arcanist","Banner Bearer","Shooting Star"
"Dreadsail Reef","Tideborn Taleria","https://www.esologs.com/reports/D4jC3H8Yx6TKmWNR#fight=21&type=summary&source=7","@zVidaa","no-crux","grave-herald-x-corpseburster-perfected-slivers-of-the-null-arca","dps","Grave","Herald","x","Perfected Slivers of the Null Arca","Corpseburster","219274.5","3712.8","58.4","219274.5 DPS","","Huntsman's Warmask (Huntsman's Warmask)","Perfected Null Arca Jack (Perfected Slivers of the Null Arca)","Slimecraw Arm Cops (Slimecraw)","Perfected Null Arca Bracers (Perfected Slivers of the Null Arca)","","Perfected Null Arca Guards (Perfected Slivers of the Null Arca)","Perfected Null Arca Boots (Perfected Slivers of the Null Arca)","","Corpseburster Ring (Corpseburster)","Corpseburster Ring (Corpseburster)","Corpseburster Dagger (Corpseburster)","Corpseburster Dagger (Corpseburster)","The Maelstrom's Perfected Greatsword (Perfected Merciless Charge)"," ()","Venom Skull","Unnerving Boneyard","Blighted Blastbones","Detonating Siphon","Banner Bearer","Flawless Dawnbreaker","Skeletal Archer","Carve","Stampede","Banner Bearer","Barbed Trap","Shooting Star"
"Dreadsail Reef","Tideborn Taleria","https://www.esologs.com/reports/D4jC3H8Yx6TKmWNR#fight=21&type=summary&source=1","@In2TheDark","Pretty Pötatö","grave-herald-x-corpseburster-perfected-slivers-of-the-null-arca","dps","Grave","Herald","x","Perfected Slivers of the Null Arca","Corpseburster","236586.3","4941.3","90.8","236586.3 DPS","","Huntsman's Warmask (Huntsman's Warmask)","Perfected Null Arca Jack (Perfected Slivers of the Null Arca)","Slimecraw Epaulets (Slimecraw)","Perfected Null Arca Bracers (Perfected Slivers of the Null Arca)","","Perfected Null Arca Guards (Perfected Slivers of the Null Arca)","Perfected Null Arca Boots (Perfected Slivers of the Null Arca)","","Corpseburster Ring (Corpseburster)","Corpseburster Ring (Corpseburster)","Corpseburster Dagger (Corpseburster)","Corpseburster Dagger (Corpseburster)","The Maelstrom's Perfected Greatsword (Perfected Merciless Charge)"," ()","Detonating Siphon","Banner Bearer","Venom Skull","Blighted Blastbones","Unnerving Boneyard","Flawless Dawnbreaker","Barbed Trap","Banner Bearer","Stampede","Carve","Skeletal Archer","Shooting Star"
"Dreadsail Reef","Tideborn Taleria","https://www.esologs.com/reports/D4jC3H8Yx6TKmWNR#fight=21&type=summary&source=3","@xDeathroar","Exequuter","grave-herald-x-corpseburster-perfected-slivers-of-the-null-arca","dps","Grave","Herald","x","Perfected Slivers of the Null Arca","Corpseburster","198347.4","7219.3","75.4","198347.4 DPS","","Huntsman's Warmask (Huntsman's Warmask)","Perfected Null Arca Jack (Perfected Slivers of the Null Arca)","Slimecraw Arm Cops (Slimecraw)","Perfected Null Arca Bracers (Perfected Slivers of the Null Arca)","","Perfected Null Arca Guards (Perfected Slivers of the Null Arca)","Perfected Null Arca Boots (Perfected Slivers of the Null Arca)","","Corpseburster Ring (Corpseburster)","Corpseburster Ring (Corpseburster)","Corpseburster Dagger (Corpseburster)","Corpseburster Dagger (Corpseburster)","The Maelstrom's Greatsword (Merciless Charge)"," ()","Unnerving Boneyard","Blighted Blastbones","Detonating Siphon","Venom Skull","Banner Bearer","Flawless Dawnbreaker","Stampede","Barbed Trap","Carve","Skeletal Archer","Banner Bearer","Glacial Colossus"
"Dreadsail Reef","Tideborn Taleria","https://www.esologs.com/reports/D4jC3H8Yx6TKmWNR#fight=21&type=summary&source=9","@richtinker","sashablastbones","grave-herald-x-corpseburster-perfected-slivers-of-the-null-arca","dps","Grave","Herald","x","Corpseburster","Perfected Slivers of the Null Arca","230912.1","7285.9","102.9","230912.1 DPS","","Slimecraw Mask (Slimecraw)","Corpseburster Jack (Corpseburster)","Perfected Null Arca Arm Cops (Perfected Slivers of the Null Arca)","Corpseburster Bracers (Corpseburster)","","Perfected Null Arca Guards (Perfected Slivers of the Null Arca)","Corpseburster Boots (Corpseburster)","","Shattered Paths Signet (Shattered Paths Signet)","Corpseburster Ring (Corpseburster)","Perfected Null Arca Dagger (Perfected Slivers of the Null Arca)","Corpseburster Dagger (Corpseburster)","The Maelstrom's Perfected Greatsword (Perfected Merciless Charge)"," ()","Venom Skull","Blighted Blastbones","Detonating Siphon","Unnerving Boneyard","Banner Bearer","Glacial Colossus","Skeletal Archer","Stampede","Carve","Barbed Trap","Banner Bearer","Glacial Colossus"
"Dreadsail Reef","Tideborn Taleria","https://www.esologs.com/reports/D4jC3H8Yx6TKmWNR#fight=21&type=summary&source=11","@oAMo","Svetlana Malediktovna","grave-herald-x-corpseburster-perfected-slivers-of-the-null-arca","dps","Grave","Herald","x","Perfected Slivers of the Null Arca","Corpseburster","217731.0","8452.3","88.0","217731.0 DPS","","Zaan Mask (Zaan)","Perfected Null Arca Jack (Perfected Slivers of the Null Arca)","Perfected Null Arca Arm Cops (Perfected Slivers of the Null Arca)","Perfected Null Arca Bracers (Perfected Slivers of the Null Arca)","","Perfected Null Arca Guards (Perfected Slivers of the Null Arca)","Perfected Null Arca Boots (Perfected Slivers of the Null Arca)","","Corpseburster Ring (Corpseburster)","Shattered Paths Signet (Shattered Paths Signet)","Corpseburster Dagger (Corpseburster)","Corpseburster Dagger (Corpseburster)","The Maelstrom's Perfected Greatsword (Perfected Merciless Charge)"," ()","Venom Skull","Blighted Blastbones","Unnerving Boneyard","Detonating Siphon","Banner Bearer","Glacial Colossus","Stampede","Carve","Barbed Trap","Skeletal Archer","Banner Bearer","Glacial Colossus"
"Dreadsail Reef","Tideborn Taleria","https://www.esologs.com/reports/D4jC3H8Yx6TKmWNR#fight=21&type=summary&source=4","@JosephSMT","Joseph T","grave-herald-x-corpseburster-perfected-slivers-of-the-null-arca","dps","Grave","Herald","x","Perfected Slivers of the Null Arca","Corpseburster","237358.6","6499.5","100.9","237358.6 DPS","","Slimecraw Mask (Slimecraw)","Perfected Null Arca Jack (Perfected Slivers of the Null Arca)","Perfected Null Arca Arm Cops (Perfected Slivers of the Null Arca)","Perfected Null Arca Bracers (Perfected Slivers of the Null Arca)","","Perfected Null Arca Guards (Perfected Slivers of the Null Arca)","Perfected Null Arca Boots (Perfected Slivers of the Null Arca)","","Shattered Paths Signet (Shattered Paths Signet)","Corpseburster Ring (Corpseburster)","Corpseburster Dagger (Corpseburster)","Corpseburster Dagger (Corpseburster)","The Maelstrom's Perfected Greatsword (Perfected Merciless Charge)"," ()","Venom Skull","Blighted Blastbones","Avid Boneyard","Detonating Siphon","Banner Bearer","Glacial Colossus","Barbed Trap","Stampede","Skeletal Archer","Carve","Banner Bearer","Flawless Dawnbreaker"
"Dreadsail Reef","Tideborn Taleria","https://www.esologs.com/reports/D4jC3H8Yx6TKmWNR#fight=21&type=summary&source=8","@ZENON1996","Redemtion-S","grave-herald-x-corpseburster-perfected-slivers-of-the-null-arca","dps","Grave","Herald","x","Perfected Slivers of the Null Arca","Corpseburster","228145.3","13195.5","90.1","228145.3 DPS","","Slimecraw Mask (Slimecraw)","Perfected Null Arca Jack (Perfected Slivers of the Null Arca)","Corpseburster Arm Cops (Corpseburster)","Perfected Null Arca Bracers (Perfected Slivers of the Null Arca)","","Perfected Null Arca Guards (Perfected Slivers of the Null Arca)","Perfected Null Arca Boots (Perfected Slivers of the Null Arca)","","Corpseburster Ring (Corpseburster)","Shattered Paths Signet (Shattered Paths Signet)","Corpseburster Dagger (Corpseburster)","Corpseburster Dagger (Corpseburster)","The Maelstrom's Greatsword (Merciless Charge)"," ()","Venom Skull","Blighted Blastbones","Detonating Siphon","Unnerving Boneyard","Banner Bearer","Pestilent Colossus","Stampede","Carve","Sundering Burst","Ulfsild's Contingency","Banner Bearer","Flawless Dawnbreaker"
"Dreadsail Reef","Tideborn Taleria","https://www.esologs.com/reports/D4jC3H8Yx6TKmWNR#fight=21&type=summary&source=12","@Actorion","Torion Darkheart","grave-herald-x-corpseburster-perfected-slivers-of-the-null-arca","dps","Grave","Herald","x","Corpseburster","Perfected Slivers of the Null Arca","216634.5","10080.5","97.3","216634.5 DPS","","Slimecraw Mask (Slimecraw)","Corpseburster Jack (Corpseburster)","Corpseburster Arm Cops (Corpseburster)","Perfected Null Arca Bracers (Perfected Slivers of the Null Arca)","","Perfected Null Arca Guards (Perfected Slivers of the Null Arca)","Corpseburster Boots (Corpseburster)","","Shattered Paths Signet (Shattered Paths Signet)","Perfected Null Arca Ring (Perfected Slivers of the Null Arca)","Corpseburster Dagger (Corpseburster)","Corpseburster Dagger (Corpseburster)","The Maelstrom's Perfected Greatsword (Perfected Merciless Charge)"," ()","Venom Skull","Blighted Blastbones","Avid Boneyard","Detonating Siphon","Banner Bearer","Pestilent Colossus","Stampede","Carve","Ulfsild's Contingency","Barbed Trap","Banner Bearer","Flawless Dawnbreaker"
"Dreadsail Reef","Tideborn Taleria","https://www.esologs.com/reports/D4jC3H8Yx6TKmWNR#fight=21&type=summary&source=8","@FearShadows","Mãki Zënin","grave-herald-x-corpseburster-perfected-slivers-of-the-null-arca","dps","Grave","Herald","x","Perfected Slivers of the Null Arca","Corpseburster","228215.2","5966.8","86.9","228215.2 DPS","","Huntsman's Warmask (Huntsman's Warmask)","Perfected Null Arca Jack (Perfected Slivers of the Null Arca)","Arm Cops of the Thousand Eyes (Thousand Eyes)","Perfected Null Arca Bracers (Perfected Slivers of the Null Arca)","","Perfected Null Arca Guards (Perfected Slivers of the Null Arca)","Perfected Null Arca Boots (Perfected Slivers of the Null Arca)","","Corpseburster Ring (Corpseburster)","Corpseburster Ring (Corpseburster)","Corpseburster Axe (Corpseburster)","Corpseburster Dagger (Corpseburster)","The Maelstrom's Perfected Greatsword (Perfected Merciless Charge)"," ()","Unnerving Boneyard","Blighted Blastbones","Detonating Siphon","Venom Skull","Banner Bearer","Flawless Dawnbreaker","Stampede","Carve","Barbed Trap","Skeletal Archer","Banner Bearer","Shooting Star"
"Dreadsail Reef","Tideborn Taleria","https://www.esologs.com/reports/D4jC3H8Yx6TKmWNR#fight=21&type=summary&source=11","@Domestic4Tero","Sanguine Bone","grave-herald-x-corpseburster-perfected-slivers-of-the-null-arca","dps","Grave","Herald","x","Perfected Slivers of the Null Arca","Corpseburster","220180.5","3751.9","93.9","220180.5 DPS","","Huntsman's Warmask (Huntsman's Warmask)","Perfected Null Arca Jack (Perfected Slivers of the Null Arca)","Slimecraw Epaulets (Slimecraw)","Perfected Null Arca Bracers (Perfected Slivers of the Null Arca)","","Perfected Null Arca Guards (Perfected Slivers of the Null Arca)","Perfected Null Arca Boots (Perfected Slivers of the Null Arca)","","Corpseburster Ring (Corpseburster)","Corpseburster Ring (Corpseburster)","Corpseburster Axe (Corpseburster)","Corpseburster Dagger (Corpseburster)","The Maelstrom's Perfected Greatsword (Perfected Merciless Charge)"," ()","Detonating Siphon","Unnerving Boneyard","Blighted Blastbones","Venom Skull","Banner Bearer","Flawless Dawnbreaker","Ulfsild's Contingency","Stampede","Carve","Skeletal Arcanist","Banner Bearer","Shooting Star"
"Dreadsail Reef","Tideborn Taleria","https://www.esologs.com/reports/qv8DaXYPRVAmpjfZ#fight=33&type=summary&source=7","@LauritsS","Finiarêl","bone-grave-herald-corpseburster-perfected-slivers-of-the-null-arca","dps","Grave","Bone","Herald","Perfected Slivers of the Null Arca","Corpseburster","293206.0","3062.0","107.9","293206.0 DPS","","Ansuul's Perfected Helmet (Perfected Ansuul's Torment)","Perfected Null Arca Jack (Perfected Slivers of the Null Arca)","Mora's Whispers (Mora's Whispers)","Perfected Null Arca Bracers (Perfected Slivers of the Null Arca)","","Perfected Null Arca Guards (Perfected Slivers of the Null Arca)","Perfected Null Arca Boots (Perfected Slivers of the Null Arca)","","Corpseburster Ring (Corpseburster)","Corpseburster Ring (Corpseburster)","Corpseburster Dagger (Corpseburster)","Corpseburster Dagger (Corpseburster)","The Maelstrom's Perfected Greatsword (Perfected Merciless Charge)"," ()","Unnerving Boneyard","Blighted Blastbones","Ghostly Embrace","Detonating Siphon","Banner Bearer","Flawless Dawnbreaker","Barbed Trap","Carve","Stampede","Simmering Frenzy","Banner Bearer","Pummeling Goliath"
"Dreadsail Reef","Tideborn Taleria","https://www.esologs.com/reports/qv8DaXYPRVAmpjfZ#fight=33&type=summary&source=11","@alansgaming","Smitecro","bone-grave-herald-corpseburster-perfected-slivers-of-the-null-arca","dps","Grave","Bone","Herald","Perfected Slivers of the Null Arca","Corpseburster","299805.5","5611.1","126.2","299805.5 DPS","The Thief","Huntsman's Warmask (Huntsman's Warmask)","Perfected Null Arca Jack (Perfected Slivers of the Null Arca)","Ansuul's Perfected Arm Cops (Perfected Ansuul's Torment)","Perfected Null Arca Bracers (Perfected Slivers of the Null Arca)","","Perfected Null Arca Guards (Perfected Slivers of the Null Arca)","Perfected Null Arca Boots (Perfected Slivers of the Null Arca)","","Corpseburster Ring (Corpseburster)","Corpseburster Ring (Corpseburster)","Corpseburster Dagger (Corpseburster)","Corpseburster Dagger (Corpseburster)","The Maelstrom's Perfected Greatsword (Perfected Merciless Charge)"," ()","Unnerving Boneyard","Blighted Blastbones","Ghostly Embrace","Detonating Siphon","Banner Bearer","Flawless Dawnbreaker","Stampede","Carve","Barbed Trap","Simmering Frenzy","Banner Bearer","Pummeling Goliath"
"Dreadsail Reef","Tideborn Taleria","https://www.esologs.com/reports/qv8DaXYPRVAmpjfZ#fight=33&type=summary&source=9","@FzFrost","Lilith Melaina","bone-grave-herald-corpseburster-perfected-slivers-of-the-null-arca","dps","Grave","Bone","Herald","Perfected Slivers of the Null Arca","Corpseburster","276102.0","9331.6","95.4","276102.0 DPS","","Ansuul's Perfected Helmet (Perfected Ansuul's Torment)","Perfected Null Arca Jack (Perfected Slivers of the Null Arca)","Corpseburster Arm Cops (Corpseburster)","Perfected Null Arca Bracers (Perfected Slivers of the Null Arca)","","Perfected Null Arca Guards (Perfected Slivers of the Null Arca)","Perfected Null Arca Boots (Perfected Slivers of the Null Arca)","","Corpseburster Ring (Corpseburster)","Corpseburster Ring (Corpseburster)","Corpseburster Dagger (Corpseburster)","Corpseburster Dagger (Corpseburster)","The Maelstrom's Perfected Greatsword (Perfected Merciless Charge)"," ()","Unnerving Boneyard","Detonating Siphon","Blighted Blastbones","Ghostly Embrace","Banner Bearer","Flawless Dawnbreaker","Stampede","Carve","Barbed Trap","Simmering Frenzy","Banner Bearer","Pummeling Goliath"
"Dreadsail Reef","Tideborn Taleria","https://www.esologs.com/reports/qv8DaXYPRVAmpjfZ#fight=33&type=summary&source=7","@i.gr","I The Creator","bone-grave-herald-corpseburster-perfected-slivers-of-the-null-arca","dps","Grave","Bone","Herald","Perfected Slivers of the Null Arca","Corpseburster","267687.3","3805.8","94.1","267687.3 DPS","","Huntsman's Warmask (Huntsman's Warmask)","Perfected Null Arca Jack (Perfected Slivers of the Null Arca)","Iceheart Arm Cops (Iceheart)","Perfected Null Arca Bracers (Perfected Slivers of the Null Arca)","","Perfected Null Arca Guards (Perfected Slivers of the Null Arca)","Perfected Null Arca Boots (Perfected Slivers of the Null Arca)","","Corpseburster Ring (Corpseburster)","Corpseburster Ring (Corpseburster)","Corpseburster Dagger (Corpseburster)","Corpseburster Dagger (Corpseburster)","The Maelstrom's Perfected Greatsword (Perfected Merciless Charge)"," ()","Avid Boneyard","Blighted Blastbones","Ghostly Embrace","Detonating Siphon","Shocking Banner (Class Flourish / Courage)","Flawless Dawnbreaker","Stampede","Carve","Skeletal Arcanist","Barbed Trap","Shocking Banner (Class Flourish / Courage)","Shooting Star"
"Dreadsail Reef","Tideborn Taleria","https://www.esologs.com/reports/qv8DaXYPRVAmpjfZ#fight=33&type=summary&source=10","@xablauzin","Rathmà","bone-grave-herald-corpseburster-perfected-slivers-of-the-null-arca","dps","Grave","Bone","Herald","Perfected Slivers of the Null Arca","Corpseburster","232941.1","5654.9","86.5","232941.1 DPS","","Slimecraw Mask (Slimecraw)","Perfected Null Arca Jack (Perfected Slivers of the Null Arca)","Corpseburster Arm Cops (Corpseburster)","Perfected Null Arca Bracers (Perfected Slivers of the Null Arca)","","Perfected Null Arca Guards (Perfected Slivers of the Null Arca)","Perfected Null Arca Boots (Perfected Slivers of the Null Arca)","","Corpseburster Ring (Corpseburster)","Shattered Paths Signet (Shattered Paths Signet)","Corpseburster Dagger (Corpseburster)","Corpseburster Dagger (Corpseburster)","The Maelstrom's Perfected Greatsword (Perfected Merciless Charge)"," ()","Unnerving Boneyard","Ghostly Embrace","Blighted Blastbones","Banner Bearer","Detonating Siphon","Flawless Dawnbreaker","Barbed Trap","Stampede","Carve","Banner Bearer","Skeletal Archer","Shooting Star"
"Dreadsail Reef","Tideborn Taleria","https://www.esologs.com/reports/qv8DaXYPRVAmpjfZ#fight=33&type=summary&source=5","@i.gr","I The Creator","bone-grave-herald-corpseburster-perfected-slivers-of-the-null-arca","dps","Grave","Bone","Herald","Perfected Slivers of the Null Arca","Corpseburster","227223.2","2714.8","91.3","227223.2 DPS","","Huntsman's Warmask (Huntsman's Warmask)","Perfected Null Arca Jack (Perfected Slivers of the Null Arca)","Iceheart Arm Cops (Iceheart)","Perfected Null Arca Bracers (Perfected Slivers of the Null Arca)","","Perfected Null Arca Guards (Perfected Slivers of the Null Arca)","Perfected Null Arca Boots (Perfected Slivers of the Null Arca)","","Corpseburster Ring (Corpseburster)","Corpseburster Ring (Corpseburster)","Corpseburster Dagger (Corpseburster)","Corpseburster Dagger (Corpseburster)","The Maelstrom's Perfected Greatsword (Perfected Merciless Charge)"," ()","Avid Boneyard","Blighted Blastbones","Ghostly Embrace","Detonating Siphon","Banner Bearer","Flawless Dawnbreaker","Stampede","Carve","Skeletal Archer","Barbed Trap","Banner Bearer","Shooting Star"
"Dreadsail Reef","Tideborn Taleria","https://www.esologs.com/reports/qv8DaXYPRVAmpjfZ#fight=33&type=summary&source=6","@LeopardoColorido","Jimim do Dps","bone-grave-herald-corpseburster-perfected-slivers-of-the-null-arca","dps","Grave","Bone","Herald","Perfected Slivers of the Null Arca","Corpseburster","235036.0","5126.8","84.6","235036.0 DPS","","Huntsman's Warmask (Huntsman's Warmask)","Perfected Null Arca Jack (Perfected Slivers of the Null Arca)","Slimecraw Arm Cops (Slimecraw)","Perfected Null Arca Bracers (Perfected Slivers of the Null Arca)","","Perfected Null Arca Guards (Perfected Slivers of the Null Arca)","Corpseburster Boots (Corpseburster)","","Corpseburster Ring (Corpseburster)","Corpseburster Ring (Corpseburster)","Perfected Null Arca Dagger (Perfected Slivers of the Null Arca)","Perfected Null Arca Dagger (Perfected Slivers of the Null Arca)","The Maelstrom's Perfected Greatsword (Perfected Merciless Charge)"," ()","Blighted Blastbones","Ghostly Embrace","Avid Boneyard","Detonating Siphon","Banner Bearer","Flawless Dawnbreaker","Stampede","Barbed Trap","Carve","Skeletal Arcanist","Banner Bearer","Shooting Star"
"Dreadsail Reef","Tideborn Taleria","https://www.esologs.com/reports/qv8DaXYPRVAmpjfZ#fight=33&type=summary&source=7","@Staubfaenger","Knob'lauch","bone-grave-herald-corpseburster-perfected-slivers-of-the-null-arca","dps","Grave","Bone","Herald","Perfected Slivers of the Null Arca","Corpseburster","249683.1","5999.6","115.6","249683.1 DPS","","Huntsman's Warmask (Huntsman's Warmask)","Perfected Null Arca Jack (Perfected Slivers of the Null Arca)","Slimecraw Arm Cops (Slimecraw)","Perfected Null Arca Bracers (Perfected Slivers of the Null Arca)","","Perfected Null Arca Guards (Perfected Slivers of the Null Arca)","Perfected Null Arca Boots (Perfected Slivers of the Null Arca)","","Corpseburster Ring (Corpseburster)","Corpseburster Ring (Corpseburster)","Corpseburster Dagger (Corpseburster)","Corpseburster Dagger (Corpseburster)","The Maelstrom's Perfected Greatsword (Perfected Merciless Charge)"," ()","Blighted Blastbones","Ghostly Embrace","Unnerving Boneyard","Detonating Siphon","Banner Bearer","Flawless Dawnbreaker","Stampede","Carve","Barbed Trap","Skeletal Arcanist","Banner Bearer","Pummeling Goliath"
"Dreadsail Reef","Tideborn Taleria","https://www.esologs.com/reports/qv8DaXYPRVAmpjfZ#fight=33&type=summary&source=8","@Billobob1991","Melias Sahr","bone-grave-herald-corpseburster-perfected-slivers-of-the-null-arca","dps","Grave","Bone","Herald","Perfected Slivers of the Null Arca","Corpseburster","227268.3","4826.1","68.8","227268.3 DPS","","Huntsman's Warmask (Huntsman's Warmask)","Perfected Null Arca Jack (Perfected Slivers of the Null Arca)","Slimecraw Arm Cops (Slimecraw)","Perfected Null Arca Bracers (Perfected Slivers of the Null Arca)","","Perfected Null Arca Guards (Perfected Slivers of the Null Arca)","Perfected Null Arca Boots (Perfected Slivers of the Null Arca)","","Corpseburster Ring (Corpseburster)","Corpseburster Ring (Corpseburster)","Corpseburster Dagger (Corpseburster)","Corpseburster Dagger (Corpseburster)","The Maelstrom's Perfected Greatsword (Perfected Merciless Charge)"," ()","Unnerving Boneyard","Detonating Siphon","Blighted Blastbones","Ghostly Embrace","Banner Bearer","Flawless Dawnbreaker","Barbed Trap","Stampede","Carve","Skeletal Arcanist","Banner Bearer","Shooting Star"
"Dreadsail Reef","Tideborn Taleria","https://www.esologs.com/reports/qv8DaXYPRVAmpjfZ#fight=33&type=summary&source=9","@Pixel_Frost","Necraftn","bone-grave-herald-corpseburster-perfected-slivers-of-the-null-arca","dps","Grave","Bone","Herald","Perfected Slivers of the Null Arca","Corpseburster","265397.6","8314.7","121.1","265397.6 DPS","","Slimecraw Mask (Slimecraw)","Perfected Null Arca Jack (Perfected Slivers of the Null Arca)","Mora's Whispers (Mora's Whispers)","Perfected Null Arca Bracers (Perfected Slivers of the Null Arca)","","Perfected Null Arca Guards (Perfected Slivers of the Null Arca)","Perfected Null Arca Boots (Perfected Slivers of the Null Arca)","","Corpseburster Ring (Corpseburster)","Corpseburster Ring (Corpseburster)","Corpseburster Dagger (Corpseburster)","Corpseburster Dagger (Corpseburster)","The Maelstrom's Perfected Greatsword (Perfected Merciless Charge)"," ()","Blighted Blastbones","Unnerving Boneyard","Ghostly Embrace","Detonating Siphon","Banner Bearer","Flawless Dawnbreaker","Stampede","Carve","Skeletal Archer","Barbed Trap","Banner Bearer","Pummeling Goliath"
"Dreadsail Reef","Tideborn Taleria","https://www.esologs.com/reports/qv8DaXYPRVAmpjfZ#fight=33&type=summary&source=20","nil","Anonymous 20","bone-grave-herald-corpseburster-perfected-slivers-of-the-null-arca","dps","Grave","Bone","Herald","Perfected Slivers of the Null Arca","Corpseburster","245425.4","4124.5","82.4","245425.4 DPS","","Huntsman's Warmask (Huntsman's Warmask)","Perfected Null Arca Jack (Perfected Slivers of the Null Arca)","Slimecraw Arm Cops (Slimecraw)","Perfected Null Arca Bracers (Perfected Slivers of the Null Arca)","","Perfected Null Arca Guards (Perfected Slivers of the Null Arca)","Perfected Null Arca Boots (Perfected Slivers of the Null Arca)","","Corpseburster Ring (Corpseburster)","Corpseburster Ring (Corpseburster)","Corpseburster Dagger (Corpseburster)","Corpseburster Dagger (Corpseburster)","The Maelstrom's Perfected Greatsword (Perfected Merciless Charge)"," ()","Detonating Siphon","Ghostly Embrace","Unnerving Boneyard","Blighted Blastbones","Banner Bearer","Glacial Colossus","Stampede","Ulfsild's Contingency","Carve","Barbed Trap","Banner Bearer","Shooting Star"
"Dreadsail Reef","Tideborn Taleria","https://www.esologs.com/reports/qv8DaXYPRVAmpjfZ#fight=33&type=summary&source=13","nil","Anonymous 13","bone-grave-herald-corpseburster-perfected-slivers-of-the-null-arca","dps","Grave","Bone","Herald","Perfected Slivers of the Null Arca","Corpseburster","217754.2","4219.4","89.6","217754.2 DPS","","Huntsman's Warmask (Huntsman's Warmask)","Perfected Null Arca Jack (Perfected Slivers of the Null Arca)","Ansuul's Perfected Arm Cops (Perfected Ansuul's Torment)","Perfected Null Arca Bracers (Perfected Slivers of the Null Arca)","","Perfected Null Arca Guards (Perfected Slivers of the Null Arca)","Perfected Null Arca Boots (Perfected Slivers of the Null Arca)","","Corpseburster Ring (Corpseburster)","Corpseburster Ring (Corpseburster)","Corpseburster Dagger (Corpseburster)","Corpseburster Dagger (Corpseburster)","The Maelstrom's Perfected Greatsword (Perfected Merciless Charge)"," ()","Blighted Blastbones","Detonating Siphon","Unnerving Boneyard","Banner Bearer","Ghostly Embrace","Flawless Dawnbreaker","Stampede","Carve","Sundering Burst","Banner Bearer","Barbed Trap","Shooting Star"
"Dreadsail Reef","Tideborn Taleria","https://www.esologs.com/reports/qv8DaXYPRVAmpjfZ#fight=33&type=summary&source=32","nil","Anonymous 32","bone-grave-herald-corpseburster-perfected-slivers-of-the-null-arca","dps","Grave","Bone","Herald","Perfected Slivers of the Null Arca","Corpseburster","239240.3","8334.6","92.0","239240.3 DPS","","Huntsman's Warmask (Huntsman's Warmask)","Perfected Null Arca Jack (Perfected Slivers of the Null Arca)","Slimecraw Arm Cops (Slimecraw)","Perfected Null Arca Bracers (Perfected Slivers of the Null Arca)","","Perfected Null Arca Guards (Perfected Slivers of the Null Arca)","Perfected Null Arca Boots (Perfected Slivers of the Null Arca)","","Corpseburster Ring (Corpseburster)","Corpseburster Ring (Corpseburster)","Corpseburster Dagger (Corpseburster)","Corpseburster Dagger (Corpseburster)","The Maelstrom's Perfected Greatsword (Perfected Merciless Charge)"," ()","Ghostly Embrace","Blighted Blastbones","Unnerving Boneyard","Detonating Siphon","Banner Bearer","Flawless Dawnbreaker","Carve","Stampede","Barbed Trap","Skeletal Archer","Banner Bearer","Shooting Star"
"Dreadsail Reef","Tideborn Taleria","https://www.esologs.com/reports/qv8DaXYPRVAmpjfZ#fight=33&type=summary&source=21","@God'sGifttoGaming","The Bøne Zone","bone-grave-herald-corpseburster-perfected-slivers-of-the-null-arca","dps","Grave","Bone","Herald","Perfected Slivers of the Null Arca","Corpseburster","280523.5","3775.2","126.2","280523.5 DPS","","Huntsman's Warmask (Huntsman's Warmask)","Perfected Null Arca Jack (Perfected Slivers of the Null Arca)","Ansuul's Perfected Arm Cops (Perfected Ansuul's Torment)","Perfected Null Arca Bracers (Perfected Slivers of the Null Arca)","","Perfected Null Arca Guards (Perfected Slivers of the Null Arca)","Perfected Null Arca Boots (Perfected Slivers of the Null Arca)","","Corpseburster Ring (Corpseburster)","Corpseburster Ring (Corpseburster)","Corpseburster Dagger (Corpseburster)","Corpseburster Dagger (Corpseburster)","The Maelstrom's Perfected Greatsword (Perfected Merciless Charge)"," ()","Detonating Siphon","Blighted Blastbones","Ghostly Embrace","Unnerving Boneyard","Banner Bearer","Flawless Dawnbreaker","Barbed Trap","Stampede","Carve","Skeletal Archer","Banner Bearer","Pummeling Goliath"
"Dreadsail Reef","Tideborn Taleria","https://www.esologs.com/reports/qv8DaXYPRVAmpjfZ#fight=33&type=summary&source=4","@FierceGamer","Doodoo Bug","bone-grave-herald-corpseburster-perfected-slivers-of-the-null-arca","dps","Grave","Bone","Herald","Perfected Slivers of the Null Arca","Corpseburster","270098.8","5389.5","134.6","270098.8 DPS","","Huntsman's Warmask (Huntsman's Warmask)","Perfected Null Arca Jack (Perfected Slivers of the Null Arca)","Zaan Arm Cops (Zaan)","Perfected Null Arca Bracers (Perfected Slivers of the Null Arca)","","Perfected Null Arca Guards (Perfected Slivers of the Null Arca)","Perfected Null Arca Boots (Perfected Slivers of the Null Arca)","","Corpseburster Ring (Corpseburster)","Corpseburster Ring (Corpseburster)","Corpseburster Dagger (Corpseburster)","Corpseburster Dagger (Corpseburster)","The Maelstrom's Perfected Greatsword (Perfected Merciless Charge)"," ()","Venom Skull","Unnerving Boneyard","Detonating Siphon","Blighted Blastbones","Banner Bearer","Flawless Dawnbreaker","Stampede","Barbed Trap","Carve","Skeletal Archer","Banner Bearer","Pummeling Goliath"
"Dreadsail Reef","Tideborn Taleria","https://www.esologs.com/reports/6nrc1YjK9fhdyBPF#fight=57&type=summary&source=17","nil","Anonymous 17","ass-shadow-siphon-aegis-caller-perfected-slivers-of-the-null-arca","dps","Ass","Shadow","Siphon","Perfected Slivers of the Null Arca","Aegis Caller","225812.0","2270.9","65.0","225812.0 DPS","","Huntsman's Warmask (Huntsman's Warmask)","Perfected Null Arca Jack (Perfected Slivers of the Null Arca)","Ansuul's Perfected Arm Cops (Perfected Ansuul's Torment)","Perfected Null Arca Bracers (Perfected Slivers of the Null Arca)","","Perfected Null Arca Guards (Perfected Slivers of the Null Arca)","Perfected Null Arca Boots (Perfected Slivers of the Null Arca)","","Aegis Caller's Ring (Aegis Caller)","Aegis Caller's Ring (Aegis Caller)","Aegis Caller's Dagger (Aegis Caller)","Aegis Caller's Dagger (Aegis Caller)","The Maelstrom's Perfected Greatsword (Perfected Merciless Charge)"," ()","Relentless Focus","Surprise Attack","Debilitate","Barbed Trap","Killer's Blade","Incapacitating Strike","Simmering Frenzy","Dark Shade","Shadowy Disguise","Carve","Stampede","Veil of Blades"
"Dreadsail Reef","Tideborn Taleria","https://www.esologs.com/reports/6nrc1YjK9fhdyBPF#fight=57&type=summary&source=11","@R.af","Raf Il","ass-shadow-siphon-aegis-caller-perfected-slivers-of-the-null-arca","dps","Ass","Shadow","Siphon","Perfected Slivers of the Null Arca","Aegis Caller","205427.2","9848.0","72.3","205427.2 DPS","","Huntsman's Warmask (Huntsman's Warmask)","Perfected Null Arca Jack (Perfected Slivers of the Null Arca)","Slimecraw Arm Cops (Slimecraw)","Perfected Null Arca Bracers (Perfected Slivers of the Null Arca)","","Perfected Null Arca Guards (Perfected Slivers of the Null Arca)","Perfected Null Arca Boots (Perfected Slivers of the Null Arca)","","Aegis Caller's Ring (Aegis Caller)","Aegis Caller's Ring (Aegis Caller)","Aegis Caller's Dagger (Aegis Caller)","Aegis Caller's Dagger (Aegis Caller)","The Maelstrom's Perfected Greatsword (Perfected Merciless Charge)"," ()","Surprise Attack","Shadowy Disguise","Debilitate","Killer's Blade","Relentless Focus","Incapacitating Strike","Stampede","Carve","Dark Shade","Barbed Trap","Ulfsild's Contingency","Veil of Blades"
"Dreadsail Reef","Tideborn Taleria","https://www.esologs.com/reports/6nrc1YjK9fhdyBPF#fight=57&type=summary&source=4","@CookieMan69","Hermiona Auditore","ass-shadow-siphon-aegis-caller-perfected-slivers-of-the-null-arca","dps","Ass","Shadow","Siphon","Perfected Slivers of the Null Arca","Aegis Caller","199606.0","1878.3","74.2","199606.0 DPS","","Huntsman's Warmask (Huntsman's Warmask)","Perfected Null Arca Jack (Perfected Slivers of the Null Arca)","Zaan Arm Cops (Zaan)","Perfected Null Arca Bracers (Perfected Slivers of the Null Arca)","","Perfected Null Arca Guards (Perfected Slivers of the Null Arca)","Perfected Null Arca Boots (Perfected Slivers of the Null Arca)","","Aegis Caller's Ring (Aegis Caller)","Aegis Caller's Ring (Aegis Caller)","Aegis Caller's Dagger (Aegis Caller)","Aegis Caller's Dagger (Aegis Caller)","The Maelstrom's Perfected Greatsword (Perfected Merciless Charge)"," ()","Surprise Attack","Killer's Blade","Shadowy Disguise","Relentless Focus","Debilitate","Incapacitating Strike","Stampede","Carve","Dark Shade","Barbed Trap","Ulfsild's Contingency","Veil of Blades"
"Dreadsail Reef","Tideborn Taleria","https://www.esologs.com/reports/6nrc1YjK9fhdyBPF#fight=57&type=summary&source=4","@CookieMan69","Hermiona Auditore","ass-shadow-siphon-aegis-caller-perfected-slivers-of-the-null-arca","dps","Ass","Shadow","Siphon","Perfected Slivers of the Null Arca","Aegis Caller","198521.7","1655.5","65.3","198521.7 DPS","","Huntsman's Warmask (Huntsman's Warmask)","Perfected Null Arca Jack (Perfected Slivers of the Null Arca)","Zaan Arm Cops (Zaan)","Perfected Null Arca Bracers (Perfected Slivers of the Null Arca)","","Perfected Null Arca Guards (Perfected Slivers of the Null Arca)","Perfected Null Arca Boots (Perfected Slivers of the Null Arca)","","Aegis Caller's Ring (Aegis Caller)","Aegis Caller's Ring (Aegis Caller)","Aegis Caller's Dagger (Aegis Caller)","Aegis Caller's Dagger (Aegis Caller)","The Maelstrom's Perfected Greatsword (Perfected Merciless Charge)"," ()","Surprise Attack","Killer's Blade","Shadowy Disguise","Relentless Focus","Debilitate","Incapacitating Strike","Stampede","Carve","Dark Shade","Barbed Trap","Ulfsild's Contingency","Veil of Blades"
"Dreadsail Reef","Tideborn Taleria","https://www.esologs.com/reports/6nrc1YjK9fhdyBPF#fight=57&type=summary&source=15","@Matrix117","Laloo hlaalu","ass-shadow-siphon-aegis-caller-perfected-slivers-of-the-null-arca","dps","Ass","Shadow","Siphon","Perfected Slivers of the Null Arca","Aegis Caller","239899.3","2585.3","82.6","239899.3 DPS","","Huntsman's Warmask (Huntsman's Warmask)","Perfected Null Arca Jack (Perfected Slivers of the Null Arca)","Slimecraw Epaulets (Slimecraw)","Perfected Null Arca Bracers (Perfected Slivers of the Null Arca)","","Perfected Null Arca Guards (Perfected Slivers of the Null Arca)","Perfected Null Arca Boots (Perfected Slivers of the Null Arca)","","Aegis Caller's Ring (Aegis Caller)","Aegis Caller's Ring (Aegis Caller)","Aegis Caller's Dagger (Aegis Caller)","Aegis Caller's Dagger (Aegis Caller)","The Maelstrom's Perfected Greatsword (Perfected Merciless Charge)"," ()","Debilitate","Relentless Focus","Surprise Attack","Shadowy Disguise","Killer's Blade","Incapacitating Strike","Barbed Trap","Stampede","Carve","Ulfsild's Contingency","Dark Shade","Veil of Blades"
"Dreadsail Reef","Tideborn Taleria","https://www.esologs.com/reports/6nrc1YjK9fhdyBPF#fight=57&type=summary&source=1","@SavageAudacity","Adrenalinized","ass-shadow-siphon-aegis-caller-perfected-slivers-of-the-null-arca","dps","Ass","Shadow","Siphon","Perfected Slivers of the Null Arca","Aegis Caller","237279.1","2033.1","83.6","237279.1 DPS","","Huntsman's Warmask (Huntsman's Warmask)","Perfected Null Arca Jack (Perfected Slivers of the Null Arca)","Slimecraw Epaulets (Slimecraw)","Perfected Null Arca Bracers (Perfected Slivers of the Null Arca)","","Perfected Null Arca Guards (Perfected Slivers of the Null Arca)","Perfected Null Arca Boots (Perfected Slivers of the Null Arca)","","Aegis Caller's Ring (Aegis Caller)","Aegis Caller's Ring (Aegis Caller)","Aegis Caller's Dagger (Aegis Caller)","Aegis Caller's Dagger (Aegis Caller)","The Maelstrom's Perfected Greatsword (Perfected Merciless Charge)"," ()","Surprise Attack","Shadowy Disguise","Killer's Blade","Debilitate","Relentless Focus","Incapacitating Strike","Scalding Rune","Stampede","Ulfsild's Contingency","Dark Shade","Barbed Trap","Veil of Blades"
"Dreadsail Reef","Tideborn Taleria","https://www.esologs.com/reports/6nrc1YjK9fhdyBPF#fight=57&type=summary&source=5","@BlackFlameee","Yoruichi Mami","ass-shadow-siphon-aegis-caller-perfected-slivers-of-the-null-arca","dps","Ass","Shadow","Siphon","Perfected Slivers of the Null Arca","Aegis Caller","222111.8","3067.7","88.3","222111.8 DPS","","Huntsman's Warmask (Huntsman's Warmask)","Perfected Null Arca Jack (Perfected Slivers of the Null Arca)","Slimecraw Epaulets (Slimecraw)","Perfected Null Arca Bracers (Perfected Slivers of the Null Arca)","","Perfected Null Arca Guards (Perfected Slivers of the Null Arca)","Perfected Null Arca Boots (Perfected Slivers of the Null Arca)","","Aegis Caller's Ring (Aegis Caller)","Aegis Caller's Ring (Aegis Caller)","Aegis Caller's Dagger (Aegis Caller)","Aegis Caller's Dagger (Aegis Caller)","The Maelstrom's Perfected Greatsword (Perfected Merciless Charge)"," ()","Surprise Attack","Killer's Blade","Relentless Focus","Shadowy Disguise","Debilitate","Incapacitating Strike","Stampede","Carve","Barbed Trap","Dark Shade","Ulfsild's Contingency","Veil of Blades"
"Dreadsail Reef","Tideborn Taleria","https://www.esologs.com/reports/6nrc1YjK9fhdyBPF#fight=57&type=summary&source=8","@YellowPain60","Mean Egg","ass-shadow-siphon-aegis-caller-perfected-slivers-of-the-null-arca","dps","Ass","Shadow","Siphon","Perfected Slivers of the Null Arca","Aegis Caller","228729.5","1529.1","79.1","228729.5 DPS","","Huntsman's Warmask (Huntsman's Warmask)","Perfected Null Arca Jack (Perfected Slivers of the Null Arca)","Slimecraw Epaulets (Slimecraw)","Perfected Null Arca Bracers (Perfected Slivers of the Null Arca)","","Perfected Null Arca Guards (Perfected Slivers of the Null Arca)","Perfected Null Arca Boots (Perfected Slivers of the Null Arca)","","Aegis Caller's Ring (Aegis Caller)","Aegis Caller's Ring (Aegis Caller)","Aegis Caller's Dagger (Aegis Caller)","Aegis Caller's Dagger (Aegis Caller)","The Maelstrom's Perfected Greatsword (Perfected Merciless Charge)"," ()","Surprise Attack","Relentless Focus","Killer's Blade","Debilitate","Shadowy Disguise","Incapacitating Strike","Barbed Trap","Stampede","Carve","Dark Shade","Ulfsild's Contingency","Ice Comet"
"Dreadsail Reef","Tideborn Taleria","https://www.esologs.com/reports/6nrc1YjK9fhdyBPF#fight=57&type=summary&source=5","@Tonjeel","Infinity's Blade","ass-shadow-siphon-aegis-caller-perfected-slivers-of-the-null-arca","dps","Ass","Shadow","Siphon","Perfected Slivers of the Null Arca","Aegis Caller","246017.8","3682.0","91.4","246017.8 DPS","","Huntsman's Warmask (Huntsman's Warmask)","Perfected Null Arca Jack (Perfected Slivers of the Null Arca)","Slimecraw Epaulets (Slimecraw)","Perfected Null Arca Bracers (Perfected Slivers of the Null Arca)","","Perfected Null Arca Guards (Perfected Slivers of the Null Arca)","Perfected Null Arca Boots (Perfected Slivers of the Null Arca)","","Aegis Caller's Ring (Aegis Caller)","Aegis Caller's Ring (Aegis Caller)","Aegis Caller's Dagger (Aegis Caller)","Aegis Caller's Dagger (Aegis Caller)","The Maelstrom's Perfected Greatsword (Perfected Merciless Charge)"," ()","Relentless Focus","Killer's Blade","Debilitate","Surprise Attack","Shadowy Disguise","Incapacitating Strike","Stampede","Carve","Barbed Trap","Siphoning Attacks","Dark Shade","Veil of Blades"
"Dreadsail Reef","Tideborn Taleria","https://www.esologs.com/reports/qv8DaXYPRVAmpjfZ#fight=33&type=summary&source=8","@Asthrae","Irath Dayer","bone-grave-x-corpseburster-perfected-slivers-of-the-null-arca","dps","Grave","Bone","x","Perfected Slivers of the Null Arca","Corpseburster","286352.4","3052.4","124.9","286352.4 DPS","The Thief","Huntsman's Warmask (Huntsman's Warmask)","Perfected Null Arca Jack (Perfected Slivers of the Null Arca)","Slimecraw Arm Cops (Slimecraw)","Perfected Null Arca Bracers (Perfected Slivers of the Null Arca)","","Perfected Null Arca Guards (Perfected Slivers of the Null Arca)","Perfected Null Arca Boots (Perfected Slivers of the Null Arca)","","Corpseburster Ring (Corpseburster)","Corpseburster Ring (Corpseburster)","Corpseburster Dagger (Corpseburster)","Corpseburster Dagger (Corpseburster)","The Maelstrom's Perfected Greatsword (Perfected Merciless Charge)"," ()","Venom Skull","Detonating Siphon","Blighted Blastbones","Unnerving Boneyard","Banner Bearer","Flawless Dawnbreaker","Barbed Trap","Stampede","Skeletal Arcanist","Simmering Frenzy","Banner Bearer","Pummeling Goliath"
"Dreadsail Reef","Tideborn Taleria","https://www.esologs.com/reports/qv8DaXYPRVAmpjfZ#fight=33&type=summary&source=6","@Carnego","Cârnegô","bone-grave-x-corpseburster-perfected-slivers-of-the-null-arca","dps","Grave","Bone","x","Perfected Slivers of the Null Arca","Corpseburster","241465.5","3983.5","86.4","241465.5 DPS","","Huntsman's Warmask (Huntsman's Warmask)","Perfected Null Arca Jack (Perfected Slivers of the Null Arca)","Slimecraw Arm Cops (Slimecraw)","Perfected Null Arca Bracers (Perfected Slivers of the Null Arca)","","Perfected Null Arca Guards (Perfected Slivers of the Null Arca)","Perfected Null Arca Boots (Perfected Slivers of the Null Arca)","","Corpseburster Ring (Corpseburster)","Corpseburster Ring (Corpseburster)","Corpseburster Dagger (Corpseburster)","Corpseburster Dagger (Corpseburster)","The Maelstrom's Perfected Greatsword (Perfected Merciless Charge)"," ()","Blighted Blastbones","Unnerving Boneyard","Ghostly Embrace","Detonating Siphon","Banner Bearer","Flawless Dawnbreaker","Barbed Trap","Anti-Cavalry Caltrops","Stampede","Skeletal Arcanist","Banner Bearer","Shooting Star"
"Dreadsail Reef","Tideborn Taleria","https://www.esologs.com/reports/qv8DaXYPRVAmpjfZ#fight=33&type=summary&source=1","@Rare_Form","Poison ivyola","bone-grave-x-corpseburster-perfected-slivers-of-the-null-arca","dps","Grave","Bone","x","Perfected Slivers of the Null Arca","Corpseburster","191710.1","3036.3","111.1","191710.1 DPS","","Huntsman's Warmask (Huntsman's Warmask)","Perfected Null Arca Jack (Perfected Slivers of the Null Arca)","Slimecraw Arm Cops (Slimecraw)","Perfected Null Arca Bracers (Perfected Slivers of the Null Arca)","","Perfected Null Arca Guards (Perfected Slivers of the Null Arca)","Perfected Null Arca Boots (Perfected Slivers of the Null Arca)","","Corpseburster Ring (Corpseburster)","Corpseburster Ring (Corpseburster)","Corpseburster Dagger (Corpseburster)","Corpseburster Dagger (Corpseburster)","The Maelstrom's Perfected Greatsword (Perfected Merciless Charge)"," ()","Detonating Siphon","Blighted Blastbones","Banner Bearer","Ghostly Embrace","Venom Skull","Shooting Star","Stampede","Anti-Cavalry Caltrops","Banner Bearer","Barbed Trap","Unnerving Boneyard","Pummeling Goliath"
"Dreadsail Reef","Tideborn Taleria","https://www.esologs.com/reports/qv8DaXYPRVAmpjfZ#fight=33&type=summary&source=2","@japans_ninja","Akumanzo","bone-grave-x-corpseburster-perfected-slivers-of-the-null-arca","dps","Grave","Bone","x","Perfected Slivers of the Null Arca","Corpseburster","229061.5","6737.7","106.2","229061.5 DPS","","Slimecraw Guise (Slimecraw)","Perfected Null Arca Jack (Perfected Slivers of the Null Arca)","Corpseburster Arm Cops (Corpseburster)","Perfected Null Arca Bracers (Perfected Slivers of the Null Arca)","","Perfected Null Arca Guards (Perfected Slivers of the Null Arca)","Perfected Null Arca Boots (Perfected Slivers of the Null Arca)","","Corpseburster Ring (Corpseburster)","Corpseburster Ring (Corpseburster)","Corpseburster Dagger (Corpseburster)","Corpseburster Dagger (Corpseburster)","The Maelstrom's Perfected Greatsword (Perfected Merciless Charge)"," ()","Detonating Siphon","Venom Skull","Unnerving Boneyard","Banner Bearer","Blighted Blastbones","Flawless Dawnbreaker","Ulfsild's Contingency","Stampede","Skeletal Arcanist","Banner Bearer","Barbed Trap","Pummeling Goliath"
"Dreadsail Reef","Tideborn Taleria","https://www.esologs.com/reports/qv8DaXYPRVAmpjfZ#fight=33&type=summary&source=8","@DeFyLegends","Mike Olasus","bone-grave-x-corpseburster-perfected-slivers-of-the-null-arca","dps","Grave","Bone","x","Corpseburster","Perfected Slivers of the Null Arca","228195.2","6319.4","96.0","228195.2 DPS","","Huntsman's Warmask (Huntsman's Warmask)","Perfected Null Arca Jack (Perfected Slivers of the Null Arca)","Corpseburster Arm Cops (Corpseburster)","Perfected Null Arca Bracers (Perfected Slivers of the Null Arca)","","Perfected Null Arca Guards (Perfected Slivers of the Null Arca)","Perfected Null Arca Boots (Perfected Slivers of the Null Arca)","","Corpseburster Ring (Corpseburster)","Corpseburster Ring (Corpseburster)","Corpseburster Dagger (Corpseburster)","Corpseburster Dagger (Corpseburster)","The Maelstrom's Perfected Greatsword (Perfected Merciless Charge)"," ()","Venom Skull","Unnerving Boneyard","Banner Bearer","Blighted Blastbones","Detonating Siphon","Dawnbreaker of Smiting","Stampede","Ulfsild's Contingency","Skeletal Arcanist","Banner Bearer","Barbed Trap","Pummeling Goliath"
"Dreadsail Reef","Tideborn Taleria","https://www.esologs.com/reports/6BayfvYFXpTdmVW3#fight=33&type=summary&source=11","@lina_inverse972","spank-with-scrolls","curative-herald-soldier-master-architect-powerful-assault","healer","Herald","Curative","Soldier","Master Architect","Powerful Assault","17134.9","92624.6","57.0","92624.6 HPS","The Atronach","Ozezan the Inferno's Guise (Ozezan the Inferno)","Master Architect Robe (Master Architect)","Ozezan the Inferno's Epaulets (Ozezan the Inferno)","Bracers of the Powerful Assault (Powerful Assault)","","Master Architect Breeches (Master Architect)","Master Architect Shoes (Master Architect)","","Death Dealer's Fete (Death Dealer's Fete)","Ring of the Powerful Assault (Powerful Assault)","Restoration Staff of the Powerful Assault (Powerful Assault)"," ()","Master Architect Lightning Staff (Master Architect)"," ()","Tidal Chakram","Combat Prayer","Echoing Vigor","Illustrious Healing","Radiating Regeneration","Reviving Barrier","Elemental Blockade","Fulminating Rune","Mystic Orb","Cruxweaver Armor","Overflowing Altar","Resonating Glyphic"
"Dreadsail Reef","Tideborn Taleria","https://www.esologs.com/reports/6BayfvYFXpTdmVW3#fight=33&type=summary&source=9","@lina_inverse972","spank-with-scrolls","curative-herald-soldier-master-architect-powerful-assault","healer","Herald","Curative","Soldier","Master Architect","Powerful Assault","14667.2","95023.5","59.5","95023.5 HPS","","Ozezan the Inferno's Guise (Ozezan the Inferno)","Master Architect Robe (Master Architect)","Ozezan the Inferno's Epaulets (Ozezan the Inferno)","Bracers of the Powerful Assault (Powerful Assault)","","Master Architect Breeches (Master Architect)","Master Architect Shoes (Master Architect)","","Death Dealer's Fete (Death Dealer's Fete)","Ring of the Powerful Assault (Powerful Assault)","Restoration Staff of the Powerful Assault (Powerful Assault)"," ()","Master Architect Lightning Staff (Master Architect)"," ()","Tidal Chakram","Combat Prayer","Echoing Vigor","Illustrious Healing","Radiating Regeneration","Reviving Barrier","Elemental Blockade","Fulminating Rune","Mystic Orb","Cruxweaver Armor","Overflowing Altar","Resonating Glyphic"
"Dreadsail Reef","Tideborn Taleria","https://www.esologs.com/reports/6BayfvYFXpTdmVW3#fight=33&type=summary&source=2","@Its_Ardy","Arrdcanist","curative-herald-soldier-master-architect-powerful-assault","healer","Herald","Curative","Soldier","Master Architect","Powerful Assault","14266.9","82340.8","69.6","82340.8 HPS","","Magma Incarnate Mask (Magma Incarnate)","Master Architect Robe (Master Architect)","Spaulder of Ruin (Spaulder of Ruin)","Master Architect Gloves (Master Architect)","","Master Architect Breeches (Master Architect)","Master Architect Shoes (Master Architect)","","Ring of the Powerful Assault (Powerful Assault)","Ring of the Powerful Assault (Powerful Assault)","The Master's Perfected Restoration Staff (Perfected Grand Rejuvenation)"," ()","Sword of the Powerful Assault (Powerful Assault)","Sword of the Powerful Assault (Powerful Assault)","Illustrious Healing","Radiating Regeneration","Combat Prayer","Tidal Chakram","Fulminating Rune","Reviving Barrier","Shattering Knife","Mystic Orb","Echoing Vigor","Cruxweaver Armor","Rune of the Colorless Pool","Resonating Glyphic"
"Dreadsail Reef","Tideborn Taleria","https://www.esologs.com/reports/6BayfvYFXpTdmVW3#fight=33&type=summary&source=1","@NeruKodoka","The Unforgiven Il","curative-herald-soldier-master-architect-powerful-assault","healer","Herald","Curative","Soldier","Master Architect","Powerful Assault","8186.6","104837.1","91.1","104837.1 HPS","","Symphony of Blades Guise (Symphony of Blades)","Jack of the Powerful Assault (Powerful Assault)","Symphony of Blades Epaulets (Symphony of Blades)","Master Architect Gloves (Master Architect)","","Master Architect Breeches (Master Architect)","Master Architect Shoes (Master Architect)","","Ring of the Powerful Assault (Powerful Assault)","Ring of the Powerful Assault (Powerful Assault)","Restoration Staff of the Powerful Assault (Powerful Assault)"," ()","Master Architect Restoration Staff (Master Architect)"," ()","Illustrious Healing","Combat Prayer","Radiating Regeneration","Echoing Vigor","Revealing Flare","Gibbering Shelter","Energy Orb","Cruxweaver Armor","Fulminating Rune","Overflowing Altar","Recuperative Treatise","Resonating Glyphic"
"Dreadsail Reef","Tideborn Taleria","https://www.esologs.com/reports/6BayfvYFXpTdmVW3#fight=33&type=summary&source=10","@JacobWasTake'n","Ro Jogan","animal-green-winter-perfected-pillagers-profit-serpents-disdain","tank","Animal","Green","Winter","Serpent's Disdain","Perfected Pillager's Profit","21968.9","30210.9","50.6","50.6 CPM","","Nazaray Visage (Nazaray)","Cuirass of Serpent's Disdain (Serpent's Disdain)","Nazaray Arm Cops (Nazaray)","Gauntlets of Serpent's Disdain (Serpent's Disdain)","","Greaves of Serpent's Disdain (Serpent's Disdain)","Sabatons of Serpent's Disdain (Serpent's Disdain)","","Perfected Pillager's Band (Perfected Pillager's Profit)","Perfected Pillager's Band (Perfected Pillager's Profit)","Perfected Pillager's Dagger (Perfected Pillager's Profit)","Perfected Pillager's Dagger (Perfected Pillager's Profit)","The Maelstrom's Perfected Ice Staff (Perfected Crushing Wall)"," ()","Polar Wind","Magic Knife","Exhilarating Drain","Inner Rage","Revealing Flare","Reviving Barrier","Budding Seeds","Elemental Blockade","Expansive Frost Cloak","Elemental Susceptibility","Winter's Revenge","Eternal Guardian"
"Dreadsail Reef","Tideborn Taleria","https://www.esologs.com/reports/6BayfvYFXpTdmVW3#fight=33&type=summary&source=12","@Gopher07","Zipzickzibclibbziipzadiff","animal-green-winter-perfected-pillagers-profit-serpents-disdain","tank","Animal","Green","Winter","Serpent's Disdain","Perfected Pillager's Profit","26015.1","34002.9","69.6","69.6 CPM","The Atronach","Nazaray Mask (Nazaray)","Cuirass of Serpent's Disdain (Serpent's Disdain)","Nazaray Epaulets (Nazaray)","Gauntlets of Serpent's Disdain (Serpent's Disdain)","","Greaves of Serpent's Disdain (Serpent's Disdain)","Sabatons of Serpent's Disdain (Serpent's Disdain)","","Perfected Pillager's Band (Perfected Pillager's Profit)","Perfected Pillager's Band (Perfected Pillager's Profit)","Blackrose Perfected Dagger (Perfected Spectral Cloak)","Blackrose Perfected Dagger (Perfected Spectral Cloak)","Perfected Pillager's Ice Staff (Perfected Pillager's Profit)"," ()","Inner Rage","Polar Wind","Magic Knife","Quick Cloak","Expansive Frost Cloak","Feral Guardian","Bull Netch","Elemental Blockade","Budding Seeds","Elemental Susceptibility","Charging Maneuver","Reviving Barrier"
"Dreadsail Reef","Tideborn Taleria","https://www.esologs.com/reports/6BayfvYFXpTdmVW3#fight=33&type=summary&source=17","@Caedran","Lisbeth ar Brizh","animal-green-winter-perfected-pillagers-profit-serpents-disdain","healer","Animal","Green","Winter","Serpent's Disdain","Perfected Pillager's Profit","12696.2","78257.6","67.0","78257.6 HPS","","Nazaray Mask (Nazaray)","Robe of Serpent's Disdain (Serpent's Disdain)","Nazaray Epaulets (Nazaray)","Perfected Pillager's Gloves (Perfected Pillager's Profit)","","Perfected Pillager's Breeches (Perfected Pillager's Profit)","Shoes of Serpent's Disdain (Serpent's Disdain)","","Ring of Serpent's Disdain (Serpent's Disdain)","Perfected Pillager's Band (Perfected Pillager's Profit)","The Master's Perfected Restoration Staff (Perfected Grand Rejuvenation)"," ()","Perfected Pillager's Lightning Staff (Perfected Pillager's Profit)"," ()","Combat Prayer","Illustrious Healing","Budding Seeds","Warding Burst","Expansive Frost Cloak","Wild Guardian","Elemental Blockade","Elemental Susceptibility","Echoing Vigor","Mystic Orb","Overflowing Altar","Aggressive Horn"
"Dreadsail Reef","Tideborn Taleria","https://www.esologs.com/reports/6BayfvYFXpTdmVW3#fight=33&type=summary&source=6","@Wörtschel","Luna Cherryblossom","dawn-resto-x-master-architect-way-of-martial-knowledge","healer","Dawn","Resto","x","Way of Martial Knowledge","Master Architect","25416.7","83601.1","65.1","83601.1 HPS","The Ritual","Magma Incarnate Mask (Magma Incarnate)","Jerkin of Martial Knowledge (Way of Martial Knowledge)","Spaulder of Ruin (Spaulder of Ruin)","Gloves of Martial Knowledge (Way of Martial Knowledge)","","Breeches of Martial Knowledge (Way of Martial Knowledge)","Shoes of Martial Knowledge (Way of Martial Knowledge)","","Master Architect Ring (Master Architect)","Master Architect Ring (Master Architect)","The Master's Perfected Restoration Staff (Perfected Grand Rejuvenation)"," ()","Master Architect Sword (Master Architect)","Master Architect Sword (Master Architect)","Illustrious Healing","Combat Prayer","Radiating Regeneration","Mystic Orb","Purifying Light","Reviving Barrier","Radiant Aura","Magic Knife","Extended Ritual","Echoing Vigor","Ring of Preservation","Aggressive Horn"
"Dreadsail Reef","Tideborn Taleria","https://www.esologs.com/reports/6BayfvYFXpTdmVW3#fight=33&type=summary&source=6","@Wörtschel","Luna Cherryblossom","dawn-resto-x-master-architect-way-of-martial-knowledge","healer","Dawn","Resto","x","Way of Martial Knowledge","Master Architect","24621.8","85492.1","63.7","85492.1 HPS","","Magma Incarnate Mask (Magma Incarnate)","Jerkin of Martial Knowledge (Way of Martial Knowledge)","Spaulder of Ruin (Spaulder of Ruin)","Gloves of Martial Knowledge (Way of Martial Knowledge)","","Breeches of Martial Knowledge (Way of Martial Knowledge)","Shoes of Martial Knowledge (Way of Martial Knowledge)","","Master Architect Ring (Master Architect)","Master Architect Ring (Master Architect)","The Master's Perfected Restoration Staff (Perfected Grand Rejuvenation)"," ()","Master Architect Sword (Master Architect)","Master Architect Sword (Master Architect)","Illustrious Healing","Combat Prayer","Radiating Regeneration","Mystic Orb","Purifying Light","Reviving Barrier","Radiant Aura","Magic Knife","Extended Ritual","Echoing Vigor","Ring of Preservation","Aggressive Horn"
"Dreadsail Reef","Tideborn Taleria","https://www.esologs.com/reports/6BayfvYFXpTdmVW3#fight=33&type=summary&source=2","@xZephyria","Alina the Sunkiller","dawn-resto-x-master-architect-way-of-martial-knowledge","healer","Dawn","Resto","x","Way of Martial Knowledge","Master Architect","20172.3","127098.5","68.6","127098.5 HPS","","Ozezan the Inferno's Guise (Ozezan the Inferno)","Robe of Martial Knowledge (Way of Martial Knowledge)","Ozezan the Inferno's Epaulets (Ozezan the Inferno)","Gloves of Martial Knowledge (Way of Martial Knowledge)","","Breeches of Martial Knowledge (Way of Martial Knowledge)","Shoes of Martial Knowledge (Way of Martial Knowledge)","","Master Architect Ring (Master Architect)","Master Architect Ring (Master Architect)","The Master's Perfected Restoration Staff (Perfected Grand Rejuvenation)"," ()","Master Architect Sword (Master Architect)","Master Architect Sword (Master Architect)","Illustrious Healing","Radiating Regeneration","Combat Prayer","Purifying Light","Echoing Vigor","Reviving Barrier","Extended Ritual","Shattering Knife","Radiant Aura","Overflowing Altar","Mystic Orb","Reviving Barrier"
"Dreadsail Reef","Tideborn Taleria","https://www.esologs.com/reports/2r7fAw6Y1XBy8qhx#fight=82&type=summary&source=5","@lulzzyy","Faragon Knight","earthen-x-x-perfected-pearlescent-ward-stonehulk-domination","tank","Earthen","x","x","Perfected Pearlescent Ward","Stonehulk Domination","12332.6","8664.7","63.1","63.1 CPM","","Nazaray Visage (Nazaray)","Stonehulk Domination Cuirass (Stonehulk Domination)","Nazaray Pauldron (Nazaray)","Stonehulk Domination Gauntlets (Stonehulk Domination)","","Stonehulk Domination Greaves (Stonehulk Domination)","Stonehulk Domination Sabatons (Stonehulk Domination)","","Perfected Pearlescent Ring (Perfected Pearlescent Ward)","Perfected Pearlescent Ring (Perfected Pearlescent Ward)","Perfected Pearlescent Ice Staff (Perfected Pearlescent Ward)"," ()","Perfected Pearlescent Ice Staff (Perfected Pearlescent Ward)"," ()","Heart of Flame","Leashing Soul","Magma Fist","Inner Rage","Ulfsild's Contingency","Reviving Barrier","Elemental Blockade","Earthshield Mantle","Fire Keeper","Elemental Susceptibility","Igneous Weapons","Aggressive Horn"
"Dreadsail Reef","Tideborn Taleria","https://www.esologs.com/reports/2r7fAw6Y1XBy8qhx#fight=82&type=summary&source=10","@Secilina","Septic The Tank","earthen-x-x-perfected-pearlescent-ward-stonehulk-domination","tank","Earthen","x","x","Perfected Pearlescent Ward","Stonehulk Domination","20690.8","9679.0","62.3","62.3 CPM","The Thief","Archdruid Devyric's Mask (Archdruid Devyric)","Perfected Pearlescent Cuirass (Perfected Pearlescent Ward)","Archdruid Devyric's Epaulets (Archdruid Devyric)","Perfected Pearlescent Gauntlets (Perfected Pearlescent Ward)","","Perfected Pearlescent Greaves (Perfected Pearlescent Ward)","Perfected Pearlescent Sabatons (Perfected Pearlescent Ward)","","Stonehulk Domination Ring (Stonehulk Domination)","Stonehulk Domination Ring (Stonehulk Domination)","Blackrose Perfected Dagger (Perfected Spectral Cloak)","Blackrose Perfected Dagger (Perfected Spectral Cloak)","Stonehulk Domination Ice Staff (Stonehulk Domination)"," ()","Leashing Soul","Blood of the Green Dragon","Shattering Knife","Quick Cloak","Igneous Shield","Reviving Barrier","Chains of Dominance","Hearth and Home","Elemental Blockade","Inner Rage","Igneous Weapons","Aggressive Horn"
"Dreadsail Reef","Tideborn Taleria","https://www.esologs.com/reports/2r7fAw6Y1XBy8qhx#fight=82&type=summary&source=4","@KittyKeta","Cats are the best","dawn-resto-x-powerful-assault-way-of-martial-knowledge","healer","Dawn","Resto","x","Powerful Assault","Way of Martial Knowledge","11281.5","75883.7","67.4","75883.7 HPS","","Ozezan the Inferno's Mask (Ozezan the Inferno)","Robe of Martial Knowledge (Way of Martial Knowledge)","Ozezan the Inferno's Epaulets (Ozezan the Inferno)","Gloves of Martial Knowledge (Way of Martial Knowledge)","","Breeches of Martial Knowledge (Way of Martial Knowledge)","Shoes of Martial Knowledge (Way of Martial Knowledge)","","Ring of the Powerful Assault (Powerful Assault)","Ring of the Powerful Assault (Powerful Assault)","Restoration Staff of the Powerful Assault (Powerful Assault)"," ()","Lightning Staff of the Powerful Assault (Powerful Assault)"," ()","Combat Prayer","Purifying Light","Radiating Regeneration","Illustrious Healing","Ring of Preservation","Reviving Barrier","Echoing Vigor","Extended Ritual","Elemental Blockade","Overflowing Altar","Radiant Aura","Aggressive Horn"
"Dreadsail Reef","Tideborn Taleria","https://www.esologs.com/reports/2r7fAw6Y1XBy8qhx#fight=82&type=summary&source=6","@varitasurby","Hae-Ei","dawn-resto-x-powerful-assault-way-of-martial-knowledge","healer","Dawn","Resto","x","Way of Martial Knowledge","Powerful Assault","22508.0","106334.6","70.0","106334.6 HPS","The Thief","Ozezan the Inferno's Guise (Ozezan the Inferno)","Cryptcanon Vestments (Cryptcanon Vestments)","Ozezan the Inferno's Epaulets (Ozezan the Inferno)","Gloves of Martial Knowledge (Way of Martial Knowledge)","","Breeches of Martial Knowledge (Way of Martial Knowledge)","Shoes of Martial Knowledge (Way of Martial Knowledge)","","Ring of the Powerful Assault (Powerful Assault)","Ring of the Powerful Assault (Powerful Assault)","Restoration Staff of Martial Knowledge (Way of Martial Knowledge)"," ()","Lightning Staff of the Powerful Assault (Powerful Assault)"," ()","Combat Prayer","Illustrious Healing","Purifying Light","Radiating Regeneration","Radiant Aura","Flawless Dawnbreaker","Ring of Preservation","Elemental Blockade","Extended Ritual","Overflowing Altar","Echoing Vigor","Aggressive Horn"
"Dreadsail Reef","Tideborn Taleria","https://www.esologs.com/reports/6BayfvYFXpTdmVW3#fight=33&type=summary&source=12","@zolgiac","Zapzapzapzapzapzapzapzap","daedric-storm-x-perfected-pearlescent-ward-the-morag-tong","tank","Daedric","Storm","x","The Morag Tong","Perfected Pearlescent Ward","13342.4","12773.9","86.6","86.6 CPM","The Atronach","Lord Warden Dusk's Mask (Lord Warden)","Cryptcanon Vestments (Cryptcanon Vestments)","Perfected Pearlescent Pauldrons (Perfected Pearlescent Ward)","Perfected Pearlescent Gauntlets (Perfected Pearlescent Ward)","","Perfected Pearlescent Greaves (Perfected Pearlescent Ward)","Perfected Pearlescent Sabatons (Perfected Pearlescent Ward)","","Ring of the Morag Tong (The Morag Tong)","Ring of the Morag Tong (The Morag Tong)","Ice Staff of the Morag Tong (The Morag Tong)"," ()","Ice Staff of the Morag Tong (The Morag Tong)"," ()","Inner Rage","Leashing Soul","Lingering Flare","Hardened Ward","Vibrant Shroud","Reviving Barrier","Hurricane","Liquid Lightning","Elemental Susceptibility","Elemental Blockade","Bound Aegis","Reviving Barrier"
"Dreadsail Reef","Tideborn Taleria","https://www.esologs.com/reports/6BayfvYFXpTdmVW3#fight=33&type=summary&source=11","@zolgiac","Zapzapzapzapzapzapzapzap","daedric-storm-x-perfected-pearlescent-ward-the-morag-tong","tank","Daedric","Storm","x","The Morag Tong","Perfected Pearlescent Ward","12959.0","17428.7","86.0","86.0 CPM","","Lord Warden Dusk's Mask (Lord Warden)","Cryptcanon Vestments (Cryptcanon Vestments)","Perfected Pearlescent Pauldrons (Perfected Pearlescent Ward)","Perfected Pearlescent Gauntlets (Perfected Pearlescent Ward)","","Perfected Pearlescent Greaves (Perfected Pearlescent Ward)","Perfected Pearlescent Sabatons (Perfected Pearlescent Ward)","","Ring of the Morag Tong (The Morag Tong)","Ring of the Morag Tong (The Morag Tong)","Ice Staff of the Morag Tong (The Morag Tong)"," ()","Ice Staff of the Morag Tong (The Morag Tong)"," ()","Inner Rage","Leashing Soul","Lingering Flare","Hardened Ward","Vibrant Shroud","Reviving Barrier","Hurricane","Liquid Lightning","Elemental Susceptibility","Elemental Blockade","Bound Aegis","Reviving Barrier"
"Dreadsail Reef","Trash Builds","https://www.esologs.com/reports/D4jC3H8Yx6TKmWNR#fight=80&type=summary&source=6","@Melina_nyu","Crolina'nyu","bone-grave-x-corpseburster-perfected-sul-xans-torment","dps","Grave","Bone","x","Perfected Sul-Xan's Torment","Corpseburster","49508.0","409.1","70.4","49508.0 DPS","","Perfected Helmet of Sul-Xan's Torment (Perfected Sul-Xan's Torment)","Perfected Jack of Sul-Xan's Torment (Perfected Sul-Xan's Torment)","Slimecraw Arm Cops (Slimecraw)","Perfected Bracers of Sul-Xan's Torment (Perfected Sul-Xan's Torment)","","Corpseburster Guards (Corpseburster)","Perfected Boots of Sul-Xan's Torment (Perfected Sul-Xan's Torment)","","Corpseburster Ring (Corpseburster)","Corpseburster Ring (Corpseburster)","Corpseburster Dagger (Corpseburster)","Corpseburster Dagger (Corpseburster)","The Maelstrom's Perfected Inferno Staff (Perfected Crushing Wall)"," ()","Whirling Blades","Quick Cloak","Camouflaged Hunter","Shocking Banner (Class Flourish / Courage)","Detonating Siphon","Flawless Dawnbreaker","Blighted Blastbones","Necrotic Potency","Shocking Banner (Class Flourish / Courage)","Skeletal Archer","Blockade of Fire","Pestilent Colossus"
"Dreadsail Reef","Trash Builds","https://www.esologs.com/reports/D4jC3H8Yx6TKmWNR#fight=80&type=summary&source=6","@Melina_nyu","Crolina'nyu","bone-grave-x-corpseburster-perfected-sul-xans-torment","dps","Grave","Bone","x","Perfected Sul-Xan's Torment","Corpseburster","205195.9","1059.4","58.8","205195.9 DPS","","Perfected Helmet of Sul-Xan's Torment (Perfected Sul-Xan's Torment)","Perfected Jack of Sul-Xan's Torment (Perfected Sul-Xan's Torment)","Slimecraw Arm Cops (Slimecraw)","Perfected Bracers of Sul-Xan's Torment (Perfected Sul-Xan's Torment)","","Corpseburster Guards (Corpseburster)","Perfected Boots of Sul-Xan's Torment (Perfected Sul-Xan's Torment)","","Corpseburster Ring (Corpseburster)","Corpseburster Ring (Corpseburster)","Corpseburster Dagger (Corpseburster)","Corpseburster Dagger (Corpseburster)","The Maelstrom's Perfected Inferno Staff (Perfected Crushing Wall)"," ()","Whirling Blades","Quick Cloak","Camouflaged Hunter","Shocking Banner (Class Flourish / Courage)","Detonating Siphon","Flawless Dawnbreaker","Blighted Blastbones","Necrotic Potency","Shocking Banner (Class Flourish / Courage)","Skeletal Archer","Blockade of Fire","Pestilent Colossus"
"Dreadsail Reef","Trash Builds","https://www.esologs.com/reports/D4jC3H8Yx6TKmWNR#fight=80&type=summary&source=9","@Ralf_17","Näshandra","bone-grave-x-corpseburster-perfected-sul-xans-torment","dps","Grave","Bone","x","Corpseburster","Perfected Sul-Xan's Torment","162480.0","272.8","32.1","162480.0 DPS","","Corpseburster Helmet (Corpseburster)","Perfected Jack of Sul-Xan's Torment (Perfected Sul-Xan's Torment)","Slimecraw Arm Cops (Slimecraw)","Perfected Bracers of Sul-Xan's Torment (Perfected Sul-Xan's Torment)","","Perfected Guards of Sul-Xan's Torment (Perfected Sul-Xan's Torment)","Perfected Boots of Sul-Xan's Torment (Perfected Sul-Xan's Torment)","","Corpseburster Ring (Corpseburster)","Corpseburster Ring (Corpseburster)","Corpseburster Dagger (Corpseburster)","Corpseburster Dagger (Corpseburster)","The Maelstrom's Perfected Inferno Staff (Perfected Crushing Wall)"," ()","Whirling Blades","Camouflaged Hunter","Ghostly Embrace","Quick Cloak","Detonating Siphon","Thrive in Chaos","Anti-Cavalry Caltrops","Proximity Detonation","Elemental Blockade","Blighted Blastbones","Skeletal Archer","Shooting Star"
"Dreadsail Reef","Trash Builds","https://www.esologs.com/reports/D4jC3H8Yx6TKmWNR#fight=80&type=summary&source=6","@LeopardoColorido","Jimim do Dps","bone-grave-x-corpseburster-perfected-sul-xans-torment","dps","Grave","Bone","x","Perfected Sul-Xan's Torment","Corpseburster","146285.1","29569.2","20.0","146285.1 DPS","","Zaan Guise (Zaan)","Perfected Jack of Sul-Xan's Torment (Perfected Sul-Xan's Torment)","Slimecraw Arm Cops (Slimecraw)","Perfected Bracers of Sul-Xan's Torment (Perfected Sul-Xan's Torment)","","Perfected Guards of Sul-Xan's Torment (Perfected Sul-Xan's Torment)","Corpseburster Boots (Corpseburster)","","Corpseburster Ring (Corpseburster)","Corpseburster Ring (Corpseburster)","Perfected Dagger of Sul-Xan's Torment (Perfected Sul-Xan's Torment)","Perfected Dagger of Sul-Xan's Torment (Perfected Sul-Xan's Torment)","The Maelstrom's Perfected Inferno Staff (Perfected Crushing Wall)"," ()","Camouflaged Hunter","Whirling Blades","Detonating Siphon","Ghostly Embrace","Quick Cloak","Flawless Dawnbreaker","Elemental Blockade","Blighted Blastbones","Avid Boneyard","Skeletal Arcanist","Necrotic Potency","Elemental Rage"
"Dreadsail Reef","Trash Builds","https://www.esologs.com/reports/D4jC3H8Yx6TKmWNR#fight=80&type=summary&source=4","@Melina_nyu","Crolina'nyu","bone-grave-x-corpseburster-perfected-sul-xans-torment","dps","Grave","Bone","x","Perfected Sul-Xan's Torment","Corpseburster","188737.7","1100.2","43.4","188737.7 DPS","","Perfected Helmet of Sul-Xan's Torment (Perfected Sul-Xan's Torment)","Perfected Jack of Sul-Xan's Torment (Perfected Sul-Xan's Torment)","Slimecraw Arm Cops (Slimecraw)","Perfected Bracers of Sul-Xan's Torment (Perfected Sul-Xan's Torment)","","Corpseburster Guards (Corpseburster)","Perfected Boots of Sul-Xan's Torment (Perfected Sul-Xan's Torment)","","Corpseburster Ring (Corpseburster)","Corpseburster Ring (Corpseburster)","Corpseburster Dagger (Corpseburster)","Corpseburster Dagger (Corpseburster)","The Maelstrom's Perfected Inferno Staff (Perfected Crushing Wall)"," ()","Shattering Knife","Quick Cloak","Camouflaged Hunter","Banner Bearer","Detonating Siphon","Flawless Dawnbreaker","Blighted Blastbones","Necrotic Potency","Banner Bearer","Skeletal Archer","Elemental Blockade","Glacial Colossus"
"Dreadsail Reef","Trash Builds","https://www.esologs.com/reports/D4jC3H8Yx6TKmWNR#fight=80&type=summary&source=21","@God'sGifttoGaming","The Bøne Zone","bone-grave-x-corpseburster-perfected-sul-xans-torment","dps","Grave","Bone","x","Corpseburster","Perfected Sul-Xan's Torment","155511.1","21300.2","72.6","155511.1 DPS","","Corpseburster Helmet (Corpseburster)","Perfected Jack of Sul-Xan's Torment (Perfected Sul-Xan's Torment)","Slimecraw Arm Cops (Slimecraw)","Perfected Bracers of Sul-Xan's Torment (Perfected Sul-Xan's Torment)","","Perfected Guards of Sul-Xan's Torment (Perfected Sul-Xan's Torment)","Perfected Boots of Sul-Xan's Torment (Perfected Sul-Xan's Torment)","","Corpseburster Ring (Corpseburster)","Corpseburster Ring (Corpseburster)","Corpseburster Dagger (Corpseburster)","Corpseburster Dagger (Corpseburster)","The Maelstrom's Perfected Inferno Staff (Perfected Crushing Wall)"," ()","Detonating Siphon","Blighted Blastbones","Venom Skull","Camouflaged Hunter","Banner Bearer","Thrive in Chaos","Necrotic Potency","Elemental Blockade","Proximity Detonation","Blood Mist","Banner Bearer","Elemental Rage"
"Dreadsail Reef","Trash Builds","https://www.esologs.com/reports/D4jC3H8Yx6TKmWNR#fight=80&type=summary&source=10","@Aletheia3","Zanan Alaani","bone-grave-x-corpseburster-perfected-sul-xans-torment","dps","Grave","Bone","x","Corpseburster","Perfected Sul-Xan's Torment","226508.0","1528.8","57.1","226508.0 DPS","The Thief","Corpseburster Helmet (Corpseburster)","Perfected Jack of Sul-Xan's Torment (Perfected Sul-Xan's Torment)","Zaan Arm Cops (Zaan)","Perfected Bracers of Sul-Xan's Torment (Perfected Sul-Xan's Torment)","","Perfected Guards of Sul-Xan's Torment (Perfected Sul-Xan's Torment)","Perfected Boots of Sul-Xan's Torment (Perfected Sul-Xan's Torment)","","Corpseburster Ring (Corpseburster)","Corpseburster Ring (Corpseburster)","Corpseburster Axe (Corpseburster)","Corpseburster Dagger (Corpseburster)","The Maelstrom's Perfected Bow (Perfected Thunderous Volley)"," ()","Whirling Blades","Blighted Blastbones","Detonating Siphon","Camouflaged Hunter","Banner Bearer","Glacial Colossus","Proximity Detonation","Endless Hail","Necrotic Potency","Blood Mist","Banner Bearer","Glacial Colossus"
"Dreadsail Reef","Trash Builds","https://www.esologs.com/reports/D4jC3H8Yx6TKmWNR#fight=80&type=summary&source=21","@God'sGifttoGaming","The Bøne Zone","bone-grave-x-corpseburster-perfected-sul-xans-torment","dps","Grave","Bone","x","Corpseburster","Perfected Sul-Xan's Torment","217552.9","2721.7","23.8","217552.9 DPS","","Corpseburster Helmet (Corpseburster)","Perfected Jack of Sul-Xan's Torment (Perfected Sul-Xan's Torment)","Slimecraw Arm Cops (Slimecraw)","Perfected Bracers of Sul-Xan's Torment (Perfected Sul-Xan's Torment)","","Perfected Guards of Sul-Xan's Torment (Perfected Sul-Xan's Torment)","Perfected Boots of Sul-Xan's Torment (Perfected Sul-Xan's Torment)","","Corpseburster Ring (Corpseburster)","Corpseburster Ring (Corpseburster)","Corpseburster Dagger (Corpseburster)","Corpseburster Dagger (Corpseburster)","The Maelstrom's Perfected Inferno Staff (Perfected Crushing Wall)"," ()","Detonating Siphon","Blighted Blastbones","Venom Skull","Camouflaged Hunter","Banner Bearer","Thrive in Chaos","Necrotic Potency","Elemental Blockade","Proximity Detonation","Blood Mist","Banner Bearer","Elemental Rage"
"Dreadsail Reef","Trash Builds","https://www.esologs.com/reports/D4jC3H8Yx6TKmWNR#fight=80&type=summary&source=10","@Aletheia3","Zanan Alaani","bone-grave-x-corpseburster-perfected-sul-xans-torment","dps","Grave","Bone","x","Corpseburster","Perfected Sul-Xan's Torment","149264.7","1251.6","18.3","149264.7 DPS","","Corpseburster Helmet (Corpseburster)","Perfected Jack of Sul-Xan's Torment (Perfected Sul-Xan's Torment)","Zaan Arm Cops (Zaan)","Perfected Bracers of Sul-Xan's Torment (Perfected Sul-Xan's Torment)","","Perfected Guards of Sul-Xan's Torment (Perfected Sul-Xan's Torment)","Perfected Boots of Sul-Xan's Torment (Perfected Sul-Xan's Torment)","","Corpseburster Ring (Corpseburster)","Corpseburster Ring (Corpseburster)","Corpseburster Axe (Corpseburster)","Corpseburster Dagger (Corpseburster)","The Maelstrom's Perfected Bow (Perfected Thunderous Volley)"," ()","Whirling Blades","Blighted Blastbones","Detonating Siphon","Camouflaged Hunter","Banner Bearer","Glacial Colossus","Proximity Detonation","Endless Hail","Necrotic Potency","Blood Mist","Banner Bearer","Glacial Colossus"
"Dreadsail Reef","Trash Builds","https://www.esologs.com/reports/D4jC3H8Yx6TKmWNR#fight=80&type=summary&source=12","@Actorion","Torion Darkheart","bone-grave-x-corpseburster-perfected-sul-xans-torment","dps","Grave","Bone","x","Corpseburster","Perfected Sul-Xan's Torment","108955.4","1088.2","72.9","108955.4 DPS","","Slimecraw Mask (Slimecraw)","Corpseburster Jack (Corpseburster)","Corpseburster Arm Cops (Corpseburster)","Perfected Bracers of Sul-Xan's Torment (Perfected Sul-Xan's Torment)","","Perfected Guards of Sul-Xan's Torment (Perfected Sul-Xan's Torment)","Corpseburster Boots (Corpseburster)","","Shattered Paths Signet (Shattered Paths Signet)","Perfected Ring of Sul-Xan's Torment (Perfected Sul-Xan's Torment)","Corpseburster Dagger (Corpseburster)","Corpseburster Dagger (Corpseburster)","The Maelstrom's Perfected Inferno Staff (Perfected Crushing Wall)"," ()","Ruinous Scythe","Blighted Blastbones","Quick Cloak","Detonating Siphon","Banner Bearer","Pestilent Colossus","Elemental Blockade","Skeletal Arcanist","Necrotic Potency","Race Against Time","Banner Bearer","Elemental Rage"
"Dreadsail Reef","Trash Builds","https://www.esologs.com/reports/D4jC3H8Yx6TKmWNR#fight=80&type=summary&source=8","@ZENON1996","Redemtion-S","bone-grave-x-corpseburster-perfected-sul-xans-torment","dps","Grave","Bone","x","Perfected Sul-Xan's Torment","Corpseburster","91415.5","10526.7","59.9","91415.5 DPS","","Slimecraw Mask (Slimecraw)","Perfected Jack of Sul-Xan's Torment (Perfected Sul-Xan's Torment)","Corpseburster Arm Cops (Corpseburster)","Perfected Bracers of Sul-Xan's Torment (Perfected Sul-Xan's Torment)","","Perfected Guards of Sul-Xan's Torment (Perfected Sul-Xan's Torment)","Perfected Boots of Sul-Xan's Torment (Perfected Sul-Xan's Torment)","","Corpseburster Ring (Corpseburster)","Shattered Paths Signet (Shattered Paths Signet)","Corpseburster Dagger (Corpseburster)","Corpseburster Dagger (Corpseburster)","The Maelstrom's Inferno Staff (Crushing Wall)"," ()","Whirling Blades","Blighted Blastbones","Detonating Siphon","Unnerving Boneyard","Banner Bearer","Pestilent Colossus","Elemental Blockade","Unnerving Boneyard","Necrotic Potency","Proximity Detonation","Banner Bearer","Elemental Rage"
"Dreadsail Reef","Trash Builds","https://www.esologs.com/reports/D4jC3H8Yx6TKmWNR#fight=80&type=summary&source=12","@Actorion","Torion Darkheart","bone-grave-x-corpseburster-perfected-sul-xans-torment","dps","Grave","Bone","x","Corpseburster","Perfected Sul-Xan's Torment","123048.3","5638.4","65.7","123048.3 DPS","","Slimecraw Mask (Slimecraw)","Corpseburster Jack (Corpseburster)","Corpseburster Arm Cops (Corpseburster)","Perfected Bracers of Sul-Xan's Torment (Perfected Sul-Xan's Torment)","","Perfected Guards of Sul-Xan's Torment (Perfected Sul-Xan's Torment)","Corpseburster Boots (Corpseburster)","","Shattered Paths Signet (Shattered Paths Signet)","Perfected Ring of Sul-Xan's Torment (Perfected Sul-Xan's Torment)","Corpseburster Dagger (Corpseburster)","Corpseburster Dagger (Corpseburster)","The Maelstrom's Perfected Inferno Staff (Perfected Crushing Wall)"," ()","Ruinous Scythe","Blighted Blastbones","Quick Cloak","Detonating Siphon","Banner Bearer","Pestilent Colossus","Elemental Blockade","Skeletal Arcanist","Necrotic Potency","Race Against Time","Banner Bearer","Elemental Rage"
"Dreadsail Reef","Trash Builds","https://www.esologs.com/reports/D4jC3H8Yx6TKmWNR#fight=80&type=summary&source=4","@FierceGamer","Doodoo Bug","bone-grave-x-corpseburster-perfected-sul-xans-torment","dps","Grave","Bone","x","Perfected Sul-Xan's Torment","Corpseburster","142452.6","6155.1","107.2","142452.6 DPS","","Slimecraw Mask (Slimecraw)","Perfected Jack of Sul-Xan's Torment (Perfected Sul-Xan's Torment)","Corpseburster Arm Cops (Corpseburster)","Perfected Bracers of Sul-Xan's Torment (Perfected Sul-Xan's Torment)","","Perfected Guards of Sul-Xan's Torment (Perfected Sul-Xan's Torment)","Perfected Boots of Sul-Xan's Torment (Perfected Sul-Xan's Torment)","","Corpseburster Ring (Corpseburster)","Corpseburster Ring (Corpseburster)","Corpseburster Dagger (Corpseburster)","Corpseburster Dagger (Corpseburster)","The Maelstrom's Perfected Inferno Staff (Perfected Crushing Wall)"," ()","Blighted Blastbones","Quick Cloak","Whirling Blades","Detonating Siphon","Banner Bearer","Flawless Dawnbreaker","Elemental Blockade","Ghostly Embrace","Blood Mist","Necrotic Potency","Banner Bearer","Elemental Rage"
"Dreadsail Reef","Trash Builds","https://www.esologs.com/reports/D4jC3H8Yx6TKmWNR#fight=80&type=summary&source=8","@FearShadows","Mãki Zënin","bone-grave-x-corpseburster-perfected-sul-xans-torment","dps","Grave","Bone","x","Perfected Sul-Xan's Torment","Corpseburster","166643.9","1365.2","55.9","166643.9 DPS","","Slimecraw Mask (Slimecraw)","Perfected Jack of Sul-Xan's Torment (Perfected Sul-Xan's Torment)","Corpseburster Arm Cops (Corpseburster)","Perfected Bracers of Sul-Xan's Torment (Perfected Sul-Xan's Torment)","","Perfected Guards of Sul-Xan's Torment (Perfected Sul-Xan's Torment)","Perfected Boots of Sul-Xan's Torment (Perfected Sul-Xan's Torment)","","Corpseburster Ring (Corpseburster)","Corpseburster Ring (Corpseburster)","Corpseburster Dagger (Corpseburster)","Corpseburster Dagger (Corpseburster)","The Maelstrom's Perfected Inferno Staff (Perfected Crushing Wall)"," ()","Ghostly Embrace","Blighted Blastbones","Detonating Siphon","Whirling Blades","Banner Bearer","Flawless Dawnbreaker","Unnerving Boneyard","Elemental Blockade","Necrotic Potency","Camouflaged Hunter","Banner Bearer","Shooting Star"
"Dreadsail Reef","Trash Builds","https://www.esologs.com/reports/D4jC3H8Yx6TKmWNR#fight=80&type=summary&source=11","@Domestic4Tero","Sanguine Bone","bone-grave-x-corpseburster-perfected-sul-xans-torment","dps","Grave","Bone","x","Corpseburster","Perfected Sul-Xan's Torment","85044.5","0.0","74.6","85044.5 DPS","","Corpseburster Helmet (Corpseburster)","Perfected Jack of Sul-Xan's Torment (Perfected Sul-Xan's Torment)","Slimecraw Epaulets (Slimecraw)","Perfected Bracers of Sul-Xan's Torment (Perfected Sul-Xan's Torment)","","Perfected Guards of Sul-Xan's Torment (Perfected Sul-Xan's Torment)","Perfected Boots of Sul-Xan's Torment (Perfected Sul-Xan's Torment)","","Corpseburster Ring (Corpseburster)","Corpseburster Ring (Corpseburster)","Corpseburster Axe (Corpseburster)","Corpseburster Dagger (Corpseburster)","The Maelstrom's Perfected Inferno Staff (Perfected Crushing Wall)"," ()","Whirling Blades","Quick Cloak","Blighted Blastbones","Detonating Siphon","Banner Bearer","Flawless Dawnbreaker","Necrotic Potency","Elemental Blockade","Unnerving Boneyard","Skeletal Arcanist","Banner Bearer","Shooting Star"
"Dreadsail Reef","Trash Builds","https://www.esologs.com/reports/D4jC3H8Yx6TKmWNR#fight=80&type=summary&source=4","@FierceGamer","Doodoo Bug","bone-grave-x-corpseburster-perfected-sul-xans-torment","dps","Grave","Bone","x","Perfected Sul-Xan's Torment","Corpseburster","96457.9","1602.8","80.5","96457.9 DPS","","Slimecraw Mask (Slimecraw)","Perfected Jack of Sul-Xan's Torment (Perfected Sul-Xan's Torment)","Corpseburster Arm Cops (Corpseburster)","Perfected Bracers of Sul-Xan's Torment (Perfected Sul-Xan's Torment)","","Perfected Guards of Sul-Xan's Torment (Perfected Sul-Xan's Torment)","Perfected Boots of Sul-Xan's Torment (Perfected Sul-Xan's Torment)","","Corpseburster Ring (Corpseburster)","Corpseburster Ring (Corpseburster)","Corpseburster Dagger (Corpseburster)","Corpseburster Dagger (Corpseburster)","The Maelstrom's Perfected Inferno Staff (Perfected Crushing Wall)"," ()","Blighted Blastbones","Quick Cloak","Whirling Blades","Detonating Siphon","Banner Bearer","Flawless Dawnbreaker","Elemental Blockade","Ghostly Embrace","Blood Mist","Necrotic Potency","Banner Bearer","Elemental Rage"
"Dreadsail Reef","Trash Builds","https://www.esologs.com/reports/D4jC3H8Yx6TKmWNR#fight=80&type=summary&source=8","@FearShadows","Mãki Zënin","bone-grave-x-corpseburster-perfected-sul-xans-torment","dps","Grave","Bone","x","Perfected Sul-Xan's Torment","Corpseburster","83212.7","4932.3","57.2","83212.7 DPS","","Slimecraw Mask (Slimecraw)","Perfected Jack of Sul-Xan's Torment (Perfected Sul-Xan's Torment)","Corpseburster Arm Cops (Corpseburster)","Perfected Bracers of Sul-Xan's Torment (Perfected Sul-Xan's Torment)","","Perfected Guards of Sul-Xan's Torment (Perfected Sul-Xan's Torment)","Perfected Boots of Sul-Xan's Torment (Perfected Sul-Xan's Torment)","","Corpseburster Ring (Corpseburster)","Corpseburster Ring (Corpseburster)","Corpseburster Dagger (Corpseburster)","Corpseburster Dagger (Corpseburster)","The Maelstrom's Perfected Inferno Staff (Perfected Crushing Wall)"," ()","Ghostly Embrace","Blighted Blastbones","Detonating Siphon","Whirling Blades","Banner Bearer","Flawless Dawnbreaker","Unnerving Boneyard","Elemental Blockade","Necrotic Potency","Camouflaged Hunter","Banner Bearer","Shooting Star"
"Dreadsail Reef","Trash Builds","https://www.esologs.com/reports/D4jC3H8Yx6TKmWNR#fight=80&type=summary&source=11","@Domestic4Tero","Sanguine Bone","bone-grave-x-corpseburster-perfected-sul-xans-torment","dps","Grave","Bone","x","Corpseburster","Perfected Sul-Xan's Torment","52440.6","9032.4","60.8","52440.6 DPS","","Corpseburster Helmet (Corpseburster)","Perfected Jack of Sul-Xan's Torment (Perfected Sul-Xan's Torment)","Slimecraw Epaulets (Slimecraw)","Perfected Bracers of Sul-Xan's Torment (Perfected Sul-Xan's Torment)","","Perfected Guards of Sul-Xan's Torment (Perfected Sul-Xan's Torment)","Perfected Boots of Sul-Xan's Torment (Perfected Sul-Xan's Torment)","","Corpseburster Ring (Corpseburster)","Corpseburster Ring (Corpseburster)","Corpseburster Axe (Corpseburster)","Corpseburster Dagger (Corpseburster)","The Maelstrom's Perfected Inferno Staff (Perfected Crushing Wall)"," ()","Whirling Blades","Quick Cloak","Blighted Blastbones","Detonating Siphon","Banner Bearer","Flawless Dawnbreaker","Necrotic Potency","Elemental Blockade","Unnerving Boneyard","Skeletal Arcanist","Banner Bearer","Shooting Star"
"Dreadsail Reef","Trash Builds","https://www.esologs.com/reports/D4jC3H8Yx6TKmWNR#fight=80&type=summary&source=2","@Ralf_17","Abyss Wätcher","ass-shadow-siphon-perfected-sul-xans-torment-soulcleaver","dps","Ass","Shadow","Siphon","Perfected Sul-Xan's Torment","Soulcleaver","47943.5","3628.9","74.5","47943.5 DPS","","Perfected Helmet of Sul-Xan's Torment (Perfected Sul-Xan's Torment)","Soulcleaver Jack (Soulcleaver)","Slimecraw Epaulets (Slimecraw)","Soulcleaver Bracers (Soulcleaver)","","Soulcleaver Guards (Soulcleaver)","Perfected Boots of Sul-Xan's Torment (Perfected Sul-Xan's Torment)","","Perfected Ring of Sul-Xan's Torment (Perfected Sul-Xan's Torment)","Perfected Ring of Sul-Xan's Torment (Perfected Sul-Xan's Torment)","Soulcleaver Dagger (Soulcleaver)","Soulcleaver Dagger (Soulcleaver)","The Maelstrom's Perfected Inferno Staff (Perfected Crushing Wall)"," ()","Surprise Attack","Shadowy Disguise","Power Extraction","Relentless Focus","Siphoning Attacks","Incapacitating Strike","Blood Mist","Proximity Detonation","Blockade of Fire","Dark Shade","Twisting Path","Elemental Rage"
"Dreadsail Reef","Trash Builds","https://www.esologs.com/reports/D4jC3H8Yx6TKmWNR#fight=80&type=summary&source=2","@Ralf_17","Abyss Wätcher","ass-shadow-siphon-perfected-sul-xans-torment-soulcleaver","dps","Ass","Shadow","Siphon","Perfected Sul-Xan's Torment","Soulcleaver","131167.0","4852.6","50.2","131167.0 DPS","","Perfected Helmet of Sul-Xan's Torment (Perfected Sul-Xan's Torment)","Soulcleaver Jack (Soulcleaver)","Slimecraw Epaulets (Slimecraw)","Soulcleaver Bracers (Soulcleaver)","","Soulcleaver Guards (Soulcleaver)","Perfected Boots of Sul-Xan's Torment (Perfected Sul-Xan's Torment)","","Perfected Ring of Sul-Xan's Torment (Perfected Sul-Xan's Torment)","Perfected Ring of Sul-Xan's Torment (Perfected Sul-Xan's Torment)","Soulcleaver Dagger (Soulcleaver)","Soulcleaver Dagger (Soulcleaver)","The Maelstrom's Perfected Inferno Staff (Perfected Crushing Wall)"," ()","Surprise Attack","Shadowy Disguise","Power Extraction","Relentless Focus","Siphoning Attacks","Incapacitating Strike","Blood Mist","Proximity Detonation","Blockade of Fire","Dark Shade","Twisting Path","Elemental Rage"
"Dreadsail Reef","Trash Builds","https://www.esologs.com/reports/D4jC3H8Yx6TKmWNR#fight=80&type=summary&source=11","@R.af","Raf Il","ass-shadow-siphon-perfected-sul-xans-torment-soulcleaver","dps","Ass","Shadow","Siphon","Soulcleaver","Perfected Sul-Xan's Torment","175273.0","10287.7","81.7","175273.0 DPS","","Slimecraw Mask (Slimecraw)","Soulcleaver Jack (Soulcleaver)","Soulcleaver Arm Cops (Soulcleaver)","Soulcleaver Bracers (Soulcleaver)","","Soulcleaver Guards (Soulcleaver)","Perfected Boots of Sul-Xan's Torment (Perfected Sul-Xan's Torment)","","Perfected Ring of Sul-Xan's Torment (Perfected Sul-Xan's Torment)","Perfected Ring of Sul-Xan's Torment (Perfected Sul-Xan's Torment)","Perfected Dagger of Sul-Xan's Torment (Perfected Sul-Xan's Torment)","Perfected Dagger of Sul-Xan's Torment (Perfected Sul-Xan's Torment)","The Maelstrom's Perfected Inferno Staff (Perfected Crushing Wall)"," ()","Power Extraction","Whirling Blades","Camouflaged Hunter","Shadowy Disguise","Relentless Focus","Incapacitating Strike","Elemental Blockade","Anti-Cavalry Caltrops","Dark Shade","Proximity Detonation","Simmering Frenzy","Elemental Rage"
"Dreadsail Reef","Trash Builds","https://www.esologs.com/reports/D4jC3H8Yx6TKmWNR#fight=80&type=summary&source=1","@SavageAudacity","Adrenalinized","ass-shadow-siphon-perfected-sul-xans-torment-soulcleaver","dps","Ass","Shadow","Siphon","Soulcleaver","Perfected Sul-Xan's Torment","227060.5","9612.2","72.6","227060.5 DPS","","Soulcleaver Helmet (Soulcleaver)","Perfected Jack of Sul-Xan's Torment (Perfected Sul-Xan's Torment)","Slimecraw Epaulets (Slimecraw)","Perfected Bracers of Sul-Xan's Torment (Perfected Sul-Xan's Torment)","","Perfected Guards of Sul-Xan's Torment (Perfected Sul-Xan's Torment)","Perfected Boots of Sul-Xan's Torment (Perfected Sul-Xan's Torment)","","Soulcleaver Ring (Soulcleaver)","Soulcleaver Ring (Soulcleaver)","Soulcleaver Dagger (Soulcleaver)","Soulcleaver Dagger (Soulcleaver)","The Maelstrom's Perfected Inferno Staff (Perfected Crushing Wall)"," ()","Power Extraction","Shadowy Disguise","Whirling Blades","Deadly Cloak","Relentless Focus","Incapacitating Strike","Proximity Detonation","Blockade of Fire","Blood Mist","Dark Shade","Anti-Cavalry Caltrops","Fiery Rage"
"Dreadsail Reef","Trash Builds","https://www.esologs.com/reports/D4jC3H8Yx6TKmWNR#fight=80&type=summary&source=5","@BlackFlameee","Yoruichi Mami","ass-shadow-siphon-perfected-sul-xans-torment-soulcleaver","dps","Ass","Shadow","Siphon","Soulcleaver","Perfected Sul-Xan's Torment","228797.1","10202.8","72.6","228797.1 DPS","The Thief","Slimecraw Guise (Slimecraw)","Soulcleaver Jack (Soulcleaver)","Soulcleaver Epaulets (Soulcleaver)","Soulcleaver Gloves (Soulcleaver)","","Soulcleaver Guards (Soulcleaver)","Perfected Boots of Sul-Xan's Torment (Perfected Sul-Xan's Torment)","","Perfected Ring of Sul-Xan's Torment (Perfected Sul-Xan's Torment)","Perfected Ring of Sul-Xan's Torment (Perfected Sul-Xan's Torment)","Perfected Dagger of Sul-Xan's Torment (Perfected Sul-Xan's Torment)","Perfected Dagger of Sul-Xan's Torment (Perfected Sul-Xan's Torment)","The Maelstrom's Perfected Inferno Staff (Perfected Crushing Wall)"," ()","Power Extraction","Reaper's Mark","Relentless Focus","Camouflaged Hunter","Quick Cloak","Incapacitating Strike","Elemental Blockade","Blood Mist","Proximity Detonation","Shadowy Disguise","Leeching Strikes","Elemental Rage"
"Dreadsail Reef","Trash Builds","https://www.esologs.com/reports/D4jC3H8Yx6TKmWNR#fight=80&type=summary&source=1","@SavageAudacity","Adrenalinized","ass-shadow-siphon-perfected-sul-xans-torment-soulcleaver","dps","Ass","Shadow","Siphon","Soulcleaver","Perfected Sul-Xan's Torment","201490.2","2076.3","31.0","201490.2 DPS","","Soulcleaver Helmet (Soulcleaver)","Perfected Jack of Sul-Xan's Torment (Perfected Sul-Xan's Torment)","Slimecraw Epaulets (Slimecraw)","Perfected Bracers of Sul-Xan's Torment (Perfected Sul-Xan's Torment)","","Perfected Guards of Sul-Xan's Torment (Perfected Sul-Xan's Torment)","Perfected Boots of Sul-Xan's Torment (Perfected Sul-Xan's Torment)","","Soulcleaver Ring (Soulcleaver)","Soulcleaver Ring (Soulcleaver)","Soulcleaver Dagger (Soulcleaver)","Soulcleaver Dagger (Soulcleaver)","The Maelstrom's Perfected Inferno Staff (Perfected Crushing Wall)"," ()","Power Extraction","Shadowy Disguise","Whirling Blades","Deadly Cloak","Relentless Focus","Incapacitating Strike","Proximity Detonation","Elemental Blockade","Blood Mist","Dark Shade","Anti-Cavalry Caltrops","Elemental Rage"
"Dreadsail Reef","Trash Builds","https://www.esologs.com/reports/D4jC3H8Yx6TKmWNR#fight=80&type=summary&source=8","@YellowPain60","Mean Egg","ass-shadow-siphon-perfected-sul-xans-torment-soulcleaver","dps","Ass","Shadow","Siphon","Soulcleaver","Perfected Sul-Xan's Torment","114875.0","2469.9","70.9","114875.0 DPS","","Soulcleaver Hat (Soulcleaver)","Perfected Jack of Sul-Xan's Torment (Perfected Sul-Xan's Torment)","Slimecraw Epaulets (Slimecraw)","Perfected Bracers of Sul-Xan's Torment (Perfected Sul-Xan's Torment)","","Perfected Guards of Sul-Xan's Torment (Perfected Sul-Xan's Torment)","Perfected Boots of Sul-Xan's Torment (Perfected Sul-Xan's Torment)","","Soulcleaver Ring (Soulcleaver)","Soulcleaver Ring (Soulcleaver)","Soulcleaver Dagger (Soulcleaver)","Soulcleaver Dagger (Soulcleaver)","The Maelstrom's Perfected Inferno Staff (Perfected Crushing Wall)"," ()","Power Extraction","Relentless Focus","Whirling Blades","Shadowy Disguise","Quick Cloak","Incapacitating Strike","Proximity Detonation","Elemental Blockade","Anti-Cavalry Caltrops","Dark Shade","Siphoning Attacks","Ice Comet"
"Dreadsail Reef","Trash Builds","https://www.esologs.com/reports/D4jC3H8Yx6TKmWNR#fight=80&type=summary&source=8","@YellowPain60","Mean Egg","ass-shadow-siphon-perfected-sul-xans-torment-soulcleaver","dps","Ass","Shadow","Siphon","Soulcleaver","Perfected Sul-Xan's Torment","64876.7","1730.0","52.5","64876.7 DPS","","Soulcleaver Hat (Soulcleaver)","Perfected Jack of Sul-Xan's Torment (Perfected Sul-Xan's Torment)","Slimecraw Epaulets (Slimecraw)","Perfected Bracers of Sul-Xan's Torment (Perfected Sul-Xan's Torment)","","Perfected Guards of Sul-Xan's Torment (Perfected Sul-Xan's Torment)","Perfected Boots of Sul-Xan's Torment (Perfected Sul-Xan's Torment)","","Soulcleaver Ring (Soulcleaver)","Soulcleaver Ring (Soulcleaver)","Soulcleaver Dagger (Soulcleaver)","Soulcleaver Dagger (Soulcleaver)","The Maelstrom's Perfected Inferno Staff (Perfected Crushing Wall)"," ()","Power Extraction","Relentless Focus","Whirling Blades","Shadowy Disguise","Quick Cloak","Incapacitating Strike","Proximity Detonation","Elemental Blockade","Anti-Cavalry Caltrops","Dark Shade","Siphoning Attacks","Ice Comet"
"Dreadsail Reef","Trash Builds","https://www.esologs.com/reports/D4jC3H8Yx6TKmWNR#fight=80&type=summary&source=5","@Tonjeel","Infinity's Blade","ass-shadow-siphon-perfected-sul-xans-torment-soulcleaver","dps","Ass","Shadow","Siphon","Perfected Sul-Xan's Torment","Soulcleaver","121095.0","5152.5","60.6","121095.0 DPS","","Slimecraw Mask (Slimecraw)","Perfected Jack of Sul-Xan's Torment (Perfected Sul-Xan's Torment)","Perfected Arm Cops of Sul-Xan's Torment (Perfected Sul-Xan's Torment)","Soulcleaver Bracers (Soulcleaver)","","Soulcleaver Guards (Soulcleaver)","Soulcleaver Boots (Soulcleaver)","","Perfected Ring of Sul-Xan's Torment (Perfected Sul-Xan's Torment)","Perfected Ring of Sul-Xan's Torment (Perfected Sul-Xan's Torment)","Soulcleaver Dagger (Soulcleaver)","Soulcleaver Dagger (Soulcleaver)","The Maelstrom's Perfected Inferno Staff (Perfected Crushing Wall)"," ()","Relentless Focus","Quick Cloak","Power Extraction","Whirling Blades","Camouflaged Hunter","Incapacitating Strike","Elemental Blockade","Proximity Detonation","Elusive Mist","Siphoning Attacks","Shadowy Disguise","Elemental Rage"
"Dreadsail Reef","Trash Builds","https://www.esologs.com/reports/D4jC3H8Yx6TKmWNR#fight=80&type=summary&source=5","@Tonjeel","Infinity's Blade","ass-shadow-siphon-perfected-sul-xans-torment-soulcleaver","dps","Ass","Shadow","Siphon","Perfected Sul-Xan's Torment","Soulcleaver","37753.4","3591.2","17.9","37753.4 DPS","","Slimecraw Mask (Slimecraw)","Perfected Jack of Sul-Xan's Torment (Perfected Sul-Xan's Torment)","Perfected Arm Cops of Sul-Xan's Torment (Perfected Sul-Xan's Torment)","Soulcleaver Bracers (Soulcleaver)","","Soulcleaver Guards (Soulcleaver)","Soulcleaver Boots (Soulcleaver)","","Perfected Ring of Sul-Xan's Torment (Perfected Sul-Xan's Torment)","Perfected Ring of Sul-Xan's Torment (Perfected Sul-Xan's Torment)","Soulcleaver Dagger (Soulcleaver)","Soulcleaver Dagger (Soulcleaver)","The Maelstrom's Perfected Inferno Staff (Perfected Crushing Wall)"," ()","Relentless Focus","Quick Cloak","Power Extraction","Whirling Blades","Camouflaged Hunter","Incapacitating Strike","Elemental Blockade","Proximity Detonation","Elusive Mist","Siphoning Attacks","Shadowy Disguise","Elemental Rage"
"Dreadsail Reef","Trash Builds","https://www.esologs.com/reports/6BayfvYFXpTdmVW3#fight=72&type=summary&source=1","@NineGG","Numril Valder","grave-x-x-arkasiss-genius-perfected-sul-xans-torment","dps","Grave","x","x","Perfected Sul-Xan's Torment","Arkasis's Genius","47260.4","2002.7","57.4","47260.4 DPS","","Slimecraw Mask (Slimecraw)","Perfected Jack of Sul-Xan's Torment (Perfected Sul-Xan's Torment)","Arkasis's Pauldrons (Arkasis's Genius)","Perfected Bracers of Sul-Xan's Torment (Perfected Sul-Xan's Torment)","","Perfected Guards of Sul-Xan's Torment (Perfected Sul-Xan's Torment)","Perfected Boots of Sul-Xan's Torment (Perfected Sul-Xan's Torment)","","Arkasis's Ring (Arkasis's Genius)","Arkasis's Ring (Arkasis's Genius)","Arkasis's Dagger (Arkasis's Genius)","Arkasis's Dagger (Arkasis's Genius)","The Maelstrom's Perfected Inferno Staff (Perfected Crushing Wall)"," ()","Whirling Blades","Blighted Blastbones","Detonating Siphon","Unnerving Boneyard","Banner Bearer","Flawless Dawnbreaker","Blockade of Fire","Anti-Cavalry Caltrops","Skeletal Archer","Proximity Detonation","Banner Bearer","Pestilent Colossus"
"Dreadsail Reef","Trash Builds","https://www.esologs.com/reports/6BayfvYFXpTdmVW3#fight=72&type=summary&source=3","@xDeathroar","Exequuter","grave-x-x-arkasiss-genius-perfected-sul-xans-torment","dps","Grave","x","x","Perfected Sul-Xan's Torment","Arkasis's Genius","26022.1","0.0","38.3","26022.1 DPS","","Slimecraw Mask (Slimecraw)","Perfected Jack of Sul-Xan's Torment (Perfected Sul-Xan's Torment)","Arkasis's Pauldrons (Arkasis's Genius)","Perfected Bracers of Sul-Xan's Torment (Perfected Sul-Xan's Torment)","","Perfected Guards of Sul-Xan's Torment (Perfected Sul-Xan's Torment)","Perfected Boots of Sul-Xan's Torment (Perfected Sul-Xan's Torment)","","Arkasis's Ring (Arkasis's Genius)","Arkasis's Ring (Arkasis's Genius)","Corpseburster Dagger (Corpseburster)","Corpseburster Dagger (Corpseburster)","Arkasis's Inferno Staff (Arkasis's Genius)"," ()","Quick Cloak","Blighted Blastbones","Detonating Siphon","Whirling Blades","Banner Bearer","Flawless Dawnbreaker","Elemental Blockade","Unnerving Boneyard","Proximity Detonation","Skeletal Archer","Banner Bearer","Glacial Colossus"
"Dreadsail Reef","Trash Builds","https://www.esologs.com/reports/6BayfvYFXpTdmVW3#fight=72&type=summary&source=8","@zVidaa","no-crux","grave-x-x-arkasiss-genius-perfected-sul-xans-torment","dps","Grave","x","x","Perfected Sul-Xan's Torment","Arkasis's Genius","100873.3","219.4","61.1","100873.3 DPS","","Slimecraw Mask (Slimecraw)","Perfected Jack of Sul-Xan's Torment (Perfected Sul-Xan's Torment)","Mora's Whispers (Mora's Whispers)","Perfected Bracers of Sul-Xan's Torment (Perfected Sul-Xan's Torment)","","Perfected Guards of Sul-Xan's Torment (Perfected Sul-Xan's Torment)","Perfected Boots of Sul-Xan's Torment (Perfected Sul-Xan's Torment)","","Arkasis's Ring (Arkasis's Genius)","Arkasis's Ring (Arkasis's Genius)","Arkasis's Dagger (Arkasis's Genius)","Arkasis's Dagger (Arkasis's Genius)","The Maelstrom's Perfected Inferno Staff (Perfected Crushing Wall)"," ()","Whirling Blades","Unnerving Boneyard","Blighted Blastbones","Detonating Siphon","Banner Bearer","Flawless Dawnbreaker","Skeletal Archer","Proximity Detonation","Elemental Blockade","Banner Bearer","Anti-Cavalry Caltrops","Elemental Rage"
"Dreadsail Reef","Trash Builds","https://www.esologs.com/reports/6BayfvYFXpTdmVW3#fight=72&type=summary&source=8","@NineGG","Numril Valder","grave-x-x-arkasiss-genius-perfected-sul-xans-torment","dps","Grave","x","x","Perfected Sul-Xan's Torment","Arkasis's Genius","33220.4","4244.5","63.0","33220.4 DPS","","Slimecraw Mask (Slimecraw)","Perfected Jack of Sul-Xan's Torment (Perfected Sul-Xan's Torment)","Arkasis's Pauldrons (Arkasis's Genius)","Perfected Bracers of Sul-Xan's Torment (Perfected Sul-Xan's Torment)","","Perfected Guards of Sul-Xan's Torment (Perfected Sul-Xan's Torment)","Perfected Boots of Sul-Xan's Torment (Perfected Sul-Xan's Torment)","","Arkasis's Ring (Arkasis's Genius)","Arkasis's Ring (Arkasis's Genius)","Arkasis's Dagger (Arkasis's Genius)","Arkasis's Dagger (Arkasis's Genius)","The Maelstrom's Perfected Inferno Staff (Perfected Crushing Wall)"," ()","Whirling Blades","Blighted Blastbones","Detonating Siphon","Unnerving Boneyard","Banner Bearer","Flawless Dawnbreaker","Elemental Blockade","Anti-Cavalry Caltrops","Skeletal Archer","Proximity Detonation","Banner Bearer","Glacial Colossus"
"Dreadsail Reef","Trash Builds","https://www.esologs.com/reports/6BayfvYFXpTdmVW3#fight=72&type=summary&source=3","@xDeathroar","Exequuter","grave-x-x-arkasiss-genius-perfected-sul-xans-torment","dps","Grave","x","x","Perfected Sul-Xan's Torment","Arkasis's Genius","55023.6","4117.1","63.0","55023.6 DPS","","Slimecraw Mask (Slimecraw)","Perfected Jack of Sul-Xan's Torment (Perfected Sul-Xan's Torment)","Arkasis's Pauldrons (Arkasis's Genius)","Perfected Bracers of Sul-Xan's Torment (Perfected Sul-Xan's Torment)","","Perfected Guards of Sul-Xan's Torment (Perfected Sul-Xan's Torment)","Perfected Boots of Sul-Xan's Torment (Perfected Sul-Xan's Torment)","","Arkasis's Ring (Arkasis's Genius)","Arkasis's Ring (Arkasis's Genius)","Corpseburster Dagger (Corpseburster)","Corpseburster Dagger (Corpseburster)","Arkasis's Inferno Staff (Arkasis's Genius)"," ()","Quick Cloak","Blighted Blastbones","Detonating Siphon","Whirling Blades","Banner Bearer","Flawless Dawnbreaker","Elemental Blockade","Unnerving Boneyard","Proximity Detonation","Skeletal Archer","Banner Bearer","Glacial Colossus"
"Dreadsail Reef","Trash Builds","https://www.esologs.com/reports/6BayfvYFXpTdmVW3#fight=72&type=summary&source=7","@zVidaa","no-crux","grave-x-x-arkasiss-genius-perfected-sul-xans-torment","dps","Grave","x","x","Perfected Sul-Xan's Torment","Arkasis's Genius","14914.3","0.0","29.7","14914.3 DPS","","Slimecraw Mask (Slimecraw)","Perfected Jack of Sul-Xan's Torment (Perfected Sul-Xan's Torment)","Mora's Whispers (Mora's Whispers)","Perfected Bracers of Sul-Xan's Torment (Perfected Sul-Xan's Torment)","","Perfected Guards of Sul-Xan's Torment (Perfected Sul-Xan's Torment)","Perfected Boots of Sul-Xan's Torment (Perfected Sul-Xan's Torment)","","Arkasis's Ring (Arkasis's Genius)","Arkasis's Ring (Arkasis's Genius)","Arkasis's Dagger (Arkasis's Genius)","Arkasis's Dagger (Arkasis's Genius)","The Maelstrom's Perfected Inferno Staff (Perfected Crushing Wall)"," ()","Whirling Blades","Unnerving Boneyard","Blighted Blastbones","Detonating Siphon","Banner Bearer","Flawless Dawnbreaker","Skeletal Archer","Proximity Detonation","Elemental Blockade","Banner Bearer","Anti-Cavalry Caltrops","Elemental Rage"
"Dreadsail Reef","Trash Builds","https://www.esologs.com/reports/6BayfvYFXpTdmVW3#fight=72&type=summary&source=8","@NineGG","Numril Valder","grave-x-x-arkasiss-genius-perfected-sul-xans-torment","dps","Grave","x","x","Perfected Sul-Xan's Torment","Arkasis's Genius","153218.7","11961.3","48.8","153218.7 DPS","The Atronach","Slimecraw Mask (Slimecraw)","Perfected Jack of Sul-Xan's Torment (Perfected Sul-Xan's Torment)","Arkasis's Pauldrons (Arkasis's Genius)","Perfected Bracers of Sul-Xan's Torment (Perfected Sul-Xan's Torment)","","Perfected Guards of Sul-Xan's Torment (Perfected Sul-Xan's Torment)","Perfected Boots of Sul-Xan's Torment (Perfected Sul-Xan's Torment)","","Arkasis's Ring (Arkasis's Genius)","Arkasis's Ring (Arkasis's Genius)","Arkasis's Dagger (Arkasis's Genius)","Arkasis's Dagger (Arkasis's Genius)","The Maelstrom's Perfected Inferno Staff (Perfected Crushing Wall)"," ()","Whirling Blades","Blighted Blastbones","Detonating Siphon","Unnerving Boneyard","Banner Bearer","Flawless Dawnbreaker","Elemental Blockade","Anti-Cavalry Caltrops","Skeletal Archer","Proximity Detonation","Banner Bearer","Glacial Colossus"
"Dreadsail Reef","Trash Builds","https://www.esologs.com/reports/6BayfvYFXpTdmVW3#fight=72&type=summary&source=3","@xDeathroar","Exequuter","grave-x-x-arkasiss-genius-perfected-sul-xans-torment","dps","Grave","x","x","Perfected Sul-Xan's Torment","Arkasis's Genius","117300.5","2642.7","73.2","117300.5 DPS","","Slimecraw Mask (Slimecraw)","Perfected Jack of Sul-Xan's Torment (Perfected Sul-Xan's Torment)","Arkasis's Pauldrons (Arkasis's Genius)","Perfected Bracers of Sul-Xan's Torment (Perfected Sul-Xan's Torment)","","Perfected Guards of Sul-Xan's Torment (Perfected Sul-Xan's Torment)","Perfected Boots of Sul-Xan's Torment (Perfected Sul-Xan's Torment)","","Arkasis's Ring (Arkasis's Genius)","Arkasis's Ring (Arkasis's Genius)","Corpseburster Dagger (Corpseburster)","Corpseburster Dagger (Corpseburster)","Arkasis's Inferno Staff (Arkasis's Genius)"," ()","Quick Cloak","Blighted Blastbones","Detonating Siphon","Whirling Blades","Banner Bearer","Flawless Dawnbreaker","Elemental Blockade","Unnerving Boneyard","Proximity Detonation","Skeletal Archer","Banner Bearer","Glacial Colossus"
"Dreadsail Reef","Trash Builds","https://www.esologs.com/reports/6BayfvYFXpTdmVW3#fight=72&type=summary&source=7","@zVidaa","no-crux","grave-x-x-arkasiss-genius-perfected-sul-xans-torment","dps","Grave","x","x","Perfected Sul-Xan's Torment","Arkasis's Genius","143990.9","12236.8","64.3","143990.9 DPS","","Slimecraw Mask (Slimecraw)","Perfected Jack of Sul-Xan's Torment (Perfected Sul-Xan's Torment)","Mora's Whispers (Mora's Whispers)","Perfected Bracers of Sul-Xan's Torment (Perfected Sul-Xan's Torment)","","Perfected Guards of Sul-Xan's Torment (Perfected Sul-Xan's Torment)","Perfected Boots of Sul-Xan's Torment (Perfected Sul-Xan's Torment)","","Arkasis's Ring (Arkasis's Genius)","Arkasis's Ring (Arkasis's Genius)","Arkasis's Dagger (Arkasis's Genius)","Arkasis's Dagger (Arkasis's Genius)","The Maelstrom's Perfected Inferno Staff (Perfected Crushing Wall)"," ()","Whirling Blades","Unnerving Boneyard","Blighted Blastbones","Detonating Siphon","Banner Bearer","Flawless Dawnbreaker","Skeletal Archer","Proximity Detonation","Elemental Blockade","Banner Bearer","Anti-Cavalry Caltrops","Elemental Rage"
"Dreadsail Reef","Trash Builds","https://www.esologs.com/reports/D4jC3H8Yx6TKmWNR#fight=80&type=summary&source=10","@DEINFRA","Nekronysia","grave-x-x-corpseburster-perfected-sul-xans-torment","dps","Grave","x","x","Perfected Sul-Xan's Torment","Corpseburster","40899.2","1234.9","62.1","40899.2 DPS","","Perfected Helmet of Sul-Xan's Torment (Perfected Sul-Xan's Torment)","Perfected Jack of Sul-Xan's Torment (Perfected Sul-Xan's Torment)","Slimecraw Epaulets (Slimecraw)","Corpseburster Bracers (Corpseburster)","","Perfected Guards of Sul-Xan's Torment (Perfected Sul-Xan's Torment)","Perfected Boots of Sul-Xan's Torment (Perfected Sul-Xan's Torment)","","Corpseburster Ring (Corpseburster)","Corpseburster Ring (Corpseburster)","Corpseburster Dagger (Corpseburster)","Corpseburster Dagger (Corpseburster)","The Maelstrom's Inferno Staff (Crushing Wall)"," ()","Whirling Blades","Blighted Blastbones","Detonating Siphon","Quick Cloak","Shocking Banner (Class Flourish / Courage)","Flawless Dawnbreaker","Blockade of Fire","Anti-Cavalry Caltrops","Unnerving Boneyard","Skeletal Archer","Shocking Banner (Class Flourish / Courage)","Shooting Star"
"Dreadsail Reef","Trash Builds","https://www.esologs.com/reports/D4jC3H8Yx6TKmWNR#fight=80&type=summary&source=10","@DEINFRA","Nekronysia","grave-x-x-corpseburster-perfected-sul-xans-torment","dps","Grave","x","x","Perfected Sul-Xan's Torment","Corpseburster","131809.7","1210.9","44.1","131809.7 DPS","","Perfected Helmet of Sul-Xan's Torment (Perfected Sul-Xan's Torment)","Perfected Jack of Sul-Xan's Torment (Perfected Sul-Xan's Torment)","Slimecraw Epaulets (Slimecraw)","Corpseburster Bracers (Corpseburster)","","Perfected Guards of Sul-Xan's Torment (Perfected Sul-Xan's Torment)","Perfected Boots of Sul-Xan's Torment (Perfected Sul-Xan's Torment)","","Corpseburster Ring (Corpseburster)","Corpseburster Ring (Corpseburster)","Corpseburster Dagger (Corpseburster)","Corpseburster Dagger (Corpseburster)","The Maelstrom's Inferno Staff (Crushing Wall)"," ()","Whirling Blades","Blighted Blastbones","Detonating Siphon","Quick Cloak","Shocking Banner (Class Flourish / Courage)","Flawless Dawnbreaker","Blockade of Fire","Anti-Cavalry Caltrops","Unnerving Boneyard","Skeletal Archer","Shocking Banner (Class Flourish / Courage)","Shooting Star"
"Dreadsail Reef","Trash Builds","https://www.esologs.com/reports/D4jC3H8Yx6TKmWNR#fight=80&type=summary&source=8","@zVidaa","no-crux","grave-x-x-corpseburster-perfected-sul-xans-torment","dps","Grave","x","x","Perfected Sul-Xan's Torment","Corpseburster","55440.2","59444.7","47.8","55440.2 DPS","","Slimecraw Mask (Slimecraw)","Perfected Jack of Sul-Xan's Torment (Perfected Sul-Xan's Torment)","Corpseburster Epaulets (Corpseburster)","Perfected Bracers of Sul-Xan's Torment (Perfected Sul-Xan's Torment)","","Perfected Guards of Sul-Xan's Torment (Perfected Sul-Xan's Torment)","Perfected Boots of Sul-Xan's Torment (Perfected Sul-Xan's Torment)","","Corpseburster Ring (Corpseburster)","Corpseburster Ring (Corpseburster)","Corpseburster Dagger (Corpseburster)","Corpseburster Axe (Corpseburster)","The Maelstrom's Perfected Inferno Staff (Perfected Crushing Wall)"," ()","Whirling Blades","Unnerving Boneyard","Blighted Blastbones","Detonating Siphon","Banner Bearer","Flawless Dawnbreaker","Skeletal Archer","Proximity Detonation","Elemental Blockade","Banner Bearer","Anti-Cavalry Caltrops","Elemental Rage"
"Dreadsail Reef","Trash Builds","https://www.esologs.com/reports/D4jC3H8Yx6TKmWNR#fight=80&type=summary&source=1","@NineGG","Numril Valder","grave-x-x-corpseburster-perfected-sul-xans-torment","dps","Grave","x","x","Perfected Sul-Xan's Torment","Corpseburster","169005.0","5542.9","73.8","169005.0 DPS","The Atronach","Slimecraw Mask (Slimecraw)","Perfected Jack of Sul-Xan's Torment (Perfected Sul-Xan's Torment)","Corpseburster Arm Cops (Corpseburster)","Perfected Bracers of Sul-Xan's Torment (Perfected Sul-Xan's Torment)","","Perfected Guards of Sul-Xan's Torment (Perfected Sul-Xan's Torment)","Perfected Boots of Sul-Xan's Torment (Perfected Sul-Xan's Torment)","","Corpseburster Ring (Corpseburster)","Corpseburster Ring (Corpseburster)","Corpseburster Dagger (Corpseburster)","Corpseburster Dagger (Corpseburster)","The Maelstrom's Perfected Inferno Staff (Perfected Crushing Wall)"," ()","Whirling Blades","Blighted Blastbones","Detonating Siphon","Unnerving Boneyard","Banner Bearer","Flawless Dawnbreaker","Blockade of Fire","Anti-Cavalry Caltrops","Skeletal Archer","Proximity Detonation","Banner Bearer","Pestilent Colossus"
"Dreadsail Reef","Trash Builds","https://www.esologs.com/reports/D4jC3H8Yx6TKmWNR#fight=80&type=summary&source=3","@xDeathroar","Exequuter","grave-x-x-corpseburster-perfected-sul-xans-torment","dps","Grave","x","x","Perfected Sul-Xan's Torment","Corpseburster","143733.0","11910.2","78.9","143733.0 DPS","","Slimecraw Mask (Slimecraw)","Perfected Jack of Sul-Xan's Torment (Perfected Sul-Xan's Torment)","Corpseburster Arm Cops (Corpseburster)","Perfected Bracers of Sul-Xan's Torment (Perfected Sul-Xan's Torment)","","Perfected Guards of Sul-Xan's Torment (Perfected Sul-Xan's Torment)","Perfected Boots of Sul-Xan's Torment (Perfected Sul-Xan's Torment)","","Corpseburster Ring (Corpseburster)","Corpseburster Ring (Corpseburster)","Corpseburster Dagger (Corpseburster)","Corpseburster Dagger (Corpseburster)","The Maelstrom's Perfected Inferno Staff (Perfected Crushing Wall)"," ()","Quick Cloak","Blighted Blastbones","Detonating Siphon","Whirling Blades","Banner Bearer","Glacial Colossus","Elemental Blockade","Unnerving Boneyard","Proximity Detonation","Skeletal Archer","Banner Bearer","Elemental Rage"
"Dreadsail Reef","Trash Builds","https://www.esologs.com/reports/D4jC3H8Yx6TKmWNR#fight=80&type=summary&source=4","@JosephSMT","Joseph T","grave-x-x-corpseburster-perfected-sul-xans-torment","dps","Grave","x","x","Perfected Sul-Xan's Torment","Corpseburster","30407.5","7660.4","34.7","30407.5 DPS","","Slimecraw Mask (Slimecraw)","Perfected Jack of Sul-Xan's Torment (Perfected Sul-Xan's Torment)","Perfected Arm Cops of Sul-Xan's Torment (Perfected Sul-Xan's Torment)","Perfected Bracers of Sul-Xan's Torment (Perfected Sul-Xan's Torment)","","Perfected Guards of Sul-Xan's Torment (Perfected Sul-Xan's Torment)","Perfected Boots of Sul-Xan's Torment (Perfected Sul-Xan's Torment)","","Shattered Paths Signet (Shattered Paths Signet)","Corpseburster Ring (Corpseburster)","Corpseburster Dagger (Corpseburster)","Corpseburster Dagger (Corpseburster)","The Maelstrom's Perfected Inferno Staff (Perfected Crushing Wall)"," ()","Whirling Blades","Blighted Blastbones","Quick Cloak","Detonating Siphon","Banner Bearer","Glacial Colossus","Ulfsild's Contingency","Elemental Blockade","Skeletal Archer","Echoing Vigor","Banner Bearer","Flawless Dawnbreaker"
"Dreadsail Reef","Trash Builds","https://www.esologs.com/reports/D4jC3H8Yx6TKmWNR#fight=80&type=summary&source=4","@JosephSMT","Joseph T","grave-x-x-corpseburster-perfected-sul-xans-torment","dps","Grave","x","x","Perfected Sul-Xan's Torment","Corpseburster","84888.5","7455.3","67.4","84888.5 DPS","","Slimecraw Mask (Slimecraw)","Perfected Jack of Sul-Xan's Torment (Perfected Sul-Xan's Torment)","Perfected Arm Cops of Sul-Xan's Torment (Perfected Sul-Xan's Torment)","Perfected Bracers of Sul-Xan's Torment (Perfected Sul-Xan's Torment)","","Perfected Guards of Sul-Xan's Torment (Perfected Sul-Xan's Torment)","Perfected Boots of Sul-Xan's Torment (Perfected Sul-Xan's Torment)","","Shattered Paths Signet (Shattered Paths Signet)","Corpseburster Ring (Corpseburster)","Corpseburster Dagger (Corpseburster)","Corpseburster Dagger (Corpseburster)","The Maelstrom's Perfected Inferno Staff (Perfected Crushing Wall)"," ()","Whirling Blades","Blighted Blastbones","Quick Cloak","Detonating Siphon","Banner Bearer","Glacial Colossus","Ulfsild's Contingency","Elemental Blockade","Skeletal Archer","Echoing Vigor","Banner Bearer","Flawless Dawnbreaker"
"Dreadsail Reef","Trash Builds","https://www.esologs.com/reports/6BayfvYFXpTdmVW3#fight=72&type=summary&source=9","@In2TheDark","Pretty Pötatö","bone-grave-x-perfected-sul-xans-torment-tide-born-wildstalker","dps","Grave","Bone","x","Tide-Born Wildstalker","Perfected Sul-Xan's Torment","105465.9","0.0","62.2","105465.9 DPS","","Tide-Born Helmet (Tide-Born Wildstalker)","Tide-Born Jack (Tide-Born Wildstalker)","Kra'gh Epaulets (Kra'gh)","Tide-Born Bracers (Tide-Born Wildstalker)","","Tide-Born Guards (Tide-Born Wildstalker)","Perfected Boots of Sul-Xan's Torment (Perfected Sul-Xan's Torment)","","Perfected Ring of Sul-Xan's Torment (Perfected Sul-Xan's Torment)","Perfected Ring of Sul-Xan's Torment (Perfected Sul-Xan's Torment)","Perfected Dagger of Sul-Xan's Torment (Perfected Sul-Xan's Torment)","Perfected Dagger of Sul-Xan's Torment (Perfected Sul-Xan's Torment)","The Maelstrom's Perfected Inferno Staff (Perfected Crushing Wall)"," ()","Detonating Siphon","Camouflaged Hunter","Whirling Blades","Blighted Blastbones","Deadly Cloak","Flawless Dawnbreaker","Proximity Detonation","Necrotic Potency","Elemental Blockade","Sundering Burst","Skeletal Archer","Glacial Colossus"
"Dreadsail Reef","Trash Builds","https://www.esologs.com/reports/6BayfvYFXpTdmVW3#fight=72&type=summary&source=9","@In2TheDark","Pretty Pötatö","bone-grave-x-perfected-sul-xans-torment-tide-born-wildstalker","dps","Grave","Bone","x","Tide-Born Wildstalker","Perfected Sul-Xan's Torment","132747.1","1228.9","91.6","132747.1 DPS","The Thief","Tide-Born Helmet (Tide-Born Wildstalker)","Tide-Born Jack (Tide-Born Wildstalker)","Kra'gh Epaulets (Kra'gh)","Tide-Born Bracers (Tide-Born Wildstalker)","","Tide-Born Guards (Tide-Born Wildstalker)","Perfected Boots of Sul-Xan's Torment (Perfected Sul-Xan's Torment)","","Perfected Ring of Sul-Xan's Torment (Perfected Sul-Xan's Torment)","Perfected Ring of Sul-Xan's Torment (Perfected Sul-Xan's Torment)","Perfected Dagger of Sul-Xan's Torment (Perfected Sul-Xan's Torment)","Perfected Dagger of Sul-Xan's Torment (Perfected Sul-Xan's Torment)","The Maelstrom's Perfected Inferno Staff (Perfected Crushing Wall)"," ()","Detonating Siphon","Camouflaged Hunter","Whirling Blades","Blighted Blastbones","Deadly Cloak","Flawless Dawnbreaker","Proximity Detonation","Necrotic Potency","Elemental Blockade","Sundering Burst","Skeletal Archer","Glacial Colossus"
"Dreadsail Reef","Trash Builds","https://www.esologs.com/reports/6BayfvYFXpTdmVW3#fight=72&type=summary&source=1","@In2TheDark","Pretty Pötatö","bone-grave-x-perfected-sul-xans-torment-tide-born-wildstalker","dps","Grave","Bone","x","Tide-Born Wildstalker","Perfected Sul-Xan's Torment","73003.3","2830.5","48.2","73003.3 DPS","","Tide-Born Helmet (Tide-Born Wildstalker)","Tide-Born Jack (Tide-Born Wildstalker)","Kra'gh Epaulets (Kra'gh)","Tide-Born Bracers (Tide-Born Wildstalker)","","Tide-Born Guards (Tide-Born Wildstalker)","Perfected Boots of Sul-Xan's Torment (Perfected Sul-Xan's Torment)","","Perfected Ring of Sul-Xan's Torment (Perfected Sul-Xan's Torment)","Perfected Ring of Sul-Xan's Torment (Perfected Sul-Xan's Torment)","Perfected Dagger of Sul-Xan's Torment (Perfected Sul-Xan's Torment)","Perfected Dagger of Sul-Xan's Torment (Perfected Sul-Xan's Torment)","The Maelstrom's Perfected Inferno Staff (Perfected Crushing Wall)"," ()","Detonating Siphon","Camouflaged Hunter","Whirling Blades","Blighted Blastbones","Deadly Cloak","Flawless Dawnbreaker","Proximity Detonation","Necrotic Potency","Blockade of Fire","Sundering Burst","Skeletal Archer","Glacial Colossus"
"Dreadsail Reef","Trash Builds","https://www.esologs.com/reports/6BayfvYFXpTdmVW3#fight=72&type=summary&source=7","@Shaxigaming","Machine Gun Skelly","bone-grave-x-perfected-sul-xans-torment-tide-born-wildstalker","dps","Grave","Bone","x","Perfected Sul-Xan's Torment","Tide-Born Wildstalker","73343.8","4945.5","37.3","73343.8 DPS","","Slimecraw Mask (Slimecraw)","Perfected Jack of Sul-Xan's Torment (Perfected Sul-Xan's Torment)","Tide-Born Arm Cops (Tide-Born Wildstalker)","Perfected Bracers of Sul-Xan's Torment (Perfected Sul-Xan's Torment)","","Perfected Guards of Sul-Xan's Torment (Perfected Sul-Xan's Torment)","Perfected Boots of Sul-Xan's Torment (Perfected Sul-Xan's Torment)","","Tide-Born Ring (Tide-Born Wildstalker)","Tide-Born Ring (Tide-Born Wildstalker)","Tide-Born Dagger (Tide-Born Wildstalker)","Tide-Born Dagger (Tide-Born Wildstalker)","The Maelstrom's Perfected Inferno Staff (Perfected Crushing Wall)"," ()","Camouflaged Hunter","Ghostly Embrace","Detonating Siphon","Whirling Blades","Banner Bearer","Flawless Dawnbreaker","Elemental Blockade","Blighted Blastbones","Necrotic Potency","Unnerving Boneyard","Banner Bearer","Glacial Colossus"
"Dreadsail Reef","Trash Builds","https://www.esologs.com/reports/6BayfvYFXpTdmVW3#fight=72&type=summary&source=7","@Shaxigaming","Machine Gun Skelly","bone-grave-x-perfected-sul-xans-torment-tide-born-wildstalker","healer","Grave","Bone","x","Perfected Sul-Xan's Torment","Tide-Born Wildstalker","48.0","1870.1","23.3","1870.1 HPS","","Slimecraw Mask (Slimecraw)","Perfected Jack of Sul-Xan's Torment (Perfected Sul-Xan's Torment)","Tide-Born Arm Cops (Tide-Born Wildstalker)","Perfected Bracers of Sul-Xan's Torment (Perfected Sul-Xan's Torment)","","Perfected Guards of Sul-Xan's Torment (Perfected Sul-Xan's Torment)","Perfected Boots of Sul-Xan's Torment (Perfected Sul-Xan's Torment)","","Tide-Born Ring (Tide-Born Wildstalker)","Tide-Born Ring (Tide-Born Wildstalker)","Tide-Born Dagger (Tide-Born Wildstalker)","Tide-Born Dagger (Tide-Born Wildstalker)","The Maelstrom's Perfected Inferno Staff (Perfected Crushing Wall)"," ()","Camouflaged Hunter","Ghostly Embrace","Detonating Siphon","Whirling Blades","Banner Bearer","Flawless Dawnbreaker","Elemental Blockade","Blighted Blastbones","Necrotic Potency","Unnerving Boneyard","Banner Bearer","Glacial Colossus"
