"Trial Name","Boss Name","ESO Logs Player Link","Player Handle","Character Name","Build Slug","Role","Subclass 1","Subclass 2","Subclass 3","Signature Set 1","Signature Set 2","DPS","HPS","CPM","Primary Metric","Mundus Stone","Gear: Head","Gear: Chest","Gear: Shoulders","Gear: Hands","Gear: Waist","Gear: Legs","Gear: Feet","Gear: Necklace","Gear: Ring1","Gear: Ring2","Gear: Main_Hand","Gear: Off_Hand","Gear: Backup_Main_Hand","Gear: Backup_Off_Hand","Bar 1 Ability 1","Bar 1 Ability 2","Bar 1 Ability 3","Bar 1 Ability 4","Bar 1 Ability 5","Bar 1 Ability 6","Bar 2 Ability 1","Bar 2 Ability 2","Bar 2 Ability 3","Bar 2 Ability 4","Bar 2 Ability 5","Bar 2 Ability 6"
"Hel Ra Citadel","Ra Kotu","https://www.esologs.com/reports/HPcnCgpT6RLDmBMA#fight=20&type=summary&source=4","@Danstoneyhaven","May-Tickle-Ur-Baps","herald-x-x-perfected-slivers-of-the-null-arca-spattering-disjunction","dps","Herald","x","x","Perfected Slivers of the Null Arca","Spattering Disjunction","78620.5","4480.2","21.5","78620.5 DPS","","Perfected Null Arca Helmet (Perfected Slivers of the Null Arca)","Perfected Null Arca Jack (Perfected Slivers of the Null Arca)","Nerien'eth Epaulets (Nerien'eth)","Perfected Null Arca Bracers (Perfected Slivers of the Null Arca)","","Perfected Null Arca Guards (Perfected Slivers of the Null Arca)","Spattering Disjunction Boots (Spattering Disjunction)","","Spattering Disjunction Ring (Spattering Disjunction)","Spattering Disjunction Ring (Spattering Disjunction)","Spattering Disjunction Dagger (Spattering Disjunction)","Spattering Disjunction Dagger (Spattering Disjunction)","The Maelstrom's Greatsword (Merciless Charge)"," ()","Cephaliarch's Flail","Quick Cloak","Barbed Trap","Pragmatic Fatecarver","Banner Bearer","Flawless Dawnbreaker","Stampede","Inspired Scholarship","Fulminating Rune","Camouflaged Hunter","Banner Bearer","The Languid Eye"
"Hel Ra Citadel","Ra Kotu","https://www.esologs.com/reports/HPcnCgpT6RLDmBMA#fight=20&type=summary&source=5","@kip.anderson","Kip A Anders","herald-x-x-perfected-slivers-of-the-null-arca-spattering-disjunction","dps","Herald","x","x","Spattering Disjunction","Perfected Slivers of the Null Arca","136170.4","35293.8","53.9","136170.4 DPS","","Slimecraw Guise (Slimecraw)","Spattering Disjunction Jack (Spattering Disjunction)","Perfected Null Arca Arm Cops (Perfected Slivers of the Null Arca)","Spattering Disjunction Bracers (Spattering Disjunction)","","Spattering Disjunction Guards (Spattering Disjunction)","Spattering Disjunction Boots (Spattering Disjunction)","","Perfected Null Arca Ring (Perfected Slivers of the Null Arca)","Perfected Null Arca Ring (Perfected Slivers of the Null Arca)","Perfected Null Arca Dagger (Perfected Slivers of the Null Arca)","Perfected Null Arca Dagger (Perfected Slivers of the Null Arca)","The Maelstrom's Perfected Greatsword (Perfected Merciless Charge)"," ()","Shocking Banner (Sage's Remedy / Heroism)","Quick Cloak","Cephaliarch's Flail","Pragmatic Fatecarver","Camouflaged Hunter","Flawless Dawnbreaker","Shocking Banner (Sage's Remedy / Heroism)","Stampede","Inspired Scholarship","Fulminating Rune","Ring of Preservation","The Languid Eye"
"Hel Ra Citadel","Ra Kotu","https://www.esologs.com/reports/HPcnCgpT6RLDmBMA#fight=20&type=summary&source=5","@kip.anderson","Kip A Anders","herald-x-x-perfected-slivers-of-the-null-arca-spattering-disjunction","dps","Herald","x","x","Spattering Disjunction","Perfected Slivers of the Null Arca","136151.4","36177.0","46.0","136151.4 DPS","","Slimecraw Guise (Slimecraw)","Spattering Disjunction Jack (Spattering Disjunction)","Perfected Null Arca Arm Cops (Perfected Slivers of the Null Arca)","Spattering Disjunction Bracers (Spattering Disjunction)","","Spattering Disjunction Guards (Spattering Disjunction)","Spattering Disjunction Boots (Spattering Disjunction)","","Perfected Null Arca Ring (Perfected Slivers of the Null Arca)","Perfected Null Arca Ring (Perfected Slivers of the Null Arca)","Perfected Null Arca Dagger (Perfected Slivers of the Null Arca)","Perfected Null Arca Dagger (Perfected Slivers of the Null Arca)","The Maelstrom's Perfected Greatsword (Perfected Merciless Charge)"," ()","Banner Bearer","Quick Cloak","Cephaliarch's Flail","Pragmatic Fatecarver","Camouflaged Hunter","Flawless Dawnbreaker","Banner Bearer","Stampede","Inspired Scholarship","Fulminating Rune","Ring of Preservation","The Languid Eye"
"Hel Ra Citadel","Ra Kotu","https://www.esologs.com/reports/HPcnCgpT6RLDmBMA#fight=20&type=summary&source=5","@kip.anderson","Kip A Anders","herald-x-x-perfected-slivers-of-the-null-arca-spattering-disjunction","dps","Herald","x","x","Spattering Disjunction","Perfected Slivers of the Null Arca","136170.4","36175.0","46.0","136170.4 DPS","","Slimecraw Guise (Slimecraw)","Spattering Disjunction Jack (Spattering Disjunction)","Perfected Null Arca Arm Cops (Perfected Slivers of the Null Arca)","Spattering Disjunction Bracers (Spattering Disjunction)","","Spattering Disjunction Guards (Spattering Disjunction)","Spattering Disjunction Boots (Spattering Disjunction)","","Perfected Null Arca Ring (Perfected Slivers of the Null Arca)","Perfected Null Arca Ring (Perfected Slivers of the Null Arca)","Perfected Null Arca Dagger (Perfected Slivers of the Null Arca)","Perfected Null Arca Dagger (Perfected Slivers of the Null Arca)","The Maelstrom's Perfected Greatsword (Perfected Merciless Charge)"," ()","Banner Bearer","Quick Cloak","Cephaliarch's Flail","Pragmatic Fatecarver","Camouflaged Hunter","Flawless Dawnbreaker","Banner Bearer","Stampede","Inspired Scholarship","Fulminating Rune","Ring of Preservation","The Languid Eye"
"Hel Ra Citadel","Ra Kotu","https://www.esologs.com/reports/HPcnCgpT6RLDmBMA#fight=20&type=summary&source=99","@xXRed-Bau5Xx","Barchanist","herald-x-x-perfected-slivers-of-the-null-arca-spattering-disjunction","dps","Herald","x","x","Perfected Slivers of the Null Arca","Spattering Disjunction","152881.8","3613.3","36.2","152881.8 DPS","","Slimecraw Guise (Slimecraw)","Perfected Null Arca Jack (Perfected Slivers of the Null Arca)","Spattering Disjunction Arm Cops (Spattering Disjunction)","Perfected Null Arca Bracers (Perfected Slivers of the Null Arca)","","Perfected Null Arca Guards (Perfected Slivers of the Null Arca)","Perfected Null Arca Boots (Perfected Slivers of the Null Arca)","","Spattering Disjunction Ring (Spattering Disjunction)","Spattering Disjunction Ring (Spattering Disjunction)","Spattering Disjunction Dagger (Spattering Disjunction)","Spattering Disjunction Dagger (Spattering Disjunction)","The Maelstrom's Perfected Greatsword (Perfected Merciless Charge)"," ()","Barbed Trap","Cephaliarch's Flail","Pragmatic Fatecarver","Quick Cloak","Banner Bearer","Flawless Dawnbreaker","Stampede","Inspired Scholarship","Anti-Cavalry Caltrops","Banner Bearer","Purge","The Languid Eye"
"Hel Ra Citadel","Ra Kotu","https://www.esologs.com/reports/HPcnCgpT6RLDmBMA#fight=20&type=summary&source=6","@sZenario27","Celebrimbor von Eregion","herald-x-x-perfected-slivers-of-the-null-arca-spattering-disjunction","dps","Herald","x","x","Spattering Disjunction","Perfected Slivers of the Null Arca","159741.0","9494.3","24.6","159741.0 DPS","The Thief","Slimecraw Mask (Slimecraw)","Spattering Disjunction Jack (Spattering Disjunction)","Perfected Null Arca Arm Cops (Perfected Slivers of the Null Arca)","Spattering Disjunction Bracers (Spattering Disjunction)","","Spattering Disjunction Guards (Spattering Disjunction)","Spattering Disjunction Boots (Spattering Disjunction)","","Perfected Null Arca Ring (Perfected Slivers of the Null Arca)","Perfected Null Arca Ring (Perfected Slivers of the Null Arca)","Perfected Null Arca Dagger (Perfected Slivers of the Null Arca)","Perfected Null Arca Dagger (Perfected Slivers of the Null Arca)","The Maelstrom's Perfected Greatsword (Perfected Merciless Charge)"," ()","Quick Cloak","Cephaliarch's Flail","Pragmatic Fatecarver","Camouflaged Hunter","Banner Bearer","Flawless Dawnbreaker","Inspired Scholarship","Stampede","Fulminating Rune","Camouflaged Hunter","Banner Bearer","The Languid Eye"
"Hel Ra Citadel","Ra Kotu","https://www.esologs.com/reports/HPcnCgpT6RLDmBMA#fight=20&type=summary&source=10","@Sarracen858","Sheshadow","herald-x-x-perfected-slivers-of-the-null-arca-spattering-disjunction","dps","Herald","x","x","Perfected Slivers of the Null Arca","Spattering Disjunction","126539.8","4439.6","46.1","126539.8 DPS","","Perfected Null Arca Helmet (Perfected Slivers of the Null Arca)","Spattering Disjunction Jack (Spattering Disjunction)","Slimecraw Epaulets (Slimecraw)","Spattering Disjunction Bracers (Spattering Disjunction)","","Spattering Disjunction Guards (Spattering Disjunction)","Spattering Disjunction Boots (Spattering Disjunction)","","Perfected Null Arca Ring (Perfected Slivers of the Null Arca)","Perfected Null Arca Ring (Perfected Slivers of the Null Arca)","Perfected Null Arca Dagger (Perfected Slivers of the Null Arca)","Perfected Null Arca Dagger (Perfected Slivers of the Null Arca)","The Maelstrom's Perfected Greatsword (Perfected Merciless Charge)"," ()","Quick Cloak","Pragmatic Fatecarver","Cephaliarch's Flail","Barbed Trap","Camouflaged Hunter","Flawless Dawnbreaker","Stampede","Fulminating Rune","Inspired Scholarship","Scalding Rune","Camouflaged Hunter","The Languid Eye"
"Hel Ra Citadel","Ra Kotu","https://www.esologs.com/reports/HPcnCgpT6RLDmBMA#fight=20&type=summary&source=8","@annia08","Narya von Eregion","herald-x-x-perfected-slivers-of-the-null-arca-spattering-disjunction","dps","Herald","x","x","Spattering Disjunction","Perfected Slivers of the Null Arca","152276.4","4777.5","20.0","152276.4 DPS","","Slimecraw Mask (Slimecraw)","Spattering Disjunction Jack (Spattering Disjunction)","Perfected Null Arca Arm Cops (Perfected Slivers of the Null Arca)","Spattering Disjunction Bracers (Spattering Disjunction)","","Spattering Disjunction Guards (Spattering Disjunction)","Spattering Disjunction Boots (Spattering Disjunction)","","Perfected Null Arca Ring (Perfected Slivers of the Null Arca)","Perfected Null Arca Ring (Perfected Slivers of the Null Arca)","Perfected Null Arca Dagger (Perfected Slivers of the Null Arca)","Perfected Null Arca Dagger (Perfected Slivers of the Null Arca)","The Maelstrom's Perfected Greatsword (Perfected Merciless Charge)"," ()","Cephaliarch's Flail","Quick Cloak","Pragmatic Fatecarver","Camouflaged Hunter","Banner Bearer","Flawless Dawnbreaker","Fulminating Rune","Inspired Scholarship","Stampede","Resolving Vigor","Banner Bearer","The Languid Eye"
"Hel Ra Citadel","Ra Kotu","https://www.esologs.com/reports/HPcnCgpT6RLDmBMA#fight=20&type=summary&source=196","@Phaintzz","Cryptic Incantation","herald-x-x-perfected-slivers-of-the-null-arca-spattering-disjunction","dps","Herald","x","x","Perfected Slivers of the Null Arca","Spattering Disjunction","89244.8","8700.0","32.8","89244.8 DPS","","Huntsman's Warmask (Huntsman's Warmask)","Perfected Null Arca Jack (Perfected Slivers of the Null Arca)","Slimecraw Epaulets (Slimecraw)","Perfected Null Arca Bracers (Perfected Slivers of the Null Arca)","","Perfected Null Arca Guards (Perfected Slivers of the Null Arca)","Perfected Null Arca Boots (Perfected Slivers of the Null Arca)","","Spattering Disjunction Ring (Spattering Disjunction)","Spattering Disjunction Ring (Spattering Disjunction)","Spattering Disjunction Dagger (Spattering Disjunction)","Spattering Disjunction Dagger (Spattering Disjunction)","The Maelstrom's Perfected Greatsword (Perfected Merciless Charge)"," ()","Cephaliarch's Flail","Pragmatic Fatecarver","Camouflaged Hunter","Quick Cloak","Banner Bearer","Flawless Dawnbreaker","Inspired Scholarship","Fulminating Rune","Barbed Trap","Stampede","Banner Bearer","The Languid Eye"
"Hel Ra Citadel","Ra Kotu","https://www.esologs.com/reports/HPcnCgpT6RLDmBMA#fight=20&type=summary&source=9","@Gandalf457","xx-Gandalf-xx","herald-x-x-perfected-slivers-of-the-null-arca-spattering-disjunction","dps","Herald","x","x","Spattering Disjunction","Perfected Slivers of the Null Arca","118731.5","2505.5","22.0","118731.5 DPS","","Spattering Disjunction Helmet (Spattering Disjunction)","Spattering Disjunction Jack (Spattering Disjunction)","Slimecraw Epaulets (Slimecraw)","Spattering Disjunction Bracers (Spattering Disjunction)","","Spattering Disjunction Guards (Spattering Disjunction)","Spattering Disjunction Boots (Spattering Disjunction)","","Perfected Null Arca Ring (Perfected Slivers of the Null Arca)","Perfected Null Arca Ring (Perfected Slivers of the Null Arca)","Perfected Null Arca Dagger (Perfected Slivers of the Null Arca)","Perfected Null Arca Dagger (Perfected Slivers of the Null Arca)","The Maelstrom's Perfected Greatsword (Perfected Merciless Charge)"," ()","Cephaliarch's Flail","Pragmatic Fatecarver","Quick Cloak","Fulminating Rune","Camouflaged Hunter","Flawless Dawnbreaker","Stampede","Inspired Scholarship","Scalding Rune","Barbed Trap","Camouflaged Hunter","The Tide King's Gaze"
"Hel Ra Citadel","Ra Kotu","https://www.esologs.com/reports/HPcnCgpT6RLDmBMA#fight=20&type=summary&source=17","@NextiPie","Liroy Darkness","herald-x-x-perfected-slivers-of-the-null-arca-spattering-disjunction","dps","Herald","x","x","Spattering Disjunction","Perfected Slivers of the Null Arca","100811.2","12415.8","27.8","100811.2 DPS","","Spattering Disjunction Helmet (Spattering Disjunction)","Perfected Null Arca Jack (Perfected Slivers of the Null Arca)","Slimecraw Arm Cops (Slimecraw)","Perfected Null Arca Bracers (Perfected Slivers of the Null Arca)","","Perfected Null Arca Guards (Perfected Slivers of the Null Arca)","Perfected Null Arca Boots (Perfected Slivers of the Null Arca)","","Spattering Disjunction Ring (Spattering Disjunction)","Oakensoul Ring (Oakensoul Ring)","Spattering Disjunction Lightning Staff (Spattering Disjunction)"," ()"," ()"," ()","Inspired Scholarship","Cephaliarch's Flail","Pragmatic Fatecarver","Banner Bearer","Barbed Trap","The Languid Eye","","","","","",""
"Hel Ra Citadel","Ra Kotu","https://www.esologs.com/reports/HPcnCgpT6RLDmBMA#fight=20&type=summary&source=15","@Supermarci001","Gustav Blightcaller","herald-soldier-x-perfected-slivers-of-the-null-arca-spattering-disjunction","dps","Herald","Soldier","x","Perfected Slivers of the Null Arca","Spattering Disjunction","96101.5","5008.4","22.3","96101.5 DPS","","Iceheart Mask (Iceheart)","Perfected Null Arca Jack (Perfected Slivers of the Null Arca)","Perfected Null Arca Arm Cops (Perfected Slivers of the Null Arca)","Perfected Null Arca Bracers (Perfected Slivers of the Null Arca)","","Perfected Null Arca Guards (Perfected Slivers of the Null Arca)","Perfected Null Arca Boots (Perfected Slivers of the Null Arca)","","Spattering Disjunction Ring (Spattering Disjunction)","Spattering Disjunction Ring (Spattering Disjunction)","Spattering Disjunction Dagger (Spattering Disjunction)","Spattering Disjunction Dagger (Spattering Disjunction)","The Maelstrom's Perfected Greatsword (Perfected Merciless Charge)"," ()","Banner Bearer","Pragmatic Fatecarver","Cephaliarch's Flail","Quick Cloak","Camouflaged Hunter","Flawless Dawnbreaker","Banner Bearer","Stampede","Inspired Scholarship","Fulminating Rune","Cruxweaver Armor","The Languid Eye"
"Hel Ra Citadel","Ra Kotu","https://www.esologs.com/reports/HPcnCgpT6RLDmBMA#fight=20&type=summary&source=1","@MadMod10","Zolus Graylock","herald-soldier-x-perfected-slivers-of-the-null-arca-spattering-disjunction","dps","Herald","Soldier","x","Spattering Disjunction","Perfected Slivers of the Null Arca","174892.1","2648.6","45.8","174892.1 DPS","","Slimecraw Guise (Slimecraw)","Spattering Disjunction Jack (Spattering Disjunction)","Perfected Null Arca Arm Cops (Perfected Slivers of the Null Arca)","Spattering Disjunction Bracers (Spattering Disjunction)","","Spattering Disjunction Guards (Spattering Disjunction)","Spattering Disjunction Boots (Spattering Disjunction)","","Perfected Null Arca Ring (Perfected Slivers of the Null Arca)","Perfected Null Arca Ring (Perfected Slivers of the Null Arca)","Perfected Null Arca Dagger (Perfected Slivers of the Null Arca)","Perfected Null Arca Dagger (Perfected Slivers of the Null Arca)","The Maelstrom's Perfected Inferno Staff (Perfected Crushing Wall)"," ()","Quick Cloak","Barbed Trap","Cephaliarch's Flail","Pragmatic Fatecarver","Camouflaged Hunter","Flawless Dawnbreaker","Blockade of Fire","Cruxweaver Armor","Inspired Scholarship","Fulminating Rune","Camouflaged Hunter","The Languid Eye"
"Hel Ra Citadel","Ra Kotu","https://www.esologs.com/reports/HPcnCgpT6RLDmBMA#fight=20&type=summary&source=12","@Wenlips","Tobianna","herald-soldier-x-perfected-slivers-of-the-null-arca-spattering-disjunction","dps","Herald","Soldier","x","Perfected Slivers of the Null Arca","Spattering Disjunction","138191.1","2348.1","34.3","138191.1 DPS","","Slimecraw Mask (Slimecraw)","Perfected Null Arca Jack (Perfected Slivers of the Null Arca)","Spattering Disjunction Arm Cops (Spattering Disjunction)","Perfected Null Arca Bracers (Perfected Slivers of the Null Arca)","","Perfected Null Arca Guards (Perfected Slivers of the Null Arca)","Perfected Null Arca Boots (Perfected Slivers of the Null Arca)","","Spattering Disjunction Ring (Spattering Disjunction)","Spattering Disjunction Ring (Spattering Disjunction)","Spattering Disjunction Dagger (Spattering Disjunction)","Spattering Disjunction Dagger (Spattering Disjunction)","The Maelstrom's Perfected Greatsword (Perfected Merciless Charge)"," ()","Pragmatic Fatecarver","Cephaliarch's Flail","Quick Cloak","Barbed Trap","Camouflaged Hunter","Flawless Dawnbreaker","Stampede","Fulminating Rune","Inspired Scholarship","Cruxweaver Armor","Camouflaged Hunter","The Languid Eye"
"Hel Ra Citadel","Ra Kotu","https://www.esologs.com/reports/HPcnCgpT6RLDmBMA#fight=20&type=summary&source=6","@RinBC","Maven Calamitous","herald-soldier-x-perfected-slivers-of-the-null-arca-spattering-disjunction","dps","Herald","Soldier","x","Spattering Disjunction","Perfected Slivers of the Null Arca","171353.7","10119.8","39.2","171353.7 DPS","","Slimecraw Guise (Slimecraw)","Spattering Disjunction Jack (Spattering Disjunction)","Perfected Null Arca Arm Cops (Perfected Slivers of the Null Arca)","Spattering Disjunction Bracers (Spattering Disjunction)","","Spattering Disjunction Guards (Spattering Disjunction)","Spattering Disjunction Boots (Spattering Disjunction)","","Perfected Null Arca Ring (Perfected Slivers of the Null Arca)","Perfected Null Arca Ring (Perfected Slivers of the Null Arca)","Perfected Null Arca Dagger (Perfected Slivers of the Null Arca)","Perfected Null Arca Dagger (Perfected Slivers of the Null Arca)","The Maelstrom's Perfected Greatsword (Perfected Merciless Charge)"," ()","Camouflaged Hunter","Barbed Trap","Quick Cloak","Cephaliarch's Flail","Pragmatic Fatecarver","Flawless Dawnbreaker","Camouflaged Hunter","Cruxweaver Armor","Anti-Cavalry Caltrops","Stampede","Inspired Scholarship","The Languid Eye"
"Hel Ra Citadel","Ra Kotu","https://www.esologs.com/reports/HPcnCgpT6RLDmBMA#fight=20&type=summary&source=6","@RinBC","Maven Calamitous","herald-soldier-x-perfected-slivers-of-the-null-arca-spattering-disjunction","dps","Herald","Soldier","x","Spattering Disjunction","Perfected Slivers of the Null Arca","171463.4","11252.3","28.5","171463.4 DPS","","Slimecraw Guise (Slimecraw)","Spattering Disjunction Jack (Spattering Disjunction)","Perfected Null Arca Arm Cops (Perfected Slivers of the Null Arca)","Spattering Disjunction Bracers (Spattering Disjunction)","","Spattering Disjunction Guards (Spattering Disjunction)","Spattering Disjunction Boots (Spattering Disjunction)","","Perfected Null Arca Ring (Perfected Slivers of the Null Arca)","Perfected Null Arca Ring (Perfected Slivers of the Null Arca)","Perfected Null Arca Dagger (Perfected Slivers of the Null Arca)","Perfected Null Arca Dagger (Perfected Slivers of the Null Arca)","The Maelstrom's Perfected Greatsword (Perfected Merciless Charge)"," ()","Camouflaged Hunter","Barbed Trap","Quick Cloak","Cephaliarch's Flail","Pragmatic Fatecarver","Flawless Dawnbreaker","Camouflaged Hunter","Cruxweaver Armor","Anti-Cavalry Caltrops","Stampede","Inspired Scholarship","The Languid Eye"
"Hel Ra Citadel","Ra Kotu","https://www.esologs.com/reports/HPcnCgpT6RLDmBMA#fight=20&type=summary&source=11","@Wenlips","Tobianna","herald-soldier-x-perfected-slivers-of-the-null-arca-spattering-disjunction","dps","Herald","Soldier","x","Perfected Slivers of the Null Arca","Spattering Disjunction","138264.7","3764.3","20.6","138264.7 DPS","","Slimecraw Mask (Slimecraw)","Perfected Null Arca Jack (Perfected Slivers of the Null Arca)","Spattering Disjunction Arm Cops (Spattering Disjunction)","Perfected Null Arca Bracers (Perfected Slivers of the Null Arca)","","Perfected Null Arca Guards (Perfected Slivers of the Null Arca)","Perfected Null Arca Boots (Perfected Slivers of the Null Arca)","","Spattering Disjunction Ring (Spattering Disjunction)","Spattering Disjunction Ring (Spattering Disjunction)","Spattering Disjunction Dagger (Spattering Disjunction)","Spattering Disjunction Dagger (Spattering Disjunction)","The Maelstrom's Perfected Greatsword (Perfected Merciless Charge)"," ()","Pragmatic Fatecarver","Cephaliarch's Flail","Quick Cloak","Barbed Trap","Camouflaged Hunter","Flawless Dawnbreaker","Stampede","Fulminating Rune","Inspired Scholarship","Cruxweaver Armor","Camouflaged Hunter","The Languid Eye"
"Hel Ra Citadel","Ra Kotu","https://www.esologs.com/reports/HPcnCgpT6RLDmBMA#fight=20&type=summary&source=12","@MadMod10","Zolus Graylock","herald-soldier-x-perfected-slivers-of-the-null-arca-spattering-disjunction","dps","Herald","Soldier","x","Spattering Disjunction","Perfected Slivers of the Null Arca","175893.5","3704.5","30.1","175893.5 DPS","","Slimecraw Guise (Slimecraw)","Spattering Disjunction Jack (Spattering Disjunction)","Perfected Null Arca Arm Cops (Perfected Slivers of the Null Arca)","Spattering Disjunction Bracers (Spattering Disjunction)","","Spattering Disjunction Guards (Spattering Disjunction)","Spattering Disjunction Boots (Spattering Disjunction)","","Perfected Null Arca Ring (Perfected Slivers of the Null Arca)","Perfected Null Arca Ring (Perfected Slivers of the Null Arca)","Perfected Null Arca Dagger (Perfected Slivers of the Null Arca)","Perfected Null Arca Dagger (Perfected Slivers of the Null Arca)","The Maelstrom's Perfected Inferno Staff (Perfected Crushing Wall)"," ()","Quick Cloak","Barbed Trap","Cephaliarch's Flail","Pragmatic Fatecarver","Camouflaged Hunter","Flawless Dawnbreaker","Elemental Blockade","Cruxweaver Armor","Inspired Scholarship","Fulminating Rune","Camouflaged Hunter","The Languid Eye"
"Hel Ra Citadel","Ra Kotu","https://www.esologs.com/reports/HPcnCgpT6RLDmBMA#fight=20&type=summary&source=11","@Wenlips","Tobianna","herald-soldier-x-perfected-slivers-of-the-null-arca-spattering-disjunction","dps","Herald","Soldier","x","Perfected Slivers of the Null Arca","Spattering Disjunction","138280.2","3800.6","20.6","138280.2 DPS","","Slimecraw Mask (Slimecraw)","Perfected Null Arca Jack (Perfected Slivers of the Null Arca)","Spattering Disjunction Arm Cops (Spattering Disjunction)","Perfected Null Arca Bracers (Perfected Slivers of the Null Arca)","","Perfected Null Arca Guards (Perfected Slivers of the Null Arca)","Perfected Null Arca Boots (Perfected Slivers of the Null Arca)","","Spattering Disjunction Ring (Spattering Disjunction)","Spattering Disjunction Ring (Spattering Disjunction)","Spattering Disjunction Dagger (Spattering Disjunction)","Spattering Disjunction Dagger (Spattering Disjunction)","The Maelstrom's Perfected Greatsword (Perfected Merciless Charge)"," ()","Pragmatic Fatecarver","Cephaliarch's Flail","Quick Cloak","Barbed Trap","Camouflaged Hunter","Flawless Dawnbreaker","Stampede","Fulminating Rune","Inspired Scholarship","Cruxweaver Armor","Camouflaged Hunter","The Languid Eye"
"Hel Ra Citadel","Ra Kotu","https://www.esologs.com/reports/HPcnCgpT6RLDmBMA#fight=20&type=summary&source=12","@MadMod10","Zolus Graylock","herald-soldier-x-perfected-slivers-of-the-null-arca-spattering-disjunction","dps","Herald","Soldier","x","Spattering Disjunction","Perfected Slivers of the Null Arca","175961.0","3707.4","30.2","175961.0 DPS","The Thief","Slimecraw Guise (Slimecraw)","Spattering Disjunction Jack (Spattering Disjunction)","Perfected Null Arca Arm Cops (Perfected Slivers of the Null Arca)","Spattering Disjunction Bracers (Spattering Disjunction)","","Spattering Disjunction Guards (Spattering Disjunction)","Spattering Disjunction Boots (Spattering Disjunction)","","Perfected Null Arca Ring (Perfected Slivers of the Null Arca)","Perfected Null Arca Ring (Perfected Slivers of the Null Arca)","Perfected Null Arca Dagger (Perfected Slivers of the Null Arca)","Perfected Null Arca Dagger (Perfected Slivers of the Null Arca)","The Maelstrom's Perfected Inferno Staff (Perfected Crushing Wall)"," ()","Quick Cloak","Barbed Trap","Cephaliarch's Flail","Pragmatic Fatecarver","Camouflaged Hunter","Flawless Dawnbreaker","Elemental Blockade","Cruxweaver Armor","Inspired Scholarship","Fulminating Rune","Camouflaged Hunter","The Languid Eye"
"Hel Ra Citadel","Ra Kotu","https://www.esologs.com/reports/HPcnCgpT6RLDmBMA#fight=20&type=summary&source=1","@RinBC","Maven Calamitous","herald-soldier-x-perfected-slivers-of-the-null-arca-spattering-disjunction","dps","Herald","Soldier","x","Spattering Disjunction","Perfected Slivers of the Null Arca","171420.4","11250.7","28.6","171420.4 DPS","","Slimecraw Guise (Slimecraw)","Spattering Disjunction Jack (Spattering Disjunction)","Perfected Null Arca Arm Cops (Perfected Slivers of the Null Arca)","Spattering Disjunction Bracers (Spattering Disjunction)","","Spattering Disjunction Guards (Spattering Disjunction)","Spattering Disjunction Boots (Spattering Disjunction)","","Perfected Null Arca Ring (Perfected Slivers of the Null Arca)","Perfected Null Arca Ring (Perfected Slivers of the Null Arca)","Perfected Null Arca Dagger (Perfected Slivers of the Null Arca)","Perfected Null Arca Dagger (Perfected Slivers of the Null Arca)","The Maelstrom's Perfected Greatsword (Perfected Merciless Charge)"," ()","Camouflaged Hunter","Barbed Trap","Quick Cloak","Cephaliarch's Flail","Pragmatic Fatecarver","Flawless Dawnbreaker","Camouflaged Hunter","Cruxweaver Armor","Anti-Cavalry Caltrops","Stampede","Inspired Scholarship","The Languid Eye"
"Hel Ra Citadel","Ra Kotu","https://www.esologs.com/reports/HPcnCgpT6RLDmBMA#fight=20&type=summary&source=2","@csnod","'Kalasia","herald-soldier-x-perfected-slivers-of-the-null-arca-spattering-disjunction","dps","Herald","Soldier","x","Spattering Disjunction","Perfected Slivers of the Null Arca","114533.8","10367.8","18.8","114533.8 DPS","","Slimecraw Mask (Slimecraw)","Spattering Disjunction Jack (Spattering Disjunction)","Perfected Null Arca Arm Cops (Perfected Slivers of the Null Arca)","Spattering Disjunction Bracers (Spattering Disjunction)","","Spattering Disjunction Guards (Spattering Disjunction)","Spattering Disjunction Boots (Spattering Disjunction)","","Perfected Null Arca Ring (Perfected Slivers of the Null Arca)","Perfected Null Arca Ring (Perfected Slivers of the Null Arca)","Perfected Null Arca Dagger (Perfected Slivers of the Null Arca)","Perfected Null Arca Dagger (Perfected Slivers of the Null Arca)","The Maelstrom's Perfected Inferno Staff (Perfected Crushing Wall)"," ()","Quick Cloak","Barbed Trap","Cephaliarch's Flail","Pragmatic Fatecarver","Camouflaged Hunter","Flawless Dawnbreaker","Fulminating Rune","Cruxweaver Armor","Elemental Blockade","Inspired Scholarship","Camouflaged Hunter","The Languid Eye"
"Hel Ra Citadel","Ra Kotu","https://www.esologs.com/reports/HvYJTQMZkXcCBR43#fight=27&type=summary&source=5","@Samnons88","ggboysgg","ass-shadow-siphon-aegis-caller-perfected-slivers-of-the-null-arca","dps","Ass","Shadow","Siphon","Aegis Caller","Perfected Slivers of the Null Arca","203885.6","23296.9","79.7","203885.6 DPS","The Thief","Huntsman's Warmask (Huntsman's Warmask)","Aegis Caller's Jack (Aegis Caller)","Slimecraw Epaulets (Slimecraw)","Perfected Null Arca Bracers (Perfected Slivers of the Null Arca)","","Aegis Caller's Guards (Aegis Caller)","Perfected Null Arca Boots (Perfected Slivers of the Null Arca)","","Perfected Null Arca Ring (Perfected Slivers of the Null Arca)","Perfected Null Arca Ring (Perfected Slivers of the Null Arca)","Aegis Caller's Dagger (Aegis Caller)","Aegis Caller's Dagger (Aegis Caller)","The Maelstrom's Perfected Greatsword (Perfected Merciless Charge)"," ()","Killer's Blade","Shadowy Disguise","Debilitate","Surprise Attack","Relentless Focus","Incapacitating Strike","Stampede","Barbed Trap","Carve","Siphoning Attacks","Dark Shade","Shooting Star"
"Hel Ra Citadel","Ra Kotu","https://www.esologs.com/reports/HvYJTQMZkXcCBR43#fight=27&type=summary&source=7","@SinisterK1","Maddi Sin","ass-shadow-siphon-aegis-caller-perfected-slivers-of-the-null-arca","dps","Ass","Shadow","Siphon","Perfected Slivers of the Null Arca","Aegis Caller","152037.2","9513.1","65.2","152037.2 DPS","","Huntsman's Warmask (Huntsman's Warmask)","Perfected Null Arca Jack (Perfected Slivers of the Null Arca)","Zaan Arm Cops (Zaan)","Perfected Null Arca Bracers (Perfected Slivers of the Null Arca)","","Perfected Null Arca Guards (Perfected Slivers of the Null Arca)","Perfected Null Arca Boots (Perfected Slivers of the Null Arca)","","Aegis Caller's Ring (Aegis Caller)","Aegis Caller's Ring (Aegis Caller)","Aegis Caller's Dagger (Aegis Caller)","Aegis Caller's Dagger (Aegis Caller)","The Maelstrom's Perfected Greatsword (Perfected Merciless Charge)"," ()","Surprise Attack","Shadowy Disguise","Relentless Focus","Killer's Blade","Debilitate","Incapacitating Strike","Stampede","Ulfsild's Contingency","Carve","Dark Shade","Barbed Trap","Shooting Star"
"Hel Ra Citadel","Ra Kotu","https://www.esologs.com/reports/HvYJTQMZkXcCBR43#fight=27&type=summary&source=9","@Gabspufik","Salem Shado","ass-shadow-siphon-aegis-caller-perfected-slivers-of-the-null-arca","tank","Ass","Shadow","Siphon","Perfected Slivers of the Null Arca","Aegis Caller","116345.7","0.0","43.0","43.0 CPM","","Huntsman's Warmask (Huntsman's Warmask)","Perfected Null Arca Jack (Perfected Slivers of the Null Arca)","Slimecraw Arm Cops (Slimecraw)","Perfected Null Arca Bracers (Perfected Slivers of the Null Arca)","","Aegis Caller's Guards (Aegis Caller)","Perfected Null Arca Boots (Perfected Slivers of the Null Arca)","","Aegis Caller's Ring (Aegis Caller)","Aegis Caller's Ring (Aegis Caller)","Aegis Caller's Dagger (Aegis Caller)","Aegis Caller's Dagger (Aegis Caller)","The Maelstrom's Greatsword (Merciless Charge)"," ()","Killer's Blade","Debilitate","Surprise Attack","Shadowy Disguise","Merciless Resolve","Incapacitating Strike","Stampede","Barbed Trap","Carve","Ulfsild's Contingency","Dark Shade","Incapacitating Strike"
"Hel Ra Citadel","Ra Kotu","https://www.esologs.com/reports/HvYJTQMZkXcCBR43#fight=27&type=summary&source=3","@Ace'r","ambuwush","ass-shadow-siphon-aegis-caller-perfected-slivers-of-the-null-arca","dps","Ass","Shadow","Siphon","Aegis Caller","Perfected Slivers of the Null Arca","182762.7","17577.8","89.7","182762.7 DPS","","Huntsman's Warmask (Huntsman's Warmask)","Aegis Caller's Jack (Aegis Caller)","Zaan Epaulets (Zaan)","Aegis Caller's Bracers (Aegis Caller)","","Aegis Caller's Guards (Aegis Caller)","Perfected Null Arca Boots (Perfected Slivers of the Null Arca)","","Perfected Null Arca Ring (Perfected Slivers of the Null Arca)","Perfected Null Arca Ring (Perfected Slivers of the Null Arca)","Perfected Null Arca Dagger (Perfected Slivers of the Null Arca)","Perfected Null Arca Dagger (Perfected Slivers of the Null Arca)","The Maelstrom's Perfected Greatsword (Perfected Merciless Charge)"," ()","Relentless Focus","Surprise Attack","Killer's Blade","Debilitate","Shadowy Disguise","Incapacitating Strike","Stampede","Carve","Ulfsild's Contingency","Dark Shade","Barbed Trap","Ice Comet"
"Hel Ra Citadel","Ra Kotu","https://www.esologs.com/reports/HvYJTQMZkXcCBR43#fight=27&type=summary&source=10","@AuraStorm2278","Miralia Saryu","ass-shadow-siphon-aegis-caller-perfected-slivers-of-the-null-arca","dps","Ass","Shadow","Siphon","Perfected Slivers of the Null Arca","Aegis Caller","97016.3","2789.4","49.6","97016.3 DPS","","Slimecraw Mask (Slimecraw)","Perfected Null Arca Jack (Perfected Slivers of the Null Arca)","Null Arca Arm Cops (Slivers of the Null Arca)","Perfected Null Arca Bracers (Perfected Slivers of the Null Arca)","","Aegis Caller's Guards (Aegis Caller)","Perfected Null Arca Boots (Perfected Slivers of the Null Arca)","","Aegis Caller's Ring (Aegis Caller)","Aegis Caller's Ring (Aegis Caller)","Aegis Caller's Dagger (Aegis Caller)","Aegis Caller's Dagger (Aegis Caller)","The Maelstrom's Perfected Inferno Staff (Perfected Crushing Wall)"," ()","Relentless Focus","Power Extraction","Shadowy Disguise","Surprise Attack","Killer's Blade","Soul Harvest","Debilitate","Unstable Wall of Elements","Ulfsild's Contingency","Dark Shade","Twisting Path","Shooting Star"
"Hel Ra Citadel","Ra Kotu","https://www.esologs.com/reports/mYXRBH4rfVkGqpDz#fight=9&type=summary&source=2","@RadagastTheRainbow","Andreo Servan","animal-green-winter-perfected-pillagers-profit-spell-power-cure","healer","Animal","Green","Winter","Perfected Pillager's Profit","Spell Power Cure","11278.2","98744.5","70.3","98744.5 HPS","","Ozezan the Inferno's Mask (Ozezan the Inferno)","Spell Power Cure Robe (Spell Power Cure)","Ozezan the Inferno's Arm Cops (Ozezan the Inferno)","Spell Power Cure Gloves (Spell Power Cure)","","Spell Power Cure Breeches (Spell Power Cure)","Spell Power Cure Shoes (Spell Power Cure)","","Perfected Pillager's Band (Perfected Pillager's Profit)","Perfected Pillager's Band (Perfected Pillager's Profit)","Perfected Pillager's Restoration Staff (Perfected Pillager's Profit)"," ()","Perfected Pillager's Lightning Staff (Perfected Pillager's Profit)"," ()","Illustrious Healing","Blue Betty","Combat Prayer","Expansive Frost Cloak","Radiating Regeneration","Reviving Barrier","Budding Seeds","Energy Orb","Blockade of Storms","Echoing Vigor","Winter's Revenge","Aggressive Horn"
"Hel Ra Citadel","Ra Kotu","https://www.esologs.com/reports/mYXRBH4rfVkGqpDz#fight=9&type=summary&source=2","@RadagastTheRainbow","Andreo Servan","animal-green-winter-perfected-pillagers-profit-spell-power-cure","healer","Animal","Green","Winter","Perfected Pillager's Profit","Spell Power Cure","11276.9","96001.6","69.8","96001.6 HPS","","Ozezan the Inferno's Mask (Ozezan the Inferno)","Spell Power Cure Robe (Spell Power Cure)","Ozezan the Inferno's Arm Cops (Ozezan the Inferno)","Spell Power Cure Gloves (Spell Power Cure)","","Spell Power Cure Breeches (Spell Power Cure)","Spell Power Cure Shoes (Spell Power Cure)","","Perfected Pillager's Band (Perfected Pillager's Profit)","Perfected Pillager's Band (Perfected Pillager's Profit)","Perfected Pillager's Restoration Staff (Perfected Pillager's Profit)"," ()","Perfected Pillager's Lightning Staff (Perfected Pillager's Profit)"," ()","Illustrious Healing","Blue Betty","Combat Prayer","Expansive Frost Cloak","Radiating Regeneration","Reviving Barrier","Budding Seeds","Energy Orb","Elemental Blockade","Echoing Vigor","Winter's Revenge","Aggressive Horn"
"Hel Ra Citadel","Ra Kotu","https://www.esologs.com/reports/mYXRBH4rfVkGqpDz#fight=9&type=summary&source=2","@RadagastTheRainbow","Andreo Servan","animal-green-winter-perfected-pillagers-profit-spell-power-cure","healer","Animal","Green","Winter","Perfected Pillager's Profit","Spell Power Cure","11283.3","96057.8","69.8","96057.8 HPS","The Ritual","Ozezan the Inferno's Mask (Ozezan the Inferno)","Spell Power Cure Robe (Spell Power Cure)","Ozezan the Inferno's Arm Cops (Ozezan the Inferno)","Spell Power Cure Gloves (Spell Power Cure)","","Spell Power Cure Breeches (Spell Power Cure)","Spell Power Cure Shoes (Spell Power Cure)","","Perfected Pillager's Band (Perfected Pillager's Profit)","Perfected Pillager's Band (Perfected Pillager's Profit)","Perfected Pillager's Restoration Staff (Perfected Pillager's Profit)"," ()","Perfected Pillager's Lightning Staff (Perfected Pillager's Profit)"," ()","Illustrious Healing","Blue Betty","Combat Prayer","Expansive Frost Cloak","Radiating Regeneration","Reviving Barrier","Budding Seeds","Energy Orb","Elemental Blockade","Echoing Vigor","Winter's Revenge","Aggressive Horn"
"Hel Ra Citadel","Ra Kotu","https://www.esologs.com/reports/mYXRBH4rfVkGqpDz#fight=9&type=summary&source=11","@PrincessCatWarrior","Prancing Kitty","animal-green-winter-perfected-pillagers-profit-spell-power-cure","healer","Animal","Green","Winter","Spell Power Cure","Perfected Pillager's Profit","8226.3","70621.4","41.9","70621.4 HPS","","Symphony of Blades Guise (Symphony of Blades)","Spell Power Cure Robe (Spell Power Cure)","Symphony of Blades Epaulets (Symphony of Blades)","Spell Power Cure Gloves (Spell Power Cure)","","Spell Power Cure Breeches (Spell Power Cure)","Spell Power Cure Shoes (Spell Power Cure)","","Perfected Pillager's Band (Perfected Pillager's Profit)","Perfected Pillager's Band (Perfected Pillager's Profit)","The Master's Perfected Restoration Staff (Perfected Grand Rejuvenation)"," ()","Perfected Pillager's Lightning Staff (Perfected Pillager's Profit)"," ()","Budding Seeds","Combat Prayer","Illustrious Healing","Energy Orb","Radiating Regeneration","Wild Guardian","Winter's Revenge","Elemental Blockade","Expansive Frost Cloak","Elemental Susceptibility","Echoing Vigor","Aggressive Horn"
"Hel Ra Citadel","Ra Kotu","https://www.esologs.com/reports/mYXRBH4rfVkGqpDz#fight=9&type=summary&source=10","@spidermonkey222","spirit magic","ass-shadow-siphon-crimson-oaths-rive-turning-tide","tank","Ass","Shadow","Siphon","Turning Tide","Crimson Oath's Rive","8838.6","10238.2","81.7","81.7 CPM","The Atronach","Nazaray Mask (Nazaray)","Cuirass of the Crimson Oath (Crimson Oath's Rive)","Nazaray Epaulets (Nazaray)","Gauntlets of the Crimson Oath (Crimson Oath's Rive)","","Greaves of the Crimson Oath (Crimson Oath's Rive)","Sabatons of the Crimson Oath (Crimson Oath's Rive)","","Ring of the Turning Tide (Turning Tide)","Ring of the Turning Tide (Turning Tide)","Ice Staff of the Turning Tide (Turning Tide)"," ()","Ice Staff of the Turning Tide (Turning Tide)"," ()","Warding Contingency (Gladiator's Tenacity / Intellect and Endurance)","Resolving Vigor","Shadowy Disguise","Inner Rage","Blinding Flare","Soul Harvest","Elemental Susceptibility","Siphoning Attacks","Unstable Wall of Elements","Leashing Soul (Druid's Resurgence / Cowardice)","Warding Burst (Class Flourish / Courage)","Aggressive Horn"
"Hel Ra Citadel","Ra Kotu","https://www.esologs.com/reports/mYXRBH4rfVkGqpDz#fight=9&type=summary&source=10","@spidermonkey222","spirit magic","ass-shadow-siphon-crimson-oaths-rive-turning-tide","tank","Ass","Shadow","Siphon","Turning Tide","Crimson Oath's Rive","8480.0","12335.6","80.9","80.9 CPM","","Nazaray Mask (Nazaray)","Cuirass of the Crimson Oath (Crimson Oath's Rive)","Nazaray Epaulets (Nazaray)","Gauntlets of the Crimson Oath (Crimson Oath's Rive)","","Greaves of the Crimson Oath (Crimson Oath's Rive)","Sabatons of the Crimson Oath (Crimson Oath's Rive)","","Ring of the Turning Tide (Turning Tide)","Ring of the Turning Tide (Turning Tide)","Ice Staff of the Turning Tide (Turning Tide)"," ()","Ice Staff of the Turning Tide (Turning Tide)"," ()","Ulfsild's Contingency","Resolving Vigor","Shadowy Disguise","Inner Rage","Blinding Flare","Soul Harvest","Elemental Susceptibility","Siphoning Attacks","Unstable Wall of Elements","Leashing Soul","Warding Burst","Aggressive Horn"
"Hel Ra Citadel","Ra Kotu","https://www.esologs.com/reports/mYXRBH4rfVkGqpDz#fight=9&type=summary&source=9","@spidermonkey222","spirit magic","ass-shadow-siphon-crimson-oaths-rive-turning-tide","tank","Ass","Shadow","Siphon","Turning Tide","Crimson Oath's Rive","8482.0","12328.9","80.9","80.9 CPM","","Nazaray Mask (Nazaray)","Cuirass of the Crimson Oath (Crimson Oath's Rive)","Nazaray Epaulets (Nazaray)","Gauntlets of the Crimson Oath (Crimson Oath's Rive)","","Greaves of the Crimson Oath (Crimson Oath's Rive)","Sabatons of the Crimson Oath (Crimson Oath's Rive)","","Ring of the Turning Tide (Turning Tide)","Ring of the Turning Tide (Turning Tide)","Ice Staff of the Turning Tide (Turning Tide)"," ()","Ice Staff of the Turning Tide (Turning Tide)"," ()","Ulfsild's Contingency","Resolving Vigor","Shadowy Disguise","Inner Rage","Blinding Flare","Soul Harvest","Elemental Susceptibility","Siphoning Attacks","Unstable Wall of Elements","Leashing Soul","Warding Burst","Aggressive Horn"
"Hel Ra Citadel","Ra Kotu","https://www.esologs.com/reports/mYXRBH4rfVkGqpDz#fight=9&type=summary&source=7","@DonaWorryBeHappy","Pashvee Hatched-in-Flame","ardent-earthen-x-jorvulds-guidance-perfected-roaring-opportunist","healer","Ardent","Earthen","x","Jorvuld's Guidance","Perfected Roaring Opportunist","5788.0","76364.5","57.2","76364.5 HPS","The Atronach","Symphony of Blades Guise (Symphony of Blades)","Jorvuld's Guidance Jerkin (Jorvuld's Guidance)","Symphony of Blades Epaulets (Symphony of Blades)","Jorvuld's Guidance Gloves (Jorvuld's Guidance)","","Jorvuld's Guidance Breeches (Jorvuld's Guidance)","Jorvuld's Guidance Shoes (Jorvuld's Guidance)","","Roaring Opportunist's Perfected Ring (Perfected Roaring Opportunist)","Roaring Opportunist's Perfected Ring (Perfected Roaring Opportunist)","The Master's Perfected Restoration Staff (Perfected Grand Rejuvenation)"," ()","Roaring Opportunist's Perfected Ice Staff (Perfected Roaring Opportunist)"," ()","Combat Prayer","Energy Orb","Illustrious Healing","Radiating Regeneration","Protect the Brood","Reviving Barrier","Echoing Vigor","Igneous Shield","Blockade of Frost","Fire Keeper","Cauterize","Standard of Might"
"Hel Ra Citadel","Ra Kotu","https://www.esologs.com/reports/mYXRBH4rfVkGqpDz#fight=9&type=summary&source=7","@DonaWorryBeHappy","Pashvee Hatched-in-Flame","ardent-earthen-x-jorvulds-guidance-perfected-roaring-opportunist","healer","Ardent","Earthen","x","Jorvuld's Guidance","Perfected Roaring Opportunist","5784.9","77121.4","57.1","77121.4 HPS","","Symphony of Blades Guise (Symphony of Blades)","Jorvuld's Guidance Jerkin (Jorvuld's Guidance)","Symphony of Blades Epaulets (Symphony of Blades)","Jorvuld's Guidance Gloves (Jorvuld's Guidance)","","Jorvuld's Guidance Breeches (Jorvuld's Guidance)","Jorvuld's Guidance Shoes (Jorvuld's Guidance)","","Roaring Opportunist's Perfected Ring (Perfected Roaring Opportunist)","Roaring Opportunist's Perfected Ring (Perfected Roaring Opportunist)","The Master's Perfected Restoration Staff (Perfected Grand Rejuvenation)"," ()","Roaring Opportunist's Perfected Ice Staff (Perfected Roaring Opportunist)"," ()","Combat Prayer","Energy Orb","Illustrious Healing","Radiating Regeneration","Protect the Brood","Reviving Barrier","Echoing Vigor","Igneous Shield","Elemental Blockade","Fire Keeper","Cauterize","Standard of Might"
"Hel Ra Citadel","Ra Kotu","https://www.esologs.com/reports/mYXRBH4rfVkGqpDz#fight=9&type=summary&source=6","@DonaWorryBeHappy","Pashvee Hatched-in-Flame","ardent-earthen-x-jorvulds-guidance-perfected-roaring-opportunist","healer","Ardent","Earthen","x","Jorvuld's Guidance","Perfected Roaring Opportunist","5786.5","77085.8","57.1","77085.8 HPS","","Symphony of Blades Guise (Symphony of Blades)","Jorvuld's Guidance Jerkin (Jorvuld's Guidance)","Symphony of Blades Epaulets (Symphony of Blades)","Jorvuld's Guidance Gloves (Jorvuld's Guidance)","","Jorvuld's Guidance Breeches (Jorvuld's Guidance)","Jorvuld's Guidance Shoes (Jorvuld's Guidance)","","Roaring Opportunist's Perfected Ring (Perfected Roaring Opportunist)","Roaring Opportunist's Perfected Ring (Perfected Roaring Opportunist)","The Master's Perfected Restoration Staff (Perfected Grand Rejuvenation)"," ()","Roaring Opportunist's Perfected Ice Staff (Perfected Roaring Opportunist)"," ()","Combat Prayer","Energy Orb","Illustrious Healing","Radiating Regeneration","Protect the Brood","Reviving Barrier","Echoing Vigor","Igneous Shield","Elemental Blockade","Fire Keeper","Cauterize","Standard of Might"
"Hel Ra Citadel","Ra Kotu","https://www.esologs.com/reports/mYXRBH4rfVkGqpDz#fight=9&type=summary&source=9","@M0R_Gaming","Pythiøs","daedric-dark-storm-perfected-lucent-echoes-unknown","tank","Dark","Daedric","Storm","Perfected Lucent Echoes","Perfected Pearlescent Ward","12651.0","0.0","86.6","86.6 CPM","The Atronach","Nazaray Visage (Nazaray)","Lucent Echoes Perfected Cuirass (Perfected Lucent Echoes)","Nazaray Pauldron (Nazaray)","Lucent Echoes Perfected Gauntlets (Perfected Lucent Echoes)","","Lucent Echoes Perfected Greaves (Perfected Lucent Echoes)","Lucent Echoes Perfected Sabatons (Perfected Lucent Echoes)","","Perfected Pearlescent Ring (Perfected Pearlescent Ward)","Perfected Pearlescent Ring (Perfected Pearlescent Ward)","Lucent Echoes Perfected Axe (Perfected Lucent Echoes)","Lucent Echoes Perfected Shield (Perfected Lucent Echoes)","Ice Staff of the Crimson Oath (Crimson Oath's Rive)"," ()","Goading Throw (Sage's Remedy / Cowardice)","Boundless Storm","Bound Aegis","Dark Deal","Vibrant Shroud","Reviving Barrier","Charging Maneuver","Blockade of Frost","Ball of Lightning","Leashing Soul (Druid's Resurgence / Breach)","Elemental Susceptibility","Greater Storm Atronach"
"Hel Ra Citadel","Ra Kotu","https://www.esologs.com/reports/mYXRBH4rfVkGqpDz#fight=9&type=summary&source=9","@M0R_Gaming","Pythiøs","daedric-dark-storm-perfected-lucent-echoes-unknown","tank","Dark","Daedric","Storm","Perfected Lucent Echoes","Perfected Pearlescent Ward","12325.1","0.0","85.6","85.6 CPM","","Nazaray Visage (Nazaray)","Lucent Echoes Perfected Cuirass (Perfected Lucent Echoes)","Nazaray Pauldron (Nazaray)","Lucent Echoes Perfected Gauntlets (Perfected Lucent Echoes)","","Lucent Echoes Perfected Greaves (Perfected Lucent Echoes)","Lucent Echoes Perfected Sabatons (Perfected Lucent Echoes)","","Perfected Pearlescent Ring (Perfected Pearlescent Ward)","Perfected Pearlescent Ring (Perfected Pearlescent Ward)","Lucent Echoes Perfected Axe (Perfected Lucent Echoes)","Lucent Echoes Perfected Shield (Perfected Lucent Echoes)","Ice Staff of the Crimson Oath (Crimson Oath's Rive)"," ()","Goading Throw","Boundless Storm","Bound Aegis","Dark Deal","Vibrant Shroud","Reviving Barrier","Charging Maneuver","Elemental Blockade","Ball of Lightning","Leashing Soul","Elemental Susceptibility","Greater Storm Atronach"
"Hel Ra Citadel","Ra Kotu","https://www.esologs.com/reports/mYXRBH4rfVkGqpDz#fight=9&type=summary&source=8","@M0R_Gaming","Pythiøs","daedric-dark-storm-perfected-lucent-echoes-unknown","tank","Dark","Daedric","Storm","Perfected Lucent Echoes","Perfected Pearlescent Ward","12330.8","0.0","85.7","85.7 CPM","","Nazaray Visage (Nazaray)","Lucent Echoes Perfected Cuirass (Perfected Lucent Echoes)","Nazaray Pauldron (Nazaray)","Lucent Echoes Perfected Gauntlets (Perfected Lucent Echoes)","","Lucent Echoes Perfected Greaves (Perfected Lucent Echoes)","Lucent Echoes Perfected Sabatons (Perfected Lucent Echoes)","","Perfected Pearlescent Ring (Perfected Pearlescent Ward)","Perfected Pearlescent Ring (Perfected Pearlescent Ward)","Lucent Echoes Perfected Axe (Perfected Lucent Echoes)","Lucent Echoes Perfected Shield (Perfected Lucent Echoes)","Ice Staff of the Crimson Oath (Crimson Oath's Rive)"," ()","Goading Throw","Boundless Storm","Bound Aegis","Dark Deal","Vibrant Shroud","Reviving Barrier","Charging Maneuver","Elemental Blockade","Ball of Lightning","Leashing Soul","Elemental Susceptibility","Greater Storm Atronach"
"Hel Ra Citadel","Ra Kotu","https://www.esologs.com/reports/HPcnCgpT6RLDmBMA#fight=20&type=summary&source=1","@Luminara04","Kathelyna Kaethius","animal-green-winter-master-architect-serpents-disdain","healer","Animal","Green","Winter","Master Architect","Serpent's Disdain","14864.2","30528.0","40.0","30528.0 HPS","The Atronach","Ozezan the Inferno's Guise (Ozezan the Inferno)","Master Architect Robe (Master Architect)","Ozezan the Inferno's Arm Cops (Ozezan the Inferno)","Master Architect Gloves (Master Architect)","","Master Architect Breeches (Master Architect)","Master Architect Shoes (Master Architect)","","Ring of Serpent's Disdain (Serpent's Disdain)","Ring of Serpent's Disdain (Serpent's Disdain)","The Master's Perfected Restoration Staff (Perfected Grand Rejuvenation)"," ()","Lightning Staff of Serpent's Disdain (Serpent's Disdain)"," ()","Illustrious Healing","Radiating Regeneration","Budding Seeds","Energy Orb","Combat Prayer","Wild Guardian","Unstable Wall of Elements","Elemental Susceptibility","Arctic Blast","Winter's Revenge","Expansive Frost Cloak","Reviving Barrier"
"Hel Ra Citadel","Ra Kotu","https://www.esologs.com/reports/HPcnCgpT6RLDmBMA#fight=20&type=summary&source=5","@Jaydeism","Azenor Thornwyld","animal-green-winter-master-architect-serpents-disdain","healer","Animal","Green","Winter","Serpent's Disdain","Master Architect","12081.6","75316.3","52.2","75316.3 HPS","","Symphony of Blades Guise (Symphony of Blades)","Robe of Serpent's Disdain (Serpent's Disdain)","Symphony of Blades Epaulets (Symphony of Blades)","Gloves of Serpent's Disdain (Serpent's Disdain)","","Breeches of Serpent's Disdain (Serpent's Disdain)","Shoes of Serpent's Disdain (Serpent's Disdain)","","Master Architect Ring (Master Architect)","Master Architect Ring (Master Architect)","The Master's Perfected Restoration Staff (Perfected Grand Rejuvenation)"," ()","Master Architect Ice Staff (Master Architect)"," ()","Green Lotus","Combat Prayer","Budding Seeds","Echoing Vigor","Illustrious Healing","Eternal Guardian","Elemental Blockade","Warding Burst","Expansive Frost Cloak","Winter's Revenge","Overflowing Altar","Aggressive Horn"
"Hel Ra Citadel","Ra Kotu","https://www.esologs.com/reports/HvYJTQMZkXcCBR43#fight=27&type=summary&source=11","@vexietexie","Who Plays Necro","bone-grave-herald-corpseburster-perfected-slivers-of-the-null-arca","tank","Grave","Bone","Herald","Perfected Slivers of the Null Arca","Corpseburster","218357.6","16653.5","134.1","134.1 CPM","The Thief","Huntsman's Warmask (Huntsman's Warmask)","Perfected Null Arca Jack (Perfected Slivers of the Null Arca)","Zaan Epaulets (Zaan)","Perfected Null Arca Bracers (Perfected Slivers of the Null Arca)","","Perfected Null Arca Guards (Perfected Slivers of the Null Arca)","Perfected Null Arca Boots (Perfected Slivers of the Null Arca)","","Corpseburster Ring (Corpseburster)","Corpseburster Ring (Corpseburster)","Corpseburster Dagger (Corpseburster)","Corpseburster Dagger (Corpseburster)","The Maelstrom's Perfected Greatsword (Perfected Merciless Charge)"," ()","Venom Skull","Avid Boneyard","Blighted Blastbones","Detonating Siphon","Banner Bearer","Flawless Dawnbreaker","Barbed Trap","Stampede","Skeletal Archer","Carve","Banner Bearer","Pummeling Goliath"
"Hel Ra Citadel","Ra Kotu","https://www.esologs.com/reports/HvYJTQMZkXcCBR43#fight=27&type=summary&source=199","@CoachShaz","wtbtaunt","bone-grave-herald-corpseburster-perfected-slivers-of-the-null-arca","dps","Grave","Bone","Herald","Perfected Slivers of the Null Arca","Corpseburster","88404.6","10227.4","70.3","88404.6 DPS","","Slimecraw Mask (Slimecraw)","Perfected Null Arca Jack (Perfected Slivers of the Null Arca)","Corpseburster Arm Cops (Corpseburster)","Perfected Null Arca Bracers (Perfected Slivers of the Null Arca)","","Perfected Null Arca Guards (Perfected Slivers of the Null Arca)","Perfected Null Arca Boots (Perfected Slivers of the Null Arca)","","Shattered Paths Signet (Shattered Paths Signet)","Corpseburster Ring (Corpseburster)","Corpseburster Dagger (Corpseburster)","Corpseburster Dagger (Corpseburster)","The Maelstrom's Perfected Greatsword (Perfected Merciless Charge)"," ()","Blighted Blastbones","Avid Boneyard","Venom Skull","Detonating Siphon","Banner Bearer","Flawless Dawnbreaker","Ghostly Embrace","Stampede","Carve","Skeletal Archer","Banner Bearer","Flawless Dawnbreaker"
"Hel Ra Citadel","The Yokedas","https://www.esologs.com/reports/mYXRBH4rfVkGqpDz#fight=3&type=summary&source=1","@MadMod10","Zolus Graylock","herald-soldier-x-perfected-sul-xans-torment-spattering-disjunction","dps","Herald","Soldier","x","Spattering Disjunction","Perfected Sul-Xan's Torment","70373.4","2514.4","35.4","70373.4 DPS","","Slimecraw Guise (Slimecraw)","Spattering Disjunction Jack (Spattering Disjunction)","Perfected Arm Cops of Sul-Xan's Torment (Perfected Sul-Xan's Torment)","Spattering Disjunction Bracers (Spattering Disjunction)","","Spattering Disjunction Guards (Spattering Disjunction)","Spattering Disjunction Boots (Spattering Disjunction)","","Perfected Ring of Sul-Xan's Torment (Perfected Sul-Xan's Torment)","Perfected Ring of Sul-Xan's Torment (Perfected Sul-Xan's Torment)","Perfected Dagger of Sul-Xan's Torment (Perfected Sul-Xan's Torment)","Perfected Dagger of Sul-Xan's Torment (Perfected Sul-Xan's Torment)","The Maelstrom's Perfected Inferno Staff (Perfected Crushing Wall)"," ()","Quick Cloak","Barbed Trap","Cephaliarch's Flail","Pragmatic Fatecarver","Camouflaged Hunter","Flawless Dawnbreaker","Blockade of Fire","Cruxweaver Armor","Inspired Scholarship","Fulminating Rune","Camouflaged Hunter","The Languid Eye"
"Hel Ra Citadel","The Yokedas","https://www.esologs.com/reports/mYXRBH4rfVkGqpDz#fight=3&type=summary&source=6","@RinBC","Maven Calamitous","herald-soldier-x-perfected-sul-xans-torment-spattering-disjunction","dps","Herald","Soldier","x","Spattering Disjunction","Perfected Sul-Xan's Torment","80904.8","8449.4","33.7","80904.8 DPS","","Slimecraw Guise (Slimecraw)","Spattering Disjunction Jack (Spattering Disjunction)","Perfected Arm Cops of Sul-Xan's Torment (Perfected Sul-Xan's Torment)","Spattering Disjunction Bracers (Spattering Disjunction)","","Spattering Disjunction Guards (Spattering Disjunction)","Spattering Disjunction Boots (Spattering Disjunction)","","Perfected Ring of Sul-Xan's Torment (Perfected Sul-Xan's Torment)","Perfected Ring of Sul-Xan's Torment (Perfected Sul-Xan's Torment)","Perfected Dagger of Sul-Xan's Torment (Perfected Sul-Xan's Torment)","Perfected Dagger of Sul-Xan's Torment (Perfected Sul-Xan's Torment)","The Maelstrom's Perfected Inferno Staff (Perfected Crushing Wall)"," ()","Camouflaged Hunter","Barbed Trap","Quick Cloak","Cephaliarch's Flail","Pragmatic Fatecarver","Flawless Dawnbreaker","Camouflaged Hunter","Cruxweaver Armor","Anti-Cavalry Caltrops","Blockade of Fire","Inspired Scholarship","The Languid Eye"
"Hel Ra Citadel","The Yokedas","https://www.esologs.com/reports/mYXRBH4rfVkGqpDz#fight=3&type=summary&source=6","@RinBC","Maven Calamitous","herald-soldier-x-perfected-sul-xans-torment-spattering-disjunction","dps","Herald","Soldier","x","Spattering Disjunction","Perfected Sul-Xan's Torment","84217.8","7360.8","21.9","84217.8 DPS","","Slimecraw Guise (Slimecraw)","Spattering Disjunction Jack (Spattering Disjunction)","Perfected Arm Cops of Sul-Xan's Torment (Perfected Sul-Xan's Torment)","Spattering Disjunction Bracers (Spattering Disjunction)","","Spattering Disjunction Guards (Spattering Disjunction)","Spattering Disjunction Boots (Spattering Disjunction)","","Perfected Ring of Sul-Xan's Torment (Perfected Sul-Xan's Torment)","Perfected Ring of Sul-Xan's Torment (Perfected Sul-Xan's Torment)","Perfected Dagger of Sul-Xan's Torment (Perfected Sul-Xan's Torment)","Perfected Dagger of Sul-Xan's Torment (Perfected Sul-Xan's Torment)","The Maelstrom's Perfected Inferno Staff (Perfected Crushing Wall)"," ()","Camouflaged Hunter","Barbed Trap","Quick Cloak","Cephaliarch's Flail","Pragmatic Fatecarver","Flawless Dawnbreaker","Camouflaged Hunter","Cruxweaver Armor","Anti-Cavalry Caltrops","Elemental Blockade","Inspired Scholarship","The Languid Eye"
"Hel Ra Citadel","The Yokedas","https://www.esologs.com/reports/mYXRBH4rfVkGqpDz#fight=3&type=summary&source=12","@MadMod10","Zolus Graylock","herald-soldier-x-perfected-sul-xans-torment-spattering-disjunction","dps","Herald","Soldier","x","Spattering Disjunction","Perfected Sul-Xan's Torment","70380.4","3449.0","23.9","70380.4 DPS","","Slimecraw Guise (Slimecraw)","Spattering Disjunction Jack (Spattering Disjunction)","Perfected Arm Cops of Sul-Xan's Torment (Perfected Sul-Xan's Torment)","Spattering Disjunction Bracers (Spattering Disjunction)","","Spattering Disjunction Guards (Spattering Disjunction)","Spattering Disjunction Boots (Spattering Disjunction)","","Perfected Ring of Sul-Xan's Torment (Perfected Sul-Xan's Torment)","Perfected Ring of Sul-Xan's Torment (Perfected Sul-Xan's Torment)","Perfected Dagger of Sul-Xan's Torment (Perfected Sul-Xan's Torment)","Perfected Dagger of Sul-Xan's Torment (Perfected Sul-Xan's Torment)","The Maelstrom's Perfected Inferno Staff (Perfected Crushing Wall)"," ()","Quick Cloak","Barbed Trap","Cephaliarch's Flail","Pragmatic Fatecarver","Camouflaged Hunter","Flawless Dawnbreaker","Elemental Blockade","Cruxweaver Armor","Inspired Scholarship","Fulminating Rune","Camouflaged Hunter","The Languid Eye"
"Hel Ra Citadel","The Yokedas","https://www.esologs.com/reports/mYXRBH4rfVkGqpDz#fight=3&type=summary&source=2","@csnod","'Kalasia","herald-soldier-x-perfected-sul-xans-torment-spattering-disjunction","dps","Herald","Soldier","x","Spattering Disjunction","Perfected Sul-Xan's Torment","97287.4","6026.5","12.4","97287.4 DPS","The Ritual","Slimecraw Mask (Slimecraw)","Spattering Disjunction Jack (Spattering Disjunction)","Perfected Arm Cops of Sul-Xan's Torment (Perfected Sul-Xan's Torment)","Spattering Disjunction Bracers (Spattering Disjunction)","","Spattering Disjunction Guards (Spattering Disjunction)","Spattering Disjunction Boots (Spattering Disjunction)","","Perfected Ring of Sul-Xan's Torment (Perfected Sul-Xan's Torment)","Perfected Ring of Sul-Xan's Torment (Perfected Sul-Xan's Torment)","Perfected Dagger of Sul-Xan's Torment (Perfected Sul-Xan's Torment)","Perfected Dagger of Sul-Xan's Torment (Perfected Sul-Xan's Torment)","The Maelstrom's Perfected Inferno Staff (Perfected Crushing Wall)"," ()","Quick Cloak","Barbed Trap","Cephaliarch's Flail","Pragmatic Fatecarver","Camouflaged Hunter","Flawless Dawnbreaker","Fulminating Rune","Cruxweaver Armor","Elemental Blockade","Inspired Scholarship","Camouflaged Hunter","The Languid Eye"
"Hel Ra Citadel","The Yokedas","https://www.esologs.com/reports/mYXRBH4rfVkGqpDz#fight=3&type=summary&source=5","@kip.anderson","Kip A Anders","herald-x-x-perfected-slivers-of-the-null-arca-spattering-disjunction","dps","Herald","x","x","Spattering Disjunction","Perfected Slivers of the Null Arca","63960.9","10788.1","39.6","63960.9 DPS","","Slimecraw Guise (Slimecraw)","Spattering Disjunction Jack (Spattering Disjunction)","Perfected Null Arca Arm Cops (Perfected Slivers of the Null Arca)","Spattering Disjunction Bracers (Spattering Disjunction)","","Spattering Disjunction Guards (Spattering Disjunction)","Spattering Disjunction Boots (Spattering Disjunction)","","Perfected Null Arca Ring (Perfected Slivers of the Null Arca)","Perfected Null Arca Ring (Perfected Slivers of the Null Arca)","Perfected Null Arca Dagger (Perfected Slivers of the Null Arca)","Perfected Null Arca Dagger (Perfected Slivers of the Null Arca)","The Maelstrom's Perfected Greatsword (Perfected Merciless Charge)"," ()","Shocking Banner (Sage's Remedy / Heroism)","Quick Cloak","Cephaliarch's Flail","Pragmatic Fatecarver","Camouflaged Hunter","Flawless Dawnbreaker","Shocking Banner (Sage's Remedy / Heroism)","Elemental Blockade","Inspired Scholarship","Razor Caltrops","Echoing Vigor","Elemental Rage"
"Hel Ra Citadel","The Yokedas","https://www.esologs.com/reports/mYXRBH4rfVkGqpDz#fight=3&type=summary&source=5","@kip.anderson","Kip A Anders","herald-x-x-perfected-slivers-of-the-null-arca-spattering-disjunction","dps","Herald","x","x","Spattering Disjunction","Perfected Slivers of the Null Arca","63957.2","11688.3","28.1","63957.2 DPS","","Slimecraw Guise (Slimecraw)","Spattering Disjunction Jack (Spattering Disjunction)","Perfected Null Arca Arm Cops (Perfected Slivers of the Null Arca)","Spattering Disjunction Bracers (Spattering Disjunction)","","Spattering Disjunction Guards (Spattering Disjunction)","Spattering Disjunction Boots (Spattering Disjunction)","","Perfected Null Arca Ring (Perfected Slivers of the Null Arca)","Perfected Null Arca Ring (Perfected Slivers of the Null Arca)","Perfected Null Arca Dagger (Perfected Slivers of the Null Arca)","Perfected Null Arca Dagger (Perfected Slivers of the Null Arca)","The Maelstrom's Perfected Greatsword (Perfected Merciless Charge)"," ()","Banner Bearer","Quick Cloak","Cephaliarch's Flail","Pragmatic Fatecarver","Camouflaged Hunter","Flawless Dawnbreaker","Banner Bearer","Elemental Blockade","Inspired Scholarship","Razor Caltrops","Echoing Vigor","Elemental Rage"
"Hel Ra Citadel","The Yokedas","https://www.esologs.com/reports/mYXRBH4rfVkGqpDz#fight=3&type=summary&source=6","@sZenario27","Celebrimbor von Eregion","herald-x-x-perfected-slivers-of-the-null-arca-spattering-disjunction","dps","Herald","x","x","Spattering Disjunction","Perfected Slivers of the Null Arca","74162.2","5230.9","19.5","74162.2 DPS","","Slimecraw Mask (Slimecraw)","Spattering Disjunction Jack (Spattering Disjunction)","Perfected Null Arca Arm Cops (Perfected Slivers of the Null Arca)","Spattering Disjunction Bracers (Spattering Disjunction)","","Spattering Disjunction Guards (Spattering Disjunction)","Spattering Disjunction Boots (Spattering Disjunction)","","Perfected Null Arca Ring (Perfected Slivers of the Null Arca)","Perfected Null Arca Ring (Perfected Slivers of the Null Arca)","Perfected Null Arca Dagger (Perfected Slivers of the Null Arca)","Perfected Null Arca Dagger (Perfected Slivers of the Null Arca)","The Maelstrom's Perfected Greatsword (Perfected Merciless Charge)"," ()","Quick Cloak","Cephaliarch's Flail","Pragmatic Fatecarver","Camouflaged Hunter","Banner Bearer","Flawless Dawnbreaker","Inspired Scholarship","Stampede","Fulminating Rune","Camouflaged Hunter","Banner Bearer","The Languid Eye"
"Hel Ra Citadel","The Yokedas","https://www.esologs.com/reports/mYXRBH4rfVkGqpDz#fight=3&type=summary&source=8","@annia08","Narya von Eregion","herald-x-x-perfected-slivers-of-the-null-arca-spattering-disjunction","dps","Herald","x","x","Spattering Disjunction","Perfected Slivers of the Null Arca","67171.6","3061.8","14.3","67171.6 DPS","","Slimecraw Mask (Slimecraw)","Spattering Disjunction Jack (Spattering Disjunction)","Perfected Null Arca Arm Cops (Perfected Slivers of the Null Arca)","Spattering Disjunction Bracers (Spattering Disjunction)","","Spattering Disjunction Guards (Spattering Disjunction)","Spattering Disjunction Boots (Spattering Disjunction)","","Perfected Null Arca Ring (Perfected Slivers of the Null Arca)","Perfected Null Arca Ring (Perfected Slivers of the Null Arca)","Perfected Null Arca Dagger (Perfected Slivers of the Null Arca)","Perfected Null Arca Dagger (Perfected Slivers of the Null Arca)","The Maelstrom's Perfected Greatsword (Perfected Merciless Charge)"," ()","Cephaliarch's Flail","Quick Cloak","Pragmatic Fatecarver","Camouflaged Hunter","Banner Bearer","Flawless Dawnbreaker","Fulminating Rune","Inspired Scholarship","Stampede","Resolving Vigor","Banner Bearer","The Languid Eye"
"Hel Ra Citadel","The Yokedas","https://www.esologs.com/reports/mYXRBH4rfVkGqpDz#fight=3&type=summary&source=9","@Gandalf457","xx-Gandalf-xx","herald-x-x-perfected-slivers-of-the-null-arca-spattering-disjunction","dps","Herald","x","x","Spattering Disjunction","Perfected Slivers of the Null Arca","104202.8","3115.2","21.2","104202.8 DPS","The Atronach","Spattering Disjunction Helmet (Spattering Disjunction)","Spattering Disjunction Jack (Spattering Disjunction)","Slimecraw Epaulets (Slimecraw)","Spattering Disjunction Bracers (Spattering Disjunction)","","Spattering Disjunction Guards (Spattering Disjunction)","Spattering Disjunction Boots (Spattering Disjunction)","","Perfected Null Arca Ring (Perfected Slivers of the Null Arca)","Perfected Null Arca Ring (Perfected Slivers of the Null Arca)","Perfected Null Arca Dagger (Perfected Slivers of the Null Arca)","Perfected Null Arca Dagger (Perfected Slivers of the Null Arca)","The Maelstrom's Perfected Greatsword (Perfected Merciless Charge)"," ()","Cephaliarch's Flail","Pragmatic Fatecarver","Quick Cloak","Fulminating Rune","Camouflaged Hunter","Flawless Dawnbreaker","Stampede","Inspired Scholarship","Scalding Rune","Barbed Trap","Camouflaged Hunter","The Tide King's Gaze"
"Hel Ra Citadel","The Yokedas","https://www.esologs.com/reports/mYXRBH4rfVkGqpDz#fight=3&type=summary&source=2","@RadagastTheRainbow","Andreo Servan","animal-green-winter-perfected-pillagers-profit-spell-power-cure","healer","Animal","Green","Winter","Perfected Pillager's Profit","Spell Power Cure","10070.5","48475.8","47.4","48475.8 HPS","","Ozezan the Inferno's Mask (Ozezan the Inferno)","Spell Power Cure Robe (Spell Power Cure)","Ozezan the Inferno's Arm Cops (Ozezan the Inferno)","Spell Power Cure Gloves (Spell Power Cure)","","Spell Power Cure Breeches (Spell Power Cure)","Spell Power Cure Shoes (Spell Power Cure)","","Perfected Pillager's Band (Perfected Pillager's Profit)","Perfected Pillager's Band (Perfected Pillager's Profit)","Perfected Pillager's Restoration Staff (Perfected Pillager's Profit)"," ()","Perfected Pillager's Lightning Staff (Perfected Pillager's Profit)"," ()","Illustrious Healing","Blue Betty","Combat Prayer","Expansive Frost Cloak","Radiating Regeneration","Reviving Barrier","Budding Seeds","Energy Orb","Chilling Explosion (Assassin's Misery / Brittle)","Echoing Vigor","Winter's Revenge","Aggressive Horn"
"Hel Ra Citadel","The Yokedas","https://www.esologs.com/reports/mYXRBH4rfVkGqpDz#fight=3&type=summary&source=2","@RadagastTheRainbow","Andreo Servan","animal-green-winter-perfected-pillagers-profit-spell-power-cure","healer","Animal","Green","Winter","Perfected Pillager's Profit","Spell Power Cure","10149.3","49349.5","47.4","49349.5 HPS","The Ritual","Ozezan the Inferno's Mask (Ozezan the Inferno)","Spell Power Cure Robe (Spell Power Cure)","Ozezan the Inferno's Arm Cops (Ozezan the Inferno)","Spell Power Cure Gloves (Spell Power Cure)","","Spell Power Cure Breeches (Spell Power Cure)","Spell Power Cure Shoes (Spell Power Cure)","","Perfected Pillager's Band (Perfected Pillager's Profit)","Perfected Pillager's Band (Perfected Pillager's Profit)","Perfected Pillager's Restoration Staff (Perfected Pillager's Profit)"," ()","Perfected Pillager's Lightning Staff (Perfected Pillager's Profit)"," ()","Illustrious Healing","Blue Betty","Combat Prayer","Expansive Frost Cloak","Radiating Regeneration","Reviving Barrier","Budding Seeds","Energy Orb","Elemental Explosion","Echoing Vigor","Winter's Revenge","Aggressive Horn"
"Hel Ra Citadel","The Yokedas","https://www.esologs.com/reports/mYXRBH4rfVkGqpDz#fight=3&type=summary&source=10","@spidermonkey222","spirit magic","ass-shadow-siphon-crimson-oaths-rive-turning-tide","tank","Ass","Shadow","Siphon","Turning Tide","Crimson Oath's Rive","4049.0","4360.6","53.0","53.0 CPM","","Nazaray Mask (Nazaray)","Cuirass of the Crimson Oath (Crimson Oath's Rive)","Nazaray Epaulets (Nazaray)","Gauntlets of the Crimson Oath (Crimson Oath's Rive)","","Greaves of the Crimson Oath (Crimson Oath's Rive)","Sabatons of the Crimson Oath (Crimson Oath's Rive)","","Ring of the Turning Tide (Turning Tide)","Ring of the Turning Tide (Turning Tide)","Ice Staff of the Turning Tide (Turning Tide)"," ()","Ice Staff of the Turning Tide (Turning Tide)"," ()","Warding Contingency (Gladiator's Tenacity / Intellect and Endurance)","Resolving Vigor","Shadowy Disguise","Inner Rage","Blinding Flare","Soul Harvest","Elemental Susceptibility","Siphoning Attacks","Unstable Wall of Elements","Leashing Soul (Druid's Resurgence / Cowardice)","Warding Burst (Class Flourish / Courage)","Aggressive Horn"
"Hel Ra Citadel","The Yokedas","https://www.esologs.com/reports/mYXRBH4rfVkGqpDz#fight=3&type=summary&source=10","@spidermonkey222","spirit magic","ass-shadow-siphon-crimson-oaths-rive-turning-tide","tank","Ass","Shadow","Siphon","Turning Tide","Crimson Oath's Rive","4120.6","6299.9","53.0","53.0 CPM","The Atronach","Nazaray Mask (Nazaray)","Cuirass of the Crimson Oath (Crimson Oath's Rive)","Nazaray Epaulets (Nazaray)","Gauntlets of the Crimson Oath (Crimson Oath's Rive)","","Greaves of the Crimson Oath (Crimson Oath's Rive)","Sabatons of the Crimson Oath (Crimson Oath's Rive)","","Ring of the Turning Tide (Turning Tide)","Ring of the Turning Tide (Turning Tide)","Ice Staff of the Turning Tide (Turning Tide)"," ()","Ice Staff of the Turning Tide (Turning Tide)"," ()","Ulfsild's Contingency","Resolving Vigor","Shadowy Disguise","Inner Rage","Blinding Flare","Soul Harvest","Elemental Susceptibility","Siphoning Attacks","Unstable Wall of Elements","Leashing Soul","Warding Burst","Aggressive Horn"
"Hel Ra Citadel","The Yokedas","https://www.esologs.com/reports/mYXRBH4rfVkGqpDz#fight=3&type=summary&source=7","@DonaWorryBeHappy","Pashvee Hatched-in-Flame","ardent-earthen-x-jorvulds-guidance-perfected-roaring-opportunist","healer","Ardent","Earthen","x","Jorvuld's Guidance","Perfected Roaring Opportunist","2513.3","41096.4","45.7","41096.4 HPS","The Atronach","Symphony of Blades Guise (Symphony of Blades)","Jorvuld's Guidance Jerkin (Jorvuld's Guidance)","Symphony of Blades Epaulets (Symphony of Blades)","Jorvuld's Guidance Gloves (Jorvuld's Guidance)","","Jorvuld's Guidance Breeches (Jorvuld's Guidance)","Jorvuld's Guidance Shoes (Jorvuld's Guidance)","","Roaring Opportunist's Perfected Ring (Perfected Roaring Opportunist)","Roaring Opportunist's Perfected Ring (Perfected Roaring Opportunist)","The Master's Perfected Restoration Staff (Perfected Grand Rejuvenation)"," ()","Roaring Opportunist's Perfected Ice Staff (Perfected Roaring Opportunist)"," ()","Combat Prayer","Energy Orb","Illustrious Healing","Radiating Regeneration","Protect the Brood","Reviving Barrier","Echoing Vigor","Igneous Shield","Blockade of Frost","Fire Keeper","Cauterize","Standard of Might"
"Hel Ra Citadel","The Yokedas","https://www.esologs.com/reports/mYXRBH4rfVkGqpDz#fight=3&type=summary&source=7","@DonaWorryBeHappy","Pashvee Hatched-in-Flame","ardent-earthen-x-jorvulds-guidance-perfected-roaring-opportunist","healer","Ardent","Earthen","x","Jorvuld's Guidance","Perfected Roaring Opportunist","2512.9","41404.1","45.7","41404.1 HPS","","Symphony of Blades Guise (Symphony of Blades)","Jorvuld's Guidance Jerkin (Jorvuld's Guidance)","Symphony of Blades Epaulets (Symphony of Blades)","Jorvuld's Guidance Gloves (Jorvuld's Guidance)","","Jorvuld's Guidance Breeches (Jorvuld's Guidance)","Jorvuld's Guidance Shoes (Jorvuld's Guidance)","","Roaring Opportunist's Perfected Ring (Perfected Roaring Opportunist)","Roaring Opportunist's Perfected Ring (Perfected Roaring Opportunist)","The Master's Perfected Restoration Staff (Perfected Grand Rejuvenation)"," ()","Roaring Opportunist's Perfected Ice Staff (Perfected Roaring Opportunist)"," ()","Combat Prayer","Energy Orb","Illustrious Healing","Radiating Regeneration","Protect the Brood","Reviving Barrier","Echoing Vigor","Igneous Shield","Elemental Blockade","Fire Keeper","Cauterize","Standard of Might"
"Hel Ra Citadel","The Yokedas","https://www.esologs.com/reports/mYXRBH4rfVkGqpDz#fight=3&type=summary&source=9","@M0R_Gaming","Pythiøs","daedric-dark-storm-perfected-lucent-echoes-unknown","tank","Dark","Daedric","Storm","Perfected Lucent Echoes","Perfected Pearlescent Ward","4091.2","2896.1","65.4","65.4 CPM","","Nazaray Visage (Nazaray)","Lucent Echoes Perfected Cuirass (Perfected Lucent Echoes)","Nazaray Pauldron (Nazaray)","Lucent Echoes Perfected Gauntlets (Perfected Lucent Echoes)","","Lucent Echoes Perfected Greaves (Perfected Lucent Echoes)","Lucent Echoes Perfected Sabatons (Perfected Lucent Echoes)","","Perfected Pearlescent Ring (Perfected Pearlescent Ward)","Perfected Pearlescent Ring (Perfected Pearlescent Ward)","Lucent Echoes Perfected Axe (Perfected Lucent Echoes)","Lucent Echoes Perfected Shield (Perfected Lucent Echoes)","Ice Staff of the Crimson Oath (Crimson Oath's Rive)"," ()","Goading Throw (Sage's Remedy / Cowardice)","Boundless Storm","Bound Aegis","Dark Deal","Vibrant Shroud","Reviving Barrier","Charging Maneuver","Blockade of Frost","Ball of Lightning","Leashing Soul (Druid's Resurgence / Breach)","Elemental Susceptibility","Greater Storm Atronach"
"Hel Ra Citadel","The Yokedas","https://www.esologs.com/reports/mYXRBH4rfVkGqpDz#fight=3&type=summary&source=9","@M0R_Gaming","Pythiøs","daedric-dark-storm-perfected-lucent-echoes-unknown","tank","Dark","Daedric","Storm","Perfected Lucent Echoes","Perfected Pearlescent Ward","4128.9","4535.1","65.4","65.4 CPM","The Atronach","Nazaray Visage (Nazaray)","Lucent Echoes Perfected Cuirass (Perfected Lucent Echoes)","Nazaray Pauldron (Nazaray)","Lucent Echoes Perfected Gauntlets (Perfected Lucent Echoes)","","Lucent Echoes Perfected Greaves (Perfected Lucent Echoes)","Lucent Echoes Perfected Sabatons (Perfected Lucent Echoes)","","Perfected Pearlescent Ring (Perfected Pearlescent Ward)","Perfected Pearlescent Ring (Perfected Pearlescent Ward)","Lucent Echoes Perfected Axe (Perfected Lucent Echoes)","Lucent Echoes Perfected Shield (Perfected Lucent Echoes)","Ice Staff of the Crimson Oath (Crimson Oath's Rive)"," ()","Goading Throw","Boundless Storm","Bound Aegis","Dark Deal","Vibrant Shroud","Reviving Barrier","Charging Maneuver","Elemental Blockade","Ball of Lightning","Leashing Soul","Elemental Susceptibility","Greater Storm Atronach"
"Hel Ra Citadel","The Warrior","https://www.esologs.com/reports/HPcnCgpT6RLDmBMA#fight=22&type=summary&source=4","@Danstoneyhaven","May-Tickle-Ur-Baps","herald-x-x-perfected-slivers-of-the-null-arca-spattering-disjunction","dps","Herald","x","x","Perfected Slivers of the Null Arca","Spattering Disjunction","73012.7","4322.4","32.0","73012.7 DPS","","Perfected Null Arca Helmet (Perfected Slivers of the Null Arca)","Perfected Null Arca Jack (Perfected Slivers of the Null Arca)","Nerien'eth Epaulets (Nerien'eth)","Perfected Null Arca Bracers (Perfected Slivers of the Null Arca)","","Perfected Null Arca Guards (Perfected Slivers of the Null Arca)","Spattering Disjunction Boots (Spattering Disjunction)","","Spattering Disjunction Ring (Spattering Disjunction)","Spattering Disjunction Ring (Spattering Disjunction)","Spattering Disjunction Dagger (Spattering Disjunction)","Spattering Disjunction Dagger (Spattering Disjunction)","The Maelstrom's Greatsword (Merciless Charge)"," ()","Cephaliarch's Flail","Quick Cloak","Barbed Trap","Pragmatic Fatecarver","Banner Bearer","Flawless Dawnbreaker","Stampede","Inspired Scholarship","Fulminating Rune","Camouflaged Hunter","Banner Bearer","The Languid Eye"
"Hel Ra Citadel","The Warrior","https://www.esologs.com/reports/HPcnCgpT6RLDmBMA#fight=22&type=summary&source=5","@kip.anderson","Kip A Anders","herald-x-x-perfected-slivers-of-the-null-arca-spattering-disjunction","dps","Herald","x","x","Spattering Disjunction","Perfected Slivers of the Null Arca","102411.1","18112.0","35.5","102411.1 DPS","","Slimecraw Guise (Slimecraw)","Spattering Disjunction Jack (Spattering Disjunction)","Perfected Null Arca Arm Cops (Perfected Slivers of the Null Arca)","Spattering Disjunction Bracers (Spattering Disjunction)","","Spattering Disjunction Guards (Spattering Disjunction)","Spattering Disjunction Boots (Spattering Disjunction)","","Perfected Null Arca Ring (Perfected Slivers of the Null Arca)","Perfected Null Arca Ring (Perfected Slivers of the Null Arca)","Perfected Null Arca Dagger (Perfected Slivers of the Null Arca)","Perfected Null Arca Dagger (Perfected Slivers of the Null Arca)","The Maelstrom's Perfected Greatsword (Perfected Merciless Charge)"," ()","Shocking Banner (Sage's Remedy / Heroism)","Quick Cloak","Cephaliarch's Flail","Pragmatic Fatecarver","Camouflaged Hunter","Flawless Dawnbreaker","Shocking Banner (Sage's Remedy / Heroism)","Stampede","Inspired Scholarship","Fulminating Rune","Ring of Preservation","The Languid Eye"
"Hel Ra Citadel","The Warrior","https://www.esologs.com/reports/HPcnCgpT6RLDmBMA#fight=22&type=summary&source=5","@kip.anderson","Kip A Anders","herald-x-x-perfected-slivers-of-the-null-arca-spattering-disjunction","dps","Herald","x","x","Spattering Disjunction","Perfected Slivers of the Null Arca","102359.8","18763.8","25.9","102359.8 DPS","","Slimecraw Guise (Slimecraw)","Spattering Disjunction Jack (Spattering Disjunction)","Perfected Null Arca Arm Cops (Perfected Slivers of the Null Arca)","Spattering Disjunction Bracers (Spattering Disjunction)","","Spattering Disjunction Guards (Spattering Disjunction)","Spattering Disjunction Boots (Spattering Disjunction)","","Perfected Null Arca Ring (Perfected Slivers of the Null Arca)","Perfected Null Arca Ring (Perfected Slivers of the Null Arca)","Perfected Null Arca Dagger (Perfected Slivers of the Null Arca)","Perfected Null Arca Dagger (Perfected Slivers of the Null Arca)","The Maelstrom's Perfected Greatsword (Perfected Merciless Charge)"," ()","Banner Bearer","Quick Cloak","Cephaliarch's Flail","Pragmatic Fatecarver","Camouflaged Hunter","Flawless Dawnbreaker","Banner Bearer","Stampede","Inspired Scholarship","Fulminating Rune","Ring of Preservation","The Languid Eye"
"Hel Ra Citadel","The Warrior","https://www.esologs.com/reports/HPcnCgpT6RLDmBMA#fight=22&type=summary&source=5","@kip.anderson","Kip A Anders","herald-x-x-perfected-slivers-of-the-null-arca-spattering-disjunction","dps","Herald","x","x","Spattering Disjunction","Perfected Slivers of the Null Arca","102395.8","18763.8","25.9","102395.8 DPS","","Slimecraw Guise (Slimecraw)","Spattering Disjunction Jack (Spattering Disjunction)","Perfected Null Arca Arm Cops (Perfected Slivers of the Null Arca)","Spattering Disjunction Bracers (Spattering Disjunction)","","Spattering Disjunction Guards (Spattering Disjunction)","Spattering Disjunction Boots (Spattering Disjunction)","","Perfected Null Arca Ring (Perfected Slivers of the Null Arca)","Perfected Null Arca Ring (Perfected Slivers of the Null Arca)","Perfected Null Arca Dagger (Perfected Slivers of the Null Arca)","Perfected Null Arca Dagger (Perfected Slivers of the Null Arca)","The Maelstrom's Perfected Greatsword (Perfected Merciless Charge)"," ()","Banner Bearer","Quick Cloak","Cephaliarch's Flail","Pragmatic Fatecarver","Camouflaged Hunter","Flawless Dawnbreaker","Banner Bearer","Stampede","Inspired Scholarship","Fulminating Rune","Ring of Preservation","The Languid Eye"
"Hel Ra Citadel","The Warrior","https://www.esologs.com/reports/HPcnCgpT6RLDmBMA#fight=22&type=summary&source=99","@xXRed-Bau5Xx","Barchanist","herald-x-x-perfected-slivers-of-the-null-arca-spattering-disjunction","dps","Herald","x","x","Perfected Slivers of the Null Arca","Spattering Disjunction","39413.2","4206.4","6.3","39413.2 DPS","","Slimecraw Guise (Slimecraw)","Perfected Null Arca Jack (Perfected Slivers of the Null Arca)","Spattering Disjunction Arm Cops (Spattering Disjunction)","Perfected Null Arca Bracers (Perfected Slivers of the Null Arca)","","Perfected Null Arca Guards (Perfected Slivers of the Null Arca)","Perfected Null Arca Boots (Perfected Slivers of the Null Arca)","","Spattering Disjunction Ring (Spattering Disjunction)","Spattering Disjunction Ring (Spattering Disjunction)","Spattering Disjunction Dagger (Spattering Disjunction)","Spattering Disjunction Dagger (Spattering Disjunction)","The Maelstrom's Perfected Greatsword (Perfected Merciless Charge)"," ()","Barbed Trap","Cephaliarch's Flail","Pragmatic Fatecarver","Quick Cloak","Banner Bearer","Flawless Dawnbreaker","Stampede","Inspired Scholarship","Anti-Cavalry Caltrops","Banner Bearer","Fulminating Rune","The Languid Eye"
"Hel Ra Citadel","The Warrior","https://www.esologs.com/reports/HPcnCgpT6RLDmBMA#fight=22&type=summary&source=6","@sZenario27","Celebrimbor von Eregion","herald-x-x-perfected-slivers-of-the-null-arca-spattering-disjunction","dps","Herald","x","x","Spattering Disjunction","Perfected Slivers of the Null Arca","112839.2","4776.4","10.7","112839.2 DPS","","Slimecraw Mask (Slimecraw)","Spattering Disjunction Jack (Spattering Disjunction)","Perfected Null Arca Arm Cops (Perfected Slivers of the Null Arca)","Spattering Disjunction Bracers (Spattering Disjunction)","","Spattering Disjunction Guards (Spattering Disjunction)","Spattering Disjunction Boots (Spattering Disjunction)","","Perfected Null Arca Ring (Perfected Slivers of the Null Arca)","Perfected Null Arca Ring (Perfected Slivers of the Null Arca)","Perfected Null Arca Dagger (Perfected Slivers of the Null Arca)","Perfected Null Arca Dagger (Perfected Slivers of the Null Arca)","The Maelstrom's Perfected Greatsword (Perfected Merciless Charge)"," ()","Quick Cloak","Cephaliarch's Flail","Pragmatic Fatecarver","Camouflaged Hunter","Banner Bearer","Flawless Dawnbreaker","Inspired Scholarship","Stampede","Fulminating Rune","Camouflaged Hunter","Banner Bearer","The Languid Eye"
"Hel Ra Citadel","The Warrior","https://www.esologs.com/reports/HPcnCgpT6RLDmBMA#fight=22&type=summary&source=10","@Sarracen858","Sheshadow","herald-x-x-perfected-slivers-of-the-null-arca-spattering-disjunction","dps","Herald","x","x","Perfected Slivers of the Null Arca","Spattering Disjunction","86226.2","9899.2","19.8","86226.2 DPS","","Perfected Null Arca Helmet (Perfected Slivers of the Null Arca)","Spattering Disjunction Jack (Spattering Disjunction)","Slimecraw Epaulets (Slimecraw)","Spattering Disjunction Bracers (Spattering Disjunction)","","Spattering Disjunction Guards (Spattering Disjunction)","Spattering Disjunction Boots (Spattering Disjunction)","","Perfected Null Arca Ring (Perfected Slivers of the Null Arca)","Perfected Null Arca Ring (Perfected Slivers of the Null Arca)","Perfected Null Arca Dagger (Perfected Slivers of the Null Arca)","Perfected Null Arca Dagger (Perfected Slivers of the Null Arca)","The Maelstrom's Perfected Greatsword (Perfected Merciless Charge)"," ()","Quick Cloak","Pragmatic Fatecarver","Cephaliarch's Flail","Barbed Trap","Camouflaged Hunter","Flawless Dawnbreaker","Stampede","Fulminating Rune","Inspired Scholarship","Scalding Rune","Camouflaged Hunter","The Languid Eye"
"Hel Ra Citadel","The Warrior","https://www.esologs.com/reports/HPcnCgpT6RLDmBMA#fight=22&type=summary&source=8","@annia08","Narya von Eregion","herald-x-x-perfected-slivers-of-the-null-arca-spattering-disjunction","dps","Herald","x","x","Spattering Disjunction","Perfected Slivers of the Null Arca","127572.3","3557.9","14.0","127572.3 DPS","The Thief","Slimecraw Mask (Slimecraw)","Spattering Disjunction Jack (Spattering Disjunction)","Perfected Null Arca Arm Cops (Perfected Slivers of the Null Arca)","Spattering Disjunction Bracers (Spattering Disjunction)","","Spattering Disjunction Guards (Spattering Disjunction)","Spattering Disjunction Boots (Spattering Disjunction)","","Perfected Null Arca Ring (Perfected Slivers of the Null Arca)","Perfected Null Arca Ring (Perfected Slivers of the Null Arca)","Perfected Null Arca Dagger (Perfected Slivers of the Null Arca)","Perfected Null Arca Dagger (Perfected Slivers of the Null Arca)","The Maelstrom's Perfected Greatsword (Perfected Merciless Charge)"," ()","Cephaliarch's Flail","Quick Cloak","Pragmatic Fatecarver","Camouflaged Hunter","Banner Bearer","Flawless Dawnbreaker","Fulminating Rune","Inspired Scholarship","Stampede","Resolving Vigor","Banner Bearer","The Languid Eye"
"Hel Ra Citadel","The Warrior","https://www.esologs.com/reports/HPcnCgpT6RLDmBMA#fight=22&type=summary&source=196","@Phaintzz","Cryptic Incantation","herald-x-x-perfected-slivers-of-the-null-arca-spattering-disjunction","dps","Herald","x","x","Perfected Slivers of the Null Arca","Spattering Disjunction","68443.7","7511.9","22.7","68443.7 DPS","","Huntsman's Warmask (Huntsman's Warmask)","Perfected Null Arca Jack (Perfected Slivers of the Null Arca)","Slimecraw Epaulets (Slimecraw)","Perfected Null Arca Bracers (Perfected Slivers of the Null Arca)","","Perfected Null Arca Guards (Perfected Slivers of the Null Arca)","Perfected Null Arca Boots (Perfected Slivers of the Null Arca)","","Spattering Disjunction Ring (Spattering Disjunction)","Spattering Disjunction Ring (Spattering Disjunction)","Spattering Disjunction Dagger (Spattering Disjunction)","Spattering Disjunction Dagger (Spattering Disjunction)","The Maelstrom's Perfected Greatsword (Perfected Merciless Charge)"," ()","Cephaliarch's Flail","Pragmatic Fatecarver","Camouflaged Hunter","Quick Cloak","Banner Bearer","Flawless Dawnbreaker","Inspired Scholarship","Fulminating Rune","Barbed Trap","Stampede","Banner Bearer","The Languid Eye"
"Hel Ra Citadel","The Warrior","https://www.esologs.com/reports/HPcnCgpT6RLDmBMA#fight=22&type=summary&source=9","@Gandalf457","xx-Gandalf-xx","herald-x-x-perfected-slivers-of-the-null-arca-spattering-disjunction","dps","Herald","x","x","Spattering Disjunction","Perfected Slivers of the Null Arca","64919.8","2400.2","19.6","64919.8 DPS","","Spattering Disjunction Helmet (Spattering Disjunction)","Spattering Disjunction Jack (Spattering Disjunction)","Slimecraw Epaulets (Slimecraw)","Spattering Disjunction Bracers (Spattering Disjunction)","","Spattering Disjunction Guards (Spattering Disjunction)","Spattering Disjunction Boots (Spattering Disjunction)","","Perfected Null Arca Ring (Perfected Slivers of the Null Arca)","Perfected Null Arca Ring (Perfected Slivers of the Null Arca)","Perfected Null Arca Dagger (Perfected Slivers of the Null Arca)","Perfected Null Arca Dagger (Perfected Slivers of the Null Arca)","The Maelstrom's Perfected Greatsword (Perfected Merciless Charge)"," ()","Cephaliarch's Flail","Pragmatic Fatecarver","Quick Cloak","Fulminating Rune","Camouflaged Hunter","Flawless Dawnbreaker","Stampede","Inspired Scholarship","Scalding Rune","Barbed Trap","Camouflaged Hunter","The Tide King's Gaze"
"Hel Ra Citadel","The Warrior","https://www.esologs.com/reports/HPcnCgpT6RLDmBMA#fight=22&type=summary&source=17","@NextiPie","Liroy Darkness","herald-x-x-perfected-slivers-of-the-null-arca-spattering-disjunction","dps","Herald","x","x","Spattering Disjunction","Perfected Slivers of the Null Arca","91171.1","9410.7","18.6","91171.1 DPS","","Spattering Disjunction Helmet (Spattering Disjunction)","Perfected Null Arca Jack (Perfected Slivers of the Null Arca)","Slimecraw Arm Cops (Slimecraw)","Perfected Null Arca Bracers (Perfected Slivers of the Null Arca)","","Perfected Null Arca Guards (Perfected Slivers of the Null Arca)","Perfected Null Arca Boots (Perfected Slivers of the Null Arca)","","Spattering Disjunction Ring (Spattering Disjunction)","Oakensoul Ring (Oakensoul Ring)","Spattering Disjunction Lightning Staff (Spattering Disjunction)"," ()"," ()"," ()","Inspired Scholarship","Cephaliarch's Flail","Pragmatic Fatecarver","Banner Bearer","Barbed Trap","The Languid Eye","","","","","",""
"Hel Ra Citadel","The Warrior","https://www.esologs.com/reports/HPcnCgpT6RLDmBMA#fight=22&type=summary&source=15","@Supermarci001","Gustav Blightcaller","herald-soldier-x-perfected-slivers-of-the-null-arca-spattering-disjunction","dps","Herald","Soldier","x","Perfected Slivers of the Null Arca","Spattering Disjunction","86082.7","5144.4","24.6","86082.7 DPS","","Iceheart Mask (Iceheart)","Perfected Null Arca Jack (Perfected Slivers of the Null Arca)","Perfected Null Arca Arm Cops (Perfected Slivers of the Null Arca)","Perfected Null Arca Bracers (Perfected Slivers of the Null Arca)","","Perfected Null Arca Guards (Perfected Slivers of the Null Arca)","Perfected Null Arca Boots (Perfected Slivers of the Null Arca)","","Spattering Disjunction Ring (Spattering Disjunction)","Spattering Disjunction Ring (Spattering Disjunction)","Spattering Disjunction Dagger (Spattering Disjunction)","Spattering Disjunction Dagger (Spattering Disjunction)","The Maelstrom's Perfected Greatsword (Perfected Merciless Charge)"," ()","Banner Bearer","Pragmatic Fatecarver","Cephaliarch's Flail","Quick Cloak","Camouflaged Hunter","Flawless Dawnbreaker","Banner Bearer","Stampede","Inspired Scholarship","Fulminating Rune","Cruxweaver Armor","The Languid Eye"
"Hel Ra Citadel","The Warrior","https://www.esologs.com/reports/HPcnCgpT6RLDmBMA#fight=22&type=summary&source=1","@MadMod10","Zolus Graylock","herald-soldier-x-perfected-slivers-of-the-null-arca-spattering-disjunction","dps","Herald","Soldier","x","Spattering Disjunction","Perfected Slivers of the Null Arca","79703.1","2489.1","32.6","79703.1 DPS","","Slimecraw Guise (Slimecraw)","Spattering Disjunction Jack (Spattering Disjunction)","Perfected Null Arca Arm Cops (Perfected Slivers of the Null Arca)","Spattering Disjunction Bracers (Spattering Disjunction)","","Spattering Disjunction Guards (Spattering Disjunction)","Spattering Disjunction Boots (Spattering Disjunction)","","Perfected Null Arca Ring (Perfected Slivers of the Null Arca)","Perfected Null Arca Ring (Perfected Slivers of the Null Arca)","Perfected Null Arca Dagger (Perfected Slivers of the Null Arca)","Perfected Null Arca Dagger (Perfected Slivers of the Null Arca)","The Maelstrom's Perfected Inferno Staff (Perfected Crushing Wall)"," ()","Quick Cloak","Camouflaged Hunter","Cephaliarch's Flail","Pragmatic Fatecarver","Shocking Banner (Cavalier's Charge / Heroism)","Flawless Dawnbreaker","Blockade of Fire","Cruxweaver Armor","Inspired Scholarship","Fulminating Rune","Shocking Banner (Cavalier's Charge / Heroism)","The Languid Eye"
"Hel Ra Citadel","The Warrior","https://www.esologs.com/reports/HPcnCgpT6RLDmBMA#fight=22&type=summary&source=12","@Wenlips","Tobianna","herald-soldier-x-perfected-slivers-of-the-null-arca-spattering-disjunction","dps","Herald","Soldier","x","Perfected Slivers of the Null Arca","Spattering Disjunction","91589.4","2404.6","30.5","91589.4 DPS","","Slimecraw Mask (Slimecraw)","Perfected Null Arca Jack (Perfected Slivers of the Null Arca)","Spattering Disjunction Arm Cops (Spattering Disjunction)","Perfected Null Arca Bracers (Perfected Slivers of the Null Arca)","","Perfected Null Arca Guards (Perfected Slivers of the Null Arca)","Perfected Null Arca Boots (Perfected Slivers of the Null Arca)","","Spattering Disjunction Ring (Spattering Disjunction)","Spattering Disjunction Ring (Spattering Disjunction)","Spattering Disjunction Dagger (Spattering Disjunction)","Spattering Disjunction Dagger (Spattering Disjunction)","The Maelstrom's Perfected Greatsword (Perfected Merciless Charge)"," ()","Pragmatic Fatecarver","Cephaliarch's Flail","Quick Cloak","Barbed Trap","Camouflaged Hunter","Flawless Dawnbreaker","Stampede","Fulminating Rune","Inspired Scholarship","Cruxweaver Armor","Camouflaged Hunter","The Languid Eye"
"Hel Ra Citadel","The Warrior","https://www.esologs.com/reports/HPcnCgpT6RLDmBMA#fight=22&type=summary&source=6","@RinBC","Maven Calamitous","herald-soldier-x-perfected-slivers-of-the-null-arca-spattering-disjunction","dps","Herald","Soldier","x","Spattering Disjunction","Perfected Slivers of the Null Arca","107384.1","6674.2","28.0","107384.1 DPS","","Slimecraw Guise (Slimecraw)","Spattering Disjunction Jack (Spattering Disjunction)","Perfected Null Arca Arm Cops (Perfected Slivers of the Null Arca)","Spattering Disjunction Bracers (Spattering Disjunction)","","Spattering Disjunction Guards (Spattering Disjunction)","Spattering Disjunction Boots (Spattering Disjunction)","","Perfected Null Arca Ring (Perfected Slivers of the Null Arca)","Perfected Null Arca Ring (Perfected Slivers of the Null Arca)","Perfected Null Arca Dagger (Perfected Slivers of the Null Arca)","Perfected Null Arca Dagger (Perfected Slivers of the Null Arca)","The Maelstrom's Perfected Inferno Staff (Perfected Crushing Wall)"," ()","Camouflaged Hunter","Barbed Trap","Quick Cloak","Cephaliarch's Flail","Pragmatic Fatecarver","Flawless Dawnbreaker","Camouflaged Hunter","Cruxweaver Armor","Anti-Cavalry Caltrops","Blockade of Fire","Inspired Scholarship","The Languid Eye"
"Hel Ra Citadel","The Warrior","https://www.esologs.com/reports/HPcnCgpT6RLDmBMA#fight=22&type=summary&source=6","@RinBC","Maven Calamitous","herald-soldier-x-perfected-slivers-of-the-null-arca-spattering-disjunction","dps","Herald","Soldier","x","Spattering Disjunction","Perfected Slivers of the Null Arca","107395.5","5559.4","21.3","107395.5 DPS","The Thief","Slimecraw Guise (Slimecraw)","Spattering Disjunction Jack (Spattering Disjunction)","Perfected Null Arca Arm Cops (Perfected Slivers of the Null Arca)","Spattering Disjunction Bracers (Spattering Disjunction)","","Spattering Disjunction Guards (Spattering Disjunction)","Spattering Disjunction Boots (Spattering Disjunction)","","Perfected Null Arca Ring (Perfected Slivers of the Null Arca)","Perfected Null Arca Ring (Perfected Slivers of the Null Arca)","Perfected Null Arca Dagger (Perfected Slivers of the Null Arca)","Perfected Null Arca Dagger (Perfected Slivers of the Null Arca)","The Maelstrom's Perfected Inferno Staff (Perfected Crushing Wall)"," ()","Camouflaged Hunter","Barbed Trap","Quick Cloak","Cephaliarch's Flail","Pragmatic Fatecarver","Flawless Dawnbreaker","Camouflaged Hunter","Cruxweaver Armor","Anti-Cavalry Caltrops","Elemental Blockade","Inspired Scholarship","The Languid Eye"
"Hel Ra Citadel","The Warrior","https://www.esologs.com/reports/HPcnCgpT6RLDmBMA#fight=22&type=summary&source=11","@Wenlips","Tobianna","herald-soldier-x-perfected-slivers-of-the-null-arca-spattering-disjunction","dps","Herald","Soldier","x","Perfected Slivers of the Null Arca","Spattering Disjunction","91576.8","2882.6","17.4","91576.8 DPS","","Slimecraw Mask (Slimecraw)","Perfected Null Arca Jack (Perfected Slivers of the Null Arca)","Spattering Disjunction Arm Cops (Spattering Disjunction)","Perfected Null Arca Bracers (Perfected Slivers of the Null Arca)","","Perfected Null Arca Guards (Perfected Slivers of the Null Arca)","Perfected Null Arca Boots (Perfected Slivers of the Null Arca)","","Spattering Disjunction Ring (Spattering Disjunction)","Spattering Disjunction Ring (Spattering Disjunction)","Spattering Disjunction Dagger (Spattering Disjunction)","Spattering Disjunction Dagger (Spattering Disjunction)","The Maelstrom's Perfected Greatsword (Perfected Merciless Charge)"," ()","Pragmatic Fatecarver","Cephaliarch's Flail","Quick Cloak","Barbed Trap","Camouflaged Hunter","Flawless Dawnbreaker","Stampede","Fulminating Rune","Inspired Scholarship","Cruxweaver Armor","Camouflaged Hunter","The Languid Eye"
"Hel Ra Citadel","The Warrior","https://www.esologs.com/reports/HPcnCgpT6RLDmBMA#fight=22&type=summary&source=12","@MadMod10","Zolus Graylock","herald-soldier-x-perfected-slivers-of-the-null-arca-spattering-disjunction","dps","Herald","Soldier","x","Spattering Disjunction","Perfected Slivers of the Null Arca","79708.5","3149.5","19.9","79708.5 DPS","","Slimecraw Guise (Slimecraw)","Spattering Disjunction Jack (Spattering Disjunction)","Perfected Null Arca Arm Cops (Perfected Slivers of the Null Arca)","Spattering Disjunction Bracers (Spattering Disjunction)","","Spattering Disjunction Guards (Spattering Disjunction)","Spattering Disjunction Boots (Spattering Disjunction)","","Perfected Null Arca Ring (Perfected Slivers of the Null Arca)","Perfected Null Arca Ring (Perfected Slivers of the Null Arca)","Perfected Null Arca Dagger (Perfected Slivers of the Null Arca)","Perfected Null Arca Dagger (Perfected Slivers of the Null Arca)","The Maelstrom's Perfected Inferno Staff (Perfected Crushing Wall)"," ()","Quick Cloak","Camouflaged Hunter","Cephaliarch's Flail","Pragmatic Fatecarver","Banner Bearer","Flawless Dawnbreaker","Elemental Blockade","Cruxweaver Armor","Inspired Scholarship","Fulminating Rune","Banner Bearer","The Languid Eye"
"Hel Ra Citadel","The Warrior","https://www.esologs.com/reports/HPcnCgpT6RLDmBMA#fight=22&type=summary&source=11","@Wenlips","Tobianna","herald-soldier-x-perfected-slivers-of-the-null-arca-spattering-disjunction","dps","Herald","Soldier","x","Perfected Slivers of the Null Arca","Spattering Disjunction","91588.2","2883.6","17.4","91588.2 DPS","","Slimecraw Mask (Slimecraw)","Perfected Null Arca Jack (Perfected Slivers of the Null Arca)","Spattering Disjunction Arm Cops (Spattering Disjunction)","Perfected Null Arca Bracers (Perfected Slivers of the Null Arca)","","Perfected Null Arca Guards (Perfected Slivers of the Null Arca)","Perfected Null Arca Boots (Perfected Slivers of the Null Arca)","","Spattering Disjunction Ring (Spattering Disjunction)","Spattering Disjunction Ring (Spattering Disjunction)","Spattering Disjunction Dagger (Spattering Disjunction)","Spattering Disjunction Dagger (Spattering Disjunction)","The Maelstrom's Perfected Greatsword (Perfected Merciless Charge)"," ()","Pragmatic Fatecarver","Cephaliarch's Flail","Quick Cloak","Barbed Trap","Camouflaged Hunter","Flawless Dawnbreaker","Stampede","Fulminating Rune","Inspired Scholarship","Cruxweaver Armor","Camouflaged Hunter","The Languid Eye"
"Hel Ra Citadel","The Warrior","https://www.esologs.com/reports/HPcnCgpT6RLDmBMA#fight=22&type=summary&source=12","@MadMod10","Zolus Graylock","herald-soldier-x-perfected-slivers-of-the-null-arca-spattering-disjunction","dps","Herald","Soldier","x","Spattering Disjunction","Perfected Slivers of the Null Arca","79723.2","3266.5","19.9","79723.2 DPS","","Slimecraw Guise (Slimecraw)","Spattering Disjunction Jack (Spattering Disjunction)","Perfected Null Arca Arm Cops (Perfected Slivers of the Null Arca)","Spattering Disjunction Bracers (Spattering Disjunction)","","Spattering Disjunction Guards (Spattering Disjunction)","Spattering Disjunction Boots (Spattering Disjunction)","","Perfected Null Arca Ring (Perfected Slivers of the Null Arca)","Perfected Null Arca Ring (Perfected Slivers of the Null Arca)","Perfected Null Arca Dagger (Perfected Slivers of the Null Arca)","Perfected Null Arca Dagger (Perfected Slivers of the Null Arca)","The Maelstrom's Perfected Inferno Staff (Perfected Crushing Wall)"," ()","Quick Cloak","Camouflaged Hunter","Cephaliarch's Flail","Pragmatic Fatecarver","Banner Bearer","Flawless Dawnbreaker","Elemental Blockade","Cruxweaver Armor","Inspired Scholarship","Fulminating Rune","Banner Bearer","The Languid Eye"
"Hel Ra Citadel","The Warrior","https://www.esologs.com/reports/HPcnCgpT6RLDmBMA#fight=22&type=summary&source=1","@RinBC","Maven Calamitous","herald-soldier-x-perfected-slivers-of-the-null-arca-spattering-disjunction","dps","Herald","Soldier","x","Spattering Disjunction","Perfected Slivers of the Null Arca","107312.3","6250.2","21.3","107312.3 DPS","","Slimecraw Guise (Slimecraw)","Spattering Disjunction Jack (Spattering Disjunction)","Perfected Null Arca Arm Cops (Perfected Slivers of the Null Arca)","Spattering Disjunction Bracers (Spattering Disjunction)","","Spattering Disjunction Guards (Spattering Disjunction)","Spattering Disjunction Boots (Spattering Disjunction)","","Perfected Null Arca Ring (Perfected Slivers of the Null Arca)","Perfected Null Arca Ring (Perfected Slivers of the Null Arca)","Perfected Null Arca Dagger (Perfected Slivers of the Null Arca)","Perfected Null Arca Dagger (Perfected Slivers of the Null Arca)","The Maelstrom's Perfected Inferno Staff (Perfected Crushing Wall)"," ()","Camouflaged Hunter","Barbed Trap","Quick Cloak","Cephaliarch's Flail","Pragmatic Fatecarver","Flawless Dawnbreaker","Camouflaged Hunter","Cruxweaver Armor","Anti-Cavalry Caltrops","Blockade of Fire","Inspired Scholarship","The Languid Eye"
"Hel Ra Citadel","The Warrior","https://www.esologs.com/reports/HPcnCgpT6RLDmBMA#fight=22&type=summary&source=2","@csnod","'Kalasia","herald-soldier-x-perfected-slivers-of-the-null-arca-spattering-disjunction","dps","Herald","Soldier","x","Spattering Disjunction","Perfected Slivers of the Null Arca","73026.5","3942.6","14.8","73026.5 DPS","","Slimecraw Mask (Slimecraw)","Spattering Disjunction Jack (Spattering Disjunction)","Perfected Null Arca Arm Cops (Perfected Slivers of the Null Arca)","Spattering Disjunction Bracers (Spattering Disjunction)","","Spattering Disjunction Guards (Spattering Disjunction)","Spattering Disjunction Boots (Spattering Disjunction)","","Perfected Null Arca Ring (Perfected Slivers of the Null Arca)","Perfected Null Arca Ring (Perfected Slivers of the Null Arca)","Perfected Null Arca Dagger (Perfected Slivers of the Null Arca)","Perfected Null Arca Dagger (Perfected Slivers of the Null Arca)","The Maelstrom's Perfected Inferno Staff (Perfected Crushing Wall)"," ()","Quick Cloak","Barbed Trap","Cephaliarch's Flail","Pragmatic Fatecarver","Camouflaged Hunter","Flawless Dawnbreaker","Fulminating Rune","Cruxweaver Armor","Elemental Blockade","Inspired Scholarship","Camouflaged Hunter","The Languid Eye"
"Hel Ra Citadel","The Warrior","https://www.esologs.com/reports/HPcnCgpT6RLDmBMA#fight=22&type=summary&source=12","@korgaard","Seraya of Verrant Morass","ass-shadow-siphon-aegis-caller-perfected-slivers-of-the-null-arca","dps","Ass","Shadow","Siphon","Perfected Slivers of the Null Arca","Aegis Caller","125879.6","16873.6","74.3","125879.6 DPS","The Atronach","Huntsman's Warmask (Huntsman's Warmask)","Perfected Null Arca Jack (Perfected Slivers of the Null Arca)","Zaan Epaulets (Zaan)","Perfected Null Arca Bracers (Perfected Slivers of the Null Arca)","","Aegis Caller's Guards (Aegis Caller)","Aegis Caller's Boots (Aegis Caller)","","Aegis Caller's Ring (Aegis Caller)","Aegis Caller's Ring (Aegis Caller)","Perfected Null Arca Dagger (Perfected Slivers of the Null Arca)","Perfected Null Arca Dagger (Perfected Slivers of the Null Arca)","The Maelstrom's Greatsword (Merciless Charge)"," ()","Surprise Attack","Killer's Blade","Shadowy Disguise","Merciless Resolve","Debilitate","Incapacitating Strike","Stampede","Barbed Trap","Simmering Frenzy","Dark Shade","Siphoning Attacks","Veil of Blades"
"Hel Ra Citadel","The Warrior","https://www.esologs.com/reports/HPcnCgpT6RLDmBMA#fight=22&type=summary&source=5","@Samnons88","ggboysgg","ass-shadow-siphon-aegis-caller-perfected-slivers-of-the-null-arca","dps","Ass","Shadow","Siphon","Aegis Caller","Perfected Slivers of the Null Arca","102893.1","10715.4","50.7","102893.1 DPS","","Huntsman's Warmask (Huntsman's Warmask)","Aegis Caller's Jack (Aegis Caller)","Slimecraw Epaulets (Slimecraw)","Perfected Null Arca Bracers (Perfected Slivers of the Null Arca)","","Aegis Caller's Guards (Aegis Caller)","Perfected Null Arca Boots (Perfected Slivers of the Null Arca)","","Perfected Null Arca Ring (Perfected Slivers of the Null Arca)","Perfected Null Arca Ring (Perfected Slivers of the Null Arca)","Aegis Caller's Dagger (Aegis Caller)","Aegis Caller's Dagger (Aegis Caller)","The Maelstrom's Perfected Greatsword (Perfected Merciless Charge)"," ()","Killer's Blade","Shadowy Disguise","Debilitate","Surprise Attack","Relentless Focus","Incapacitating Strike","Stampede","Barbed Trap","Carve","Siphoning Attacks","Dark Shade","Shooting Star"
"Hel Ra Citadel","The Warrior","https://www.esologs.com/reports/HPcnCgpT6RLDmBMA#fight=22&type=summary&source=7","@SinisterK1","Maddi Sin","ass-shadow-siphon-aegis-caller-perfected-slivers-of-the-null-arca","dps","Ass","Shadow","Siphon","Perfected Slivers of the Null Arca","Aegis Caller","89120.5","5437.8","31.9","89120.5 DPS","","Black Gem Monstrosity's Guise (Black Gem Monstrosity)","Perfected Null Arca Jack (Perfected Slivers of the Null Arca)","Aegis Caller's Arm Cops (Aegis Caller)","Perfected Null Arca Bracers (Perfected Slivers of the Null Arca)","","Perfected Null Arca Guards (Perfected Slivers of the Null Arca)","Perfected Null Arca Boots (Perfected Slivers of the Null Arca)","","Aegis Caller's Ring (Aegis Caller)","Aegis Caller's Ring (Aegis Caller)","Aegis Caller's Dagger (Aegis Caller)","Aegis Caller's Dagger (Aegis Caller)","The Maelstrom's Perfected Greatsword (Perfected Merciless Charge)"," ()","Surprise Attack","Shadowy Disguise","Relentless Focus","Killer's Blade","Debilitate","Incapacitating Strike","Stampede","Ulfsild's Contingency","Carve","Dark Shade","Barbed Trap","Shooting Star"
"Hel Ra Citadel","The Warrior","https://www.esologs.com/reports/HPcnCgpT6RLDmBMA#fight=22&type=summary&source=9","@Gabspufik","Salem Shado","ass-shadow-siphon-aegis-caller-perfected-slivers-of-the-null-arca","tank","Ass","Shadow","Siphon","Perfected Slivers of the Null Arca","Aegis Caller","48034.0","3069.3","15.9","15.9 CPM","","Huntsman's Warmask (Huntsman's Warmask)","Perfected Null Arca Jack (Perfected Slivers of the Null Arca)","Slimecraw Arm Cops (Slimecraw)","Perfected Null Arca Bracers (Perfected Slivers of the Null Arca)","","Aegis Caller's Guards (Aegis Caller)","Perfected Null Arca Boots (Perfected Slivers of the Null Arca)","","Aegis Caller's Ring (Aegis Caller)","Aegis Caller's Ring (Aegis Caller)","Aegis Caller's Dagger (Aegis Caller)","Aegis Caller's Dagger (Aegis Caller)","The Maelstrom's Greatsword (Merciless Charge)"," ()","Killer's Blade","Debilitate","Surprise Attack","Shadowy Disguise","Merciless Resolve","Incapacitating Strike","Stampede","Barbed Trap","Carve","Ulfsild's Contingency","Dark Shade","Incapacitating Strike"
"Hel Ra Citadel","The Warrior","https://www.esologs.com/reports/HPcnCgpT6RLDmBMA#fight=22&type=summary&source=3","@Ace'r","ambuwush","ass-shadow-siphon-aegis-caller-perfected-slivers-of-the-null-arca","dps","Ass","Shadow","Siphon","Aegis Caller","Perfected Slivers of the Null Arca","76698.0","7982.1","33.6","76698.0 DPS","","Huntsman's Warmask (Huntsman's Warmask)","Aegis Caller's Jack (Aegis Caller)","Zaan Epaulets (Zaan)","Aegis Caller's Bracers (Aegis Caller)","","Aegis Caller's Guards (Aegis Caller)","Perfected Null Arca Boots (Perfected Slivers of the Null Arca)","","Perfected Null Arca Ring (Perfected Slivers of the Null Arca)","Perfected Null Arca Ring (Perfected Slivers of the Null Arca)","Perfected Null Arca Dagger (Perfected Slivers of the Null Arca)","Perfected Null Arca Dagger (Perfected Slivers of the Null Arca)","The Maelstrom's Perfected Greatsword (Perfected Merciless Charge)"," ()","Relentless Focus","Surprise Attack","Killer's Blade","Debilitate","Shadowy Disguise","Incapacitating Strike","Stampede","Carve","Ulfsild's Contingency","Dark Shade","Barbed Trap","Ice Comet"
"Hel Ra Citadel","The Warrior","https://www.esologs.com/reports/HPcnCgpT6RLDmBMA#fight=22&type=summary&source=10","@AuraStorm2278","Miralia Saryu","ass-shadow-siphon-aegis-caller-perfected-slivers-of-the-null-arca","dps","Ass","Shadow","Siphon","Perfected Slivers of the Null Arca","Aegis Caller","46366.9","6530.0","23.3","46366.9 DPS","","Slimecraw Mask (Slimecraw)","Perfected Null Arca Jack (Perfected Slivers of the Null Arca)","Null Arca Arm Cops (Slivers of the Null Arca)","Perfected Null Arca Bracers (Perfected Slivers of the Null Arca)","","Aegis Caller's Guards (Aegis Caller)","Perfected Null Arca Boots (Perfected Slivers of the Null Arca)","","Aegis Caller's Ring (Aegis Caller)","Aegis Caller's Ring (Aegis Caller)","Aegis Caller's Dagger (Aegis Caller)","Aegis Caller's Dagger (Aegis Caller)","The Maelstrom's Perfected Inferno Staff (Perfected Crushing Wall)"," ()","Relentless Focus","Power Extraction","Shadowy Disguise","Surprise Attack","Killer's Blade","Soul Harvest","Debilitate","Unstable Wall of Elements","Ulfsild's Contingency","Dark Shade","Twisting Path","Shooting Star"
"Hel Ra Citadel","The Warrior","https://www.esologs.com/reports/HPcnCgpT6RLDmBMA#fight=22&type=summary&source=9","@Oridancake","wandercake","dawn-spear-x-aetheric-lancer-perfected-slivers-of-the-null-arca","dps","Spear","Dawn","x","Aetheric Lancer","Perfected Slivers of the Null Arca","59998.6","3219.7","38.9","59998.6 DPS","","Velidreth Guise (Velidreth)","Aetheric Lancer Jack (Aetheric Lancer)","Perfected Null Arca Arm Cops (Perfected Slivers of the Null Arca)","Aetheric Lancer Bracers (Aetheric Lancer)","","Aetheric Lancer Guards (Aetheric Lancer)","Aetheric Lancer Boots (Aetheric Lancer)","","Perfected Null Arca Ring (Perfected Slivers of the Null Arca)","Perfected Null Arca Ring (Perfected Slivers of the Null Arca)","Perfected Null Arca Dagger (Perfected Slivers of the Null Arca)","Perfected Null Arca Dagger (Perfected Slivers of the Null Arca)","The Maelstrom's Perfected Greatsword (Perfected Merciless Charge)"," ()","Radiant Oppression","Blazing Spear","Puncturing Sweep","Camouflaged Hunter","Quick Cloak","Flawless Dawnbreaker","Ritual of Retribution","Power of the Light","Stampede","Razor Caltrops","Solar Barrage","Shooting Star"
"Hel Ra Citadel","The Warrior","https://www.esologs.com/reports/HPcnCgpT6RLDmBMA#fight=22&type=summary&source=4","@Jess182","Jess'erin","dawn-spear-x-aetheric-lancer-perfected-slivers-of-the-null-arca","dps","Spear","Dawn","x","Perfected Slivers of the Null Arca","Aetheric Lancer","100903.0","14962.2","55.4","100903.0 DPS","","Slimecraw Guise (Slimecraw)","Perfected Null Arca Jack (Perfected Slivers of the Null Arca)","Perfected Null Arca Arm Cops (Perfected Slivers of the Null Arca)","Aetheric Lancer Bracers (Aetheric Lancer)","","Aetheric Lancer Guards (Aetheric Lancer)","Aetheric Lancer Boots (Aetheric Lancer)","","Perfected Null Arca Ring (Perfected Slivers of the Null Arca)","Aetheric Lancer Ring (Aetheric Lancer)","Perfected Null Arca Dagger (Perfected Slivers of the Null Arca)","Perfected Null Arca Dagger (Perfected Slivers of the Null Arca)","The Maelstrom's Perfected Greatsword (Perfected Merciless Charge)"," ()","Power of the Light","Blazing Spear","Biting Jabs","Radiant Glory","Quick Cloak","Flawless Dawnbreaker","Stampede","Ritual of Retribution","Solar Barrage","Bloody Contingency (Lingering Torment / Intellect and Endurance)","Vampire's Bane","Shooting Star"
"Hel Ra Citadel","The Warrior","https://www.esologs.com/reports/HPcnCgpT6RLDmBMA#fight=22&type=summary&source=4","@Jess182","Jess'erin","dawn-spear-x-aetheric-lancer-perfected-slivers-of-the-null-arca","dps","Spear","Dawn","x","Perfected Slivers of the Null Arca","Aetheric Lancer","100904.8","11321.5","36.2","100904.8 DPS","","Slimecraw Guise (Slimecraw)","Perfected Null Arca Jack (Perfected Slivers of the Null Arca)","Perfected Null Arca Arm Cops (Perfected Slivers of the Null Arca)","Aetheric Lancer Bracers (Aetheric Lancer)","","Aetheric Lancer Guards (Aetheric Lancer)","Aetheric Lancer Boots (Aetheric Lancer)","","Perfected Null Arca Ring (Perfected Slivers of the Null Arca)","Aetheric Lancer Ring (Aetheric Lancer)","Perfected Null Arca Dagger (Perfected Slivers of the Null Arca)","Perfected Null Arca Dagger (Perfected Slivers of the Null Arca)","The Maelstrom's Perfected Greatsword (Perfected Merciless Charge)"," ()","Power of the Light","Blazing Spear","Biting Jabs","Radiant Glory","Quick Cloak","Flawless Dawnbreaker","Stampede","Ritual of Retribution","Solar Barrage","Ulfsild's Contingency","Vampire's Bane","Shooting Star"
"Hel Ra Citadel","The Warrior","https://www.esologs.com/reports/HPcnCgpT6RLDmBMA#fight=22&type=summary&source=4","@Jess182","Jess'erin","dawn-spear-x-aetheric-lancer-perfected-slivers-of-the-null-arca","dps","Spear","Dawn","x","Perfected Slivers of the Null Arca","Aetheric Lancer","100898.8","11328.3","36.2","100898.8 DPS","","Slimecraw Guise (Slimecraw)","Perfected Null Arca Jack (Perfected Slivers of the Null Arca)","Perfected Null Arca Arm Cops (Perfected Slivers of the Null Arca)","Aetheric Lancer Bracers (Aetheric Lancer)","","Aetheric Lancer Guards (Aetheric Lancer)","Aetheric Lancer Boots (Aetheric Lancer)","","Perfected Null Arca Ring (Perfected Slivers of the Null Arca)","Aetheric Lancer Ring (Aetheric Lancer)","Perfected Null Arca Dagger (Perfected Slivers of the Null Arca)","Perfected Null Arca Dagger (Perfected Slivers of the Null Arca)","The Maelstrom's Perfected Greatsword (Perfected Merciless Charge)"," ()","Power of the Light","Blazing Spear","Biting Jabs","Radiant Glory","Quick Cloak","Flawless Dawnbreaker","Stampede","Ritual of Retribution","Solar Barrage","Ulfsild's Contingency","Vampire's Bane","Shooting Star"
"Hel Ra Citadel","The Warrior","https://www.esologs.com/reports/HPcnCgpT6RLDmBMA#fight=22&type=summary&source=4","@Xilixia","Aska Twin-Sword","dawn-spear-x-aetheric-lancer-perfected-slivers-of-the-null-arca","dps","Spear","Dawn","x","Aetheric Lancer","Perfected Slivers of the Null Arca","111062.3","11152.2","22.8","111062.3 DPS","The Thief","Aetheric Lancer Helmet (Aetheric Lancer)","Perfected Null Arca Jack (Perfected Slivers of the Null Arca)","Slimecraw Arm Cops (Slimecraw)","Aetheric Lancer Bracers (Aetheric Lancer)","","Perfected Null Arca Guards (Perfected Slivers of the Null Arca)","Perfected Null Arca Boots (Perfected Slivers of the Null Arca)","","Aetheric Lancer Ring (Aetheric Lancer)","Aetheric Lancer Ring (Aetheric Lancer)","Perfected Null Arca Dagger (Perfected Slivers of the Null Arca)","Perfected Null Arca Dagger (Perfected Slivers of the Null Arca)","The Maelstrom's Perfected Greatsword (Perfected Merciless Charge)"," ()","Puncturing Sweep","Power of the Light","Barbed Trap","Quick Cloak","Radiant Glory","Flawless Dawnbreaker","Solar Barrage","Blazing Spear","Ritual of Retribution","Vampire's Bane","Stampede","Onslaught"
"Hel Ra Citadel","The Warrior","https://www.esologs.com/reports/mYXRBH4rfVkGqpDz#fight=6&type=summary&source=2","@RadagastTheRainbow","Andreo Servan","animal-green-winter-perfected-pillagers-profit-spell-power-cure","healer","Animal","Green","Winter","Perfected Pillager's Profit","Spell Power Cure","8070.2","80231.3","55.0","80231.3 HPS","The Ritual","Ozezan the Inferno's Mask (Ozezan the Inferno)","Spell Power Cure Robe (Spell Power Cure)","Ozezan the Inferno's Arm Cops (Ozezan the Inferno)","Spell Power Cure Gloves (Spell Power Cure)","","Spell Power Cure Breeches (Spell Power Cure)","Spell Power Cure Shoes (Spell Power Cure)","","Perfected Pillager's Band (Perfected Pillager's Profit)","Perfected Pillager's Band (Perfected Pillager's Profit)","Perfected Pillager's Restoration Staff (Perfected Pillager's Profit)"," ()","Perfected Pillager's Lightning Staff (Perfected Pillager's Profit)"," ()","Illustrious Healing","Blue Betty","Combat Prayer","Expansive Frost Cloak","Radiating Regeneration","Reviving Barrier","Budding Seeds","Energy Orb","Blockade of Storms","Echoing Vigor","Winter's Revenge","Aggressive Horn"
"Hel Ra Citadel","The Warrior","https://www.esologs.com/reports/mYXRBH4rfVkGqpDz#fight=6&type=summary&source=2","@RadagastTheRainbow","Andreo Servan","animal-green-winter-perfected-pillagers-profit-spell-power-cure","healer","Animal","Green","Winter","Perfected Pillager's Profit","Spell Power Cure","8070.0","81240.0","55.0","81240.0 HPS","","Ozezan the Inferno's Mask (Ozezan the Inferno)","Spell Power Cure Robe (Spell Power Cure)","Ozezan the Inferno's Arm Cops (Ozezan the Inferno)","Spell Power Cure Gloves (Spell Power Cure)","","Spell Power Cure Breeches (Spell Power Cure)","Spell Power Cure Shoes (Spell Power Cure)","","Perfected Pillager's Band (Perfected Pillager's Profit)","Perfected Pillager's Band (Perfected Pillager's Profit)","Perfected Pillager's Restoration Staff (Perfected Pillager's Profit)"," ()","Perfected Pillager's Lightning Staff (Perfected Pillager's Profit)"," ()","Illustrious Healing","Blue Betty","Combat Prayer","Expansive Frost Cloak","Radiating Regeneration","Reviving Barrier","Budding Seeds","Energy Orb","Elemental Blockade","Echoing Vigor","Winter's Revenge","Aggressive Horn"
"Hel Ra Citadel","The Warrior","https://www.esologs.com/reports/mYXRBH4rfVkGqpDz#fight=6&type=summary&source=2","@RadagastTheRainbow","Andreo Servan","animal-green-winter-perfected-pillagers-profit-spell-power-cure","healer","Animal","Green","Winter","Perfected Pillager's Profit","Spell Power Cure","8069.8","81237.3","55.0","81237.3 HPS","","Ozezan the Inferno's Mask (Ozezan the Inferno)","Spell Power Cure Robe (Spell Power Cure)","Ozezan the Inferno's Arm Cops (Ozezan the Inferno)","Spell Power Cure Gloves (Spell Power Cure)","","Spell Power Cure Breeches (Spell Power Cure)","Spell Power Cure Shoes (Spell Power Cure)","","Perfected Pillager's Band (Perfected Pillager's Profit)","Perfected Pillager's Band (Perfected Pillager's Profit)","Perfected Pillager's Restoration Staff (Perfected Pillager's Profit)"," ()","Perfected Pillager's Lightning Staff (Perfected Pillager's Profit)"," ()","Illustrious Healing","Blue Betty","Combat Prayer","Expansive Frost Cloak","Radiating Regeneration","Reviving Barrier","Budding Seeds","Energy Orb","Elemental Blockade","Echoing Vigor","Winter's Revenge","Aggressive Horn"
"Hel Ra Citadel","The Warrior","https://www.esologs.com/reports/mYXRBH4rfVkGqpDz#fight=6&type=summary&source=11","@PrincessCatWarrior","Prancing Kitty","animal-green-winter-perfected-pillagers-profit-spell-power-cure","healer","Animal","Green","Winter","Spell Power Cure","Perfected Pillager's Profit","4968.6","32740.7","36.4","32740.7 HPS","","Symphony of Blades Guise (Symphony of Blades)","Spell Power Cure Robe (Spell Power Cure)","Symphony of Blades Epaulets (Symphony of Blades)","Spell Power Cure Gloves (Spell Power Cure)","","Spell Power Cure Breeches (Spell Power Cure)","Spell Power Cure Shoes (Spell Power Cure)","","Perfected Pillager's Band (Perfected Pillager's Profit)","Perfected Pillager's Band (Perfected Pillager's Profit)","The Master's Perfected Restoration Staff (Perfected Grand Rejuvenation)"," ()","Perfected Pillager's Lightning Staff (Perfected Pillager's Profit)"," ()","Budding Seeds","Combat Prayer","Illustrious Healing","Energy Orb","Radiating Regeneration","Wild Guardian","Winter's Revenge","Elemental Blockade","Expansive Frost Cloak","Elemental Susceptibility","Echoing Vigor","Aggressive Horn"
"Hel Ra Citadel","The Warrior","https://www.esologs.com/reports/mYXRBH4rfVkGqpDz#fight=6&type=summary&source=10","@spidermonkey222","spirit magic","ass-shadow-siphon-crimson-oaths-rive-turning-tide","tank","Ass","Shadow","Siphon","Turning Tide","Crimson Oath's Rive","6366.1","7655.8","65.3","65.3 CPM","","Nazaray Mask (Nazaray)","Cuirass of the Crimson Oath (Crimson Oath's Rive)","Nazaray Epaulets (Nazaray)","Gauntlets of the Crimson Oath (Crimson Oath's Rive)","","Greaves of the Crimson Oath (Crimson Oath's Rive)","Sabatons of the Crimson Oath (Crimson Oath's Rive)","","Ring of the Turning Tide (Turning Tide)","Ring of the Turning Tide (Turning Tide)","Ice Staff of the Turning Tide (Turning Tide)"," ()","Ice Staff of the Turning Tide (Turning Tide)"," ()","Warding Contingency (Gladiator's Tenacity / Intellect and Endurance)","Resolving Vigor","Shadowy Disguise","Inner Rage","Blinding Flare","Soul Harvest","Elemental Susceptibility","Siphoning Attacks","Unstable Wall of Elements","Leashing Soul (Druid's Resurgence / Cowardice)","Warding Burst (Class Flourish / Courage)","Aggressive Horn"
"Hel Ra Citadel","The Warrior","https://www.esologs.com/reports/mYXRBH4rfVkGqpDz#fight=6&type=summary&source=10","@spidermonkey222","spirit magic","ass-shadow-siphon-crimson-oaths-rive-turning-tide","tank","Ass","Shadow","Siphon","Turning Tide","Crimson Oath's Rive","6378.0","9920.5","65.3","65.3 CPM","","Nazaray Mask (Nazaray)","Cuirass of the Crimson Oath (Crimson Oath's Rive)","Nazaray Epaulets (Nazaray)","Gauntlets of the Crimson Oath (Crimson Oath's Rive)","","Greaves of the Crimson Oath (Crimson Oath's Rive)","Sabatons of the Crimson Oath (Crimson Oath's Rive)","","Ring of the Turning Tide (Turning Tide)","Ring of the Turning Tide (Turning Tide)","Ice Staff of the Turning Tide (Turning Tide)"," ()","Ice Staff of the Turning Tide (Turning Tide)"," ()","Ulfsild's Contingency","Resolving Vigor","Shadowy Disguise","Inner Rage","Blinding Flare","Soul Harvest","Elemental Susceptibility","Siphoning Attacks","Unstable Wall of Elements","Leashing Soul","Warding Burst","Aggressive Horn"
"Hel Ra Citadel","The Warrior","https://www.esologs.com/reports/mYXRBH4rfVkGqpDz#fight=6&type=summary&source=9","@spidermonkey222","spirit magic","ass-shadow-siphon-crimson-oaths-rive-turning-tide","tank","Ass","Shadow","Siphon","Turning Tide","Crimson Oath's Rive","6378.6","9952.4","65.3","65.3 CPM","The Atronach","Nazaray Mask (Nazaray)","Cuirass of the Crimson Oath (Crimson Oath's Rive)","Nazaray Epaulets (Nazaray)","Gauntlets of the Crimson Oath (Crimson Oath's Rive)","","Greaves of the Crimson Oath (Crimson Oath's Rive)","Sabatons of the Crimson Oath (Crimson Oath's Rive)","","Ring of the Turning Tide (Turning Tide)","Ring of the Turning Tide (Turning Tide)","Ice Staff of the Turning Tide (Turning Tide)"," ()","Ice Staff of the Turning Tide (Turning Tide)"," ()","Ulfsild's Contingency","Resolving Vigor","Shadowy Disguise","Inner Rage","Blinding Flare","Soul Harvest","Elemental Susceptibility","Siphoning Attacks","Unstable Wall of Elements","Leashing Soul","Warding Burst","Aggressive Horn"
"Hel Ra Citadel","The Warrior","https://www.esologs.com/reports/mYXRBH4rfVkGqpDz#fight=6&type=summary&source=7","@DonaWorryBeHappy","Pashvee Hatched-in-Flame","ardent-earthen-x-jorvulds-guidance-perfected-roaring-opportunist","healer","Ardent","Earthen","x","Jorvuld's Guidance","Perfected Roaring Opportunist","3396.1","72280.6","37.6","72280.6 HPS","The Atronach","Symphony of Blades Guise (Symphony of Blades)","Jorvuld's Guidance Jerkin (Jorvuld's Guidance)","Symphony of Blades Epaulets (Symphony of Blades)","Jorvuld's Guidance Gloves (Jorvuld's Guidance)","","Jorvuld's Guidance Breeches (Jorvuld's Guidance)","Jorvuld's Guidance Shoes (Jorvuld's Guidance)","","Roaring Opportunist's Perfected Ring (Perfected Roaring Opportunist)","Roaring Opportunist's Perfected Ring (Perfected Roaring Opportunist)","The Master's Perfected Restoration Staff (Perfected Grand Rejuvenation)"," ()","Roaring Opportunist's Perfected Ice Staff (Perfected Roaring Opportunist)"," ()","Combat Prayer","Energy Orb","Illustrious Healing","Radiating Regeneration","Protect the Brood","Reviving Barrier","Echoing Vigor","Igneous Shield","Blockade of Frost","Fire Keeper","Cauterize","Standard of Might"
"Hel Ra Citadel","The Warrior","https://www.esologs.com/reports/mYXRBH4rfVkGqpDz#fight=6&type=summary&source=7","@DonaWorryBeHappy","Pashvee Hatched-in-Flame","ardent-earthen-x-jorvulds-guidance-perfected-roaring-opportunist","healer","Ardent","Earthen","x","Jorvuld's Guidance","Perfected Roaring Opportunist","3395.5","71129.5","37.6","71129.5 HPS","","Symphony of Blades Guise (Symphony of Blades)","Jorvuld's Guidance Jerkin (Jorvuld's Guidance)","Symphony of Blades Epaulets (Symphony of Blades)","Jorvuld's Guidance Gloves (Jorvuld's Guidance)","","Jorvuld's Guidance Breeches (Jorvuld's Guidance)","Jorvuld's Guidance Shoes (Jorvuld's Guidance)","","Roaring Opportunist's Perfected Ring (Perfected Roaring Opportunist)","Roaring Opportunist's Perfected Ring (Perfected Roaring Opportunist)","The Master's Perfected Restoration Staff (Perfected Grand Rejuvenation)"," ()","Roaring Opportunist's Perfected Ice Staff (Perfected Roaring Opportunist)"," ()","Combat Prayer","Energy Orb","Illustrious Healing","Radiating Regeneration","Protect the Brood","Reviving Barrier","Echoing Vigor","Igneous Shield","Elemental Blockade","Fire Keeper","Cauterize","Standard of Might"
"Hel Ra Citadel","The Warrior","https://www.esologs.com/reports/mYXRBH4rfVkGqpDz#fight=6&type=summary&source=6","@DonaWorryBeHappy","Pashvee Hatched-in-Flame","ardent-earthen-x-jorvulds-guidance-perfected-roaring-opportunist","healer","Ardent","Earthen","x","Jorvuld's Guidance","Perfected Roaring Opportunist","3395.8","66427.5","37.6","66427.5 HPS","","Symphony of Blades Guise (Symphony of Blades)","Jorvuld's Guidance Jerkin (Jorvuld's Guidance)","Symphony of Blades Epaulets (Symphony of Blades)","Jorvuld's Guidance Gloves (Jorvuld's Guidance)","","Jorvuld's Guidance Breeches (Jorvuld's Guidance)","Jorvuld's Guidance Shoes (Jorvuld's Guidance)","","Roaring Opportunist's Perfected Ring (Perfected Roaring Opportunist)","Roaring Opportunist's Perfected Ring (Perfected Roaring Opportunist)","The Master's Perfected Restoration Staff (Perfected Grand Rejuvenation)"," ()","Roaring Opportunist's Perfected Ice Staff (Perfected Roaring Opportunist)"," ()","Combat Prayer","Energy Orb","Illustrious Healing","Radiating Regeneration","Protect the Brood","Reviving Barrier","Echoing Vigor","Igneous Shield","Elemental Blockade","Fire Keeper","Cauterize","Standard of Might"
"Hel Ra Citadel","The Warrior","https://www.esologs.com/reports/mYXRBH4rfVkGqpDz#fight=6&type=summary&source=9","@M0R_Gaming","Pythiøs","daedric-dark-storm-perfected-lucent-echoes-unknown","tank","Dark","Daedric","Storm","Perfected Lucent Echoes","Perfected Pearlescent Ward","5180.5","6871.6","87.3","87.3 CPM","","Nazaray Visage (Nazaray)","Lucent Echoes Perfected Cuirass (Perfected Lucent Echoes)","Nazaray Pauldron (Nazaray)","Lucent Echoes Perfected Gauntlets (Perfected Lucent Echoes)","","Lucent Echoes Perfected Greaves (Perfected Lucent Echoes)","Lucent Echoes Perfected Sabatons (Perfected Lucent Echoes)","","Perfected Pearlescent Ring (Perfected Pearlescent Ward)","Perfected Pearlescent Ring (Perfected Pearlescent Ward)","Lucent Echoes Perfected Axe (Perfected Lucent Echoes)","Lucent Echoes Perfected Shield (Perfected Lucent Echoes)","Ice Staff of the Crimson Oath (Crimson Oath's Rive)"," ()","Goading Throw (Sage's Remedy / Cowardice)","Boundless Storm","Bound Aegis","Dark Deal","Vibrant Shroud","Reviving Barrier","Charging Maneuver","Blockade of Frost","Ball of Lightning","Leashing Soul (Druid's Resurgence / Breach)","Elemental Susceptibility","Greater Storm Atronach"
"Hel Ra Citadel","The Warrior","https://www.esologs.com/reports/mYXRBH4rfVkGqpDz#fight=6&type=summary&source=9","@M0R_Gaming","Pythiøs","daedric-dark-storm-perfected-lucent-echoes-unknown","tank","Dark","Daedric","Storm","Perfected Lucent Echoes","Perfected Pearlescent Ward","5180.6","9951.8","87.3","87.3 CPM","The Atronach","Nazaray Visage (Nazaray)","Lucent Echoes Perfected Cuirass (Perfected Lucent Echoes)","Nazaray Pauldron (Nazaray)","Lucent Echoes Perfected Gauntlets (Perfected Lucent Echoes)","","Lucent Echoes Perfected Greaves (Perfected Lucent Echoes)","Lucent Echoes Perfected Sabatons (Perfected Lucent Echoes)","","Perfected Pearlescent Ring (Perfected Pearlescent Ward)","Perfected Pearlescent Ring (Perfected Pearlescent Ward)","Lucent Echoes Perfected Axe (Perfected Lucent Echoes)","Lucent Echoes Perfected Shield (Perfected Lucent Echoes)","Ice Staff of the Crimson Oath (Crimson Oath's Rive)"," ()","Goading Throw","Boundless Storm","Bound Aegis","Dark Deal","Vibrant Shroud","Reviving Barrier","Charging Maneuver","Elemental Blockade","Ball of Lightning","Leashing Soul","Elemental Susceptibility","Greater Storm Atronach"
"Hel Ra Citadel","The Warrior","https://www.esologs.com/reports/mYXRBH4rfVkGqpDz#fight=6&type=summary&source=8","@M0R_Gaming","Pythiøs","daedric-dark-storm-perfected-lucent-echoes-unknown","tank","Dark","Daedric","Storm","Perfected Lucent Echoes","Perfected Pearlescent Ward","5180.1","10003.3","87.3","87.3 CPM","","Nazaray Visage (Nazaray)","Lucent Echoes Perfected Cuirass (Perfected Lucent Echoes)","Nazaray Pauldron (Nazaray)","Lucent Echoes Perfected Gauntlets (Perfected Lucent Echoes)","","Lucent Echoes Perfected Greaves (Perfected Lucent Echoes)","Lucent Echoes Perfected Sabatons (Perfected Lucent Echoes)","","Perfected Pearlescent Ring (Perfected Pearlescent Ward)","Perfected Pearlescent Ring (Perfected Pearlescent Ward)","Lucent Echoes Perfected Axe (Perfected Lucent Echoes)","Lucent Echoes Perfected Shield (Perfected Lucent Echoes)","Ice Staff of the Crimson Oath (Crimson Oath's Rive)"," ()","Goading Throw","Boundless Storm","Bound Aegis","Dark Deal","Vibrant Shroud","Reviving Barrier","Charging Maneuver","Elemental Blockade","Ball of Lightning","Leashing Soul","Elemental Susceptibility","Greater Storm Atronach"
"Hel Ra Citadel","The Warrior","https://www.esologs.com/reports/HPcnCgpT6RLDmBMA#fight=22&type=summary&source=1","@Luminara04","Kathelyna Kaethius","animal-green-winter-master-architect-serpents-disdain","healer","Animal","Green","Winter","Master Architect","Serpent's Disdain","13063.6","59883.2","45.8","59883.2 HPS","The Atronach","Ozezan the Inferno's Guise (Ozezan the Inferno)","Master Architect Robe (Master Architect)","Ozezan the Inferno's Arm Cops (Ozezan the Inferno)","Master Architect Gloves (Master Architect)","","Master Architect Breeches (Master Architect)","Master Architect Shoes (Master Architect)","","Ring of Serpent's Disdain (Serpent's Disdain)","Ring of Serpent's Disdain (Serpent's Disdain)","The Master's Perfected Restoration Staff (Perfected Grand Rejuvenation)"," ()","Lightning Staff of Serpent's Disdain (Serpent's Disdain)"," ()","Illustrious Healing","Radiating Regeneration","Budding Seeds","Energy Orb","Combat Prayer","Wild Guardian","Unstable Wall of Storms","Elemental Susceptibility","Arctic Blast","Winter's Revenge","Expansive Frost Cloak","Reviving Barrier"
"Hel Ra Citadel","The Warrior","https://www.esologs.com/reports/HPcnCgpT6RLDmBMA#fight=22&type=summary&source=5","@Jaydeism","Azenor Thornwyld","animal-green-winter-master-architect-serpents-disdain","healer","Animal","Green","Winter","Serpent's Disdain","Master Architect","11051.3","84226.8","40.9","84226.8 HPS","","Symphony of Blades Guise (Symphony of Blades)","Robe of Serpent's Disdain (Serpent's Disdain)","Symphony of Blades Epaulets (Symphony of Blades)","Gloves of Serpent's Disdain (Serpent's Disdain)","","Breeches of Serpent's Disdain (Serpent's Disdain)","Shoes of Serpent's Disdain (Serpent's Disdain)","","Master Architect Ring (Master Architect)","Master Architect Ring (Master Architect)","The Master's Perfected Restoration Staff (Perfected Grand Rejuvenation)"," ()","Master Architect Ice Staff (Master Architect)"," ()","Green Lotus","Combat Prayer","Budding Seeds","Echoing Vigor","Illustrious Healing","Eternal Guardian","Elemental Blockade","Elemental Susceptibility","Expansive Frost Cloak","Warding Burst","Overflowing Altar","Reviving Barrier"
"Hel Ra Citadel","Trash Builds","https://www.esologs.com/reports/mYXRBH4rfVkGqpDz#fight=12&type=summary&source=1","@MadMod10","Zolus Graylock","herald-soldier-x-perfected-sul-xans-torment-spattering-disjunction","dps","Herald","Soldier","x","Spattering Disjunction","Perfected Sul-Xan's Torment","184844.3","0.0","42.6","184844.3 DPS","","Slimecraw Guise (Slimecraw)","Spattering Disjunction Jack (Spattering Disjunction)","Perfected Arm Cops of Sul-Xan's Torment (Perfected Sul-Xan's Torment)","Spattering Disjunction Bracers (Spattering Disjunction)","","Spattering Disjunction Guards (Spattering Disjunction)","Spattering Disjunction Boots (Spattering Disjunction)","","Perfected Ring of Sul-Xan's Torment (Perfected Sul-Xan's Torment)","Perfected Ring of Sul-Xan's Torment (Perfected Sul-Xan's Torment)","Perfected Dagger of Sul-Xan's Torment (Perfected Sul-Xan's Torment)","Perfected Dagger of Sul-Xan's Torment (Perfected Sul-Xan's Torment)","The Maelstrom's Perfected Inferno Staff (Perfected Crushing Wall)"," ()","Quick Cloak","Barbed Trap","Cephaliarch's Flail","Pragmatic Fatecarver","Camouflaged Hunter","Flawless Dawnbreaker","Blockade of Fire","Cruxweaver Armor","Inspired Scholarship","Fulminating Rune","Camouflaged Hunter","The Languid Eye"
"Hel Ra Citadel","Trash Builds","https://www.esologs.com/reports/mYXRBH4rfVkGqpDz#fight=12&type=summary&source=6","@RinBC","Maven Calamitous","herald-soldier-x-perfected-sul-xans-torment-spattering-disjunction","dps","Herald","Soldier","x","Spattering Disjunction","Perfected Sul-Xan's Torment","260128.8","4714.5","37.6","260128.8 DPS","","Slimecraw Guise (Slimecraw)","Spattering Disjunction Jack (Spattering Disjunction)","Perfected Arm Cops of Sul-Xan's Torment (Perfected Sul-Xan's Torment)","Spattering Disjunction Bracers (Spattering Disjunction)","","Spattering Disjunction Guards (Spattering Disjunction)","Spattering Disjunction Boots (Spattering Disjunction)","","Perfected Ring of Sul-Xan's Torment (Perfected Sul-Xan's Torment)","Perfected Ring of Sul-Xan's Torment (Perfected Sul-Xan's Torment)","Perfected Dagger of Sul-Xan's Torment (Perfected Sul-Xan's Torment)","Perfected Dagger of Sul-Xan's Torment (Perfected Sul-Xan's Torment)","The Maelstrom's Perfected Inferno Staff (Perfected Crushing Wall)"," ()","Camouflaged Hunter","Barbed Trap","Quick Cloak","Cephaliarch's Flail","Pragmatic Fatecarver","Flawless Dawnbreaker","Camouflaged Hunter","Cruxweaver Armor","Anti-Cavalry Caltrops","Blockade of Fire","Inspired Scholarship","The Languid Eye"
"Hel Ra Citadel","Trash Builds","https://www.esologs.com/reports/mYXRBH4rfVkGqpDz#fight=12&type=summary&source=12","@MadMod10","Zolus Graylock","herald-soldier-x-perfected-sul-xans-torment-spattering-disjunction","dps","Herald","Soldier","x","Spattering Disjunction","Perfected Sul-Xan's Torment","65051.7","0.0","48.0","65051.7 DPS","","Slimecraw Guise (Slimecraw)","Spattering Disjunction Jack (Spattering Disjunction)","Perfected Arm Cops of Sul-Xan's Torment (Perfected Sul-Xan's Torment)","Spattering Disjunction Bracers (Spattering Disjunction)","","Spattering Disjunction Guards (Spattering Disjunction)","Spattering Disjunction Boots (Spattering Disjunction)","","Perfected Ring of Sul-Xan's Torment (Perfected Sul-Xan's Torment)","Perfected Ring of Sul-Xan's Torment (Perfected Sul-Xan's Torment)","Perfected Dagger of Sul-Xan's Torment (Perfected Sul-Xan's Torment)","Perfected Dagger of Sul-Xan's Torment (Perfected Sul-Xan's Torment)","The Maelstrom's Perfected Inferno Staff (Perfected Crushing Wall)"," ()","Quick Cloak","Barbed Trap","Cephaliarch's Flail","Pragmatic Fatecarver","Camouflaged Hunter","Flawless Dawnbreaker","Elemental Blockade","Cruxweaver Armor","Inspired Scholarship","Fulminating Rune","Camouflaged Hunter","The Languid Eye"
"Hel Ra Citadel","Trash Builds","https://www.esologs.com/reports/mYXRBH4rfVkGqpDz#fight=12&type=summary&source=6","@RinBC","Maven Calamitous","herald-soldier-x-perfected-sul-xans-torment-spattering-disjunction","dps","Herald","Soldier","x","Spattering Disjunction","Perfected Sul-Xan's Torment","57878.7","55367.5","41.1","57878.7 DPS","","Slimecraw Guise (Slimecraw)","Spattering Disjunction Jack (Spattering Disjunction)","Perfected Arm Cops of Sul-Xan's Torment (Perfected Sul-Xan's Torment)","Spattering Disjunction Bracers (Spattering Disjunction)","","Spattering Disjunction Guards (Spattering Disjunction)","Spattering Disjunction Boots (Spattering Disjunction)","","Perfected Ring of Sul-Xan's Torment (Perfected Sul-Xan's Torment)","Perfected Ring of Sul-Xan's Torment (Perfected Sul-Xan's Torment)","Perfected Dagger of Sul-Xan's Torment (Perfected Sul-Xan's Torment)","Perfected Dagger of Sul-Xan's Torment (Perfected Sul-Xan's Torment)","The Maelstrom's Perfected Inferno Staff (Perfected Crushing Wall)"," ()","Camouflaged Hunter","Barbed Trap","Quick Cloak","Cephaliarch's Flail","Pragmatic Fatecarver","Flawless Dawnbreaker","Camouflaged Hunter","Cruxweaver Armor","Anti-Cavalry Caltrops","Elemental Blockade","Inspired Scholarship","The Languid Eye"
"Hel Ra Citadel","Trash Builds","https://www.esologs.com/reports/mYXRBH4rfVkGqpDz#fight=12&type=summary&source=6","@RinBC","Maven Calamitous","herald-soldier-x-perfected-sul-xans-torment-spattering-disjunction","dps","Herald","Soldier","x","Spattering Disjunction","Perfected Sul-Xan's Torment","260141.7","5771.4","27.6","260141.7 DPS","The Thief","Slimecraw Guise (Slimecraw)","Spattering Disjunction Jack (Spattering Disjunction)","Perfected Arm Cops of Sul-Xan's Torment (Perfected Sul-Xan's Torment)","Spattering Disjunction Bracers (Spattering Disjunction)","","Spattering Disjunction Guards (Spattering Disjunction)","Spattering Disjunction Boots (Spattering Disjunction)","","Perfected Ring of Sul-Xan's Torment (Perfected Sul-Xan's Torment)","Perfected Ring of Sul-Xan's Torment (Perfected Sul-Xan's Torment)","Perfected Dagger of Sul-Xan's Torment (Perfected Sul-Xan's Torment)","Perfected Dagger of Sul-Xan's Torment (Perfected Sul-Xan's Torment)","The Maelstrom's Perfected Inferno Staff (Perfected Crushing Wall)"," ()","Camouflaged Hunter","Barbed Trap","Quick Cloak","Cephaliarch's Flail","Pragmatic Fatecarver","Flawless Dawnbreaker","Camouflaged Hunter","Cruxweaver Armor","Anti-Cavalry Caltrops","Elemental Blockade","Inspired Scholarship","The Languid Eye"
"Hel Ra Citadel","Trash Builds","https://www.esologs.com/reports/mYXRBH4rfVkGqpDz#fight=12&type=summary&source=12","@MadMod10","Zolus Graylock","herald-soldier-x-perfected-sul-xans-torment-spattering-disjunction","dps","Herald","Soldier","x","Spattering Disjunction","Perfected Sul-Xan's Torment","184810.1","3718.6","30.1","184810.1 DPS","","Slimecraw Guise (Slimecraw)","Spattering Disjunction Jack (Spattering Disjunction)","Perfected Arm Cops of Sul-Xan's Torment (Perfected Sul-Xan's Torment)","Spattering Disjunction Bracers (Spattering Disjunction)","","Spattering Disjunction Guards (Spattering Disjunction)","Spattering Disjunction Boots (Spattering Disjunction)","","Perfected Ring of Sul-Xan's Torment (Perfected Sul-Xan's Torment)","Perfected Ring of Sul-Xan's Torment (Perfected Sul-Xan's Torment)","Perfected Dagger of Sul-Xan's Torment (Perfected Sul-Xan's Torment)","Perfected Dagger of Sul-Xan's Torment (Perfected Sul-Xan's Torment)","The Maelstrom's Perfected Inferno Staff (Perfected Crushing Wall)"," ()","Quick Cloak","Barbed Trap","Cephaliarch's Flail","Pragmatic Fatecarver","Camouflaged Hunter","Flawless Dawnbreaker","Elemental Blockade","Cruxweaver Armor","Inspired Scholarship","Fulminating Rune","Camouflaged Hunter","The Languid Eye"
"Hel Ra Citadel","Trash Builds","https://www.esologs.com/reports/mYXRBH4rfVkGqpDz#fight=12&type=summary&source=1","@RinBC","Maven Calamitous","herald-soldier-x-perfected-sul-xans-torment-spattering-disjunction","dps","Herald","Soldier","x","Spattering Disjunction","Perfected Sul-Xan's Torment","57878.7","55367.5","41.2","57878.7 DPS","","Slimecraw Guise (Slimecraw)","Spattering Disjunction Jack (Spattering Disjunction)","Perfected Arm Cops of Sul-Xan's Torment (Perfected Sul-Xan's Torment)","Spattering Disjunction Bracers (Spattering Disjunction)","","Spattering Disjunction Guards (Spattering Disjunction)","Spattering Disjunction Boots (Spattering Disjunction)","","Perfected Ring of Sul-Xan's Torment (Perfected Sul-Xan's Torment)","Perfected Ring of Sul-Xan's Torment (Perfected Sul-Xan's Torment)","Perfected Dagger of Sul-Xan's Torment (Perfected Sul-Xan's Torment)","Perfected Dagger of Sul-Xan's Torment (Perfected Sul-Xan's Torment)","The Maelstrom's Perfected Inferno Staff (Perfected Crushing Wall)"," ()","Camouflaged Hunter","Barbed Trap","Quick Cloak","Cephaliarch's Flail","Pragmatic Fatecarver","Flawless Dawnbreaker","Camouflaged Hunter","Cruxweaver Armor","Anti-Cavalry Caltrops","Blockade of Fire","Inspired Scholarship","The Languid Eye"
"Hel Ra Citadel","Trash Builds","https://www.esologs.com/reports/mYXRBH4rfVkGqpDz#fight=12&type=summary&source=12","@MadMod10","Zolus Graylock","herald-soldier-x-perfected-sul-xans-torment-spattering-disjunction","dps","Herald","Soldier","x","Spattering Disjunction","Perfected Sul-Xan's Torment","64944.3","0.0","48.0","64944.3 DPS","","Slimecraw Guise (Slimecraw)","Spattering Disjunction Jack (Spattering Disjunction)","Perfected Arm Cops of Sul-Xan's Torment (Perfected Sul-Xan's Torment)","Spattering Disjunction Bracers (Spattering Disjunction)","","Spattering Disjunction Guards (Spattering Disjunction)","Spattering Disjunction Boots (Spattering Disjunction)","","Perfected Ring of Sul-Xan's Torment (Perfected Sul-Xan's Torment)","Perfected Ring of Sul-Xan's Torment (Perfected Sul-Xan's Torment)","Perfected Dagger of Sul-Xan's Torment (Perfected Sul-Xan's Torment)","Perfected Dagger of Sul-Xan's Torment (Perfected Sul-Xan's Torment)","The Maelstrom's Perfected Inferno Staff (Perfected Crushing Wall)"," ()","Quick Cloak","Barbed Trap","Cephaliarch's Flail","Pragmatic Fatecarver","Camouflaged Hunter","Flawless Dawnbreaker","Elemental Blockade","Cruxweaver Armor","Inspired Scholarship","Fulminating Rune","Camouflaged Hunter","The Languid Eye"
"Hel Ra Citadel","Trash Builds","https://www.esologs.com/reports/mYXRBH4rfVkGqpDz#fight=12&type=summary&source=12","@MadMod10","Zolus Graylock","herald-soldier-x-perfected-sul-xans-torment-spattering-disjunction","dps","Herald","Soldier","x","Spattering Disjunction","Perfected Sul-Xan's Torment","184775.9","3724.5","30.1","184775.9 DPS","","Slimecraw Guise (Slimecraw)","Spattering Disjunction Jack (Spattering Disjunction)","Perfected Arm Cops of Sul-Xan's Torment (Perfected Sul-Xan's Torment)","Spattering Disjunction Bracers (Spattering Disjunction)","","Spattering Disjunction Guards (Spattering Disjunction)","Spattering Disjunction Boots (Spattering Disjunction)","","Perfected Ring of Sul-Xan's Torment (Perfected Sul-Xan's Torment)","Perfected Ring of Sul-Xan's Torment (Perfected Sul-Xan's Torment)","Perfected Dagger of Sul-Xan's Torment (Perfected Sul-Xan's Torment)","Perfected Dagger of Sul-Xan's Torment (Perfected Sul-Xan's Torment)","The Maelstrom's Perfected Inferno Staff (Perfected Crushing Wall)"," ()","Quick Cloak","Barbed Trap","Cephaliarch's Flail","Pragmatic Fatecarver","Camouflaged Hunter","Flawless Dawnbreaker","Elemental Blockade","Cruxweaver Armor","Inspired Scholarship","Fulminating Rune","Camouflaged Hunter","The Languid Eye"
"Hel Ra Citadel","Trash Builds","https://www.esologs.com/reports/mYXRBH4rfVkGqpDz#fight=12&type=summary&source=1","@RinBC","Maven Calamitous","herald-soldier-x-perfected-sul-xans-torment-spattering-disjunction","dps","Herald","Soldier","x","Spattering Disjunction","Perfected Sul-Xan's Torment","260128.8","5761.0","27.6","260128.8 DPS","","Slimecraw Guise (Slimecraw)","Spattering Disjunction Jack (Spattering Disjunction)","Perfected Arm Cops of Sul-Xan's Torment (Perfected Sul-Xan's Torment)","Spattering Disjunction Bracers (Spattering Disjunction)","","Spattering Disjunction Guards (Spattering Disjunction)","Spattering Disjunction Boots (Spattering Disjunction)","","Perfected Ring of Sul-Xan's Torment (Perfected Sul-Xan's Torment)","Perfected Ring of Sul-Xan's Torment (Perfected Sul-Xan's Torment)","Perfected Dagger of Sul-Xan's Torment (Perfected Sul-Xan's Torment)","Perfected Dagger of Sul-Xan's Torment (Perfected Sul-Xan's Torment)","The Maelstrom's Perfected Inferno Staff (Perfected Crushing Wall)"," ()","Camouflaged Hunter","Barbed Trap","Quick Cloak","Cephaliarch's Flail","Pragmatic Fatecarver","Flawless Dawnbreaker","Camouflaged Hunter","Cruxweaver Armor","Anti-Cavalry Caltrops","Blockade of Fire","Inspired Scholarship","The Languid Eye"
"Hel Ra Citadel","Trash Builds","https://www.esologs.com/reports/mYXRBH4rfVkGqpDz#fight=12&type=summary&source=2","@csnod","'Kalasia","herald-soldier-x-perfected-sul-xans-torment-spattering-disjunction","healer","Herald","Soldier","x","Spattering Disjunction","Perfected Sul-Xan's Torment","14263.0","214347.7","76.3","214347.7 HPS","","Slimecraw Mask (Slimecraw)","Spattering Disjunction Jack (Spattering Disjunction)","Perfected Arm Cops of Sul-Xan's Torment (Perfected Sul-Xan's Torment)","Spattering Disjunction Bracers (Spattering Disjunction)","","Spattering Disjunction Guards (Spattering Disjunction)","Spattering Disjunction Boots (Spattering Disjunction)","","Perfected Ring of Sul-Xan's Torment (Perfected Sul-Xan's Torment)","Perfected Ring of Sul-Xan's Torment (Perfected Sul-Xan's Torment)","Perfected Dagger of Sul-Xan's Torment (Perfected Sul-Xan's Torment)","Perfected Dagger of Sul-Xan's Torment (Perfected Sul-Xan's Torment)","The Maelstrom's Perfected Inferno Staff (Perfected Crushing Wall)"," ()","Quick Cloak","Barbed Trap","Cephaliarch's Flail","Pragmatic Fatecarver","Camouflaged Hunter","Flawless Dawnbreaker","Fulminating Rune","Cruxweaver Armor","Elemental Blockade","Inspired Scholarship","Camouflaged Hunter","The Languid Eye"
"Hel Ra Citadel","Trash Builds","https://www.esologs.com/reports/mYXRBH4rfVkGqpDz#fight=12&type=summary&source=5","@kip.anderson","Kip A Anders","herald-x-x-perfected-sul-xans-torment-spattering-disjunction","dps","Herald","x","x","Spattering Disjunction","Perfected Sul-Xan's Torment","212862.7","18986.8","40.1","212862.7 DPS","","Slimecraw Guise (Slimecraw)","Spattering Disjunction Jack (Spattering Disjunction)","Perfected Arm Cops of Sul-Xan's Torment (Perfected Sul-Xan's Torment)","Spattering Disjunction Bracers (Spattering Disjunction)","","Spattering Disjunction Guards (Spattering Disjunction)","Spattering Disjunction Boots (Spattering Disjunction)","","Perfected Ring of Sul-Xan's Torment (Perfected Sul-Xan's Torment)","Perfected Ring of Sul-Xan's Torment (Perfected Sul-Xan's Torment)","Perfected Dagger of Sul-Xan's Torment (Perfected Sul-Xan's Torment)","Perfected Dagger of Sul-Xan's Torment (Perfected Sul-Xan's Torment)","The Maelstrom's Perfected Inferno Staff (Perfected Crushing Wall)"," ()","Shocking Banner (Sage's Remedy / Heroism)","Quick Cloak","Cephaliarch's Flail","Pragmatic Fatecarver","Camouflaged Hunter","Flawless Dawnbreaker","Shocking Banner (Sage's Remedy / Heroism)","Blockade of Fire","Inspired Scholarship","Razor Caltrops","Echoing Vigor","Elemental Rage"
"Hel Ra Citadel","Trash Builds","https://www.esologs.com/reports/mYXRBH4rfVkGqpDz#fight=12&type=summary&source=5","@kip.anderson","Kip A Anders","herald-x-x-perfected-sul-xans-torment-spattering-disjunction","healer","Herald","x","x","Spattering Disjunction","Perfected Sul-Xan's Torment","68763.1","24874.0","41.1","24874.0 HPS","","Slimecraw Guise (Slimecraw)","Spattering Disjunction Jack (Spattering Disjunction)","Perfected Arm Cops of Sul-Xan's Torment (Perfected Sul-Xan's Torment)","Spattering Disjunction Bracers (Spattering Disjunction)","","Spattering Disjunction Guards (Spattering Disjunction)","Spattering Disjunction Boots (Spattering Disjunction)","","Perfected Ring of Sul-Xan's Torment (Perfected Sul-Xan's Torment)","Perfected Ring of Sul-Xan's Torment (Perfected Sul-Xan's Torment)","Perfected Dagger of Sul-Xan's Torment (Perfected Sul-Xan's Torment)","Perfected Dagger of Sul-Xan's Torment (Perfected Sul-Xan's Torment)","The Maelstrom's Perfected Inferno Staff (Perfected Crushing Wall)"," ()","Banner Bearer","Quick Cloak","Cephaliarch's Flail","Pragmatic Fatecarver","Camouflaged Hunter","Flawless Dawnbreaker","Banner Bearer","Elemental Blockade","Inspired Scholarship","Razor Caltrops","Echoing Vigor","Elemental Rage"
"Hel Ra Citadel","Trash Builds","https://www.esologs.com/reports/mYXRBH4rfVkGqpDz#fight=12&type=summary&source=5","@kip.anderson","Kip A Anders","herald-x-x-perfected-sul-xans-torment-spattering-disjunction","dps","Herald","x","x","Spattering Disjunction","Perfected Sul-Xan's Torment","212882.7","19800.3","25.1","212882.7 DPS","The Thief","Slimecraw Guise (Slimecraw)","Spattering Disjunction Jack (Spattering Disjunction)","Perfected Arm Cops of Sul-Xan's Torment (Perfected Sul-Xan's Torment)","Spattering Disjunction Bracers (Spattering Disjunction)","","Spattering Disjunction Guards (Spattering Disjunction)","Spattering Disjunction Boots (Spattering Disjunction)","","Perfected Ring of Sul-Xan's Torment (Perfected Sul-Xan's Torment)","Perfected Ring of Sul-Xan's Torment (Perfected Sul-Xan's Torment)","Perfected Dagger of Sul-Xan's Torment (Perfected Sul-Xan's Torment)","Perfected Dagger of Sul-Xan's Torment (Perfected Sul-Xan's Torment)","The Maelstrom's Perfected Inferno Staff (Perfected Crushing Wall)"," ()","Banner Bearer","Quick Cloak","Cephaliarch's Flail","Pragmatic Fatecarver","Camouflaged Hunter","Flawless Dawnbreaker","Banner Bearer","Elemental Blockade","Inspired Scholarship","Razor Caltrops","Echoing Vigor","Elemental Rage"
"Hel Ra Citadel","Trash Builds","https://www.esologs.com/reports/mYXRBH4rfVkGqpDz#fight=12&type=summary&source=5","@kip.anderson","Kip A Anders","herald-x-x-perfected-sul-xans-torment-spattering-disjunction","healer","Herald","x","x","Spattering Disjunction","Perfected Sul-Xan's Torment","68651.6","24874.0","41.2","24874.0 HPS","","Slimecraw Guise (Slimecraw)","Spattering Disjunction Jack (Spattering Disjunction)","Perfected Arm Cops of Sul-Xan's Torment (Perfected Sul-Xan's Torment)","Spattering Disjunction Bracers (Spattering Disjunction)","","Spattering Disjunction Guards (Spattering Disjunction)","Spattering Disjunction Boots (Spattering Disjunction)","","Perfected Ring of Sul-Xan's Torment (Perfected Sul-Xan's Torment)","Perfected Ring of Sul-Xan's Torment (Perfected Sul-Xan's Torment)","Perfected Dagger of Sul-Xan's Torment (Perfected Sul-Xan's Torment)","Perfected Dagger of Sul-Xan's Torment (Perfected Sul-Xan's Torment)","The Maelstrom's Perfected Inferno Staff (Perfected Crushing Wall)"," ()","Banner Bearer","Quick Cloak","Cephaliarch's Flail","Pragmatic Fatecarver","Camouflaged Hunter","Flawless Dawnbreaker","Banner Bearer","Elemental Blockade","Inspired Scholarship","Razor Caltrops","Echoing Vigor","Elemental Rage"
"Hel Ra Citadel","Trash Builds","https://www.esologs.com/reports/mYXRBH4rfVkGqpDz#fight=12&type=summary&source=5","@kip.anderson","Kip A Anders","herald-x-x-perfected-sul-xans-torment-spattering-disjunction","dps","Herald","x","x","Spattering Disjunction","Perfected Sul-Xan's Torment","212722.8","21056.5","25.1","212722.8 DPS","","Slimecraw Guise (Slimecraw)","Spattering Disjunction Jack (Spattering Disjunction)","Perfected Arm Cops of Sul-Xan's Torment (Perfected Sul-Xan's Torment)","Spattering Disjunction Bracers (Spattering Disjunction)","","Spattering Disjunction Guards (Spattering Disjunction)","Spattering Disjunction Boots (Spattering Disjunction)","","Perfected Ring of Sul-Xan's Torment (Perfected Sul-Xan's Torment)","Perfected Ring of Sul-Xan's Torment (Perfected Sul-Xan's Torment)","Perfected Dagger of Sul-Xan's Torment (Perfected Sul-Xan's Torment)","Perfected Dagger of Sul-Xan's Torment (Perfected Sul-Xan's Torment)","The Maelstrom's Perfected Inferno Staff (Perfected Crushing Wall)"," ()","Banner Bearer","Quick Cloak","Cephaliarch's Flail","Pragmatic Fatecarver","Camouflaged Hunter","Flawless Dawnbreaker","Banner Bearer","Elemental Blockade","Inspired Scholarship","Razor Caltrops","Echoing Vigor","Elemental Rage"
"Hel Ra Citadel","Trash Builds","https://www.esologs.com/reports/mYXRBH4rfVkGqpDz#fight=12&type=summary&source=10","@Sarracen858","Sheshadow","herald-x-x-perfected-sul-xans-torment-spattering-disjunction","dps","Herald","x","x","Spattering Disjunction","Perfected Sul-Xan's Torment","34045.6","25738.2","68.3","34045.6 DPS","","Slimecraw Guise (Slimecraw)","Spattering Disjunction Jack (Spattering Disjunction)","Perfected Arm Cops of Sul-Xan's Torment (Perfected Sul-Xan's Torment)","Spattering Disjunction Bracers (Spattering Disjunction)","","Spattering Disjunction Guards (Spattering Disjunction)","Spattering Disjunction Boots (Spattering Disjunction)","","Perfected Ring of Sul-Xan's Torment (Perfected Sul-Xan's Torment)","Perfected Ring of Sul-Xan's Torment (Perfected Sul-Xan's Torment)","Perfected Dagger of Sul-Xan's Torment (Perfected Sul-Xan's Torment)","Perfected Dagger of Sul-Xan's Torment (Perfected Sul-Xan's Torment)","The Maelstrom's Perfected Inferno Staff (Perfected Crushing Wall)"," ()","Quick Cloak","Pragmatic Fatecarver","Cephaliarch's Flail","Anti-Cavalry Caltrops","Camouflaged Hunter","Flawless Dawnbreaker","Elemental Blockade","Fulminating Rune","Inspired Scholarship","Scalding Rune","Camouflaged Hunter","Elemental Rage"
"Hel Ra Citadel","Trash Builds","https://www.esologs.com/reports/mYXRBH4rfVkGqpDz#fight=12&type=summary&source=10","@Sarracen858","Sheshadow","herald-x-x-perfected-sul-xans-torment-spattering-disjunction","dps","Herald","x","x","Spattering Disjunction","Perfected Sul-Xan's Torment","94438.5","3781.2","36.9","94438.5 DPS","","Slimecraw Guise (Slimecraw)","Spattering Disjunction Jack (Spattering Disjunction)","Perfected Arm Cops of Sul-Xan's Torment (Perfected Sul-Xan's Torment)","Spattering Disjunction Bracers (Spattering Disjunction)","","Spattering Disjunction Guards (Spattering Disjunction)","Spattering Disjunction Boots (Spattering Disjunction)","","Perfected Ring of Sul-Xan's Torment (Perfected Sul-Xan's Torment)","Perfected Ring of Sul-Xan's Torment (Perfected Sul-Xan's Torment)","Perfected Dagger of Sul-Xan's Torment (Perfected Sul-Xan's Torment)","Perfected Dagger of Sul-Xan's Torment (Perfected Sul-Xan's Torment)","The Maelstrom's Perfected Inferno Staff (Perfected Crushing Wall)"," ()","Quick Cloak","Pragmatic Fatecarver","Cephaliarch's Flail","Anti-Cavalry Caltrops","Camouflaged Hunter","Flawless Dawnbreaker","Elemental Blockade","Fulminating Rune","Inspired Scholarship","Scalding Rune","Camouflaged Hunter","Elemental Rage"
"Hel Ra Citadel","Trash Builds","https://www.esologs.com/reports/M8hXpzQGJLc9d1aY#fight=12&type=summary&source=12","nil","Anonymous 12","ass-dawn-herald-deadly-strike-perfected-ansuuls-torment","dps","Ass","Dawn","Herald","Perfected Ansuul's Torment","Deadly Strike","38241.1","2783.7","17.4","38241.1 DPS","","Iceheart Mask (Iceheart)","Ansuul's Perfected Jack (Perfected Ansuul's Torment)","Deadly Arm Cops (Deadly Strike)","Ansuul's Perfected Bracers (Perfected Ansuul's Torment)","","Ansuul's Perfected Guards (Perfected Ansuul's Torment)","Ansuul's Perfected Boots (Perfected Ansuul's Torment)","","Deadly Ring (Deadly Strike)","Deadly Ring (Deadly Strike)","Deadly Sword (Deadly Strike)","Deadly Sword (Deadly Strike)","The Maelstrom's Perfected Inferno Staff (Perfected Crushing Wall)"," ()","Pragmatic Fatecarver","Cephaliarch's Flail","Quick Cloak","Radiant Glory","Camouflaged Hunter","The Languid Eye","Solar Barrage","Unstable Wall of Elements","Fulminating Rune","Inspired Scholarship","Relentless Focus","Soul Harvest"
"Hel Ra Citadel","Trash Builds","https://www.esologs.com/reports/M8hXpzQGJLc9d1aY#fight=12&type=summary&source=3","@Grimgohts","Arcgrim","ass-dawn-herald-deadly-strike-perfected-ansuuls-torment","dps","Ass","Dawn","Herald","Perfected Ansuul's Torment","Deadly Strike","6422.7","9703.5","21.6","6422.7 DPS","","Slimecraw Guise (Slimecraw)","Ansuul's Perfected Jack (Perfected Ansuul's Torment)","Deadly Arm Cops (Deadly Strike)","Ansuul's Perfected Bracers (Perfected Ansuul's Torment)","","Ansuul's Perfected Guards (Perfected Ansuul's Torment)","Ansuul's Perfected Boots (Perfected Ansuul's Torment)","","Deadly Ring (Deadly Strike)","Deadly Ring (Deadly Strike)","Deadly Dagger (Deadly Strike)","Deadly Dagger (Deadly Strike)","The Maelstrom's Greatsword (Merciless Charge)"," ()","Cephaliarch's Flail","Pragmatic Fatecarver","Radiant Oppression","Quick Cloak","Camouflaged Hunter","Incapacitating Strike","Inspired Scholarship","Stampede","Solar Barrage","Fulminating Rune","Camouflaged Hunter","The Languid Eye"
"Hel Ra Citadel","Trash Builds","https://www.esologs.com/reports/M8hXpzQGJLc9d1aY#fight=12&type=summary&source=3","@Grimgohts","Arcgrim","ass-dawn-herald-deadly-strike-perfected-ansuuls-torment","dps","Ass","Dawn","Herald","Perfected Ansuul's Torment","Deadly Strike","80762.7","2214.0","10.2","80762.7 DPS","","Slimecraw Guise (Slimecraw)","Ansuul's Perfected Jack (Perfected Ansuul's Torment)","Deadly Arm Cops (Deadly Strike)","Ansuul's Perfected Bracers (Perfected Ansuul's Torment)","","Ansuul's Perfected Guards (Perfected Ansuul's Torment)","Ansuul's Perfected Boots (Perfected Ansuul's Torment)","","Deadly Ring (Deadly Strike)","Deadly Ring (Deadly Strike)","Deadly Dagger (Deadly Strike)","Deadly Dagger (Deadly Strike)","The Maelstrom's Greatsword (Merciless Charge)"," ()","Cephaliarch's Flail","Pragmatic Fatecarver","Radiant Oppression","Quick Cloak","Camouflaged Hunter","Incapacitating Strike","Inspired Scholarship","Stampede","Solar Barrage","Fulminating Rune","Camouflaged Hunter","The Languid Eye"
"Hel Ra Citadel","Trash Builds","https://www.esologs.com/reports/M8hXpzQGJLc9d1aY#fight=12&type=summary&source=19","@Alestrr","Ra'Veirr","ass-dawn-herald-deadly-strike-perfected-ansuuls-torment","dps","Ass","Dawn","Herald","Perfected Ansuul's Torment","Deadly Strike","124627.3","13636.6","34.0","124627.3 DPS","","Slimecraw Guise (Slimecraw)","Ansuul's Perfected Jack (Perfected Ansuul's Torment)","Deadly Arm Cops (Deadly Strike)","Ansuul's Perfected Bracers (Perfected Ansuul's Torment)","","Ansuul's Perfected Guards (Perfected Ansuul's Torment)","Ansuul's Perfected Boots (Perfected Ansuul's Torment)","","Deadly Ring (Deadly Strike)","Deadly Ring (Deadly Strike)","Deadly Dagger (Deadly Strike)","Deadly Dagger (Deadly Strike)","The Maelstrom's Perfected Greatsword (Perfected Merciless Charge)"," ()","Cephaliarch's Flail","Pragmatic Fatecarver","Radiant Glory","Quick Cloak","Merciless Resolve","Soul Harvest","Stampede","Recuperative Treatise","Solar Barrage","Resolving Vigor","Fulminating Rune","The Languid Eye"
"Hel Ra Citadel","Trash Builds","https://www.esologs.com/reports/M8hXpzQGJLc9d1aY#fight=12&type=summary&source=4","@code4096","Arc Like an Arrow","ass-dawn-herald-deadly-strike-perfected-ansuuls-torment","dps","Ass","Dawn","Herald","Deadly Strike","Perfected Ansuul's Torment","98831.8","6814.6","41.1","98831.8 DPS","","Slimecraw Mask (Slimecraw)","Deadly Jack (Deadly Strike)","Ansuul's Perfected Arm Cops (Perfected Ansuul's Torment)","Deadly Bracers (Deadly Strike)","","Ansuul's Perfected Guards (Perfected Ansuul's Torment)","Ansuul's Perfected Boots (Perfected Ansuul's Torment)","","Ansuul's Perfected Ring (Perfected Ansuul's Torment)","Ansuul's Perfected Ring (Perfected Ansuul's Torment)","Deadly Dagger (Deadly Strike)","Deadly Dagger (Deadly Strike)","The Maelstrom's Perfected Lightning Staff (Perfected Crushing Wall)"," ()","Pragmatic Fatecarver","Cephaliarch's Flail","Quick Cloak","Radiant Glory","Camouflaged Hunter","Soul Harvest","Echoing Vigor","Solar Barrage","Elemental Blockade","Inspired Scholarship","Merciless Resolve","The Languid Eye"
"Hel Ra Citadel","Trash Builds","https://www.esologs.com/reports/mYXRBH4rfVkGqpDz#fight=12&type=summary&source=3","@Ezhh","Jaliin","ardent-draconic-earthen-aegis-caller-perfected-slivers-of-the-null-arca","dps","Ardent","Draconic","Earthen","Aegis Caller","Perfected Slivers of the Null Arca","53403.4","11090.9","57.7","53403.4 DPS","","Zaan Guise (Zaan)","Aegis Caller's Jack (Aegis Caller)","Zaan Arm Cops (Zaan)","Aegis Caller's Bracers (Aegis Caller)","","Aegis Caller's Guards (Aegis Caller)","Perfected Null Arca Boots (Perfected Slivers of the Null Arca)","","Perfected Null Arca Ring (Perfected Slivers of the Null Arca)","Perfected Null Arca Ring (Perfected Slivers of the Null Arca)","Aegis Caller's Dagger (Aegis Caller)","Aegis Caller's Dagger (Aegis Caller)","The Maelstrom's Perfected Battle Axe (Perfected Merciless Charge)"," ()","Burning Talons","Magma Fist","Molten Whip","Searing Claw","Barbed Trap","Flawless Dawnbreaker","Shatterspike Mantle","Incinerate","Stampede","Disintegrating Dragonfire","Igneous Weapons","Shifting Standard"
"Hel Ra Citadel","Trash Builds","https://www.esologs.com/reports/mYXRBH4rfVkGqpDz#fight=12&type=summary&source=3","@Ezhh","Jaliin","ardent-draconic-earthen-aegis-caller-perfected-slivers-of-the-null-arca","dps","Ardent","Draconic","Earthen","Aegis Caller","Perfected Slivers of the Null Arca","57792.3","0.0","68.5","57792.3 DPS","The Thief","Zaan Guise (Zaan)","Aegis Caller's Jack (Aegis Caller)","Zaan Arm Cops (Zaan)","Aegis Caller's Bracers (Aegis Caller)","","Aegis Caller's Guards (Aegis Caller)","Perfected Null Arca Boots (Perfected Slivers of the Null Arca)","","Perfected Null Arca Ring (Perfected Slivers of the Null Arca)","Perfected Null Arca Ring (Perfected Slivers of the Null Arca)","Aegis Caller's Dagger (Aegis Caller)","Aegis Caller's Dagger (Aegis Caller)","The Maelstrom's Perfected Battle Axe (Perfected Merciless Charge)"," ()","Burning Talons","Magma Fist","Molten Whip","Searing Claw","Barbed Trap","Flawless Dawnbreaker","Shatterspike Mantle","Incinerate","Stampede","Disintegrating Dragonfire","Igneous Weapons","Shifting Standard"
"Hel Ra Citadel","Trash Builds","https://www.esologs.com/reports/mYXRBH4rfVkGqpDz#fight=12&type=summary&source=3","@Ezhh","Jaliin","ardent-draconic-earthen-aegis-caller-perfected-slivers-of-the-null-arca","dps","Ardent","Draconic","Earthen","Aegis Caller","Perfected Slivers of the Null Arca","53468.1","11097.4","57.7","53468.1 DPS","","Zaan Guise (Zaan)","Aegis Caller's Jack (Aegis Caller)","Zaan Arm Cops (Zaan)","Aegis Caller's Bracers (Aegis Caller)","","Aegis Caller's Guards (Aegis Caller)","Perfected Null Arca Boots (Perfected Slivers of the Null Arca)","","Perfected Null Arca Ring (Perfected Slivers of the Null Arca)","Perfected Null Arca Ring (Perfected Slivers of the Null Arca)","Aegis Caller's Dagger (Aegis Caller)","Aegis Caller's Dagger (Aegis Caller)","The Maelstrom's Perfected Battle Axe (Perfected Merciless Charge)"," ()","Burning Talons","Magma Fist","Molten Whip","Searing Claw","Barbed Trap","Flawless Dawnbreaker","Shatterspike Mantle","Incinerate","Stampede","Disintegrating Dragonfire","Igneous Weapons","Shifting Standard"
"Hel Ra Citadel","Trash Builds","https://www.esologs.com/reports/mYXRBH4rfVkGqpDz#fight=12&type=summary&source=13","@Ezhh","Jaliin","ardent-draconic-earthen-aegis-caller-perfected-slivers-of-the-null-arca","dps","Ardent","Draconic","Earthen","Aegis Caller","Perfected Slivers of the Null Arca","57784.1","0.0","68.6","57784.1 DPS","","Zaan Guise (Zaan)","Aegis Caller's Jack (Aegis Caller)","Zaan Arm Cops (Zaan)","Aegis Caller's Bracers (Aegis Caller)","","Aegis Caller's Guards (Aegis Caller)","Perfected Null Arca Boots (Perfected Slivers of the Null Arca)","","Perfected Null Arca Ring (Perfected Slivers of the Null Arca)","Perfected Null Arca Ring (Perfected Slivers of the Null Arca)","Aegis Caller's Dagger (Aegis Caller)","Aegis Caller's Dagger (Aegis Caller)","The Maelstrom's Perfected Battle Axe (Perfected Merciless Charge)"," ()","Burning Talons","Magma Fist","Molten Whip","Searing Claw","Barbed Trap","Flawless Dawnbreaker","Shatterspike Mantle","Incinerate","Stampede","Disintegrating Dragonfire","Igneous Weapons","Shifting Standard"
"Hel Ra Citadel","Trash Builds","https://www.esologs.com/reports/mYXRBH4rfVkGqpDz#fight=12&type=summary&source=13","@Ezhh","Jaliin","ardent-draconic-earthen-aegis-caller-perfected-slivers-of-the-null-arca","dps","Ardent","Draconic","Earthen","Aegis Caller","Perfected Slivers of the Null Arca","53353.6","11087.1","57.8","53353.6 DPS","","Zaan Guise (Zaan)","Aegis Caller's Jack (Aegis Caller)","Zaan Arm Cops (Zaan)","Aegis Caller's Bracers (Aegis Caller)","","Aegis Caller's Guards (Aegis Caller)","Perfected Null Arca Boots (Perfected Slivers of the Null Arca)","","Perfected Null Arca Ring (Perfected Slivers of the Null Arca)","Perfected Null Arca Ring (Perfected Slivers of the Null Arca)","Aegis Caller's Dagger (Aegis Caller)","Aegis Caller's Dagger (Aegis Caller)","The Maelstrom's Perfected Battle Axe (Perfected Merciless Charge)"," ()","Burning Talons","Magma Fist","Molten Whip","Searing Claw","Barbed Trap","Flawless Dawnbreaker","Shatterspike Mantle","Incinerate","Stampede","Disintegrating Dragonfire","Igneous Weapons","Shifting Standard"
"Hel Ra Citadel","Trash Builds","https://www.esologs.com/reports/mYXRBH4rfVkGqpDz#fight=12&type=summary&source=11","@chicken13322","Swampkrack","grave-x-x-corpseburster-perfected-slivers-of-the-null-arca","dps","Grave","x","x","Perfected Slivers of the Null Arca","Corpseburster","154777.1","0.0","50.2","154777.1 DPS","","Lady Malygda's Guise (Lady Malygda)","Perfected Null Arca Jack (Perfected Slivers of the Null Arca)","Perfected Null Arca Arm Cops (Perfected Slivers of the Null Arca)","Perfected Null Arca Bracers (Perfected Slivers of the Null Arca)","","Perfected Null Arca Guards (Perfected Slivers of the Null Arca)","Perfected Null Arca Boots (Perfected Slivers of the Null Arca)","","Corpseburster Ring (Corpseburster)","Corpseburster Ring (Corpseburster)","The Maelstrom's Perfected Inferno Staff (Perfected Crushing Wall)"," ()","Corpseburster Dagger (Corpseburster)","Corpseburster Dagger (Corpseburster)","Anti-Cavalry Caltrops","Bloody Contingency (Lingering Torment / Intellect and Endurance)","Skeletal Archer","Blockade of Fire","Shocking Banner (Class Flourish / Heroism)","Flawless Dawnbreaker","Blighted Blastbones","Detonating Siphon","Avid Boneyard","Quick Cloak","Shocking Banner (Class Flourish / Heroism)","Glacial Colossus"
"Hel Ra Citadel","Trash Builds","https://www.esologs.com/reports/mYXRBH4rfVkGqpDz#fight=12&type=summary&source=1","@chicken13322","Swampkrack","grave-x-x-corpseburster-perfected-slivers-of-the-null-arca","dps","Grave","x","x","Perfected Slivers of the Null Arca","Corpseburster","22231.1","0.0","34.3","22231.1 DPS","","Lady Malygda's Guise (Lady Malygda)","Perfected Null Arca Jack (Perfected Slivers of the Null Arca)","Perfected Null Arca Arm Cops (Perfected Slivers of the Null Arca)","Perfected Null Arca Bracers (Perfected Slivers of the Null Arca)","","Perfected Null Arca Guards (Perfected Slivers of the Null Arca)","Perfected Null Arca Boots (Perfected Slivers of the Null Arca)","","Corpseburster Ring (Corpseburster)","Corpseburster Ring (Corpseburster)","The Maelstrom's Perfected Inferno Staff (Perfected Crushing Wall)"," ()","Corpseburster Dagger (Corpseburster)","Corpseburster Dagger (Corpseburster)","Anti-Cavalry Caltrops","Ulfsild's Contingency","Skeletal Archer","Blockade of Fire","Banner Bearer","Flawless Dawnbreaker","Blighted Blastbones","Detonating Siphon","Avid Boneyard","Quick Cloak","Banner Bearer","Glacial Colossus"
"Hel Ra Citadel","Trash Builds","https://www.esologs.com/reports/mYXRBH4rfVkGqpDz#fight=12&type=summary&source=1","@chicken13322","Swampkrack","grave-x-x-corpseburster-perfected-slivers-of-the-null-arca","dps","Grave","x","x","Perfected Slivers of the Null Arca","Corpseburster","154856.0","0.0","47.7","154856.0 DPS","The Thief","Lady Malygda's Guise (Lady Malygda)","Perfected Null Arca Jack (Perfected Slivers of the Null Arca)","Perfected Null Arca Arm Cops (Perfected Slivers of the Null Arca)","Perfected Null Arca Bracers (Perfected Slivers of the Null Arca)","","Perfected Null Arca Guards (Perfected Slivers of the Null Arca)","Perfected Null Arca Boots (Perfected Slivers of the Null Arca)","","Corpseburster Ring (Corpseburster)","Corpseburster Ring (Corpseburster)","The Maelstrom's Perfected Inferno Staff (Perfected Crushing Wall)"," ()","Corpseburster Dagger (Corpseburster)","Corpseburster Dagger (Corpseburster)","Anti-Cavalry Caltrops","Ulfsild's Contingency","Skeletal Archer","Blockade of Fire","Banner Bearer","Flawless Dawnbreaker","Blighted Blastbones","Detonating Siphon","Avid Boneyard","Quick Cloak","Banner Bearer","Glacial Colossus"
"Hel Ra Citadel","Trash Builds","https://www.esologs.com/reports/mYXRBH4rfVkGqpDz#fight=12&type=summary&source=10","@chicken13322","Swampkrack","grave-x-x-corpseburster-perfected-slivers-of-the-null-arca","dps","Grave","x","x","Perfected Slivers of the Null Arca","Corpseburster","22313.7","0.0","34.3","22313.7 DPS","","Lady Malygda's Guise (Lady Malygda)","Perfected Null Arca Jack (Perfected Slivers of the Null Arca)","Perfected Null Arca Arm Cops (Perfected Slivers of the Null Arca)","Perfected Null Arca Bracers (Perfected Slivers of the Null Arca)","","Perfected Null Arca Guards (Perfected Slivers of the Null Arca)","Perfected Null Arca Boots (Perfected Slivers of the Null Arca)","","Corpseburster Ring (Corpseburster)","Corpseburster Ring (Corpseburster)","The Maelstrom's Perfected Inferno Staff (Perfected Crushing Wall)"," ()","Corpseburster Dagger (Corpseburster)","Corpseburster Dagger (Corpseburster)","Anti-Cavalry Caltrops","Ulfsild's Contingency","Skeletal Archer","Elemental Blockade","Banner Bearer","Flawless Dawnbreaker","Blighted Blastbones","Detonating Siphon","Avid Boneyard","Quick Cloak","Banner Bearer","Glacial Colossus"
"Hel Ra Citadel","Trash Builds","https://www.esologs.com/reports/mYXRBH4rfVkGqpDz#fight=12&type=summary&source=10","@chicken13322","Swampkrack","grave-x-x-corpseburster-perfected-slivers-of-the-null-arca","dps","Grave","x","x","Perfected Slivers of the Null Arca","Corpseburster","154812.9","0.0","47.7","154812.9 DPS","","Lady Malygda's Guise (Lady Malygda)","Perfected Null Arca Jack (Perfected Slivers of the Null Arca)","Perfected Null Arca Arm Cops (Perfected Slivers of the Null Arca)","Perfected Null Arca Bracers (Perfected Slivers of the Null Arca)","","Perfected Null Arca Guards (Perfected Slivers of the Null Arca)","Perfected Null Arca Boots (Perfected Slivers of the Null Arca)","","Corpseburster Ring (Corpseburster)","Corpseburster Ring (Corpseburster)","The Maelstrom's Perfected Inferno Staff (Perfected Crushing Wall)"," ()","Corpseburster Dagger (Corpseburster)","Corpseburster Dagger (Corpseburster)","Anti-Cavalry Caltrops","Ulfsild's Contingency","Skeletal Archer","Elemental Blockade","Banner Bearer","Flawless Dawnbreaker","Blighted Blastbones","Detonating Siphon","Avid Boneyard","Quick Cloak","Banner Bearer","Glacial Colossus"
"Hel Ra Citadel","Trash Builds","https://www.esologs.com/reports/mYXRBH4rfVkGqpDz#fight=12&type=summary&source=4","@Jess182","Jess'erin","dawn-spear-x-aetheric-lancer-perfected-kazpians-cruel-signet","dps","Spear","Dawn","x","Perfected Kazpian's Cruel Signet","Aetheric Lancer","123813.9","18213.5","85.3","123813.9 DPS","The Thief","Slimecraw Guise (Slimecraw)","Kazpian's Perfected Jack (Perfected Kazpian's Cruel Signet)","Kazpian's Perfected Arm Cops (Perfected Kazpian's Cruel Signet)","Kazpian's Perfected Bracers (Perfected Kazpian's Cruel Signet)","","Aetheric Lancer Guards (Aetheric Lancer)","Aetheric Lancer Boots (Aetheric Lancer)","","Aetheric Lancer Ring (Aetheric Lancer)","Aetheric Lancer Ring (Aetheric Lancer)","Kazpian's Perfected Dagger (Perfected Kazpian's Cruel Signet)","Kazpian's Perfected Dagger (Perfected Kazpian's Cruel Signet)","The Maelstrom's Perfected Greatsword (Perfected Merciless Charge)"," ()","Power of the Light","Blazing Spear","Biting Jabs","Radiant Glory","Quick Cloak","Flawless Dawnbreaker","Stampede","Ritual of Retribution","Solar Barrage","Scalding Rune","Vampire's Bane","Shooting Star"
"Hel Ra Citadel","Trash Builds","https://www.esologs.com/reports/mYXRBH4rfVkGqpDz#fight=12&type=summary&source=4","@Jess182","Jess'erin","dawn-spear-x-aetheric-lancer-perfected-kazpians-cruel-signet","dps","Spear","Dawn","x","Perfected Kazpian's Cruel Signet","Aetheric Lancer","20277.4","0.0","41.1","20277.4 DPS","","Slimecraw Guise (Slimecraw)","Kazpian's Perfected Jack (Perfected Kazpian's Cruel Signet)","Kazpian's Perfected Arm Cops (Perfected Kazpian's Cruel Signet)","Kazpian's Perfected Bracers (Perfected Kazpian's Cruel Signet)","","Aetheric Lancer Guards (Aetheric Lancer)","Aetheric Lancer Boots (Aetheric Lancer)","","Aetheric Lancer Ring (Aetheric Lancer)","Aetheric Lancer Ring (Aetheric Lancer)","Kazpian's Perfected Dagger (Perfected Kazpian's Cruel Signet)","Kazpian's Perfected Dagger (Perfected Kazpian's Cruel Signet)","The Maelstrom's Perfected Greatsword (Perfected Merciless Charge)"," ()","Power of the Light","Blazing Spear","Biting Jabs","Radiant Glory","Quick Cloak","Flawless Dawnbreaker","Stampede","Ritual of Retribution","Solar Barrage","Scalding Rune","Vampire's Bane","Shooting Star"
"Hel Ra Citadel","Trash Builds","https://www.esologs.com/reports/mYXRBH4rfVkGqpDz#fight=12&type=summary&source=4","@Jess182","Jess'erin","dawn-spear-x-aetheric-lancer-perfected-kazpians-cruel-signet","dps","Spear","Dawn","x","Perfected Kazpian's Cruel Signet","Aetheric Lancer","123716.6","18218.1","57.7","123716.6 DPS","","Slimecraw Guise (Slimecraw)","Kazpian's Perfected Jack (Perfected Kazpian's Cruel Signet)","Kazpian's Perfected Arm Cops (Perfected Kazpian's Cruel Signet)","Kazpian's Perfected Bracers (Perfected Kazpian's Cruel Signet)","","Aetheric Lancer Guards (Aetheric Lancer)","Aetheric Lancer Boots (Aetheric Lancer)","","Aetheric Lancer Ring (Aetheric Lancer)","Aetheric Lancer Ring (Aetheric Lancer)","Kazpian's Perfected Dagger (Perfected Kazpian's Cruel Signet)","Kazpian's Perfected Dagger (Perfected Kazpian's Cruel Signet)","The Maelstrom's Perfected Greatsword (Perfected Merciless Charge)"," ()","Power of the Light","Blazing Spear","Biting Jabs","Radiant Glory","Quick Cloak","Flawless Dawnbreaker","Stampede","Ritual of Retribution","Solar Barrage","Scalding Rune","Vampire's Bane","Shooting Star"
"Hel Ra Citadel","Trash Builds","https://www.esologs.com/reports/mYXRBH4rfVkGqpDz#fight=12&type=summary&source=4","@Jess182","Jess'erin","dawn-spear-x-aetheric-lancer-perfected-kazpians-cruel-signet","dps","Spear","Dawn","x","Perfected Kazpian's Cruel Signet","Aetheric Lancer","19910.5","0.0","41.2","19910.5 DPS","","Slimecraw Guise (Slimecraw)","Kazpian's Perfected Jack (Perfected Kazpian's Cruel Signet)","Kazpian's Perfected Arm Cops (Perfected Kazpian's Cruel Signet)","Kazpian's Perfected Bracers (Perfected Kazpian's Cruel Signet)","","Aetheric Lancer Guards (Aetheric Lancer)","Aetheric Lancer Boots (Aetheric Lancer)","","Aetheric Lancer Ring (Aetheric Lancer)","Aetheric Lancer Ring (Aetheric Lancer)","Kazpian's Perfected Dagger (Perfected Kazpian's Cruel Signet)","Kazpian's Perfected Dagger (Perfected Kazpian's Cruel Signet)","The Maelstrom's Perfected Greatsword (Perfected Merciless Charge)"," ()","Power of the Light","Blazing Spear","Biting Jabs","Radiant Glory","Quick Cloak","Flawless Dawnbreaker","Stampede","Ritual of Retribution","Solar Barrage","Scalding Rune","Vampire's Bane","Shooting Star"
"Hel Ra Citadel","Trash Builds","https://www.esologs.com/reports/mYXRBH4rfVkGqpDz#fight=12&type=summary&source=4","@Jess182","Jess'erin","dawn-spear-x-aetheric-lancer-perfected-kazpians-cruel-signet","dps","Spear","Dawn","x","Perfected Kazpian's Cruel Signet","Aetheric Lancer","123589.2","18202.1","57.8","123589.2 DPS","","Slimecraw Guise (Slimecraw)","Kazpian's Perfected Jack (Perfected Kazpian's Cruel Signet)","Kazpian's Perfected Arm Cops (Perfected Kazpian's Cruel Signet)","Kazpian's Perfected Bracers (Perfected Kazpian's Cruel Signet)","","Aetheric Lancer Guards (Aetheric Lancer)","Aetheric Lancer Boots (Aetheric Lancer)","","Aetheric Lancer Ring (Aetheric Lancer)","Aetheric Lancer Ring (Aetheric Lancer)","Kazpian's Perfected Dagger (Perfected Kazpian's Cruel Signet)","Kazpian's Perfected Dagger (Perfected Kazpian's Cruel Signet)","The Maelstrom's Perfected Greatsword (Perfected Merciless Charge)"," ()","Power of the Light","Blazing Spear","Biting Jabs","Radiant Glory","Quick Cloak","Flawless Dawnbreaker","Stampede","Ritual of Retribution","Solar Barrage","Scalding Rune","Vampire's Bane","Shooting Star"
"Hel Ra Citadel","Trash Builds","https://www.esologs.com/reports/mYXRBH4rfVkGqpDz#fight=12&type=summary&source=12","@Wenlips","Tobianna","herald-soldier-x-perfected-slivers-of-the-null-arca-spattering-disjunction","dps","Herald","Soldier","x","Perfected Slivers of the Null Arca","Spattering Disjunction","99073.6","1981.4","35.1","99073.6 DPS","The Thief","Slimecraw Mask (Slimecraw)","Perfected Null Arca Jack (Perfected Slivers of the Null Arca)","Spattering Disjunction Arm Cops (Spattering Disjunction)","Perfected Null Arca Bracers (Perfected Slivers of the Null Arca)","","Perfected Null Arca Guards (Perfected Slivers of the Null Arca)","Perfected Null Arca Boots (Perfected Slivers of the Null Arca)","","Spattering Disjunction Ring (Spattering Disjunction)","Spattering Disjunction Ring (Spattering Disjunction)","Spattering Disjunction Dagger (Spattering Disjunction)","Spattering Disjunction Dagger (Spattering Disjunction)","The Maelstrom's Perfected Greatsword (Perfected Merciless Charge)"," ()","Pragmatic Fatecarver","Cephaliarch's Flail","Quick Cloak","Barbed Trap","Camouflaged Hunter","Flawless Dawnbreaker","Stampede","Fulminating Rune","Inspired Scholarship","Cruxweaver Armor","Camouflaged Hunter","The Languid Eye"
"Hel Ra Citadel","Trash Builds","https://www.esologs.com/reports/mYXRBH4rfVkGqpDz#fight=12&type=summary&source=11","@Wenlips","Tobianna","herald-soldier-x-perfected-slivers-of-the-null-arca-spattering-disjunction","dps","Herald","Soldier","x","Perfected Slivers of the Null Arca","Spattering Disjunction","86215.2","0.0","27.4","86215.2 DPS","","Slimecraw Mask (Slimecraw)","Perfected Null Arca Jack (Perfected Slivers of the Null Arca)","Spattering Disjunction Arm Cops (Spattering Disjunction)","Perfected Null Arca Bracers (Perfected Slivers of the Null Arca)","","Perfected Null Arca Guards (Perfected Slivers of the Null Arca)","Perfected Null Arca Boots (Perfected Slivers of the Null Arca)","","Spattering Disjunction Ring (Spattering Disjunction)","Spattering Disjunction Ring (Spattering Disjunction)","Spattering Disjunction Dagger (Spattering Disjunction)","Spattering Disjunction Dagger (Spattering Disjunction)","The Maelstrom's Perfected Greatsword (Perfected Merciless Charge)"," ()","Pragmatic Fatecarver","Cephaliarch's Flail","Quick Cloak","Barbed Trap","Camouflaged Hunter","Flawless Dawnbreaker","Stampede","Fulminating Rune","Inspired Scholarship","Cruxweaver Armor","Camouflaged Hunter","The Languid Eye"
"Hel Ra Citadel","Trash Builds","https://www.esologs.com/reports/mYXRBH4rfVkGqpDz#fight=12&type=summary&source=11","@Wenlips","Tobianna","herald-soldier-x-perfected-slivers-of-the-null-arca-spattering-disjunction","dps","Herald","Soldier","x","Perfected Slivers of the Null Arca","Spattering Disjunction","98958.4","2653.0","20.1","98958.4 DPS","","Slimecraw Mask (Slimecraw)","Perfected Null Arca Jack (Perfected Slivers of the Null Arca)","Spattering Disjunction Arm Cops (Spattering Disjunction)","Perfected Null Arca Bracers (Perfected Slivers of the Null Arca)","","Perfected Null Arca Guards (Perfected Slivers of the Null Arca)","Perfected Null Arca Boots (Perfected Slivers of the Null Arca)","","Spattering Disjunction Ring (Spattering Disjunction)","Spattering Disjunction Ring (Spattering Disjunction)","Spattering Disjunction Dagger (Spattering Disjunction)","Spattering Disjunction Dagger (Spattering Disjunction)","The Maelstrom's Perfected Greatsword (Perfected Merciless Charge)"," ()","Pragmatic Fatecarver","Cephaliarch's Flail","Quick Cloak","Barbed Trap","Camouflaged Hunter","Flawless Dawnbreaker","Stampede","Fulminating Rune","Inspired Scholarship","Cruxweaver Armor","Camouflaged Hunter","The Languid Eye"
"Hel Ra Citadel","Trash Builds","https://www.esologs.com/reports/mYXRBH4rfVkGqpDz#fight=12&type=summary&source=11","@Wenlips","Tobianna","herald-soldier-x-perfected-slivers-of-the-null-arca-spattering-disjunction","dps","Herald","Soldier","x","Perfected Slivers of the Null Arca","Spattering Disjunction","86085.3","0.0","27.4","86085.3 DPS","","Slimecraw Mask (Slimecraw)","Perfected Null Arca Jack (Perfected Slivers of the Null Arca)","Spattering Disjunction Arm Cops (Spattering Disjunction)","Perfected Null Arca Bracers (Perfected Slivers of the Null Arca)","","Perfected Null Arca Guards (Perfected Slivers of the Null Arca)","Perfected Null Arca Boots (Perfected Slivers of the Null Arca)","","Spattering Disjunction Ring (Spattering Disjunction)","Spattering Disjunction Ring (Spattering Disjunction)","Spattering Disjunction Dagger (Spattering Disjunction)","Spattering Disjunction Dagger (Spattering Disjunction)","The Maelstrom's Perfected Greatsword (Perfected Merciless Charge)"," ()","Pragmatic Fatecarver","Cephaliarch's Flail","Quick Cloak","Barbed Trap","Camouflaged Hunter","Flawless Dawnbreaker","Stampede","Fulminating Rune","Inspired Scholarship","Cruxweaver Armor","Camouflaged Hunter","The Languid Eye"
"Hel Ra Citadel","Trash Builds","https://www.esologs.com/reports/mYXRBH4rfVkGqpDz#fight=12&type=summary&source=11","@Wenlips","Tobianna","herald-soldier-x-perfected-slivers-of-the-null-arca-spattering-disjunction","dps","Herald","Soldier","x","Perfected Slivers of the Null Arca","Spattering Disjunction","99024.2","2652.7","20.1","99024.2 DPS","","Slimecraw Mask (Slimecraw)","Perfected Null Arca Jack (Perfected Slivers of the Null Arca)","Spattering Disjunction Arm Cops (Spattering Disjunction)","Perfected Null Arca Bracers (Perfected Slivers of the Null Arca)","","Perfected Null Arca Guards (Perfected Slivers of the Null Arca)","Perfected Null Arca Boots (Perfected Slivers of the Null Arca)","","Spattering Disjunction Ring (Spattering Disjunction)","Spattering Disjunction Ring (Spattering Disjunction)","Spattering Disjunction Dagger (Spattering Disjunction)","Spattering Disjunction Dagger (Spattering Disjunction)","The Maelstrom's Perfected Greatsword (Perfected Merciless Charge)"," ()","Pragmatic Fatecarver","Cephaliarch's Flail","Quick Cloak","Barbed Trap","Camouflaged Hunter","Flawless Dawnbreaker","Stampede","Fulminating Rune","Inspired Scholarship","Cruxweaver Armor","Camouflaged Hunter","The Languid Eye"
