"Trial Name","Boss Name","ESO Logs Player Link","Player Handle","Character Name","Build Slug","Role","Subclass 1","Subclass 2","Subclass 3","Signature Set 1","Signature Set 2","DPS","HPS","CPM","Primary Metric","Mundus Stone","Gear: Head","Gear: Chest","Gear: Shoulders","Gear: Hands","Gear: Waist","Gear: Legs","Gear: Feet","Gear: Necklace","Gear: Ring1","Gear: Ring2","Gear: Main_Hand","Gear: Off_Hand","Gear: Backup_Main_Hand","Gear: Backup_Off_Hand","Bar 1 Ability 1","Bar 1 Ability 2","Bar 1 Ability 3","Bar 1 Ability 4","Bar 1 Ability 5","Bar 1 Ability 6","Bar 2 Ability 1","Bar 2 Ability 2","Bar 2 Ability 3","Bar 2 Ability 4","Bar 2 Ability 5","Bar 2 Ability 6"
"Kyne's Aegis","Yandir the Butcher","https://www.esologs.com/reports/pzxhJvtjCLNYq76M#fight=104&type=summary&source=537","@Al_duin","Ëvérnight","ass-shadow-siphon-aegis-caller-perfected-slivers-of-the-null-arca","dps","Ass","Shadow","Siphon","Perfected Slivers of the Null Arca","Aegis Caller","432071.8","23610.4","124.3","432071.8 DPS","","Huntsman's Warmask (Huntsman's Warmask)","Perfected Null Arca Jack (Perfected Slivers of the Null Arca)","Ansuul's Perfected Arm Cops (Perfected Ansuul's Torment)","Perfected Null Arca Bracers (Perfected Slivers of the Null Arca)","","Perfected Null Arca Guards (Perfected Slivers of the Null Arca)","Perfected Null Arca Boots (Perfected Slivers of the Null Arca)","","Aegis Caller's Ring (Aegis Caller)","Aegis Caller's Ring (Aegis Caller)","Aegis Caller's Dagger (Aegis Caller)","Aegis Caller's Mace (Aegis Caller)","The Maelstrom's Perfected Greatsword (Perfected Merciless Charge)"," ()","Debilitate","Killer's Blade","Relentless Focus","Surprise Attack","Shadowy Disguise","Incapacitating Strike","Dark Shade","Simmering Frenzy","Quick Cloak","Barbed Trap","Stampede","Ice Comet"
"Kyne's Aegis","Yandir the Butcher","https://www.esologs.com/reports/pzxhJvtjCLNYq76M#fight=104&type=summary&source=540","@KarinFlory","Jacek Kaczmarskï","ass-shadow-siphon-aegis-caller-perfected-slivers-of-the-null-arca","dps","Ass","Shadow","Siphon","Perfected Slivers of the Null Arca","Aegis Caller","401082.6","19427.3","101.1","401082.6 DPS","","Huntsman's Warmask (Huntsman's Warmask)","Perfected Null Arca Jack (Perfected Slivers of the Null Arca)","Ansuul's Perfected Arm Cops (Perfected Ansuul's Torment)","Aegis Caller's Bracers (Aegis Caller)","","Aegis Caller's Guards (Aegis Caller)","Aegis Caller's Boots (Aegis Caller)","","Perfected Null Arca Ring (Perfected Slivers of the Null Arca)","Perfected Null Arca Ring (Perfected Slivers of the Null Arca)","Aegis Caller's Dagger (Aegis Caller)","Aegis Caller's Dagger (Aegis Caller)","The Maelstrom's Perfected Greatsword (Perfected Merciless Charge)"," ()","Killer's Blade","Relentless Focus","Shadowy Disguise","Surprise Attack","Debilitate","Incapacitating Strike","Barbed Trap","Quick Cloak","Stampede","Dark Shade","Simmering Frenzy","Veil of Blades"
"Kyne's Aegis","Yandir the Butcher","https://www.esologs.com/reports/pzxhJvtjCLNYq76M#fight=104&type=summary&source=8","@KarinFlory","Jacek Kaczmarskï","ass-shadow-siphon-aegis-caller-perfected-slivers-of-the-null-arca","dps","Ass","Shadow","Siphon","Perfected Slivers of the Null Arca","Aegis Caller","401436.5","27788.2","105.6","401436.5 DPS","","Huntsman's Warmask (Huntsman's Warmask)","Perfected Null Arca Jack (Perfected Slivers of the Null Arca)","Ansuul's Perfected Arm Cops (Perfected Ansuul's Torment)","Aegis Caller's Bracers (Aegis Caller)","","Aegis Caller's Guards (Aegis Caller)","Aegis Caller's Boots (Aegis Caller)","","Perfected Null Arca Ring (Perfected Slivers of the Null Arca)","Perfected Null Arca Ring (Perfected Slivers of the Null Arca)","Aegis Caller's Dagger (Aegis Caller)","Aegis Caller's Dagger (Aegis Caller)","The Maelstrom's Perfected Greatsword (Perfected Merciless Charge)"," ()","Killer's Blade","Relentless Focus","Shadowy Disguise","Surprise Attack","Debilitate","Incapacitating Strike","Barbed Trap","Quick Cloak","Stampede","Dark Shade","Simmering Frenzy","Veil of Blades"
"Kyne's Aegis","Yandir the Butcher","https://www.esologs.com/reports/pzxhJvtjCLNYq76M#fight=104&type=summary&source=5","@Al_duin","Ëvérnight","ass-shadow-siphon-aegis-caller-perfected-slivers-of-the-null-arca","dps","Ass","Shadow","Siphon","Perfected Slivers of the Null Arca","Aegis Caller","432604.6","25669.8","127.6","432604.6 DPS","The Thief","Huntsman's Warmask (Huntsman's Warmask)","Perfected Null Arca Jack (Perfected Slivers of the Null Arca)","Ansuul's Perfected Arm Cops (Perfected Ansuul's Torment)","Perfected Null Arca Bracers (Perfected Slivers of the Null Arca)","","Perfected Null Arca Guards (Perfected Slivers of the Null Arca)","Perfected Null Arca Boots (Perfected Slivers of the Null Arca)","","Aegis Caller's Ring (Aegis Caller)","Aegis Caller's Ring (Aegis Caller)","Aegis Caller's Dagger (Aegis Caller)","Aegis Caller's Mace (Aegis Caller)","The Maelstrom's Perfected Greatsword (Perfected Merciless Charge)"," ()","Debilitate","Killer's Blade","Relentless Focus","Surprise Attack","Shadowy Disguise","Incapacitating Strike","Dark Shade","Simmering Frenzy","Quick Cloak","Barbed Trap","Stampede","Ice Comet"
"Kyne's Aegis","Yandir the Butcher","https://www.esologs.com/reports/pzxhJvtjCLNYq76M#fight=104&type=summary&source=2","@oAMo","Desmoge","ass-shadow-siphon-aegis-caller-perfected-slivers-of-the-null-arca","dps","Ass","Shadow","Siphon","Perfected Slivers of the Null Arca","Aegis Caller","244275.7","21167.7","80.9","244275.7 DPS","","Huntsman's Warmask (Huntsman's Warmask)","Perfected Null Arca Jack (Perfected Slivers of the Null Arca)","Zaan Arm Cops (Zaan)","Perfected Null Arca Bracers (Perfected Slivers of the Null Arca)","","Perfected Null Arca Guards (Perfected Slivers of the Null Arca)","Perfected Null Arca Boots (Perfected Slivers of the Null Arca)","","Aegis Caller's Ring (Aegis Caller)","Aegis Caller's Ring (Aegis Caller)","Aegis Caller's Dagger (Aegis Caller)","Aegis Caller's Dagger (Aegis Caller)","The Maelstrom's Perfected Greatsword (Perfected Merciless Charge)"," ()","Shattering Knife","Relentless Focus","Debilitate","Killer's Blade","Shadowy Disguise","Incapacitating Strike","Stampede","Carve","Barbed Trap","Ulfsild's Contingency","Dark Shade","Shooting Star"
"Kyne's Aegis","Yandir the Butcher","https://www.esologs.com/reports/pzxhJvtjCLNYq76M#fight=104&type=summary&source=3","@Anthro42","Anthropomancist","ass-shadow-siphon-aegis-caller-perfected-slivers-of-the-null-arca","dps","Ass","Shadow","Siphon","Perfected Slivers of the Null Arca","Aegis Caller","284026.8","22208.4","90.4","284026.8 DPS","","Huntsman's Warmask (Huntsman's Warmask)","Perfected Null Arca Jack (Perfected Slivers of the Null Arca)","Ansuul's Perfected Arm Cops (Perfected Ansuul's Torment)","Perfected Null Arca Bracers (Perfected Slivers of the Null Arca)","","Perfected Null Arca Guards (Perfected Slivers of the Null Arca)","Perfected Null Arca Boots (Perfected Slivers of the Null Arca)","","Aegis Caller's Ring (Aegis Caller)","Aegis Caller's Ring (Aegis Caller)","Aegis Caller's Dagger (Aegis Caller)","Aegis Caller's Dagger (Aegis Caller)","The Maelstrom's Perfected Greatsword (Perfected Merciless Charge)"," ()","Relentless Focus","Killer's Blade","Surprise Attack","Debilitate","Shadowy Disguise","Incapacitating Strike","Dark Shade","Carve","Barbed Trap","Simmering Frenzy","Stampede","Veil of Blades"
"Kyne's Aegis","Yandir the Butcher","https://www.esologs.com/reports/pzxhJvtjCLNYq76M#fight=104&type=summary&source=11","@I.Bad","Super Bruh Moment","ass-shadow-siphon-aegis-caller-perfected-slivers-of-the-null-arca","dps","Ass","Shadow","Siphon","Perfected Slivers of the Null Arca","Aegis Caller","283900.6","14846.5","82.6","283900.6 DPS","","Huntsman's Warmask (Huntsman's Warmask)","Perfected Null Arca Jack (Perfected Slivers of the Null Arca)","Ansuul's Perfected Arm Cops (Perfected Ansuul's Torment)","Perfected Null Arca Bracers (Perfected Slivers of the Null Arca)","","Perfected Null Arca Guards (Perfected Slivers of the Null Arca)","Perfected Null Arca Boots (Perfected Slivers of the Null Arca)","","Aegis Caller's Ring (Aegis Caller)","Aegis Caller's Ring (Aegis Caller)","Aegis Caller's Dagger (Aegis Caller)","Aegis Caller's Dagger (Aegis Caller)","The Maelstrom's Perfected Greatsword (Perfected Merciless Charge)"," ()","Shadowy Disguise","Quick Cloak","Relentless Focus","Surprise Attack","Killer's Blade","Incapacitating Strike","Dark Shade","Stampede","Barbed Trap","Siphoning Attacks","Simmering Frenzy","Veil of Blades"
"Kyne's Aegis","Yandir the Butcher","https://www.esologs.com/reports/pzxhJvtjCLNYq76M#fight=104&type=summary&source=2","@Ralf_17","Abyss Wätcher","ass-shadow-siphon-aegis-caller-perfected-slivers-of-the-null-arca","dps","Ass","Shadow","Siphon","Perfected Slivers of the Null Arca","Aegis Caller","267521.7","13072.2","77.5","267521.7 DPS","","Huntsman's Warmask (Huntsman's Warmask)","Perfected Null Arca Jack (Perfected Slivers of the Null Arca)","Ansuul's Perfected Arm Cops (Perfected Ansuul's Torment)","Perfected Null Arca Bracers (Perfected Slivers of the Null Arca)","","Perfected Null Arca Guards (Perfected Slivers of the Null Arca)","Perfected Null Arca Boots (Perfected Slivers of the Null Arca)","","Aegis Caller's Ring (Aegis Caller)","Aegis Caller's Ring (Aegis Caller)","Aegis Caller's Dagger (Aegis Caller)","Aegis Caller's Dagger (Aegis Caller)","The Maelstrom's Perfected Greatsword (Perfected Merciless Charge)"," ()","Surprise Attack","Shadowy Disguise","Debilitate","Relentless Focus","Killer's Blade","Incapacitating Strike","Simmering Frenzy","Quick Cloak","Stampede","Dark Shade","Barbed Trap","Ice Comet"
"Kyne's Aegis","Yandir the Butcher","https://www.esologs.com/reports/pzxhJvtjCLNYq76M#fight=104&type=summary&source=209","@Latin","Godblade","ass-shadow-siphon-aegis-caller-perfected-slivers-of-the-null-arca","dps","Ass","Shadow","Siphon","Perfected Slivers of the Null Arca","Aegis Caller","210332.5","25708.1","76.4","210332.5 DPS","","Huntsman's Warmask (Huntsman's Warmask)","Perfected Null Arca Jack (Perfected Slivers of the Null Arca)","Slimecraw Epaulets (Slimecraw)","Perfected Null Arca Bracers (Perfected Slivers of the Null Arca)","","Perfected Null Arca Guards (Perfected Slivers of the Null Arca)","Perfected Null Arca Boots (Perfected Slivers of the Null Arca)","","Aegis Caller's Ring (Aegis Caller)","Aegis Caller's Ring (Aegis Caller)","Aegis Caller's Dagger (Aegis Caller)","Aegis Caller's Dagger (Aegis Caller)","The Maelstrom's Perfected Greatsword (Perfected Merciless Charge)"," ()","Surprise Attack","Killer's Blade","Merciless Resolve","Shadowy Disguise","Debilitate","Incapacitating Strike","Fiery Contingency (Lingering Torment / Intellect and Endurance)","Barbed Trap","Stampede","Carve","Dark Shade","Shooting Star"
"Kyne's Aegis","Yandir the Butcher","https://www.esologs.com/reports/pzxhJvtjCLNYq76M#fight=104&type=summary&source=214","@ja.mes","unga truly is bunga","ass-shadow-siphon-aegis-caller-perfected-slivers-of-the-null-arca","dps","Ass","Shadow","Siphon","Perfected Slivers of the Null Arca","Aegis Caller","285658.7","18808.7","110.5","285658.7 DPS","","Huntsman's Warmask (Huntsman's Warmask)","Perfected Null Arca Jack (Perfected Slivers of the Null Arca)","Slimecraw Epaulets (Slimecraw)","Perfected Null Arca Bracers (Perfected Slivers of the Null Arca)","","Perfected Null Arca Guards (Perfected Slivers of the Null Arca)","Perfected Null Arca Boots (Perfected Slivers of the Null Arca)","","Aegis Caller's Ring (Aegis Caller)","Aegis Caller's Ring (Aegis Caller)","Aegis Caller's Dagger (Aegis Caller)","Aegis Caller's Dagger (Aegis Caller)","The Maelstrom's Perfected Greatsword (Perfected Merciless Charge)"," ()","Killer's Blade","Surprise Attack","Debilitate","Relentless Focus","Shadowy Disguise","Incapacitating Strike","Carve","Stampede","Simmering Frenzy","Dark Shade","Barbed Trap","Shooting Star"
"Kyne's Aegis","Yandir the Butcher","https://www.esologs.com/reports/pzxhJvtjCLNYq76M#fight=104&type=summary&source=211","@stefishim","Max Versteffan","ass-shadow-siphon-aegis-caller-perfected-slivers-of-the-null-arca","dps","Ass","Shadow","Siphon","Perfected Slivers of the Null Arca","Aegis Caller","295925.2","18600.6","78.0","295925.2 DPS","","Huntsman's Warmask (Huntsman's Warmask)","Perfected Null Arca Jack (Perfected Slivers of the Null Arca)","Slimecraw Epaulets (Slimecraw)","Perfected Null Arca Bracers (Perfected Slivers of the Null Arca)","","Perfected Null Arca Guards (Perfected Slivers of the Null Arca)","Perfected Null Arca Boots (Perfected Slivers of the Null Arca)","","Aegis Caller's Ring (Aegis Caller)","Aegis Caller's Ring (Aegis Caller)","Aegis Caller's Dagger (Aegis Caller)","Aegis Caller's Dagger (Aegis Caller)","The Maelstrom's Greatsword (Merciless Charge)"," ()","Shadowy Disguise","Relentless Focus","Surprise Attack","Killer's Blade","Debilitate","Incapacitating Strike","Dark Shade","Barbed Trap","Stampede","Carve","Simmering Frenzy","Shooting Star"
"Kyne's Aegis","Yandir the Butcher","https://www.esologs.com/reports/pzxhJvtjCLNYq76M#fight=104&type=summary&source=212","@wisthekid","Mèrcílèss","ass-shadow-siphon-aegis-caller-perfected-slivers-of-the-null-arca","dps","Ass","Shadow","Siphon","Perfected Slivers of the Null Arca","Aegis Caller","265768.5","18379.0","99.2","265768.5 DPS","","Huntsman's Warmask (Huntsman's Warmask)","Perfected Null Arca Jack (Perfected Slivers of the Null Arca)","Zaan Epaulets (Zaan)","Perfected Null Arca Bracers (Perfected Slivers of the Null Arca)","","Perfected Null Arca Guards (Perfected Slivers of the Null Arca)","Perfected Null Arca Boots (Perfected Slivers of the Null Arca)","","Aegis Caller's Ring (Aegis Caller)","Aegis Caller's Ring (Aegis Caller)","Aegis Caller's Dagger (Aegis Caller)","Aegis Caller's Dagger (Aegis Caller)","The Maelstrom's Perfected Greatsword (Perfected Merciless Charge)"," ()","Killer's Blade","Shadowy Disguise","Surprise Attack","Debilitate","Relentless Focus","Incapacitating Strike","Simmering Frenzy","Stampede","Carve","Dark Shade","Barbed Trap","Incapacitating Strike"
"Kyne's Aegis","Yandir the Butcher","https://www.esologs.com/reports/pzxhJvtjCLNYq76M#fight=104&type=summary&source=9","@Hagius","Sigvar Skyggefekter","ass-shadow-siphon-aegis-caller-perfected-slivers-of-the-null-arca","dps","Ass","Shadow","Siphon","Perfected Slivers of the Null Arca","Aegis Caller","283277.7","16559.1","82.1","283277.7 DPS","","Huntsman's Warmask (Huntsman's Warmask)","Perfected Null Arca Jack (Perfected Slivers of the Null Arca)","Zaan Epaulets (Zaan)","Perfected Null Arca Bracers (Perfected Slivers of the Null Arca)","","Perfected Null Arca Guards (Perfected Slivers of the Null Arca)","Perfected Null Arca Boots (Perfected Slivers of the Null Arca)","","Aegis Caller's Ring (Aegis Caller)","Aegis Caller's Ring (Aegis Caller)","Aegis Caller's Dagger (Aegis Caller)","Aegis Caller's Dagger (Aegis Caller)","The Maelstrom's Greatsword (Merciless Charge)"," ()","Relentless Focus","Shadowy Disguise","Surprise Attack","Killer's Blade","Debilitate","Incapacitating Strike","Simmering Frenzy","Barbed Trap","Stampede","Dark Shade","Siphoning Attacks","Shooting Star"
"Kyne's Aegis","Yandir the Butcher","https://www.esologs.com/reports/pzxhJvtjCLNYq76M#fight=104&type=summary&source=2","@BIGGn601","Bigg nite","ass-shadow-siphon-aegis-caller-perfected-slivers-of-the-null-arca","dps","Ass","Shadow","Siphon","Perfected Slivers of the Null Arca","Aegis Caller","224744.8","10819.1","64.1","224744.8 DPS","","Huntsman's Warmask (Huntsman's Warmask)","Perfected Null Arca Jack (Perfected Slivers of the Null Arca)","Zaan Epaulets (Zaan)","Perfected Null Arca Bracers (Perfected Slivers of the Null Arca)","","Perfected Null Arca Guards (Perfected Slivers of the Null Arca)","Perfected Null Arca Boots (Perfected Slivers of the Null Arca)","","Aegis Caller's Ring (Aegis Caller)","Aegis Caller's Ring (Aegis Caller)","Aegis Caller's Dagger (Aegis Caller)","Aegis Caller's Dagger (Aegis Caller)","The Maelstrom's Greatsword (Merciless Charge)"," ()","Shadowy Disguise","Debilitate","Surprise Attack","Killer's Blade","Relentless Focus","Incapacitating Strike","Dark Shade","Barbed Trap","Carve","Stampede","Siphoning Attacks","Shooting Star"
"Kyne's Aegis","Yandir the Butcher","https://www.esologs.com/reports/pzxhJvtjCLNYq76M#fight=104&type=summary&source=3","@LexiC17","Frealia Xiaric","ass-shadow-siphon-aegis-caller-perfected-slivers-of-the-null-arca","dps","Ass","Shadow","Siphon","Perfected Slivers of the Null Arca","Aegis Caller","231818.8","24286.6","76.3","231818.8 DPS","","Huntsman's Warmask (Huntsman's Warmask)","Perfected Null Arca Jack (Perfected Slivers of the Null Arca)","Slimecraw Epaulets (Slimecraw)","Perfected Null Arca Bracers (Perfected Slivers of the Null Arca)","","Perfected Null Arca Guards (Perfected Slivers of the Null Arca)","Perfected Null Arca Boots (Perfected Slivers of the Null Arca)","","Aegis Caller's Ring (Aegis Caller)","Aegis Caller's Ring (Aegis Caller)","Aegis Caller's Dagger (Aegis Caller)","Aegis Caller's Dagger (Aegis Caller)","The Maelstrom's Perfected Greatsword (Perfected Merciless Charge)"," ()","Merciless Resolve","Surprise Attack","Debilitate","Shadowy Disguise","Killer's Blade","Incapacitating Strike","Stampede","Carve","Barbed Trap","Dark Shade","Ulfsild's Contingency","Shooting Star"
"Kyne's Aegis","Yandir the Butcher","https://www.esologs.com/reports/pzxhJvtjCLNYq76M#fight=104&type=summary&source=3","@someone_unknown","Djepa","ass-shadow-siphon-aegis-caller-perfected-slivers-of-the-null-arca","dps","Ass","Shadow","Siphon","Perfected Slivers of the Null Arca","Aegis Caller","198049.6","15539.3","62.2","198049.6 DPS","","Slimecraw Mask (Slimecraw)","Perfected Null Arca Jack (Perfected Slivers of the Null Arca)","Mora's Whispers (Mora's Whispers)","Perfected Null Arca Bracers (Perfected Slivers of the Null Arca)","","Perfected Null Arca Guards (Perfected Slivers of the Null Arca)","Perfected Null Arca Boots (Perfected Slivers of the Null Arca)","","Aegis Caller's Ring (Aegis Caller)","Aegis Caller's Ring (Aegis Caller)","The Maelstrom's Perfected Greatsword (Perfected Merciless Charge)"," ()","Aegis Caller's Dagger (Aegis Caller)","Aegis Caller's Dagger (Aegis Caller)","Twisting Path","Dark Shade","Carve","Stampede","Barbed Trap","Ice Comet","Surprise Attack","Killer's Blade","Relentless Focus","Shadowy Disguise","Debilitate","Incapacitating Strike"
"Kyne's Aegis","Yandir the Butcher","https://www.esologs.com/reports/2AmnQayYBp4WFXqD#fight=117&type=summary&source=4","@I.Bad","I'm Bad Lmao","bone-grave-x-corpseburster-perfected-slivers-of-the-null-arca","dps","Grave","Bone","x","Perfected Slivers of the Null Arca","Corpseburster","408385.5","13322.4","153.5","408385.5 DPS","","Huntsman's Warmask (Huntsman's Warmask)","Perfected Null Arca Jack (Perfected Slivers of the Null Arca)","Ansuul's Perfected Arm Cops (Perfected Ansuul's Torment)","Perfected Null Arca Bracers (Perfected Slivers of the Null Arca)","","Perfected Null Arca Guards (Perfected Slivers of the Null Arca)","Perfected Null Arca Boots (Perfected Slivers of the Null Arca)","","Corpseburster Ring (Corpseburster)","Corpseburster Ring (Corpseburster)","Corpseburster Dagger (Corpseburster)","Corpseburster Dagger (Corpseburster)","The Maelstrom's Perfected Greatsword (Perfected Merciless Charge)"," ()","Detonating Siphon","Avid Boneyard","Blighted Blastbones","Venom Skull","Banner Bearer","Flawless Dawnbreaker","Barbed Trap","Stampede","Quick Cloak","Simmering Frenzy","Banner Bearer","Pummeling Goliath"
"Kyne's Aegis","Yandir the Butcher","https://www.esologs.com/reports/2AmnQayYBp4WFXqD#fight=117&type=summary&source=7","@Brassmoose","Naomi Drarcuhn","bone-grave-x-corpseburster-perfected-slivers-of-the-null-arca","dps","Grave","Bone","x","Perfected Slivers of the Null Arca","Corpseburster","462869.1","20087.5","171.1","462869.1 DPS","","Huntsman's Warmask (Huntsman's Warmask)","Perfected Null Arca Jack (Perfected Slivers of the Null Arca)","Ansuul's Perfected Arm Cops (Perfected Ansuul's Torment)","Perfected Null Arca Bracers (Perfected Slivers of the Null Arca)","","Perfected Null Arca Guards (Perfected Slivers of the Null Arca)","Perfected Null Arca Boots (Perfected Slivers of the Null Arca)","","Corpseburster Ring (Corpseburster)","Corpseburster Ring (Corpseburster)","Corpseburster Dagger (Corpseburster)","Corpseburster Dagger (Corpseburster)","The Maelstrom's Perfected Greatsword (Perfected Merciless Charge)"," ()","Unnerving Boneyard","Venom Skull","Blighted Blastbones","Detonating Siphon","Banner Bearer","Flawless Dawnbreaker","Stampede","Barbed Trap","Skeletal Archer","Simmering Frenzy","Banner Bearer","Pummeling Goliath"
"Kyne's Aegis","Yandir the Butcher","https://www.esologs.com/reports/2AmnQayYBp4WFXqD#fight=117&type=summary&source=1","@Foolebuilt","Necrofeell","bone-grave-x-corpseburster-perfected-slivers-of-the-null-arca","dps","Grave","Bone","x","Perfected Slivers of the Null Arca","Corpseburster","446590.5","3571.0","158.5","446590.5 DPS","","Huntsman's Warmask (Huntsman's Warmask)","Perfected Null Arca Jack (Perfected Slivers of the Null Arca)","Ansuul's Perfected Arm Cops (Perfected Ansuul's Torment)","Perfected Null Arca Bracers (Perfected Slivers of the Null Arca)","","Perfected Null Arca Guards (Perfected Slivers of the Null Arca)","Perfected Null Arca Boots (Perfected Slivers of the Null Arca)","","Corpseburster Ring (Corpseburster)","Corpseburster Ring (Corpseburster)","Corpseburster Dagger (Corpseburster)","Corpseburster Dagger (Corpseburster)","The Maelstrom's Perfected Greatsword (Perfected Merciless Charge)"," ()","Blighted Blastbones","Unnerving Boneyard","Venom Skull","Detonating Siphon","Barbed Trap","Flawless Dawnbreaker","Stampede","Scalding Rune","Quick Cloak","Simmering Frenzy","Skeletal Archer","Pummeling Goliath"
"Kyne's Aegis","Yandir the Butcher","https://www.esologs.com/reports/2AmnQayYBp4WFXqD#fight=117&type=summary&source=11","@God'sGifttoGaming","The Bøne Zone","bone-grave-x-corpseburster-perfected-slivers-of-the-null-arca","dps","Grave","Bone","x","Perfected Slivers of the Null Arca","Corpseburster","526364.0","8634.0","181.2","526364.0 DPS","The Thief","Huntsman's Warmask (Huntsman's Warmask)","Perfected Null Arca Jack (Perfected Slivers of the Null Arca)","Ansuul's Perfected Arm Cops (Perfected Ansuul's Torment)","Perfected Null Arca Bracers (Perfected Slivers of the Null Arca)","","Perfected Null Arca Guards (Perfected Slivers of the Null Arca)","Perfected Null Arca Boots (Perfected Slivers of the Null Arca)","","Corpseburster Ring (Corpseburster)","Corpseburster Ring (Corpseburster)","Corpseburster Dagger (Corpseburster)","Corpseburster Dagger (Corpseburster)","The Maelstrom's Perfected Greatsword (Perfected Merciless Charge)"," ()","Detonating Siphon","Blighted Blastbones","Venom Skull","Unnerving Boneyard","Banner Bearer","Flawless Dawnbreaker","Quick Cloak","Stampede","Simmering Frenzy","Skeletal Archer","Banner Bearer","Pummeling Goliath"
"Kyne's Aegis","Yandir the Butcher","https://www.esologs.com/reports/2AmnQayYBp4WFXqD#fight=117&type=summary&source=10","@revloh","revcro","bone-grave-x-corpseburster-perfected-slivers-of-the-null-arca","dps","Grave","Bone","x","Perfected Slivers of the Null Arca","Corpseburster","425604.7","14507.6","181.2","425604.7 DPS","","Huntsman's Warmask (Huntsman's Warmask)","Perfected Null Arca Jack (Perfected Slivers of the Null Arca)","Ansuul's Perfected Arm Cops (Perfected Ansuul's Torment)","Perfected Null Arca Bracers (Perfected Slivers of the Null Arca)","","Perfected Null Arca Guards (Perfected Slivers of the Null Arca)","Perfected Null Arca Boots (Perfected Slivers of the Null Arca)","","Corpseburster Ring (Corpseburster)","Corpseburster Ring (Corpseburster)","Corpseburster Dagger (Corpseburster)","Corpseburster Dagger (Corpseburster)","The Maelstrom's Perfected Greatsword (Perfected Merciless Charge)"," ()","Venom Skull","Blighted Blastbones","Detonating Siphon","Banner Bearer","Unnerving Boneyard","Flawless Dawnbreaker","Stampede","Skeletal Archer","Barbed Trap","Banner Bearer","Simmering Frenzy","Pummeling Goliath"
"Kyne's Aegis","Yandir the Butcher","https://www.esologs.com/reports/2AmnQayYBp4WFXqD#fight=117&type=summary&source=4","@FierceGamer","Doodoo Bug","bone-grave-x-corpseburster-perfected-slivers-of-the-null-arca","dps","Grave","Bone","x","Perfected Slivers of the Null Arca","Corpseburster","394948.6","8758.3","155.8","394948.6 DPS","","Huntsman's Warmask (Huntsman's Warmask)","Perfected Null Arca Jack (Perfected Slivers of the Null Arca)","Ansuul's Perfected Arm Cops (Perfected Ansuul's Torment)","Perfected Null Arca Bracers (Perfected Slivers of the Null Arca)","","Perfected Null Arca Guards (Perfected Slivers of the Null Arca)","Perfected Null Arca Boots (Perfected Slivers of the Null Arca)","","Corpseburster Ring (Corpseburster)","Corpseburster Ring (Corpseburster)","Corpseburster Dagger (Corpseburster)","Corpseburster Dagger (Corpseburster)","The Maelstrom's Perfected Greatsword (Perfected Merciless Charge)"," ()","Venom Skull","Unnerving Boneyard","Detonating Siphon","Blighted Blastbones","Banner Bearer","Flawless Dawnbreaker","Stampede","Barbed Trap","Simmering Frenzy","Skeletal Archer","Banner Bearer","Pummeling Goliath"
"Kyne's Aegis","Yandir the Butcher","https://www.esologs.com/reports/2AmnQayYBp4WFXqD#fight=117&type=summary&source=536","@Gopher07","Dödrumpa","bone-grave-x-corpseburster-perfected-slivers-of-the-null-arca","dps","Grave","Bone","x","Perfected Slivers of the Null Arca","Corpseburster","491692.8","10319.0","166.4","491692.8 DPS","","Huntsman's Warmask (Huntsman's Warmask)","Perfected Null Arca Jack (Perfected Slivers of the Null Arca)","Ansuul's Perfected Arm Cops (Perfected Ansuul's Torment)","Perfected Null Arca Bracers (Perfected Slivers of the Null Arca)","","Perfected Null Arca Guards (Perfected Slivers of the Null Arca)","Perfected Null Arca Boots (Perfected Slivers of the Null Arca)","","Corpseburster Ring (Corpseburster)","Corpseburster Ring (Corpseburster)","Corpseburster Dagger (Corpseburster)","Corpseburster Dagger (Corpseburster)","The Maelstrom's Perfected Greatsword (Perfected Merciless Charge)"," ()","Unnerving Boneyard","Blighted Blastbones","Detonating Siphon","Venom Skull","Banner Bearer","Flawless Dawnbreaker","Skeletal Archer","Stampede","Barbed Trap","Simmering Frenzy","Banner Bearer","Pummeling Goliath"
"Kyne's Aegis","Yandir the Butcher","https://www.esologs.com/reports/2AmnQayYBp4WFXqD#fight=117&type=summary&source=3","@Gopher07","Dödrumpa","bone-grave-x-corpseburster-perfected-slivers-of-the-null-arca","dps","Grave","Bone","x","Perfected Slivers of the Null Arca","Corpseburster","491920.4","9896.6","173.7","491920.4 DPS","","Huntsman's Warmask (Huntsman's Warmask)","Perfected Null Arca Jack (Perfected Slivers of the Null Arca)","Ansuul's Perfected Arm Cops (Perfected Ansuul's Torment)","Perfected Null Arca Bracers (Perfected Slivers of the Null Arca)","","Perfected Null Arca Guards (Perfected Slivers of the Null Arca)","Perfected Null Arca Boots (Perfected Slivers of the Null Arca)","","Corpseburster Ring (Corpseburster)","Corpseburster Ring (Corpseburster)","Corpseburster Dagger (Corpseburster)","Corpseburster Dagger (Corpseburster)","The Maelstrom's Perfected Greatsword (Perfected Merciless Charge)"," ()","Unnerving Boneyard","Blighted Blastbones","Detonating Siphon","Venom Skull","Shocking Banner (Class Flourish / Courage)","Flawless Dawnbreaker","Skeletal Archer","Stampede","Barbed Trap","Simmering Frenzy","Shocking Banner (Class Flourish / Courage)","Pummeling Goliath"
"Kyne's Aegis","Yandir the Butcher","https://www.esologs.com/reports/2AmnQayYBp4WFXqD#fight=117&type=summary&source=4","@FierceGamer","Doodoo Bug","bone-grave-x-corpseburster-perfected-slivers-of-the-null-arca","dps","Grave","Bone","x","Perfected Slivers of the Null Arca","Corpseburster","394918.3","2706.9","160.5","394918.3 DPS","","Huntsman's Warmask (Huntsman's Warmask)","Perfected Null Arca Jack (Perfected Slivers of the Null Arca)","Ansuul's Perfected Arm Cops (Perfected Ansuul's Torment)","Perfected Null Arca Bracers (Perfected Slivers of the Null Arca)","","Perfected Null Arca Guards (Perfected Slivers of the Null Arca)","Perfected Null Arca Boots (Perfected Slivers of the Null Arca)","","Corpseburster Ring (Corpseburster)","Corpseburster Ring (Corpseburster)","Corpseburster Dagger (Corpseburster)","Corpseburster Dagger (Corpseburster)","The Maelstrom's Perfected Greatsword (Perfected Merciless Charge)"," ()","Venom Skull","Unnerving Boneyard","Detonating Siphon","Blighted Blastbones","Shocking Banner (Class Flourish / Courage)","Flawless Dawnbreaker","Stampede","Barbed Trap","Simmering Frenzy","Skeletal Archer","Shocking Banner (Class Flourish / Courage)","Pummeling Goliath"
"Kyne's Aegis","Yandir the Butcher","https://www.esologs.com/reports/2AmnQayYBp4WFXqD#fight=117&type=summary&source=23","nil","Anonymous 23","bone-grave-x-corpseburster-perfected-slivers-of-the-null-arca","dps","Grave","Bone","x","Perfected Slivers of the Null Arca","Corpseburster","316799.9","11170.4","112.6","316799.9 DPS","","Huntsman's Warmask (Huntsman's Warmask)","Perfected Null Arca Jack (Perfected Slivers of the Null Arca)","Zaan Arm Cops (Zaan)","Perfected Null Arca Bracers (Perfected Slivers of the Null Arca)","","Perfected Null Arca Guards (Perfected Slivers of the Null Arca)","Perfected Null Arca Boots (Perfected Slivers of the Null Arca)","","Corpseburster Ring (Corpseburster)","Corpseburster Ring (Corpseburster)","Corpseburster Dagger (Corpseburster)","Corpseburster Dagger (Corpseburster)","The Maelstrom's Perfected Greatsword (Perfected Merciless Charge)"," ()","Venom Skull","Detonating Siphon","Blighted Blastbones","Banner Bearer","Unnerving Boneyard","Flawless Dawnbreaker","Skeletal Archer","Simmering Frenzy","Stampede","Barbed Trap","Banner Bearer","Pummeling Goliath"
"Kyne's Aegis","Yandir the Butcher","https://www.esologs.com/reports/2AmnQayYBp4WFXqD#fight=117&type=summary&source=2","@I xTaco I","Alessia of Arkay","bone-grave-x-corpseburster-perfected-slivers-of-the-null-arca","dps","Grave","Bone","x","Corpseburster","Perfected Slivers of the Null Arca","366167.2","9498.0","134.8","366167.2 DPS","","Huntsman's Warmask (Huntsman's Warmask)","Corpseburster Jack (Corpseburster)","Ansuul's Perfected Arm Cops (Perfected Ansuul's Torment)","Perfected Null Arca Bracers (Perfected Slivers of the Null Arca)","","Perfected Null Arca Guards (Perfected Slivers of the Null Arca)","Perfected Null Arca Boots (Perfected Slivers of the Null Arca)","","Corpseburster Ring (Corpseburster)","Corpseburster Ring (Corpseburster)","Corpseburster Dagger (Corpseburster)","Corpseburster Dagger (Corpseburster)","The Maelstrom's Perfected Greatsword (Perfected Merciless Charge)"," ()","Blighted Blastbones","Detonating Siphon","Venom Skull","Unnerving Boneyard","Banner Bearer","Pestilent Colossus","Quick Cloak","Stampede","Simmering Frenzy","Skeletal Arcanist","Banner Bearer","Pummeling Goliath"
"Kyne's Aegis","Yandir the Butcher","https://www.esologs.com/reports/2AmnQayYBp4WFXqD#fight=117&type=summary&source=7","@Foolebuilt","Necrofeell","bone-grave-x-corpseburster-perfected-slivers-of-the-null-arca","dps","Grave","Bone","x","Perfected Slivers of the Null Arca","Corpseburster","373543.7","7121.0","139.5","373543.7 DPS","","Huntsman's Warmask (Huntsman's Warmask)","Perfected Null Arca Jack (Perfected Slivers of the Null Arca)","Ansuul's Perfected Arm Cops (Perfected Ansuul's Torment)","Perfected Null Arca Bracers (Perfected Slivers of the Null Arca)","","Perfected Null Arca Guards (Perfected Slivers of the Null Arca)","Perfected Null Arca Boots (Perfected Slivers of the Null Arca)","","Corpseburster Ring (Corpseburster)","Corpseburster Ring (Corpseburster)","Corpseburster Dagger (Corpseburster)","Corpseburster Dagger (Corpseburster)","The Maelstrom's Perfected Greatsword (Perfected Merciless Charge)"," ()","Blighted Blastbones","Avid Boneyard","Venom Skull","Detonating Siphon","Banner Bearer","Flawless Dawnbreaker","Stampede","Barbed Trap","Skeletal Archer","Simmering Frenzy","Banner Bearer","Pummeling Goliath"
"Kyne's Aegis","Yandir the Butcher","https://www.esologs.com/reports/2AmnQayYBp4WFXqD#fight=117&type=summary&source=6","@RayRegiCide","Ray Yūrei","bone-grave-x-corpseburster-perfected-slivers-of-the-null-arca","dps","Grave","Bone","x","Perfected Slivers of the Null Arca","Corpseburster","348124.8","5541.9","133.7","348124.8 DPS","","Huntsman's Warmask (Huntsman's Warmask)","Perfected Null Arca Jack (Perfected Slivers of the Null Arca)","Ansuul's Perfected Arm Cops (Perfected Ansuul's Torment)","Perfected Null Arca Bracers (Perfected Slivers of the Null Arca)","","Perfected Null Arca Guards (Perfected Slivers of the Null Arca)","Perfected Null Arca Boots (Perfected Slivers of the Null Arca)","","Corpseburster Ring (Corpseburster)","Corpseburster Ring (Corpseburster)","Corpseburster Dagger (Corpseburster)","Corpseburster Dagger (Corpseburster)","The Maelstrom's Perfected Greatsword (Perfected Merciless Charge)"," ()","Detonating Siphon","Blighted Blastbones","Unnerving Boneyard","Venom Skull","Banner Bearer","Flawless Dawnbreaker","Skeletal Archer","Scalding Rune","Stampede","Barbed Trap","Banner Bearer","Pummeling Goliath"
"Kyne's Aegis","Yandir the Butcher","https://www.esologs.com/reports/2AmnQayYBp4WFXqD#fight=117&type=summary&source=1","@Raedanwin","Stýrís","bone-grave-x-corpseburster-perfected-slivers-of-the-null-arca","dps","Grave","Bone","x","Perfected Slivers of the Null Arca","Corpseburster","322409.5","7947.3","128.3","322409.5 DPS","","Huntsman's Warmask (Huntsman's Warmask)","Perfected Null Arca Jack (Perfected Slivers of the Null Arca)","Ansuul's Perfected Arm Cops (Perfected Ansuul's Torment)","Perfected Null Arca Bracers (Perfected Slivers of the Null Arca)","","Perfected Null Arca Guards (Perfected Slivers of the Null Arca)","Perfected Null Arca Boots (Perfected Slivers of the Null Arca)","","Corpseburster Ring (Corpseburster)","Corpseburster Ring (Corpseburster)","Corpseburster Axe (Corpseburster)","Corpseburster Dagger (Corpseburster)","The Maelstrom's Perfected Greatsword (Perfected Merciless Charge)"," ()","Banner Bearer","Blighted Blastbones","Unnerving Boneyard","Venom Skull","Detonating Siphon","Flawless Dawnbreaker","Barbed Trap","Stampede","Skeletal Archer","Simmering Frenzy","Banner Bearer","Pummeling Goliath"
"Kyne's Aegis","Yandir the Butcher","https://www.esologs.com/reports/2JCMRKaB8ybp96qx#fight=104&type=summary&source=8","@richtinker","sashablastbones","grave-herald-x-corpseburster-perfected-slivers-of-the-null-arca","dps","Grave","Herald","x","Corpseburster","Perfected Slivers of the Null Arca","235054.7","12484.8","92.4","235054.7 DPS","","Slimecraw Mask (Slimecraw)","Corpseburster Jack (Corpseburster)","Perfected Null Arca Arm Cops (Perfected Slivers of the Null Arca)","Corpseburster Bracers (Corpseburster)","","Perfected Null Arca Guards (Perfected Slivers of the Null Arca)","Corpseburster Boots (Corpseburster)","","Shattered Paths Signet (Shattered Paths Signet)","Corpseburster Ring (Corpseburster)","Perfected Null Arca Dagger (Perfected Slivers of the Null Arca)","Corpseburster Dagger (Corpseburster)","The Maelstrom's Perfected Greatsword (Perfected Merciless Charge)"," ()","Sundering Knife","Blighted Blastbones","Detonating Siphon","Unnerving Boneyard","Banner Bearer","Glacial Colossus","Skeletal Archer","Stampede","Carve","Barbed Trap","Banner Bearer","Glacial Colossus"
"Kyne's Aegis","Yandir the Butcher","https://www.esologs.com/reports/2JCMRKaB8ybp96qx#fight=104&type=summary&source=4","@JosephSMT","Joseph T","grave-herald-x-corpseburster-perfected-slivers-of-the-null-arca","dps","Grave","Herald","x","Perfected Slivers of the Null Arca","Corpseburster","268960.2","13900.3","93.9","268960.2 DPS","","Slimecraw Mask (Slimecraw)","Perfected Null Arca Jack (Perfected Slivers of the Null Arca)","Perfected Null Arca Arm Cops (Perfected Slivers of the Null Arca)","Perfected Null Arca Bracers (Perfected Slivers of the Null Arca)","","Perfected Null Arca Guards (Perfected Slivers of the Null Arca)","Perfected Null Arca Boots (Perfected Slivers of the Null Arca)","","Shattered Paths Signet (Shattered Paths Signet)","Corpseburster Ring (Corpseburster)","Corpseburster Dagger (Corpseburster)","Corpseburster Dagger (Corpseburster)","The Maelstrom's Perfected Greatsword (Perfected Merciless Charge)"," ()","Venom Skull","Blighted Blastbones","Avid Boneyard","Detonating Siphon","Banner Bearer","Glacial Colossus","Barbed Trap","Stampede","Skeletal Archer","Carve","Banner Bearer","Flawless Dawnbreaker"
"Kyne's Aegis","Yandir the Butcher","https://www.esologs.com/reports/2JCMRKaB8ybp96qx#fight=104&type=summary&source=7","@ZENON1996","Redemtion-S","grave-herald-x-corpseburster-perfected-slivers-of-the-null-arca","dps","Grave","Herald","x","Perfected Slivers of the Null Arca","Corpseburster","258323.9","14310.3","82.3","258323.9 DPS","","Slimecraw Mask (Slimecraw)","Perfected Null Arca Jack (Perfected Slivers of the Null Arca)","Corpseburster Arm Cops (Corpseburster)","Perfected Null Arca Bracers (Perfected Slivers of the Null Arca)","","Perfected Null Arca Guards (Perfected Slivers of the Null Arca)","Perfected Null Arca Boots (Perfected Slivers of the Null Arca)","","Corpseburster Ring (Corpseburster)","Shattered Paths Signet (Shattered Paths Signet)","Corpseburster Dagger (Corpseburster)","Corpseburster Dagger (Corpseburster)","The Maelstrom's Greatsword (Merciless Charge)"," ()","Venom Skull","Blighted Blastbones","Detonating Siphon","Avid Boneyard","Banner Bearer","Glacial Colossus","Stampede","Carve","Skeletal Archer","Barbed Trap","Banner Bearer","Glacial Colossus"
"Kyne's Aegis","Yandir the Butcher","https://www.esologs.com/reports/2JCMRKaB8ybp96qx#fight=104&type=summary&source=3","@TheKarrter","Fabio Hazzard","grave-herald-x-corpseburster-perfected-slivers-of-the-null-arca","dps","Grave","Herald","x","Perfected Slivers of the Null Arca","Corpseburster","264356.1","13633.5","86.7","264356.1 DPS","","Slimecraw Mask (Slimecraw)","Perfected Null Arca Jack (Perfected Slivers of the Null Arca)","Corpseburster Arm Cops (Corpseburster)","Perfected Null Arca Bracers (Perfected Slivers of the Null Arca)","","Perfected Null Arca Guards (Perfected Slivers of the Null Arca)","Perfected Null Arca Boots (Perfected Slivers of the Null Arca)","","Corpseburster Ring (Corpseburster)","Shattered Paths Signet (Shattered Paths Signet)","Corpseburster Dagger (Corpseburster)","Corpseburster Dagger (Corpseburster)","The Maelstrom's Perfected Greatsword (Perfected Merciless Charge)"," ()","Banner Bearer","Avid Boneyard","Detonating Siphon","Blighted Blastbones","Venom Skull","Glacial Colossus","Banner Bearer","Skeletal Archer","Barbed Trap","Carve","Stampede","Flawless Dawnbreaker"
"Kyne's Aegis","Yandir the Butcher","https://www.esologs.com/reports/2JCMRKaB8ybp96qx#fight=104&type=summary&source=10","@Actorion","Torion Darkheart","grave-herald-x-corpseburster-perfected-slivers-of-the-null-arca","dps","Grave","Herald","x","Corpseburster","Perfected Slivers of the Null Arca","280715.9","23677.4","93.9","280715.9 DPS","The Thief","Slimecraw Mask (Slimecraw)","Corpseburster Jack (Corpseburster)","Corpseburster Arm Cops (Corpseburster)","Perfected Null Arca Bracers (Perfected Slivers of the Null Arca)","","Perfected Null Arca Guards (Perfected Slivers of the Null Arca)","Corpseburster Boots (Corpseburster)","","Shattered Paths Signet (Shattered Paths Signet)","Perfected Null Arca Ring (Perfected Slivers of the Null Arca)","Corpseburster Dagger (Corpseburster)","Corpseburster Dagger (Corpseburster)","The Maelstrom's Perfected Greatsword (Perfected Merciless Charge)"," ()","Venom Skull","Blighted Blastbones","Avid Boneyard","Detonating Siphon","Banner Bearer","Pestilent Colossus","Stampede","Carve","Skeletal Archer","Scalding Rune","Banner Bearer","Flawless Dawnbreaker"
"Kyne's Aegis","Yandir the Butcher","https://www.esologs.com/reports/2JCMRKaB8ybp96qx#fight=104&type=summary&source=21","nil","Anonymous 21","grave-herald-x-corpseburster-perfected-slivers-of-the-null-arca","dps","Grave","Herald","x","Perfected Slivers of the Null Arca","Corpseburster","246755.5","4269.8","85.3","246755.5 DPS","","Huntsman's Warmask (Huntsman's Warmask)","Perfected Null Arca Jack (Perfected Slivers of the Null Arca)","Slimecraw Epaulets (Slimecraw)","Perfected Null Arca Bracers (Perfected Slivers of the Null Arca)","","Perfected Null Arca Guards (Perfected Slivers of the Null Arca)","Perfected Null Arca Boots (Perfected Slivers of the Null Arca)","","Corpseburster Ring (Corpseburster)","Corpseburster Ring (Corpseburster)","Corpseburster Dagger (Corpseburster)","Corpseburster Dagger (Corpseburster)","The Maelstrom's Perfected Greatsword (Perfected Merciless Charge)"," ()","Venom Skull","Blighted Blastbones","Detonating Siphon","Avid Boneyard","Banner Bearer","Glacial Colossus","Stampede","Carve","Barbed Trap","Banner Bearer","Skeletal Archer","Shooting Star"
"Kyne's Aegis","Yandir the Butcher","https://www.esologs.com/reports/2JCMRKaB8ybp96qx#fight=104&type=summary&source=1","@RashEnderSami","Bonerblaster","grave-herald-x-corpseburster-perfected-slivers-of-the-null-arca","dps","Grave","Herald","x","Perfected Slivers of the Null Arca","Corpseburster","274745.2","5662.3","94.2","274745.2 DPS","","Huntsman's Warmask (Huntsman's Warmask)","Perfected Null Arca Jack (Perfected Slivers of the Null Arca)","Ansuul's Perfected Arm Cops (Perfected Ansuul's Torment)","Perfected Null Arca Bracers (Perfected Slivers of the Null Arca)","","Perfected Null Arca Guards (Perfected Slivers of the Null Arca)","Perfected Null Arca Boots (Perfected Slivers of the Null Arca)","","Corpseburster Ring (Corpseburster)","Corpseburster Ring (Corpseburster)","Corpseburster Dagger (Corpseburster)","Corpseburster Dagger (Corpseburster)","The Maelstrom's Perfected Greatsword (Perfected Merciless Charge)"," ()","Banner Bearer","Venom Skull","Unnerving Boneyard","Blighted Blastbones","Detonating Siphon","Flawless Dawnbreaker","Banner Bearer","Barbed Trap","Carve","Stampede","Skeletal Archer","Shooting Star"
"Kyne's Aegis","Yandir the Butcher","https://www.esologs.com/reports/2JCMRKaB8ybp96qx#fight=104&type=summary&source=4","@Gadriick97","Gadriicko Mode","grave-herald-x-corpseburster-perfected-slivers-of-the-null-arca","dps","Grave","Herald","x","Perfected Slivers of the Null Arca","Corpseburster","194439.8","9869.4","80.5","194439.8 DPS","","Huntsman's Warmask (Huntsman's Warmask)","Null Arca Jack (Slivers of the Null Arca)","Slimecraw Arm Cops (Slimecraw)","Perfected Null Arca Bracers (Perfected Slivers of the Null Arca)","","Perfected Null Arca Guards (Perfected Slivers of the Null Arca)","Null Arca Boots (Slivers of the Null Arca)","","Corpseburster Ring (Corpseburster)","Corpseburster Ring (Corpseburster)","Corpseburster Axe (Corpseburster)","Corpseburster Dagger (Corpseburster)","The Maelstrom's Greatsword (Merciless Charge)"," ()","Avid Boneyard","Detonating Siphon","Venom Skull","Blighted Blastbones","Banner Bearer","Flawless Dawnbreaker","Barbed Trap","Skeletal Archer","Carve","Stampede","Banner Bearer","Shooting Star"
"Kyne's Aegis","Yandir the Butcher","https://www.esologs.com/reports/2JCMRKaB8ybp96qx#fight=104&type=summary&source=16","@Hyxtra02","Näella","grave-herald-x-corpseburster-perfected-slivers-of-the-null-arca","dps","Grave","Herald","x","Perfected Slivers of the Null Arca","Corpseburster","234934.7","9500.4","73.8","234934.7 DPS","","Huntsman's Warmask (Huntsman's Warmask)","Perfected Null Arca Jack (Perfected Slivers of the Null Arca)","Zaan Arm Cops (Zaan)","Perfected Null Arca Bracers (Perfected Slivers of the Null Arca)","","Perfected Null Arca Guards (Perfected Slivers of the Null Arca)","Perfected Null Arca Boots (Perfected Slivers of the Null Arca)","","Corpseburster Ring (Corpseburster)","Corpseburster Ring (Corpseburster)","Corpseburster Dagger (Corpseburster)","Corpseburster Dagger (Corpseburster)","The Maelstrom's Perfected Greatsword (Perfected Merciless Charge)"," ()","Venom Skull","Blighted Blastbones","Avid Boneyard","Detonating Siphon","Banner Bearer","Flawless Dawnbreaker","Stampede","Carve","Barbed Trap","Skeletal Archer","Banner Bearer","Shooting Star"
"Kyne's Aegis","Yandir the Butcher","https://www.esologs.com/reports/2JCMRKaB8ybp96qx#fight=104&type=summary&source=19","@sla-anesh","Mortici'a Dagoth","grave-herald-x-corpseburster-perfected-slivers-of-the-null-arca","dps","Grave","Herald","x","Perfected Slivers of the Null Arca","Corpseburster","231289.0","12331.8","77.6","231289.0 DPS","","Huntsman's Warmask (Huntsman's Warmask)","Perfected Null Arca Jack (Perfected Slivers of the Null Arca)","Zaan Arm Cops (Zaan)","Perfected Null Arca Bracers (Perfected Slivers of the Null Arca)","","Perfected Null Arca Guards (Perfected Slivers of the Null Arca)","Perfected Null Arca Boots (Perfected Slivers of the Null Arca)","","Corpseburster Ring (Corpseburster)","Corpseburster Ring (Corpseburster)","Corpseburster Dagger (Corpseburster)","Corpseburster Dagger (Corpseburster)","The Maelstrom's Perfected Greatsword (Perfected Merciless Charge)"," ()","Blighted Blastbones","Detonating Siphon","Venom Skull","Unnerving Boneyard","Banner Bearer","Glacial Colossus","Stampede","Carve","Barbed Trap","Skeletal Archer","Banner Bearer","Shooting Star"
"Kyne's Aegis","Yandir the Butcher","https://www.esologs.com/reports/2JCMRKaB8ybp96qx#fight=104&type=summary&source=10","@jrmsk","Soltara Satil","grave-herald-x-corpseburster-perfected-slivers-of-the-null-arca","dps","Grave","Herald","x","Perfected Slivers of the Null Arca","Corpseburster","205836.8","9493.5","75.0","205836.8 DPS","","Perfected Null Arca Helmet (Perfected Slivers of the Null Arca)","Corpseburster Jack (Corpseburster)","Slimecraw Arm Cops (Slimecraw)","Perfected Null Arca Bracers (Perfected Slivers of the Null Arca)","","Perfected Null Arca Guards (Perfected Slivers of the Null Arca)","Perfected Null Arca Boots (Perfected Slivers of the Null Arca)","","Shattered Paths Signet (Shattered Paths Signet)","Corpseburster Ring (Corpseburster)","Corpseburster Dagger (Corpseburster)","Corpseburster Dagger (Corpseburster)","The Maelstrom's Perfected Greatsword (Perfected Merciless Charge)"," ()","Venom Skull","Blighted Blastbones","Unnerving Boneyard","Detonating Siphon","Banner Bearer","Flawless Dawnbreaker","Barbed Trap","Stampede","Carve","Skeletal Archer","Banner Bearer","Flawless Dawnbreaker"
"Kyne's Aegis","Yandir the Butcher","https://www.esologs.com/reports/2JCMRKaB8ybp96qx#fight=104&type=summary&source=6","@NikaBezNika","Ice Queenn","grave-herald-x-corpseburster-perfected-slivers-of-the-null-arca","dps","Grave","Herald","x","Perfected Slivers of the Null Arca","Corpseburster","158818.9","1963.8","48.3","158818.9 DPS","","Perfected Null Arca Helmet (Perfected Slivers of the Null Arca)","Corpseburster Jack (Corpseburster)","Slimecraw Epaulets (Slimecraw)","Perfected Null Arca Bracers (Perfected Slivers of the Null Arca)","","Perfected Null Arca Guards (Perfected Slivers of the Null Arca)","Perfected Null Arca Boots (Perfected Slivers of the Null Arca)","","Shattered Paths Signet (Shattered Paths Signet)","Corpseburster Ring (Corpseburster)","Corpseburster Axe (Corpseburster)","Corpseburster Dagger (Corpseburster)","The Maelstrom's Perfected Greatsword (Perfected Merciless Charge)"," ()","Venom Skull","Detonating Siphon","Blighted Blastbones","Unnerving Boneyard","Banner Bearer","Flawless Dawnbreaker","Barbed Trap","Stampede","Carve","Skeletal Archer","Banner Bearer","Flawless Dawnbreaker"
"Kyne's Aegis","Yandir the Butcher","https://www.esologs.com/reports/2JCMRKaB8ybp96qx#fight=104&type=summary&source=93","@Jelick","Wake up and go","grave-herald-x-corpseburster-perfected-slivers-of-the-null-arca","dps","Grave","Herald","x","Perfected Slivers of the Null Arca","Corpseburster","206614.4","5783.8","80.3","206614.4 DPS","","Zaan Mask (Zaan)","Perfected Null Arca Jack (Perfected Slivers of the Null Arca)","Corpseburster Arm Cops (Corpseburster)","Perfected Null Arca Bracers (Perfected Slivers of the Null Arca)","","Perfected Null Arca Guards (Perfected Slivers of the Null Arca)","Perfected Null Arca Boots (Perfected Slivers of the Null Arca)","","Shattered Paths Signet (Shattered Paths Signet)","Corpseburster Ring (Corpseburster)","Corpseburster Dagger (Corpseburster)","Corpseburster Dagger (Corpseburster)","The Maelstrom's Perfected Greatsword (Perfected Merciless Charge)"," ()","Venom Skull","Blighted Blastbones","Detonating Siphon","Avid Boneyard","Banner Bearer","Glacial Colossus","Skeletal Archer","Stampede","Carve","Barbed Trap","Banner Bearer","Flawless Dawnbreaker"
"Kyne's Aegis","Yandir the Butcher","https://www.esologs.com/reports/2JCMRKaB8ybp96qx#fight=104&type=summary&source=61","@JolyPots","Irinwe Larethal","grave-herald-x-corpseburster-perfected-slivers-of-the-null-arca","dps","Grave","Herald","x","Perfected Slivers of the Null Arca","Corpseburster","194233.7","9483.6","88.6","194233.7 DPS","","Perfected Null Arca Helmet (Perfected Slivers of the Null Arca)","Perfected Null Arca Jack (Perfected Slivers of the Null Arca)","Slimecraw Arm Cops (Slimecraw)","Corpseburster Bracers (Corpseburster)","","Perfected Null Arca Guards (Perfected Slivers of the Null Arca)","Perfected Null Arca Boots (Perfected Slivers of the Null Arca)","","Corpseburster Ring (Corpseburster)","Shattered Paths Signet (Shattered Paths Signet)","Corpseburster Dagger (Corpseburster)","Corpseburster Dagger (Corpseburster)","The Maelstrom's Perfected Greatsword (Perfected Merciless Charge)"," ()","Blighted Blastbones","Venom Skull","Detonating Siphon","Unnerving Boneyard","Banner Bearer","Glacial Colossus","Stampede","Carve","Skeletal Archer","Barbed Trap","Banner Bearer","Flawless Dawnbreaker"
"Kyne's Aegis","Yandir the Butcher","https://www.esologs.com/reports/pzxhJvtjCLNYq76M#fight=104&type=summary&source=539","@Shaxigaming","I Used To Parse","ardent-earthen-herald-roar-of-alkosh-zens-redress","dps","Ardent","Earthen","Herald","Roar of Alkosh","Z'en's Redress","138483.9","9438.1","65.3","138483.9 DPS","","Slimecraw Mask (Slimecraw)","Jack of Alkosh (Roar of Alkosh)","Spaulder of Ruin (Spaulder of Ruin)","Bracers of Alkosh (Roar of Alkosh)","","Guards of Alkosh (Roar of Alkosh)","Boots of Alkosh (Roar of Alkosh)","","Z'en's Ring (Z'en's Redress)","Z'en's Ring (Z'en's Redress)","Z'en's Dagger (Z'en's Redress)","Z'en's Dagger (Z'en's Redress)","The Maelstrom's Greatsword (Merciless Charge)"," ()","Magma Fist","Barbed Trap","Disintegrating Dragonfire","Flame Lash","Searing Claw","Flawless Dawnbreaker","Stampede","Carve","Igneous Weapons","Incinerate","Shatterspike Mantle","Standard of Might"
"Kyne's Aegis","Yandir the Butcher","https://www.esologs.com/reports/pzxhJvtjCLNYq76M#fight=104&type=summary&source=7","@Shaxigaming","I Used To Parse","ardent-earthen-herald-roar-of-alkosh-zens-redress","dps","Ardent","Earthen","Herald","Roar of Alkosh","Z'en's Redress","138393.0","10069.6","68.2","138393.0 DPS","","Slimecraw Mask (Slimecraw)","Jack of Alkosh (Roar of Alkosh)","Spaulder of Ruin (Spaulder of Ruin)","Bracers of Alkosh (Roar of Alkosh)","","Guards of Alkosh (Roar of Alkosh)","Boots of Alkosh (Roar of Alkosh)","","Z'en's Ring (Z'en's Redress)","Z'en's Ring (Z'en's Redress)","Z'en's Dagger (Z'en's Redress)","Z'en's Dagger (Z'en's Redress)","The Maelstrom's Greatsword (Merciless Charge)"," ()","Magma Fist","Barbed Trap","Disintegrating Dragonfire","Flame Lash","Searing Claw","Flawless Dawnbreaker","Stampede","Carve","Igneous Weapons","Incinerate","Shatterspike Mantle","Standard of Might"
"Kyne's Aegis","Yandir the Butcher","https://www.esologs.com/reports/pzxhJvtjCLNYq76M#fight=104&type=summary&source=5","@Geldis1306","Lárry the Lobster","ardent-earthen-herald-roar-of-alkosh-zens-redress","dps","Ardent","Earthen","Herald","Roar of Alkosh","Z'en's Redress","160404.9","14454.6","92.4","160404.9 DPS","","Zaan Guise (Zaan)","Jack of Alkosh (Roar of Alkosh)","Zaan Arm Cops (Zaan)","Bracers of Alkosh (Roar of Alkosh)","","Guards of Alkosh (Roar of Alkosh)","Boots of Alkosh (Roar of Alkosh)","","Z'en's Ring (Z'en's Redress)","Z'en's Ring (Z'en's Redress)","Z'en's Dagger (Z'en's Redress)","Z'en's Dagger (Z'en's Redress)","The Maelstrom's Perfected Greatsword (Perfected Merciless Charge)"," ()","Disintegrating Dragonfire","Searing Claw","Magma Fist","Flame Lash","Barbed Trap","Flawless Dawnbreaker","Igneous Weapons","Stampede","Carve","Shatterspike Mantle","Incinerate","Standard of Might"
"Kyne's Aegis","Yandir the Butcher","https://www.esologs.com/reports/pzxhJvtjCLNYq76M#fight=104&type=summary&source=8","@RestfulTester","Restful Dragon","ardent-earthen-herald-roar-of-alkosh-zens-redress","dps","Ardent","Earthen","Herald","Roar of Alkosh","Z'en's Redress","137852.5","9973.2","82.9","137852.5 DPS","","Huntsman's Warmask (Huntsman's Warmask)","Jack of Alkosh (Roar of Alkosh)","Slimecraw Epaulets (Slimecraw)","Bracers of Alkosh (Roar of Alkosh)","","Guards of Alkosh (Roar of Alkosh)","Boots of Alkosh (Roar of Alkosh)","","Z'en's Ring (Z'en's Redress)","Z'en's Ring (Z'en's Redress)","Z'en's Dagger (Z'en's Redress)","Z'en's Dagger (Z'en's Redress)","The Maelstrom's Perfected Greatsword (Perfected Merciless Charge)"," ()","Barbed Trap","Searing Claw","Flame Lash","Magma Fist","Disintegrating Dragonfire","Flawless Dawnbreaker","Stampede","Carve","Shatterspike Mantle","Igneous Weapons","Incinerate","Standard of Might"
"Kyne's Aegis","Yandir the Butcher","https://www.esologs.com/reports/pzxhJvtjCLNYq76M#fight=104&type=summary&source=5","@KafkaESO","Ravallir","ardent-earthen-herald-roar-of-alkosh-zens-redress","dps","Ardent","Earthen","Herald","Roar of Alkosh","Z'en's Redress","160884.8","7690.8","82.1","160884.8 DPS","","Huntsman's Warmask (Huntsman's Warmask)","Jack of Alkosh (Roar of Alkosh)","Slimecraw Arm Cops (Slimecraw)","Bracers of Alkosh (Roar of Alkosh)","","Guards of Alkosh (Roar of Alkosh)","Boots of Alkosh (Roar of Alkosh)","","Z'en's Ring (Z'en's Redress)","Z'en's Ring (Z'en's Redress)","Z'en's Dagger (Z'en's Redress)","Z'en's Dagger (Z'en's Redress)","The Maelstrom's Perfected Greatsword (Perfected Merciless Charge)"," ()","Searing Claw","Barbed Trap","Magma Fist","Flame Lash","Disintegrating Dragonfire","Flawless Dawnbreaker","Igneous Weapons","Stampede","Carve","Shatterspike Mantle","Incinerate","Standard of Might"
"Kyne's Aegis","Yandir the Butcher","https://www.esologs.com/reports/pzxhJvtjCLNYq76M#fight=104&type=summary&source=84","@ZENON1996","Wermitor","ardent-earthen-herald-roar-of-alkosh-zens-redress","dps","Ardent","Earthen","Herald","Roar of Alkosh","Z'en's Redress","132524.3","13694.4","74.7","132524.3 DPS","","Huntsman's Warmask (Huntsman's Warmask)","Jack of Alkosh (Roar of Alkosh)","Zaan Epaulets (Zaan)","Bracers of Alkosh (Roar of Alkosh)","","Guards of Alkosh (Roar of Alkosh)","Boots of Alkosh (Roar of Alkosh)","","Z'en's Ring (Z'en's Redress)","Z'en's Ring (Z'en's Redress)","Z'en's Dagger (Z'en's Redress)","Z'en's Dagger (Z'en's Redress)","The Maelstrom's Greatsword (Merciless Charge)"," ()","Disintegrating Dragonfire","Flame Lash","Magma Fist","Barbed Trap","Quick Cloak","Flawless Dawnbreaker","Stampede","Carve","Shatterspike Mantle","Incinerate","Igneous Weapons","Standard of Might"
"Kyne's Aegis","Yandir the Butcher","https://www.esologs.com/reports/pzxhJvtjCLNYq76M#fight=104&type=summary&source=542","@Feiito","Le casse rotule","daedric-dark-storm-monolith-of-storms-perfected-slivers-of-the-null-arca","dps","Dark","Daedric","Storm","Perfected Slivers of the Null Arca","Monolith of Storms","333827.0","6849.6","90.6","333827.0 DPS","","Huntsman's Warmask (Huntsman's Warmask)","Perfected Null Arca Jack (Perfected Slivers of the Null Arca)","Ansuul's Perfected Arm Cops (Perfected Ansuul's Torment)","Perfected Null Arca Bracers (Perfected Slivers of the Null Arca)","","Monolith of Storms Guards (Monolith of Storms)","Monolith of Storms Boots (Monolith of Storms)","","Monolith of Storms Ring (Monolith of Storms)","Monolith of Storms Ring (Monolith of Storms)","Perfected Null Arca Dagger (Perfected Slivers of the Null Arca)","Perfected Null Arca Dagger (Perfected Slivers of the Null Arca)","The Maelstrom's Perfected Greatsword (Perfected Merciless Charge)"," ()","Bound Armaments","Haunting Curse","Liquid Lightning","Blood for Blood","Crystal Fragments","Flawless Dawnbreaker","Stampede","Simmering Frenzy","Hurricane","Barbed Trap","Critical Surge","Power Overload"
"Kyne's Aegis","Yandir the Butcher","https://www.esologs.com/reports/pzxhJvtjCLNYq76M#fight=104&type=summary&source=11","@Feiito","Le casse rotule","daedric-dark-storm-monolith-of-storms-perfected-slivers-of-the-null-arca","dps","Dark","Daedric","Storm","Perfected Slivers of the Null Arca","Monolith of Storms","333931.3","8669.1","94.6","333931.3 DPS","","Huntsman's Warmask (Huntsman's Warmask)","Perfected Null Arca Jack (Perfected Slivers of the Null Arca)","Ansuul's Perfected Arm Cops (Perfected Ansuul's Torment)","Perfected Null Arca Bracers (Perfected Slivers of the Null Arca)","","Monolith of Storms Guards (Monolith of Storms)","Monolith of Storms Boots (Monolith of Storms)","","Monolith of Storms Ring (Monolith of Storms)","Monolith of Storms Ring (Monolith of Storms)","Perfected Null Arca Dagger (Perfected Slivers of the Null Arca)","Perfected Null Arca Dagger (Perfected Slivers of the Null Arca)","The Maelstrom's Perfected Greatsword (Perfected Merciless Charge)"," ()","Bound Armaments","Haunting Curse","Liquid Lightning","Blood for Blood","Crystal Fragments","Flawless Dawnbreaker","Stampede","Simmering Frenzy","Hurricane","Barbed Trap","Critical Surge","Power Overload"
"Kyne's Aegis","Yandir the Butcher","https://www.esologs.com/reports/pzxhJvtjCLNYq76M#fight=104&type=summary&source=12","@LeopardoColorido","The evil goat lizzard","daedric-dark-storm-monolith-of-storms-perfected-slivers-of-the-null-arca","dps","Dark","Daedric","Storm","Perfected Slivers of the Null Arca","Monolith of Storms","257695.6","7712.5","84.4","257695.6 DPS","","Perfected Null Arca Helmet (Perfected Slivers of the Null Arca)","Perfected Null Arca Jack (Perfected Slivers of the Null Arca)","Monolith of Storms Arm Cops (Monolith of Storms)","Monolith of Storms Bracers (Monolith of Storms)","","Ansuul's Perfected Guards (Perfected Ansuul's Torment)","Perfected Null Arca Boots (Perfected Slivers of the Null Arca)","","Shattered Paths Signet (Shattered Paths Signet)","Monolith of Storms Ring (Monolith of Storms)","Perfected Null Arca Dagger (Perfected Slivers of the Null Arca)","Perfected Null Arca Dagger (Perfected Slivers of the Null Arca)","The Maelstrom's Perfected Greatsword (Perfected Merciless Charge)"," ()","Crystal Fragments","Arterial Burst","Haunting Curse","Bound Armaments","Quick Cloak","Flawless Dawnbreaker","Stampede","Barbed Trap","Liquid Lightning","Hurricane","Ulfsild's Contingency","Power Overload"
"Kyne's Aegis","Yandir the Butcher","https://www.esologs.com/reports/pzxhJvtjCLNYq76M#fight=104&type=summary&source=11","@danmer_umar","Uron Dpsov","daedric-dark-storm-monolith-of-storms-perfected-slivers-of-the-null-arca","dps","Dark","Daedric","Storm","Perfected Slivers of the Null Arca","Monolith of Storms","201741.0","10328.0","66.1","201741.0 DPS","","Perfected Null Arca Helmet (Perfected Slivers of the Null Arca)","Monolith of Storms Jack (Monolith of Storms)","Slimecraw Arm Cops (Slimecraw)","Monolith of Storms Bracers (Monolith of Storms)","","Monolith of Storms Guards (Monolith of Storms)","Monolith of Storms Boots (Monolith of Storms)","","Perfected Null Arca Ring (Perfected Slivers of the Null Arca)","Shattered Paths Signet (Shattered Paths Signet)","Perfected Null Arca Dagger (Perfected Slivers of the Null Arca)","Perfected Null Arca Dagger (Perfected Slivers of the Null Arca)","The Maelstrom's Perfected Greatsword (Perfected Merciless Charge)"," ()","Haunting Curse","Bound Armaments","Sundering Knife","Crystal Fragments","Banner Bearer","Flawless Dawnbreaker","Liquid Lightning","Barbed Trap","Stampede","Hurricane","Banner Bearer","Power Overload"
"Kyne's Aegis","Yandir the Butcher","https://www.esologs.com/reports/pzxhJvtjCLNYq76M#fight=104&type=summary&source=90","@Kaenary","M'Elior","daedric-dark-storm-monolith-of-storms-perfected-slivers-of-the-null-arca","dps","Dark","Daedric","Storm","Monolith of Storms","Perfected Slivers of the Null Arca","121743.8","8394.9","55.3","121743.8 DPS","","Slimecraw Guise (Slimecraw)","Monolith of Storms Jack (Monolith of Storms)","Perfected Null Arca Arm Cops (Perfected Slivers of the Null Arca)","Monolith of Storms Bracers (Monolith of Storms)","","Perfected Null Arca Guards (Perfected Slivers of the Null Arca)","Perfected Null Arca Boots (Perfected Slivers of the Null Arca)","","Monolith of Storms Ring (Monolith of Storms)","Shattered Paths Signet (Shattered Paths Signet)","Perfected Null Arca Dagger (Perfected Slivers of the Null Arca)","Perfected Null Arca Dagger (Perfected Slivers of the Null Arca)","The Maelstrom's Greatsword (Merciless Charge)"," ()","Sundering Knife","Crystal Fragments","Haunting Curse","Bound Armaments","Banner Bearer","Flawless Dawnbreaker","Stampede","Ulfsild's Contingency","Liquid Lightning","Hurricane","Banner Bearer","Power Overload"
"Kyne's Aegis","Yandir the Butcher","https://www.esologs.com/reports/pzxhJvtjCLNYq76M#fight=104&type=summary&source=541","@AbhorashNL","Katerina the Ice Queen","animal-green-winter-perfected-pearlescent-ward-serpents-disdain","healer","Animal","Green","Winter","Perfected Pearlescent Ward","Serpent's Disdain","49928.0","28844.7","71.6","28844.7 HPS","","Slimecraw Mask (Slimecraw)","Cryptcanon Vestments (Cryptcanon Vestments)","Perfected Pearlescent Pauldrons (Perfected Pearlescent Ward)","Bracers of Serpent's Disdain (Serpent's Disdain)","","Perfected Pearlescent Greaves (Perfected Pearlescent Ward)","Boots of Serpent's Disdain (Serpent's Disdain)","","Perfected Pearlescent Ring (Perfected Pearlescent Ward)","Perfected Pearlescent Ring (Perfected Pearlescent Ward)","Ice Staff of Serpent's Disdain (Serpent's Disdain)"," ()","The Maelstrom's Perfected Ice Staff (Perfected Crushing Wall)"," ()","Deep Fissure","Cutting Dive","Inner Rage","Arctic Blast","Budding Seeds","Reviving Barrier","Elemental Blockade","Winter's Revenge","Elemental Susceptibility","Expansive Frost Cloak","Bull Netch","Aggressive Horn"
"Kyne's Aegis","Yandir the Butcher","https://www.esologs.com/reports/pzxhJvtjCLNYq76M#fight=104&type=summary&source=10","@AbhorashNL","Katerina the Ice Queen","animal-green-winter-perfected-pearlescent-ward-serpents-disdain","tank","Animal","Green","Winter","Perfected Pearlescent Ward","Serpent's Disdain","49965.3","27461.6","70.4","70.4 CPM","","Slimecraw Mask (Slimecraw)","Cryptcanon Vestments (Cryptcanon Vestments)","Perfected Pearlescent Pauldrons (Perfected Pearlescent Ward)","Bracers of Serpent's Disdain (Serpent's Disdain)","","Perfected Pearlescent Greaves (Perfected Pearlescent Ward)","Boots of Serpent's Disdain (Serpent's Disdain)","","Perfected Pearlescent Ring (Perfected Pearlescent Ward)","Perfected Pearlescent Ring (Perfected Pearlescent Ward)","Ice Staff of Serpent's Disdain (Serpent's Disdain)"," ()","The Maelstrom's Perfected Ice Staff (Perfected Crushing Wall)"," ()","Deep Fissure","Cutting Dive","Inner Rage","Arctic Blast","Budding Seeds","Crypt Transfer","Blockade of Frost","Winter's Revenge","Elemental Susceptibility","Expansive Frost Cloak","Bull Netch","Crypt Transfer"
"Kyne's Aegis","Yandir the Butcher","https://www.esologs.com/reports/pzxhJvtjCLNYq76M#fight=104&type=summary&source=10","@Contraah","Kuusetsu","animal-green-winter-perfected-pearlescent-ward-serpents-disdain","tank","Animal","Green","Winter","Perfected Pearlescent Ward","Serpent's Disdain","33170.2","32987.9","54.6","54.6 CPM","","Baron Zaudrus Mask (Baron Zaudrus)","Cryptcanon Vestments (Cryptcanon Vestments)","Perfected Pearlescent Pauldrons (Perfected Pearlescent Ward)","Perfected Pearlescent Gauntlets (Perfected Pearlescent Ward)","","Perfected Pearlescent Greaves (Perfected Pearlescent Ward)","Perfected Pearlescent Sabatons (Perfected Pearlescent Ward)","","Ring of Serpent's Disdain (Serpent's Disdain)","Ring of Serpent's Disdain (Serpent's Disdain)","Ice Staff of Serpent's Disdain (Serpent's Disdain)"," ()","The Maelstrom's Perfected Ice Staff (Perfected Crushing Wall)"," ()","Budding Seeds","Deep Fissure","Expert Hunter","Cutting Dive","Inner Rage","Wild Guardian","Expansive Frost Cloak","Arctic Blast","Elemental Blockade","Bull Netch","Elemental Susceptibility","Reviving Barrier"
"Kyne's Aegis","Yandir the Butcher","https://www.esologs.com/reports/pzxhJvtjCLNYq76M#fight=104&type=summary&source=210","@MarlieChurfy","Hefty Girl","animal-green-winter-perfected-pearlescent-ward-serpents-disdain","tank","Animal","Green","Winter","Serpent's Disdain","Perfected Pearlescent Ward","23645.2","21371.5","50.4","50.4 CPM","","Magma Incarnate Visage (Magma Incarnate)","Cryptcanon Vestments (Cryptcanon Vestments)","Perfected Pearlescent Pauldrons (Perfected Pearlescent Ward)","Perfected Pearlescent Gauntlets (Perfected Pearlescent Ward)","","Perfected Pearlescent Greaves (Perfected Pearlescent Ward)","Perfected Pearlescent Sabatons (Perfected Pearlescent Ward)","","Ring of Serpent's Disdain (Serpent's Disdain)","Ring of Serpent's Disdain (Serpent's Disdain)","Dagger of Serpent's Disdain (Serpent's Disdain)","Dagger of Serpent's Disdain (Serpent's Disdain)","Ice Staff of Serpent's Disdain (Serpent's Disdain)"," ()","Deep Fissure","Shattering Knife (Assassin's Misery / Force)","Winter's Revenge","Polar Wind","Budding Seeds","Crypt Transfer","Inner Rage","Elemental Susceptibility","Blockade of Frost","Echoing Vigor","Expansive Frost Cloak","Crypt Transfer"
"Kyne's Aegis","Yandir the Butcher","https://www.esologs.com/reports/pzxhJvtjCLNYq76M#fight=104&type=summary&source=3","@sepleen","Gelenbor","animal-green-winter-perfected-pearlescent-ward-serpents-disdain","tank","Animal","Green","Winter","Perfected Pearlescent Ward","Serpent's Disdain","16671.6","22620.5","59.3","59.3 CPM","","Domihaus Visage (Domihaus)","Cryptcanon Vestments (Cryptcanon Vestments)","Pauldrons of Serpent's Disdain (Serpent's Disdain)","Gauntlets of Serpent's Disdain (Serpent's Disdain)","","Greaves of Serpent's Disdain (Serpent's Disdain)","Sabatons of Serpent's Disdain (Serpent's Disdain)","","Perfected Pearlescent Ring (Perfected Pearlescent Ward)","Perfected Pearlescent Ring (Perfected Pearlescent Ward)","Perfected Pearlescent Ice Staff (Perfected Pearlescent Ward)"," ()","Perfected Pearlescent Inferno Staff (Perfected Pearlescent Ward)"," ()","Inner Rage","Arctic Blast","Growing Swarm","Screaming Cliff Racer","Ulfsild's Contingency","Northern Storm","Expansive Frost Cloak","Elemental Blockade","Elemental Susceptibility","Bull Netch","Budding Seeds","Aggressive Horn"
"Kyne's Aegis","Yandir the Butcher","https://www.esologs.com/reports/pzxhJvtjCLNYq76M#fight=104&type=summary&source=534","@xZephyria","Justiciar Cymbeline","curative-herald-soldier-perfected-pillagers-profit-powerful-assault","healer","Herald","Curative","Soldier","Perfected Pillager's Profit","Powerful Assault","12723.8","91454.8","80.0","91454.8 HPS","","Nazaray Guise (Nazaray)","Perfected Pillager's Robe (Perfected Pillager's Profit)","Nazaray Epaulets (Nazaray)","Perfected Pillager's Gloves (Perfected Pillager's Profit)","","Perfected Pillager's Breeches (Perfected Pillager's Profit)","Perfected Pillager's Shoes (Perfected Pillager's Profit)","","Ring of the Powerful Assault (Powerful Assault)","Ring of the Powerful Assault (Powerful Assault)","The Master's Perfected Restoration Staff (Perfected Grand Rejuvenation)"," ()","Sword of the Powerful Assault (Powerful Assault)","Sword of the Powerful Assault (Powerful Assault)","Illustrious Healing","Radiating Regeneration","Combat Prayer","Tidal Chakram","Cruxweaver Armor","Reviving Barrier","Echoing Vigor","Shattering Knife","Fulminating Rune","Overflowing Altar","Mystic Orb","Glyphic of the Tides"
"Kyne's Aegis","Yandir the Butcher","https://www.esologs.com/reports/pzxhJvtjCLNYq76M#fight=104&type=summary&source=9","@xZephyria","Justiciar Cymbeline","curative-herald-soldier-perfected-pillagers-profit-powerful-assault","healer","Herald","Curative","Soldier","Perfected Pillager's Profit","Powerful Assault","12726.7","87563.1","79.2","87563.1 HPS","","Nazaray Guise (Nazaray)","Perfected Pillager's Robe (Perfected Pillager's Profit)","Nazaray Epaulets (Nazaray)","Perfected Pillager's Gloves (Perfected Pillager's Profit)","","Perfected Pillager's Breeches (Perfected Pillager's Profit)","Perfected Pillager's Shoes (Perfected Pillager's Profit)","","Ring of the Powerful Assault (Powerful Assault)","Ring of the Powerful Assault (Powerful Assault)","The Master's Perfected Restoration Staff (Perfected Grand Rejuvenation)"," ()","Sword of the Powerful Assault (Powerful Assault)","Sword of the Powerful Assault (Powerful Assault)","Illustrious Healing","Radiating Regeneration","Combat Prayer","Tidal Chakram","Cruxweaver Armor","Reviving Barrier","Echoing Vigor","Shattering Knife (Assassin's Misery / Off Balance)","Fulminating Rune","Overflowing Altar","Mystic Orb","Glyphic of the Tides"
"Kyne's Aegis","Yandir the Butcher","https://www.esologs.com/reports/pzxhJvtjCLNYq76M#fight=104&type=summary&source=4","nil","Anonymous 4","curative-herald-soldier-perfected-pillagers-profit-powerful-assault","healer","Herald","Curative","Soldier","Powerful Assault","Perfected Pillager's Profit","20236.5","67262.2","81.9","67262.2 HPS","The Thief","Nazaray Mask (Nazaray)","Robe of the Trainee (Armor of the Trainee)","Nazaray Epaulets (Nazaray)","Perfected Pillager's Gloves (Perfected Pillager's Profit)","","Perfected Pillager's Breeches (Perfected Pillager's Profit)","Perfected Pillager's Shoes (Perfected Pillager's Profit)","","Death Dealer's Fete (Death Dealer's Fete)","Ring of the Powerful Assault (Powerful Assault)","Restoration Staff of the Powerful Assault (Powerful Assault)"," ()","Perfected Pillager's Dagger (Perfected Pillager's Profit)","Perfected Pillager's Dagger (Perfected Pillager's Profit)","Ulfsild's Contingency","Chakram of Destiny","Echoing Vigor","Illustrious Healing","Combat Prayer","Reviving Barrier","Fulminating Rune","Mystic Orb","Overflowing Altar","Cruxweaver Armor","Shattering Knife","Glyphic of the Tides"
"Kyne's Aegis","Yandir the Butcher","https://www.esologs.com/reports/2JCMRKaB8ybp96qx#fight=104&type=summary&source=1","@Yokomori","Elansephona Aelsinoth","animal-green-winter-master-architect-serpents-disdain","healer","Animal","Green","Winter","Master Architect","Serpent's Disdain","13832.9","113118.7","86.7","113118.7 HPS","","Symphony of Blades Mask (Symphony of Blades)","Master Architect Robe (Master Architect)","Symphony of Blades Epaulets (Symphony of Blades)","Master Architect Gloves (Master Architect)","","Master Architect Breeches (Master Architect)","Master Architect Shoes (Master Architect)","","Ring of Serpent's Disdain (Serpent's Disdain)","Ring of Serpent's Disdain (Serpent's Disdain)","The Maelstrom's Perfected Restoration Staff (Perfected Precise Regeneration)"," ()","Ice Staff of Serpent's Disdain (Serpent's Disdain)"," ()","Illustrious Healing","Combat Prayer","Radiating Regeneration","Echoing Vigor","Budding Seeds","Feral Guardian","Ulfsild's Contingency","Energy Orb","Elemental Susceptibility","Lotus Blossom","Expansive Frost Cloak","Aggressive Horn"
"Kyne's Aegis","Yandir the Butcher","https://www.esologs.com/reports/2JCMRKaB8ybp96qx#fight=104&type=summary&source=1","@NeruKodoka","Plantaini","animal-green-winter-master-architect-serpents-disdain","healer","Animal","Green","Winter","Serpent's Disdain","Master Architect","15748.0","123674.6","70.6","123674.6 HPS","The Ritual","Symphony of Blades Mask (Symphony of Blades)","Jerkin of Serpent's Disdain (Serpent's Disdain)","Symphony of Blades Epaulets (Symphony of Blades)","Gloves of Serpent's Disdain (Serpent's Disdain)","","Breeches of Serpent's Disdain (Serpent's Disdain)","Shoes of Serpent's Disdain (Serpent's Disdain)","","Master Architect Ring (Master Architect)","Master Architect Ring (Master Architect)","The Maelstrom's Perfected Restoration Staff (Perfected Precise Regeneration)"," ()","Master Architect Ice Staff (Master Architect)"," ()","Illustrious Healing","Combat Prayer","Radiating Regeneration","Budding Seeds","Energy Orb","Wild Guardian","Elemental Susceptibility","Winter's Revenge","Echoing Vigor","Expansive Frost Cloak","Blue Betty","Reviving Barrier"
"Kyne's Aegis","Yandir the Butcher","https://www.esologs.com/reports/2JCMRKaB8ybp96qx#fight=104&type=summary&source=9","@NeruKodoka","The Unforgiven Il","curative-herald-soldier-master-architect-powerful-assault","healer","Herald","Curative","Soldier","Master Architect","Powerful Assault","15816.2","132884.0","93.9","132884.0 HPS","The Ritual","Ozezan the Inferno's Guise (Ozezan the Inferno)","Master Architect Jerkin (Master Architect)","Ozezan the Inferno's Epaulets (Ozezan the Inferno)","Master Architect Gloves (Master Architect)","","Master Architect Breeches (Master Architect)","Master Architect Shoes (Master Architect)","","Ring of the Powerful Assault (Powerful Assault)","Ring of the Powerful Assault (Powerful Assault)","The Maelstrom's Perfected Restoration Staff (Perfected Precise Regeneration)"," ()","Restoration Staff of the Powerful Assault (Powerful Assault)"," ()","Illustrious Healing","Combat Prayer","Radiating Regeneration","Chakram of Destiny","Fulminating Rune","Gibbering Shelter","Energy Orb","Cruxweaver Armor","Echoing Vigor","Overflowing Altar","Recuperative Treatise","Resonating Glyphic"
"Kyne's Aegis","Yandir the Butcher","https://www.esologs.com/reports/2JCMRKaB8ybp96qx#fight=104&type=summary&source=89","@JosephSMT","Jeffsmt","curative-herald-soldier-master-architect-powerful-assault","healer","Herald","Curative","Soldier","Master Architect","Powerful Assault","9384.8","139167.1","83.0","139167.1 HPS","","Symphony of Blades Guise (Symphony of Blades)","Master Architect Robe (Master Architect)","Symphony of Blades Epaulets (Symphony of Blades)","Master Architect Gloves (Master Architect)","","Master Architect Breeches (Master Architect)","Master Architect Shoes (Master Architect)","","Ring of the Powerful Assault (Powerful Assault)","Ring of the Powerful Assault (Powerful Assault)","The Maelstrom's Perfected Restoration Staff (Perfected Precise Regeneration)"," ()","Lightning Staff of the Powerful Assault (Powerful Assault)"," ()","Illustrious Healing","Combat Prayer","Tidal Chakram","Radiating Regeneration","Fulminating Rune","Gibbering Shelter","Cruxweaver Armor","Energy Orb","Overflowing Altar","Echoing Vigor","Recuperative Treatise","Resonating Glyphic"
"Kyne's Aegis","Yandir the Butcher","https://www.esologs.com/reports/2JCMRKaB8ybp96qx#fight=104&type=summary&source=11","@FranzRyder","yøbgumur","daedric-dark-storm-perfected-pearlescent-ward-turning-tide","tank","Dark","Daedric","Storm","Perfected Pearlescent Ward","Turning Tide","16287.3","18215.0","46.2","46.2 CPM","","Archdruid Devyric's Mask (Archdruid Devyric)","Cuirass of the Turning Tide (Turning Tide)","Archdruid Devyric's Epaulets (Archdruid Devyric)","Gauntlets of the Turning Tide (Turning Tide)","","Greaves of the Turning Tide (Turning Tide)","Sabatons of the Turning Tide (Turning Tide)","","Perfected Pearlescent Ring (Perfected Pearlescent Ward)","Perfected Pearlescent Ring (Perfected Pearlescent Ward)","Perfected Pearlescent Ice Staff (Perfected Pearlescent Ward)"," ()","Perfected Pearlescent Lightning Staff (Perfected Pearlescent Ward)"," ()","Dark Deal","Inner Rage","Revealing Flare","Hardened Ward","Bound Aegis","Temporal Guard","Elemental Susceptibility","Hurricane","Elemental Blockade","Liquid Lightning","Vibrant Shroud","Summon Charged Atronach"
"Kyne's Aegis","Yandir the Butcher","https://www.esologs.com/reports/2JCMRKaB8ybp96qx#fight=104&type=summary&source=2","@richtinker","Urafishura","daedric-dark-storm-perfected-pearlescent-ward-turning-tide","tank","Dark","Daedric","Storm","Turning Tide","Perfected Pearlescent Ward","26962.5","12542.8","63.6","63.6 CPM","The Thief","Nazaray Visage (Nazaray)","Cuirass of the Turning Tide (Turning Tide)","Nazaray Pauldron (Nazaray)","Gauntlets of the Turning Tide (Turning Tide)","","Perfected Pearlescent Greaves (Perfected Pearlescent Ward)","Perfected Pearlescent Sabatons (Perfected Pearlescent Ward)","","Perfected Pearlescent Ring (Perfected Pearlescent Ward)","Perfected Pearlescent Ring (Perfected Pearlescent Ward)","Ice Staff of the Turning Tide (Turning Tide)"," ()","The Maelstrom's Perfected Lightning Staff (Perfected Crushing Wall)"," ()","Inner Rage","Elemental Susceptibility","Crystal Fragments","Summon Volatile Familiar","Summon Twilight Tormentor","Reviving Barrier","Daedric Prey","Elemental Blockade","Lightning Flood","Summon Volatile Familiar","Summon Twilight Tormentor","Aggressive Horn"
"Kyne's Aegis","Yandir the Butcher","https://www.esologs.com/reports/6TgPFf14qL79RcvZ#fight=43&type=summary&source=2","@La_buba","Ay'ia","curative-soldier-x-master-architect-perfected-pillagers-profit","healer","Curative","Soldier","x","Master Architect","Perfected Pillager's Profit","10604.5","108012.9","44.1","108012.9 HPS","The Ritual","Magma Incarnate Visage (Magma Incarnate)","Master Architect Robe (Master Architect)","Spaulder of Ruin (Spaulder of Ruin)","Master Architect Gloves (Master Architect)","","Master Architect Breeches (Master Architect)","Master Architect Shoes (Master Architect)","","Perfected Pillager's Band (Perfected Pillager's Profit)","Perfected Pillager's Band (Perfected Pillager's Profit)","Perfected Pillager's Lightning Staff (Perfected Pillager's Profit)"," ()","The Master's Perfected Restoration Staff (Perfected Grand Rejuvenation)"," ()","Purge","Elemental Blockade","Overflowing Altar","Cruxweaver Armor","Mystic Orb","Resonating Glyphic","Illustrious Healing","Radiating Regeneration","Echoing Vigor","Combat Prayer","Tidal Chakram","Reviving Barrier"
"Kyne's Aegis","Yandir the Butcher","https://www.esologs.com/reports/6TgPFf14qL79RcvZ#fight=43&type=summary&source=2","@Tisse-Ronces","Aïno Kalevala","curative-soldier-x-master-architect-perfected-pillagers-profit","healer","Curative","Soldier","x","Master Architect","Perfected Pillager's Profit","10057.3","146479.5","68.7","146479.5 HPS","","Nazaray Guise (Nazaray)","Master Architect Robe (Master Architect)","Nazaray Epaulets (Nazaray)","Master Architect Gloves (Master Architect)","","Master Architect Breeches (Master Architect)","Master Architect Shoes (Master Architect)","","Perfected Pillager's Band (Perfected Pillager's Profit)","Perfected Pillager's Band (Perfected Pillager's Profit)","The Master's Perfected Restoration Staff (Perfected Grand Rejuvenation)"," ()","Perfected Pillager's Lightning Staff (Perfected Pillager's Profit)"," ()","Illustrious Healing","Combat Prayer","Radiating Regeneration","Energy Orb","Cruxweaver Armor","Reviving Barrier","Elemental Blockade","Echoing Vigor","Ulfsild's Contingency","Runeguard of Freedom","Overflowing Altar","Glyphic of the Tides"
"Kyne's Aegis","Captain Vrol","https://www.esologs.com/reports/ML8Grx3C41JdzHwn#fight=15&type=summary&source=8","@KarinFlory","Jacek Kaczmarskï","ass-shadow-siphon-aegis-caller-perfected-slivers-of-the-null-arca","dps","Ass","Shadow","Siphon","Perfected Slivers of the Null Arca","Aegis Caller","301999.9","25034.1","97.2","301999.9 DPS","","Huntsman's Warmask (Huntsman's Warmask)","Perfected Null Arca Jack (Perfected Slivers of the Null Arca)","Ansuul's Perfected Arm Cops (Perfected Ansuul's Torment)","Aegis Caller's Bracers (Aegis Caller)","","Aegis Caller's Guards (Aegis Caller)","Aegis Caller's Boots (Aegis Caller)","","Perfected Null Arca Ring (Perfected Slivers of the Null Arca)","Perfected Null Arca Ring (Perfected Slivers of the Null Arca)","Aegis Caller's Dagger (Aegis Caller)","Aegis Caller's Dagger (Aegis Caller)","The Maelstrom's Perfected Greatsword (Perfected Merciless Charge)"," ()","Killer's Blade","Relentless Focus","Shadowy Disguise","Surprise Attack","Debilitate","Incapacitating Strike","Barbed Trap","Quick Cloak","Stampede","Dark Shade","Simmering Frenzy","Veil of Blades"
"Kyne's Aegis","Captain Vrol","https://www.esologs.com/reports/ML8Grx3C41JdzHwn#fight=15&type=summary&source=5","@Al_duin","Ëvérnight","ass-shadow-siphon-aegis-caller-perfected-slivers-of-the-null-arca","dps","Ass","Shadow","Siphon","Perfected Slivers of the Null Arca","Aegis Caller","362903.5","24822.5","135.2","362903.5 DPS","The Thief","Huntsman's Warmask (Huntsman's Warmask)","Perfected Null Arca Jack (Perfected Slivers of the Null Arca)","Ansuul's Perfected Arm Cops (Perfected Ansuul's Torment)","Perfected Null Arca Bracers (Perfected Slivers of the Null Arca)","","Perfected Null Arca Guards (Perfected Slivers of the Null Arca)","Perfected Null Arca Boots (Perfected Slivers of the Null Arca)","","Aegis Caller's Ring (Aegis Caller)","Aegis Caller's Ring (Aegis Caller)","Aegis Caller's Dagger (Aegis Caller)","Aegis Caller's Mace (Aegis Caller)","The Maelstrom's Perfected Greatsword (Perfected Merciless Charge)"," ()","Debilitate","Killer's Blade","Relentless Focus","Surprise Attack","Shadowy Disguise","Incapacitating Strike","Dark Shade","Simmering Frenzy","Quick Cloak","Barbed Trap","Stampede","Veil of Blades"
"Kyne's Aegis","Captain Vrol","https://www.esologs.com/reports/ML8Grx3C41JdzHwn#fight=15&type=summary&source=2","@oAMo","Desmoge","ass-shadow-siphon-aegis-caller-perfected-slivers-of-the-null-arca","dps","Ass","Shadow","Siphon","Perfected Slivers of the Null Arca","Aegis Caller","252403.0","26780.6","86.0","252403.0 DPS","","Huntsman's Warmask (Huntsman's Warmask)","Perfected Null Arca Jack (Perfected Slivers of the Null Arca)","Zaan Arm Cops (Zaan)","Perfected Null Arca Bracers (Perfected Slivers of the Null Arca)","","Perfected Null Arca Guards (Perfected Slivers of the Null Arca)","Perfected Null Arca Boots (Perfected Slivers of the Null Arca)","","Aegis Caller's Ring (Aegis Caller)","Aegis Caller's Ring (Aegis Caller)","Aegis Caller's Dagger (Aegis Caller)","Aegis Caller's Dagger (Aegis Caller)","The Maelstrom's Perfected Greatsword (Perfected Merciless Charge)"," ()","Shattering Knife","Relentless Focus","Debilitate","Killer's Blade","Shadowy Disguise","Incapacitating Strike","Stampede","Carve","Barbed Trap","Ulfsild's Contingency","Dark Shade","Shooting Star"
"Kyne's Aegis","Captain Vrol","https://www.esologs.com/reports/ML8Grx3C41JdzHwn#fight=15&type=summary&source=3","@Anthro42","Anthropomancist","ass-shadow-siphon-aegis-caller-perfected-slivers-of-the-null-arca","dps","Ass","Shadow","Siphon","Perfected Slivers of the Null Arca","Aegis Caller","268851.4","22678.4","88.3","268851.4 DPS","","Huntsman's Warmask (Huntsman's Warmask)","Perfected Null Arca Jack (Perfected Slivers of the Null Arca)","Ansuul's Perfected Arm Cops (Perfected Ansuul's Torment)","Perfected Null Arca Bracers (Perfected Slivers of the Null Arca)","","Perfected Null Arca Guards (Perfected Slivers of the Null Arca)","Perfected Null Arca Boots (Perfected Slivers of the Null Arca)","","Aegis Caller's Ring (Aegis Caller)","Aegis Caller's Ring (Aegis Caller)","Aegis Caller's Dagger (Aegis Caller)","Aegis Caller's Dagger (Aegis Caller)","The Maelstrom's Perfected Greatsword (Perfected Merciless Charge)"," ()","Relentless Focus","Killer's Blade","Surprise Attack","Debilitate","Shadowy Disguise","Incapacitating Strike","Dark Shade","Carve","Barbed Trap","Simmering Frenzy","Stampede","Veil of Blades"
"Kyne's Aegis","Captain Vrol","https://www.esologs.com/reports/ML8Grx3C41JdzHwn#fight=15&type=summary&source=2","@Ralf_17","Abyss Wätcher","ass-shadow-siphon-aegis-caller-perfected-slivers-of-the-null-arca","dps","Ass","Shadow","Siphon","Perfected Slivers of the Null Arca","Aegis Caller","300024.6","14348.2","80.5","300024.6 DPS","","Huntsman's Warmask (Huntsman's Warmask)","Perfected Null Arca Jack (Perfected Slivers of the Null Arca)","Ansuul's Perfected Arm Cops (Perfected Ansuul's Torment)","Perfected Null Arca Bracers (Perfected Slivers of the Null Arca)","","Perfected Null Arca Guards (Perfected Slivers of the Null Arca)","Perfected Null Arca Boots (Perfected Slivers of the Null Arca)","","Aegis Caller's Ring (Aegis Caller)","Aegis Caller's Ring (Aegis Caller)","Aegis Caller's Dagger (Aegis Caller)","Aegis Caller's Dagger (Aegis Caller)","The Maelstrom's Perfected Greatsword (Perfected Merciless Charge)"," ()","Surprise Attack","Shadowy Disguise","Debilitate","Relentless Focus","Killer's Blade","Incapacitating Strike","Simmering Frenzy","Quick Cloak","Stampede","Dark Shade","Barbed Trap","Ice Comet"
"Kyne's Aegis","Captain Vrol","https://www.esologs.com/reports/ML8Grx3C41JdzHwn#fight=15&type=summary&source=209","@Latin","Godblade","ass-shadow-siphon-aegis-caller-perfected-slivers-of-the-null-arca","dps","Ass","Shadow","Siphon","Perfected Slivers of the Null Arca","Aegis Caller","244512.7","12443.3","72.5","244512.7 DPS","","Huntsman's Warmask (Huntsman's Warmask)","Perfected Null Arca Jack (Perfected Slivers of the Null Arca)","Slimecraw Epaulets (Slimecraw)","Perfected Null Arca Bracers (Perfected Slivers of the Null Arca)","","Perfected Null Arca Guards (Perfected Slivers of the Null Arca)","Perfected Null Arca Boots (Perfected Slivers of the Null Arca)","","Aegis Caller's Ring (Aegis Caller)","Aegis Caller's Ring (Aegis Caller)","Aegis Caller's Dagger (Aegis Caller)","Aegis Caller's Dagger (Aegis Caller)","The Maelstrom's Perfected Greatsword (Perfected Merciless Charge)"," ()","Surprise Attack","Killer's Blade","Relentless Focus","Shadowy Disguise","Debilitate","Incapacitating Strike","Fiery Contingency (Lingering Torment / Intellect and Endurance)","Barbed Trap","Stampede","Carve","Dark Shade","Shooting Star"
"Kyne's Aegis","Captain Vrol","https://www.esologs.com/reports/ML8Grx3C41JdzHwn#fight=15&type=summary&source=214","@ja.mes","unga truly is bunga","ass-shadow-siphon-aegis-caller-perfected-slivers-of-the-null-arca","dps","Ass","Shadow","Siphon","Perfected Slivers of the Null Arca","Aegis Caller","282577.4","14335.4","91.0","282577.4 DPS","","Huntsman's Warmask (Huntsman's Warmask)","Perfected Null Arca Jack (Perfected Slivers of the Null Arca)","Slimecraw Arm Cops (Slimecraw)","Perfected Null Arca Bracers (Perfected Slivers of the Null Arca)","","Perfected Null Arca Guards (Perfected Slivers of the Null Arca)","Perfected Null Arca Boots (Perfected Slivers of the Null Arca)","","Aegis Caller's Ring (Aegis Caller)","Aegis Caller's Ring (Aegis Caller)","Aegis Caller's Dagger (Aegis Caller)","Aegis Caller's Dagger (Aegis Caller)","The Maelstrom's Perfected Greatsword (Perfected Merciless Charge)"," ()","Killer's Blade","Surprise Attack","Debilitate","Relentless Focus","Shadowy Disguise","Incapacitating Strike","Carve","Stampede","Simmering Frenzy","Dark Shade","Barbed Trap","Shooting Star"
"Kyne's Aegis","Captain Vrol","https://www.esologs.com/reports/ML8Grx3C41JdzHwn#fight=15&type=summary&source=211","@stefishim","Max Versteffan","ass-shadow-siphon-aegis-caller-perfected-slivers-of-the-null-arca","dps","Ass","Shadow","Siphon","Perfected Slivers of the Null Arca","Aegis Caller","303245.9","15334.0","86.0","303245.9 DPS","","Huntsman's Warmask (Huntsman's Warmask)","Perfected Null Arca Jack (Perfected Slivers of the Null Arca)","Slimecraw Epaulets (Slimecraw)","Perfected Null Arca Bracers (Perfected Slivers of the Null Arca)","","Perfected Null Arca Guards (Perfected Slivers of the Null Arca)","Perfected Null Arca Boots (Perfected Slivers of the Null Arca)","","Aegis Caller's Ring (Aegis Caller)","Aegis Caller's Ring (Aegis Caller)","Aegis Caller's Dagger (Aegis Caller)","Aegis Caller's Dagger (Aegis Caller)","The Maelstrom's Greatsword (Merciless Charge)"," ()","Shadowy Disguise","Relentless Focus","Surprise Attack","Killer's Blade","Debilitate","Incapacitating Strike","Dark Shade","Barbed Trap","Stampede","Carve","Simmering Frenzy","Shooting Star"
"Kyne's Aegis","Captain Vrol","https://www.esologs.com/reports/ML8Grx3C41JdzHwn#fight=15&type=summary&source=212","@wisthekid","Mèrcílèss","ass-shadow-siphon-aegis-caller-perfected-slivers-of-the-null-arca","dps","Ass","Shadow","Siphon","Perfected Slivers of the Null Arca","Aegis Caller","279941.5","14151.2","116.3","279941.5 DPS","","Huntsman's Warmask (Huntsman's Warmask)","Perfected Null Arca Jack (Perfected Slivers of the Null Arca)","Zaan Epaulets (Zaan)","Perfected Null Arca Bracers (Perfected Slivers of the Null Arca)","","Perfected Null Arca Guards (Perfected Slivers of the Null Arca)","Perfected Null Arca Boots (Perfected Slivers of the Null Arca)","","Aegis Caller's Ring (Aegis Caller)","Aegis Caller's Ring (Aegis Caller)","Aegis Caller's Dagger (Aegis Caller)","Aegis Caller's Dagger (Aegis Caller)","The Maelstrom's Perfected Greatsword (Perfected Merciless Charge)"," ()","Killer's Blade","Shadowy Disguise","Surprise Attack","Debilitate","Relentless Focus","Incapacitating Strike","Simmering Frenzy","Stampede","Carve","Dark Shade","Barbed Trap","Incapacitating Strike"
"Kyne's Aegis","Captain Vrol","https://www.esologs.com/reports/ML8Grx3C41JdzHwn#fight=15&type=summary&source=9","@Hagius","Sigvar Skyggefekter","ass-shadow-siphon-aegis-caller-perfected-slivers-of-the-null-arca","dps","Ass","Shadow","Siphon","Perfected Slivers of the Null Arca","Aegis Caller","297219.6","18853.5","88.7","297219.6 DPS","","Huntsman's Warmask (Huntsman's Warmask)","Perfected Null Arca Jack (Perfected Slivers of the Null Arca)","Zaan Epaulets (Zaan)","Perfected Null Arca Bracers (Perfected Slivers of the Null Arca)","","Perfected Null Arca Guards (Perfected Slivers of the Null Arca)","Perfected Null Arca Boots (Perfected Slivers of the Null Arca)","","Aegis Caller's Ring (Aegis Caller)","Aegis Caller's Ring (Aegis Caller)","Aegis Caller's Dagger (Aegis Caller)","Aegis Caller's Dagger (Aegis Caller)","The Maelstrom's Greatsword (Merciless Charge)"," ()","Relentless Focus","Shadowy Disguise","Surprise Attack","Killer's Blade","Debilitate","Incapacitating Strike","Simmering Frenzy","Barbed Trap","Stampede","Dark Shade","Siphoning Attacks","Shooting Star"
"Kyne's Aegis","Captain Vrol","https://www.esologs.com/reports/ML8Grx3C41JdzHwn#fight=15&type=summary&source=2","@BIGGn601","Bigg nite","ass-shadow-siphon-aegis-caller-perfected-slivers-of-the-null-arca","dps","Ass","Shadow","Siphon","Perfected Slivers of the Null Arca","Aegis Caller","248017.7","13350.6","77.2","248017.7 DPS","","Huntsman's Warmask (Huntsman's Warmask)","Perfected Null Arca Jack (Perfected Slivers of the Null Arca)","Zaan Epaulets (Zaan)","Perfected Null Arca Bracers (Perfected Slivers of the Null Arca)","","Perfected Null Arca Guards (Perfected Slivers of the Null Arca)","Perfected Null Arca Boots (Perfected Slivers of the Null Arca)","","Aegis Caller's Ring (Aegis Caller)","Aegis Caller's Ring (Aegis Caller)","Aegis Caller's Dagger (Aegis Caller)","Aegis Caller's Dagger (Aegis Caller)","The Maelstrom's Greatsword (Merciless Charge)"," ()","Shadowy Disguise","Debilitate","Surprise Attack","Killer's Blade","Relentless Focus","Incapacitating Strike","Dark Shade","Barbed Trap","Carve","Stampede","Siphoning Attacks","Shooting Star"
"Kyne's Aegis","Captain Vrol","https://www.esologs.com/reports/ML8Grx3C41JdzHwn#fight=15&type=summary&source=3","@LexiC17","Frealia Xiaric","ass-shadow-siphon-aegis-caller-perfected-slivers-of-the-null-arca","dps","Ass","Shadow","Siphon","Perfected Slivers of the Null Arca","Aegis Caller","213458.2","19085.8","79.3","213458.2 DPS","","Huntsman's Warmask (Huntsman's Warmask)","Perfected Null Arca Jack (Perfected Slivers of the Null Arca)","Slimecraw Epaulets (Slimecraw)","Perfected Null Arca Bracers (Perfected Slivers of the Null Arca)","","Perfected Null Arca Guards (Perfected Slivers of the Null Arca)","Perfected Null Arca Boots (Perfected Slivers of the Null Arca)","","Aegis Caller's Ring (Aegis Caller)","Aegis Caller's Ring (Aegis Caller)","Aegis Caller's Dagger (Aegis Caller)","Aegis Caller's Dagger (Aegis Caller)","The Maelstrom's Perfected Greatsword (Perfected Merciless Charge)"," ()","Merciless Resolve","Surprise Attack","Debilitate","Shadowy Disguise","Killer's Blade","Incapacitating Strike","Stampede","Carve","Barbed Trap","Dark Shade","Ulfsild's Contingency","Shooting Star"
"Kyne's Aegis","Captain Vrol","https://www.esologs.com/reports/ML8Grx3C41JdzHwn#fight=15&type=summary&source=3","@someone_unknown","Djepa","ass-shadow-siphon-aegis-caller-perfected-slivers-of-the-null-arca","dps","Ass","Shadow","Siphon","Perfected Slivers of the Null Arca","Aegis Caller","227725.0","23231.8","71.4","227725.0 DPS","","Slimecraw Mask (Slimecraw)","Perfected Null Arca Jack (Perfected Slivers of the Null Arca)","Mora's Whispers (Mora's Whispers)","Perfected Null Arca Bracers (Perfected Slivers of the Null Arca)","","Perfected Null Arca Guards (Perfected Slivers of the Null Arca)","Perfected Null Arca Boots (Perfected Slivers of the Null Arca)","","Aegis Caller's Ring (Aegis Caller)","Aegis Caller's Ring (Aegis Caller)","The Maelstrom's Perfected Greatsword (Perfected Merciless Charge)"," ()","Aegis Caller's Dagger (Aegis Caller)","Aegis Caller's Dagger (Aegis Caller)","Twisting Path","Dark Shade","Carve","Stampede","Barbed Trap","Ice Comet","Surprise Attack","Killer's Blade","Relentless Focus","Shadowy Disguise","Debilitate","Incapacitating Strike"
"Kyne's Aegis","Captain Vrol","https://www.esologs.com/reports/ML8Grx3C41JdzHwn#fight=15&type=summary&source=91","@D-Folt","Klofeline","ass-shadow-siphon-aegis-caller-perfected-slivers-of-the-null-arca","dps","Ass","Shadow","Siphon","Perfected Slivers of the Null Arca","Aegis Caller","244675.2","21109.2","71.3","244675.2 DPS","","Huntsman's Warmask (Huntsman's Warmask)","Perfected Null Arca Jack (Perfected Slivers of the Null Arca)","Iceheart Epaulets (Iceheart)","Perfected Null Arca Bracers (Perfected Slivers of the Null Arca)","","Perfected Null Arca Guards (Perfected Slivers of the Null Arca)","Perfected Null Arca Boots (Perfected Slivers of the Null Arca)","","Aegis Caller's Ring (Aegis Caller)","Aegis Caller's Ring (Aegis Caller)","Aegis Caller's Dagger (Aegis Caller)","Aegis Caller's Dagger (Aegis Caller)","The Maelstrom's Perfected Greatsword (Perfected Merciless Charge)"," ()","Merciless Resolve","Quick Cloak","Killer's Blade","Shadowy Disguise","Surprise Attack","Incapacitating Strike","Stampede","Carve","Debilitate","Barbed Trap","Dark Shade","Incapacitating Strike"
"Kyne's Aegis","Captain Vrol","https://www.esologs.com/reports/2JCMRKaB8ybp96qx#fight=93&type=summary&source=8","@richtinker","sashablastbones","grave-herald-x-corpseburster-perfected-slivers-of-the-null-arca","dps","Grave","Herald","x","Corpseburster","Perfected Slivers of the Null Arca","271625.2","9740.7","107.0","271625.2 DPS","","Slimecraw Mask (Slimecraw)","Corpseburster Jack (Corpseburster)","Perfected Null Arca Arm Cops (Perfected Slivers of the Null Arca)","Corpseburster Bracers (Corpseburster)","","Perfected Null Arca Guards (Perfected Slivers of the Null Arca)","Corpseburster Boots (Corpseburster)","","Shattered Paths Signet (Shattered Paths Signet)","Corpseburster Ring (Corpseburster)","Perfected Null Arca Dagger (Perfected Slivers of the Null Arca)","Corpseburster Dagger (Corpseburster)","The Maelstrom's Perfected Greatsword (Perfected Merciless Charge)"," ()","Sundering Knife","Blighted Blastbones","Detonating Siphon","Unnerving Boneyard","Banner Bearer","Glacial Colossus","Skeletal Archer","Stampede","Carve","Barbed Trap","Banner Bearer","Glacial Colossus"
"Kyne's Aegis","Captain Vrol","https://www.esologs.com/reports/2JCMRKaB8ybp96qx#fight=93&type=summary&source=4","@JosephSMT","Joseph T","grave-herald-x-corpseburster-perfected-slivers-of-the-null-arca","dps","Grave","Herald","x","Perfected Slivers of the Null Arca","Corpseburster","251424.0","13256.9","89.2","251424.0 DPS","","Slimecraw Mask (Slimecraw)","Perfected Null Arca Jack (Perfected Slivers of the Null Arca)","Perfected Null Arca Arm Cops (Perfected Slivers of the Null Arca)","Perfected Null Arca Bracers (Perfected Slivers of the Null Arca)","","Perfected Null Arca Guards (Perfected Slivers of the Null Arca)","Perfected Null Arca Boots (Perfected Slivers of the Null Arca)","","Shattered Paths Signet (Shattered Paths Signet)","Corpseburster Ring (Corpseburster)","Corpseburster Dagger (Corpseburster)","Corpseburster Dagger (Corpseburster)","The Maelstrom's Perfected Greatsword (Perfected Merciless Charge)"," ()","Venom Skull","Blighted Blastbones","Avid Boneyard","Detonating Siphon","Banner Bearer","Glacial Colossus","Barbed Trap","Stampede","Skeletal Archer","Carve","Banner Bearer","Flawless Dawnbreaker"
"Kyne's Aegis","Captain Vrol","https://www.esologs.com/reports/2JCMRKaB8ybp96qx#fight=93&type=summary&source=7","@ZENON1996","Redemtion-S","grave-herald-x-corpseburster-perfected-slivers-of-the-null-arca","dps","Grave","Herald","x","Perfected Slivers of the Null Arca","Corpseburster","300310.7","14262.9","86.0","300310.7 DPS","The Thief","Slimecraw Mask (Slimecraw)","Perfected Null Arca Jack (Perfected Slivers of the Null Arca)","Corpseburster Arm Cops (Corpseburster)","Perfected Null Arca Bracers (Perfected Slivers of the Null Arca)","","Perfected Null Arca Guards (Perfected Slivers of the Null Arca)","Perfected Null Arca Boots (Perfected Slivers of the Null Arca)","","Corpseburster Ring (Corpseburster)","Shattered Paths Signet (Shattered Paths Signet)","Corpseburster Dagger (Corpseburster)","Corpseburster Dagger (Corpseburster)","The Maelstrom's Greatsword (Merciless Charge)"," ()","Venom Skull","Blighted Blastbones","Detonating Siphon","Avid Boneyard","Banner Bearer","Glacial Colossus","Stampede","Carve","Skeletal Archer","Barbed Trap","Banner Bearer","Glacial Colossus"
"Kyne's Aegis","Captain Vrol","https://www.esologs.com/reports/2JCMRKaB8ybp96qx#fight=93&type=summary&source=3","@TheKarrter","Fabio Hazzard","grave-herald-x-corpseburster-perfected-slivers-of-the-null-arca","dps","Grave","Herald","x","Perfected Slivers of the Null Arca","Corpseburster","267387.3","16711.6","89.2","267387.3 DPS","","Slimecraw Mask (Slimecraw)","Perfected Null Arca Jack (Perfected Slivers of the Null Arca)","Corpseburster Arm Cops (Corpseburster)","Perfected Null Arca Bracers (Perfected Slivers of the Null Arca)","","Perfected Null Arca Guards (Perfected Slivers of the Null Arca)","Perfected Null Arca Boots (Perfected Slivers of the Null Arca)","","Corpseburster Ring (Corpseburster)","Shattered Paths Signet (Shattered Paths Signet)","Corpseburster Dagger (Corpseburster)","Corpseburster Dagger (Corpseburster)","The Maelstrom's Perfected Greatsword (Perfected Merciless Charge)"," ()","Banner Bearer","Avid Boneyard","Detonating Siphon","Blighted Blastbones","Venom Skull","Glacial Colossus","Banner Bearer","Skeletal Archer","Barbed Trap","Carve","Stampede","Flawless Dawnbreaker"
"Kyne's Aegis","Captain Vrol","https://www.esologs.com/reports/2JCMRKaB8ybp96qx#fight=93&type=summary&source=10","@Actorion","Torion Darkheart","grave-herald-x-corpseburster-perfected-slivers-of-the-null-arca","dps","Grave","Herald","x","Corpseburster","Perfected Slivers of the Null Arca","283883.0","18727.1","98.9","283883.0 DPS","","Slimecraw Mask (Slimecraw)","Corpseburster Jack (Corpseburster)","Corpseburster Arm Cops (Corpseburster)","Perfected Null Arca Bracers (Perfected Slivers of the Null Arca)","","Perfected Null Arca Guards (Perfected Slivers of the Null Arca)","Corpseburster Boots (Corpseburster)","","Shattered Paths Signet (Shattered Paths Signet)","Perfected Null Arca Ring (Perfected Slivers of the Null Arca)","Corpseburster Dagger (Corpseburster)","Corpseburster Dagger (Corpseburster)","The Maelstrom's Perfected Greatsword (Perfected Merciless Charge)"," ()","Venom Skull","Blighted Blastbones","Avid Boneyard","Detonating Siphon","Banner Bearer","Pestilent Colossus","Stampede","Carve","Skeletal Archer","Scalding Rune","Banner Bearer","Flawless Dawnbreaker"
"Kyne's Aegis","Captain Vrol","https://www.esologs.com/reports/2JCMRKaB8ybp96qx#fight=93&type=summary&source=21","nil","Anonymous 21","grave-herald-x-corpseburster-perfected-slivers-of-the-null-arca","dps","Grave","Herald","x","Perfected Slivers of the Null Arca","Corpseburster","291188.1","8112.0","81.1","291188.1 DPS","","Huntsman's Warmask (Huntsman's Warmask)","Perfected Null Arca Jack (Perfected Slivers of the Null Arca)","Slimecraw Epaulets (Slimecraw)","Perfected Null Arca Bracers (Perfected Slivers of the Null Arca)","","Perfected Null Arca Guards (Perfected Slivers of the Null Arca)","Perfected Null Arca Boots (Perfected Slivers of the Null Arca)","","Corpseburster Ring (Corpseburster)","Corpseburster Ring (Corpseburster)","Corpseburster Dagger (Corpseburster)","Corpseburster Dagger (Corpseburster)","The Maelstrom's Perfected Greatsword (Perfected Merciless Charge)"," ()","Venom Skull","Blighted Blastbones","Detonating Siphon","Avid Boneyard","Banner Bearer","Glacial Colossus","Stampede","Carve","Barbed Trap","Banner Bearer","Skeletal Archer","Shooting Star"
"Kyne's Aegis","Captain Vrol","https://www.esologs.com/reports/2JCMRKaB8ybp96qx#fight=93&type=summary&source=4","@Mher21","Nyx Blackfyre","grave-herald-x-corpseburster-perfected-slivers-of-the-null-arca","dps","Grave","Herald","x","Perfected Slivers of the Null Arca","Corpseburster","252131.8","7919.3","75.1","252131.8 DPS","","Huntsman's Warmask (Huntsman's Warmask)","Perfected Null Arca Jack (Perfected Slivers of the Null Arca)","Zaan Arm Cops (Zaan)","Perfected Null Arca Bracers (Perfected Slivers of the Null Arca)","","Perfected Null Arca Guards (Perfected Slivers of the Null Arca)","Perfected Null Arca Boots (Perfected Slivers of the Null Arca)","","Corpseburster Ring (Corpseburster)","Corpseburster Ring (Corpseburster)","Corpseburster Dagger (Corpseburster)","Corpseburster Dagger (Corpseburster)","The Maelstrom's Perfected Greatsword (Perfected Merciless Charge)"," ()","Unnerving Boneyard","Venom Skull","Blighted Blastbones","Detonating Siphon","Banner Bearer","Flawless Dawnbreaker","Stampede","Barbed Trap","Carve","Skeletal Archer","Banner Bearer","Shooting Star"
"Kyne's Aegis","Captain Vrol","https://www.esologs.com/reports/2JCMRKaB8ybp96qx#fight=93&type=summary&source=1","@RashEnderSami","Bonerblaster","grave-herald-x-corpseburster-perfected-slivers-of-the-null-arca","dps","Grave","Herald","x","Perfected Slivers of the Null Arca","Corpseburster","297920.1","12105.8","102.4","297920.1 DPS","","Huntsman's Warmask (Huntsman's Warmask)","Perfected Null Arca Jack (Perfected Slivers of the Null Arca)","Ansuul's Perfected Arm Cops (Perfected Ansuul's Torment)","Perfected Null Arca Bracers (Perfected Slivers of the Null Arca)","","Perfected Null Arca Guards (Perfected Slivers of the Null Arca)","Perfected Null Arca Boots (Perfected Slivers of the Null Arca)","","Corpseburster Ring (Corpseburster)","Corpseburster Ring (Corpseburster)","Corpseburster Dagger (Corpseburster)","Corpseburster Dagger (Corpseburster)","The Maelstrom's Perfected Greatsword (Perfected Merciless Charge)"," ()","Banner Bearer","Venom Skull","Unnerving Boneyard","Blighted Blastbones","Detonating Siphon","Flawless Dawnbreaker","Banner Bearer","Barbed Trap","Carve","Stampede","Skeletal Archer","Shooting Star"
"Kyne's Aegis","Captain Vrol","https://www.esologs.com/reports/2JCMRKaB8ybp96qx#fight=93&type=summary&source=4","@Gadriick97","Gadriicko Mode","grave-herald-x-corpseburster-perfected-slivers-of-the-null-arca","dps","Grave","Herald","x","Perfected Slivers of the Null Arca","Corpseburster","220870.2","2135.5","88.5","220870.2 DPS","","Huntsman's Warmask (Huntsman's Warmask)","Null Arca Jack (Slivers of the Null Arca)","Slimecraw Arm Cops (Slimecraw)","Perfected Null Arca Bracers (Perfected Slivers of the Null Arca)","","Perfected Null Arca Guards (Perfected Slivers of the Null Arca)","Null Arca Boots (Slivers of the Null Arca)","","Corpseburster Ring (Corpseburster)","Corpseburster Ring (Corpseburster)","Corpseburster Axe (Corpseburster)","Corpseburster Dagger (Corpseburster)","The Maelstrom's Greatsword (Merciless Charge)"," ()","Avid Boneyard","Detonating Siphon","Venom Skull","Blighted Blastbones","Banner Bearer","Flawless Dawnbreaker","Barbed Trap","Skeletal Archer","Carve","Stampede","Banner Bearer","Shooting Star"
"Kyne's Aegis","Captain Vrol","https://www.esologs.com/reports/2JCMRKaB8ybp96qx#fight=93&type=summary&source=19","@sla-anesh","Mortici'a Dagoth","grave-herald-x-corpseburster-perfected-slivers-of-the-null-arca","dps","Grave","Herald","x","Perfected Slivers of the Null Arca","Corpseburster","247139.6","13461.7","74.4","247139.6 DPS","","Huntsman's Warmask (Huntsman's Warmask)","Perfected Null Arca Jack (Perfected Slivers of the Null Arca)","Zaan Arm Cops (Zaan)","Perfected Null Arca Bracers (Perfected Slivers of the Null Arca)","","Perfected Null Arca Guards (Perfected Slivers of the Null Arca)","Perfected Null Arca Boots (Perfected Slivers of the Null Arca)","","Corpseburster Ring (Corpseburster)","Corpseburster Ring (Corpseburster)","Corpseburster Dagger (Corpseburster)","Corpseburster Dagger (Corpseburster)","The Maelstrom's Perfected Greatsword (Perfected Merciless Charge)"," ()","Blighted Blastbones","Detonating Siphon","Venom Skull","Unnerving Boneyard","Banner Bearer","Glacial Colossus","Stampede","Carve","Barbed Trap","Skeletal Archer","Banner Bearer","Shooting Star"
"Kyne's Aegis","Captain Vrol","https://www.esologs.com/reports/2JCMRKaB8ybp96qx#fight=93&type=summary&source=10","@jrmsk","Soltara Satil","grave-herald-x-corpseburster-perfected-slivers-of-the-null-arca","dps","Grave","Herald","x","Perfected Slivers of the Null Arca","Corpseburster","247896.0","11012.0","91.2","247896.0 DPS","","Perfected Null Arca Helmet (Perfected Slivers of the Null Arca)","Corpseburster Jack (Corpseburster)","Slimecraw Arm Cops (Slimecraw)","Perfected Null Arca Bracers (Perfected Slivers of the Null Arca)","","Perfected Null Arca Guards (Perfected Slivers of the Null Arca)","Perfected Null Arca Boots (Perfected Slivers of the Null Arca)","","Shattered Paths Signet (Shattered Paths Signet)","Corpseburster Ring (Corpseburster)","Corpseburster Dagger (Corpseburster)","Corpseburster Dagger (Corpseburster)","The Maelstrom's Perfected Greatsword (Perfected Merciless Charge)"," ()","Venom Skull","Blighted Blastbones","Unnerving Boneyard","Detonating Siphon","Banner Bearer","Flawless Dawnbreaker","Barbed Trap","Stampede","Carve","Skeletal Archer","Banner Bearer","Flawless Dawnbreaker"
"Kyne's Aegis","Captain Vrol","https://www.esologs.com/reports/2JCMRKaB8ybp96qx#fight=93&type=summary&source=6","@NikaBezNika","Ice Queenn","grave-herald-x-corpseburster-perfected-slivers-of-the-null-arca","dps","Grave","Herald","x","Perfected Slivers of the Null Arca","Corpseburster","217789.7","5222.3","72.4","217789.7 DPS","","Perfected Null Arca Helmet (Perfected Slivers of the Null Arca)","Corpseburster Jack (Corpseburster)","Slimecraw Epaulets (Slimecraw)","Perfected Null Arca Bracers (Perfected Slivers of the Null Arca)","","Perfected Null Arca Guards (Perfected Slivers of the Null Arca)","Perfected Null Arca Boots (Perfected Slivers of the Null Arca)","","Shattered Paths Signet (Shattered Paths Signet)","Corpseburster Ring (Corpseburster)","Corpseburster Axe (Corpseburster)","Corpseburster Dagger (Corpseburster)","The Maelstrom's Perfected Greatsword (Perfected Merciless Charge)"," ()","Venom Skull","Detonating Siphon","Blighted Blastbones","Unnerving Boneyard","Banner Bearer","Flawless Dawnbreaker","Barbed Trap","Stampede","Carve","Skeletal Archer","Banner Bearer","Flawless Dawnbreaker"
"Kyne's Aegis","Captain Vrol","https://www.esologs.com/reports/2JCMRKaB8ybp96qx#fight=93&type=summary&source=93","@Jelick","Wake up and go","grave-herald-x-corpseburster-perfected-slivers-of-the-null-arca","dps","Grave","Herald","x","Perfected Slivers of the Null Arca","Corpseburster","224708.1","14667.2","91.9","224708.1 DPS","","Zaan Mask (Zaan)","Perfected Null Arca Jack (Perfected Slivers of the Null Arca)","Corpseburster Arm Cops (Corpseburster)","Perfected Null Arca Bracers (Perfected Slivers of the Null Arca)","","Perfected Null Arca Guards (Perfected Slivers of the Null Arca)","Perfected Null Arca Boots (Perfected Slivers of the Null Arca)","","Shattered Paths Signet (Shattered Paths Signet)","Corpseburster Ring (Corpseburster)","Corpseburster Dagger (Corpseburster)","Corpseburster Dagger (Corpseburster)","The Maelstrom's Perfected Greatsword (Perfected Merciless Charge)"," ()","Venom Skull","Blighted Blastbones","Detonating Siphon","Avid Boneyard","Banner Bearer","Glacial Colossus","Skeletal Archer","Stampede","Carve","Barbed Trap","Banner Bearer","Flawless Dawnbreaker"
"Kyne's Aegis","Captain Vrol","https://www.esologs.com/reports/2JCMRKaB8ybp96qx#fight=93&type=summary&source=61","@JolyPots","Irinwe Larethal","grave-herald-x-corpseburster-perfected-slivers-of-the-null-arca","dps","Grave","Herald","x","Perfected Slivers of the Null Arca","Corpseburster","250249.3","8855.0","99.9","250249.3 DPS","","Perfected Null Arca Helmet (Perfected Slivers of the Null Arca)","Perfected Null Arca Jack (Perfected Slivers of the Null Arca)","Slimecraw Arm Cops (Slimecraw)","Corpseburster Bracers (Corpseburster)","","Perfected Null Arca Guards (Perfected Slivers of the Null Arca)","Perfected Null Arca Boots (Perfected Slivers of the Null Arca)","","Corpseburster Ring (Corpseburster)","Shattered Paths Signet (Shattered Paths Signet)","Corpseburster Dagger (Corpseburster)","Corpseburster Dagger (Corpseburster)","The Maelstrom's Perfected Greatsword (Perfected Merciless Charge)"," ()","Blighted Blastbones","Venom Skull","Detonating Siphon","Unnerving Boneyard","Banner Bearer","Glacial Colossus","Stampede","Carve","Skeletal Archer","Barbed Trap","Banner Bearer","Flawless Dawnbreaker"
"Kyne's Aegis","Captain Vrol","https://www.esologs.com/reports/2AmnQayYBp4WFXqD#fight=33&type=summary&source=1","@Foolebuilt","Necrofeell","bone-grave-x-corpseburster-perfected-slivers-of-the-null-arca","dps","Grave","Bone","x","Perfected Slivers of the Null Arca","Corpseburster","402645.1","6975.8","158.6","402645.1 DPS","","Huntsman's Warmask (Huntsman's Warmask)","Perfected Null Arca Jack (Perfected Slivers of the Null Arca)","Ansuul's Perfected Arm Cops (Perfected Ansuul's Torment)","Perfected Null Arca Bracers (Perfected Slivers of the Null Arca)","","Perfected Null Arca Guards (Perfected Slivers of the Null Arca)","Perfected Null Arca Boots (Perfected Slivers of the Null Arca)","","Corpseburster Ring (Corpseburster)","Corpseburster Ring (Corpseburster)","Corpseburster Dagger (Corpseburster)","Corpseburster Dagger (Corpseburster)","The Maelstrom's Perfected Greatsword (Perfected Merciless Charge)"," ()","Blighted Blastbones","Unnerving Boneyard","Venom Skull","Detonating Siphon","Barbed Trap","Flawless Dawnbreaker","Stampede","Scalding Rune","Quick Cloak","Simmering Frenzy","Skeletal Archer","Pummeling Goliath"
"Kyne's Aegis","Captain Vrol","https://www.esologs.com/reports/2AmnQayYBp4WFXqD#fight=33&type=summary&source=11","@God'sGifttoGaming","The Bøne Zone","bone-grave-x-corpseburster-perfected-slivers-of-the-null-arca","dps","Grave","Bone","x","Perfected Slivers of the Null Arca","Corpseburster","447963.6","3149.2","165.4","447963.6 DPS","The Thief","Huntsman's Warmask (Huntsman's Warmask)","Perfected Null Arca Jack (Perfected Slivers of the Null Arca)","Ansuul's Perfected Arm Cops (Perfected Ansuul's Torment)","Perfected Null Arca Bracers (Perfected Slivers of the Null Arca)","","Perfected Null Arca Guards (Perfected Slivers of the Null Arca)","Perfected Null Arca Boots (Perfected Slivers of the Null Arca)","","Corpseburster Ring (Corpseburster)","Corpseburster Ring (Corpseburster)","Corpseburster Dagger (Corpseburster)","Corpseburster Dagger (Corpseburster)","The Maelstrom's Perfected Greatsword (Perfected Merciless Charge)"," ()","Detonating Siphon","Blighted Blastbones","Venom Skull","Unnerving Boneyard","Banner Bearer","Flawless Dawnbreaker","Quick Cloak","Stampede","Simmering Frenzy","Skeletal Archer","Banner Bearer","Pummeling Goliath"
"Kyne's Aegis","Captain Vrol","https://www.esologs.com/reports/2AmnQayYBp4WFXqD#fight=33&type=summary&source=10","@revloh","revcro","bone-grave-x-corpseburster-perfected-slivers-of-the-null-arca","dps","Grave","Bone","x","Perfected Slivers of the Null Arca","Corpseburster","428704.6","3797.1","156.3","428704.6 DPS","","Huntsman's Warmask (Huntsman's Warmask)","Perfected Null Arca Jack (Perfected Slivers of the Null Arca)","Ansuul's Perfected Arm Cops (Perfected Ansuul's Torment)","Perfected Null Arca Bracers (Perfected Slivers of the Null Arca)","","Perfected Null Arca Guards (Perfected Slivers of the Null Arca)","Perfected Null Arca Boots (Perfected Slivers of the Null Arca)","","Corpseburster Ring (Corpseburster)","Corpseburster Ring (Corpseburster)","Corpseburster Dagger (Corpseburster)","Corpseburster Dagger (Corpseburster)","The Maelstrom's Perfected Greatsword (Perfected Merciless Charge)"," ()","Venom Skull","Blighted Blastbones","Detonating Siphon","Barbed Trap","Unnerving Boneyard","Flawless Dawnbreaker","Stampede","Skeletal Archer","Scalding Rune","Quick Cloak","Simmering Frenzy","Pummeling Goliath"
"Kyne's Aegis","Captain Vrol","https://www.esologs.com/reports/2AmnQayYBp4WFXqD#fight=33&type=summary&source=4","@I.Bad","I'm Bad Lmao","bone-grave-x-corpseburster-perfected-slivers-of-the-null-arca","dps","Grave","Bone","x","Perfected Slivers of the Null Arca","Corpseburster","374702.6","14320.2","160.8","374702.6 DPS","","Huntsman's Warmask (Huntsman's Warmask)","Perfected Null Arca Jack (Perfected Slivers of the Null Arca)","Ansuul's Perfected Arm Cops (Perfected Ansuul's Torment)","Perfected Null Arca Bracers (Perfected Slivers of the Null Arca)","","Perfected Null Arca Guards (Perfected Slivers of the Null Arca)","Perfected Null Arca Boots (Perfected Slivers of the Null Arca)","","Corpseburster Ring (Corpseburster)","Corpseburster Ring (Corpseburster)","Corpseburster Dagger (Corpseburster)","Corpseburster Dagger (Corpseburster)","The Maelstrom's Perfected Greatsword (Perfected Merciless Charge)"," ()","Detonating Siphon","Avid Boneyard","Blighted Blastbones","Venom Skull","Banner Bearer","Flawless Dawnbreaker","Skeletal Archer","Stampede","Quick Cloak","Simmering Frenzy","Banner Bearer","Pummeling Goliath"
"Kyne's Aegis","Captain Vrol","https://www.esologs.com/reports/2AmnQayYBp4WFXqD#fight=33&type=summary&source=7","@Brassmoose","Naomi Drarcuhn","bone-grave-x-corpseburster-perfected-slivers-of-the-null-arca","dps","Grave","Bone","x","Perfected Slivers of the Null Arca","Corpseburster","371445.1","2988.9","156.3","371445.1 DPS","","Huntsman's Warmask (Huntsman's Warmask)","Perfected Null Arca Jack (Perfected Slivers of the Null Arca)","Ansuul's Perfected Arm Cops (Perfected Ansuul's Torment)","Perfected Null Arca Bracers (Perfected Slivers of the Null Arca)","","Perfected Null Arca Guards (Perfected Slivers of the Null Arca)","Perfected Null Arca Boots (Perfected Slivers of the Null Arca)","","Corpseburster Ring (Corpseburster)","Corpseburster Ring (Corpseburster)","Corpseburster Dagger (Corpseburster)","Corpseburster Dagger (Corpseburster)","The Maelstrom's Perfected Greatsword (Perfected Merciless Charge)"," ()","Unnerving Boneyard","Venom Skull","Blighted Blastbones","Detonating Siphon","Banner Bearer","Flawless Dawnbreaker","Stampede","Quick Cloak","Skeletal Archer","Simmering Frenzy","Banner Bearer","Pummeling Goliath"
"Kyne's Aegis","Captain Vrol","https://www.esologs.com/reports/2AmnQayYBp4WFXqD#fight=33&type=summary&source=3","@Gopher07","Dödrumpa","bone-grave-x-corpseburster-perfected-slivers-of-the-null-arca","dps","Grave","Bone","x","Perfected Slivers of the Null Arca","Corpseburster","429804.2","12558.0","170.8","429804.2 DPS","","Huntsman's Warmask (Huntsman's Warmask)","Perfected Null Arca Jack (Perfected Slivers of the Null Arca)","Ansuul's Perfected Arm Cops (Perfected Ansuul's Torment)","Perfected Null Arca Bracers (Perfected Slivers of the Null Arca)","","Perfected Null Arca Guards (Perfected Slivers of the Null Arca)","Perfected Null Arca Boots (Perfected Slivers of the Null Arca)","","Corpseburster Ring (Corpseburster)","Corpseburster Ring (Corpseburster)","Corpseburster Dagger (Corpseburster)","Corpseburster Dagger (Corpseburster)","The Maelstrom's Perfected Greatsword (Perfected Merciless Charge)"," ()","Unnerving Boneyard","Blighted Blastbones","Detonating Siphon","Venom Skull","Shocking Banner (Class Flourish / Courage)","Flawless Dawnbreaker","Skeletal Archer","Stampede","Barbed Trap","Simmering Frenzy","Shocking Banner (Class Flourish / Courage)","Pummeling Goliath"
"Kyne's Aegis","Captain Vrol","https://www.esologs.com/reports/2AmnQayYBp4WFXqD#fight=33&type=summary&source=23","nil","Anonymous 23","bone-grave-x-corpseburster-perfected-slivers-of-the-null-arca","dps","Grave","Bone","x","Perfected Slivers of the Null Arca","Corpseburster","317747.7","13617.1","108.1","317747.7 DPS","","Huntsman's Warmask (Huntsman's Warmask)","Perfected Null Arca Jack (Perfected Slivers of the Null Arca)","Zaan Arm Cops (Zaan)","Perfected Null Arca Bracers (Perfected Slivers of the Null Arca)","","Perfected Null Arca Guards (Perfected Slivers of the Null Arca)","Perfected Null Arca Boots (Perfected Slivers of the Null Arca)","","Corpseburster Ring (Corpseburster)","Corpseburster Ring (Corpseburster)","Corpseburster Dagger (Corpseburster)","Corpseburster Dagger (Corpseburster)","The Maelstrom's Perfected Greatsword (Perfected Merciless Charge)"," ()","Venom Skull","Detonating Siphon","Blighted Blastbones","Banner Bearer","Unnerving Boneyard","Flawless Dawnbreaker","Skeletal Archer","Simmering Frenzy","Stampede","Barbed Trap","Banner Bearer","Pummeling Goliath"
"Kyne's Aegis","Captain Vrol","https://www.esologs.com/reports/2AmnQayYBp4WFXqD#fight=33&type=summary&source=2","@I xTaco I","Alessia of Arkay","bone-grave-x-corpseburster-perfected-slivers-of-the-null-arca","dps","Grave","Bone","x","Corpseburster","Perfected Slivers of the Null Arca","363629.5","8488.5","146.0","363629.5 DPS","","Huntsman's Warmask (Huntsman's Warmask)","Corpseburster Jack (Corpseburster)","Ansuul's Perfected Arm Cops (Perfected Ansuul's Torment)","Perfected Null Arca Bracers (Perfected Slivers of the Null Arca)","","Perfected Null Arca Guards (Perfected Slivers of the Null Arca)","Perfected Null Arca Boots (Perfected Slivers of the Null Arca)","","Corpseburster Ring (Corpseburster)","Corpseburster Ring (Corpseburster)","Corpseburster Dagger (Corpseburster)","Corpseburster Dagger (Corpseburster)","The Maelstrom's Perfected Greatsword (Perfected Merciless Charge)"," ()","Blighted Blastbones","Detonating Siphon","Venom Skull","Unnerving Boneyard","Banner Bearer","Pestilent Colossus","Quick Cloak","Stampede","Simmering Frenzy","Skeletal Arcanist","Banner Bearer","Pummeling Goliath"
"Kyne's Aegis","Captain Vrol","https://www.esologs.com/reports/2AmnQayYBp4WFXqD#fight=33&type=summary&source=7","@Foolebuilt","Necrofeell","bone-grave-x-corpseburster-perfected-slivers-of-the-null-arca","dps","Grave","Bone","x","Perfected Slivers of the Null Arca","Corpseburster","297077.1","8338.0","125.0","297077.1 DPS","","Huntsman's Warmask (Huntsman's Warmask)","Perfected Null Arca Jack (Perfected Slivers of the Null Arca)","Ansuul's Perfected Arm Cops (Perfected Ansuul's Torment)","Perfected Null Arca Bracers (Perfected Slivers of the Null Arca)","","Perfected Null Arca Guards (Perfected Slivers of the Null Arca)","Perfected Null Arca Boots (Perfected Slivers of the Null Arca)","","Corpseburster Ring (Corpseburster)","Corpseburster Ring (Corpseburster)","Corpseburster Dagger (Corpseburster)","Corpseburster Dagger (Corpseburster)","The Maelstrom's Perfected Greatsword (Perfected Merciless Charge)"," ()","Blighted Blastbones","Avid Boneyard","Venom Skull","Detonating Siphon","Banner Bearer","Flawless Dawnbreaker","Stampede","Barbed Trap","Skeletal Archer","Simmering Frenzy","Banner Bearer","Pummeling Goliath"
"Kyne's Aegis","Captain Vrol","https://www.esologs.com/reports/2AmnQayYBp4WFXqD#fight=33&type=summary&source=6","@RayRegiCide","Ray Yūrei","bone-grave-x-corpseburster-perfected-slivers-of-the-null-arca","dps","Grave","Bone","x","Perfected Slivers of the Null Arca","Corpseburster","354502.7","5469.1","141.6","354502.7 DPS","","Huntsman's Warmask (Huntsman's Warmask)","Perfected Null Arca Jack (Perfected Slivers of the Null Arca)","Ansuul's Perfected Arm Cops (Perfected Ansuul's Torment)","Perfected Null Arca Bracers (Perfected Slivers of the Null Arca)","","Perfected Null Arca Guards (Perfected Slivers of the Null Arca)","Perfected Null Arca Boots (Perfected Slivers of the Null Arca)","","Corpseburster Ring (Corpseburster)","Corpseburster Ring (Corpseburster)","Corpseburster Dagger (Corpseburster)","Corpseburster Dagger (Corpseburster)","The Maelstrom's Perfected Greatsword (Perfected Merciless Charge)"," ()","Detonating Siphon","Blighted Blastbones","Unnerving Boneyard","Venom Skull","Banner Bearer","Flawless Dawnbreaker","Skeletal Archer","Scalding Rune","Stampede","Barbed Trap","Banner Bearer","Pummeling Goliath"
"Kyne's Aegis","Captain Vrol","https://www.esologs.com/reports/2AmnQayYBp4WFXqD#fight=33&type=summary&source=1","@Raedanwin","Stýrís","bone-grave-x-corpseburster-perfected-slivers-of-the-null-arca","dps","Grave","Bone","x","Perfected Slivers of the Null Arca","Corpseburster","341053.5","10710.9","140.0","341053.5 DPS","","Huntsman's Warmask (Huntsman's Warmask)","Perfected Null Arca Jack (Perfected Slivers of the Null Arca)","Ansuul's Perfected Arm Cops (Perfected Ansuul's Torment)","Perfected Null Arca Bracers (Perfected Slivers of the Null Arca)","","Perfected Null Arca Guards (Perfected Slivers of the Null Arca)","Perfected Null Arca Boots (Perfected Slivers of the Null Arca)","","Corpseburster Ring (Corpseburster)","Corpseburster Ring (Corpseburster)","Corpseburster Axe (Corpseburster)","Corpseburster Dagger (Corpseburster)","The Maelstrom's Perfected Greatsword (Perfected Merciless Charge)"," ()","Banner Bearer","Blighted Blastbones","Unnerving Boneyard","Venom Skull","Detonating Siphon","Flawless Dawnbreaker","Barbed Trap","Stampede","Skeletal Archer","Simmering Frenzy","Banner Bearer","Pummeling Goliath"
"Kyne's Aegis","Captain Vrol","https://www.esologs.com/reports/2AmnQayYBp4WFXqD#fight=33&type=summary&source=5","@DJ_M1n3r","If You Say The Word","ass-shadow-siphon-perfected-slivers-of-the-null-arca-savage-werewolf","dps","Ass","Shadow","Siphon","Perfected Slivers of the Null Arca","Savage Werewolf","262774.3","17800.3","104.2","262774.3 DPS","The Thief","Perfected Null Arca Helmet (Perfected Slivers of the Null Arca)","Savage Werewolf's Jack (Savage Werewolf)","Ansuul's Perfected Arm Cops (Perfected Ansuul's Torment)","Savage Werewolf's Bracers (Savage Werewolf)","","Savage Werewolf's Guards (Savage Werewolf)","Savage Werewolf's Boots (Savage Werewolf)","","Shattered Paths Signet (Shattered Paths Signet)","Perfected Null Arca Ring (Perfected Slivers of the Null Arca)","Perfected Null Arca Dagger (Perfected Slivers of the Null Arca)","Perfected Null Arca Dagger (Perfected Slivers of the Null Arca)","The Maelstrom's Perfected Greatsword (Perfected Merciless Charge)"," ()","Debilitate","Relentless Focus","Surprise Attack","Killer's Blade","Shadowy Disguise","Werewolf Berserker","Stampede","Ulfsild's Contingency","Carve","Dark Shade","Barbed Trap","Ice Comet"
"Kyne's Aegis","Captain Vrol","https://www.esologs.com/reports/2AmnQayYBp4WFXqD#fight=33&type=summary&source=215","@Jirachi_Ex","Zevran Nightwhisper","ass-shadow-siphon-perfected-slivers-of-the-null-arca-savage-werewolf","dps","Ass","Shadow","Siphon","Savage Werewolf","Perfected Slivers of the Null Arca","221195.2","7683.4","96.1","221195.2 DPS","","Slimecraw Guise (Slimecraw)","Savage Werewolf's Jack (Savage Werewolf)","Savage Werewolf's Arm Cops (Savage Werewolf)","Savage Werewolf's Bracers (Savage Werewolf)","","Savage Werewolf's Guards (Savage Werewolf)","Savage Werewolf's Boots (Savage Werewolf)","","Perfected Null Arca Ring (Perfected Slivers of the Null Arca)","Shattered Paths Signet (Shattered Paths Signet)","Perfected Null Arca Dagger (Perfected Slivers of the Null Arca)","Perfected Null Arca Dagger (Perfected Slivers of the Null Arca)","The Maelstrom's Perfected Greatsword (Perfected Merciless Charge)"," ()","Shadowy Disguise","Debilitate","Surprise Attack","Relentless Focus","Killer's Blade","Werewolf Berserker","Dark Shade","Fiery Contingency (Lingering Torment / Intellect and Endurance)","Stampede","Carve","Barbed Trap","Werewolf Berserker"
"Kyne's Aegis","Captain Vrol","https://www.esologs.com/reports/2AmnQayYBp4WFXqD#fight=33&type=summary&source=8","@RomillyMacAran","Romilly Mac'Aran","ass-shadow-siphon-perfected-slivers-of-the-null-arca-savage-werewolf","dps","Ass","Shadow","Siphon","Savage Werewolf","Perfected Slivers of the Null Arca","228969.1","18366.5","103.0","228969.1 DPS","","Savage Werewolf's Helmet (Savage Werewolf)","Perfected Null Arca Jack (Perfected Slivers of the Null Arca)","Archdruid Devyric's Epaulets (Archdruid Devyric)","Perfected Null Arca Bracers (Perfected Slivers of the Null Arca)","","Perfected Null Arca Guards (Perfected Slivers of the Null Arca)","Perfected Null Arca Boots (Perfected Slivers of the Null Arca)","","Savage Werewolf's Ring (Savage Werewolf)","Shattered Paths Signet (Shattered Paths Signet)","Savage Werewolf's Dagger (Savage Werewolf)","Savage Werewolf's Dagger (Savage Werewolf)","The Master's Inferno Staff (Destructive Impact)"," ()","Relentless Focus","Surprise Attack","Killer's Blade","Sundering Trample","Shadowy Disguise","Werewolf Berserker","Rending Slashes","Barbed Trap","Destructive Reach","Debilitate","Structured Entropy","Soul Harvest"
"Kyne's Aegis","Captain Vrol","https://www.esologs.com/reports/2AmnQayYBp4WFXqD#fight=33&type=summary&source=16","@Mikanichirou","Trifulgur","ass-shadow-siphon-perfected-slivers-of-the-null-arca-savage-werewolf","dps","Ass","Shadow","Siphon","Perfected Slivers of the Null Arca","Savage Werewolf","232988.9","17604.4","98.2","232988.9 DPS","","Slimecraw Mask (Slimecraw)","Perfected Null Arca Jack (Perfected Slivers of the Null Arca)","Savage Werewolf's Arm Cops (Savage Werewolf)","Perfected Null Arca Bracers (Perfected Slivers of the Null Arca)","","Savage Werewolf's Guards (Savage Werewolf)","Savage Werewolf's Boots (Savage Werewolf)","","Perfected Null Arca Ring (Perfected Slivers of the Null Arca)","Shattered Paths Signet (Shattered Paths Signet)","Savage Werewolf's Dagger (Savage Werewolf)","Savage Werewolf's Dagger (Savage Werewolf)","Briarheart Greatsword (Briarheart)"," ()","Shadowy Disguise","Relentless Focus","Surprise Attack","Killer's Blade","Debilitate","Werewolf Berserker","Stampede","Carve","Barbed Trap","Ulfsild's Contingency","Dark Shade","Incapacitating Strike"
"Kyne's Aegis","Captain Vrol","https://www.esologs.com/reports/2AmnQayYBp4WFXqD#fight=33&type=summary&source=1","@swatqwer","Falnarra","ass-shadow-siphon-perfected-slivers-of-the-null-arca-savage-werewolf","dps","Ass","Shadow","Siphon","Savage Werewolf","Perfected Slivers of the Null Arca","212117.5","15926.8","104.1","212117.5 DPS","","Slimecraw Guise (Slimecraw)","Savage Werewolf's Jack (Savage Werewolf)","Savage Werewolf's Arm Cops (Savage Werewolf)","Savage Werewolf's Bracers (Savage Werewolf)","","Savage Werewolf's Guards (Savage Werewolf)","Perfected Null Arca Boots (Perfected Slivers of the Null Arca)","","Perfected Null Arca Ring (Perfected Slivers of the Null Arca)","Shattered Paths Signet (Shattered Paths Signet)","Perfected Null Arca Dagger (Perfected Slivers of the Null Arca)","Perfected Null Arca Dagger (Perfected Slivers of the Null Arca)"," ()"," ()","Surprise Attack","Power Extraction","Relentless Focus","Shadowy Disguise","Quick Cloak","Rampage","Ulfsild's Contingency","Twisting Path","Dark Shade","Siphoning Attacks","Veil of Blades",""
"Kyne's Aegis","Captain Vrol","https://www.esologs.com/reports/ML8Grx3C41JdzHwn#fight=15&type=summary&source=7","@Shaxigaming","I Used To Parse","ardent-earthen-herald-roar-of-alkosh-zens-redress","dps","Ardent","Earthen","Herald","Roar of Alkosh","Z'en's Redress","149003.8","12788.7","78.3","149003.8 DPS","","Slimecraw Mask (Slimecraw)","Jack of Alkosh (Roar of Alkosh)","Spaulder of Ruin (Spaulder of Ruin)","Bracers of Alkosh (Roar of Alkosh)","","Guards of Alkosh (Roar of Alkosh)","Boots of Alkosh (Roar of Alkosh)","","Z'en's Ring (Z'en's Redress)","Z'en's Ring (Z'en's Redress)","Z'en's Dagger (Z'en's Redress)","Z'en's Dagger (Z'en's Redress)","The Maelstrom's Greatsword (Merciless Charge)"," ()","Magma Fist","Barbed Trap","Disintegrating Dragonfire","Flame Lash","Searing Claw","Flawless Dawnbreaker","Stampede","Carve","Igneous Weapons","Incinerate","Shatterspike Mantle","Standard of Might"
"Kyne's Aegis","Captain Vrol","https://www.esologs.com/reports/ML8Grx3C41JdzHwn#fight=15&type=summary&source=5","@Geldis1306","Lárry the Lobster","ardent-earthen-herald-roar-of-alkosh-zens-redress","dps","Ardent","Earthen","Herald","Roar of Alkosh","Z'en's Redress","174881.9","19640.3","98.9","174881.9 DPS","The Thief","Zaan Guise (Zaan)","Jack of Alkosh (Roar of Alkosh)","Zaan Arm Cops (Zaan)","Bracers of Alkosh (Roar of Alkosh)","","Guards of Alkosh (Roar of Alkosh)","Boots of Alkosh (Roar of Alkosh)","","Z'en's Ring (Z'en's Redress)","Z'en's Ring (Z'en's Redress)","Z'en's Dagger (Z'en's Redress)","Z'en's Dagger (Z'en's Redress)","The Maelstrom's Perfected Greatsword (Perfected Merciless Charge)"," ()","Disintegrating Dragonfire","Searing Claw","Magma Fist","Flame Lash","Barbed Trap","Flawless Dawnbreaker","Igneous Weapons","Stampede","Carve","Shatterspike Mantle","Incinerate","Standard of Might"
"Kyne's Aegis","Captain Vrol","https://www.esologs.com/reports/ML8Grx3C41JdzHwn#fight=15&type=summary&source=8","@RestfulTester","Restful Dragon","ardent-earthen-herald-roar-of-alkosh-zens-redress","dps","Ardent","Earthen","Herald","Roar of Alkosh","Z'en's Redress","160178.6","10178.5","82.6","160178.6 DPS","","Huntsman's Warmask (Huntsman's Warmask)","Jack of Alkosh (Roar of Alkosh)","Slimecraw Epaulets (Slimecraw)","Bracers of Alkosh (Roar of Alkosh)","","Guards of Alkosh (Roar of Alkosh)","Boots of Alkosh (Roar of Alkosh)","","Z'en's Ring (Z'en's Redress)","Z'en's Ring (Z'en's Redress)","Z'en's Dagger (Z'en's Redress)","Z'en's Dagger (Z'en's Redress)","The Maelstrom's Perfected Greatsword (Perfected Merciless Charge)"," ()","Barbed Trap","Searing Claw","Flame Lash","Magma Fist","Disintegrating Dragonfire","Flawless Dawnbreaker","Stampede","Carve","Shatterspike Mantle","Igneous Weapons","Incinerate","Standard of Might"
"Kyne's Aegis","Captain Vrol","https://www.esologs.com/reports/ML8Grx3C41JdzHwn#fight=15&type=summary&source=5","@KafkaESO","Ravallir","ardent-earthen-herald-roar-of-alkosh-zens-redress","dps","Ardent","Earthen","Herald","Roar of Alkosh","Z'en's Redress","151727.5","8812.5","76.8","151727.5 DPS","","Huntsman's Warmask (Huntsman's Warmask)","Jack of Alkosh (Roar of Alkosh)","Slimecraw Arm Cops (Slimecraw)","Bracers of Alkosh (Roar of Alkosh)","","Guards of Alkosh (Roar of Alkosh)","Boots of Alkosh (Roar of Alkosh)","","Z'en's Ring (Z'en's Redress)","Z'en's Ring (Z'en's Redress)","Z'en's Dagger (Z'en's Redress)","Z'en's Dagger (Z'en's Redress)","The Maelstrom's Perfected Greatsword (Perfected Merciless Charge)"," ()","Searing Claw","Barbed Trap","Magma Fist","Flame Lash","Disintegrating Dragonfire","Flawless Dawnbreaker","Igneous Weapons","Stampede","Carve","Shatterspike Mantle","Incinerate","Standard of Might"
"Kyne's Aegis","Captain Vrol","https://www.esologs.com/reports/ML8Grx3C41JdzHwn#fight=15&type=summary&source=84","@ZENON1996","Wermitor","ardent-earthen-herald-roar-of-alkosh-zens-redress","dps","Ardent","Earthen","Herald","Roar of Alkosh","Z'en's Redress","161155.3","21341.1","115.7","161155.3 DPS","","Huntsman's Warmask (Huntsman's Warmask)","Jack of Alkosh (Roar of Alkosh)","Zaan Epaulets (Zaan)","Bracers of Alkosh (Roar of Alkosh)","","Guards of Alkosh (Roar of Alkosh)","Boots of Alkosh (Roar of Alkosh)","","Z'en's Ring (Z'en's Redress)","Z'en's Ring (Z'en's Redress)","Z'en's Dagger (Z'en's Redress)","Z'en's Dagger (Z'en's Redress)","The Maelstrom's Greatsword (Merciless Charge)"," ()","Disintegrating Dragonfire","Flame Lash","Magma Fist","Barbed Trap","Quick Cloak","Flawless Dawnbreaker","Stampede","Carve","Shatterspike Mantle","Incinerate","Igneous Weapons","Standard of Might"
"Kyne's Aegis","Captain Vrol","https://www.esologs.com/reports/ML8Grx3C41JdzHwn#fight=15&type=summary&source=9","@xZephyria","Justiciar Cymbeline","curative-herald-soldier-perfected-pillagers-profit-powerful-assault","healer","Herald","Curative","Soldier","Perfected Pillager's Profit","Powerful Assault","12056.3","68851.0","61.7","68851.0 HPS","","Nazaray Guise (Nazaray)","Perfected Pillager's Robe (Perfected Pillager's Profit)","Nazaray Epaulets (Nazaray)","Perfected Pillager's Gloves (Perfected Pillager's Profit)","","Perfected Pillager's Breeches (Perfected Pillager's Profit)","Perfected Pillager's Shoes (Perfected Pillager's Profit)","","Ring of the Powerful Assault (Powerful Assault)","Ring of the Powerful Assault (Powerful Assault)","The Master's Perfected Restoration Staff (Perfected Grand Rejuvenation)"," ()","Sword of the Powerful Assault (Powerful Assault)","Sword of the Powerful Assault (Powerful Assault)","Illustrious Healing","Radiating Regeneration","Combat Prayer","Tidal Chakram","Cruxweaver Armor","Reviving Barrier","Echoing Vigor","Shattering Knife (Assassin's Misery / Off Balance)","Fulminating Rune","Overflowing Altar","Mystic Orb","Glyphic of the Tides"
"Kyne's Aegis","Captain Vrol","https://www.esologs.com/reports/ML8Grx3C41JdzHwn#fight=15&type=summary&source=4","nil","Anonymous 4","curative-herald-soldier-perfected-pillagers-profit-powerful-assault","healer","Herald","Curative","Soldier","Powerful Assault","Perfected Pillager's Profit","22759.3","83601.8","77.5","83601.8 HPS","The Thief","Nazaray Mask (Nazaray)","Robe of the Trainee (Armor of the Trainee)","Nazaray Epaulets (Nazaray)","Perfected Pillager's Gloves (Perfected Pillager's Profit)","","Perfected Pillager's Breeches (Perfected Pillager's Profit)","Perfected Pillager's Shoes (Perfected Pillager's Profit)","","Death Dealer's Fete (Death Dealer's Fete)","Ring of the Powerful Assault (Powerful Assault)","Restoration Staff of the Powerful Assault (Powerful Assault)"," ()","Perfected Pillager's Dagger (Perfected Pillager's Profit)","Perfected Pillager's Dagger (Perfected Pillager's Profit)","Ulfsild's Contingency","Chakram of Destiny","Echoing Vigor","Illustrious Healing","Combat Prayer","Reviving Barrier","Fulminating Rune","Mystic Orb","Overflowing Altar","Cruxweaver Armor","Shattering Knife","Glyphic of the Tides"
"Kyne's Aegis","Captain Vrol","https://www.esologs.com/reports/2JCMRKaB8ybp96qx#fight=93&type=summary&source=1","@Yokomori","Elansephona Aelsinoth","animal-green-winter-master-architect-serpents-disdain","healer","Animal","Green","Winter","Master Architect","Serpent's Disdain","13645.1","121317.9","89.2","121317.9 HPS","","Symphony of Blades Mask (Symphony of Blades)","Master Architect Robe (Master Architect)","Symphony of Blades Epaulets (Symphony of Blades)","Master Architect Gloves (Master Architect)","","Master Architect Breeches (Master Architect)","Master Architect Shoes (Master Architect)","","Ring of Serpent's Disdain (Serpent's Disdain)","Ring of Serpent's Disdain (Serpent's Disdain)","The Maelstrom's Perfected Restoration Staff (Perfected Precise Regeneration)"," ()","Ice Staff of Serpent's Disdain (Serpent's Disdain)"," ()","Illustrious Healing","Combat Prayer","Radiating Regeneration","Echoing Vigor","Budding Seeds","Feral Guardian","Ulfsild's Contingency","Energy Orb","Elemental Susceptibility","Lotus Blossom","Expansive Frost Cloak","Aggressive Horn"
"Kyne's Aegis","Captain Vrol","https://www.esologs.com/reports/2JCMRKaB8ybp96qx#fight=93&type=summary&source=1","@NeruKodoka","Plantaini","animal-green-winter-master-architect-serpents-disdain","healer","Animal","Green","Winter","Serpent's Disdain","Master Architect","17921.6","148478.7","80.8","148478.7 HPS","The Ritual","Symphony of Blades Mask (Symphony of Blades)","Jerkin of Serpent's Disdain (Serpent's Disdain)","Symphony of Blades Epaulets (Symphony of Blades)","Gloves of Serpent's Disdain (Serpent's Disdain)","","Breeches of Serpent's Disdain (Serpent's Disdain)","Shoes of Serpent's Disdain (Serpent's Disdain)","","Master Architect Ring (Master Architect)","Master Architect Ring (Master Architect)","The Maelstrom's Perfected Restoration Staff (Perfected Precise Regeneration)"," ()","Master Architect Ice Staff (Master Architect)"," ()","Illustrious Healing","Combat Prayer","Radiating Regeneration","Budding Seeds","Energy Orb","Wild Guardian","Elemental Susceptibility","Winter's Revenge","Echoing Vigor","Expansive Frost Cloak","Blue Betty","Reviving Barrier"
"Kyne's Aegis","Captain Vrol","https://www.esologs.com/reports/2JCMRKaB8ybp96qx#fight=93&type=summary&source=9","@NeruKodoka","The Unforgiven Il","curative-herald-soldier-master-architect-powerful-assault","healer","Herald","Curative","Soldier","Master Architect","Powerful Assault","10476.4","147299.7","103.8","147299.7 HPS","","Ozezan the Inferno's Guise (Ozezan the Inferno)","Master Architect Jerkin (Master Architect)","Ozezan the Inferno's Epaulets (Ozezan the Inferno)","Master Architect Gloves (Master Architect)","","Master Architect Breeches (Master Architect)","Master Architect Shoes (Master Architect)","","Ring of the Powerful Assault (Powerful Assault)","Ring of the Powerful Assault (Powerful Assault)","The Maelstrom's Perfected Restoration Staff (Perfected Precise Regeneration)"," ()","Restoration Staff of the Powerful Assault (Powerful Assault)"," ()","Illustrious Healing","Combat Prayer","Radiating Regeneration","Chakram of Destiny","Fulminating Rune","Gibbering Shelter","Energy Orb","Cruxweaver Armor","Echoing Vigor","Overflowing Altar","Recuperative Treatise","Resonating Glyphic"
"Kyne's Aegis","Captain Vrol","https://www.esologs.com/reports/2JCMRKaB8ybp96qx#fight=93&type=summary&source=89","@JosephSMT","Jeffsmt","curative-herald-soldier-master-architect-powerful-assault","healer","Herald","Curative","Soldier","Master Architect","Powerful Assault","14447.8","141666.8","90.3","141666.8 HPS","","Symphony of Blades Guise (Symphony of Blades)","Master Architect Robe (Master Architect)","Symphony of Blades Epaulets (Symphony of Blades)","Master Architect Gloves (Master Architect)","","Master Architect Breeches (Master Architect)","Master Architect Shoes (Master Architect)","","Ring of the Powerful Assault (Powerful Assault)","Ring of the Powerful Assault (Powerful Assault)","The Maelstrom's Perfected Restoration Staff (Perfected Precise Regeneration)"," ()","Lightning Staff of the Powerful Assault (Powerful Assault)"," ()","Illustrious Healing","Combat Prayer","Tidal Chakram","Radiating Regeneration","Fulminating Rune","Gibbering Shelter","Cruxweaver Armor","Energy Orb","Overflowing Altar","Echoing Vigor","Recuperative Treatise","Resonating Glyphic"
"Kyne's Aegis","Captain Vrol","https://www.esologs.com/reports/2JCMRKaB8ybp96qx#fight=93&type=summary&source=11","@FranzRyder","yøbgumur","daedric-dark-storm-perfected-pearlescent-ward-turning-tide","tank","Dark","Daedric","Storm","Perfected Pearlescent Ward","Turning Tide","18365.5","19437.4","45.4","45.4 CPM","","Archdruid Devyric's Mask (Archdruid Devyric)","Cuirass of the Turning Tide (Turning Tide)","Archdruid Devyric's Epaulets (Archdruid Devyric)","Gauntlets of the Turning Tide (Turning Tide)","","Greaves of the Turning Tide (Turning Tide)","Sabatons of the Turning Tide (Turning Tide)","","Perfected Pearlescent Ring (Perfected Pearlescent Ward)","Perfected Pearlescent Ring (Perfected Pearlescent Ward)","Perfected Pearlescent Ice Staff (Perfected Pearlescent Ward)"," ()","Perfected Pearlescent Lightning Staff (Perfected Pearlescent Ward)"," ()","Dark Deal","Inner Rage","Revealing Flare","Hardened Ward","Bound Aegis","Temporal Guard","Elemental Susceptibility","Hurricane","Elemental Blockade","Liquid Lightning","Vibrant Shroud","Summon Charged Atronach"
"Kyne's Aegis","Captain Vrol","https://www.esologs.com/reports/2JCMRKaB8ybp96qx#fight=93&type=summary&source=2","@richtinker","Urafishura","daedric-dark-storm-perfected-pearlescent-ward-turning-tide","tank","Dark","Daedric","Storm","Turning Tide","Perfected Pearlescent Ward","32368.8","10632.0","53.9","53.9 CPM","The Thief","Nazaray Visage (Nazaray)","Cuirass of the Turning Tide (Turning Tide)","Nazaray Pauldron (Nazaray)","Gauntlets of the Turning Tide (Turning Tide)","","Perfected Pearlescent Greaves (Perfected Pearlescent Ward)","Perfected Pearlescent Sabatons (Perfected Pearlescent Ward)","","Perfected Pearlescent Ring (Perfected Pearlescent Ward)","Perfected Pearlescent Ring (Perfected Pearlescent Ward)","Ice Staff of the Turning Tide (Turning Tide)"," ()","The Maelstrom's Perfected Lightning Staff (Perfected Crushing Wall)"," ()","Inner Rage","Elemental Susceptibility","Crystal Fragments","Summon Volatile Familiar","Summon Twilight Tormentor","Reviving Barrier","Daedric Prey","Elemental Blockade","Lightning Flood","Summon Volatile Familiar","Summon Twilight Tormentor","Aggressive Horn"
"Kyne's Aegis","Captain Vrol","https://www.esologs.com/reports/6TgPFf14qL79RcvZ#fight=107&type=summary&source=2","@La_buba","Ay'ia","curative-soldier-x-master-architect-perfected-pillagers-profit","healer","Curative","Soldier","x","Perfected Pillager's Profit","Master Architect","14762.4","145138.5","54.6","145138.5 HPS","The Ritual","Nazaray Visage (Nazaray)","Master Architect Robe (Master Architect)","Nazaray Arm Cops (Nazaray)","Master Architect Gloves (Master Architect)","","Master Architect Breeches (Master Architect)","Master Architect Shoes (Master Architect)","","Perfected Pillager's Band (Perfected Pillager's Profit)","Perfected Pillager's Band (Perfected Pillager's Profit)","Perfected Pillager's Lightning Staff (Perfected Pillager's Profit)"," ()","Perfected Pillager's Restoration Staff (Perfected Pillager's Profit)"," ()","Healing Burst","Elemental Blockade","Overflowing Altar","Cruxweaver Armor","Mystic Orb","Resonating Glyphic","Illustrious Healing","Radiating Regeneration","Echoing Vigor","Combat Prayer","Tidal Chakram","Reviving Barrier"
"Kyne's Aegis","Captain Vrol","https://www.esologs.com/reports/6TgPFf14qL79RcvZ#fight=107&type=summary&source=2","@Tisse-Ronces","Aïno Kalevala","curative-soldier-x-master-architect-perfected-pillagers-profit","healer","Curative","Soldier","x","Master Architect","Perfected Pillager's Profit","11529.9","157032.4","73.2","157032.4 HPS","","Nazaray Guise (Nazaray)","Master Architect Robe (Master Architect)","Nazaray Epaulets (Nazaray)","Master Architect Gloves (Master Architect)","","Master Architect Breeches (Master Architect)","Master Architect Shoes (Master Architect)","","Perfected Pillager's Band (Perfected Pillager's Profit)","Perfected Pillager's Band (Perfected Pillager's Profit)","The Master's Perfected Restoration Staff (Perfected Grand Rejuvenation)"," ()","Perfected Pillager's Lightning Staff (Perfected Pillager's Profit)"," ()","Illustrious Healing","Combat Prayer","Radiating Regeneration","Energy Orb","Cruxweaver Armor","Reviving Barrier","Elemental Blockade","Echoing Vigor","Ulfsild's Contingency","Runeguard of Freedom","Overflowing Altar","Glyphic of the Tides"
"Kyne's Aegis","Lord Falgravn","https://www.esologs.com/reports/2AmnQayYBp4WFXqD#fight=125&type=summary&source=8","@ChanneledDivinity","Oren Sathis","grave-herald-x-corpseburster-perfected-slivers-of-the-null-arca","dps","Grave","Herald","x","Perfected Slivers of the Null Arca","Corpseburster","182775.6","3515.8","86.4","182775.6 DPS","","Ansuul's Perfected Helmet (Perfected Ansuul's Torment)","Perfected Null Arca Jack (Perfected Slivers of the Null Arca)","Corpseburster Arm Cops (Corpseburster)","Perfected Null Arca Bracers (Perfected Slivers of the Null Arca)","","Perfected Null Arca Guards (Perfected Slivers of the Null Arca)","Perfected Null Arca Boots (Perfected Slivers of the Null Arca)","","Corpseburster Ring (Corpseburster)","Corpseburster Ring (Corpseburster)","Corpseburster Dagger (Corpseburster)","Corpseburster Dagger (Corpseburster)","The Maelstrom's Perfected Greatsword (Perfected Merciless Charge)"," ()","Shattering Knife","Blighted Blastbones","Detonating Siphon","Unnerving Boneyard","Quick Cloak","Flawless Dawnbreaker","Stampede","Carve","Mystic Orb","Exhilarating Drain","Skeletal Archer","Glacial Colossus"
"Kyne's Aegis","Lord Falgravn","https://www.esologs.com/reports/2AmnQayYBp4WFXqD#fight=125&type=summary&source=8","@richtinker","sashablastbones","grave-herald-x-corpseburster-perfected-slivers-of-the-null-arca","dps","Grave","Herald","x","Corpseburster","Perfected Slivers of the Null Arca","251108.5","8928.0","95.0","251108.5 DPS","","Slimecraw Mask (Slimecraw)","Corpseburster Jack (Corpseburster)","Perfected Null Arca Arm Cops (Perfected Slivers of the Null Arca)","Corpseburster Bracers (Corpseburster)","","Perfected Null Arca Guards (Perfected Slivers of the Null Arca)","Corpseburster Boots (Corpseburster)","","Shattered Paths Signet (Shattered Paths Signet)","Corpseburster Ring (Corpseburster)","Perfected Null Arca Dagger (Perfected Slivers of the Null Arca)","Corpseburster Dagger (Corpseburster)","The Maelstrom's Perfected Greatsword (Perfected Merciless Charge)"," ()","Sundering Knife","Blighted Blastbones","Detonating Siphon","Unnerving Boneyard","Banner Bearer","Glacial Colossus","Skeletal Archer","Stampede","Carve","Barbed Trap","Banner Bearer","Glacial Colossus"
"Kyne's Aegis","Lord Falgravn","https://www.esologs.com/reports/2AmnQayYBp4WFXqD#fight=125&type=summary&source=4","@JosephSMT","Joseph T","grave-herald-x-corpseburster-perfected-slivers-of-the-null-arca","dps","Grave","Herald","x","Perfected Slivers of the Null Arca","Corpseburster","228513.9","13151.1","77.0","228513.9 DPS","","Slimecraw Mask (Slimecraw)","Perfected Null Arca Jack (Perfected Slivers of the Null Arca)","Perfected Null Arca Arm Cops (Perfected Slivers of the Null Arca)","Perfected Null Arca Bracers (Perfected Slivers of the Null Arca)","","Perfected Null Arca Guards (Perfected Slivers of the Null Arca)","Perfected Null Arca Boots (Perfected Slivers of the Null Arca)","","Shattered Paths Signet (Shattered Paths Signet)","Corpseburster Ring (Corpseburster)","Corpseburster Dagger (Corpseburster)","Corpseburster Dagger (Corpseburster)","The Maelstrom's Perfected Greatsword (Perfected Merciless Charge)"," ()","Venom Skull","Blighted Blastbones","Avid Boneyard","Detonating Siphon","Banner Bearer","Glacial Colossus","Barbed Trap","Stampede","Skeletal Archer","Carve","Banner Bearer","Flawless Dawnbreaker"
"Kyne's Aegis","Lord Falgravn","https://www.esologs.com/reports/2AmnQayYBp4WFXqD#fight=125&type=summary&source=7","@ZENON1996","Redemtion-S","grave-herald-x-corpseburster-perfected-slivers-of-the-null-arca","dps","Grave","Herald","x","Perfected Slivers of the Null Arca","Corpseburster","229055.6","12448.9","80.9","229055.6 DPS","","Slimecraw Mask (Slimecraw)","Perfected Null Arca Jack (Perfected Slivers of the Null Arca)","Corpseburster Arm Cops (Corpseburster)","Perfected Null Arca Bracers (Perfected Slivers of the Null Arca)","","Perfected Null Arca Guards (Perfected Slivers of the Null Arca)","Perfected Null Arca Boots (Perfected Slivers of the Null Arca)","","Corpseburster Ring (Corpseburster)","Shattered Paths Signet (Shattered Paths Signet)","Corpseburster Dagger (Corpseburster)","Corpseburster Dagger (Corpseburster)","The Maelstrom's Greatsword (Merciless Charge)"," ()","Venom Skull","Blighted Blastbones","Detonating Siphon","Avid Boneyard","Banner Bearer","Glacial Colossus","Stampede","Carve","Skeletal Archer","Barbed Trap","Banner Bearer","Glacial Colossus"
"Kyne's Aegis","Lord Falgravn","https://www.esologs.com/reports/2AmnQayYBp4WFXqD#fight=125&type=summary&source=3","@TheKarrter","Fabio Hazzard","grave-herald-x-corpseburster-perfected-slivers-of-the-null-arca","dps","Grave","Herald","x","Perfected Slivers of the Null Arca","Corpseburster","206848.2","11755.0","73.4","206848.2 DPS","","Slimecraw Mask (Slimecraw)","Perfected Null Arca Jack (Perfected Slivers of the Null Arca)","Corpseburster Arm Cops (Corpseburster)","Perfected Null Arca Bracers (Perfected Slivers of the Null Arca)","","Perfected Null Arca Guards (Perfected Slivers of the Null Arca)","Perfected Null Arca Boots (Perfected Slivers of the Null Arca)","","Corpseburster Ring (Corpseburster)","Shattered Paths Signet (Shattered Paths Signet)","Corpseburster Dagger (Corpseburster)","Corpseburster Dagger (Corpseburster)","The Maelstrom's Perfected Greatsword (Perfected Merciless Charge)"," ()","Banner Bearer","Avid Boneyard","Detonating Siphon","Blighted Blastbones","Venom Skull","Glacial Colossus","Banner Bearer","Skeletal Archer","Barbed Trap","Carve","Stampede","Flawless Dawnbreaker"
"Kyne's Aegis","Lord Falgravn","https://www.esologs.com/reports/2AmnQayYBp4WFXqD#fight=125&type=summary&source=10","@Actorion","Torion Darkheart","grave-herald-x-corpseburster-perfected-slivers-of-the-null-arca","dps","Grave","Herald","x","Corpseburster","Perfected Slivers of the Null Arca","260260.5","12445.1","96.3","260260.5 DPS","The Thief","Slimecraw Mask (Slimecraw)","Corpseburster Jack (Corpseburster)","Corpseburster Arm Cops (Corpseburster)","Perfected Null Arca Bracers (Perfected Slivers of the Null Arca)","","Perfected Null Arca Guards (Perfected Slivers of the Null Arca)","Corpseburster Boots (Corpseburster)","","Shattered Paths Signet (Shattered Paths Signet)","Perfected Null Arca Ring (Perfected Slivers of the Null Arca)","Corpseburster Dagger (Corpseburster)","Corpseburster Dagger (Corpseburster)","The Maelstrom's Perfected Greatsword (Perfected Merciless Charge)"," ()","Venom Skull","Blighted Blastbones","Avid Boneyard","Detonating Siphon","Banner Bearer","Pestilent Colossus","Stampede","Carve","Skeletal Archer","Barbed Trap","Banner Bearer","Flawless Dawnbreaker"
"Kyne's Aegis","Lord Falgravn","https://www.esologs.com/reports/2AmnQayYBp4WFXqD#fight=125&type=summary&source=6","nil","Anonymous 6","grave-herald-x-corpseburster-perfected-slivers-of-the-null-arca","dps","Grave","Herald","x","Perfected Slivers of the Null Arca","Corpseburster","199248.9","9212.1","78.7","199248.9 DPS","","Slimecraw Mask (Slimecraw)","Perfected Null Arca Jack (Perfected Slivers of the Null Arca)","Corpseburster Arm Cops (Corpseburster)","Perfected Null Arca Bracers (Perfected Slivers of the Null Arca)","","Perfected Null Arca Guards (Perfected Slivers of the Null Arca)","Perfected Null Arca Boots (Perfected Slivers of the Null Arca)","","Corpseburster Ring (Corpseburster)","Corpseburster Ring (Corpseburster)","Corpseburster Dagger (Corpseburster)","Corpseburster Dagger (Corpseburster)","The Maelstrom's Perfected Greatsword (Perfected Merciless Charge)"," ()","Detonating Siphon","Blighted Blastbones","Venom Skull","Avid Boneyard","Banner Bearer","Flawless Dawnbreaker","Barbed Trap","Stampede","Carve","Skeletal Archer","Banner Bearer","Glacial Colossus"
"Kyne's Aegis","Lord Falgravn","https://www.esologs.com/reports/2AmnQayYBp4WFXqD#fight=125&type=summary&source=21","nil","Anonymous 21","grave-herald-x-corpseburster-perfected-slivers-of-the-null-arca","dps","Grave","Herald","x","Perfected Slivers of the Null Arca","Corpseburster","194190.6","9238.1","83.0","194190.6 DPS","","Huntsman's Warmask (Huntsman's Warmask)","Perfected Null Arca Jack (Perfected Slivers of the Null Arca)","Slimecraw Epaulets (Slimecraw)","Perfected Null Arca Bracers (Perfected Slivers of the Null Arca)","","Perfected Null Arca Guards (Perfected Slivers of the Null Arca)","Perfected Null Arca Boots (Perfected Slivers of the Null Arca)","","Corpseburster Ring (Corpseburster)","Corpseburster Ring (Corpseburster)","Corpseburster Dagger (Corpseburster)","Corpseburster Dagger (Corpseburster)","The Maelstrom's Perfected Greatsword (Perfected Merciless Charge)"," ()","Venom Skull","Blighted Blastbones","Detonating Siphon","Avid Boneyard","Banner Bearer","Flawless Dawnbreaker","Stampede","Carve","Barbed Trap","Banner Bearer","Skeletal Archer","Shooting Star"
"Kyne's Aegis","Lord Falgravn","https://www.esologs.com/reports/2AmnQayYBp4WFXqD#fight=125&type=summary&source=23","nil","Anonymous 23","grave-herald-x-corpseburster-perfected-slivers-of-the-null-arca","dps","Grave","Herald","x","Perfected Slivers of the Null Arca","Corpseburster","220632.4","13494.1","81.8","220632.4 DPS","","Huntsman's Warmask (Huntsman's Warmask)","Perfected Null Arca Jack (Perfected Slivers of the Null Arca)","Zaan Arm Cops (Zaan)","Perfected Null Arca Bracers (Perfected Slivers of the Null Arca)","","Perfected Null Arca Guards (Perfected Slivers of the Null Arca)","Perfected Null Arca Boots (Perfected Slivers of the Null Arca)","","Corpseburster Ring (Corpseburster)","Corpseburster Ring (Corpseburster)","Corpseburster Dagger (Corpseburster)","Corpseburster Dagger (Corpseburster)","The Maelstrom's Perfected Greatsword (Perfected Merciless Charge)"," ()","Venom Skull","Detonating Siphon","Blighted Blastbones","Banner Bearer","Unnerving Boneyard","Flawless Dawnbreaker","Skeletal Archer","Carve","Stampede","Barbed Trap","Banner Bearer","Shooting Star"
"Kyne's Aegis","Lord Falgravn","https://www.esologs.com/reports/2AmnQayYBp4WFXqD#fight=125&type=summary&source=4","@Mher21","Nyx Blackfyre","grave-herald-x-corpseburster-perfected-slivers-of-the-null-arca","dps","Grave","Herald","x","Perfected Slivers of the Null Arca","Corpseburster","163527.1","8776.3","62.5","163527.1 DPS","","Huntsman's Warmask (Huntsman's Warmask)","Perfected Null Arca Jack (Perfected Slivers of the Null Arca)","Zaan Arm Cops (Zaan)","Perfected Null Arca Bracers (Perfected Slivers of the Null Arca)","","Perfected Null Arca Guards (Perfected Slivers of the Null Arca)","Perfected Null Arca Boots (Perfected Slivers of the Null Arca)","","Corpseburster Ring (Corpseburster)","Corpseburster Ring (Corpseburster)","Corpseburster Dagger (Corpseburster)","Corpseburster Dagger (Corpseburster)","The Maelstrom's Perfected Greatsword (Perfected Merciless Charge)"," ()","Unnerving Boneyard","Venom Skull","Blighted Blastbones","Detonating Siphon","Banner Bearer","Flawless Dawnbreaker","Stampede","Barbed Trap","Carve","Skeletal Archer","Banner Bearer","Shooting Star"
"Kyne's Aegis","Lord Falgravn","https://www.esologs.com/reports/2AmnQayYBp4WFXqD#fight=125&type=summary&source=6","@RayRegiCide","Ray Yūrei","grave-herald-x-corpseburster-perfected-slivers-of-the-null-arca","dps","Grave","Herald","x","Perfected Slivers of the Null Arca","Corpseburster","246248.3","6756.3","88.9","246248.3 DPS","","Slimecraw Mask (Slimecraw)","Perfected Null Arca Jack (Perfected Slivers of the Null Arca)","Corpseburster Arm Cops (Corpseburster)","Perfected Null Arca Bracers (Perfected Slivers of the Null Arca)","","Perfected Null Arca Guards (Perfected Slivers of the Null Arca)","Perfected Null Arca Boots (Perfected Slivers of the Null Arca)","","Corpseburster Ring (Corpseburster)","Corpseburster Ring (Corpseburster)","Corpseburster Dagger (Corpseburster)","Corpseburster Dagger (Corpseburster)","The Maelstrom's Perfected Greatsword (Perfected Merciless Charge)"," ()","Detonating Siphon","Blighted Blastbones","Unnerving Boneyard","Venom Skull","Banner Bearer","Flawless Dawnbreaker","Skeletal Archer","Carve","Stampede","Barbed Trap","Banner Bearer","Shooting Star"
"Kyne's Aegis","Lord Falgravn","https://www.esologs.com/reports/2AmnQayYBp4WFXqD#fight=125&type=summary&source=1","@RashEnderSami","Bonerblaster","grave-herald-x-corpseburster-perfected-slivers-of-the-null-arca","dps","Grave","Herald","x","Perfected Slivers of the Null Arca","Corpseburster","186421.9","6498.0","82.0","186421.9 DPS","","Slimecraw Guise (Slimecraw)","Perfected Null Arca Jack (Perfected Slivers of the Null Arca)","Corpseburster Arm Cops (Corpseburster)","Perfected Null Arca Bracers (Perfected Slivers of the Null Arca)","","Perfected Null Arca Guards (Perfected Slivers of the Null Arca)","Perfected Null Arca Boots (Perfected Slivers of the Null Arca)","","Corpseburster Ring (Corpseburster)","Corpseburster Ring (Corpseburster)","Corpseburster Dagger (Corpseburster)","Corpseburster Dagger (Corpseburster)","The Maelstrom's Perfected Greatsword (Perfected Merciless Charge)"," ()","Banner Bearer","Venom Skull","Unnerving Boneyard","Blighted Blastbones","Detonating Siphon","Flawless Dawnbreaker","Banner Bearer","Barbed Trap","Carve","Stampede","Skeletal Archer","Shooting Star"
"Kyne's Aegis","Lord Falgravn","https://www.esologs.com/reports/2AmnQayYBp4WFXqD#fight=125&type=summary&source=4","@Gadriick97","Gadriicko Mode","grave-herald-x-corpseburster-perfected-slivers-of-the-null-arca","dps","Grave","Herald","x","Perfected Slivers of the Null Arca","Corpseburster","170241.6","8489.6","81.6","170241.6 DPS","","Perfected Null Arca Helmet (Perfected Slivers of the Null Arca)","Null Arca Jack (Slivers of the Null Arca)","Slimecraw Arm Cops (Slimecraw)","Perfected Null Arca Bracers (Perfected Slivers of the Null Arca)","","Perfected Null Arca Guards (Perfected Slivers of the Null Arca)","Corpseburster Boots (Corpseburster)","","Corpseburster Ring (Corpseburster)","Corpseburster Ring (Corpseburster)","Corpseburster Axe (Corpseburster)","Corpseburster Dagger (Corpseburster)","The Maelstrom's Greatsword (Merciless Charge)"," ()","Avid Boneyard","Detonating Siphon","Venom Skull","Blighted Blastbones","Banner Bearer","Flawless Dawnbreaker","Barbed Trap","Skeletal Archer","Carve","Stampede","Banner Bearer","Shooting Star"
"Kyne's Aegis","Lord Falgravn","https://www.esologs.com/reports/2AmnQayYBp4WFXqD#fight=125&type=summary&source=16","@Hyxtra02","Näella","grave-herald-x-corpseburster-perfected-slivers-of-the-null-arca","dps","Grave","Herald","x","Corpseburster","Perfected Slivers of the Null Arca","209620.3","10178.1","76.9","209620.3 DPS","","Corpseburster Helmet (Corpseburster)","Perfected Null Arca Jack (Perfected Slivers of the Null Arca)","Zaan Arm Cops (Zaan)","Perfected Null Arca Bracers (Perfected Slivers of the Null Arca)","","Perfected Null Arca Guards (Perfected Slivers of the Null Arca)","Perfected Null Arca Boots (Perfected Slivers of the Null Arca)","","Shattered Paths Signet (Shattered Paths Signet)","Corpseburster Ring (Corpseburster)","Corpseburster Dagger (Corpseburster)","Corpseburster Dagger (Corpseburster)","The Maelstrom's Perfected Greatsword (Perfected Merciless Charge)"," ()","Venom Skull","Blighted Blastbones","Avid Boneyard","Detonating Siphon","Banner Bearer","Glacial Colossus","Stampede","Carve","Barbed Trap","Skeletal Archer","Banner Bearer","Glacial Colossus"
"Kyne's Aegis","Lord Falgravn","https://www.esologs.com/reports/2AmnQayYBp4WFXqD#fight=125&type=summary&source=19","@sla-anesh","Mortici'a Dagoth","grave-herald-x-corpseburster-perfected-slivers-of-the-null-arca","dps","Grave","Herald","x","Perfected Slivers of the Null Arca","Corpseburster","190818.6","12395.7","78.1","190818.6 DPS","","Slimecraw Mask (Slimecraw)","Perfected Null Arca Jack (Perfected Slivers of the Null Arca)","Corpseburster Arm Cops (Corpseburster)","Perfected Null Arca Bracers (Perfected Slivers of the Null Arca)","","Perfected Null Arca Guards (Perfected Slivers of the Null Arca)","Perfected Null Arca Boots (Perfected Slivers of the Null Arca)","","Shattered Paths Signet (Shattered Paths Signet)","Corpseburster Ring (Corpseburster)","Corpseburster Dagger (Corpseburster)","Corpseburster Dagger (Corpseburster)","The Maelstrom's Perfected Greatsword (Perfected Merciless Charge)"," ()","Blighted Blastbones","Detonating Siphon","Venom Skull","Unnerving Boneyard","Banner Bearer","Glacial Colossus","Stampede","Carve","Barbed Trap","Skeletal Archer","Banner Bearer","Glacial Colossus"
"Kyne's Aegis","Lord Falgravn","https://www.esologs.com/reports/2AmnQayYBp4WFXqD#fight=125&type=summary&source=10","@jrmsk","Soltara Satil","grave-herald-x-corpseburster-perfected-slivers-of-the-null-arca","dps","Grave","Herald","x","Perfected Slivers of the Null Arca","Corpseburster","187193.2","6698.5","77.2","187193.2 DPS","","Perfected Null Arca Helmet (Perfected Slivers of the Null Arca)","Corpseburster Jack (Corpseburster)","Slimecraw Arm Cops (Slimecraw)","Perfected Null Arca Bracers (Perfected Slivers of the Null Arca)","","Perfected Null Arca Guards (Perfected Slivers of the Null Arca)","Perfected Null Arca Boots (Perfected Slivers of the Null Arca)","","Shattered Paths Signet (Shattered Paths Signet)","Corpseburster Ring (Corpseburster)","Corpseburster Dagger (Corpseburster)","Corpseburster Dagger (Corpseburster)","The Maelstrom's Perfected Greatsword (Perfected Merciless Charge)"," ()","Venom Skull","Blighted Blastbones","Unnerving Boneyard","Detonating Siphon","Banner Bearer","Flawless Dawnbreaker","Barbed Trap","Stampede","Carve","Skeletal Archer","Banner Bearer","Flawless Dawnbreaker"
"Kyne's Aegis","Lord Falgravn","https://www.esologs.com/reports/2AmnQayYBp4WFXqD#fight=125&type=summary&source=6","@NikaBezNika","Ice Queenn","grave-herald-x-corpseburster-perfected-slivers-of-the-null-arca","dps","Grave","Herald","x","Perfected Slivers of the Null Arca","Corpseburster","161015.0","5633.9","67.6","161015.0 DPS","","Perfected Null Arca Helmet (Perfected Slivers of the Null Arca)","Corpseburster Jack (Corpseburster)","Slimecraw Epaulets (Slimecraw)","Perfected Null Arca Bracers (Perfected Slivers of the Null Arca)","","Perfected Null Arca Guards (Perfected Slivers of the Null Arca)","Perfected Null Arca Boots (Perfected Slivers of the Null Arca)","","Shattered Paths Signet (Shattered Paths Signet)","Corpseburster Ring (Corpseburster)","Corpseburster Axe (Corpseburster)","Corpseburster Dagger (Corpseburster)","The Maelstrom's Perfected Greatsword (Perfected Merciless Charge)"," ()","Venom Skull","Detonating Siphon","Blighted Blastbones","Unnerving Boneyard","Banner Bearer","Flawless Dawnbreaker","Barbed Trap","Stampede","Carve","Skeletal Archer","Banner Bearer","Flawless Dawnbreaker"
"Kyne's Aegis","Lord Falgravn","https://www.esologs.com/reports/2AmnQayYBp4WFXqD#fight=125&type=summary&source=93","@Jelick","Wake up and go","grave-herald-x-corpseburster-perfected-slivers-of-the-null-arca","dps","Grave","Herald","x","Perfected Slivers of the Null Arca","Corpseburster","135058.0","10152.9","64.4","135058.0 DPS","","Zaan Mask (Zaan)","Perfected Null Arca Jack (Perfected Slivers of the Null Arca)","Corpseburster Arm Cops (Corpseburster)","Perfected Null Arca Bracers (Perfected Slivers of the Null Arca)","","Perfected Null Arca Guards (Perfected Slivers of the Null Arca)","Perfected Null Arca Boots (Perfected Slivers of the Null Arca)","","Shattered Paths Signet (Shattered Paths Signet)","Corpseburster Ring (Corpseburster)","Corpseburster Dagger (Corpseburster)","Corpseburster Dagger (Corpseburster)","The Maelstrom's Perfected Greatsword (Perfected Merciless Charge)"," ()","Venom Skull","Blighted Blastbones","Detonating Siphon","Avid Boneyard","Banner Bearer","Glacial Colossus","Skeletal Archer","Stampede","Carve","Barbed Trap","Banner Bearer","Flawless Dawnbreaker"
"Kyne's Aegis","Lord Falgravn","https://www.esologs.com/reports/pzxhJvtjCLNYq76M#fight=92&type=summary&source=537","@Al_duin","Ëvérnight","ass-shadow-siphon-aegis-caller-perfected-slivers-of-the-null-arca","dps","Ass","Shadow","Siphon","Perfected Slivers of the Null Arca","Aegis Caller","239550.3","13788.2","95.8","239550.3 DPS","","Huntsman's Warmask (Huntsman's Warmask)","Perfected Null Arca Jack (Perfected Slivers of the Null Arca)","Slimecraw Epaulets (Slimecraw)","Perfected Null Arca Bracers (Perfected Slivers of the Null Arca)","","Perfected Null Arca Guards (Perfected Slivers of the Null Arca)","Perfected Null Arca Boots (Perfected Slivers of the Null Arca)","","Aegis Caller's Ring (Aegis Caller)","Aegis Caller's Ring (Aegis Caller)","Aegis Caller's Dagger (Aegis Caller)","Aegis Caller's Dagger (Aegis Caller)","The Maelstrom's Perfected Greatsword (Perfected Merciless Charge)"," ()","Debilitate","Killer's Blade","Relentless Focus","Surprise Attack","Shadowy Disguise","Incapacitating Strike","Dark Shade","Ulfsild's Contingency","Carve","Barbed Trap","Stampede","Ice Comet"
"Kyne's Aegis","Lord Falgravn","https://www.esologs.com/reports/pzxhJvtjCLNYq76M#fight=92&type=summary&source=540","@KarinFlory","Jacek Kaczmarskï","ass-shadow-siphon-aegis-caller-perfected-slivers-of-the-null-arca","dps","Ass","Shadow","Siphon","Perfected Slivers of the Null Arca","Aegis Caller","213910.7","12214.8","80.4","213910.7 DPS","","Huntsman's Warmask (Huntsman's Warmask)","Perfected Null Arca Jack (Perfected Slivers of the Null Arca)","Slimecraw Epaulets (Slimecraw)","Aegis Caller's Bracers (Aegis Caller)","","Aegis Caller's Guards (Aegis Caller)","Aegis Caller's Boots (Aegis Caller)","","Perfected Null Arca Ring (Perfected Slivers of the Null Arca)","Perfected Null Arca Ring (Perfected Slivers of the Null Arca)","Aegis Caller's Dagger (Aegis Caller)","Aegis Caller's Dagger (Aegis Caller)","The Maelstrom's Perfected Greatsword (Perfected Merciless Charge)"," ()","Killer's Blade","Relentless Focus","Shadowy Disguise","Surprise Attack","Debilitate","Incapacitating Strike","Barbed Trap","Carve","Stampede","Dark Shade","Ulfsild's Contingency","Ice Comet"
"Kyne's Aegis","Lord Falgravn","https://www.esologs.com/reports/pzxhJvtjCLNYq76M#fight=92&type=summary&source=8","@KarinFlory","Jacek Kaczmarskï","ass-shadow-siphon-aegis-caller-perfected-slivers-of-the-null-arca","dps","Ass","Shadow","Siphon","Perfected Slivers of the Null Arca","Aegis Caller","213921.3","13507.1","80.3","213921.3 DPS","","Huntsman's Warmask (Huntsman's Warmask)","Perfected Null Arca Jack (Perfected Slivers of the Null Arca)","Slimecraw Epaulets (Slimecraw)","Aegis Caller's Bracers (Aegis Caller)","","Aegis Caller's Guards (Aegis Caller)","Aegis Caller's Boots (Aegis Caller)","","Perfected Null Arca Ring (Perfected Slivers of the Null Arca)","Perfected Null Arca Ring (Perfected Slivers of the Null Arca)","Aegis Caller's Dagger (Aegis Caller)","Aegis Caller's Dagger (Aegis Caller)","The Maelstrom's Perfected Greatsword (Perfected Merciless Charge)"," ()","Killer's Blade","Relentless Focus","Shadowy Disguise","Surprise Attack","Debilitate","Incapacitating Strike","Barbed Trap","Carve","Stampede","Dark Shade","Fiery Contingency (Lingering Torment / Intellect and Endurance)","Ice Comet"
"Kyne's Aegis","Lord Falgravn","https://www.esologs.com/reports/pzxhJvtjCLNYq76M#fight=92&type=summary&source=5","@Al_duin","Ëvérnight","ass-shadow-siphon-aegis-caller-perfected-slivers-of-the-null-arca","dps","Ass","Shadow","Siphon","Perfected Slivers of the Null Arca","Aegis Caller","239746.5","15991.4","95.8","239746.5 DPS","The Thief","Huntsman's Warmask (Huntsman's Warmask)","Perfected Null Arca Jack (Perfected Slivers of the Null Arca)","Slimecraw Epaulets (Slimecraw)","Perfected Null Arca Bracers (Perfected Slivers of the Null Arca)","","Perfected Null Arca Guards (Perfected Slivers of the Null Arca)","Perfected Null Arca Boots (Perfected Slivers of the Null Arca)","","Aegis Caller's Ring (Aegis Caller)","Aegis Caller's Ring (Aegis Caller)","Aegis Caller's Dagger (Aegis Caller)","Aegis Caller's Dagger (Aegis Caller)","The Maelstrom's Perfected Greatsword (Perfected Merciless Charge)"," ()","Debilitate","Killer's Blade","Relentless Focus","Surprise Attack","Shadowy Disguise","Incapacitating Strike","Dark Shade","Fiery Contingency (Lingering Torment / Brutality and Sorcery)","Carve","Barbed Trap","Stampede","Ice Comet"
"Kyne's Aegis","Lord Falgravn","https://www.esologs.com/reports/pzxhJvtjCLNYq76M#fight=92&type=summary&source=2","@oAMo","Desmoge","ass-shadow-siphon-aegis-caller-perfected-slivers-of-the-null-arca","dps","Ass","Shadow","Siphon","Perfected Slivers of the Null Arca","Aegis Caller","212160.9","22434.5","79.3","212160.9 DPS","","Slimecraw Mask (Slimecraw)","Perfected Null Arca Jack (Perfected Slivers of the Null Arca)","Aegis Caller's Arm Cops (Aegis Caller)","Perfected Null Arca Bracers (Perfected Slivers of the Null Arca)","","Perfected Null Arca Guards (Perfected Slivers of the Null Arca)","Perfected Null Arca Boots (Perfected Slivers of the Null Arca)","","Aegis Caller's Ring (Aegis Caller)","Aegis Caller's Ring (Aegis Caller)","Aegis Caller's Dagger (Aegis Caller)","Aegis Caller's Dagger (Aegis Caller)","The Maelstrom's Perfected Greatsword (Perfected Merciless Charge)"," ()","Shattering Knife","Relentless Focus","Debilitate","Killer's Blade","Shadowy Disguise","Incapacitating Strike","Stampede","Carve","Barbed Trap","Ulfsild's Contingency","Dark Shade","Shooting Star"
"Kyne's Aegis","Lord Falgravn","https://www.esologs.com/reports/pzxhJvtjCLNYq76M#fight=92&type=summary&source=3","@Anthro42","Anthropomancist","ass-shadow-siphon-aegis-caller-perfected-slivers-of-the-null-arca","dps","Ass","Shadow","Siphon","Perfected Slivers of the Null Arca","Aegis Caller","193848.5","23057.0","82.4","193848.5 DPS","","Huntsman's Warmask (Huntsman's Warmask)","Perfected Null Arca Jack (Perfected Slivers of the Null Arca)","Zaan Epaulets (Zaan)","Perfected Null Arca Bracers (Perfected Slivers of the Null Arca)","","Perfected Null Arca Guards (Perfected Slivers of the Null Arca)","Perfected Null Arca Boots (Perfected Slivers of the Null Arca)","","Aegis Caller's Ring (Aegis Caller)","Aegis Caller's Ring (Aegis Caller)","Aegis Caller's Dagger (Aegis Caller)","Aegis Caller's Dagger (Aegis Caller)","The Maelstrom's Perfected Greatsword (Perfected Merciless Charge)"," ()","Relentless Focus","Killer's Blade","Surprise Attack","Quick Cloak","Shadowy Disguise","Incapacitating Strike","Dark Shade","Carve","Debilitate","Ulfsild's Contingency","Stampede","Shooting Star"
"Kyne's Aegis","Lord Falgravn","https://www.esologs.com/reports/pzxhJvtjCLNYq76M#fight=92&type=summary&source=11","@I.Bad","Super Bruh Moment","ass-shadow-siphon-aegis-caller-perfected-slivers-of-the-null-arca","dps","Ass","Shadow","Siphon","Perfected Slivers of the Null Arca","Aegis Caller","176408.7","9440.3","67.9","176408.7 DPS","","Huntsman's Warmask (Huntsman's Warmask)","Perfected Null Arca Jack (Perfected Slivers of the Null Arca)","Slimecraw Epaulets (Slimecraw)","Perfected Null Arca Bracers (Perfected Slivers of the Null Arca)","","Perfected Null Arca Guards (Perfected Slivers of the Null Arca)","Perfected Null Arca Boots (Perfected Slivers of the Null Arca)","","Aegis Caller's Ring (Aegis Caller)","Aegis Caller's Ring (Aegis Caller)","Aegis Caller's Dagger (Aegis Caller)","Aegis Caller's Dagger (Aegis Caller)","The Maelstrom's Perfected Greatsword (Perfected Merciless Charge)"," ()","Shadowy Disguise","Debilitate","Relentless Focus","Surprise Attack","Killer's Blade","Incapacitating Strike","Dark Shade","Stampede","Barbed Trap","Carve","Ulfsild's Contingency","Veil of Blades"
"Kyne's Aegis","Lord Falgravn","https://www.esologs.com/reports/pzxhJvtjCLNYq76M#fight=92&type=summary&source=2","@Ralf_17","Abyss Wätcher","ass-shadow-siphon-aegis-caller-perfected-slivers-of-the-null-arca","dps","Ass","Shadow","Siphon","Perfected Slivers of the Null Arca","Aegis Caller","195722.2","13467.4","77.4","195722.2 DPS","","Huntsman's Warmask (Huntsman's Warmask)","Perfected Null Arca Jack (Perfected Slivers of the Null Arca)","Slimecraw Epaulets (Slimecraw)","Perfected Null Arca Bracers (Perfected Slivers of the Null Arca)","","Perfected Null Arca Guards (Perfected Slivers of the Null Arca)","Perfected Null Arca Boots (Perfected Slivers of the Null Arca)","","Aegis Caller's Ring (Aegis Caller)","Aegis Caller's Ring (Aegis Caller)","Aegis Caller's Dagger (Aegis Caller)","Aegis Caller's Dagger (Aegis Caller)","The Maelstrom's Perfected Greatsword (Perfected Merciless Charge)"," ()","Surprise Attack","Shadowy Disguise","Debilitate","Relentless Focus","Killer's Blade","Incapacitating Strike","Siphoning Attacks","Barbed Trap","Stampede","Dark Shade","Carve","Ice Comet"
"Kyne's Aegis","Lord Falgravn","https://www.esologs.com/reports/pzxhJvtjCLNYq76M#fight=92&type=summary&source=209","@Latin","Godblade","ass-shadow-siphon-aegis-caller-perfected-slivers-of-the-null-arca","dps","Ass","Shadow","Siphon","Perfected Slivers of the Null Arca","Aegis Caller","161064.7","13632.2","77.5","161064.7 DPS","","Huntsman's Warmask (Huntsman's Warmask)","Perfected Null Arca Jack (Perfected Slivers of the Null Arca)","Slimecraw Epaulets (Slimecraw)","Perfected Null Arca Bracers (Perfected Slivers of the Null Arca)","","Perfected Null Arca Guards (Perfected Slivers of the Null Arca)","Perfected Null Arca Boots (Perfected Slivers of the Null Arca)","","Aegis Caller's Ring (Aegis Caller)","Aegis Caller's Ring (Aegis Caller)","Aegis Caller's Dagger (Aegis Caller)","Aegis Caller's Dagger (Aegis Caller)","The Maelstrom's Perfected Greatsword (Perfected Merciless Charge)"," ()","Surprise Attack","Killer's Blade","Merciless Resolve","Shadowy Disguise","Debilitate","Incapacitating Strike","Fiery Contingency (Lingering Torment / Intellect and Endurance)","Barbed Trap","Stampede","Carve","Dark Shade","Shooting Star"
"Kyne's Aegis","Lord Falgravn","https://www.esologs.com/reports/pzxhJvtjCLNYq76M#fight=92&type=summary&source=214","@ja.mes","unga truly is bunga","ass-shadow-siphon-aegis-caller-perfected-slivers-of-the-null-arca","dps","Ass","Shadow","Siphon","Perfected Slivers of the Null Arca","Aegis Caller","208474.5","13600.7","90.5","208474.5 DPS","","Huntsman's Warmask (Huntsman's Warmask)","Perfected Null Arca Jack (Perfected Slivers of the Null Arca)","Slimecraw Epaulets (Slimecraw)","Perfected Null Arca Bracers (Perfected Slivers of the Null Arca)","","Perfected Null Arca Guards (Perfected Slivers of the Null Arca)","Perfected Null Arca Boots (Perfected Slivers of the Null Arca)","","Aegis Caller's Ring (Aegis Caller)","Aegis Caller's Ring (Aegis Caller)","Aegis Caller's Dagger (Aegis Caller)","Aegis Caller's Dagger (Aegis Caller)","The Maelstrom's Perfected Greatsword (Perfected Merciless Charge)"," ()","Killer's Blade","Surprise Attack","Debilitate","Relentless Focus","Shadowy Disguise","Incapacitating Strike","Carve","Stampede","Fiery Contingency (Lingering Torment / Magickasteal)","Dark Shade","Barbed Trap","Shooting Star"
"Kyne's Aegis","Lord Falgravn","https://www.esologs.com/reports/pzxhJvtjCLNYq76M#fight=92&type=summary&source=211","@stefishim","Max Versteffan","ass-shadow-siphon-aegis-caller-perfected-slivers-of-the-null-arca","dps","Ass","Shadow","Siphon","Perfected Slivers of the Null Arca","Aegis Caller","209815.1","11790.6","76.6","209815.1 DPS","","Huntsman's Warmask (Huntsman's Warmask)","Perfected Null Arca Jack (Perfected Slivers of the Null Arca)","Slimecraw Epaulets (Slimecraw)","Perfected Null Arca Bracers (Perfected Slivers of the Null Arca)","","Perfected Null Arca Guards (Perfected Slivers of the Null Arca)","Perfected Null Arca Boots (Perfected Slivers of the Null Arca)","","Aegis Caller's Ring (Aegis Caller)","Aegis Caller's Ring (Aegis Caller)","Aegis Caller's Dagger (Aegis Caller)","Aegis Caller's Dagger (Aegis Caller)","The Maelstrom's Greatsword (Merciless Charge)"," ()","Shadowy Disguise","Relentless Focus","Surprise Attack","Killer's Blade","Debilitate","Incapacitating Strike","Dark Shade","Barbed Trap","Stampede","Carve","Shocking Contingency (Lingering Torment / Intellect and Endurance)","Shooting Star"
"Kyne's Aegis","Lord Falgravn","https://www.esologs.com/reports/pzxhJvtjCLNYq76M#fight=92&type=summary&source=212","@wisthekid","Mèrcílèss","ass-shadow-siphon-aegis-caller-perfected-slivers-of-the-null-arca","dps","Ass","Shadow","Siphon","Perfected Slivers of the Null Arca","Aegis Caller","199464.1","12843.0","84.3","199464.1 DPS","","Huntsman's Warmask (Huntsman's Warmask)","Perfected Null Arca Jack (Perfected Slivers of the Null Arca)","Zaan Epaulets (Zaan)","Perfected Null Arca Bracers (Perfected Slivers of the Null Arca)","","Perfected Null Arca Guards (Perfected Slivers of the Null Arca)","Perfected Null Arca Boots (Perfected Slivers of the Null Arca)","","Aegis Caller's Ring (Aegis Caller)","Aegis Caller's Ring (Aegis Caller)","Aegis Caller's Dagger (Aegis Caller)","Aegis Caller's Dagger (Aegis Caller)","The Maelstrom's Perfected Greatsword (Perfected Merciless Charge)"," ()","Killer's Blade","Shadowy Disguise","Surprise Attack","Debilitate","Relentless Focus","Incapacitating Strike","Fiery Contingency (Lingering Torment / Magickasteal)","Stampede","Carve","Dark Shade","Barbed Trap","Incapacitating Strike"
"Kyne's Aegis","Lord Falgravn","https://www.esologs.com/reports/pzxhJvtjCLNYq76M#fight=92&type=summary&source=9","@Hagius","Sigvar Skyggefekter","ass-shadow-siphon-aegis-caller-perfected-slivers-of-the-null-arca","dps","Ass","Shadow","Siphon","Perfected Slivers of the Null Arca","Aegis Caller","202996.5","10884.1","76.4","202996.5 DPS","","Huntsman's Warmask (Huntsman's Warmask)","Perfected Null Arca Jack (Perfected Slivers of the Null Arca)","Zaan Epaulets (Zaan)","Perfected Null Arca Bracers (Perfected Slivers of the Null Arca)","","Perfected Null Arca Guards (Perfected Slivers of the Null Arca)","Perfected Null Arca Boots (Perfected Slivers of the Null Arca)","","Aegis Caller's Ring (Aegis Caller)","Aegis Caller's Ring (Aegis Caller)","Aegis Caller's Dagger (Aegis Caller)","Aegis Caller's Dagger (Aegis Caller)","The Maelstrom's Greatsword (Merciless Charge)"," ()","Relentless Focus","Shadowy Disguise","Surprise Attack","Killer's Blade","Debilitate","Incapacitating Strike","Barbed Trap","Carve","Stampede","Dark Shade","Siphoning Attacks","Shooting Star"
"Kyne's Aegis","Lord Falgravn","https://www.esologs.com/reports/pzxhJvtjCLNYq76M#fight=92&type=summary&source=2","@BIGGn601","Bigg nite","ass-shadow-siphon-aegis-caller-perfected-slivers-of-the-null-arca","dps","Ass","Shadow","Siphon","Perfected Slivers of the Null Arca","Aegis Caller","150515.7","9792.9","66.0","150515.7 DPS","","Huntsman's Warmask (Huntsman's Warmask)","Perfected Null Arca Jack (Perfected Slivers of the Null Arca)","Zaan Epaulets (Zaan)","Perfected Null Arca Bracers (Perfected Slivers of the Null Arca)","","Perfected Null Arca Guards (Perfected Slivers of the Null Arca)","Perfected Null Arca Boots (Perfected Slivers of the Null Arca)","","Aegis Caller's Ring (Aegis Caller)","Aegis Caller's Ring (Aegis Caller)","Aegis Caller's Dagger (Aegis Caller)","Aegis Caller's Dagger (Aegis Caller)","The Maelstrom's Greatsword (Merciless Charge)"," ()","Quick Cloak","Debilitate","Surprise Attack","Killer's Blade","Relentless Focus","Incapacitating Strike","Dark Shade","Barbed Trap","Shadowy Disguise","Stampede","Siphoning Attacks","Shooting Star"
"Kyne's Aegis","Lord Falgravn","https://www.esologs.com/reports/pzxhJvtjCLNYq76M#fight=92&type=summary&source=3","@LexiC17","Frealia Xiaric","ass-shadow-siphon-aegis-caller-perfected-slivers-of-the-null-arca","dps","Ass","Shadow","Siphon","Perfected Slivers of the Null Arca","Aegis Caller","168704.8","18588.0","73.0","168704.8 DPS","","Huntsman's Warmask (Huntsman's Warmask)","Perfected Null Arca Jack (Perfected Slivers of the Null Arca)","Slimecraw Epaulets (Slimecraw)","Perfected Null Arca Bracers (Perfected Slivers of the Null Arca)","","Perfected Null Arca Guards (Perfected Slivers of the Null Arca)","Perfected Null Arca Boots (Perfected Slivers of the Null Arca)","","Aegis Caller's Ring (Aegis Caller)","Aegis Caller's Ring (Aegis Caller)","Aegis Caller's Dagger (Aegis Caller)","Aegis Caller's Dagger (Aegis Caller)","The Maelstrom's Perfected Greatsword (Perfected Merciless Charge)"," ()","Merciless Resolve","Surprise Attack","Debilitate","Shadowy Disguise","Killer's Blade","Incapacitating Strike","Stampede","Carve","Barbed Trap","Dark Shade","Ulfsild's Contingency","Shooting Star"
"Kyne's Aegis","Lord Falgravn","https://www.esologs.com/reports/pzxhJvtjCLNYq76M#fight=92&type=summary&source=3","@someone_unknown","Djepa","ass-shadow-siphon-aegis-caller-perfected-slivers-of-the-null-arca","dps","Ass","Shadow","Siphon","Perfected Slivers of the Null Arca","Aegis Caller","150495.7","14586.8","66.4","150495.7 DPS","","Slimecraw Mask (Slimecraw)","Perfected Null Arca Jack (Perfected Slivers of the Null Arca)","Mora's Whispers (Mora's Whispers)","Perfected Null Arca Bracers (Perfected Slivers of the Null Arca)","","Perfected Null Arca Guards (Perfected Slivers of the Null Arca)","Perfected Null Arca Boots (Perfected Slivers of the Null Arca)","","Aegis Caller's Ring (Aegis Caller)","Aegis Caller's Ring (Aegis Caller)","The Maelstrom's Perfected Greatsword (Perfected Merciless Charge)"," ()","Aegis Caller's Dagger (Aegis Caller)","Aegis Caller's Dagger (Aegis Caller)","Twisting Path","Dark Shade","Carve","Stampede","Barbed Trap","Ice Comet","Silver Shards","Killer's Blade","Relentless Focus","Shadowy Disguise","Debilitate","Incapacitating Strike"
"Kyne's Aegis","Lord Falgravn","https://www.esologs.com/reports/pzxhJvtjCLNYq76M#fight=92&type=summary&source=91","@D-Folt","Klofeline","ass-shadow-siphon-aegis-caller-perfected-slivers-of-the-null-arca","dps","Ass","Shadow","Siphon","Perfected Slivers of the Null Arca","Aegis Caller","156158.9","21942.4","65.5","156158.9 DPS","","Huntsman's Warmask (Huntsman's Warmask)","Perfected Null Arca Jack (Perfected Slivers of the Null Arca)","Iceheart Epaulets (Iceheart)","Perfected Null Arca Bracers (Perfected Slivers of the Null Arca)","","Perfected Null Arca Guards (Perfected Slivers of the Null Arca)","Perfected Null Arca Boots (Perfected Slivers of the Null Arca)","","Aegis Caller's Ring (Aegis Caller)","Aegis Caller's Ring (Aegis Caller)","Aegis Caller's Dagger (Aegis Caller)","Aegis Caller's Dagger (Aegis Caller)","The Maelstrom's Perfected Greatsword (Perfected Merciless Charge)"," ()","Merciless Resolve","Quick Cloak","Killer's Blade","Shadowy Disguise","Surprise Attack","Incapacitating Strike","Stampede","Carve","Debilitate","Barbed Trap","Dark Shade","Incapacitating Strike"
"Kyne's Aegis","Lord Falgravn","https://www.esologs.com/reports/2AmnQayYBp4WFXqD#fight=125&type=summary&source=1","@Foolebuilt","Necrofeell","bone-grave-herald-corpseburster-perfected-slivers-of-the-null-arca","dps","Grave","Bone","Herald","Perfected Slivers of the Null Arca","Corpseburster","287661.8","5812.6","114.5","287661.8 DPS","","Slimecraw Mask (Slimecraw)","Perfected Null Arca Jack (Perfected Slivers of the Null Arca)","Mora's Whispers (Mora's Whispers)","Perfected Null Arca Bracers (Perfected Slivers of the Null Arca)","","Perfected Null Arca Guards (Perfected Slivers of the Null Arca)","Perfected Null Arca Boots (Perfected Slivers of the Null Arca)","","Corpseburster Ring (Corpseburster)","Corpseburster Ring (Corpseburster)","Corpseburster Dagger (Corpseburster)","Corpseburster Dagger (Corpseburster)","The Maelstrom's Perfected Greatsword (Perfected Merciless Charge)"," ()","Blighted Blastbones","Unnerving Boneyard","Venom Skull","Detonating Siphon","Banner Bearer","Flawless Dawnbreaker","Stampede","Carve","Barbed Trap","Skeletal Archer","Banner Bearer","Pummeling Goliath"
"Kyne's Aegis","Lord Falgravn","https://www.esologs.com/reports/2AmnQayYBp4WFXqD#fight=125&type=summary&source=11","@God'sGifttoGaming","The Bøne Zone","bone-grave-herald-corpseburster-perfected-slivers-of-the-null-arca","dps","Grave","Bone","Herald","Corpseburster","Perfected Slivers of the Null Arca","290116.9","5560.3","122.1","290116.9 DPS","The Thief","Corpseburster Helmet (Corpseburster)","Perfected Null Arca Jack (Perfected Slivers of the Null Arca)","Ansuul's Perfected Arm Cops (Perfected Ansuul's Torment)","Perfected Null Arca Bracers (Perfected Slivers of the Null Arca)","","Perfected Null Arca Guards (Perfected Slivers of the Null Arca)","Perfected Null Arca Boots (Perfected Slivers of the Null Arca)","","Corpseburster Ring (Corpseburster)","Corpseburster Ring (Corpseburster)","Corpseburster Dagger (Corpseburster)","Corpseburster Dagger (Corpseburster)","The Maelstrom's Perfected Greatsword (Perfected Merciless Charge)"," ()","Detonating Siphon","Blighted Blastbones","Venom Skull","Unnerving Boneyard","Banner Bearer","Flawless Dawnbreaker","Barbed Trap","Stampede","Carve","Skeletal Archer","Banner Bearer","Pummeling Goliath"
"Kyne's Aegis","Lord Falgravn","https://www.esologs.com/reports/2AmnQayYBp4WFXqD#fight=125&type=summary&source=10","@revloh","revcro","bone-grave-herald-corpseburster-perfected-slivers-of-the-null-arca","dps","Grave","Bone","Herald","Corpseburster","Perfected Slivers of the Null Arca","276943.9","6050.4","118.7","276943.9 DPS","","Corpseburster Helmet (Corpseburster)","Perfected Null Arca Jack (Perfected Slivers of the Null Arca)","Slimecraw Arm Cops (Slimecraw)","Perfected Null Arca Bracers (Perfected Slivers of the Null Arca)","","Perfected Null Arca Guards (Perfected Slivers of the Null Arca)","Perfected Null Arca Boots (Perfected Slivers of the Null Arca)","","Corpseburster Ring (Corpseburster)","Corpseburster Ring (Corpseburster)","Corpseburster Dagger (Corpseburster)","Corpseburster Dagger (Corpseburster)","The Maelstrom's Perfected Greatsword (Perfected Merciless Charge)"," ()","Venom Skull","Blighted Blastbones","Detonating Siphon","Banner Bearer","Unnerving Boneyard","Flawless Dawnbreaker","Stampede","Skeletal Archer","Barbed Trap","Banner Bearer","Carve","Pummeling Goliath"
"Kyne's Aegis","Lord Falgravn","https://www.esologs.com/reports/2AmnQayYBp4WFXqD#fight=125&type=summary&source=4","@I.Bad","I'm Bad Lmao","bone-grave-herald-corpseburster-perfected-slivers-of-the-null-arca","dps","Grave","Bone","Herald","Perfected Slivers of the Null Arca","Corpseburster","257944.0","9695.0","106.5","257944.0 DPS","","Perfected Null Arca Helmet (Perfected Slivers of the Null Arca)","Perfected Null Arca Jack (Perfected Slivers of the Null Arca)","Ansuul's Perfected Arm Cops (Perfected Ansuul's Torment)","Perfected Null Arca Bracers (Perfected Slivers of the Null Arca)","","Perfected Null Arca Guards (Perfected Slivers of the Null Arca)","Perfected Null Arca Boots (Perfected Slivers of the Null Arca)","","Corpseburster Ring (Corpseburster)","Corpseburster Ring (Corpseburster)","Corpseburster Dagger (Corpseburster)","Corpseburster Dagger (Corpseburster)","The Maelstrom's Perfected Greatsword (Perfected Merciless Charge)"," ()","Detonating Siphon","Avid Boneyard","Blighted Blastbones","Venom Skull","Banner Bearer","Flawless Dawnbreaker","Skeletal Archer","Stampede","Barbed Trap","Carve","Banner Bearer","Pummeling Goliath"
"Kyne's Aegis","Lord Falgravn","https://www.esologs.com/reports/2AmnQayYBp4WFXqD#fight=125&type=summary&source=7","@Brassmoose","Naomi Drarcuhn","bone-grave-herald-corpseburster-perfected-slivers-of-the-null-arca","dps","Grave","Bone","Herald","Corpseburster","Perfected Slivers of the Null Arca","256931.1","6483.7","103.9","256931.1 DPS","","Corpseburster Helmet (Corpseburster)","Perfected Null Arca Jack (Perfected Slivers of the Null Arca)","Ansuul's Perfected Arm Cops (Perfected Ansuul's Torment)","Perfected Null Arca Bracers (Perfected Slivers of the Null Arca)","","Perfected Null Arca Guards (Perfected Slivers of the Null Arca)","Perfected Null Arca Boots (Perfected Slivers of the Null Arca)","","Corpseburster Ring (Corpseburster)","Corpseburster Ring (Corpseburster)","Corpseburster Dagger (Corpseburster)","Corpseburster Dagger (Corpseburster)","The Maelstrom's Perfected Greatsword (Perfected Merciless Charge)"," ()","Unnerving Boneyard","Venom Skull","Blighted Blastbones","Detonating Siphon","Banner Bearer","Flawless Dawnbreaker","Stampede","Carve","Skeletal Archer","Barbed Trap","Banner Bearer","Pummeling Goliath"
"Kyne's Aegis","Lord Falgravn","https://www.esologs.com/reports/2AmnQayYBp4WFXqD#fight=125&type=summary&source=536","@Gopher07","Dödrumpa","bone-grave-herald-corpseburster-perfected-slivers-of-the-null-arca","dps","Grave","Bone","Herald","Perfected Slivers of the Null Arca","Corpseburster","270216.8","7162.3","120.9","270216.8 DPS","","Slimecraw Mask (Slimecraw)","Perfected Null Arca Jack (Perfected Slivers of the Null Arca)","Mora's Whispers (Mora's Whispers)","Perfected Null Arca Bracers (Perfected Slivers of the Null Arca)","","Perfected Null Arca Guards (Perfected Slivers of the Null Arca)","Perfected Null Arca Boots (Perfected Slivers of the Null Arca)","","Corpseburster Ring (Corpseburster)","Corpseburster Ring (Corpseburster)","Corpseburster Dagger (Corpseburster)","Corpseburster Axe (Corpseburster)","The Maelstrom's Perfected Greatsword (Perfected Merciless Charge)"," ()","Unnerving Boneyard","Blighted Blastbones","Detonating Siphon","Venom Skull","Banner Bearer","Flawless Dawnbreaker","Skeletal Archer","Stampede","Barbed Trap","Carve","Banner Bearer","Pummeling Goliath"
"Kyne's Aegis","Lord Falgravn","https://www.esologs.com/reports/2AmnQayYBp4WFXqD#fight=125&type=summary&source=4","@FierceGamer","Doodoo Bug","bone-grave-herald-corpseburster-perfected-slivers-of-the-null-arca","dps","Grave","Bone","Herald","Perfected Slivers of the Null Arca","Corpseburster","251188.5","7623.2","121.9","251188.5 DPS","","Slimecraw Mask (Slimecraw)","Perfected Null Arca Jack (Perfected Slivers of the Null Arca)","Mora's Whispers (Mora's Whispers)","Perfected Null Arca Bracers (Perfected Slivers of the Null Arca)","","Perfected Null Arca Guards (Perfected Slivers of the Null Arca)","Perfected Null Arca Boots (Perfected Slivers of the Null Arca)","","Corpseburster Ring (Corpseburster)","Corpseburster Ring (Corpseburster)","Corpseburster Dagger (Corpseburster)","Corpseburster Axe (Corpseburster)","The Maelstrom's Perfected Greatsword (Perfected Merciless Charge)"," ()","Venom Skull","Unnerving Boneyard","Detonating Siphon","Blighted Blastbones","Banner Bearer","Flawless Dawnbreaker","Stampede","Barbed Trap","Carve","Skeletal Archer","Banner Bearer","Pummeling Goliath"
"Kyne's Aegis","Lord Falgravn","https://www.esologs.com/reports/2AmnQayYBp4WFXqD#fight=125&type=summary&source=4","@FierceGamer","Doodoo Bug","bone-grave-herald-corpseburster-perfected-slivers-of-the-null-arca","dps","Grave","Bone","Herald","Perfected Slivers of the Null Arca","Corpseburster","251214.7","4381.5","121.8","251214.7 DPS","","Slimecraw Mask (Slimecraw)","Perfected Null Arca Jack (Perfected Slivers of the Null Arca)","Mora's Whispers (Mora's Whispers)","Perfected Null Arca Bracers (Perfected Slivers of the Null Arca)","","Perfected Null Arca Guards (Perfected Slivers of the Null Arca)","Perfected Null Arca Boots (Perfected Slivers of the Null Arca)","","Corpseburster Ring (Corpseburster)","Corpseburster Ring (Corpseburster)","Corpseburster Dagger (Corpseburster)","Corpseburster Axe (Corpseburster)","The Maelstrom's Perfected Greatsword (Perfected Merciless Charge)"," ()","Venom Skull","Unnerving Boneyard","Detonating Siphon","Blighted Blastbones","Shocking Banner (Class Flourish / Courage)","Flawless Dawnbreaker","Stampede","Barbed Trap","Carve","Skeletal Archer","Shocking Banner (Class Flourish / Courage)","Pummeling Goliath"
"Kyne's Aegis","Lord Falgravn","https://www.esologs.com/reports/2AmnQayYBp4WFXqD#fight=125&type=summary&source=3","@Gopher07","Dödrumpa","bone-grave-herald-corpseburster-perfected-slivers-of-the-null-arca","dps","Grave","Bone","Herald","Perfected Slivers of the Null Arca","Corpseburster","270234.7","5414.7","120.9","270234.7 DPS","","Slimecraw Mask (Slimecraw)","Perfected Null Arca Jack (Perfected Slivers of the Null Arca)","Mora's Whispers (Mora's Whispers)","Perfected Null Arca Bracers (Perfected Slivers of the Null Arca)","","Perfected Null Arca Guards (Perfected Slivers of the Null Arca)","Perfected Null Arca Boots (Perfected Slivers of the Null Arca)","","Corpseburster Ring (Corpseburster)","Corpseburster Ring (Corpseburster)","Corpseburster Dagger (Corpseburster)","Corpseburster Axe (Corpseburster)","The Maelstrom's Perfected Greatsword (Perfected Merciless Charge)"," ()","Unnerving Boneyard","Blighted Blastbones","Detonating Siphon","Venom Skull","Shocking Banner (Class Flourish / Courage)","Flawless Dawnbreaker","Skeletal Archer","Stampede","Barbed Trap","Carve","Shocking Banner (Class Flourish / Courage)","Pummeling Goliath"
"Kyne's Aegis","Lord Falgravn","https://www.esologs.com/reports/2AmnQayYBp4WFXqD#fight=125&type=summary&source=2","@I xTaco I","Alessia of Arkay","bone-grave-herald-corpseburster-perfected-slivers-of-the-null-arca","dps","Grave","Bone","Herald","Corpseburster","Perfected Slivers of the Null Arca","243483.5","11645.2","103.2","243483.5 DPS","","Slimecraw Mask (Slimecraw)","Corpseburster Jack (Corpseburster)","Perfected Null Arca Arm Cops (Perfected Slivers of the Null Arca)","Perfected Null Arca Bracers (Perfected Slivers of the Null Arca)","","Perfected Null Arca Guards (Perfected Slivers of the Null Arca)","Perfected Null Arca Boots (Perfected Slivers of the Null Arca)","","Corpseburster Ring (Corpseburster)","Corpseburster Ring (Corpseburster)","Corpseburster Dagger (Corpseburster)","Corpseburster Dagger (Corpseburster)","The Maelstrom's Perfected Greatsword (Perfected Merciless Charge)"," ()","Blighted Blastbones","Detonating Siphon","Venom Skull","Unnerving Boneyard","Banner Bearer","Pestilent Colossus","Barbed Trap","Stampede","Carve","Skeletal Arcanist","Banner Bearer","Pummeling Goliath"
"Kyne's Aegis","Lord Falgravn","https://www.esologs.com/reports/2AmnQayYBp4WFXqD#fight=125&type=summary&source=7","@Foolebuilt","Necrofeell","bone-grave-herald-corpseburster-perfected-slivers-of-the-null-arca","dps","Grave","Bone","Herald","Perfected Slivers of the Null Arca","Corpseburster","241070.5","8900.2","91.1","241070.5 DPS","","Huntsman's Warmask (Huntsman's Warmask)","Perfected Null Arca Jack (Perfected Slivers of the Null Arca)","Slimecraw Arm Cops (Slimecraw)","Perfected Null Arca Bracers (Perfected Slivers of the Null Arca)","","Perfected Null Arca Guards (Perfected Slivers of the Null Arca)","Perfected Null Arca Boots (Perfected Slivers of the Null Arca)","","Corpseburster Ring (Corpseburster)","Corpseburster Ring (Corpseburster)","Corpseburster Dagger (Corpseburster)","Corpseburster Dagger (Corpseburster)","The Maelstrom's Perfected Greatsword (Perfected Merciless Charge)"," ()","Blighted Blastbones","Avid Boneyard","Venom Skull","Detonating Siphon","Banner Bearer","Flawless Dawnbreaker","Stampede","Carve","Barbed Trap","Skeletal Archer","Banner Bearer","Pummeling Goliath"
"Kyne's Aegis","Lord Falgravn","https://www.esologs.com/reports/2AmnQayYBp4WFXqD#fight=125&type=summary&source=5","@INunu","Nūnu","bone-grave-herald-corpseburster-perfected-slivers-of-the-null-arca","dps","Grave","Bone","Herald","Perfected Slivers of the Null Arca","Corpseburster","223360.1","5698.3","78.5","223360.1 DPS","","Huntsman's Warmask (Huntsman's Warmask)","Perfected Null Arca Jack (Perfected Slivers of the Null Arca)","Slimecraw Arm Cops (Slimecraw)","Perfected Null Arca Bracers (Perfected Slivers of the Null Arca)","","Perfected Null Arca Guards (Perfected Slivers of the Null Arca)","Corpseburster Boots (Corpseburster)","","Corpseburster Ring (Corpseburster)","Corpseburster Ring (Corpseburster)","Corpseburster Dagger (Corpseburster)","Corpseburster Dagger (Corpseburster)","The Maelstrom's Perfected Greatsword (Perfected Merciless Charge)"," ()","Detonating Siphon","Avid Boneyard","Blighted Blastbones","Venom Skull","Sundering Banner (Class Flourish / Courage)","Glacial Colossus","Stampede","Barbed Trap","Sundering Banner (Class Flourish / Courage)","Carve","Skeletal Archer","Pummeling Goliath"
"Kyne's Aegis","Lord Falgravn","https://www.esologs.com/reports/2AmnQayYBp4WFXqD#fight=125&type=summary&source=1","@Raedanwin","Stýrís","bone-grave-herald-corpseburster-perfected-slivers-of-the-null-arca","dps","Grave","Bone","Herald","Perfected Slivers of the Null Arca","Corpseburster","243607.2","8842.8","94.8","243607.2 DPS","","Slimecraw Mask (Slimecraw)","Perfected Null Arca Jack (Perfected Slivers of the Null Arca)","Mora's Whispers (Mora's Whispers)","Perfected Null Arca Bracers (Perfected Slivers of the Null Arca)","","Perfected Null Arca Guards (Perfected Slivers of the Null Arca)","Perfected Null Arca Boots (Perfected Slivers of the Null Arca)","","Corpseburster Ring (Corpseburster)","Corpseburster Ring (Corpseburster)","Corpseburster Axe (Corpseburster)","Corpseburster Dagger (Corpseburster)","The Maelstrom's Perfected Greatsword (Perfected Merciless Charge)"," ()","Banner Bearer","Blighted Blastbones","Unnerving Boneyard","Venom Skull","Detonating Siphon","Flawless Dawnbreaker","Barbed Trap","Stampede","Skeletal Archer","Carve","Banner Bearer","Pummeling Goliath"
"Kyne's Aegis","Lord Falgravn","https://www.esologs.com/reports/2AmnQayYBp4WFXqD#fight=125&type=summary&source=3","@scalylizardboi","Bony Lizard Boi","bone-grave-herald-corpseburster-perfected-slivers-of-the-null-arca","dps","Grave","Bone","Herald","Perfected Slivers of the Null Arca","Corpseburster","205338.9","8176.6","99.0","205338.9 DPS","","Zaan Guise (Zaan)","Perfected Null Arca Jack (Perfected Slivers of the Null Arca)","Mora's Whispers (Mora's Whispers)","Perfected Null Arca Bracers (Perfected Slivers of the Null Arca)","","Perfected Null Arca Guards (Perfected Slivers of the Null Arca)","Perfected Null Arca Boots (Perfected Slivers of the Null Arca)","","Corpseburster Ring (Corpseburster)","Corpseburster Ring (Corpseburster)","Corpseburster Dagger (Corpseburster)","Corpseburster Dagger (Corpseburster)","The Maelstrom's Greatsword (Merciless Charge)"," ()","Banner Bearer","Detonating Siphon","Blighted Blastbones","Venom Skull","Unnerving Boneyard","Flawless Dawnbreaker","Banner Bearer","Stampede","Skeletal Archer","Carve","Barbed Trap","Pummeling Goliath"
"Kyne's Aegis","Lord Falgravn","https://www.esologs.com/reports/pzxhJvtjCLNYq76M#fight=92&type=summary&source=539","@Shaxigaming","I Used To Parse","ardent-earthen-herald-roar-of-alkosh-zens-redress","dps","Ardent","Earthen","Herald","Roar of Alkosh","Z'en's Redress","124480.6","5789.2","74.1","124480.6 DPS","","Slimecraw Mask (Slimecraw)","Jack of Alkosh (Roar of Alkosh)","Spaulder of Ruin (Spaulder of Ruin)","Bracers of Alkosh (Roar of Alkosh)","","Guards of Alkosh (Roar of Alkosh)","Boots of Alkosh (Roar of Alkosh)","","Z'en's Ring (Z'en's Redress)","Z'en's Ring (Z'en's Redress)","Z'en's Dagger (Z'en's Redress)","Z'en's Dagger (Z'en's Redress)","The Maelstrom's Greatsword (Merciless Charge)"," ()","Magma Fist","Barbed Trap","Disintegrating Dragonfire","Flame Lash","Searing Claw","Flawless Dawnbreaker","Stampede","Carve","Igneous Weapons","Incinerate","Shatterspike Mantle","Standard of Might"
"Kyne's Aegis","Lord Falgravn","https://www.esologs.com/reports/pzxhJvtjCLNYq76M#fight=92&type=summary&source=7","@Shaxigaming","I Used To Parse","ardent-earthen-herald-roar-of-alkosh-zens-redress","dps","Ardent","Earthen","Herald","Roar of Alkosh","Z'en's Redress","124583.8","8068.2","74.1","124583.8 DPS","","Slimecraw Mask (Slimecraw)","Jack of Alkosh (Roar of Alkosh)","Spaulder of Ruin (Spaulder of Ruin)","Bracers of Alkosh (Roar of Alkosh)","","Guards of Alkosh (Roar of Alkosh)","Boots of Alkosh (Roar of Alkosh)","","Z'en's Ring (Z'en's Redress)","Z'en's Ring (Z'en's Redress)","Z'en's Dagger (Z'en's Redress)","Z'en's Dagger (Z'en's Redress)","The Maelstrom's Greatsword (Merciless Charge)"," ()","Magma Fist","Barbed Trap","Disintegrating Dragonfire","Flame Lash","Searing Claw","Flawless Dawnbreaker","Stampede","Carve","Igneous Weapons","Incinerate","Shatterspike Mantle","Standard of Might"
"Kyne's Aegis","Lord Falgravn","https://www.esologs.com/reports/pzxhJvtjCLNYq76M#fight=92&type=summary&source=5","@Geldis1306","Lárry the Lobster","ardent-earthen-herald-roar-of-alkosh-zens-redress","dps","Ardent","Earthen","Herald","Roar of Alkosh","Z'en's Redress","151208.9","12676.4","84.9","151208.9 DPS","The Thief","Huntsman's Warmask (Huntsman's Warmask)","Jack of Alkosh (Roar of Alkosh)","Iceheart Epaulets (Iceheart)","Bracers of Alkosh (Roar of Alkosh)","","Guards of Alkosh (Roar of Alkosh)","Boots of Alkosh (Roar of Alkosh)","","Z'en's Ring (Z'en's Redress)","Z'en's Ring (Z'en's Redress)","Z'en's Dagger (Z'en's Redress)","Z'en's Dagger (Z'en's Redress)","The Maelstrom's Perfected Greatsword (Perfected Merciless Charge)"," ()","Disintegrating Dragonfire","Searing Claw","Magma Fist","Flame Lash","Quick Cloak","Flawless Dawnbreaker","Igneous Weapons","Stampede","Carve","Shatterspike Mantle","Incinerate","Standard of Might"
"Kyne's Aegis","Lord Falgravn","https://www.esologs.com/reports/pzxhJvtjCLNYq76M#fight=92&type=summary&source=8","@RestfulTester","Restful Dragon","ardent-earthen-herald-roar-of-alkosh-zens-redress","dps","Ardent","Earthen","Herald","Roar of Alkosh","Z'en's Redress","122176.7","6889.5","77.5","122176.7 DPS","","Huntsman's Warmask (Huntsman's Warmask)","Jack of Alkosh (Roar of Alkosh)","Slimecraw Epaulets (Slimecraw)","Bracers of Alkosh (Roar of Alkosh)","","Guards of Alkosh (Roar of Alkosh)","Boots of Alkosh (Roar of Alkosh)","","Z'en's Ring (Z'en's Redress)","Z'en's Ring (Z'en's Redress)","Z'en's Dagger (Z'en's Redress)","Z'en's Dagger (Z'en's Redress)","The Maelstrom's Perfected Greatsword (Perfected Merciless Charge)"," ()","Disintegrating Dragonfire","Searing Claw","Flame Lash","Magma Fist","Quick Cloak","Flawless Dawnbreaker","Stampede","Carve","Shatterspike Mantle","Igneous Weapons","Incinerate","Standard of Might"
"Kyne's Aegis","Lord Falgravn","https://www.esologs.com/reports/pzxhJvtjCLNYq76M#fight=92&type=summary&source=5","@KafkaESO","Ravallir","ardent-earthen-herald-roar-of-alkosh-zens-redress","dps","Ardent","Earthen","Herald","Roar of Alkosh","Z'en's Redress","132905.7","6683.1","72.4","132905.7 DPS","","Huntsman's Warmask (Huntsman's Warmask)","Jack of Alkosh (Roar of Alkosh)","Slimecraw Arm Cops (Slimecraw)","Bracers of Alkosh (Roar of Alkosh)","","Guards of Alkosh (Roar of Alkosh)","Boots of Alkosh (Roar of Alkosh)","","Z'en's Ring (Z'en's Redress)","Z'en's Ring (Z'en's Redress)","Z'en's Dagger (Z'en's Redress)","Z'en's Dagger (Z'en's Redress)","The Maelstrom's Perfected Greatsword (Perfected Merciless Charge)"," ()","Searing Claw","Quick Cloak","Magma Fist","Flame Lash","Disintegrating Dragonfire","Flawless Dawnbreaker","Igneous Weapons","Stampede","Carve","Shatterspike Mantle","Incinerate","Standard of Might"
"Kyne's Aegis","Lord Falgravn","https://www.esologs.com/reports/pzxhJvtjCLNYq76M#fight=92&type=summary&source=84","@ZENON1996","Wermitor","ardent-earthen-herald-roar-of-alkosh-zens-redress","dps","Ardent","Earthen","Herald","Roar of Alkosh","Z'en's Redress","110637.0","11361.5","79.2","110637.0 DPS","","Huntsman's Warmask (Huntsman's Warmask)","Jack of Alkosh (Roar of Alkosh)","Zaan Epaulets (Zaan)","Bracers of Alkosh (Roar of Alkosh)","","Guards of Alkosh (Roar of Alkosh)","Boots of Alkosh (Roar of Alkosh)","","Z'en's Ring (Z'en's Redress)","Z'en's Ring (Z'en's Redress)","Z'en's Dagger (Z'en's Redress)","Z'en's Dagger (Z'en's Redress)","The Maelstrom's Greatsword (Merciless Charge)"," ()","Disintegrating Dragonfire","Flame Lash","Magma Fist","Barbed Trap","Quick Cloak","Flawless Dawnbreaker","Stampede","Carve","Shatterspike Mantle","Incinerate","Igneous Weapons","Standard of Might"
"Kyne's Aegis","Lord Falgravn","https://www.esologs.com/reports/2AmnQayYBp4WFXqD#fight=125&type=summary&source=6","@RealMitchRobbs","Mitch-Tries-Warden-Tank","animal-green-winter-perfected-pearlescent-ward-serpents-disdain","tank","Animal","Green","Winter","Perfected Pearlescent Ward","Serpent's Disdain","22046.7","24034.0","51.9","51.9 CPM","","Nazaray Mask (Nazaray)","Cuirass of Serpent's Disdain (Serpent's Disdain)","Nazaray Epaulets (Nazaray)","Gauntlets of Serpent's Disdain (Serpent's Disdain)","","Greaves of Serpent's Disdain (Serpent's Disdain)","Sabatons of Serpent's Disdain (Serpent's Disdain)","","Perfected Pearlescent Ring (Perfected Pearlescent Ward)","Perfected Pearlescent Ring (Perfected Pearlescent Ward)","Perfected Pearlescent Ice Staff (Perfected Pearlescent Ward)"," ()","Perfected Pearlescent Ice Staff (Perfected Pearlescent Ward)"," ()","Inner Rage","Deep Fissure","Budding Seeds","Arctic Blast","Leashing Soul","Reviving Barrier","Elemental Susceptibility","Elemental Blockade","Winter's Revenge","Bull Netch","Expansive Frost Cloak","Aggressive Horn"
"Kyne's Aegis","Lord Falgravn","https://www.esologs.com/reports/2AmnQayYBp4WFXqD#fight=125&type=summary&source=541","@AbhorashNL","Katerina the Ice Queen","animal-green-winter-perfected-pearlescent-ward-serpents-disdain","tank","Animal","Green","Winter","Perfected Pearlescent Ward","Serpent's Disdain","32943.8","25260.6","50.1","50.1 CPM","","Nunatak's Visage (Nunatak)","Cryptcanon Vestments (Cryptcanon Vestments)","Perfected Pearlescent Pauldrons (Perfected Pearlescent Ward)","Bracers of Serpent's Disdain (Serpent's Disdain)","","Perfected Pearlescent Greaves (Perfected Pearlescent Ward)","Sabatons of Serpent's Disdain (Serpent's Disdain)","","Perfected Pearlescent Ring (Perfected Pearlescent Ward)","Perfected Pearlescent Ring (Perfected Pearlescent Ward)","Ice Staff of Serpent's Disdain (Serpent's Disdain)"," ()","The Maelstrom's Perfected Ice Staff (Perfected Crushing Wall)"," ()","Deep Fissure","Budding Seeds","Inner Rage","Arctic Blast","Leashing Soul","Reviving Barrier","Elemental Blockade","Winter's Revenge","Elemental Susceptibility","Expansive Frost Cloak","Bull Netch","Aggressive Horn"
"Kyne's Aegis","Lord Falgravn","https://www.esologs.com/reports/2AmnQayYBp4WFXqD#fight=125&type=summary&source=10","@AbhorashNL","Katerina the Ice Queen","animal-green-winter-perfected-pearlescent-ward-serpents-disdain","tank","Animal","Green","Winter","Perfected Pearlescent Ward","Serpent's Disdain","32942.3","23490.0","50.1","50.1 CPM","","Nunatak's Visage (Nunatak)","Cryptcanon Vestments (Cryptcanon Vestments)","Perfected Pearlescent Pauldrons (Perfected Pearlescent Ward)","Bracers of Serpent's Disdain (Serpent's Disdain)","","Perfected Pearlescent Greaves (Perfected Pearlescent Ward)","Sabatons of Serpent's Disdain (Serpent's Disdain)","","Perfected Pearlescent Ring (Perfected Pearlescent Ward)","Perfected Pearlescent Ring (Perfected Pearlescent Ward)","Ice Staff of Serpent's Disdain (Serpent's Disdain)"," ()","The Maelstrom's Perfected Ice Staff (Perfected Crushing Wall)"," ()","Deep Fissure","Budding Seeds","Inner Rage","Arctic Blast","Leashing Soul (Druid's Resurgence / Cowardice)","Crypt Transfer","Blockade of Frost","Winter's Revenge","Elemental Susceptibility","Expansive Frost Cloak","Bull Netch","Crypt Transfer"
"Kyne's Aegis","Lord Falgravn","https://www.esologs.com/reports/2AmnQayYBp4WFXqD#fight=125&type=summary&source=10","@Contraah","Kuusetsu","animal-green-winter-perfected-pearlescent-ward-serpents-disdain","tank","Animal","Green","Winter","Perfected Pearlescent Ward","Serpent's Disdain","14851.7","37232.9","56.6","56.6 CPM","","Magma Incarnate Mask (Magma Incarnate)","Cryptcanon Vestments (Cryptcanon Vestments)","Perfected Pearlescent Pauldrons (Perfected Pearlescent Ward)","Perfected Pearlescent Gauntlets (Perfected Pearlescent Ward)","","Perfected Pearlescent Greaves (Perfected Pearlescent Ward)","Perfected Pearlescent Sabatons (Perfected Pearlescent Ward)","","Ring of Serpent's Disdain (Serpent's Disdain)","Ring of Serpent's Disdain (Serpent's Disdain)","Ice Staff of Serpent's Disdain (Serpent's Disdain)"," ()","The Maelstrom's Perfected Ice Staff (Perfected Crushing Wall)"," ()","Leashing Soul","Ulfsild's Contingency","Arctic Blast","Revealing Flare","Inner Rage","Wild Guardian","Elemental Susceptibility","Expansive Frost Cloak","Elemental Blockade","Budding Seeds","Bull Netch","Reviving Barrier"
"Kyne's Aegis","Lord Falgravn","https://www.esologs.com/reports/2AmnQayYBp4WFXqD#fight=125&type=summary&source=210","@MarlieChurfy","Hefty Girl","animal-green-winter-perfected-pearlescent-ward-serpents-disdain","tank","Animal","Green","Winter","Serpent's Disdain","Perfected Pearlescent Ward","15582.5","27898.8","45.3","45.3 CPM","","Magma Incarnate Visage (Magma Incarnate)","Cryptcanon Vestments (Cryptcanon Vestments)","Perfected Pearlescent Pauldrons (Perfected Pearlescent Ward)","Perfected Pearlescent Gauntlets (Perfected Pearlescent Ward)","","Perfected Pearlescent Greaves (Perfected Pearlescent Ward)","Perfected Pearlescent Sabatons (Perfected Pearlescent Ward)","","Ring of Serpent's Disdain (Serpent's Disdain)","Ring of Serpent's Disdain (Serpent's Disdain)","Ice Staff of Serpent's Disdain (Serpent's Disdain)"," ()","Ice Staff of Serpent's Disdain (Serpent's Disdain)"," ()","Inner Rage","Elemental Susceptibility","Bull Netch","Winter's Revenge","Polar Wind","Crypt Transfer","Lotus Blossom","Echoing Vigor","Blockade of Frost","Budding Seeds","Expansive Frost Cloak","Crypt Transfer"
"Kyne's Aegis","Lord Falgravn","https://www.esologs.com/reports/2AmnQayYBp4WFXqD#fight=125&type=summary&source=3","@sepleen","Gelenbor","animal-green-winter-perfected-pearlescent-ward-serpents-disdain","tank","Animal","Green","Winter","Perfected Pearlescent Ward","Serpent's Disdain","11805.7","21892.2","44.6","44.6 CPM","","Domihaus Visage (Domihaus)","Cryptcanon Vestments (Cryptcanon Vestments)","Pauldrons of Serpent's Disdain (Serpent's Disdain)","Gauntlets of Serpent's Disdain (Serpent's Disdain)","","Greaves of Serpent's Disdain (Serpent's Disdain)","Sabatons of Serpent's Disdain (Serpent's Disdain)","","Perfected Pearlescent Ring (Perfected Pearlescent Ward)","Perfected Pearlescent Ring (Perfected Pearlescent Ward)","Perfected Pearlescent Ice Staff (Perfected Pearlescent Ward)"," ()","Perfected Pearlescent Ice Staff (Perfected Pearlescent Ward)"," ()","Inner Rage","Arctic Blast","Warding Burst","Blinding Flare","Leashing Soul","Reviving Barrier","Expansive Frost Cloak","Elemental Blockade","Elemental Susceptibility","Bull Netch","Budding Seeds","Aggressive Horn"
"Kyne's Aegis","Lord Falgravn","https://www.esologs.com/reports/pzxhJvtjCLNYq76M#fight=92&type=summary&source=542","@Feiito","Le casse rotule","daedric-dark-storm-monolith-of-storms-perfected-slivers-of-the-null-arca","dps","Dark","Daedric","Storm","Perfected Slivers of the Null Arca","Monolith of Storms","168211.7","5407.3","51.7","168211.7 DPS","","Huntsman's Warmask (Huntsman's Warmask)","Perfected Null Arca Jack (Perfected Slivers of the Null Arca)","Slimecraw Arm Cops (Slimecraw)","Perfected Null Arca Bracers (Perfected Slivers of the Null Arca)","","Monolith of Storms Guards (Monolith of Storms)","Monolith of Storms Boots (Monolith of Storms)","","Monolith of Storms Ring (Monolith of Storms)","Monolith of Storms Ring (Monolith of Storms)","Perfected Null Arca Dagger (Perfected Slivers of the Null Arca)","Perfected Null Arca Dagger (Perfected Slivers of the Null Arca)","The Maelstrom's Perfected Greatsword (Perfected Merciless Charge)"," ()","Bound Armaments","Haunting Curse","Quick Cloak","Blood for Blood","Crystal Fragments","Flawless Dawnbreaker","Stampede","Simmering Frenzy","Hurricane","Liquid Lightning","Critical Surge","Power Overload"
"Kyne's Aegis","Lord Falgravn","https://www.esologs.com/reports/pzxhJvtjCLNYq76M#fight=92&type=summary&source=11","@Feiito","Le casse rotule","daedric-dark-storm-monolith-of-storms-perfected-slivers-of-the-null-arca","dps","Dark","Daedric","Storm","Perfected Slivers of the Null Arca","Monolith of Storms","168174.7","7511.1","51.7","168174.7 DPS","","Huntsman's Warmask (Huntsman's Warmask)","Perfected Null Arca Jack (Perfected Slivers of the Null Arca)","Slimecraw Arm Cops (Slimecraw)","Perfected Null Arca Bracers (Perfected Slivers of the Null Arca)","","Monolith of Storms Guards (Monolith of Storms)","Monolith of Storms Boots (Monolith of Storms)","","Monolith of Storms Ring (Monolith of Storms)","Monolith of Storms Ring (Monolith of Storms)","Perfected Null Arca Dagger (Perfected Slivers of the Null Arca)","Perfected Null Arca Dagger (Perfected Slivers of the Null Arca)","The Maelstrom's Perfected Greatsword (Perfected Merciless Charge)"," ()","Bound Armaments","Haunting Curse","Quick Cloak","Blood for Blood","Crystal Fragments","Flawless Dawnbreaker","Stampede","Simmering Frenzy","Hurricane","Liquid Lightning","Critical Surge","Power Overload"
"Kyne's Aegis","Lord Falgravn","https://www.esologs.com/reports/pzxhJvtjCLNYq76M#fight=92&type=summary&source=12","@LeopardoColorido","The evil goat lizzard","daedric-dark-storm-monolith-of-storms-perfected-slivers-of-the-null-arca","dps","Dark","Daedric","Storm","Perfected Slivers of the Null Arca","Monolith of Storms","172422.4","2636.2","58.5","172422.4 DPS","","Slimecraw Mask (Slimecraw)","Perfected Null Arca Jack (Perfected Slivers of the Null Arca)","Monolith of Storms Arm Cops (Monolith of Storms)","Monolith of Storms Bracers (Monolith of Storms)","","Perfected Null Arca Guards (Perfected Slivers of the Null Arca)","Perfected Null Arca Boots (Perfected Slivers of the Null Arca)","","Shattered Paths Signet (Shattered Paths Signet)","Monolith of Storms Ring (Monolith of Storms)","Perfected Null Arca Dagger (Perfected Slivers of the Null Arca)","Perfected Null Arca Dagger (Perfected Slivers of the Null Arca)","The Maelstrom's Perfected Greatsword (Perfected Merciless Charge)"," ()","Crystal Fragments","Arterial Burst","Haunting Curse","Bound Armaments","Quick Cloak","Flawless Dawnbreaker","Stampede","Barbed Trap","Liquid Lightning","Hurricane","Ulfsild's Contingency","Power Overload"
"Kyne's Aegis","Lord Falgravn","https://www.esologs.com/reports/pzxhJvtjCLNYq76M#fight=92&type=summary&source=11","@danmer_umar","Uron Dpsov","daedric-dark-storm-monolith-of-storms-perfected-slivers-of-the-null-arca","dps","Dark","Daedric","Storm","Perfected Slivers of the Null Arca","Monolith of Storms","172480.4","11057.7","75.6","172480.4 DPS","","Perfected Null Arca Helmet (Perfected Slivers of the Null Arca)","Monolith of Storms Jack (Monolith of Storms)","Slimecraw Arm Cops (Slimecraw)","Monolith of Storms Bracers (Monolith of Storms)","","Monolith of Storms Guards (Monolith of Storms)","Monolith of Storms Boots (Monolith of Storms)","","Perfected Null Arca Ring (Perfected Slivers of the Null Arca)","Shattered Paths Signet (Shattered Paths Signet)","Perfected Null Arca Dagger (Perfected Slivers of the Null Arca)","Perfected Null Arca Dagger (Perfected Slivers of the Null Arca)","The Maelstrom's Perfected Greatsword (Perfected Merciless Charge)"," ()","Haunting Curse","Bound Armaments","Sundering Knife","Crystal Fragments","Banner Bearer","Flawless Dawnbreaker","Liquid Lightning","Barbed Trap","Stampede","Hurricane","Banner Bearer","Power Overload"
"Kyne's Aegis","Lord Falgravn","https://www.esologs.com/reports/pzxhJvtjCLNYq76M#fight=92&type=summary&source=90","@Kaenary","M'Elior","daedric-dark-storm-monolith-of-storms-perfected-slivers-of-the-null-arca","dps","Dark","Daedric","Storm","Monolith of Storms","Perfected Slivers of the Null Arca","121667.1","9122.9","45.4","121667.1 DPS","","Slimecraw Guise (Slimecraw)","Monolith of Storms Jack (Monolith of Storms)","Perfected Null Arca Arm Cops (Perfected Slivers of the Null Arca)","Monolith of Storms Bracers (Monolith of Storms)","","Perfected Null Arca Guards (Perfected Slivers of the Null Arca)","Perfected Null Arca Boots (Perfected Slivers of the Null Arca)","","Monolith of Storms Ring (Monolith of Storms)","Shattered Paths Signet (Shattered Paths Signet)","Perfected Null Arca Dagger (Perfected Slivers of the Null Arca)","Perfected Null Arca Dagger (Perfected Slivers of the Null Arca)","The Maelstrom's Greatsword (Merciless Charge)"," ()","Sundering Knife","Crystal Fragments","Haunting Curse","Bound Armaments","Banner Bearer","Flawless Dawnbreaker","Stampede","Carve","Liquid Lightning","Hurricane","Banner Bearer","Power Overload"
"Kyne's Aegis","Lord Falgravn","https://www.esologs.com/reports/pzxhJvtjCLNYq76M#fight=92&type=summary&source=534","@xZephyria","Justiciar Cymbeline","curative-herald-soldier-perfected-pillagers-profit-powerful-assault","healer","Herald","Curative","Soldier","Perfected Pillager's Profit","Powerful Assault","13080.2","112534.8","62.6","112534.8 HPS","","Nazaray Guise (Nazaray)","Perfected Pillager's Robe (Perfected Pillager's Profit)","Nazaray Epaulets (Nazaray)","Perfected Pillager's Gloves (Perfected Pillager's Profit)","","Perfected Pillager's Breeches (Perfected Pillager's Profit)","Perfected Pillager's Shoes (Perfected Pillager's Profit)","","Ring of the Powerful Assault (Powerful Assault)","Ring of the Powerful Assault (Powerful Assault)","The Master's Perfected Restoration Staff (Perfected Grand Rejuvenation)"," ()","Sword of the Powerful Assault (Powerful Assault)","Sword of the Powerful Assault (Powerful Assault)","Illustrious Healing","Radiating Regeneration","Combat Prayer","Tidal Chakram","Cruxweaver Armor","Reviving Barrier","Echoing Vigor","Shattering Knife","Fulminating Rune","Overflowing Altar","Mystic Orb","Glyphic of the Tides"
"Kyne's Aegis","Lord Falgravn","https://www.esologs.com/reports/pzxhJvtjCLNYq76M#fight=92&type=summary&source=9","@xZephyria","Justiciar Cymbeline","curative-herald-soldier-perfected-pillagers-profit-powerful-assault","healer","Herald","Curative","Soldier","Perfected Pillager's Profit","Powerful Assault","13079.4","110006.2","62.6","110006.2 HPS","","Nazaray Guise (Nazaray)","Perfected Pillager's Robe (Perfected Pillager's Profit)","Nazaray Epaulets (Nazaray)","Perfected Pillager's Gloves (Perfected Pillager's Profit)","","Perfected Pillager's Breeches (Perfected Pillager's Profit)","Perfected Pillager's Shoes (Perfected Pillager's Profit)","","Ring of the Powerful Assault (Powerful Assault)","Ring of the Powerful Assault (Powerful Assault)","The Master's Perfected Restoration Staff (Perfected Grand Rejuvenation)"," ()","Sword of the Powerful Assault (Powerful Assault)","Sword of the Powerful Assault (Powerful Assault)","Illustrious Healing","Radiating Regeneration","Combat Prayer","Tidal Chakram","Cruxweaver Armor","Reviving Barrier","Echoing Vigor","Shattering Knife (Assassin's Misery / Off Balance)","Fulminating Rune","Overflowing Altar","Mystic Orb","Glyphic of the Tides"
"Kyne's Aegis","Lord Falgravn","https://www.esologs.com/reports/pzxhJvtjCLNYq76M#fight=92&type=summary&source=4","nil","Anonymous 4","curative-herald-soldier-perfected-pillagers-profit-powerful-assault","healer","Herald","Curative","Soldier","Powerful Assault","Perfected Pillager's Profit","13591.1","126699.9","73.3","126699.9 HPS","The Thief","Nazaray Mask (Nazaray)","Robe of the Trainee (Armor of the Trainee)","Nazaray Epaulets (Nazaray)","Perfected Pillager's Gloves (Perfected Pillager's Profit)","","Perfected Pillager's Breeches (Perfected Pillager's Profit)","Perfected Pillager's Shoes (Perfected Pillager's Profit)","","Death Dealer's Fete (Death Dealer's Fete)","Ring of the Powerful Assault (Powerful Assault)","Restoration Staff of the Powerful Assault (Powerful Assault)"," ()","Perfected Pillager's Dagger (Perfected Pillager's Profit)","Perfected Pillager's Dagger (Perfected Pillager's Profit)","Ulfsild's Contingency","Chakram of Destiny","Echoing Vigor","Illustrious Healing","Combat Prayer","Reviving Barrier","Rune of Displacement","Energy Orb","Overflowing Altar","Cruxweaver Armor","Shattering Knife","Glyphic of the Tides"
"Kyne's Aegis","Lord Falgravn","https://www.esologs.com/reports/2JCMRKaB8ybp96qx#fight=36&type=summary&source=1","@Yokomori","Elansephona Aelsinoth","animal-green-winter-master-architect-serpents-disdain","healer","Animal","Green","Winter","Master Architect","Serpent's Disdain","10289.1","102991.7","75.4","102991.7 HPS","","Symphony of Blades Mask (Symphony of Blades)","Master Architect Robe (Master Architect)","Symphony of Blades Epaulets (Symphony of Blades)","Master Architect Gloves (Master Architect)","","Master Architect Breeches (Master Architect)","Master Architect Shoes (Master Architect)","","Ring of Serpent's Disdain (Serpent's Disdain)","Ring of Serpent's Disdain (Serpent's Disdain)","The Maelstrom's Perfected Restoration Staff (Perfected Precise Regeneration)"," ()","Ice Staff of Serpent's Disdain (Serpent's Disdain)"," ()","Illustrious Healing","Combat Prayer","Radiating Regeneration","Echoing Vigor","Guard","Feral Guardian","Budding Seeds","Energy Orb","Elemental Susceptibility","Guard","Expansive Frost Cloak","Aggressive Horn"
"Kyne's Aegis","Lord Falgravn","https://www.esologs.com/reports/2JCMRKaB8ybp96qx#fight=36&type=summary&source=1","@NeruKodoka","Plantaini","animal-green-winter-master-architect-serpents-disdain","healer","Animal","Green","Winter","Serpent's Disdain","Master Architect","12858.6","119486.3","64.4","119486.3 HPS","The Ritual","Symphony of Blades Mask (Symphony of Blades)","Jerkin of Serpent's Disdain (Serpent's Disdain)","Symphony of Blades Epaulets (Symphony of Blades)","Gloves of Serpent's Disdain (Serpent's Disdain)","","Breeches of Serpent's Disdain (Serpent's Disdain)","Shoes of Serpent's Disdain (Serpent's Disdain)","","Master Architect Ring (Master Architect)","Master Architect Ring (Master Architect)","The Maelstrom's Perfected Restoration Staff (Perfected Precise Regeneration)"," ()","Master Architect Ice Staff (Master Architect)"," ()","Illustrious Healing","Combat Prayer","Radiating Regeneration","Budding Seeds","Energy Orb","Wild Guardian","Elemental Susceptibility","Winter's Revenge","Echoing Vigor","Expansive Frost Cloak","Blue Betty","Reviving Barrier"
"Kyne's Aegis","Lord Falgravn","https://www.esologs.com/reports/2JCMRKaB8ybp96qx#fight=36&type=summary&source=9","@NeruKodoka","The Unforgiven Il","curative-herald-soldier-master-architect-powerful-assault","healer","Herald","Curative","Soldier","Master Architect","Powerful Assault","13312.7","132474.9","84.9","132474.9 HPS","The Ritual","Ozezan the Inferno's Guise (Ozezan the Inferno)","Master Architect Jerkin (Master Architect)","Ozezan the Inferno's Epaulets (Ozezan the Inferno)","Master Architect Gloves (Master Architect)","","Master Architect Breeches (Master Architect)","Master Architect Shoes (Master Architect)","","Ring of the Powerful Assault (Powerful Assault)","Ring of the Powerful Assault (Powerful Assault)","The Maelstrom's Perfected Restoration Staff (Perfected Precise Regeneration)"," ()","Restoration Staff of the Powerful Assault (Powerful Assault)"," ()","Illustrious Healing","Combat Prayer","Radiating Regeneration","Chakram of Destiny","Fulminating Rune","Temporal Guard","Energy Orb","Cruxweaver Armor","Echoing Vigor","Overflowing Altar","Recuperative Treatise","Resonating Glyphic"
"Kyne's Aegis","Lord Falgravn","https://www.esologs.com/reports/2JCMRKaB8ybp96qx#fight=36&type=summary&source=89","@JosephSMT","Jeffsmt","curative-herald-soldier-master-architect-powerful-assault","healer","Herald","Curative","Soldier","Master Architect","Powerful Assault","10490.0","138056.5","81.5","138056.5 HPS","","Symphony of Blades Guise (Symphony of Blades)","Master Architect Robe (Master Architect)","Symphony of Blades Epaulets (Symphony of Blades)","Master Architect Gloves (Master Architect)","","Master Architect Breeches (Master Architect)","Master Architect Shoes (Master Architect)","","Ring of the Powerful Assault (Powerful Assault)","Ring of the Powerful Assault (Powerful Assault)","The Maelstrom's Perfected Restoration Staff (Perfected Precise Regeneration)"," ()","Lightning Staff of the Powerful Assault (Powerful Assault)"," ()","Illustrious Healing","Combat Prayer","Tidal Chakram","Radiating Regeneration","Energy Orb","Gibbering Shelter","Cruxweaver Armor","Elemental Blockade","Overflowing Altar","Echoing Vigor","Recuperative Treatise","Resonating Glyphic"
"Kyne's Aegis","Lord Falgravn","https://www.esologs.com/reports/2JCMRKaB8ybp96qx#fight=36&type=summary&source=11","@FranzRyder","yøbgumur","daedric-dark-storm-perfected-pearlescent-ward-turning-tide","tank","Dark","Daedric","Storm","Perfected Pearlescent Ward","Turning Tide","22124.4","17482.0","42.8","42.8 CPM","The Atronach","Archdruid Devyric's Mask (Archdruid Devyric)","Cuirass of the Turning Tide (Turning Tide)","Archdruid Devyric's Epaulets (Archdruid Devyric)","Gauntlets of the Turning Tide (Turning Tide)","","Greaves of the Turning Tide (Turning Tide)","Sabatons of the Turning Tide (Turning Tide)","","Perfected Pearlescent Ring (Perfected Pearlescent Ward)","Perfected Pearlescent Ring (Perfected Pearlescent Ward)","Perfected Pearlescent Ice Staff (Perfected Pearlescent Ward)"," ()","Perfected Pearlescent Lightning Staff (Perfected Pearlescent Ward)"," ()","Dark Deal","Inner Rage","Revealing Flare","Hardened Ward","Bound Aegis","Temporal Guard","Elemental Susceptibility","Hurricane","Elemental Blockade","Liquid Lightning","Vibrant Shroud","Summon Charged Atronach"
"Kyne's Aegis","Lord Falgravn","https://www.esologs.com/reports/2JCMRKaB8ybp96qx#fight=36&type=summary&source=2","@richtinker","Urafishura","daedric-dark-storm-perfected-pearlescent-ward-turning-tide","tank","Dark","Daedric","Storm","Turning Tide","Perfected Pearlescent Ward","18485.7","13012.0","45.8","45.8 CPM","","Nazaray Visage (Nazaray)","Cuirass of the Turning Tide (Turning Tide)","Nazaray Pauldron (Nazaray)","Gauntlets of the Turning Tide (Turning Tide)","","Perfected Pearlescent Greaves (Perfected Pearlescent Ward)","Perfected Pearlescent Sabatons (Perfected Pearlescent Ward)","","Perfected Pearlescent Ring (Perfected Pearlescent Ward)","Perfected Pearlescent Ring (Perfected Pearlescent Ward)","Ice Staff of the Turning Tide (Turning Tide)"," ()","The Maelstrom's Perfected Lightning Staff (Perfected Crushing Wall)"," ()","Inner Rage","Elemental Susceptibility","Exhilarating Drain","Bound Aegis","Vibrant Shroud","Reviving Barrier","Hardened Ward","Elemental Blockade","Boundless Storm","Dark Deal","Charging Maneuver","Summon Charged Atronach"
"Kyne's Aegis","Lord Falgravn","https://www.esologs.com/reports/6TgPFf14qL79RcvZ#fight=111&type=summary&source=2","@La_buba","Ay'ia","curative-soldier-x-master-architect-perfected-pillagers-profit","healer","Curative","Soldier","x","Perfected Pillager's Profit","Master Architect","10823.3","107044.8","46.5","107044.8 HPS","The Ritual","Nazaray Visage (Nazaray)","Master Architect Robe (Master Architect)","Nazaray Arm Cops (Nazaray)","Master Architect Gloves (Master Architect)","","Master Architect Breeches (Master Architect)","Master Architect Shoes (Master Architect)","","Perfected Pillager's Band (Perfected Pillager's Profit)","Perfected Pillager's Band (Perfected Pillager's Profit)","Perfected Pillager's Lightning Staff (Perfected Pillager's Profit)"," ()","Perfected Pillager's Restoration Staff (Perfected Pillager's Profit)"," ()","Mystic Orb","Elemental Blockade","Overflowing Altar","Cruxweaver Armor","Charging Maneuver","Resonating Glyphic","Illustrious Healing","Radiating Regeneration","Echoing Vigor","Combat Prayer","Tidal Chakram","Reviving Barrier"
"Kyne's Aegis","Lord Falgravn","https://www.esologs.com/reports/6TgPFf14qL79RcvZ#fight=111&type=summary&source=2","@Tisse-Ronces","Aïno Kalevala","curative-soldier-x-master-architect-perfected-pillagers-profit","healer","Curative","Soldier","x","Master Architect","Perfected Pillager's Profit","8767.3","136602.7","72.7","136602.7 HPS","","Nazaray Guise (Nazaray)","Master Architect Robe (Master Architect)","Nazaray Epaulets (Nazaray)","Master Architect Gloves (Master Architect)","","Master Architect Breeches (Master Architect)","Master Architect Shoes (Master Architect)","","Perfected Pillager's Band (Perfected Pillager's Profit)","Perfected Pillager's Band (Perfected Pillager's Profit)","The Master's Perfected Restoration Staff (Perfected Grand Rejuvenation)"," ()","Perfected Pillager's Lightning Staff (Perfected Pillager's Profit)"," ()","Illustrious Healing","Combat Prayer","Radiating Regeneration","Energy Orb","Cruxweaver Armor","Reviving Barrier","Elemental Blockade","Echoing Vigor","Ulfsild's Contingency","Runeguard of Freedom","Overflowing Altar","Glyphic of the Tides"
"Kyne's Aegis","Lord Falgravn","https://www.esologs.com/reports/3Pvg1FKb27fAQztN#fight=74&type=summary&source=4","@Selegnar","Perleïs","green-winter-x-powerful-assault-serpents-disdain","healer","Green","Winter","x","Serpent's Disdain","Powerful Assault","13645.2","110838.6","63.0","110838.6 HPS","The Thief","Ozezan the Inferno's Guise (Ozezan the Inferno)","Robe of Serpent's Disdain (Serpent's Disdain)","Ozezan the Inferno's Arm Cops (Ozezan the Inferno)","Gloves of Serpent's Disdain (Serpent's Disdain)","","Breeches of Serpent's Disdain (Serpent's Disdain)","Shoes of Serpent's Disdain (Serpent's Disdain)","","Ring of the Powerful Assault (Powerful Assault)","Ring of the Powerful Assault (Powerful Assault)","The Master's Perfected Restoration Staff (Perfected Grand Rejuvenation)"," ()","Ice Staff of the Powerful Assault (Powerful Assault)"," ()","Illustrious Healing","Radiating Regeneration","Warding Burst","Enchanted Growth","Winter's Revenge","Reviving Barrier","Unstable Wall of Elements","Budding Seeds","Echoing Vigor","Energy Orb","Expansive Frost Cloak","Reviving Barrier"
"Kyne's Aegis","Lord Falgravn","https://www.esologs.com/reports/3Pvg1FKb27fAQztN#fight=74&type=summary&source=2","@DarkFoxy666","Anastasia Foxy","green-winter-x-powerful-assault-serpents-disdain","healer","Green","Winter","x","Serpent's Disdain","Powerful Assault","5035.0","108568.6","54.5","108568.6 HPS","","Symphony of Blades Visage (Symphony of Blades)","Robe of Serpent's Disdain (Serpent's Disdain)","Symphony of Blades Arm Cops (Symphony of Blades)","Gloves of Serpent's Disdain (Serpent's Disdain)","","Breeches of Serpent's Disdain (Serpent's Disdain)","Shoes of Serpent's Disdain (Serpent's Disdain)","","Ring of the Powerful Assault (Powerful Assault)","Ring of the Powerful Assault (Powerful Assault)","The Master's Perfected Restoration Staff (Perfected Grand Rejuvenation)"," ()","Ice Staff of the Powerful Assault (Powerful Assault)"," ()","Illustrious Healing","Budding Seeds","Expansive Frost Cloak","Combat Prayer","Radiating Regeneration","Reviving Barrier","Energy Orb","Ulfsild's Contingency","Overflowing Altar","Echoing Vigor","Elemental Susceptibility","Reviving Barrier"
