"Trial Name","Boss Name","ESO Logs Player Link","Player Handle","Character Name","Build Slug","Role","Subclass 1","Subclass 2","Subclass 3","Signature Set 1","Signature Set 2","DPS","HPS","CPM","Primary Metric","Mundus Stone","Gear: Head","Gear: Chest","Gear: Shoulders","Gear: Hands","Gear: Waist","Gear: Legs","Gear: Feet","Gear: Necklace","Gear: Ring1","Gear: Ring2","Gear: Main_Hand","Gear: Off_Hand","Gear: Backup_Main_Hand","Gear: Backup_Off_Hand","Bar 1 Ability 1","Bar 1 Ability 2","Bar 1 Ability 3","Bar 1 Ability 4","Bar 1 Ability 5","Bar 1 Ability 6","Bar 2 Ability 1","Bar 2 Ability 2","Bar 2 Ability 3","Bar 2 Ability 4","Bar 2 Ability 5","Bar 2 Ability 6"
"Maw of Lorkhaj","Zhaj'hassa the Forgotten","https://www.esologs.com/reports/JyQrTdKBkDjx64wR#fight=22&type=summary&source=22","@DeFyLegends","Dephy Leggings","ass-shadow-siphon-aegis-caller-perfected-slivers-of-the-null-arca","dps","Ass","Shadow","Siphon","Perfected Slivers of the Null Arca","Aegis Caller","279006.8","24820.1","94.0","279006.8 DPS","","Huntsman's Warmask (Huntsman's Warmask)","Perfected Null Arca Jack (Perfected Slivers of the Null Arca)","Slimecraw Epaulets (Slimecraw)","Perfected Null Arca Bracers (Perfected Slivers of the Null Arca)","","Perfected Null Arca Guards (Perfected Slivers of the Null Arca)","Perfected Null Arca Boots (Perfected Slivers of the Null Arca)","","Aegis Caller's Ring (Aegis Caller)","Aegis Caller's Ring (Aegis Caller)","Aegis Caller's Dagger (Aegis Caller)","Aegis Caller's Dagger (Aegis Caller)","The Maelstrom's Perfected Greatsword (Perfected Merciless Charge)"," ()","Killer's Blade","Surprise Attack","Debilitate","Shadowy Disguise","Relentless Focus","Incapacitating Strike","Stampede","Barbed Trap","Simmering Frenzy","Ulfsild's Contingency","Dark Shade","Ice Comet"
"Maw of Lorkhaj","Zhaj'hassa the Forgotten","https://www.esologs.com/reports/JyQrTdKBkDjx64wR#fight=22&type=summary&source=5","@jeronimq","jø-rşıh'q","ass-shadow-siphon-aegis-caller-perfected-slivers-of-the-null-arca","dps","Ass","Shadow","Siphon","Perfected Slivers of the Null Arca","Aegis Caller","246787.2","28854.8","123.6","246787.2 DPS","","Huntsman's Warmask (Huntsman's Warmask)","Perfected Null Arca Jack (Perfected Slivers of the Null Arca)","Slimecraw Epaulets (Slimecraw)","Aegis Caller's Bracers (Aegis Caller)","","Perfected Null Arca Guards (Perfected Slivers of the Null Arca)","Aegis Caller's Boots (Aegis Caller)","","Perfected Null Arca Ring (Perfected Slivers of the Null Arca)","Perfected Null Arca Ring (Perfected Slivers of the Null Arca)","Aegis Caller's Dagger (Aegis Caller)","Aegis Caller's Dagger (Aegis Caller)","The Maelstrom's Perfected Inferno Staff (Perfected Crushing Wall)"," ()","Surprise Attack","Shadowy Disguise","Killer's Blade","Relentless Focus","Debilitate","Incapacitating Strike","Carve","Stampede","Dark Shade","Barbed Trap","Simmering Frenzy","Ice Comet"
"Maw of Lorkhaj","Zhaj'hassa the Forgotten","https://www.esologs.com/reports/JyQrTdKBkDjx64wR#fight=22&type=summary&source=9","@norncat","Not Nyx","ass-shadow-siphon-aegis-caller-perfected-slivers-of-the-null-arca","dps","Ass","Shadow","Siphon","Aegis Caller","Perfected Slivers of the Null Arca","220247.6","10304.6","82.0","220247.6 DPS","","Huntsman's Warmask (Huntsman's Warmask)","Aegis Caller's Jack (Aegis Caller)","Slimecraw Epaulets (Slimecraw)","Perfected Null Arca Bracers (Perfected Slivers of the Null Arca)","","Aegis Caller's Guards (Aegis Caller)","Aegis Caller's Boots (Aegis Caller)","","Perfected Null Arca Ring (Perfected Slivers of the Null Arca)","Aegis Caller's Ring (Aegis Caller)","Perfected Null Arca Dagger (Perfected Slivers of the Null Arca)","Perfected Null Arca Dagger (Perfected Slivers of the Null Arca)","The Maelstrom's Greatsword (Merciless Charge)"," ()","Surprise Attack","Killer's Blade","Debilitate","Relentless Focus","Shadowy Disguise","Incapacitating Strike","Barbed Trap","Stampede","Carve","Ulfsild's Contingency","Dark Shade","Shooting Star"
"Maw of Lorkhaj","Zhaj'hassa the Forgotten","https://www.esologs.com/reports/JyQrTdKBkDjx64wR#fight=22&type=summary&source=3","@ruciake","Hidden in Despair","ass-shadow-siphon-aegis-caller-perfected-slivers-of-the-null-arca","dps","Ass","Shadow","Siphon","Perfected Slivers of the Null Arca","Aegis Caller","263399.4","24065.6","88.3","263399.4 DPS","","Huntsman's Warmask (Huntsman's Warmask)","Perfected Null Arca Jack (Perfected Slivers of the Null Arca)","Zaan Epaulets (Zaan)","Perfected Null Arca Bracers (Perfected Slivers of the Null Arca)","","Perfected Null Arca Guards (Perfected Slivers of the Null Arca)","Perfected Null Arca Boots (Perfected Slivers of the Null Arca)","","Aegis Caller's Ring (Aegis Caller)","Aegis Caller's Ring (Aegis Caller)","Aegis Caller's Dagger (Aegis Caller)","Aegis Caller's Dagger (Aegis Caller)","The Maelstrom's Perfected Greatsword (Perfected Merciless Charge)"," ()","Surprise Attack","Relentless Focus","Debilitate","Killer's Blade","Shadowy Disguise","Incapacitating Strike","Dark Shade","Stampede","Carve","Barbed Trap","Simmering Frenzy","Veil of Blades"
"Maw of Lorkhaj","Zhaj'hassa the Forgotten","https://www.esologs.com/reports/JyQrTdKBkDjx64wR#fight=22&type=summary&source=12","@CoachPower","Sookie Northman","ass-shadow-siphon-aegis-caller-perfected-slivers-of-the-null-arca","dps","Ass","Shadow","Siphon","Perfected Slivers of the Null Arca","Aegis Caller","298312.6","16276.6","89.1","298312.6 DPS","","Huntsman's Warmask (Huntsman's Warmask)","Perfected Null Arca Jack (Perfected Slivers of the Null Arca)","Slimecraw Epaulets (Slimecraw)","Perfected Null Arca Bracers (Perfected Slivers of the Null Arca)","","Perfected Null Arca Guards (Perfected Slivers of the Null Arca)","Perfected Null Arca Boots (Perfected Slivers of the Null Arca)","","Aegis Caller's Ring (Aegis Caller)","Aegis Caller's Ring (Aegis Caller)","Aegis Caller's Dagger (Aegis Caller)","Aegis Caller's Dagger (Aegis Caller)","The Maelstrom's Perfected Greatsword (Perfected Merciless Charge)"," ()","Shadowy Disguise","Killer's Blade","Relentless Focus","Surprise Attack","Debilitate","Incapacitating Strike","Barbed Trap","Dark Shade","Ulfsild's Contingency","Carve","Stampede","Veil of Blades"
"Maw of Lorkhaj","Zhaj'hassa the Forgotten","https://www.esologs.com/reports/JyQrTdKBkDjx64wR#fight=22&type=summary&source=6","@Orollas","Karnast","ass-shadow-siphon-aegis-caller-perfected-slivers-of-the-null-arca","dps","Ass","Shadow","Siphon","Perfected Slivers of the Null Arca","Aegis Caller","329443.1","24822.2","85.8","329443.1 DPS","The Thief","Huntsman's Warmask (Huntsman's Warmask)","Perfected Null Arca Jack (Perfected Slivers of the Null Arca)","Slimecraw Epaulets (Slimecraw)","Perfected Null Arca Bracers (Perfected Slivers of the Null Arca)","","Perfected Null Arca Guards (Perfected Slivers of the Null Arca)","Perfected Null Arca Boots (Perfected Slivers of the Null Arca)","","Aegis Caller's Ring (Aegis Caller)","Aegis Caller's Ring (Aegis Caller)","Aegis Caller's Dagger (Aegis Caller)","Aegis Caller's Dagger (Aegis Caller)","The Maelstrom's Perfected Greatsword (Perfected Merciless Charge)"," ()","Debilitate","Relentless Focus","Surprise Attack","Killer's Blade","Shadowy Disguise","Incapacitating Strike","Stampede","Barbed Trap","Simmering Frenzy","Dark Shade","Siphoning Attacks","Veil of Blades"
"Maw of Lorkhaj","Zhaj'hassa the Forgotten","https://www.esologs.com/reports/JyQrTdKBkDjx64wR#fight=22&type=summary&source=9","@RedLeader99","Redleaderr","ass-shadow-siphon-aegis-caller-perfected-slivers-of-the-null-arca","dps","Ass","Shadow","Siphon","Perfected Slivers of the Null Arca","Aegis Caller","292512.1","24376.4","95.7","292512.1 DPS","","Huntsman's Warmask (Huntsman's Warmask)","Perfected Null Arca Jack (Perfected Slivers of the Null Arca)","Slimecraw Epaulets (Slimecraw)","Perfected Null Arca Bracers (Perfected Slivers of the Null Arca)","","Perfected Null Arca Guards (Perfected Slivers of the Null Arca)","Perfected Null Arca Boots (Perfected Slivers of the Null Arca)","","Aegis Caller's Ring (Aegis Caller)","Aegis Caller's Ring (Aegis Caller)","Aegis Caller's Dagger (Aegis Caller)","Aegis Caller's Dagger (Aegis Caller)","The Maelstrom's Greatsword (Merciless Charge)"," ()","Shadowy Disguise","Relentless Focus","Surprise Attack","Killer's Blade","Debilitate","Incapacitating Strike","Stampede","Simmering Frenzy","Ulfsild's Contingency","Barbed Trap","Dark Shade","Veil of Blades"
"Maw of Lorkhaj","Zhaj'hassa the Forgotten","https://www.esologs.com/reports/JyQrTdKBkDjx64wR#fight=22&type=summary&source=9","@onuhlok","onuhlok","ass-shadow-siphon-aegis-caller-perfected-slivers-of-the-null-arca","dps","Ass","Shadow","Siphon","Perfected Slivers of the Null Arca","Aegis Caller","201525.4","14108.0","81.5","201525.4 DPS","","Huntsman's Warmask (Huntsman's Warmask)","Perfected Null Arca Jack (Perfected Slivers of the Null Arca)","Zaan Epaulets (Zaan)","Perfected Null Arca Bracers (Perfected Slivers of the Null Arca)","","Perfected Null Arca Guards (Perfected Slivers of the Null Arca)","Perfected Null Arca Boots (Perfected Slivers of the Null Arca)","","Aegis Caller's Ring (Aegis Caller)","Aegis Caller's Ring (Aegis Caller)","Aegis Caller's Dagger (Aegis Caller)","Aegis Caller's Dagger (Aegis Caller)","The Maelstrom's Perfected Greatsword (Perfected Merciless Charge)"," ()","Surprise Attack","Merciless Resolve","Killer's Blade","Shadowy Disguise","Debilitate","Incapacitating Strike","Stampede","Carve","Barbed Trap","Ulfsild's Contingency","Dark Shade","Ice Comet"
"Maw of Lorkhaj","Zhaj'hassa the Forgotten","https://www.esologs.com/reports/JyQrTdKBkDjx64wR#fight=22&type=summary&source=87","@lHawk","Vadosha","ass-shadow-siphon-aegis-caller-perfected-slivers-of-the-null-arca","dps","Ass","Shadow","Siphon","Perfected Slivers of the Null Arca","Aegis Caller","190861.7","21077.5","88.2","190861.7 DPS","","Huntsman's Warmask (Huntsman's Warmask)","Perfected Null Arca Jack (Perfected Slivers of the Null Arca)","Slimecraw Epaulets (Slimecraw)","Perfected Null Arca Bracers (Perfected Slivers of the Null Arca)","","Perfected Null Arca Guards (Perfected Slivers of the Null Arca)","Perfected Null Arca Boots (Perfected Slivers of the Null Arca)","","Aegis Caller's Ring (Aegis Caller)","Aegis Caller's Ring (Aegis Caller)","Aegis Caller's Dagger (Aegis Caller)","Aegis Caller's Dagger (Aegis Caller)","The Maelstrom's Perfected Greatsword (Perfected Merciless Charge)"," ()","Debilitate","Killer's Blade","Surprise Attack","Deadly Cloak","Merciless Resolve","Incapacitating Strike","Stampede","Barbed Trap","Shadowy Disguise","Dark Shade","Siphoning Attacks","Incapacitating Strike"
"Maw of Lorkhaj","Zhaj'hassa the Forgotten","https://www.esologs.com/reports/JyQrTdKBkDjx64wR#fight=22&type=summary&source=5","@Drako-Ei","J'zack","ass-shadow-siphon-aegis-caller-perfected-slivers-of-the-null-arca","dps","Ass","Shadow","Siphon","Perfected Slivers of the Null Arca","Aegis Caller","247925.5","10720.8","84.0","247925.5 DPS","","Zaan Mask (Zaan)","Perfected Null Arca Jack (Perfected Slivers of the Null Arca)","Mora's Whispers (Mora's Whispers)","Perfected Null Arca Bracers (Perfected Slivers of the Null Arca)","","Perfected Null Arca Guards (Perfected Slivers of the Null Arca)","Perfected Null Arca Boots (Perfected Slivers of the Null Arca)","","Aegis Caller's Ring (Aegis Caller)","Aegis Caller's Ring (Aegis Caller)","Aegis Caller's Dagger (Aegis Caller)","Aegis Caller's Dagger (Aegis Caller)","The Maelstrom's Perfected Greatsword (Perfected Merciless Charge)"," ()","Barbed Trap","Killer's Blade","Deadly Cloak","Relentless Focus","Surprise Attack","Incapacitating Strike","Carve","Stampede","Shadowy Disguise","Debilitate","Dark Shade","Incapacitating Strike"
"Maw of Lorkhaj","Zhaj'hassa the Forgotten","https://www.esologs.com/reports/JyQrTdKBkDjx64wR#fight=22&type=summary&source=13","@PaganPandas","Harassin Assassin","ass-shadow-siphon-aegis-caller-perfected-slivers-of-the-null-arca","dps","Ass","Shadow","Siphon","Perfected Slivers of the Null Arca","Aegis Caller","150120.9","10519.4","78.9","150120.9 DPS","","Huntsman's Warmask (Huntsman's Warmask)","Perfected Null Arca Jack (Perfected Slivers of the Null Arca)","Zaan Epaulets (Zaan)","Perfected Null Arca Bracers (Perfected Slivers of the Null Arca)","","Perfected Null Arca Guards (Perfected Slivers of the Null Arca)","Perfected Null Arca Boots (Perfected Slivers of the Null Arca)","","Aegis Caller's Ring (Aegis Caller)","Aegis Caller's Ring (Aegis Caller)","Aegis Caller's Dagger (Aegis Caller)","Aegis Caller's Dagger (Aegis Caller)","The Maelstrom's Perfected Greatsword (Perfected Merciless Charge)"," ()","Surprise Attack","Debilitate","Killer's Blade","Merciless Resolve","Shadowy Disguise","Incapacitating Strike","Stampede","Carve","Ulfsild's Contingency","Barbed Trap","Dark Shade","Incapacitating Strike"
"Maw of Lorkhaj","Zhaj'hassa the Forgotten","https://www.esologs.com/reports/JyQrTdKBkDjx64wR#fight=22&type=summary&source=15","@stephnie","Shädoẅ","ass-shadow-siphon-aegis-caller-perfected-slivers-of-the-null-arca","dps","Ass","Shadow","Siphon","Perfected Slivers of the Null Arca","Aegis Caller","163636.1","4622.2","69.6","163636.1 DPS","","Huntsman's Warmask (Huntsman's Warmask)","Perfected Null Arca Jack (Perfected Slivers of the Null Arca)","Slimecraw Epaulets (Slimecraw)","Perfected Null Arca Bracers (Perfected Slivers of the Null Arca)","","Perfected Null Arca Guards (Perfected Slivers of the Null Arca)","Perfected Null Arca Boots (Perfected Slivers of the Null Arca)","","Aegis Caller's Ring (Aegis Caller)","Aegis Caller's Ring (Aegis Caller)","Aegis Caller's Dagger (Aegis Caller)","Aegis Caller's Dagger (Aegis Caller)","The Maelstrom's Perfected Greatsword (Perfected Merciless Charge)"," ()","Surprise Attack","Merciless Resolve","Killer's Blade","Shadowy Disguise","Debilitate","Incapacitating Strike","Stampede","Carve","Dark Shade","Simmering Frenzy","Barbed Trap","Ice Comet"
"Maw of Lorkhaj","Zhaj'hassa the Forgotten","https://www.esologs.com/reports/JyQrTdKBkDjx64wR#fight=22&type=summary&source=10","@corrupterofworld","pálcikacica","ass-shadow-siphon-aegis-caller-perfected-slivers-of-the-null-arca","dps","Ass","Shadow","Siphon","Perfected Slivers of the Null Arca","Aegis Caller","213493.8","16266.9","94.0","213493.8 DPS","","Huntsman's Warmask (Huntsman's Warmask)","Perfected Null Arca Jack (Perfected Slivers of the Null Arca)","Slimecraw Epaulets (Slimecraw)","Perfected Null Arca Bracers (Perfected Slivers of the Null Arca)","","Perfected Null Arca Guards (Perfected Slivers of the Null Arca)","Perfected Null Arca Boots (Perfected Slivers of the Null Arca)","","Aegis Caller's Ring (Aegis Caller)","Aegis Caller's Ring (Aegis Caller)","Aegis Caller's Dagger (Aegis Caller)","Aegis Caller's Dagger (Aegis Caller)","The Maelstrom's Perfected Greatsword (Perfected Merciless Charge)"," ()","Killer's Blade","Shadowy Disguise","Surprise Attack","Relentless Focus","Debilitate","Incapacitating Strike","Stampede","Carve","Barbed Trap","Dark Shade","Ulfsild's Contingency","Veil of Blades"
"Maw of Lorkhaj","Zhaj'hassa the Forgotten","https://www.esologs.com/reports/JyQrTdKBkDjx64wR#fight=22&type=summary&source=6","@Grace5252","Grace Stormshade","ass-shadow-siphon-aegis-caller-perfected-slivers-of-the-null-arca","dps","Ass","Shadow","Siphon","Aegis Caller","Perfected Slivers of the Null Arca","136537.2","11826.1","58.7","136537.2 DPS","","Aegis Caller's Helmet (Aegis Caller)","Perfected Null Arca Jack (Perfected Slivers of the Null Arca)","Slimecraw Arm Cops (Slimecraw)","Perfected Null Arca Bracers (Perfected Slivers of the Null Arca)","","Perfected Null Arca Guards (Perfected Slivers of the Null Arca)","Perfected Null Arca Boots (Perfected Slivers of the Null Arca)","","Aegis Caller's Ring (Aegis Caller)","Aegis Caller's Ring (Aegis Caller)","Aegis Caller's Dagger (Aegis Caller)","Aegis Caller's Dagger (Aegis Caller)","The Maelstrom's Perfected Greatsword (Perfected Merciless Charge)"," ()","Shadowy Disguise","Surprise Attack","Killer's Blade","Relentless Focus","Debilitate","Soul Harvest","Stampede","Carve","Anti-Cavalry Caltrops","Barbed Trap","Dark Shade","Shooting Star"
"Maw of Lorkhaj","Zhaj'hassa the Forgotten","https://www.esologs.com/reports/4vJ9rfjmGMCVNWXg#fight=3&type=summary&source=5","@Faisal-11","Dreamcarver","herald-soldier-x-perfected-slivers-of-the-null-arca-spattering-disjunction","dps","Herald","Soldier","x","Spattering Disjunction","Perfected Slivers of the Null Arca","211804.5","9474.3","35.5","211804.5 DPS","","Slimecraw Guise (Slimecraw)","Spattering Disjunction Jack (Spattering Disjunction)","Perfected Null Arca Arm Cops (Perfected Slivers of the Null Arca)","Spattering Disjunction Bracers (Spattering Disjunction)","","Spattering Disjunction Guards (Spattering Disjunction)","Spattering Disjunction Boots (Spattering Disjunction)","","Perfected Null Arca Ring (Perfected Slivers of the Null Arca)","Perfected Null Arca Ring (Perfected Slivers of the Null Arca)","Perfected Null Arca Dagger (Perfected Slivers of the Null Arca)","Perfected Null Arca Dagger (Perfected Slivers of the Null Arca)","The Maelstrom's Perfected Greatsword (Perfected Merciless Charge)"," ()","Cephaliarch's Flail","Camouflaged Hunter","Barbed Trap","Pragmatic Fatecarver","Quick Cloak","Flawless Dawnbreaker","Stampede","Cruxweaver Armor","Camouflaged Hunter","Inspired Scholarship","Fulminating Rune","The Languid Eye"
"Maw of Lorkhaj","Zhaj'hassa the Forgotten","https://www.esologs.com/reports/4vJ9rfjmGMCVNWXg#fight=3&type=summary&source=79","@rinea","Zanjuna Kathal","herald-soldier-x-perfected-slivers-of-the-null-arca-spattering-disjunction","dps","Herald","Soldier","x","Spattering Disjunction","Perfected Slivers of the Null Arca","165806.9","2938.6","21.3","165806.9 DPS","","Slimecraw Mask (Slimecraw)","Spattering Disjunction Jack (Spattering Disjunction)","Spattering Disjunction Arm Cops (Spattering Disjunction)","Spattering Disjunction Bracers (Spattering Disjunction)","","Spattering Disjunction Guards (Spattering Disjunction)","Spattering Disjunction Boots (Spattering Disjunction)","","Perfected Null Arca Ring (Perfected Slivers of the Null Arca)","Perfected Null Arca Ring (Perfected Slivers of the Null Arca)","Perfected Null Arca Dagger (Perfected Slivers of the Null Arca)","Perfected Null Arca Dagger (Perfected Slivers of the Null Arca)","The Maelstrom's Inferno Staff (Crushing Wall)"," ()","Camouflaged Hunter","Quick Cloak","Cephaliarch's Flail","Pragmatic Fatecarver","Echoing Vigor","Flawless Dawnbreaker","Camouflaged Hunter","Fulminating Rune","Inspired Scholarship","Elemental Blockade","Cruxweaver Armor","The Languid Eye"
"Maw of Lorkhaj","Zhaj'hassa the Forgotten","https://www.esologs.com/reports/4vJ9rfjmGMCVNWXg#fight=3&type=summary&source=157","@JokerADHD","Monkey D Beamer","herald-soldier-x-perfected-slivers-of-the-null-arca-spattering-disjunction","dps","Herald","Soldier","x","Spattering Disjunction","Perfected Slivers of the Null Arca","183046.5","4200.9","41.3","183046.5 DPS","","Huntsman's Warmask (Huntsman's Warmask)","Spattering Disjunction Jack (Spattering Disjunction)","Slimecraw Epaulets (Slimecraw)","Spattering Disjunction Bracers (Spattering Disjunction)","","Spattering Disjunction Guards (Spattering Disjunction)","Spattering Disjunction Boots (Spattering Disjunction)","","Perfected Null Arca Ring (Perfected Slivers of the Null Arca)","Perfected Null Arca Ring (Perfected Slivers of the Null Arca)","Null Arca Dagger (Slivers of the Null Arca)","Null Arca Dagger (Slivers of the Null Arca)","The Maelstrom's Perfected Greatsword (Perfected Merciless Charge)"," ()","Cephaliarch's Flail","Pragmatic Fatecarver","Quick Cloak","Barbed Trap","Camouflaged Hunter","Flawless Dawnbreaker","Stampede","Fulminating Rune","Cruxweaver Armor","Inspired Scholarship","Camouflaged Hunter","The Tide King's Gaze"
"Maw of Lorkhaj","Zhaj'hassa the Forgotten","https://www.esologs.com/reports/4vJ9rfjmGMCVNWXg#fight=3&type=summary&source=4","@madchook","Dr Ori Toes","herald-soldier-x-perfected-slivers-of-the-null-arca-spattering-disjunction","dps","Herald","Soldier","x","Spattering Disjunction","Perfected Slivers of the Null Arca","178313.6","3835.5","20.9","178313.6 DPS","","Slimecraw Mask (Slimecraw)","Spattering Disjunction Jack (Spattering Disjunction)","Perfected Null Arca Arm Cops (Perfected Slivers of the Null Arca)","Spattering Disjunction Bracers (Spattering Disjunction)","","Spattering Disjunction Guards (Spattering Disjunction)","Spattering Disjunction Boots (Spattering Disjunction)","","Perfected Null Arca Ring (Perfected Slivers of the Null Arca)","Perfected Null Arca Ring (Perfected Slivers of the Null Arca)","Perfected Null Arca Dagger (Perfected Slivers of the Null Arca)","Perfected Null Arca Dagger (Perfected Slivers of the Null Arca)","The Maelstrom's Perfected Greatsword (Perfected Merciless Charge)"," ()","Barbed Trap","Cephaliarch's Flail","Pragmatic Fatecarver","Camouflaged Hunter","Quick Cloak","Flawless Dawnbreaker","Fulminating Rune","Inspired Scholarship","Stampede","Resolving Vigor","Cruxweaver Armor","The Languid Eye"
"Maw of Lorkhaj","Zhaj'hassa the Forgotten","https://www.esologs.com/reports/4vJ9rfjmGMCVNWXg#fight=3&type=summary&source=4","@Elementastic","Elementacular","herald-soldier-x-perfected-slivers-of-the-null-arca-spattering-disjunction","dps","Herald","Soldier","x","Perfected Slivers of the Null Arca","Spattering Disjunction","179885.8","11939.8","37.7","179885.8 DPS","","Zaan Guise (Zaan)","Perfected Null Arca Jack (Perfected Slivers of the Null Arca)","Mora's Whispers (Mora's Whispers)","Perfected Null Arca Bracers (Perfected Slivers of the Null Arca)","","Perfected Null Arca Guards (Perfected Slivers of the Null Arca)","Perfected Null Arca Boots (Perfected Slivers of the Null Arca)","","Spattering Disjunction Ring (Spattering Disjunction)","Spattering Disjunction Ring (Spattering Disjunction)","Spattering Disjunction Dagger (Spattering Disjunction)","Spattering Disjunction Dagger (Spattering Disjunction)","The Maelstrom's Perfected Greatsword (Perfected Merciless Charge)"," ()","Quick Cloak","Cephaliarch's Flail","Pragmatic Fatecarver","Inspired Scholarship","Banner Bearer","The Tide King's Gaze","Stampede","Cruxweaver Armor","Barbed Trap","Fulminating Rune","Banner Bearer","The Tide King's Gaze"
"Maw of Lorkhaj","Zhaj'hassa the Forgotten","https://www.esologs.com/reports/4vJ9rfjmGMCVNWXg#fight=3&type=summary&source=6","@Krophos","Kael the Fading Moon","herald-soldier-x-perfected-slivers-of-the-null-arca-spattering-disjunction","dps","Herald","Soldier","x","Perfected Slivers of the Null Arca","Spattering Disjunction","235266.2","3154.0","42.5","235266.2 DPS","The Atronach","Perfected Null Arca Helmet (Perfected Slivers of the Null Arca)","Spattering Disjunction Jack (Spattering Disjunction)","Arm Cops of the Thousand Eyes (Thousand Eyes)","Spattering Disjunction Bracers (Spattering Disjunction)","","Perfected Null Arca Guards (Perfected Slivers of the Null Arca)","Perfected Null Arca Boots (Perfected Slivers of the Null Arca)","","Spattering Disjunction Ring (Spattering Disjunction)","Spattering Disjunction Ring (Spattering Disjunction)","Perfected Null Arca Dagger (Perfected Slivers of the Null Arca)","Perfected Null Arca Dagger (Perfected Slivers of the Null Arca)","The Maelstrom's Perfected Greatsword (Perfected Merciless Charge)"," ()","Camouflaged Hunter","Quick Cloak","Cephaliarch's Flail","Pragmatic Fatecarver","Barbed Trap","The Languid Eye","Camouflaged Hunter","Inspired Scholarship","Stampede","Fulminating Rune","Cruxweaver Armor","The Languid Eye"
"Maw of Lorkhaj","Zhaj'hassa the Forgotten","https://www.esologs.com/reports/4vJ9rfjmGMCVNWXg#fight=3&type=summary&source=3","@hamiltonmaths","Citizen Ar-Kane-Ist","herald-soldier-x-perfected-slivers-of-the-null-arca-spattering-disjunction","dps","Herald","Soldier","x","Spattering Disjunction","Perfected Slivers of the Null Arca","130091.0","3350.6","18.9","130091.0 DPS","","Huntsman's Warmask (Huntsman's Warmask)","Spattering Disjunction Jack (Spattering Disjunction)","Slimecraw Arm Cops (Slimecraw)","Spattering Disjunction Bracers (Spattering Disjunction)","","Spattering Disjunction Guards (Spattering Disjunction)","Spattering Disjunction Boots (Spattering Disjunction)","","Perfected Null Arca Ring (Perfected Slivers of the Null Arca)","Perfected Null Arca Ring (Perfected Slivers of the Null Arca)","Perfected Null Arca Dagger (Perfected Slivers of the Null Arca)","Perfected Null Arca Dagger (Perfected Slivers of the Null Arca)","The Maelstrom's Perfected Inferno Staff (Perfected Crushing Wall)"," ()","Cephaliarch's Flail","Barbed Trap","Pragmatic Fatecarver","Camouflaged Hunter","Quick Cloak","Flawless Dawnbreaker","Fulminating Rune","Elemental Blockade","Inspired Scholarship","Rune of the Colorless Pool","Elemental Susceptibility","The Languid Eye"
"Maw of Lorkhaj","Zhaj'hassa the Forgotten","https://www.esologs.com/reports/4vJ9rfjmGMCVNWXg#fight=3&type=summary&source=5","@GogetaUi","hottiexenoverse","herald-soldier-x-perfected-slivers-of-the-null-arca-spattering-disjunction","dps","Herald","Soldier","x","Spattering Disjunction","Perfected Slivers of the Null Arca","166159.4","3470.9","34.6","166159.4 DPS","","Nerien'eth Mask (Nerien'eth)","Spattering Disjunction Jack (Spattering Disjunction)","Perfected Null Arca Arm Cops (Perfected Slivers of the Null Arca)","Spattering Disjunction Bracers (Spattering Disjunction)","","Spattering Disjunction Guards (Spattering Disjunction)","Spattering Disjunction Boots (Spattering Disjunction)","","Perfected Null Arca Ring (Perfected Slivers of the Null Arca)","Perfected Null Arca Ring (Perfected Slivers of the Null Arca)","Perfected Null Arca Dagger (Perfected Slivers of the Null Arca)","Perfected Null Arca Dagger (Perfected Slivers of the Null Arca)","The Maelstrom's Perfected Greatsword (Perfected Merciless Charge)"," ()","Banner Bearer","Quick Cloak","Camouflaged Hunter","Cephaliarch's Flail","Pragmatic Fatecarver","Flawless Dawnbreaker","Banner Bearer","Inspired Scholarship","Fulminating Rune","Stampede","Cruxweaver Armor","The Languid Eye"
"Maw of Lorkhaj","Zhaj'hassa the Forgotten","https://www.esologs.com/reports/4vJ9rfjmGMCVNWXg#fight=3&type=summary&source=7","@JRH01","Lilithona","herald-soldier-x-perfected-slivers-of-the-null-arca-spattering-disjunction","dps","Herald","Soldier","x","Perfected Slivers of the Null Arca","Spattering Disjunction","198330.9","5762.2","31.5","198330.9 DPS","","Perfected Null Arca Helmet (Perfected Slivers of the Null Arca)","Perfected Null Arca Jack (Perfected Slivers of the Null Arca)","Slimecraw Epaulets (Slimecraw)","Perfected Null Arca Bracers (Perfected Slivers of the Null Arca)","","Perfected Null Arca Guards (Perfected Slivers of the Null Arca)","Perfected Null Arca Boots (Perfected Slivers of the Null Arca)","","Spattering Disjunction Ring (Spattering Disjunction)","Spattering Disjunction Ring (Spattering Disjunction)","Spattering Disjunction Dagger (Spattering Disjunction)","Spattering Disjunction Dagger (Spattering Disjunction)","The Maelstrom's Perfected Greatsword (Perfected Merciless Charge)"," ()","Banner Bearer","Quick Cloak","Exhausting Fatecarver","Cephaliarch's Flail","Camouflaged Hunter","Flawless Dawnbreaker","Banner Bearer","Cruxweaver Armor","Fulminating Rune","Stampede","Recuperative Treatise","The Languid Eye"
"Maw of Lorkhaj","Zhaj'hassa the Forgotten","https://www.esologs.com/reports/JyQrTdKBkDjx64wR#fight=22&type=summary&source=21","@R.af","ßrave","bone-grave-x-corpseburster-perfected-slivers-of-the-null-arca","dps","Grave","Bone","x","Perfected Slivers of the Null Arca","Corpseburster","323395.3","3045.9","150.4","323395.3 DPS","","Huntsman's Warmask (Huntsman's Warmask)","Perfected Null Arca Jack (Perfected Slivers of the Null Arca)","Ansuul's Perfected Arm Cops (Perfected Ansuul's Torment)","Perfected Null Arca Bracers (Perfected Slivers of the Null Arca)","","Perfected Null Arca Guards (Perfected Slivers of the Null Arca)","Perfected Null Arca Boots (Perfected Slivers of the Null Arca)","","Corpseburster Ring (Corpseburster)","Corpseburster Ring (Corpseburster)","Corpseburster Dagger (Corpseburster)","Corpseburster Dagger (Corpseburster)","The Maelstrom's Perfected Greatsword (Perfected Merciless Charge)"," ()","Venom Skull","Avid Boneyard","Detonating Siphon","Blighted Blastbones","Banner Bearer","Flawless Dawnbreaker","Stampede","Simmering Frenzy","Skeletal Archer","Barbed Trap","Banner Bearer","Pummeling Goliath"
"Maw of Lorkhaj","Zhaj'hassa the Forgotten","https://www.esologs.com/reports/JyQrTdKBkDjx64wR#fight=22&type=summary&source=1","@qpseudo","its too hard to sleep","bone-grave-x-corpseburster-perfected-slivers-of-the-null-arca","dps","Grave","Bone","x","Perfected Slivers of the Null Arca","Corpseburster","403051.3","11179.8","185.3","403051.3 DPS","","Huntsman's Warmask (Huntsman's Warmask)","Perfected Null Arca Jack (Perfected Slivers of the Null Arca)","Ansuul's Perfected Arm Cops (Perfected Ansuul's Torment)","Perfected Null Arca Bracers (Perfected Slivers of the Null Arca)","","Perfected Null Arca Guards (Perfected Slivers of the Null Arca)","Perfected Null Arca Boots (Perfected Slivers of the Null Arca)","","Corpseburster Ring (Corpseburster)","Corpseburster Ring (Corpseburster)","Corpseburster Dagger (Corpseburster)","Corpseburster Dagger (Corpseburster)","The Maelstrom's Perfected Greatsword (Perfected Merciless Charge)"," ()","Deadly Cloak","Venom Skull","Detonating Siphon","Blighted Blastbones","Avid Boneyard","Dawnbreaker of Smiting","Ulfsild's Contingency","Skeletal Archer","Barbed Trap","Stampede","Simmering Frenzy","Pummeling Goliath"
"Maw of Lorkhaj","Zhaj'hassa the Forgotten","https://www.esologs.com/reports/JyQrTdKBkDjx64wR#fight=22&type=summary&source=5","@Jellyfish934","Jellyfishnecro","bone-grave-x-corpseburster-perfected-slivers-of-the-null-arca","dps","Grave","Bone","x","Perfected Slivers of the Null Arca","Corpseburster","377758.3","11073.9","195.4","377758.3 DPS","","Huntsman's Warmask (Huntsman's Warmask)","Perfected Null Arca Jack (Perfected Slivers of the Null Arca)","Ansuul's Arm Cops (Ansuul's Torment)","Perfected Null Arca Bracers (Perfected Slivers of the Null Arca)","","Perfected Null Arca Guards (Perfected Slivers of the Null Arca)","Perfected Null Arca Boots (Perfected Slivers of the Null Arca)","","Corpseburster Ring (Corpseburster)","Corpseburster Ring (Corpseburster)","Corpseburster Dagger (Corpseburster)","Corpseburster Dagger (Corpseburster)","The Maelstrom's Perfected Greatsword (Perfected Merciless Charge)"," ()","Venom Skull","Blighted Blastbones","Avid Boneyard","Detonating Siphon","Banner Bearer","Flawless Dawnbreaker","Banner Bearer","Stampede","Simmering Frenzy","Barbed Trap","Skeletal Archer","Pummeling Goliath"
"Maw of Lorkhaj","Zhaj'hassa the Forgotten","https://www.esologs.com/reports/JyQrTdKBkDjx64wR#fight=22&type=summary&source=4","@Al_duin","Hysiléns","bone-grave-x-corpseburster-perfected-slivers-of-the-null-arca","dps","Grave","Bone","x","Perfected Slivers of the Null Arca","Corpseburster","461907.6","4473.5","192.3","461907.6 DPS","","Huntsman's Warmask (Huntsman's Warmask)","Perfected Null Arca Jack (Perfected Slivers of the Null Arca)","Ansuul's Perfected Arm Cops (Perfected Ansuul's Torment)","Perfected Null Arca Bracers (Perfected Slivers of the Null Arca)","","Perfected Null Arca Guards (Perfected Slivers of the Null Arca)","Perfected Null Arca Boots (Perfected Slivers of the Null Arca)","","Corpseburster Ring (Corpseburster)","Corpseburster Ring (Corpseburster)","Corpseburster Dagger (Corpseburster)","Corpseburster Dagger (Corpseburster)","The Maelstrom's Perfected Greatsword (Perfected Merciless Charge)"," ()","Unnerving Boneyard","Detonating Siphon","Blighted Blastbones","Venom Skull","Quick Cloak","Flawless Dawnbreaker","Ulfsild's Contingency","Simmering Frenzy","Skeletal Archer","Barbed Trap","Stampede","Pummeling Goliath"
"Maw of Lorkhaj","Zhaj'hassa the Forgotten","https://www.esologs.com/reports/JyQrTdKBkDjx64wR#fight=22&type=summary&source=2","@TaK-eR","Ainz Ooał Gown","bone-grave-x-corpseburster-perfected-slivers-of-the-null-arca","dps","Grave","Bone","x","Perfected Slivers of the Null Arca","Corpseburster","441590.8","7713.4","204.6","441590.8 DPS","","Huntsman's Warmask (Huntsman's Warmask)","Perfected Null Arca Jack (Perfected Slivers of the Null Arca)","Iceheart Arm Cops (Iceheart)","Perfected Null Arca Bracers (Perfected Slivers of the Null Arca)","","Perfected Null Arca Guards (Perfected Slivers of the Null Arca)","Perfected Null Arca Boots (Perfected Slivers of the Null Arca)","","Corpseburster Ring (Corpseburster)","Corpseburster Ring (Corpseburster)","Corpseburster Dagger (Corpseburster)","Corpseburster Dagger (Corpseburster)","The Maelstrom's Perfected Greatsword (Perfected Merciless Charge)"," ()","Detonating Siphon","Blighted Blastbones","Avid Boneyard","Venom Skull","Banner Bearer","Flawless Dawnbreaker","Stampede","Simmering Frenzy","Ulfsild's Contingency","Skeletal Archer","Banner Bearer","Pummeling Goliath"
"Maw of Lorkhaj","Zhaj'hassa the Forgotten","https://www.esologs.com/reports/JyQrTdKBkDjx64wR#fight=22&type=summary&source=4","@sandrulino","Ðøræ ł'éšplørãtrîçē","bone-grave-x-corpseburster-perfected-slivers-of-the-null-arca","dps","Grave","Bone","x","Perfected Slivers of the Null Arca","Corpseburster","452390.1","28899.3","181.5","452390.1 DPS","","Huntsman's Warmask (Huntsman's Warmask)","Perfected Null Arca Jack (Perfected Slivers of the Null Arca)","Perfected Null Arca Arm Cops (Perfected Slivers of the Null Arca)","Perfected Null Arca Bracers (Perfected Slivers of the Null Arca)","","Perfected Null Arca Guards (Perfected Slivers of the Null Arca)","Perfected Null Arca Boots (Perfected Slivers of the Null Arca)","","Corpseburster Ring (Corpseburster)","Corpseburster Ring (Corpseburster)","Corpseburster Dagger (Corpseburster)","Corpseburster Dagger (Corpseburster)","The Maelstrom's Perfected Greatsword (Perfected Merciless Charge)"," ()","Blighted Blastbones","Detonating Siphon","Venom Skull","Avid Boneyard","Camouflaged Hunter","Flawless Dawnbreaker","Simmering Frenzy","Skeletal Archer","Ulfsild's Contingency","Stampede","Quick Cloak","Pummeling Goliath"
"Maw of Lorkhaj","Zhaj'hassa the Forgotten","https://www.esologs.com/reports/JyQrTdKBkDjx64wR#fight=22&type=summary&source=7","@BRabbit.3","Krieg The Dark Lord","bone-grave-x-corpseburster-perfected-slivers-of-the-null-arca","dps","Grave","Bone","x","Perfected Slivers of the Null Arca","Corpseburster","482706.4","8562.5","194.7","482706.4 DPS","The Ritual","Huntsman's Warmask (Huntsman's Warmask)","Perfected Null Arca Jack (Perfected Slivers of the Null Arca)","Zaan Arm Cops (Zaan)","Perfected Null Arca Bracers (Perfected Slivers of the Null Arca)","","Perfected Null Arca Guards (Perfected Slivers of the Null Arca)","Perfected Null Arca Boots (Perfected Slivers of the Null Arca)","","Corpseburster Ring (Corpseburster)","Corpseburster Ring (Corpseburster)","Corpseburster Dagger (Corpseburster)","Corpseburster Dagger (Corpseburster)","The Maelstrom's Greatsword (Merciless Charge)"," ()","Avid Boneyard","Blighted Blastbones","Venom Skull","Detonating Siphon","Banner Bearer","Flawless Dawnbreaker","Barbed Trap","Simmering Frenzy","Skeletal Archer","Stampede","Banner Bearer","Pummeling Goliath"
"Maw of Lorkhaj","Zhaj'hassa the Forgotten","https://www.esologs.com/reports/GtqMygpFzVX7a3Pf#fight=3&type=summary&source=7","@Blackdier","Setecientos Unno","herald-x-x-perfected-slivers-of-the-null-arca-spattering-disjunction","dps","Herald","x","x","Spattering Disjunction","Perfected Slivers of the Null Arca","232663.1","11118.1","49.1","232663.1 DPS","The Thief","Spattering Disjunction Hat (Spattering Disjunction)","Spattering Disjunction Jack (Spattering Disjunction)","Zaan Arm Cops (Zaan)","Perfected Null Arca Bracers (Perfected Slivers of the Null Arca)","","Spattering Disjunction Guards (Spattering Disjunction)","Spattering Disjunction Boots (Spattering Disjunction)","","Perfected Null Arca Ring (Perfected Slivers of the Null Arca)","Perfected Null Arca Ring (Perfected Slivers of the Null Arca)","Perfected Null Arca Dagger (Perfected Slivers of the Null Arca)","Perfected Null Arca Dagger (Perfected Slivers of the Null Arca)","The Maelstrom's Perfected Greatsword (Perfected Merciless Charge)"," ()","Magical Banner (Class Flourish / Heroism)","Cephaliarch's Flail","Camouflaged Hunter","Pragmatic Fatecarver","Quick Cloak","Flawless Dawnbreaker","Stampede","Camouflaged Hunter","Fulminating Rune","Inspired Scholarship","Magical Banner (Class Flourish / Heroism)","The Languid Eye"
"Maw of Lorkhaj","Zhaj'hassa the Forgotten","https://www.esologs.com/reports/GtqMygpFzVX7a3Pf#fight=3&type=summary&source=2","@pukyl98","Äntoniette","herald-x-x-perfected-slivers-of-the-null-arca-spattering-disjunction","dps","Herald","x","x","Perfected Slivers of the Null Arca","Spattering Disjunction","230945.8","17969.0","32.6","230945.8 DPS","","Perfected Null Arca Helmet (Perfected Slivers of the Null Arca)","Spattering Disjunction Jack (Spattering Disjunction)","Slimecraw Epaulets (Slimecraw)","Spattering Disjunction Bracers (Spattering Disjunction)","","Spattering Disjunction Guards (Spattering Disjunction)","Spattering Disjunction Boots (Spattering Disjunction)","","Perfected Null Arca Ring (Perfected Slivers of the Null Arca)","Perfected Null Arca Ring (Perfected Slivers of the Null Arca)","Perfected Null Arca Dagger (Perfected Slivers of the Null Arca)","Perfected Null Arca Dagger (Perfected Slivers of the Null Arca)","The Maelstrom's Greatsword (Merciless Charge)"," ()","Barbed Trap","Quick Cloak","Cephaliarch's Flail","Pragmatic Fatecarver","Camouflaged Hunter","Flawless Dawnbreaker","Ulfsild's Contingency","Inspired Scholarship","Fulminating Rune","Stampede","Camouflaged Hunter","The Languid Eye"
"Maw of Lorkhaj","Zhaj'hassa the Forgotten","https://www.esologs.com/reports/GtqMygpFzVX7a3Pf#fight=3&type=summary&source=6","@JorroTreul","Jo'Rojo","herald-x-x-perfected-slivers-of-the-null-arca-spattering-disjunction","dps","Herald","x","x","Spattering Disjunction","Perfected Slivers of the Null Arca","124376.7","18199.7","39.7","124376.7 DPS","","Slimecraw Guise (Slimecraw)","Spattering Disjunction Jack (Spattering Disjunction)","Perfected Null Arca Arm Cops (Perfected Slivers of the Null Arca)","Spattering Disjunction Bracers (Spattering Disjunction)","","Spattering Disjunction Guards (Spattering Disjunction)","Spattering Disjunction Boots (Spattering Disjunction)","","Perfected Null Arca Ring (Perfected Slivers of the Null Arca)","Perfected Null Arca Ring (Perfected Slivers of the Null Arca)","Perfected Null Arca Dagger (Perfected Slivers of the Null Arca)","Perfected Null Arca Dagger (Perfected Slivers of the Null Arca)","The Maelstrom's Perfected Greatsword (Perfected Merciless Charge)"," ()","Pragmatic Fatecarver","Cephaliarch's Flail","Camouflaged Hunter","Quick Cloak","Barbed Trap","Flawless Dawnbreaker","Stampede","Inspired Scholarship","Echoing Vigor","Fulminating Rune","Camouflaged Hunter","The Languid Eye"
"Maw of Lorkhaj","Zhaj'hassa the Forgotten","https://www.esologs.com/reports/GtqMygpFzVX7a3Pf#fight=3&type=summary&source=2","@Pinkypink1972","Arthur Kensington Jr","herald-x-x-perfected-slivers-of-the-null-arca-spattering-disjunction","dps","Herald","x","x","Perfected Slivers of the Null Arca","Spattering Disjunction","116151.0","3925.0","42.8","116151.0 DPS","","Perfected Null Arca Helmet (Perfected Slivers of the Null Arca)","Spattering Disjunction Jack (Spattering Disjunction)","Slimecraw Arm Cops (Slimecraw)","Spattering Disjunction Bracers (Spattering Disjunction)","","Spattering Disjunction Guards (Spattering Disjunction)","Spattering Disjunction Boots (Spattering Disjunction)","","Perfected Null Arca Ring (Perfected Slivers of the Null Arca)","Perfected Null Arca Ring (Perfected Slivers of the Null Arca)","Perfected Null Arca Dagger (Perfected Slivers of the Null Arca)","Perfected Null Arca Dagger (Perfected Slivers of the Null Arca)","The Maelstrom's Perfected Greatsword (Perfected Merciless Charge)"," ()","Quick Cloak","Cephaliarch's Flail","Pragmatic Fatecarver","Camouflaged Hunter","Shocking Banner (Class Flourish / Heroism)","Flawless Dawnbreaker","Inspired Scholarship","Stampede","Fulminating Rune","Resolving Vigor","Shocking Banner (Class Flourish / Heroism)","The Languid Eye"
"Maw of Lorkhaj","Zhaj'hassa the Forgotten","https://www.esologs.com/reports/GtqMygpFzVX7a3Pf#fight=3&type=summary&source=3","@Tommothy","Azno Naem","herald-x-x-perfected-slivers-of-the-null-arca-spattering-disjunction","dps","Herald","x","x","Spattering Disjunction","Perfected Slivers of the Null Arca","169908.9","5572.9","26.5","169908.9 DPS","","Huntsman's Warmask (Huntsman's Warmask)","Spattering Disjunction Jack (Spattering Disjunction)","Slimecraw Epaulets (Slimecraw)","Spattering Disjunction Bracers (Spattering Disjunction)","","Spattering Disjunction Guards (Spattering Disjunction)","Perfected Null Arca Boots (Perfected Slivers of the Null Arca)","","Perfected Null Arca Ring (Perfected Slivers of the Null Arca)","Perfected Null Arca Ring (Perfected Slivers of the Null Arca)","Perfected Null Arca Dagger (Perfected Slivers of the Null Arca)","Perfected Null Arca Dagger (Perfected Slivers of the Null Arca)","The Maelstrom's Greatsword (Merciless Charge)"," ()","Camouflaged Hunter","Quick Cloak","Cephaliarch's Flail","Pragmatic Fatecarver","Banner Bearer","Flawless Dawnbreaker","Barbed Trap","Stampede","Inspired Scholarship","Fulminating Rune","Banner Bearer","The Tide King's Gaze"
"Maw of Lorkhaj","Zhaj'hassa the Forgotten","https://www.esologs.com/reports/GtqMygpFzVX7a3Pf#fight=3&type=summary&source=1","@Gederic","Alvesa Aren","herald-x-x-perfected-slivers-of-the-null-arca-spattering-disjunction","dps","Herald","x","x","Spattering Disjunction","Perfected Slivers of the Null Arca","111227.6","5262.4","22.7","111227.6 DPS","","Slimecraw Mask (Slimecraw)","Spattering Disjunction Jack (Spattering Disjunction)","Spattering Disjunction Epaulets (Spattering Disjunction)","Spattering Disjunction Bracers (Spattering Disjunction)","","Spattering Disjunction Guards (Spattering Disjunction)","Spattering Disjunction Boots (Spattering Disjunction)","","Perfected Null Arca Ring (Perfected Slivers of the Null Arca)","Perfected Null Arca Ring (Perfected Slivers of the Null Arca)","Perfected Null Arca Dagger (Perfected Slivers of the Null Arca)","Perfected Null Arca Dagger (Perfected Slivers of the Null Arca)","The Maelstrom's Perfected Inferno Staff (Perfected Crushing Wall)"," ()","Banner Bearer","Quick Cloak","Cephaliarch's Flail","Pragmatic Fatecarver","Camouflaged Hunter","Flawless Dawnbreaker","Fulminating Rune","Blockade of Fire","Banner Bearer","Inspired Scholarship","Anti-Cavalry Caltrops","The Languid Eye"
"Maw of Lorkhaj","Zhaj'hassa the Forgotten","https://www.esologs.com/reports/dxKwpWT4njbzQL6M#fight=83&type=summary&source=7","@Xudowudo","Meów for Heals","herald-x-x-mechanical-acuity-perfected-bahseis-mania","dps","Herald","x","x","Mechanical Acuity","Perfected Bahsei's Mania","452988.0","9412.0","60.3","452988.0 DPS","","Huntsman's Warmask (Huntsman's Warmask)","Jack of Mechanical Acuity (Mechanical Acuity)","Ansuul's Perfected Arm Cops (Perfected Ansuul's Torment)","Bracers of Mechanical Acuity (Mechanical Acuity)","","Guards of Mechanical Acuity (Mechanical Acuity)","Perfected Shoes of Bahsei's Mania (Perfected Bahsei's Mania)","","Perfected Ring of Bahsei's Mania (Perfected Bahsei's Mania)","Perfected Ring of Bahsei's Mania (Perfected Bahsei's Mania)","Perfected Sword of Bahsei's Mania (Perfected Bahsei's Mania)","Sword of Mechanical Acuity (Mechanical Acuity)","The Maelstrom's Perfected Greatsword (Perfected Merciless Charge)"," ()","Inspired Scholarship","Tentacular Dread","Exhausting Fatecarver","Quick Cloak","Banner Bearer","Flawless Dawnbreaker","Executioner","Stampede","Magical Soul","Simmering Frenzy","Banner Bearer","The Languid Eye"
"Maw of Lorkhaj","Zhaj'hassa the Forgotten","https://www.esologs.com/reports/dxKwpWT4njbzQL6M#fight=83&type=summary&source=9","@Brassmoose","Naomi Archag am Arc'gah","herald-x-x-mechanical-acuity-perfected-bahseis-mania","dps","Herald","x","x","Mechanical Acuity","Perfected Bahsei's Mania","525427.2","757.9","54.8","525427.2 DPS","","Huntsman's Warmask (Huntsman's Warmask)","Jack of Mechanical Acuity (Mechanical Acuity)","Ansuul's Perfected Arm Cops (Perfected Ansuul's Torment)","Bracers of Mechanical Acuity (Mechanical Acuity)","","Guards of Mechanical Acuity (Mechanical Acuity)","Boots of Mechanical Acuity (Mechanical Acuity)","","Perfected Ring of Bahsei's Mania (Perfected Bahsei's Mania)","Perfected Ring of Bahsei's Mania (Perfected Bahsei's Mania)","Sword of Mechanical Acuity (Mechanical Acuity)","Perfected Sword of Bahsei's Mania (Perfected Bahsei's Mania)","The Maelstrom's Perfected Greatsword (Perfected Merciless Charge)"," ()","Quick Cloak","Tentacular Dread","Barbed Trap","Exhausting Fatecarver","Camouflaged Hunter","Flawless Dawnbreaker","Stampede","Simmering Frenzy","Leashing Burst","Inspired Scholarship","Executioner","The Languid Eye"
"Maw of Lorkhaj","Zhaj'hassa the Forgotten","https://www.esologs.com/reports/dxKwpWT4njbzQL6M#fight=83&type=summary&source=5","@God'sGifttoGaming","Dreaming and Beaming","herald-x-x-mechanical-acuity-perfected-bahseis-mania","dps","Herald","x","x","Mechanical Acuity","Perfected Bahsei's Mania","533985.7","23459.2","60.3","533985.7 DPS","The Thief","Huntsman's Warmask (Huntsman's Warmask)","Jack of Mechanical Acuity (Mechanical Acuity)","Ansuul's Perfected Arm Cops (Perfected Ansuul's Torment)","Bracers of Mechanical Acuity (Mechanical Acuity)","","Guards of Mechanical Acuity (Mechanical Acuity)","Boots of Mechanical Acuity (Mechanical Acuity)","","Perfected Ring of Bahsei's Mania (Perfected Bahsei's Mania)","Perfected Ring of Bahsei's Mania (Perfected Bahsei's Mania)","Perfected Sword of Bahsei's Mania (Perfected Bahsei's Mania)","Sword of Mechanical Acuity (Mechanical Acuity)","The Maelstrom's Perfected Greatsword (Perfected Merciless Charge)"," ()","Magical Soul","Tentacular Dread","Exhausting Fatecarver","Quick Cloak","Banner Bearer","Flawless Dawnbreaker","Executioner","Stampede","Simmering Frenzy","Inspired Scholarship","Banner Bearer","The Languid Eye"
"Maw of Lorkhaj","Zhaj'hassa the Forgotten","https://www.esologs.com/reports/dxKwpWT4njbzQL6M#fight=83&type=summary&source=11","@I.Bad","Stuck in Prebuff","herald-x-x-mechanical-acuity-perfected-bahseis-mania","dps","Herald","x","x","Mechanical Acuity","Perfected Bahsei's Mania","422529.0","35032.2","43.9","422529.0 DPS","","Huntsman's Warmask (Huntsman's Warmask)","Jack of Mechanical Acuity (Mechanical Acuity)","Arm Cops of Mechanical Acuity (Mechanical Acuity)","Bracers of Mechanical Acuity (Mechanical Acuity)","","Ansuul's Perfected Guards (Perfected Ansuul's Torment)","Boots of Mechanical Acuity (Mechanical Acuity)","","Perfected Ring of Bahsei's Mania (Perfected Bahsei's Mania)","Perfected Ring of Bahsei's Mania (Perfected Bahsei's Mania)","Sword of Mechanical Acuity (Mechanical Acuity)","Perfected Sword of Bahsei's Mania (Perfected Bahsei's Mania)","The Maelstrom's Perfected Greatsword (Perfected Merciless Charge)"," ()","Camouflaged Hunter","Quick Cloak","Cephaliarch's Flail","Exhausting Fatecarver","Banner Bearer","Flawless Dawnbreaker","Simmering Frenzy","Stampede","Leashing Burst","Inspired Scholarship","Banner Bearer","The Languid Eye"
"Maw of Lorkhaj","Zhaj'hassa the Forgotten","https://www.esologs.com/reports/dxKwpWT4njbzQL6M#fight=83&type=summary&source=10","@DJ_M1n3r","Skrting on the Surface","herald-x-x-mechanical-acuity-perfected-bahseis-mania","dps","Herald","x","x","Mechanical Acuity","Perfected Bahsei's Mania","461697.8","3839.8","27.4","461697.8 DPS","","Huntsman's Warmask (Huntsman's Warmask)","Jack of Mechanical Acuity (Mechanical Acuity)","Ansuul's Perfected Arm Cops (Perfected Ansuul's Torment)","Bracers of Mechanical Acuity (Mechanical Acuity)","","Guards of Mechanical Acuity (Mechanical Acuity)","Boots of Mechanical Acuity (Mechanical Acuity)","","Perfected Ring of Bahsei's Mania (Perfected Bahsei's Mania)","Perfected Ring of Bahsei's Mania (Perfected Bahsei's Mania)","Perfected Sword of Bahsei's Mania (Perfected Bahsei's Mania)","Perfected Sword of Bahsei's Mania (Perfected Bahsei's Mania)","The Maelstrom's Perfected Greatsword (Perfected Merciless Charge)"," ()","Exhausting Fatecarver","Camouflaged Hunter","Cephaliarch's Flail","Banner Bearer","Leashing Burst","Flawless Dawnbreaker","Stampede","Simmering Frenzy","Banner Bearer","Inspired Scholarship","Quick Cloak","The Languid Eye"
"Maw of Lorkhaj","Zhaj'hassa the Forgotten","https://www.esologs.com/reports/JyQrTdKBkDjx64wR#fight=22&type=summary&source=10","@BlackoutSR","Wtb Blastbones","bone-grave-herald-corpseburster-perfected-slivers-of-the-null-arca","dps","Grave","Bone","Herald","Perfected Slivers of the Null Arca","Corpseburster","465407.1","10932.7","193.4","465407.1 DPS","The Thief","Huntsman's Warmask (Huntsman's Warmask)","Perfected Null Arca Jack (Perfected Slivers of the Null Arca)","Ansuul's Perfected Arm Cops (Perfected Ansuul's Torment)","Perfected Null Arca Bracers (Perfected Slivers of the Null Arca)","","Perfected Null Arca Guards (Perfected Slivers of the Null Arca)","Perfected Null Arca Boots (Perfected Slivers of the Null Arca)","","Corpseburster Ring (Corpseburster)","Corpseburster Ring (Corpseburster)","Corpseburster Dagger (Corpseburster)","Corpseburster Dagger (Corpseburster)","The Maelstrom's Perfected Greatsword (Perfected Merciless Charge)"," ()","Unnerving Boneyard","Blighted Blastbones","Venom Skull","Quick Cloak","Detonating Siphon","Flawless Dawnbreaker","Stampede","Skeletal Archer","Carve","Ulfsild's Contingency","Barbed Trap","Pummeling Goliath"
"Maw of Lorkhaj","Zhaj'hassa the Forgotten","https://www.esologs.com/reports/JyQrTdKBkDjx64wR#fight=22&type=summary&source=2","@iHobbit","dropped dead","bone-grave-herald-corpseburster-perfected-slivers-of-the-null-arca","dps","Grave","Bone","Herald","Perfected Slivers of the Null Arca","Corpseburster","315326.1","2088.2","142.4","315326.1 DPS","","Huntsman's Warmask (Huntsman's Warmask)","Perfected Null Arca Jack (Perfected Slivers of the Null Arca)","Slimecraw Arm Cops (Slimecraw)","Perfected Null Arca Bracers (Perfected Slivers of the Null Arca)","","Perfected Null Arca Guards (Perfected Slivers of the Null Arca)","Perfected Null Arca Boots (Perfected Slivers of the Null Arca)","","Corpseburster Ring (Corpseburster)","Corpseburster Ring (Corpseburster)","Corpseburster Dagger (Corpseburster)","Corpseburster Dagger (Corpseburster)","The Maelstrom's Perfected Greatsword (Perfected Merciless Charge)"," ()","Blighted Blastbones","Venom Skull","Avid Boneyard","Banner Bearer","Detonating Siphon","Flawless Dawnbreaker","Stampede","Scalding Rune","Carve","Banner Bearer","Skeletal Archer","Pummeling Goliath"
"Maw of Lorkhaj","Zhaj'hassa the Forgotten","https://www.esologs.com/reports/JyQrTdKBkDjx64wR#fight=22&type=summary&source=12","@T0mii","Twardo Wśród Trupów","bone-grave-herald-corpseburster-perfected-slivers-of-the-null-arca","dps","Grave","Bone","Herald","Perfected Slivers of the Null Arca","Corpseburster","285686.7","8878.8","128.9","285686.7 DPS","","Selene Mask (Selene)","Perfected Null Arca Jack (Perfected Slivers of the Null Arca)","Selene Arm Cops (Selene)","Perfected Null Arca Bracers (Perfected Slivers of the Null Arca)","","Perfected Null Arca Guards (Perfected Slivers of the Null Arca)","Perfected Null Arca Boots (Perfected Slivers of the Null Arca)","","Corpseburster Ring (Corpseburster)","Corpseburster Ring (Corpseburster)","Corpseburster Dagger (Corpseburster)","Corpseburster Dagger (Corpseburster)","The Maelstrom's Perfected Greatsword (Perfected Merciless Charge)"," ()","Blighted Blastbones","Avid Boneyard","Detonating Siphon","Venom Skull","Banner Bearer","Flawless Dawnbreaker","Stampede","Barbed Trap","Skeletal Archer","Carve","Banner Bearer","Pummeling Goliath"
"Maw of Lorkhaj","Zhaj'hassa the Forgotten","https://www.esologs.com/reports/JyQrTdKBkDjx64wR#fight=22&type=summary&source=2","@blurify","b-luri-fy","bone-grave-herald-corpseburster-perfected-slivers-of-the-null-arca","dps","Grave","Bone","Herald","Perfected Slivers of the Null Arca","Corpseburster","207672.2","7974.4","133.7","207672.2 DPS","","Huntsman's Warmask (Huntsman's Warmask)","Perfected Null Arca Jack (Perfected Slivers of the Null Arca)","Zaan Arm Cops (Zaan)","Perfected Null Arca Bracers (Perfected Slivers of the Null Arca)","","Perfected Null Arca Guards (Perfected Slivers of the Null Arca)","Perfected Null Arca Boots (Perfected Slivers of the Null Arca)","","Corpseburster Ring (Corpseburster)","Corpseburster Ring (Corpseburster)","Corpseburster Dagger (Corpseburster)","Corpseburster Dagger (Corpseburster)","The Maelstrom's Perfected Greatsword (Perfected Merciless Charge)"," ()","Venom Skull","Banner Bearer","Blighted Blastbones","Detonating Siphon","Unnerving Boneyard","Flawless Dawnbreaker","Barbed Trap","Banner Bearer","Stampede","Carve","Skeletal Archer","Pummeling Goliath"
"Maw of Lorkhaj","Zhaj'hassa the Forgotten","https://www.esologs.com/reports/JyQrTdKBkDjx64wR#fight=22&type=summary&source=1246","@BlackoutSR","Wtb Blastbones","bone-grave-herald-corpseburster-perfected-slivers-of-the-null-arca","dps","Grave","Bone","Herald","Perfected Slivers of the Null Arca","Corpseburster","202944.0","3979.0","117.4","202944.0 DPS","","Huntsman's Warmask (Huntsman's Warmask)","Perfected Null Arca Jack (Perfected Slivers of the Null Arca)","Zaan Arm Cops (Zaan)","Perfected Null Arca Bracers (Perfected Slivers of the Null Arca)","","Perfected Null Arca Guards (Perfected Slivers of the Null Arca)","Perfected Null Arca Boots (Perfected Slivers of the Null Arca)","","Corpseburster Ring (Corpseburster)","Corpseburster Ring (Corpseburster)","Corpseburster Dagger (Corpseburster)","Corpseburster Dagger (Corpseburster)","The Maelstrom's Perfected Greatsword (Perfected Merciless Charge)"," ()","Unnerving Boneyard","Blighted Blastbones","Venom Skull","Banner Bearer","Detonating Siphon","Flawless Dawnbreaker","Stampede","Skeletal Archer","Carve","Banner Bearer","Barbed Trap","Pummeling Goliath"
"Maw of Lorkhaj","Zhaj'hassa the Forgotten","https://www.esologs.com/reports/JyQrTdKBkDjx64wR#fight=22&type=summary&source=6","@japans_ninja","Ninjango Uchiha","ardent-earthen-x-roar-of-alkosh-zens-redress","dps","Ardent","Earthen","x","Roar of Alkosh","Z'en's Redress","151018.7","16349.4","88.6","151018.7 DPS","","Huntsman's Warmask (Huntsman's Warmask)","Jack of Alkosh (Roar of Alkosh)","Zaan Epaulets (Zaan)","Bracers of Alkosh (Roar of Alkosh)","","Guards of Alkosh (Roar of Alkosh)","Boots of Alkosh (Roar of Alkosh)","","Z'en's Ring (Z'en's Redress)","Z'en's Ring (Z'en's Redress)","Z'en's Dagger (Z'en's Redress)","Z'en's Dagger (Z'en's Redress)","The Maelstrom's Perfected Greatsword (Perfected Merciless Charge)"," ()","Flame Lash","Magma Fist","Disintegrating Dragonfire","Barbed Trap","Shattering Knife","Flawless Dawnbreaker","Searing Claw","Stampede","Shatterspike Mantle","Igneous Weapons","Incinerate","Standard of Might"
"Maw of Lorkhaj","Zhaj'hassa the Forgotten","https://www.esologs.com/reports/JyQrTdKBkDjx64wR#fight=22&type=summary&source=8","@Meldor_Greenwood","Murzkah gra-Pandrum","ardent-earthen-x-roar-of-alkosh-zens-redress","dps","Ardent","Earthen","x","Roar of Alkosh","Z'en's Redress","180654.9","16120.2","85.8","180654.9 DPS","The Thief","Huntsman's Warmask (Huntsman's Warmask)","Jack of Alkosh (Roar of Alkosh)","The Blind Arm Cops (The Blind)","Bracers of Alkosh (Roar of Alkosh)","","Guards of Alkosh (Roar of Alkosh)","Boots of Alkosh (Roar of Alkosh)","","Z'en's Ring (Z'en's Redress)","Z'en's Ring (Z'en's Redress)","Z'en's Dagger (Z'en's Redress)","Z'en's Dagger (Z'en's Redress)","The Maelstrom's Perfected Greatsword (Perfected Merciless Charge)"," ()","Searing Claw","Flame Lash","Magma Fist","Soul of Flame","Disintegrating Dragonfire","Flawless Dawnbreaker","Stampede","Ulfsild's Contingency","Shatterspike Mantle","Igneous Weapons","Incinerate","Standard of Might"
"Maw of Lorkhaj","Zhaj'hassa the Forgotten","https://www.esologs.com/reports/JyQrTdKBkDjx64wR#fight=22&type=summary&source=80","@Zeeces","Funken Flo","ardent-earthen-x-roar-of-alkosh-zens-redress","dps","Ardent","Earthen","x","Z'en's Redress","Roar of Alkosh","140605.4","2014.3","89.7","140605.4 DPS","","Huntsman's Warmask (Huntsman's Warmask)","Jack of Alkosh (Roar of Alkosh)","Arm Cops of Alkosh (Roar of Alkosh)","Bracers of Alkosh (Roar of Alkosh)","","Guards of Alkosh (Roar of Alkosh)","Z'en's Shoes (Z'en's Redress)","","Z'en's Ring (Z'en's Redress)","Z'en's Ring (Z'en's Redress)","Z'en's Dagger (Z'en's Redress)","Z'en's Dagger (Z'en's Redress)","The Maelstrom's Greatsword (Merciless Charge)"," ()","Magma Fist","Searing Claw","Disintegrating Dragonfire","Deadly Cloak","Molten Whip","Flawless Dawnbreaker","Incinerate","Stampede","Shatterspike Mantle","Barbed Trap","Igneous Weapons","Shifting Standard"
"Maw of Lorkhaj","Zhaj'hassa the Forgotten","https://www.esologs.com/reports/JyQrTdKBkDjx64wR#fight=22&type=summary&source=9","@N'ox","Sigvar Flame-Song","ardent-earthen-x-roar-of-alkosh-zens-redress","dps","Ardent","Earthen","x","Roar of Alkosh","Z'en's Redress","102459.6","9327.8","62.6","102459.6 DPS","","Zaan Guise (Zaan)","Jack of Alkosh (Roar of Alkosh)","Mora's Whispers (Mora's Whispers)","Z'en's Gloves (Z'en's Redress)","","Guards of Alkosh (Roar of Alkosh)","Boots of Alkosh (Roar of Alkosh)","","Z'en's Ring (Z'en's Redress)","Ring of Alkosh (Roar of Alkosh)","Z'en's Dagger (Z'en's Redress)","Z'en's Dagger (Z'en's Redress)","The Maelstrom's Perfected Battle Axe (Perfected Merciless Charge)"," ()","Magma Fist","Molten Whip","Disintegrating Dragonfire","Barbed Trap","Heart of Flame","Flawless Dawnbreaker","Stampede","Searing Claw","Shatterspike Mantle","Incinerate","Igneous Weapons","Standard of Might"
"Maw of Lorkhaj","Zhaj'hassa the Forgotten","https://www.esologs.com/reports/JyQrTdKBkDjx64wR#fight=22&type=summary&source=9","@Nocturum","Nocturane","ardent-earthen-x-roar-of-alkosh-zens-redress","dps","Ardent","Earthen","x","Roar of Alkosh","Z'en's Redress","86235.2","14000.3","71.5","86235.2 DPS","","Encratis's Behemoth Guise (Encratis's Behemoth)","Jack of Alkosh (Roar of Alkosh)","Encratis's Behemoth Epaulets (Encratis's Behemoth)","Bracers of Alkosh (Roar of Alkosh)","","Guards of Alkosh (Roar of Alkosh)","Boots of Alkosh (Roar of Alkosh)","","Z'en's Ring (Z'en's Redress)","Z'en's Ring (Z'en's Redress)","Z'en's Dagger (Z'en's Redress)","Z'en's Dagger (Z'en's Redress)","The Maelstrom's Perfected Battle Axe (Perfected Merciless Charge)"," ()","Magma Fist","Searing Claw","Barbed Trap","Molten Whip","Quick Cloak","Flawless Dawnbreaker","Stampede","Disintegrating Dragonfire","Sundering Soul","Shatterspike Mantle","Igneous Weapons","Standard of Might"
"Maw of Lorkhaj","Zhaj'hassa the Forgotten","https://www.esologs.com/reports/KfpvgnMaJRFkhdGT#fight=13&type=summary&source=1","@foxmillet","Elyna Euthanazepam","animal-green-winter-master-architect-serpents-disdain","healer","Animal","Green","Winter","Serpent's Disdain","Master Architect","30585.4","107484.7","69.3","107484.7 HPS","The Ritual","Ozezan the Inferno's Visage (Ozezan the Inferno)","Robe of Serpent's Disdain (Serpent's Disdain)","Spaulder of Ruin (Spaulder of Ruin)","Gloves of Serpent's Disdain (Serpent's Disdain)","","Breeches of Serpent's Disdain (Serpent's Disdain)","Shoes of Serpent's Disdain (Serpent's Disdain)","","Master Architect Ring (Master Architect)","Master Architect Ring (Master Architect)","The Master's Perfected Restoration Staff (Perfected Grand Rejuvenation)"," ()","Master Architect Ice Staff (Master Architect)"," ()","Illustrious Healing","Combat Prayer","Budding Seeds","Overflowing Altar","Echoing Vigor","Eternal Guardian","Winter's Revenge","Expansive Frost Cloak","Mystic Orb","Elemental Susceptibility","Blockade of Frost","Reviving Barrier"
"Maw of Lorkhaj","Zhaj'hassa the Forgotten","https://www.esologs.com/reports/KfpvgnMaJRFkhdGT#fight=13&type=summary&source=1","@R.Nox","Silvae Nox","animal-green-winter-master-architect-serpents-disdain","healer","Animal","Green","Winter","Serpent's Disdain","Master Architect","9218.0","49554.8","33.6","49554.8 HPS","","Ozezan the Inferno's Mask (Ozezan the Inferno)","Robe of Serpent's Disdain (Serpent's Disdain)","Ozezan the Inferno's Epaulets (Ozezan the Inferno)","Gloves of Serpent's Disdain (Serpent's Disdain)","","Breeches of Serpent's Disdain (Serpent's Disdain)","Shoes of Serpent's Disdain (Serpent's Disdain)","","Master Architect Ring (Master Architect)","Master Architect Ring (Master Architect)","The Master's Perfected Restoration Staff (Perfected Grand Rejuvenation)"," ()","Master Architect Lightning Staff (Master Architect)"," ()","Combat Prayer","Radiating Regeneration","Illustrious Healing","Echoing Vigor","Budding Seeds","Feral Guardian","Elemental Susceptibility","Warding Contingency (Gladiator's Tenacity / Protection)","Expansive Frost Cloak","Energy Orb","Blockade of Storms","Reviving Barrier"
"Maw of Lorkhaj","Zhaj'hassa the Forgotten","https://www.esologs.com/reports/KfpvgnMaJRFkhdGT#fight=13&type=summary&source=11","@Szuszi","Shunimba Szú","animal-green-winter-master-architect-serpents-disdain","healer","Animal","Green","Winter","Serpent's Disdain","Master Architect","11850.2","92518.8","31.8","92518.8 HPS","","Symphony of Blades Mask (Symphony of Blades)","Robe of Serpent's Disdain (Serpent's Disdain)","Symphony of Blades Pauldrons (Symphony of Blades)","Master Architect Gloves (Master Architect)","","Breeches of Serpent's Disdain (Serpent's Disdain)","Shoes of Serpent's Disdain (Serpent's Disdain)","","Master Architect Ring (Master Architect)","Master Architect Ring (Master Architect)","Master Architect Restoration Staff (Master Architect)"," ()","Ice Staff of Serpent's Disdain (Serpent's Disdain)"," ()","Budding Seeds","Combat Prayer","Illustrious Healing","Energy Orb","Enchanted Growth","Aggressive Horn","Overflowing Altar","Elemental Susceptibility","Elemental Blockade","Expansive Frost Cloak","Echoing Vigor","Eternal Guardian"
"Maw of Lorkhaj","Zhaj'hassa the Forgotten","https://www.esologs.com/reports/4vJ9rfjmGMCVNWXg#fight=3&type=summary&source=11","@FalleNwAm","Simp on Steroids","ardent-earthen-x-perfected-lucent-echoes-perfected-xoryns-masterpiece","tank","Ardent","Earthen","x","Perfected Xoryn's Masterpiece","Perfected Lucent Echoes","26356.0","11917.0","78.5","78.5 CPM","The Atronach","Archdruid Devyric's Guise (Archdruid Devyric)","Lucent Echoes Perfected Cuirass (Perfected Lucent Echoes)","Archdruid Devyric's Arm Cops (Archdruid Devyric)","Lucent Echoes Perfected Gauntlets (Perfected Lucent Echoes)","","Lucent Echoes Perfected Greaves (Perfected Lucent Echoes)","Lucent Echoes Perfected Sabatons (Perfected Lucent Echoes)","","Xoryn's Perfected Ring (Perfected Xoryn's Masterpiece)","Xoryn's Perfected Ring (Perfected Xoryn's Masterpiece)","Xoryn's Perfected Sword (Perfected Xoryn's Masterpiece)","Xoryn's Perfected Dagger (Perfected Xoryn's Masterpiece)","Xoryn's Perfected Ice Staff (Perfected Xoryn's Masterpiece)"," ()","Inner Rage","Magma Fist","Shattering Knife","Chains of Dominance","Resolving Vigor","Reviving Barrier","Igneous Weapons","Heart of Flame","Elemental Blockade","Earthshield Mantle","Elemental Susceptibility","Standard of Might"
"Maw of Lorkhaj","Zhaj'hassa the Forgotten","https://www.esologs.com/reports/4vJ9rfjmGMCVNWXg#fight=3&type=summary&source=73","@bi0skill3r","Meresa Triple-Spring","ardent-earthen-x-perfected-lucent-echoes-perfected-xoryns-masterpiece","tank","Ardent","Earthen","x","Perfected Xoryn's Masterpiece","Perfected Lucent Echoes","17718.0","14630.6","62.3","62.3 CPM","","Nazaray Mask (Nazaray)","Lucent Echoes Perfected Cuirass (Perfected Lucent Echoes)","Nazaray Epaulets (Nazaray)","Lucent Echoes Perfected Gauntlets (Perfected Lucent Echoes)","","Lucent Echoes Perfected Greaves (Perfected Lucent Echoes)","Lucent Echoes Perfected Sabatons (Perfected Lucent Echoes)","","Xoryn's Perfected Ring (Perfected Xoryn's Masterpiece)","Xoryn's Perfected Ring (Perfected Xoryn's Masterpiece)","Xoryn's Perfected Sword (Perfected Xoryn's Masterpiece)","Xoryn's Perfected Shield (Perfected Xoryn's Masterpiece)","Xoryn's Perfected Ice Staff (Perfected Xoryn's Masterpiece)"," ()","Goading Throw","Ulfsild's Contingency","Soul of Flame","Hearth and Home","Blood of the Elder Dragon","Replenishing Barrier","Earthshield Mantle","Igneous Weapons","Chains of Dominance","Elemental Blockade","Elemental Susceptibility","Standard of Might"
"Maw of Lorkhaj","Zhaj'hassa the Forgotten","https://www.esologs.com/reports/4vJ9rfjmGMCVNWXg#fight=3&type=summary&source=1","@knotxavvy","Chōkyori","animal-green-winter-master-architect-powerful-assault","healer","Animal","Green","Winter","Master Architect","Powerful Assault","14093.2","116038.7","60.7","116038.7 HPS","","Ozezan the Inferno's Guise (Ozezan the Inferno)","Master Architect Robe (Master Architect)","Ozezan the Inferno's Epaulets (Ozezan the Inferno)","Master Architect Gloves (Master Architect)","","Master Architect Breeches (Master Architect)","Boots of the Powerful Assault (Powerful Assault)","","Ring of the Powerful Assault (Powerful Assault)","Death Dealer's Fete (Death Dealer's Fete)","Restoration Staff of the Powerful Assault (Powerful Assault)"," ()","Master Architect Ice Staff (Master Architect)"," ()","Combat Prayer","Illustrious Healing","Echoing Vigor","Budding Seeds","Lotus Blossom","Feral Guardian","Blockade of Frost","Elemental Susceptibility","Expansive Frost Cloak","Energy Orb","Blue Betty","Reviving Barrier"
"Maw of Lorkhaj","Zhaj'hassa the Forgotten","https://www.esologs.com/reports/4vJ9rfjmGMCVNWXg#fight=3&type=summary&source=416","@heaven13","Morrigan Le Guen","animal-green-winter-master-architect-powerful-assault","healer","Animal","Green","Winter","Master Architect","Powerful Assault","14417.9","77821.4","46.3","77821.4 HPS","","Symphony of Blades Visage (Symphony of Blades)","Master Architect Robe (Master Architect)","Symphony of Blades Arm Cops (Symphony of Blades)","Master Architect Gloves (Master Architect)","","Master Architect Breeches (Master Architect)","Master Architect Shoes (Master Architect)","","Ring of the Powerful Assault (Powerful Assault)","Ring of the Powerful Assault (Powerful Assault)","The Master's Perfected Restoration Staff (Perfected Grand Rejuvenation)"," ()","Ice Staff of the Powerful Assault (Powerful Assault)"," ()","Radiating Regeneration","Illustrious Healing","Combat Prayer","Enchanted Growth","Blue Betty","Wild Guardian","Elemental Blockade","Winter's Revenge","Budding Seeds","Echoing Vigor","Expansive Frost Cloak","Reviving Barrier"
"Maw of Lorkhaj","The Twins","https://www.esologs.com/reports/JyQrTdKBkDjx64wR#fight=25&type=summary&source=22","@DeFyLegends","Dephy Leggings","ass-shadow-siphon-aegis-caller-perfected-slivers-of-the-null-arca","dps","Ass","Shadow","Siphon","Perfected Slivers of the Null Arca","Aegis Caller","246502.6","2959.6","58.7","246502.6 DPS","","Slimecraw Mask (Slimecraw)","Perfected Null Arca Jack (Perfected Slivers of the Null Arca)","Mora's Whispers (Mora's Whispers)","Perfected Null Arca Bracers (Perfected Slivers of the Null Arca)","","Perfected Null Arca Guards (Perfected Slivers of the Null Arca)","Perfected Null Arca Boots (Perfected Slivers of the Null Arca)","","Aegis Caller's Ring (Aegis Caller)","Aegis Caller's Ring (Aegis Caller)","Aegis Caller's Dagger (Aegis Caller)","Aegis Caller's Dagger (Aegis Caller)","The Maelstrom's Perfected Greatsword (Perfected Merciless Charge)"," ()","Killer's Blade","Surprise Attack","Power Extraction","Shadowy Disguise","Relentless Focus","Incapacitating Strike","Stampede","Anti-Cavalry Caltrops","Simmering Frenzy","Ulfsild's Contingency","Dark Shade","Ice Comet"
"Maw of Lorkhaj","The Twins","https://www.esologs.com/reports/JyQrTdKBkDjx64wR#fight=25&type=summary&source=5","@jeronimq","jø-rşıh'q","ass-shadow-siphon-aegis-caller-perfected-slivers-of-the-null-arca","dps","Ass","Shadow","Siphon","Perfected Slivers of the Null Arca","Aegis Caller","227812.8","15100.4","127.2","227812.8 DPS","","Nerien'eth Guise (Nerien'eth)","Perfected Null Arca Jack (Perfected Slivers of the Null Arca)","Nerien'eth Arm Cops (Nerien'eth)","Aegis Caller's Bracers (Aegis Caller)","","Perfected Null Arca Guards (Perfected Slivers of the Null Arca)","Aegis Caller's Boots (Aegis Caller)","","Perfected Null Arca Ring (Perfected Slivers of the Null Arca)","Perfected Null Arca Ring (Perfected Slivers of the Null Arca)","Aegis Caller's Dagger (Aegis Caller)","Aegis Caller's Dagger (Aegis Caller)","The Maelstrom's Perfected Greatsword (Perfected Merciless Charge)"," ()","Surprise Attack","Shadowy Disguise","Killer's Blade","Relentless Focus","Debilitate","Incapacitating Strike","Carve","Stampede","Dark Shade","Barbed Trap","Siphoning Attacks","Ice Comet"
"Maw of Lorkhaj","The Twins","https://www.esologs.com/reports/JyQrTdKBkDjx64wR#fight=25&type=summary&source=9","@norncat","Not Nyx","ass-shadow-siphon-aegis-caller-perfected-slivers-of-the-null-arca","dps","Ass","Shadow","Siphon","Aegis Caller","Perfected Slivers of the Null Arca","139637.1","12637.9","42.8","139637.1 DPS","","Nerien'eth Mask (Nerien'eth)","Aegis Caller's Jack (Aegis Caller)","Nerien'eth Arm Cops (Nerien'eth)","Perfected Null Arca Bracers (Perfected Slivers of the Null Arca)","","Aegis Caller's Guards (Aegis Caller)","Aegis Caller's Boots (Aegis Caller)","","Perfected Null Arca Ring (Perfected Slivers of the Null Arca)","Aegis Caller's Ring (Aegis Caller)","Perfected Null Arca Dagger (Perfected Slivers of the Null Arca)","Perfected Null Arca Dagger (Perfected Slivers of the Null Arca)","The Maelstrom's Greatsword (Merciless Charge)"," ()","Surprise Attack","Killer's Blade","Debilitate","Relentless Focus","Shadowy Disguise","Incapacitating Strike","Barbed Trap","Stampede","Carve","Ulfsild's Contingency","Dark Shade","Shooting Star"
"Maw of Lorkhaj","The Twins","https://www.esologs.com/reports/JyQrTdKBkDjx64wR#fight=25&type=summary&source=3","@ruciake","Hidden in Despair","ass-shadow-siphon-aegis-caller-perfected-slivers-of-the-null-arca","dps","Ass","Shadow","Siphon","Perfected Slivers of the Null Arca","Aegis Caller","188728.5","3948.9","60.8","188728.5 DPS","","Huntsman's Warmask (Huntsman's Warmask)","Perfected Null Arca Jack (Perfected Slivers of the Null Arca)","Zaan Epaulets (Zaan)","Perfected Null Arca Bracers (Perfected Slivers of the Null Arca)","","Perfected Null Arca Guards (Perfected Slivers of the Null Arca)","Perfected Null Arca Boots (Perfected Slivers of the Null Arca)","","Aegis Caller's Ring (Aegis Caller)","Aegis Caller's Ring (Aegis Caller)","Aegis Caller's Dagger (Aegis Caller)","Aegis Caller's Dagger (Aegis Caller)","The Maelstrom's Perfected Greatsword (Perfected Merciless Charge)"," ()","Surprise Attack","Relentless Focus","Debilitate","Killer's Blade","Shadowy Disguise","Incapacitating Strike","Dark Shade","Stampede","Carve","Barbed Trap","Simmering Frenzy","Veil of Blades"
"Maw of Lorkhaj","The Twins","https://www.esologs.com/reports/JyQrTdKBkDjx64wR#fight=25&type=summary&source=2","@Untaunted","Dusk Blade","ass-shadow-siphon-aegis-caller-perfected-slivers-of-the-null-arca","dps","Ass","Shadow","Siphon","Perfected Slivers of the Null Arca","Aegis Caller","107665.8","11243.5","73.9","107665.8 DPS","","Huntsman's Warmask (Huntsman's Warmask)","Perfected Null Arca Jack (Perfected Slivers of the Null Arca)","Slimecraw Epaulets (Slimecraw)","Perfected Null Arca Bracers (Perfected Slivers of the Null Arca)","","Perfected Null Arca Guards (Perfected Slivers of the Null Arca)","Perfected Null Arca Boots (Perfected Slivers of the Null Arca)","","Aegis Caller's Ring (Aegis Caller)","Aegis Caller's Ring (Aegis Caller)","Aegis Caller's Dagger (Aegis Caller)","Aegis Caller's Dagger (Aegis Caller)","The Maelstrom's Perfected Greatsword (Perfected Merciless Charge)"," ()","Shadowy Disguise","Relentless Focus","Surprise Attack","Killer's Blade","Debilitate","Incapacitating Strike","Dark Shade","Barbed Trap","Stampede","Carve","Fiery Contingency (Lingering Torment / Intellect and Endurance)","Shooting Star"
"Maw of Lorkhaj","The Twins","https://www.esologs.com/reports/JyQrTdKBkDjx64wR#fight=25&type=summary&source=12","@CoachPower","Sookie Northman","ass-shadow-siphon-aegis-caller-perfected-slivers-of-the-null-arca","dps","Ass","Shadow","Siphon","Perfected Slivers of the Null Arca","Aegis Caller","251857.2","19796.7","80.8","251857.2 DPS","","Huntsman's Warmask (Huntsman's Warmask)","Perfected Null Arca Jack (Perfected Slivers of the Null Arca)","Slimecraw Epaulets (Slimecraw)","Perfected Null Arca Bracers (Perfected Slivers of the Null Arca)","","Perfected Null Arca Guards (Perfected Slivers of the Null Arca)","Perfected Null Arca Boots (Perfected Slivers of the Null Arca)","","Aegis Caller's Ring (Aegis Caller)","Aegis Caller's Ring (Aegis Caller)","Aegis Caller's Dagger (Aegis Caller)","Aegis Caller's Dagger (Aegis Caller)","The Maelstrom's Perfected Greatsword (Perfected Merciless Charge)"," ()","Shadowy Disguise","Killer's Blade","Relentless Focus","Surprise Attack","Debilitate","Incapacitating Strike","Barbed Trap","Dark Shade","Ulfsild's Contingency","Carve","Stampede","Veil of Blades"
"Maw of Lorkhaj","The Twins","https://www.esologs.com/reports/JyQrTdKBkDjx64wR#fight=25&type=summary&source=9","@RedLeader99","Redleaderr","ass-shadow-siphon-aegis-caller-perfected-slivers-of-the-null-arca","dps","Ass","Shadow","Siphon","Perfected Slivers of the Null Arca","Aegis Caller","205231.2","10879.8","93.4","205231.2 DPS","","Huntsman's Warmask (Huntsman's Warmask)","Perfected Null Arca Jack (Perfected Slivers of the Null Arca)","Zaan Arm Cops (Zaan)","Perfected Null Arca Bracers (Perfected Slivers of the Null Arca)","","Perfected Null Arca Guards (Perfected Slivers of the Null Arca)","Perfected Null Arca Boots (Perfected Slivers of the Null Arca)","","Aegis Caller's Ring (Aegis Caller)","Aegis Caller's Ring (Aegis Caller)","Aegis Caller's Dagger (Aegis Caller)","Aegis Caller's Dagger (Aegis Caller)","The Maelstrom's Greatsword (Merciless Charge)"," ()","Shadowy Disguise","Relentless Focus","Surprise Attack","Killer's Blade","Debilitate","Incapacitating Strike","Stampede","Carve","Ulfsild's Contingency","Barbed Trap","Dark Shade","Incapacitating Strike"
"Maw of Lorkhaj","The Twins","https://www.esologs.com/reports/JyQrTdKBkDjx64wR#fight=25&type=summary&source=9","@onuhlok","onuhlok","ass-shadow-siphon-aegis-caller-perfected-slivers-of-the-null-arca","dps","Ass","Shadow","Siphon","Perfected Slivers of the Null Arca","Aegis Caller","158880.6","10657.3","73.3","158880.6 DPS","","Huntsman's Warmask (Huntsman's Warmask)","Perfected Null Arca Jack (Perfected Slivers of the Null Arca)","Zaan Epaulets (Zaan)","Perfected Null Arca Bracers (Perfected Slivers of the Null Arca)","","Perfected Null Arca Guards (Perfected Slivers of the Null Arca)","Perfected Null Arca Boots (Perfected Slivers of the Null Arca)","","Aegis Caller's Ring (Aegis Caller)","Aegis Caller's Ring (Aegis Caller)","Aegis Caller's Dagger (Aegis Caller)","Aegis Caller's Dagger (Aegis Caller)","The Maelstrom's Perfected Greatsword (Perfected Merciless Charge)"," ()","Surprise Attack","Merciless Resolve","Killer's Blade","Shadowy Disguise","Debilitate","Incapacitating Strike","Stampede","Carve","Barbed Trap","Ulfsild's Contingency","Dark Shade","Ice Comet"
"Maw of Lorkhaj","The Twins","https://www.esologs.com/reports/JyQrTdKBkDjx64wR#fight=25&type=summary&source=5","@Drako-Ei","J'zack","ass-shadow-siphon-aegis-caller-perfected-slivers-of-the-null-arca","dps","Ass","Shadow","Siphon","Perfected Slivers of the Null Arca","Aegis Caller","172965.9","15419.7","83.9","172965.9 DPS","","Zaan Mask (Zaan)","Perfected Null Arca Jack (Perfected Slivers of the Null Arca)","Mora's Whispers (Mora's Whispers)","Perfected Null Arca Bracers (Perfected Slivers of the Null Arca)","","Perfected Null Arca Guards (Perfected Slivers of the Null Arca)","Perfected Null Arca Boots (Perfected Slivers of the Null Arca)","","Aegis Caller's Ring (Aegis Caller)","Aegis Caller's Ring (Aegis Caller)","Aegis Caller's Dagger (Aegis Caller)","Aegis Caller's Dagger (Aegis Caller)","The Maelstrom's Perfected Greatsword (Perfected Merciless Charge)"," ()","Barbed Trap","Killer's Blade","Deadly Cloak","Relentless Focus","Surprise Attack","Incapacitating Strike","Carve","Stampede","Shadowy Disguise","Debilitate","Dark Shade","Incapacitating Strike"
"Maw of Lorkhaj","The Twins","https://www.esologs.com/reports/JyQrTdKBkDjx64wR#fight=25&type=summary&source=13","@PaganPandas","Harassin Assassin","ass-shadow-siphon-aegis-caller-perfected-slivers-of-the-null-arca","dps","Ass","Shadow","Siphon","Perfected Slivers of the Null Arca","Aegis Caller","91922.0","14661.9","62.2","91922.0 DPS","","Slimecraw Guise (Slimecraw)","Perfected Null Arca Jack (Perfected Slivers of the Null Arca)","Aegis Caller's Arm Cops (Aegis Caller)","Perfected Null Arca Bracers (Perfected Slivers of the Null Arca)","","Perfected Null Arca Guards (Perfected Slivers of the Null Arca)","Perfected Null Arca Boots (Perfected Slivers of the Null Arca)","","Aegis Caller's Ring (Aegis Caller)","Aegis Caller's Ring (Aegis Caller)","Aegis Caller's Dagger (Aegis Caller)","Aegis Caller's Dagger (Aegis Caller)","The Maelstrom's Perfected Greatsword (Perfected Merciless Charge)"," ()","Surprise Attack","Debilitate","Killer's Blade","Merciless Resolve","Shadowy Disguise","Incapacitating Strike","Stampede","Carve","Ulfsild's Contingency","Barbed Trap","Dark Shade","Incapacitating Strike"
"Maw of Lorkhaj","The Twins","https://www.esologs.com/reports/JyQrTdKBkDjx64wR#fight=25&type=summary&source=15","@stephnie","Shädoẅ","ass-shadow-siphon-aegis-caller-perfected-slivers-of-the-null-arca","dps","Ass","Shadow","Siphon","Perfected Slivers of the Null Arca","Aegis Caller","83230.0","7252.4","55.0","83230.0 DPS","","Huntsman's Warmask (Huntsman's Warmask)","Perfected Null Arca Jack (Perfected Slivers of the Null Arca)","Slimecraw Epaulets (Slimecraw)","Perfected Null Arca Bracers (Perfected Slivers of the Null Arca)","","Perfected Null Arca Guards (Perfected Slivers of the Null Arca)","Perfected Null Arca Boots (Perfected Slivers of the Null Arca)","","Aegis Caller's Ring (Aegis Caller)","Aegis Caller's Ring (Aegis Caller)","Aegis Caller's Dagger (Aegis Caller)","Aegis Caller's Dagger (Aegis Caller)","The Maelstrom's Perfected Greatsword (Perfected Merciless Charge)"," ()","Surprise Attack","Merciless Resolve","Killer's Blade","Shadowy Disguise","Debilitate","Incapacitating Strike","Stampede","Carve","Dark Shade","Simmering Frenzy","Barbed Trap","Ice Comet"
"Maw of Lorkhaj","The Twins","https://www.esologs.com/reports/JyQrTdKBkDjx64wR#fight=25&type=summary&source=14","@SinisterK1","Maddi Sin","ass-shadow-siphon-aegis-caller-perfected-slivers-of-the-null-arca","dps","Ass","Shadow","Siphon","Perfected Slivers of the Null Arca","Aegis Caller","79051.1","8371.3","49.3","79051.1 DPS","","Nerien'eth Mask (Nerien'eth)","Perfected Null Arca Jack (Perfected Slivers of the Null Arca)","Nerien'eth Epaulets (Nerien'eth)","Perfected Null Arca Bracers (Perfected Slivers of the Null Arca)","","Perfected Null Arca Guards (Perfected Slivers of the Null Arca)","Perfected Null Arca Boots (Perfected Slivers of the Null Arca)","","Aegis Caller's Ring (Aegis Caller)","Aegis Caller's Ring (Aegis Caller)","Aegis Caller's Dagger (Aegis Caller)","Aegis Caller's Dagger (Aegis Caller)","The Maelstrom's Perfected Greatsword (Perfected Merciless Charge)"," ()","Surprise Attack","Shadowy Disguise","Relentless Focus","Killer's Blade","Debilitate","Incapacitating Strike","Stampede","Ulfsild's Contingency","Carve","Dark Shade","Barbed Trap","Shooting Star"
"Maw of Lorkhaj","The Twins","https://www.esologs.com/reports/JyQrTdKBkDjx64wR#fight=25&type=summary&source=10","@corrupterofworld","pálcikacica","ass-shadow-siphon-aegis-caller-perfected-slivers-of-the-null-arca","dps","Ass","Shadow","Siphon","Perfected Slivers of the Null Arca","Aegis Caller","145597.8","13344.1","81.9","145597.8 DPS","","Huntsman's Warmask (Huntsman's Warmask)","Perfected Null Arca Jack (Perfected Slivers of the Null Arca)","Slimecraw Epaulets (Slimecraw)","Perfected Null Arca Bracers (Perfected Slivers of the Null Arca)","","Perfected Null Arca Guards (Perfected Slivers of the Null Arca)","Perfected Null Arca Boots (Perfected Slivers of the Null Arca)","","Aegis Caller's Ring (Aegis Caller)","Aegis Caller's Ring (Aegis Caller)","Aegis Caller's Dagger (Aegis Caller)","Aegis Caller's Dagger (Aegis Caller)","The Maelstrom's Perfected Greatsword (Perfected Merciless Charge)"," ()","Killer's Blade","Shadowy Disguise","Surprise Attack","Relentless Focus","Debilitate","Incapacitating Strike","Stampede","Carve","Barbed Trap","Dark Shade","Siphoning Attacks","Veil of Blades"
"Maw of Lorkhaj","The Twins","https://www.esologs.com/reports/4vJ9rfjmGMCVNWXg#fight=8&type=summary&source=5","@Faisal-11","Dreamcarver","herald-soldier-x-perfected-slivers-of-the-null-arca-spattering-disjunction","dps","Herald","Soldier","x","Spattering Disjunction","Perfected Slivers of the Null Arca","199174.6","7168.0","27.8","199174.6 DPS","The Thief","Slimecraw Guise (Slimecraw)","Spattering Disjunction Jack (Spattering Disjunction)","Perfected Null Arca Arm Cops (Perfected Slivers of the Null Arca)","Spattering Disjunction Bracers (Spattering Disjunction)","","Spattering Disjunction Guards (Spattering Disjunction)","Spattering Disjunction Boots (Spattering Disjunction)","","Perfected Null Arca Ring (Perfected Slivers of the Null Arca)","Perfected Null Arca Ring (Perfected Slivers of the Null Arca)","Perfected Null Arca Dagger (Perfected Slivers of the Null Arca)","Perfected Null Arca Dagger (Perfected Slivers of the Null Arca)","The Maelstrom's Perfected Greatsword (Perfected Merciless Charge)"," ()","Cephaliarch's Flail","Camouflaged Hunter","Barbed Trap","Pragmatic Fatecarver","Quick Cloak","Flawless Dawnbreaker","Stampede","Cruxweaver Armor","Camouflaged Hunter","Inspired Scholarship","Fulminating Rune","The Languid Eye"
"Maw of Lorkhaj","The Twins","https://www.esologs.com/reports/4vJ9rfjmGMCVNWXg#fight=8&type=summary&source=3","@Grimgohts","Arcgrim","herald-soldier-x-perfected-slivers-of-the-null-arca-spattering-disjunction","dps","Herald","Soldier","x","Spattering Disjunction","Perfected Slivers of the Null Arca","102795.0","2982.0","7.6","102795.0 DPS","","Slimecraw Guise (Slimecraw)","Spattering Disjunction Cuirass (Spattering Disjunction)","Perfected Null Arca Arm Cops (Perfected Slivers of the Null Arca)","Spattering Disjunction Bracers (Spattering Disjunction)","","Spattering Disjunction Guards (Spattering Disjunction)","Spattering Disjunction Boots (Spattering Disjunction)","","Perfected Null Arca Ring (Perfected Slivers of the Null Arca)","Perfected Null Arca Ring (Perfected Slivers of the Null Arca)","Perfected Null Arca Dagger (Perfected Slivers of the Null Arca)","Perfected Null Arca Dagger (Perfected Slivers of the Null Arca)","The Maelstrom's Inferno Staff (Crushing Wall)"," ()","Cephaliarch's Flail","Pragmatic Fatecarver","Barbed Trap","Quick Cloak","Banner Bearer","Dawnbreaker of Smiting","Inspired Scholarship","Impervious Runeward","Cruxweaver Armor","Fulminating Rune","Banner Bearer","The Languid Eye"
"Maw of Lorkhaj","The Twins","https://www.esologs.com/reports/4vJ9rfjmGMCVNWXg#fight=8&type=summary&source=79","@rinea","Zanjuna Kathal","herald-soldier-x-perfected-slivers-of-the-null-arca-spattering-disjunction","dps","Herald","Soldier","x","Spattering Disjunction","Perfected Slivers of the Null Arca","89922.2","8838.6","23.6","89922.2 DPS","","Slimecraw Mask (Slimecraw)","Spattering Disjunction Jack (Spattering Disjunction)","Spattering Disjunction Arm Cops (Spattering Disjunction)","Spattering Disjunction Bracers (Spattering Disjunction)","","Spattering Disjunction Guards (Spattering Disjunction)","Spattering Disjunction Boots (Spattering Disjunction)","","Perfected Null Arca Ring (Perfected Slivers of the Null Arca)","Perfected Null Arca Ring (Perfected Slivers of the Null Arca)","Perfected Null Arca Dagger (Perfected Slivers of the Null Arca)","Perfected Null Arca Dagger (Perfected Slivers of the Null Arca)","The Maelstrom's Inferno Staff (Crushing Wall)"," ()","Camouflaged Hunter","Quick Cloak","Cephaliarch's Flail","Pragmatic Fatecarver","Echoing Vigor","Flawless Dawnbreaker","Camouflaged Hunter","Fulminating Rune","Inspired Scholarship","Elemental Blockade","Cruxweaver Armor","The Languid Eye"
"Maw of Lorkhaj","The Twins","https://www.esologs.com/reports/4vJ9rfjmGMCVNWXg#fight=8&type=summary&source=157","@JokerADHD","Monkey D Beamer","herald-soldier-x-perfected-slivers-of-the-null-arca-spattering-disjunction","dps","Herald","Soldier","x","Spattering Disjunction","Perfected Slivers of the Null Arca","84222.0","2485.6","40.3","84222.0 DPS","","Huntsman's Warmask (Huntsman's Warmask)","Spattering Disjunction Jack (Spattering Disjunction)","Slimecraw Epaulets (Slimecraw)","Spattering Disjunction Bracers (Spattering Disjunction)","","Spattering Disjunction Guards (Spattering Disjunction)","Spattering Disjunction Boots (Spattering Disjunction)","","Perfected Null Arca Ring (Perfected Slivers of the Null Arca)","Perfected Null Arca Ring (Perfected Slivers of the Null Arca)","Null Arca Dagger (Slivers of the Null Arca)","Null Arca Dagger (Slivers of the Null Arca)","The Maelstrom's Perfected Greatsword (Perfected Merciless Charge)"," ()","Cephaliarch's Flail","Pragmatic Fatecarver","Quick Cloak","Barbed Trap","Camouflaged Hunter","Flawless Dawnbreaker","Stampede","Fulminating Rune","Cruxweaver Armor","Inspired Scholarship","Camouflaged Hunter","The Tide King's Gaze"
"Maw of Lorkhaj","The Twins","https://www.esologs.com/reports/4vJ9rfjmGMCVNWXg#fight=8&type=summary&source=4","@madchook","Dr Ori Toes","herald-soldier-x-perfected-slivers-of-the-null-arca-spattering-disjunction","dps","Herald","Soldier","x","Spattering Disjunction","Perfected Slivers of the Null Arca","99182.7","3013.4","28.6","99182.7 DPS","","Slimecraw Mask (Slimecraw)","Spattering Disjunction Jack (Spattering Disjunction)","Perfected Null Arca Arm Cops (Perfected Slivers of the Null Arca)","Spattering Disjunction Bracers (Spattering Disjunction)","","Spattering Disjunction Guards (Spattering Disjunction)","Spattering Disjunction Boots (Spattering Disjunction)","","Perfected Null Arca Ring (Perfected Slivers of the Null Arca)","Perfected Null Arca Ring (Perfected Slivers of the Null Arca)","Perfected Null Arca Dagger (Perfected Slivers of the Null Arca)","Perfected Null Arca Dagger (Perfected Slivers of the Null Arca)","The Maelstrom's Perfected Greatsword (Perfected Merciless Charge)"," ()","Barbed Trap","Cephaliarch's Flail","Pragmatic Fatecarver","Camouflaged Hunter","Quick Cloak","Flawless Dawnbreaker","Fulminating Rune","Inspired Scholarship","Stampede","Resolving Vigor","Cruxweaver Armor","The Languid Eye"
"Maw of Lorkhaj","The Twins","https://www.esologs.com/reports/4vJ9rfjmGMCVNWXg#fight=8&type=summary&source=6","@Krophos","Kael the Fading Moon","herald-soldier-x-perfected-slivers-of-the-null-arca-spattering-disjunction","dps","Herald","Soldier","x","Perfected Slivers of the Null Arca","Spattering Disjunction","143127.0","7360.9","34.5","143127.0 DPS","","Perfected Null Arca Helmet (Perfected Slivers of the Null Arca)","Spattering Disjunction Jack (Spattering Disjunction)","Arm Cops of the Thousand Eyes (Thousand Eyes)","Spattering Disjunction Bracers (Spattering Disjunction)","","Perfected Null Arca Guards (Perfected Slivers of the Null Arca)","Perfected Null Arca Boots (Perfected Slivers of the Null Arca)","","Spattering Disjunction Ring (Spattering Disjunction)","Spattering Disjunction Ring (Spattering Disjunction)","Perfected Null Arca Dagger (Perfected Slivers of the Null Arca)","Perfected Null Arca Dagger (Perfected Slivers of the Null Arca)","The Maelstrom's Perfected Greatsword (Perfected Merciless Charge)"," ()","Camouflaged Hunter","Quick Cloak","Cephaliarch's Flail","Pragmatic Fatecarver","Barbed Trap","The Languid Eye","Camouflaged Hunter","Inspired Scholarship","Stampede","Fulminating Rune","Cruxweaver Armor","The Languid Eye"
"Maw of Lorkhaj","The Twins","https://www.esologs.com/reports/4vJ9rfjmGMCVNWXg#fight=8&type=summary&source=3","@hamiltonmaths","Citizen Ar-Kane-Ist","herald-soldier-x-perfected-slivers-of-the-null-arca-spattering-disjunction","dps","Herald","Soldier","x","Perfected Slivers of the Null Arca","Spattering Disjunction","65899.4","3305.2","22.2","65899.4 DPS","","Perfected Null Arca Helmet (Perfected Slivers of the Null Arca)","Spattering Disjunction Jack (Spattering Disjunction)","Slimecraw Arm Cops (Slimecraw)","Spattering Disjunction Bracers (Spattering Disjunction)","","Spattering Disjunction Guards (Spattering Disjunction)","Spattering Disjunction Boots (Spattering Disjunction)","","Perfected Null Arca Ring (Perfected Slivers of the Null Arca)","Perfected Null Arca Ring (Perfected Slivers of the Null Arca)","Perfected Null Arca Dagger (Perfected Slivers of the Null Arca)","Perfected Null Arca Dagger (Perfected Slivers of the Null Arca)","The Maelstrom's Perfected Inferno Staff (Perfected Crushing Wall)"," ()","Cephaliarch's Flail","Barbed Trap","Pragmatic Fatecarver","Camouflaged Hunter","Inner Beast","Flawless Dawnbreaker","Fulminating Rune","Elemental Blockade","Inspired Scholarship","Rune of the Colorless Pool","Elemental Susceptibility","The Languid Eye"
"Maw of Lorkhaj","The Twins","https://www.esologs.com/reports/4vJ9rfjmGMCVNWXg#fight=8&type=summary&source=5","@GogetaUi","hottiexenoverse","herald-soldier-x-perfected-slivers-of-the-null-arca-spattering-disjunction","dps","Herald","Soldier","x","Spattering Disjunction","Perfected Slivers of the Null Arca","130935.3","5991.4","33.4","130935.3 DPS","","Nerien'eth Mask (Nerien'eth)","Spattering Disjunction Jack (Spattering Disjunction)","Perfected Null Arca Arm Cops (Perfected Slivers of the Null Arca)","Spattering Disjunction Bracers (Spattering Disjunction)","","Spattering Disjunction Guards (Spattering Disjunction)","Spattering Disjunction Boots (Spattering Disjunction)","","Perfected Null Arca Ring (Perfected Slivers of the Null Arca)","Perfected Null Arca Ring (Perfected Slivers of the Null Arca)","Perfected Null Arca Dagger (Perfected Slivers of the Null Arca)","Perfected Null Arca Dagger (Perfected Slivers of the Null Arca)","The Maelstrom's Perfected Greatsword (Perfected Merciless Charge)"," ()","Banner Bearer","Quick Cloak","Camouflaged Hunter","Cephaliarch's Flail","Pragmatic Fatecarver","Flawless Dawnbreaker","Banner Bearer","Inspired Scholarship","Fulminating Rune","Stampede","Cruxweaver Armor","The Languid Eye"
"Maw of Lorkhaj","The Twins","https://www.esologs.com/reports/4vJ9rfjmGMCVNWXg#fight=8&type=summary&source=7","@JRH01","Lilithona","herald-soldier-x-perfected-slivers-of-the-null-arca-spattering-disjunction","dps","Herald","Soldier","x","Perfected Slivers of the Null Arca","Spattering Disjunction","113555.4","6077.2","26.7","113555.4 DPS","","Perfected Null Arca Helmet (Perfected Slivers of the Null Arca)","Perfected Null Arca Jack (Perfected Slivers of the Null Arca)","Slimecraw Epaulets (Slimecraw)","Perfected Null Arca Bracers (Perfected Slivers of the Null Arca)","","Perfected Null Arca Guards (Perfected Slivers of the Null Arca)","Perfected Null Arca Boots (Perfected Slivers of the Null Arca)","","Spattering Disjunction Ring (Spattering Disjunction)","Spattering Disjunction Ring (Spattering Disjunction)","Spattering Disjunction Dagger (Spattering Disjunction)","Spattering Disjunction Dagger (Spattering Disjunction)","The Maelstrom's Perfected Greatsword (Perfected Merciless Charge)"," ()","Banner Bearer","Quick Cloak","Exhausting Fatecarver","Cephaliarch's Flail","Camouflaged Hunter","Flawless Dawnbreaker","Banner Bearer","Cruxweaver Armor","Fulminating Rune","Stampede","Recuperative Treatise","The Languid Eye"
"Maw of Lorkhaj","The Twins","https://www.esologs.com/reports/dxKwpWT4njbzQL6M#fight=64&type=summary&source=7","@Xudowudo","Meów for Heals","herald-x-x-mechanical-acuity-perfected-bahseis-mania","dps","Herald","x","x","Perfected Bahsei's Mania","Mechanical Acuity","592067.5","23051.5","58.6","592067.5 DPS","","Perfected Hat of Bahsei's Mania (Perfected Bahsei's Mania)","Jack of Mechanical Acuity (Mechanical Acuity)","Ansuul's Perfected Arm Cops (Perfected Ansuul's Torment)","Bracers of Mechanical Acuity (Mechanical Acuity)","","Guards of Mechanical Acuity (Mechanical Acuity)","Perfected Shoes of Bahsei's Mania (Perfected Bahsei's Mania)","","Perfected Ring of Bahsei's Mania (Perfected Bahsei's Mania)","Perfected Ring of Bahsei's Mania (Perfected Bahsei's Mania)","Perfected Sword of Bahsei's Mania (Perfected Bahsei's Mania)","Sword of Mechanical Acuity (Mechanical Acuity)","The Maelstrom's Perfected Greatsword (Perfected Merciless Charge)"," ()","Camouflaged Hunter","Tentacular Dread","Exhausting Fatecarver","Quick Cloak","Banner Bearer","Flawless Dawnbreaker","Inspired Scholarship","Stampede","Magical Soul","Simmering Frenzy","Banner Bearer","The Languid Eye"
"Maw of Lorkhaj","The Twins","https://www.esologs.com/reports/dxKwpWT4njbzQL6M#fight=64&type=summary&source=9","@Brassmoose","Naomi Archag am Arc'gah","herald-x-x-mechanical-acuity-perfected-bahseis-mania","dps","Herald","x","x","Mechanical Acuity","Perfected Bahsei's Mania","763005.8","11735.0","45.6","763005.8 DPS","The Thief","Helmet of Mechanical Acuity (Mechanical Acuity)","Jack of Mechanical Acuity (Mechanical Acuity)","Ansuul's Perfected Arm Cops (Perfected Ansuul's Torment)","Bracers of Mechanical Acuity (Mechanical Acuity)","","Guards of Mechanical Acuity (Mechanical Acuity)","Boots of Mechanical Acuity (Mechanical Acuity)","","Perfected Ring of Bahsei's Mania (Perfected Bahsei's Mania)","Perfected Ring of Bahsei's Mania (Perfected Bahsei's Mania)","Perfected Sword of Bahsei's Mania (Perfected Bahsei's Mania)","Perfected Sword of Bahsei's Mania (Perfected Bahsei's Mania)","The Maelstrom's Perfected Greatsword (Perfected Merciless Charge)"," ()","Quick Cloak","Tentacular Dread","Camouflaged Hunter","Exhausting Fatecarver","Banner Bearer","Flawless Dawnbreaker","Stampede","Simmering Frenzy","Leashing Burst","Inspired Scholarship","Banner Bearer","The Languid Eye"
"Maw of Lorkhaj","The Twins","https://www.esologs.com/reports/dxKwpWT4njbzQL6M#fight=64&type=summary&source=11","@I.Bad","Stuck in Prebuff","herald-x-x-mechanical-acuity-perfected-bahseis-mania","dps","Herald","x","x","Perfected Bahsei's Mania","Mechanical Acuity","686726.9","34188.4","32.6","686726.9 DPS","","Perfected Hat of Bahsei's Mania (Perfected Bahsei's Mania)","Jack of Mechanical Acuity (Mechanical Acuity)","Arm Cops of Mechanical Acuity (Mechanical Acuity)","Bracers of Mechanical Acuity (Mechanical Acuity)","","Ansuul's Perfected Guards (Perfected Ansuul's Torment)","Boots of Mechanical Acuity (Mechanical Acuity)","","Perfected Ring of Bahsei's Mania (Perfected Bahsei's Mania)","Perfected Ring of Bahsei's Mania (Perfected Bahsei's Mania)","Perfected Sword of Bahsei's Mania (Perfected Bahsei's Mania)","Perfected Sword of Bahsei's Mania (Perfected Bahsei's Mania)","The Maelstrom's Perfected Greatsword (Perfected Merciless Charge)"," ()","Camouflaged Hunter","Quick Cloak","Cephaliarch's Flail","Exhausting Fatecarver","Banner Bearer","Flawless Dawnbreaker","Simmering Frenzy","Stampede","Leashing Burst","Fulminating Rune","Banner Bearer","The Languid Eye"
"Maw of Lorkhaj","The Twins","https://www.esologs.com/reports/dxKwpWT4njbzQL6M#fight=64&type=summary&source=5","@God'sGifttoGaming","Dreaming and Beaming","herald-x-x-mechanical-acuity-perfected-bahseis-mania","dps","Herald","x","x","Perfected Bahsei's Mania","Mechanical Acuity","570856.5","6994.3","58.6","570856.5 DPS","","Perfected Hat of Bahsei's Mania (Perfected Bahsei's Mania)","Jack of Mechanical Acuity (Mechanical Acuity)","Ansuul's Perfected Arm Cops (Perfected Ansuul's Torment)","Bracers of Mechanical Acuity (Mechanical Acuity)","","Guards of Mechanical Acuity (Mechanical Acuity)","Boots of Mechanical Acuity (Mechanical Acuity)","","Perfected Ring of Bahsei's Mania (Perfected Bahsei's Mania)","Perfected Ring of Bahsei's Mania (Perfected Bahsei's Mania)","Perfected Sword of Bahsei's Mania (Perfected Bahsei's Mania)","Perfected Sword of Bahsei's Mania (Perfected Bahsei's Mania)","The Maelstrom's Perfected Greatsword (Perfected Merciless Charge)"," ()","Camouflaged Hunter","Tentacular Dread","Exhausting Fatecarver","Silver Leash","Banner Bearer","Flawless Dawnbreaker","Mystic Orb","Stampede","Simmering Frenzy","Inspired Scholarship","Banner Bearer","The Languid Eye"
"Maw of Lorkhaj","The Twins","https://www.esologs.com/reports/dxKwpWT4njbzQL6M#fight=64&type=summary&source=10","@DJ_M1n3r","Skrting on the Surface","herald-x-x-mechanical-acuity-perfected-bahseis-mania","dps","Herald","x","x","Perfected Bahsei's Mania","Mechanical Acuity","616820.8","10395.5","39.1","616820.8 DPS","","Perfected Hat of Bahsei's Mania (Perfected Bahsei's Mania)","Jack of Mechanical Acuity (Mechanical Acuity)","Ansuul's Perfected Arm Cops (Perfected Ansuul's Torment)","Bracers of Mechanical Acuity (Mechanical Acuity)","","Guards of Mechanical Acuity (Mechanical Acuity)","Boots of Mechanical Acuity (Mechanical Acuity)","","Perfected Ring of Bahsei's Mania (Perfected Bahsei's Mania)","Perfected Ring of Bahsei's Mania (Perfected Bahsei's Mania)","Perfected Sword of Bahsei's Mania (Perfected Bahsei's Mania)","Perfected Sword of Bahsei's Mania (Perfected Bahsei's Mania)","The Maelstrom's Perfected Greatsword (Perfected Merciless Charge)"," ()","Exhausting Fatecarver","Camouflaged Hunter","Cephaliarch's Flail","Silver Leash","Banner Bearer","Flawless Dawnbreaker","Stampede","Simmering Frenzy","Fulminating Rune","Inspired Scholarship","Banner Bearer","The Languid Eye"
"Maw of Lorkhaj","The Twins","https://www.esologs.com/reports/JyQrTdKBkDjx64wR#fight=25&type=summary&source=10","@BlackoutSR","Wtb Blastbones","bone-grave-herald-corpseburster-perfected-slivers-of-the-null-arca","dps","Grave","Bone","Herald","Perfected Slivers of the Null Arca","Corpseburster","245126.9","4347.0","88.0","245126.9 DPS","","Huntsman's Warmask (Huntsman's Warmask)","Perfected Null Arca Jack (Perfected Slivers of the Null Arca)","Ansuul's Perfected Arm Cops (Perfected Ansuul's Torment)","Perfected Null Arca Bracers (Perfected Slivers of the Null Arca)","","Perfected Null Arca Guards (Perfected Slivers of the Null Arca)","Perfected Null Arca Boots (Perfected Slivers of the Null Arca)","","Corpseburster Ring (Corpseburster)","Corpseburster Ring (Corpseburster)","Corpseburster Dagger (Corpseburster)","Corpseburster Dagger (Corpseburster)","The Maelstrom's Perfected Greatsword (Perfected Merciless Charge)"," ()","Unnerving Boneyard","Blighted Blastbones","Venom Skull","Quick Cloak","Detonating Siphon","Shooting Star","Stampede","Skeletal Archer","Carve","Ulfsild's Contingency","Barbed Trap","Pummeling Goliath"
"Maw of Lorkhaj","The Twins","https://www.esologs.com/reports/JyQrTdKBkDjx64wR#fight=25&type=summary&source=2","@iHobbit","dropped dead","bone-grave-herald-corpseburster-perfected-slivers-of-the-null-arca","dps","Grave","Bone","Herald","Perfected Slivers of the Null Arca","Corpseburster","218696.6","5701.2","91.9","218696.6 DPS","","Huntsman's Warmask (Huntsman's Warmask)","Perfected Null Arca Jack (Perfected Slivers of the Null Arca)","Slimecraw Arm Cops (Slimecraw)","Perfected Null Arca Bracers (Perfected Slivers of the Null Arca)","","Perfected Null Arca Guards (Perfected Slivers of the Null Arca)","Perfected Null Arca Boots (Perfected Slivers of the Null Arca)","","Corpseburster Ring (Corpseburster)","Corpseburster Ring (Corpseburster)","Corpseburster Dagger (Corpseburster)","Corpseburster Dagger (Corpseburster)","The Maelstrom's Perfected Greatsword (Perfected Merciless Charge)"," ()","Blighted Blastbones","Venom Skull","Avid Boneyard","Banner Bearer","Detonating Siphon","Flawless Dawnbreaker","Stampede","Scalding Rune","Carve","Banner Bearer","Skeletal Archer","Pummeling Goliath"
"Maw of Lorkhaj","The Twins","https://www.esologs.com/reports/JyQrTdKBkDjx64wR#fight=25&type=summary&source=2","@TaK-eR","Ainz Ooał Gown","bone-grave-herald-corpseburster-perfected-slivers-of-the-null-arca","dps","Grave","Bone","Herald","Perfected Slivers of the Null Arca","Corpseburster","349381.2","8468.8","166.6","349381.2 DPS","The Thief","Slimecraw Mask (Slimecraw)","Perfected Null Arca Jack (Perfected Slivers of the Null Arca)","Corpseburster Arm Cops (Corpseburster)","Perfected Null Arca Bracers (Perfected Slivers of the Null Arca)","","Perfected Null Arca Guards (Perfected Slivers of the Null Arca)","Perfected Null Arca Boots (Perfected Slivers of the Null Arca)","","Corpseburster Ring (Corpseburster)","Corpseburster Ring (Corpseburster)","Corpseburster Dagger (Corpseburster)","Corpseburster Dagger (Corpseburster)","The Maelstrom's Perfected Greatsword (Perfected Merciless Charge)"," ()","Detonating Siphon","Blighted Blastbones","Avid Boneyard","Venom Skull","Banner Bearer","Flawless Dawnbreaker","Stampede","Simmering Frenzy","Carve","Skeletal Archer","Banner Bearer","Pummeling Goliath"
"Maw of Lorkhaj","The Twins","https://www.esologs.com/reports/JyQrTdKBkDjx64wR#fight=25&type=summary&source=12","@T0mii","Twardo Wśród Trupów","bone-grave-herald-corpseburster-perfected-slivers-of-the-null-arca","dps","Grave","Bone","Herald","Perfected Slivers of the Null Arca","Corpseburster","179569.1","6297.2","104.9","179569.1 DPS","","Selene Mask (Selene)","Perfected Null Arca Jack (Perfected Slivers of the Null Arca)","Selene Arm Cops (Selene)","Perfected Null Arca Bracers (Perfected Slivers of the Null Arca)","","Perfected Null Arca Guards (Perfected Slivers of the Null Arca)","Perfected Null Arca Boots (Perfected Slivers of the Null Arca)","","Corpseburster Ring (Corpseburster)","Corpseburster Ring (Corpseburster)","Corpseburster Dagger (Corpseburster)","Corpseburster Dagger (Corpseburster)","The Maelstrom's Perfected Greatsword (Perfected Merciless Charge)"," ()","Blighted Blastbones","Avid Boneyard","Detonating Siphon","Ghostly Embrace","Banner Bearer","Flawless Dawnbreaker","Stampede","Barbed Trap","Skeletal Archer","Carve","Banner Bearer","Pummeling Goliath"
"Maw of Lorkhaj","The Twins","https://www.esologs.com/reports/JyQrTdKBkDjx64wR#fight=25&type=summary&source=2","@blurify","b-luri-fy","bone-grave-herald-corpseburster-perfected-slivers-of-the-null-arca","dps","Grave","Bone","Herald","Perfected Slivers of the Null Arca","Corpseburster","135562.9","8984.9","111.2","135562.9 DPS","","Slimecraw Mask (Slimecraw)","Perfected Null Arca Jack (Perfected Slivers of the Null Arca)","Mora's Whispers (Mora's Whispers)","Perfected Null Arca Bracers (Perfected Slivers of the Null Arca)","","Perfected Null Arca Guards (Perfected Slivers of the Null Arca)","Perfected Null Arca Boots (Perfected Slivers of the Null Arca)","","Corpseburster Ring (Corpseburster)","Corpseburster Ring (Corpseburster)","Corpseburster Dagger (Corpseburster)","Corpseburster Dagger (Corpseburster)","The Maelstrom's Perfected Greatsword (Perfected Merciless Charge)"," ()","Venom Skull","Banner Bearer","Blighted Blastbones","Detonating Siphon","Unnerving Boneyard","Flawless Dawnbreaker","Barbed Trap","Banner Bearer","Stampede","Carve","Skeletal Archer","Pummeling Goliath"
"Maw of Lorkhaj","The Twins","https://www.esologs.com/reports/JyQrTdKBkDjx64wR#fight=25&type=summary&source=21","@R.af","ßrave","bone-grave-x-corpseburster-perfected-slivers-of-the-null-arca","dps","Grave","Bone","x","Perfected Slivers of the Null Arca","Corpseburster","254300.0","7127.1","136.9","254300.0 DPS","","Huntsman's Warmask (Huntsman's Warmask)","Perfected Null Arca Jack (Perfected Slivers of the Null Arca)","Ansuul's Perfected Arm Cops (Perfected Ansuul's Torment)","Perfected Null Arca Bracers (Perfected Slivers of the Null Arca)","","Perfected Null Arca Guards (Perfected Slivers of the Null Arca)","Perfected Null Arca Boots (Perfected Slivers of the Null Arca)","","Corpseburster Ring (Corpseburster)","Corpseburster Ring (Corpseburster)","Corpseburster Dagger (Corpseburster)","Corpseburster Dagger (Corpseburster)","The Maelstrom's Perfected Greatsword (Perfected Merciless Charge)"," ()","Venom Skull","Avid Boneyard","Detonating Siphon","Blighted Blastbones","Banner Bearer","Flawless Dawnbreaker","Stampede","Simmering Frenzy","Skeletal Archer","Barbed Trap","Banner Bearer","Pummeling Goliath"
"Maw of Lorkhaj","The Twins","https://www.esologs.com/reports/JyQrTdKBkDjx64wR#fight=25&type=summary&source=1","@qpseudo","its too hard to sleep","bone-grave-x-corpseburster-perfected-slivers-of-the-null-arca","dps","Grave","Bone","x","Perfected Slivers of the Null Arca","Corpseburster","248513.7","10723.4","144.8","248513.7 DPS","","Huntsman's Warmask (Huntsman's Warmask)","Perfected Null Arca Jack (Perfected Slivers of the Null Arca)","Ansuul's Perfected Arm Cops (Perfected Ansuul's Torment)","Perfected Null Arca Bracers (Perfected Slivers of the Null Arca)","","Perfected Null Arca Guards (Perfected Slivers of the Null Arca)","Perfected Null Arca Boots (Perfected Slivers of the Null Arca)","","Corpseburster Ring (Corpseburster)","Corpseburster Ring (Corpseburster)","Corpseburster Dagger (Corpseburster)","Corpseburster Dagger (Corpseburster)","The Maelstrom's Perfected Greatsword (Perfected Merciless Charge)"," ()","Deadly Cloak","Venom Skull","Detonating Siphon","Blighted Blastbones","Avid Boneyard","Dawnbreaker of Smiting","Ulfsild's Contingency","Skeletal Archer","Barbed Trap","Stampede","Simmering Frenzy","Pummeling Goliath"
"Maw of Lorkhaj","The Twins","https://www.esologs.com/reports/JyQrTdKBkDjx64wR#fight=25&type=summary&source=5","@Jellyfish934","Jellyfishnecro","bone-grave-x-corpseburster-perfected-slivers-of-the-null-arca","dps","Grave","Bone","x","Perfected Slivers of the Null Arca","Corpseburster","358143.2","8963.6","166.6","358143.2 DPS","","Perfected Null Arca Helmet (Perfected Slivers of the Null Arca)","Perfected Null Arca Jack (Perfected Slivers of the Null Arca)","Ansuul's Arm Cops (Ansuul's Torment)","Perfected Null Arca Bracers (Perfected Slivers of the Null Arca)","","Perfected Null Arca Guards (Perfected Slivers of the Null Arca)","Perfected Null Arca Boots (Perfected Slivers of the Null Arca)","","Corpseburster Ring (Corpseburster)","Corpseburster Ring (Corpseburster)","Corpseburster Dagger (Corpseburster)","Corpseburster Dagger (Corpseburster)","The Maelstrom's Perfected Greatsword (Perfected Merciless Charge)"," ()","Venom Skull","Blighted Blastbones","Avid Boneyard","Detonating Siphon","Banner Bearer","Flawless Dawnbreaker","Banner Bearer","Stampede","Simmering Frenzy","Barbed Trap","Skeletal Archer","Pummeling Goliath"
"Maw of Lorkhaj","The Twins","https://www.esologs.com/reports/JyQrTdKBkDjx64wR#fight=25&type=summary&source=4","@Al_duin","Hysiléns","bone-grave-x-corpseburster-perfected-slivers-of-the-null-arca","dps","Grave","Bone","x","Perfected Slivers of the Null Arca","Corpseburster","382697.2","4560.9","155.3","382697.2 DPS","","Nerien'eth Mask (Nerien'eth)","Perfected Null Arca Jack (Perfected Slivers of the Null Arca)","Nerien'eth Epaulets (Nerien'eth)","Perfected Null Arca Bracers (Perfected Slivers of the Null Arca)","","Perfected Null Arca Guards (Perfected Slivers of the Null Arca)","Perfected Null Arca Boots (Perfected Slivers of the Null Arca)","","Corpseburster Ring (Corpseburster)","Corpseburster Ring (Corpseburster)","Corpseburster Dagger (Corpseburster)","Corpseburster Dagger (Corpseburster)","The Maelstrom's Perfected Greatsword (Perfected Merciless Charge)"," ()","Unnerving Boneyard","Detonating Siphon","Blighted Blastbones","Venom Skull","Camouflaged Hunter","Flawless Dawnbreaker","Ulfsild's Contingency","Simmering Frenzy","Skeletal Archer","Barbed Trap","Stampede","Pummeling Goliath"
"Maw of Lorkhaj","The Twins","https://www.esologs.com/reports/JyQrTdKBkDjx64wR#fight=25&type=summary&source=7","@BRabbit.3","Krieg The Dark Lord","bone-grave-x-corpseburster-perfected-slivers-of-the-null-arca","dps","Grave","Bone","x","Perfected Slivers of the Null Arca","Corpseburster","406859.2","8632.3","166.6","406859.2 DPS","The Ritual","Slimecraw Mask (Slimecraw)","Perfected Null Arca Jack (Perfected Slivers of the Null Arca)","Perfected Null Arca Arm Cops (Perfected Slivers of the Null Arca)","Perfected Null Arca Bracers (Perfected Slivers of the Null Arca)","","Perfected Null Arca Guards (Perfected Slivers of the Null Arca)","Corpseburster Boots (Corpseburster)","","Corpseburster Ring (Corpseburster)","Corpseburster Ring (Corpseburster)","Corpseburster Dagger (Corpseburster)","Corpseburster Dagger (Corpseburster)","The Maelstrom's Greatsword (Merciless Charge)"," ()","Avid Boneyard","Blighted Blastbones","Venom Skull","Detonating Siphon","Banner Bearer","Flawless Dawnbreaker","Barbed Trap","Simmering Frenzy","Skeletal Archer","Stampede","Banner Bearer","Pummeling Goliath"
"Maw of Lorkhaj","The Twins","https://www.esologs.com/reports/GtqMygpFzVX7a3Pf#fight=6&type=summary&source=7","@Blackdier","Setecientos Unno","herald-x-x-perfected-slivers-of-the-null-arca-spattering-disjunction","dps","Herald","x","x","Spattering Disjunction","Perfected Slivers of the Null Arca","192107.4","10168.2","42.2","192107.4 DPS","The Thief","Spattering Disjunction Hat (Spattering Disjunction)","Spattering Disjunction Jack (Spattering Disjunction)","Zaan Arm Cops (Zaan)","Perfected Null Arca Bracers (Perfected Slivers of the Null Arca)","","Spattering Disjunction Guards (Spattering Disjunction)","Spattering Disjunction Boots (Spattering Disjunction)","","Perfected Null Arca Ring (Perfected Slivers of the Null Arca)","Perfected Null Arca Ring (Perfected Slivers of the Null Arca)","Perfected Null Arca Dagger (Perfected Slivers of the Null Arca)","Perfected Null Arca Dagger (Perfected Slivers of the Null Arca)","The Maelstrom's Perfected Greatsword (Perfected Merciless Charge)"," ()","Magical Banner (Class Flourish / Heroism)","Cephaliarch's Flail","Camouflaged Hunter","Pragmatic Fatecarver","Quick Cloak","Flawless Dawnbreaker","Stampede","Camouflaged Hunter","Fulminating Rune","Inspired Scholarship","Magical Banner (Class Flourish / Heroism)","The Languid Eye"
"Maw of Lorkhaj","The Twins","https://www.esologs.com/reports/GtqMygpFzVX7a3Pf#fight=6&type=summary&source=2","@pukyl98","Äntoniette","herald-x-x-perfected-slivers-of-the-null-arca-spattering-disjunction","dps","Herald","x","x","Perfected Slivers of the Null Arca","Spattering Disjunction","111120.8","19593.4","17.7","111120.8 DPS","","Perfected Null Arca Helmet (Perfected Slivers of the Null Arca)","Spattering Disjunction Jack (Spattering Disjunction)","Slimecraw Epaulets (Slimecraw)","Spattering Disjunction Bracers (Spattering Disjunction)","","Spattering Disjunction Guards (Spattering Disjunction)","Spattering Disjunction Boots (Spattering Disjunction)","","Perfected Null Arca Ring (Perfected Slivers of the Null Arca)","Perfected Null Arca Ring (Perfected Slivers of the Null Arca)","Perfected Null Arca Dagger (Perfected Slivers of the Null Arca)","Perfected Null Arca Dagger (Perfected Slivers of the Null Arca)","The Maelstrom's Greatsword (Merciless Charge)"," ()","Barbed Trap","Quick Cloak","Cephaliarch's Flail","Pragmatic Fatecarver","Camouflaged Hunter","Flawless Dawnbreaker","Ulfsild's Contingency","Inspired Scholarship","Fulminating Rune","Stampede","Camouflaged Hunter","The Languid Eye"
"Maw of Lorkhaj","The Twins","https://www.esologs.com/reports/GtqMygpFzVX7a3Pf#fight=6&type=summary&source=6","@JorroTreul","Jo'Rojo","herald-x-x-perfected-slivers-of-the-null-arca-spattering-disjunction","dps","Herald","x","x","Spattering Disjunction","Perfected Slivers of the Null Arca","113563.2","19820.0","34.8","113563.2 DPS","","Slimecraw Guise (Slimecraw)","Spattering Disjunction Jack (Spattering Disjunction)","Perfected Null Arca Arm Cops (Perfected Slivers of the Null Arca)","Spattering Disjunction Bracers (Spattering Disjunction)","","Spattering Disjunction Guards (Spattering Disjunction)","Spattering Disjunction Boots (Spattering Disjunction)","","Perfected Null Arca Ring (Perfected Slivers of the Null Arca)","Perfected Null Arca Ring (Perfected Slivers of the Null Arca)","Perfected Null Arca Dagger (Perfected Slivers of the Null Arca)","Perfected Null Arca Dagger (Perfected Slivers of the Null Arca)","The Maelstrom's Perfected Greatsword (Perfected Merciless Charge)"," ()","Pragmatic Fatecarver","Cephaliarch's Flail","Camouflaged Hunter","Quick Cloak","Barbed Trap","Flawless Dawnbreaker","Stampede","Inspired Scholarship","Echoing Vigor","Fulminating Rune","Camouflaged Hunter","The Languid Eye"
"Maw of Lorkhaj","The Twins","https://www.esologs.com/reports/GtqMygpFzVX7a3Pf#fight=6&type=summary&source=2","@Pinkypink1972","Arthur Kensington Jr","herald-x-x-perfected-slivers-of-the-null-arca-spattering-disjunction","dps","Herald","x","x","Perfected Slivers of the Null Arca","Spattering Disjunction","132218.2","3597.8","40.3","132218.2 DPS","","Perfected Null Arca Helmet (Perfected Slivers of the Null Arca)","Spattering Disjunction Jack (Spattering Disjunction)","Slimecraw Arm Cops (Slimecraw)","Spattering Disjunction Bracers (Spattering Disjunction)","","Spattering Disjunction Guards (Spattering Disjunction)","Spattering Disjunction Boots (Spattering Disjunction)","","Perfected Null Arca Ring (Perfected Slivers of the Null Arca)","Perfected Null Arca Ring (Perfected Slivers of the Null Arca)","Perfected Null Arca Dagger (Perfected Slivers of the Null Arca)","Perfected Null Arca Dagger (Perfected Slivers of the Null Arca)","The Maelstrom's Perfected Greatsword (Perfected Merciless Charge)"," ()","Quick Cloak","Cephaliarch's Flail","Pragmatic Fatecarver","Camouflaged Hunter","Shocking Banner (Class Flourish / Heroism)","Flawless Dawnbreaker","Inspired Scholarship","Stampede","Fulminating Rune","Resolving Vigor","Shocking Banner (Class Flourish / Heroism)","The Languid Eye"
"Maw of Lorkhaj","The Twins","https://www.esologs.com/reports/GtqMygpFzVX7a3Pf#fight=6&type=summary&source=3","@Tommothy","Azno Naem","herald-x-x-perfected-slivers-of-the-null-arca-spattering-disjunction","dps","Herald","x","x","Spattering Disjunction","Perfected Slivers of the Null Arca","75860.5","3842.9","22.4","75860.5 DPS","","Huntsman's Warmask (Huntsman's Warmask)","Spattering Disjunction Jack (Spattering Disjunction)","Slimecraw Epaulets (Slimecraw)","Spattering Disjunction Bracers (Spattering Disjunction)","","Spattering Disjunction Guards (Spattering Disjunction)","Perfected Null Arca Boots (Perfected Slivers of the Null Arca)","","Perfected Null Arca Ring (Perfected Slivers of the Null Arca)","Perfected Null Arca Ring (Perfected Slivers of the Null Arca)","Perfected Null Arca Dagger (Perfected Slivers of the Null Arca)","Perfected Null Arca Dagger (Perfected Slivers of the Null Arca)","The Maelstrom's Greatsword (Merciless Charge)"," ()","Camouflaged Hunter","Quick Cloak","Cephaliarch's Flail","Pragmatic Fatecarver","Banner Bearer","Flawless Dawnbreaker","Barbed Trap","Stampede","Inspired Scholarship","Fulminating Rune","Banner Bearer","The Tide King's Gaze"
"Maw of Lorkhaj","The Twins","https://www.esologs.com/reports/KfpvgnMaJRFkhdGT#fight=61&type=summary&source=1","@foxmillet","Elyna Euthanazepam","animal-green-winter-master-architect-serpents-disdain","healer","Animal","Green","Winter","Serpent's Disdain","Master Architect","27328.3","105085.3","76.5","105085.3 HPS","The Ritual","Ozezan the Inferno's Visage (Ozezan the Inferno)","Robe of Serpent's Disdain (Serpent's Disdain)","Spaulder of Ruin (Spaulder of Ruin)","Gloves of Serpent's Disdain (Serpent's Disdain)","","Breeches of Serpent's Disdain (Serpent's Disdain)","Shoes of Serpent's Disdain (Serpent's Disdain)","","Master Architect Ring (Master Architect)","Master Architect Ring (Master Architect)","The Master's Perfected Restoration Staff (Perfected Grand Rejuvenation)"," ()","Master Architect Ice Staff (Master Architect)"," ()","Illustrious Healing","Combat Prayer","Budding Seeds","Overflowing Altar","Echoing Vigor","Eternal Guardian","Winter's Revenge","Expansive Frost Cloak","Mystic Orb","Elemental Susceptibility","Elemental Blockade","Reviving Barrier"
"Maw of Lorkhaj","The Twins","https://www.esologs.com/reports/KfpvgnMaJRFkhdGT#fight=61&type=summary&source=1","@R.Nox","Silvae Nox","animal-green-winter-master-architect-serpents-disdain","healer","Animal","Green","Winter","Serpent's Disdain","Master Architect","3984.6","48387.4","40.3","48387.4 HPS","","Ozezan the Inferno's Mask (Ozezan the Inferno)","Robe of Serpent's Disdain (Serpent's Disdain)","Ozezan the Inferno's Epaulets (Ozezan the Inferno)","Gloves of Serpent's Disdain (Serpent's Disdain)","","Breeches of Serpent's Disdain (Serpent's Disdain)","Shoes of Serpent's Disdain (Serpent's Disdain)","","Master Architect Ring (Master Architect)","Master Architect Ring (Master Architect)","The Master's Perfected Restoration Staff (Perfected Grand Rejuvenation)"," ()","Master Architect Lightning Staff (Master Architect)"," ()","Combat Prayer","Radiating Regeneration","Illustrious Healing","Echoing Vigor","Budding Seeds","Feral Guardian","Elemental Susceptibility","Warding Contingency (Gladiator's Tenacity / Protection)","Expansive Frost Cloak","Energy Orb","Blockade of Storms","Reviving Barrier"
"Maw of Lorkhaj","The Twins","https://www.esologs.com/reports/KfpvgnMaJRFkhdGT#fight=61&type=summary&source=11","@Szuszi","Shunimba Szú","animal-green-winter-master-architect-serpents-disdain","healer","Animal","Green","Winter","Serpent's Disdain","Master Architect","7428.1","56914.8","36.2","56914.8 HPS","","Symphony of Blades Mask (Symphony of Blades)","Robe of Serpent's Disdain (Serpent's Disdain)","Symphony of Blades Pauldrons (Symphony of Blades)","Master Architect Gloves (Master Architect)","","Breeches of Serpent's Disdain (Serpent's Disdain)","Shoes of Serpent's Disdain (Serpent's Disdain)","","Master Architect Ring (Master Architect)","Master Architect Ring (Master Architect)","Master Architect Restoration Staff (Master Architect)"," ()","Ice Staff of Serpent's Disdain (Serpent's Disdain)"," ()","Budding Seeds","Combat Prayer","Illustrious Healing","Energy Orb","Enchanted Growth","Aggressive Horn","Overflowing Altar","Elemental Susceptibility","Elemental Blockade","Expansive Frost Cloak","Echoing Vigor","Eternal Guardian"
"Maw of Lorkhaj","The Twins","https://www.esologs.com/reports/dxKwpWT4njbzQL6M#fight=64&type=summary&source=6","@idontKITE","Lekite James","bone-grave-x-corpseburster-mechanical-acuity","tank","Grave","Bone","x","Corpseburster","Mechanical Acuity","625698.4","4258.5","117.2","117.2 CPM","The Thief","Ansuul's Perfected Helmet (Perfected Ansuul's Torment)","Corpseburster Jack (Corpseburster)","Corpseburster Arm Cops (Corpseburster)","Bracers of Mechanical Acuity (Mechanical Acuity)","","Guards of Mechanical Acuity (Mechanical Acuity)","Corpseburster Boots (Corpseburster)","","Corpseburster Ring (Corpseburster)","Corpseburster Ring (Corpseburster)","Sword of Mechanical Acuity (Mechanical Acuity)","Sword of Mechanical Acuity (Mechanical Acuity)","The Maelstrom's Perfected Greatsword (Perfected Merciless Charge)"," ()","Camouflaged Hunter","Banner Bearer","Detonating Siphon","Whirling Blades","Blighted Blastbones","Flawless Dawnbreaker","Unnerving Boneyard","Banner Bearer","Simmering Frenzy","Stampede","Leashing Burst","Pummeling Goliath"
"Maw of Lorkhaj","The Twins","https://www.esologs.com/reports/dxKwpWT4njbzQL6M#fight=64&type=summary&source=1","@Foolebuilt","Necrofeell","bone-grave-x-corpseburster-mechanical-acuity","tank","Grave","Bone","x","Corpseburster","Mechanical Acuity","609784.0","14862.9","156.3","156.3 CPM","","Corpseburster Helmet (Corpseburster)","Corpseburster Jack (Corpseburster)","Ansuul's Perfected Arm Cops (Perfected Ansuul's Torment)","Bracers of Mechanical Acuity (Mechanical Acuity)","","Corpseburster Guards (Corpseburster)","Boots of Mechanical Acuity (Mechanical Acuity)","","Corpseburster Ring (Corpseburster)","Corpseburster Ring (Corpseburster)","Sword of Mechanical Acuity (Mechanical Acuity)","Sword of Mechanical Acuity (Mechanical Acuity)","The Maelstrom's Perfected Greatsword (Perfected Merciless Charge)"," ()","Blighted Blastbones","Shattering Knife","Whirling Blades","Detonating Siphon","Camouflaged Hunter","Flawless Dawnbreaker","Stampede","Unnerving Boneyard","Leashing Burst","Simmering Frenzy","Mystic Orb","Pummeling Goliath"
"Maw of Lorkhaj","The Twins","https://www.esologs.com/reports/dxKwpWT4njbzQL6M#fight=64&type=summary&source=2","@Imaslowlearner","'Hamburglar","animal-green-winter-perfected-pearlescent-ward-turning-tide","tank","Animal","Green","Winter","Perfected Pearlescent Ward","Turning Tide","127814.1","1397.8","97.7","97.7 CPM","The Thief","Valkyn Skoria Guise (Valkyn Skoria)","Perfected Pearlescent Cuirass (Perfected Pearlescent Ward)","Spaulder of Ruin (Spaulder of Ruin)","Gauntlets of the Turning Tide (Turning Tide)","","Perfected Pearlescent Greaves (Perfected Pearlescent Ward)","Perfected Pearlescent Sabatons (Perfected Pearlescent Ward)","","Perfected Pearlescent Ring (Perfected Pearlescent Ward)","Perfected Pearlescent Ring (Perfected Pearlescent Ward)","The Asylum's Perfected Ice Staff (Perfected Concentrated Force)"," ()","Ice Staff of the Turning Tide (Turning Tide)"," ()","Bull Netch","Arctic Blast","Inner Rage","Force Pulse","Bird of Prey","Feral Guardian","Unstable Wall of Elements","Winter's Revenge","Deep Fissure","Destructive Reach","Lotus Blossom","Permafrost"
"Maw of Lorkhaj","The Twins","https://www.esologs.com/reports/dxKwpWT4njbzQL6M#fight=64&type=summary&source=6","@Chronos308","Hardianus Vreme","animal-green-winter-perfected-pearlescent-ward-turning-tide","tank","Animal","Green","Winter","Perfected Pearlescent Ward","Turning Tide","10923.7","22609.2","45.5","45.5 CPM","","Perfected Pearlescent Helm (Perfected Pearlescent Ward)","Cryptcanon Vestments (Cryptcanon Vestments)","Magma Incarnate Arm Cops (Magma Incarnate)","Perfected Pearlescent Gauntlets (Perfected Pearlescent Ward)","","Perfected Pearlescent Greaves (Perfected Pearlescent Ward)","Perfected Pearlescent Sabatons (Perfected Pearlescent Ward)","","Ring of the Turning Tide (Turning Tide)","Ring of the Turning Tide (Turning Tide)","Sword of the Trainee (Armor of the Trainee)","Druid's Shield (Druid's Braid)","Ice Staff of the Turning Tide (Turning Tide)"," ()","Polar Wind","Ulfsild's Contingency","Goading Throw","Revealing Flare","Winter's Revenge","Temporal Guard","Expansive Frost Cloak","Budding Seeds","Bull Netch","Elemental Susceptibility","Elemental Blockade","Reviving Barrier"
"Maw of Lorkhaj","The Twins","https://www.esologs.com/reports/4vJ9rfjmGMCVNWXg#fight=8&type=summary&source=11","@FalleNwAm","Simp on Steroids","ardent-earthen-x-perfected-lucent-echoes-perfected-xoryns-masterpiece","tank","Ardent","Earthen","x","Perfected Xoryn's Masterpiece","Perfected Lucent Echoes","11696.4","6085.4","31.6","31.6 CPM","The Atronach","Archdruid Devyric's Guise (Archdruid Devyric)","Lucent Echoes Perfected Cuirass (Perfected Lucent Echoes)","Archdruid Devyric's Arm Cops (Archdruid Devyric)","Lucent Echoes Perfected Gauntlets (Perfected Lucent Echoes)","","Lucent Echoes Perfected Greaves (Perfected Lucent Echoes)","Lucent Echoes Perfected Sabatons (Perfected Lucent Echoes)","","Xoryn's Perfected Ring (Perfected Xoryn's Masterpiece)","Xoryn's Perfected Ring (Perfected Xoryn's Masterpiece)","Xoryn's Perfected Sword (Perfected Xoryn's Masterpiece)","Xoryn's Perfected Dagger (Perfected Xoryn's Masterpiece)","Xoryn's Perfected Ice Staff (Perfected Xoryn's Masterpiece)"," ()","Inner Rage","Magma Fist","Shattering Knife","Chains of Dominance","Resolving Vigor","Reviving Barrier","Igneous Weapons","Heart of Flame","Elemental Blockade","Earthshield Mantle","Elemental Susceptibility","Standard of Might"
"Maw of Lorkhaj","The Twins","https://www.esologs.com/reports/4vJ9rfjmGMCVNWXg#fight=8&type=summary&source=73","@bi0skill3r","Meresa Triple-Spring","ardent-earthen-x-perfected-lucent-echoes-perfected-xoryns-masterpiece","tank","Ardent","Earthen","x","Perfected Xoryn's Masterpiece","Perfected Lucent Echoes","10010.8","14898.2","56.2","56.2 CPM","","Nazaray Mask (Nazaray)","Lucent Echoes Perfected Cuirass (Perfected Lucent Echoes)","Nazaray Epaulets (Nazaray)","Lucent Echoes Perfected Gauntlets (Perfected Lucent Echoes)","","Lucent Echoes Perfected Greaves (Perfected Lucent Echoes)","Lucent Echoes Perfected Sabatons (Perfected Lucent Echoes)","","Xoryn's Perfected Ring (Perfected Xoryn's Masterpiece)","Xoryn's Perfected Ring (Perfected Xoryn's Masterpiece)","Xoryn's Perfected Sword (Perfected Xoryn's Masterpiece)","Xoryn's Perfected Shield (Perfected Xoryn's Masterpiece)","Xoryn's Perfected Ice Staff (Perfected Xoryn's Masterpiece)"," ()","Goading Throw","Ulfsild's Contingency","Soul of Flame","Hearth and Home","Blood of the Elder Dragon","Replenishing Barrier","Earthshield Mantle","Igneous Weapons","Chains of Dominance","Elemental Blockade","Elemental Susceptibility","Standard of Might"
"Maw of Lorkhaj","The Twins","https://www.esologs.com/reports/4vJ9rfjmGMCVNWXg#fight=8&type=summary&source=7","@VladIsAFK","Herma's Optometrist","curative-soldier-x-master-architect-perfected-pillagers-profit","healer","Curative","Soldier","x","Master Architect","Perfected Pillager's Profit","5883.0","180652.3","49.3","180652.3 HPS","The Ritual","Symphony of Blades Mask (Symphony of Blades)","Master Architect Robe (Master Architect)","Symphony of Blades Pauldrons (Symphony of Blades)","Master Architect Gloves (Master Architect)","","Master Architect Breeches (Master Architect)","Master Architect Shoes (Master Architect)","","Perfected Pillager's Band (Perfected Pillager's Profit)","Perfected Pillager's Band (Perfected Pillager's Profit)","The Master's Perfected Restoration Staff (Perfected Grand Rejuvenation)"," ()","Pillager's Lightning Staff (Pillager's Profit)"," ()","Radiating Regeneration","Illustrious Healing","Echoing Vigor","Tidal Chakram","Blessing of Restoration","Gibbering Shelter","Overflowing Altar","Elemental Blockade","Cruxweaver Armor","Energy Orb","Ulfsild's Contingency","Resonating Glyphic"
"Maw of Lorkhaj","The Twins","https://www.esologs.com/reports/4vJ9rfjmGMCVNWXg#fight=8&type=summary&source=1","@e.ve","Deadly Librarian","curative-soldier-x-master-architect-perfected-pillagers-profit","healer","Curative","Soldier","x","Master Architect","Perfected Pillager's Profit","4340.4","134372.3","53.4","134372.3 HPS","","The Blind Guise (The Blind)","Master Architect Robe (Master Architect)","The Blind Epaulets (The Blind)","Master Architect Gloves (Master Architect)","","Master Architect Breeches (Master Architect)","Master Architect Shoes (Master Architect)","","Perfected Pillager's Band (Perfected Pillager's Profit)","Perfected Pillager's Band (Perfected Pillager's Profit)","The Master's Perfected Restoration Staff (Perfected Grand Rejuvenation)"," ()","Perfected Pillager's Lightning Staff (Perfected Pillager's Profit)"," ()","Combat Prayer","Radiating Regeneration","Illustrious Healing","Tidal Chakram","Cruxweaver Armor","Gibbering Shelter","Blockade of Storms","Echoing Vigor","Reconstructive Domain","Energy Orb","Overflowing Altar","Glyphic of the Tides"
"Maw of Lorkhaj","Rakkhat","https://www.esologs.com/reports/JyQrTdKBkDjx64wR#fight=19&type=summary&source=5","@jeronimq","jø-rşıh'q","ass-shadow-siphon-aegis-caller-perfected-slivers-of-the-null-arca","dps","Ass","Shadow","Siphon","Perfected Slivers of the Null Arca","Aegis Caller","200978.1","16662.3","112.1","200978.1 DPS","","Huntsman's Warmask (Huntsman's Warmask)","Perfected Null Arca Jack (Perfected Slivers of the Null Arca)","Slimecraw Epaulets (Slimecraw)","Aegis Caller's Bracers (Aegis Caller)","","Perfected Null Arca Guards (Perfected Slivers of the Null Arca)","Aegis Caller's Boots (Aegis Caller)","","Perfected Null Arca Ring (Perfected Slivers of the Null Arca)","Perfected Null Arca Ring (Perfected Slivers of the Null Arca)","Aegis Caller's Dagger (Aegis Caller)","Aegis Caller's Dagger (Aegis Caller)","The Maelstrom's Perfected Greatsword (Perfected Merciless Charge)"," ()","Surprise Attack","Shadowy Disguise","Killer's Blade","Relentless Focus","Debilitate","Incapacitating Strike","Carve","Stampede","Dark Shade","Barbed Trap","Siphoning Attacks","Ice Comet"
"Maw of Lorkhaj","Rakkhat","https://www.esologs.com/reports/JyQrTdKBkDjx64wR#fight=19&type=summary&source=22","@DeFyLegends","Dephy Leggings","ass-shadow-siphon-aegis-caller-perfected-slivers-of-the-null-arca","dps","Ass","Shadow","Siphon","Perfected Slivers of the Null Arca","Aegis Caller","204816.3","14330.5","80.0","204816.3 DPS","The Thief","Huntsman's Warmask (Huntsman's Warmask)","Perfected Null Arca Jack (Perfected Slivers of the Null Arca)","Slimecraw Epaulets (Slimecraw)","Perfected Null Arca Bracers (Perfected Slivers of the Null Arca)","","Perfected Null Arca Guards (Perfected Slivers of the Null Arca)","Perfected Null Arca Boots (Perfected Slivers of the Null Arca)","","Aegis Caller's Ring (Aegis Caller)","Aegis Caller's Ring (Aegis Caller)","Aegis Caller's Dagger (Aegis Caller)","Aegis Caller's Dagger (Aegis Caller)","The Maelstrom's Perfected Greatsword (Perfected Merciless Charge)"," ()","Killer's Blade","Surprise Attack","Debilitate","Shadowy Disguise","Relentless Focus","Incapacitating Strike","Stampede","Barbed Trap","Simmering Frenzy","Ulfsild's Contingency","Dark Shade","Ice Comet"
"Maw of Lorkhaj","Rakkhat","https://www.esologs.com/reports/JyQrTdKBkDjx64wR#fight=19&type=summary&source=9","@norncat","Not Nyx","ass-shadow-siphon-aegis-caller-perfected-slivers-of-the-null-arca","dps","Ass","Shadow","Siphon","Aegis Caller","Perfected Slivers of the Null Arca","127574.5","6829.3","65.1","127574.5 DPS","","Huntsman's Warmask (Huntsman's Warmask)","Aegis Caller's Jack (Aegis Caller)","Slimecraw Epaulets (Slimecraw)","Perfected Null Arca Bracers (Perfected Slivers of the Null Arca)","","Aegis Caller's Guards (Aegis Caller)","Aegis Caller's Boots (Aegis Caller)","","Perfected Null Arca Ring (Perfected Slivers of the Null Arca)","Aegis Caller's Ring (Aegis Caller)","Perfected Null Arca Dagger (Perfected Slivers of the Null Arca)","Perfected Null Arca Dagger (Perfected Slivers of the Null Arca)","The Maelstrom's Greatsword (Merciless Charge)"," ()","Surprise Attack","Killer's Blade","Debilitate","Relentless Focus","Shadowy Disguise","Incapacitating Strike","Barbed Trap","Stampede","Carve","Ulfsild's Contingency","Dark Shade","Shooting Star"
"Maw of Lorkhaj","Rakkhat","https://www.esologs.com/reports/JyQrTdKBkDjx64wR#fight=19&type=summary&source=3","@ruciake","Hidden in Despair","ass-shadow-siphon-aegis-caller-perfected-slivers-of-the-null-arca","dps","Ass","Shadow","Siphon","Perfected Slivers of the Null Arca","Aegis Caller","192489.1","8773.6","59.3","192489.1 DPS","","Huntsman's Warmask (Huntsman's Warmask)","Perfected Null Arca Jack (Perfected Slivers of the Null Arca)","Zaan Epaulets (Zaan)","Perfected Null Arca Bracers (Perfected Slivers of the Null Arca)","","Perfected Null Arca Guards (Perfected Slivers of the Null Arca)","Perfected Null Arca Boots (Perfected Slivers of the Null Arca)","","Aegis Caller's Ring (Aegis Caller)","Aegis Caller's Ring (Aegis Caller)","Aegis Caller's Dagger (Aegis Caller)","Aegis Caller's Dagger (Aegis Caller)","The Maelstrom's Perfected Greatsword (Perfected Merciless Charge)"," ()","Surprise Attack","Relentless Focus","Debilitate","Killer's Blade","Shadowy Disguise","Incapacitating Strike","Dark Shade","Stampede","Carve","Barbed Trap","Simmering Frenzy","Veil of Blades"
"Maw of Lorkhaj","Rakkhat","https://www.esologs.com/reports/JyQrTdKBkDjx64wR#fight=19&type=summary&source=12","@CoachPower","Sookie Northman","ass-shadow-siphon-aegis-caller-perfected-slivers-of-the-null-arca","dps","Ass","Shadow","Siphon","Perfected Slivers of the Null Arca","Aegis Caller","165125.5","11753.1","77.9","165125.5 DPS","","Huntsman's Warmask (Huntsman's Warmask)","Perfected Null Arca Jack (Perfected Slivers of the Null Arca)","Slimecraw Epaulets (Slimecraw)","Perfected Null Arca Bracers (Perfected Slivers of the Null Arca)","","Perfected Null Arca Guards (Perfected Slivers of the Null Arca)","Perfected Null Arca Boots (Perfected Slivers of the Null Arca)","","Aegis Caller's Ring (Aegis Caller)","Aegis Caller's Ring (Aegis Caller)","Aegis Caller's Dagger (Aegis Caller)","Aegis Caller's Dagger (Aegis Caller)","The Maelstrom's Perfected Greatsword (Perfected Merciless Charge)"," ()","Shadowy Disguise","Killer's Blade","Relentless Focus","Surprise Attack","Debilitate","Incapacitating Strike","Barbed Trap","Dark Shade","Ulfsild's Contingency","Carve","Stampede","Veil of Blades"
"Maw of Lorkhaj","Rakkhat","https://www.esologs.com/reports/JyQrTdKBkDjx64wR#fight=19&type=summary&source=6","@Orollas","Karnast","ass-shadow-siphon-aegis-caller-perfected-slivers-of-the-null-arca","dps","Ass","Shadow","Siphon","Perfected Slivers of the Null Arca","Aegis Caller","166378.9","12056.2","75.0","166378.9 DPS","","Huntsman's Warmask (Huntsman's Warmask)","Perfected Null Arca Jack (Perfected Slivers of the Null Arca)","Slimecraw Epaulets (Slimecraw)","Perfected Null Arca Bracers (Perfected Slivers of the Null Arca)","","Perfected Null Arca Guards (Perfected Slivers of the Null Arca)","Perfected Null Arca Boots (Perfected Slivers of the Null Arca)","","Aegis Caller's Ring (Aegis Caller)","Aegis Caller's Ring (Aegis Caller)","Aegis Caller's Dagger (Aegis Caller)","Aegis Caller's Dagger (Aegis Caller)","The Maelstrom's Perfected Greatsword (Perfected Merciless Charge)"," ()","Debilitate","Relentless Focus","Surprise Attack","Killer's Blade","Shadowy Disguise","Incapacitating Strike","Stampede","Barbed Trap","Simmering Frenzy","Dark Shade","Siphoning Attacks","Veil of Blades"
"Maw of Lorkhaj","Rakkhat","https://www.esologs.com/reports/JyQrTdKBkDjx64wR#fight=19&type=summary&source=9","@RedLeader99","Redleaderr","ass-shadow-siphon-aegis-caller-perfected-slivers-of-the-null-arca","dps","Ass","Shadow","Siphon","Perfected Slivers of the Null Arca","Aegis Caller","148605.2","14617.7","67.6","148605.2 DPS","","Huntsman's Warmask (Huntsman's Warmask)","Perfected Null Arca Jack (Perfected Slivers of the Null Arca)","Zaan Arm Cops (Zaan)","Perfected Null Arca Bracers (Perfected Slivers of the Null Arca)","","Perfected Null Arca Guards (Perfected Slivers of the Null Arca)","Perfected Null Arca Boots (Perfected Slivers of the Null Arca)","","Aegis Caller's Ring (Aegis Caller)","Aegis Caller's Ring (Aegis Caller)","Aegis Caller's Dagger (Aegis Caller)","Aegis Caller's Dagger (Aegis Caller)","The Maelstrom's Greatsword (Merciless Charge)"," ()","Shadowy Disguise","Relentless Focus","Surprise Attack","Killer's Blade","Debilitate","Incapacitating Strike","Stampede","Carve","Ulfsild's Contingency","Barbed Trap","Dark Shade","Incapacitating Strike"
"Maw of Lorkhaj","Rakkhat","https://www.esologs.com/reports/JyQrTdKBkDjx64wR#fight=19&type=summary&source=9","@onuhlok","onuhlok","ass-shadow-siphon-aegis-caller-perfected-slivers-of-the-null-arca","dps","Ass","Shadow","Siphon","Perfected Slivers of the Null Arca","Aegis Caller","166383.4","17775.4","71.9","166383.4 DPS","","Huntsman's Warmask (Huntsman's Warmask)","Perfected Null Arca Jack (Perfected Slivers of the Null Arca)","Zaan Epaulets (Zaan)","Perfected Null Arca Bracers (Perfected Slivers of the Null Arca)","","Perfected Null Arca Guards (Perfected Slivers of the Null Arca)","Perfected Null Arca Boots (Perfected Slivers of the Null Arca)","","Aegis Caller's Ring (Aegis Caller)","Aegis Caller's Ring (Aegis Caller)","Aegis Caller's Dagger (Aegis Caller)","Aegis Caller's Dagger (Aegis Caller)","The Maelstrom's Perfected Greatsword (Perfected Merciless Charge)"," ()","Surprise Attack","Merciless Resolve","Killer's Blade","Shadowy Disguise","Debilitate","Incapacitating Strike","Stampede","Carve","Barbed Trap","Ulfsild's Contingency","Dark Shade","Ice Comet"
"Maw of Lorkhaj","Rakkhat","https://www.esologs.com/reports/JyQrTdKBkDjx64wR#fight=19&type=summary&source=5","@Drako-Ei","J'zack","ass-shadow-siphon-aegis-caller-perfected-slivers-of-the-null-arca","dps","Ass","Shadow","Siphon","Perfected Slivers of the Null Arca","Aegis Caller","148863.3","13698.7","74.3","148863.3 DPS","","Zaan Mask (Zaan)","Perfected Null Arca Jack (Perfected Slivers of the Null Arca)","Mora's Whispers (Mora's Whispers)","Perfected Null Arca Bracers (Perfected Slivers of the Null Arca)","","Perfected Null Arca Guards (Perfected Slivers of the Null Arca)","Perfected Null Arca Boots (Perfected Slivers of the Null Arca)","","Aegis Caller's Ring (Aegis Caller)","Aegis Caller's Ring (Aegis Caller)","Aegis Caller's Dagger (Aegis Caller)","Aegis Caller's Dagger (Aegis Caller)","The Maelstrom's Perfected Greatsword (Perfected Merciless Charge)"," ()","Barbed Trap","Killer's Blade","Deadly Cloak","Relentless Focus","Surprise Attack","Incapacitating Strike","Carve","Stampede","Shadowy Disguise","Debilitate","Dark Shade","Incapacitating Strike"
"Maw of Lorkhaj","Rakkhat","https://www.esologs.com/reports/JyQrTdKBkDjx64wR#fight=19&type=summary&source=13","@PaganPandas","Harassin Assassin","ass-shadow-siphon-aegis-caller-perfected-slivers-of-the-null-arca","dps","Ass","Shadow","Siphon","Perfected Slivers of the Null Arca","Aegis Caller","115267.0","14258.2","61.0","115267.0 DPS","","Huntsman's Warmask (Huntsman's Warmask)","Perfected Null Arca Jack (Perfected Slivers of the Null Arca)","Zaan Epaulets (Zaan)","Perfected Null Arca Bracers (Perfected Slivers of the Null Arca)","","Perfected Null Arca Guards (Perfected Slivers of the Null Arca)","Perfected Null Arca Boots (Perfected Slivers of the Null Arca)","","Aegis Caller's Ring (Aegis Caller)","Aegis Caller's Ring (Aegis Caller)","Aegis Caller's Dagger (Aegis Caller)","Aegis Caller's Dagger (Aegis Caller)","The Maelstrom's Perfected Greatsword (Perfected Merciless Charge)"," ()","Surprise Attack","Debilitate","Killer's Blade","Merciless Resolve","Shadowy Disguise","Incapacitating Strike","Stampede","Carve","Ulfsild's Contingency","Barbed Trap","Dark Shade","Incapacitating Strike"
"Maw of Lorkhaj","Rakkhat","https://www.esologs.com/reports/JyQrTdKBkDjx64wR#fight=19&type=summary&source=15","@stephnie","Shädoẅ","ass-shadow-siphon-aegis-caller-perfected-slivers-of-the-null-arca","dps","Ass","Shadow","Siphon","Perfected Slivers of the Null Arca","Aegis Caller","87060.9","4167.1","56.8","87060.9 DPS","","Huntsman's Warmask (Huntsman's Warmask)","Perfected Null Arca Jack (Perfected Slivers of the Null Arca)","Slimecraw Epaulets (Slimecraw)","Perfected Null Arca Bracers (Perfected Slivers of the Null Arca)","","Perfected Null Arca Guards (Perfected Slivers of the Null Arca)","Perfected Null Arca Boots (Perfected Slivers of the Null Arca)","","Aegis Caller's Ring (Aegis Caller)","Aegis Caller's Ring (Aegis Caller)","Aegis Caller's Dagger (Aegis Caller)","Aegis Caller's Dagger (Aegis Caller)","The Maelstrom's Perfected Greatsword (Perfected Merciless Charge)"," ()","Surprise Attack","Merciless Resolve","Killer's Blade","Shadowy Disguise","Debilitate","Incapacitating Strike","Stampede","Carve","Dark Shade","Simmering Frenzy","Barbed Trap","Ice Comet"
"Maw of Lorkhaj","Rakkhat","https://www.esologs.com/reports/JyQrTdKBkDjx64wR#fight=19&type=summary&source=10","@corrupterofworld","pálcikacica","ass-shadow-siphon-aegis-caller-perfected-slivers-of-the-null-arca","dps","Ass","Shadow","Siphon","Perfected Slivers of the Null Arca","Aegis Caller","157482.2","8421.4","82.4","157482.2 DPS","","Huntsman's Warmask (Huntsman's Warmask)","Perfected Null Arca Jack (Perfected Slivers of the Null Arca)","Slimecraw Epaulets (Slimecraw)","Perfected Null Arca Bracers (Perfected Slivers of the Null Arca)","","Perfected Null Arca Guards (Perfected Slivers of the Null Arca)","Perfected Null Arca Boots (Perfected Slivers of the Null Arca)","","Aegis Caller's Ring (Aegis Caller)","Aegis Caller's Ring (Aegis Caller)","Aegis Caller's Dagger (Aegis Caller)","Aegis Caller's Dagger (Aegis Caller)","The Maelstrom's Perfected Greatsword (Perfected Merciless Charge)"," ()","Killer's Blade","Shadowy Disguise","Surprise Attack","Relentless Focus","Barbed Trap","Incapacitating Strike","Stampede","Carve","Debilitate","Dark Shade","Ulfsild's Contingency","Shooting Star"
"Maw of Lorkhaj","Rakkhat","https://www.esologs.com/reports/JyQrTdKBkDjx64wR#fight=19&type=summary&source=6","@Grace5252","Grace Stormshade","ass-shadow-siphon-aegis-caller-perfected-slivers-of-the-null-arca","dps","Ass","Shadow","Siphon","Aegis Caller","Perfected Slivers of the Null Arca","95645.0","7636.3","61.5","95645.0 DPS","","Aegis Caller's Helmet (Aegis Caller)","Perfected Null Arca Jack (Perfected Slivers of the Null Arca)","Slimecraw Arm Cops (Slimecraw)","Perfected Null Arca Bracers (Perfected Slivers of the Null Arca)","","Perfected Null Arca Guards (Perfected Slivers of the Null Arca)","Perfected Null Arca Boots (Perfected Slivers of the Null Arca)","","Aegis Caller's Ring (Aegis Caller)","Aegis Caller's Ring (Aegis Caller)","Aegis Caller's Dagger (Aegis Caller)","Aegis Caller's Dagger (Aegis Caller)","The Maelstrom's Perfected Greatsword (Perfected Merciless Charge)"," ()","Shadowy Disguise","Surprise Attack","Killer's Blade","Relentless Focus","Debilitate","Soul Harvest","Stampede","Carve","Anti-Cavalry Caltrops","Barbed Trap","Dark Shade","Shooting Star"
"Maw of Lorkhaj","Rakkhat","https://www.esologs.com/reports/4vJ9rfjmGMCVNWXg#fight=12&type=summary&source=5","@Faisal-11","Dreamcarver","herald-soldier-x-perfected-slivers-of-the-null-arca-spattering-disjunction","dps","Herald","Soldier","x","Spattering Disjunction","Perfected Slivers of the Null Arca","166287.3","5633.1","30.6","166287.3 DPS","The Thief","Slimecraw Guise (Slimecraw)","Spattering Disjunction Jack (Spattering Disjunction)","Perfected Null Arca Arm Cops (Perfected Slivers of the Null Arca)","Spattering Disjunction Bracers (Spattering Disjunction)","","Spattering Disjunction Guards (Spattering Disjunction)","Spattering Disjunction Boots (Spattering Disjunction)","","Perfected Null Arca Ring (Perfected Slivers of the Null Arca)","Perfected Null Arca Ring (Perfected Slivers of the Null Arca)","Perfected Null Arca Dagger (Perfected Slivers of the Null Arca)","Perfected Null Arca Dagger (Perfected Slivers of the Null Arca)","The Maelstrom's Perfected Greatsword (Perfected Merciless Charge)"," ()","Cephaliarch's Flail","Camouflaged Hunter","Barbed Trap","Pragmatic Fatecarver","Quick Cloak","Flawless Dawnbreaker","Stampede","Cruxweaver Armor","Camouflaged Hunter","Inspired Scholarship","Fulminating Rune","The Languid Eye"
"Maw of Lorkhaj","Rakkhat","https://www.esologs.com/reports/4vJ9rfjmGMCVNWXg#fight=12&type=summary&source=3","@Grimgohts","Arcgrim","herald-soldier-x-perfected-slivers-of-the-null-arca-spattering-disjunction","dps","Herald","Soldier","x","Spattering Disjunction","Perfected Slivers of the Null Arca","88735.0","3305.3","9.0","88735.0 DPS","","Slimecraw Guise (Slimecraw)","Spattering Disjunction Cuirass (Spattering Disjunction)","Perfected Null Arca Arm Cops (Perfected Slivers of the Null Arca)","Spattering Disjunction Bracers (Spattering Disjunction)","","Spattering Disjunction Guards (Spattering Disjunction)","Spattering Disjunction Boots (Spattering Disjunction)","","Perfected Null Arca Ring (Perfected Slivers of the Null Arca)","Perfected Null Arca Ring (Perfected Slivers of the Null Arca)","Perfected Null Arca Dagger (Perfected Slivers of the Null Arca)","Perfected Null Arca Dagger (Perfected Slivers of the Null Arca)","The Maelstrom's Inferno Staff (Crushing Wall)"," ()","Cephaliarch's Flail","Pragmatic Fatecarver","Barbed Trap","Quick Cloak","Banner Bearer","Dawnbreaker of Smiting","Inspired Scholarship","Impervious Runeward","Cruxweaver Armor","Fulminating Rune","Banner Bearer","The Languid Eye"
"Maw of Lorkhaj","Rakkhat","https://www.esologs.com/reports/4vJ9rfjmGMCVNWXg#fight=12&type=summary&source=79","@rinea","Zanjuna Kathal","herald-soldier-x-perfected-slivers-of-the-null-arca-spattering-disjunction","dps","Herald","Soldier","x","Spattering Disjunction","Perfected Slivers of the Null Arca","97501.7","4711.5","24.2","97501.7 DPS","","Slimecraw Mask (Slimecraw)","Spattering Disjunction Jack (Spattering Disjunction)","Spattering Disjunction Arm Cops (Spattering Disjunction)","Spattering Disjunction Bracers (Spattering Disjunction)","","Spattering Disjunction Guards (Spattering Disjunction)","Spattering Disjunction Boots (Spattering Disjunction)","","Perfected Null Arca Ring (Perfected Slivers of the Null Arca)","Perfected Null Arca Ring (Perfected Slivers of the Null Arca)","Perfected Null Arca Dagger (Perfected Slivers of the Null Arca)","Perfected Null Arca Dagger (Perfected Slivers of the Null Arca)","The Maelstrom's Inferno Staff (Crushing Wall)"," ()","Camouflaged Hunter","Quick Cloak","Cephaliarch's Flail","Pragmatic Fatecarver","Echoing Vigor","Flawless Dawnbreaker","Camouflaged Hunter","Fulminating Rune","Inspired Scholarship","Elemental Blockade","Cruxweaver Armor","The Languid Eye"
"Maw of Lorkhaj","Rakkhat","https://www.esologs.com/reports/4vJ9rfjmGMCVNWXg#fight=12&type=summary&source=157","@JokerADHD","Monkey D Beamer","herald-soldier-x-perfected-slivers-of-the-null-arca-spattering-disjunction","dps","Herald","Soldier","x","Spattering Disjunction","Perfected Slivers of the Null Arca","88532.2","3357.9","36.3","88532.2 DPS","","Huntsman's Warmask (Huntsman's Warmask)","Spattering Disjunction Jack (Spattering Disjunction)","Slimecraw Epaulets (Slimecraw)","Spattering Disjunction Bracers (Spattering Disjunction)","","Spattering Disjunction Guards (Spattering Disjunction)","Spattering Disjunction Boots (Spattering Disjunction)","","Perfected Null Arca Ring (Perfected Slivers of the Null Arca)","Perfected Null Arca Ring (Perfected Slivers of the Null Arca)","Null Arca Dagger (Slivers of the Null Arca)","Null Arca Dagger (Slivers of the Null Arca)","The Maelstrom's Perfected Greatsword (Perfected Merciless Charge)"," ()","Cephaliarch's Flail","Pragmatic Fatecarver","Quick Cloak","Barbed Trap","Camouflaged Hunter","Flawless Dawnbreaker","Stampede","Fulminating Rune","Cruxweaver Armor","Inspired Scholarship","Camouflaged Hunter","The Tide King's Gaze"
"Maw of Lorkhaj","Rakkhat","https://www.esologs.com/reports/4vJ9rfjmGMCVNWXg#fight=12&type=summary&source=4","@madchook","Dr Ori Toes","herald-soldier-x-perfected-slivers-of-the-null-arca-spattering-disjunction","dps","Herald","Soldier","x","Spattering Disjunction","Perfected Slivers of the Null Arca","109808.0","2804.7","24.8","109808.0 DPS","","Slimecraw Mask (Slimecraw)","Spattering Disjunction Jack (Spattering Disjunction)","Perfected Null Arca Arm Cops (Perfected Slivers of the Null Arca)","Spattering Disjunction Bracers (Spattering Disjunction)","","Spattering Disjunction Guards (Spattering Disjunction)","Spattering Disjunction Boots (Spattering Disjunction)","","Perfected Null Arca Ring (Perfected Slivers of the Null Arca)","Perfected Null Arca Ring (Perfected Slivers of the Null Arca)","Perfected Null Arca Dagger (Perfected Slivers of the Null Arca)","Perfected Null Arca Dagger (Perfected Slivers of the Null Arca)","The Maelstrom's Perfected Greatsword (Perfected Merciless Charge)"," ()","Barbed Trap","Cephaliarch's Flail","Pragmatic Fatecarver","Camouflaged Hunter","Quick Cloak","Flawless Dawnbreaker","Fulminating Rune","Inspired Scholarship","Stampede","Resolving Vigor","Cruxweaver Armor","The Languid Eye"
"Maw of Lorkhaj","Rakkhat","https://www.esologs.com/reports/4vJ9rfjmGMCVNWXg#fight=12&type=summary&source=6","@Krophos","Kael the Fading Moon","herald-soldier-x-perfected-slivers-of-the-null-arca-spattering-disjunction","dps","Herald","Soldier","x","Perfected Slivers of the Null Arca","Spattering Disjunction","138988.3","7499.7","37.2","138988.3 DPS","","Perfected Null Arca Helmet (Perfected Slivers of the Null Arca)","Spattering Disjunction Jack (Spattering Disjunction)","Arm Cops of the Thousand Eyes (Thousand Eyes)","Spattering Disjunction Bracers (Spattering Disjunction)","","Perfected Null Arca Guards (Perfected Slivers of the Null Arca)","Perfected Null Arca Boots (Perfected Slivers of the Null Arca)","","Spattering Disjunction Ring (Spattering Disjunction)","Spattering Disjunction Ring (Spattering Disjunction)","Perfected Null Arca Dagger (Perfected Slivers of the Null Arca)","Perfected Null Arca Dagger (Perfected Slivers of the Null Arca)","The Maelstrom's Perfected Greatsword (Perfected Merciless Charge)"," ()","Camouflaged Hunter","Quick Cloak","Cephaliarch's Flail","Pragmatic Fatecarver","Barbed Trap","The Languid Eye","Camouflaged Hunter","Inspired Scholarship","Stampede","Fulminating Rune","Cruxweaver Armor","The Languid Eye"
"Maw of Lorkhaj","Rakkhat","https://www.esologs.com/reports/4vJ9rfjmGMCVNWXg#fight=12&type=summary&source=3","@hamiltonmaths","Citizen Ar-Kane-Ist","herald-soldier-x-perfected-slivers-of-the-null-arca-spattering-disjunction","dps","Herald","Soldier","x","Perfected Slivers of the Null Arca","Spattering Disjunction","97042.4","4019.1","17.6","97042.4 DPS","","Perfected Null Arca Helmet (Perfected Slivers of the Null Arca)","Spattering Disjunction Jack (Spattering Disjunction)","Slimecraw Arm Cops (Slimecraw)","Spattering Disjunction Bracers (Spattering Disjunction)","","Spattering Disjunction Guards (Spattering Disjunction)","Spattering Disjunction Boots (Spattering Disjunction)","","Perfected Null Arca Ring (Perfected Slivers of the Null Arca)","Perfected Null Arca Ring (Perfected Slivers of the Null Arca)","Perfected Null Arca Dagger (Perfected Slivers of the Null Arca)","Perfected Null Arca Dagger (Perfected Slivers of the Null Arca)","The Maelstrom's Perfected Inferno Staff (Perfected Crushing Wall)"," ()","Cephaliarch's Flail","Barbed Trap","Pragmatic Fatecarver","Camouflaged Hunter","Quick Cloak","Flawless Dawnbreaker","Fulminating Rune","Elemental Blockade","Inspired Scholarship","Rune of the Colorless Pool","Elemental Susceptibility","The Languid Eye"
"Maw of Lorkhaj","Rakkhat","https://www.esologs.com/reports/4vJ9rfjmGMCVNWXg#fight=12&type=summary&source=5","@GogetaUi","hottiexenoverse","herald-soldier-x-perfected-slivers-of-the-null-arca-spattering-disjunction","dps","Herald","Soldier","x","Spattering Disjunction","Perfected Slivers of the Null Arca","95744.9","7615.8","21.8","95744.9 DPS","","Nerien'eth Mask (Nerien'eth)","Spattering Disjunction Jack (Spattering Disjunction)","Perfected Null Arca Arm Cops (Perfected Slivers of the Null Arca)","Spattering Disjunction Bracers (Spattering Disjunction)","","Spattering Disjunction Guards (Spattering Disjunction)","Spattering Disjunction Boots (Spattering Disjunction)","","Perfected Null Arca Ring (Perfected Slivers of the Null Arca)","Perfected Null Arca Ring (Perfected Slivers of the Null Arca)","Perfected Null Arca Dagger (Perfected Slivers of the Null Arca)","Perfected Null Arca Dagger (Perfected Slivers of the Null Arca)","The Maelstrom's Perfected Greatsword (Perfected Merciless Charge)"," ()","Banner Bearer","Quick Cloak","Camouflaged Hunter","Cephaliarch's Flail","Pragmatic Fatecarver","Flawless Dawnbreaker","Banner Bearer","Inspired Scholarship","Fulminating Rune","Stampede","Cruxweaver Armor","The Languid Eye"
"Maw of Lorkhaj","Rakkhat","https://www.esologs.com/reports/4vJ9rfjmGMCVNWXg#fight=12&type=summary&source=7","@JRH01","Lilithona","herald-soldier-x-perfected-slivers-of-the-null-arca-spattering-disjunction","dps","Herald","Soldier","x","Perfected Slivers of the Null Arca","Spattering Disjunction","114626.4","17696.5","28.8","114626.4 DPS","","Perfected Null Arca Helmet (Perfected Slivers of the Null Arca)","Perfected Null Arca Jack (Perfected Slivers of the Null Arca)","Slimecraw Epaulets (Slimecraw)","Perfected Null Arca Bracers (Perfected Slivers of the Null Arca)","","Perfected Null Arca Guards (Perfected Slivers of the Null Arca)","Perfected Null Arca Boots (Perfected Slivers of the Null Arca)","","Spattering Disjunction Ring (Spattering Disjunction)","Spattering Disjunction Ring (Spattering Disjunction)","Spattering Disjunction Dagger (Spattering Disjunction)","Spattering Disjunction Dagger (Spattering Disjunction)","The Maelstrom's Perfected Greatsword (Perfected Merciless Charge)"," ()","Banner Bearer","Quick Cloak","Exhausting Fatecarver","Cephaliarch's Flail","Camouflaged Hunter","Flawless Dawnbreaker","Banner Bearer","Cruxweaver Armor","Fulminating Rune","Stampede","Recuperative Treatise","The Languid Eye"
"Maw of Lorkhaj","Rakkhat","https://www.esologs.com/reports/dxKwpWT4njbzQL6M#fight=127&type=summary&source=12","@Em.pire","Veloth Othran","bone-grave-x-corpseburster-perfected-slivers-of-the-null-arca","dps","Grave","Bone","x","Perfected Slivers of the Null Arca","Corpseburster","252295.8","4964.0","140.9","252295.8 DPS","","Huntsman's Warmask (Huntsman's Warmask)","Perfected Null Arca Jack (Perfected Slivers of the Null Arca)","Ansuul's Perfected Arm Cops (Perfected Ansuul's Torment)","Perfected Null Arca Bracers (Perfected Slivers of the Null Arca)","","Perfected Null Arca Guards (Perfected Slivers of the Null Arca)","Perfected Null Arca Boots (Perfected Slivers of the Null Arca)","","Corpseburster Ring (Corpseburster)","Corpseburster Ring (Corpseburster)","Corpseburster Dagger (Corpseburster)","Corpseburster Dagger (Corpseburster)","The Maelstrom's Perfected Greatsword (Perfected Merciless Charge)"," ()","Unnerving Boneyard","Venom Skull","Blighted Blastbones","Detonating Siphon","Banner Bearer","Flawless Dawnbreaker","Skeletal Archer","Stampede","Quick Cloak","Simmering Frenzy","Banner Bearer","Pummeling Goliath"
"Maw of Lorkhaj","Rakkhat","https://www.esologs.com/reports/dxKwpWT4njbzQL6M#fight=127&type=summary&source=6","@idontKITE","Lekite James","bone-grave-x-corpseburster-perfected-slivers-of-the-null-arca","dps","Grave","Bone","x","Perfected Slivers of the Null Arca","Corpseburster","314309.5","3379.5","149.3","314309.5 DPS","","Huntsman's Warmask (Huntsman's Warmask)","Perfected Null Arca Jack (Perfected Slivers of the Null Arca)","Ansuul's Perfected Arm Cops (Perfected Ansuul's Torment)","Perfected Null Arca Bracers (Perfected Slivers of the Null Arca)","","Perfected Null Arca Guards (Perfected Slivers of the Null Arca)","Corpseburster Boots (Corpseburster)","","Corpseburster Ring (Corpseburster)","Corpseburster Ring (Corpseburster)","Corpseburster Dagger (Corpseburster)","Corpseburster Dagger (Corpseburster)","The Maelstrom's Perfected Greatsword (Perfected Merciless Charge)"," ()","Unnerving Boneyard","Camouflaged Hunter","Detonating Siphon","Venom Skull","Blighted Blastbones","Flawless Dawnbreaker","Barbed Trap","Skeletal Archer","Simmering Frenzy","Stampede","Quick Cloak","Pummeling Goliath"
"Maw of Lorkhaj","Rakkhat","https://www.esologs.com/reports/dxKwpWT4njbzQL6M#fight=127&type=summary&source=1","@Foolebuilt","Necrofeell","bone-grave-x-corpseburster-perfected-slivers-of-the-null-arca","dps","Grave","Bone","x","Perfected Slivers of the Null Arca","Corpseburster","324129.3","3223.0","161.9","324129.3 DPS","The Thief","Huntsman's Warmask (Huntsman's Warmask)","Perfected Null Arca Jack (Perfected Slivers of the Null Arca)","Ansuul's Perfected Arm Cops (Perfected Ansuul's Torment)","Perfected Null Arca Bracers (Perfected Slivers of the Null Arca)","","Perfected Null Arca Guards (Perfected Slivers of the Null Arca)","Perfected Null Arca Boots (Perfected Slivers of the Null Arca)","","Corpseburster Ring (Corpseburster)","Corpseburster Ring (Corpseburster)","Corpseburster Dagger (Corpseburster)","Corpseburster Dagger (Corpseburster)","The Maelstrom's Perfected Greatsword (Perfected Merciless Charge)"," ()","Blighted Blastbones","Unnerving Boneyard","Venom Skull","Detonating Siphon","Banner Bearer","Flawless Dawnbreaker","Stampede","Barbed Trap","Quick Cloak","Simmering Frenzy","Banner Bearer","Pummeling Goliath"
"Maw of Lorkhaj","Rakkhat","https://www.esologs.com/reports/dxKwpWT4njbzQL6M#fight=127&type=summary&source=21","@R.af","ßrave","bone-grave-x-corpseburster-perfected-slivers-of-the-null-arca","dps","Grave","Bone","x","Perfected Slivers of the Null Arca","Corpseburster","157229.6","12353.6","96.1","157229.6 DPS","","Huntsman's Warmask (Huntsman's Warmask)","Perfected Null Arca Jack (Perfected Slivers of the Null Arca)","Ansuul's Perfected Arm Cops (Perfected Ansuul's Torment)","Perfected Null Arca Bracers (Perfected Slivers of the Null Arca)","","Perfected Null Arca Guards (Perfected Slivers of the Null Arca)","Perfected Null Arca Boots (Perfected Slivers of the Null Arca)","","Corpseburster Ring (Corpseburster)","Corpseburster Ring (Corpseburster)","Corpseburster Dagger (Corpseburster)","Corpseburster Dagger (Corpseburster)","The Maelstrom's Perfected Greatsword (Perfected Merciless Charge)"," ()","Venom Skull","Avid Boneyard","Detonating Siphon","Blighted Blastbones","Banner Bearer","Flawless Dawnbreaker","Stampede","Simmering Frenzy","Skeletal Archer","Barbed Trap","Banner Bearer","Pummeling Goliath"
"Maw of Lorkhaj","Rakkhat","https://www.esologs.com/reports/dxKwpWT4njbzQL6M#fight=127&type=summary&source=4","@Al_duin","Hysiléns","bone-grave-x-corpseburster-perfected-slivers-of-the-null-arca","dps","Grave","Bone","x","Perfected Slivers of the Null Arca","Corpseburster","283595.9","4778.5","117.5","283595.9 DPS","","Huntsman's Warmask (Huntsman's Warmask)","Perfected Null Arca Jack (Perfected Slivers of the Null Arca)","Ansuul's Perfected Arm Cops (Perfected Ansuul's Torment)","Perfected Null Arca Bracers (Perfected Slivers of the Null Arca)","","Perfected Null Arca Guards (Perfected Slivers of the Null Arca)","Perfected Null Arca Boots (Perfected Slivers of the Null Arca)","","Corpseburster Ring (Corpseburster)","Corpseburster Ring (Corpseburster)","Corpseburster Dagger (Corpseburster)","Corpseburster Dagger (Corpseburster)","The Maelstrom's Perfected Greatsword (Perfected Merciless Charge)"," ()","Unnerving Boneyard","Detonating Siphon","Blighted Blastbones","Venom Skull","Quick Cloak","Flawless Dawnbreaker","Ulfsild's Contingency","Simmering Frenzy","Skeletal Archer","Barbed Trap","Stampede","Pummeling Goliath"
"Maw of Lorkhaj","Rakkhat","https://www.esologs.com/reports/dxKwpWT4njbzQL6M#fight=127&type=summary&source=2","@TaK-eR","Ainz Ooał Gown","bone-grave-x-corpseburster-perfected-slivers-of-the-null-arca","dps","Grave","Bone","x","Perfected Slivers of the Null Arca","Corpseburster","158626.0","7285.7","116.2","158626.0 DPS","","Huntsman's Warmask (Huntsman's Warmask)","Perfected Null Arca Jack (Perfected Slivers of the Null Arca)","Iceheart Arm Cops (Iceheart)","Perfected Null Arca Bracers (Perfected Slivers of the Null Arca)","","Perfected Null Arca Guards (Perfected Slivers of the Null Arca)","Perfected Null Arca Boots (Perfected Slivers of the Null Arca)","","Corpseburster Ring (Corpseburster)","Corpseburster Ring (Corpseburster)","Corpseburster Dagger (Corpseburster)","Corpseburster Dagger (Corpseburster)","The Maelstrom's Perfected Greatsword (Perfected Merciless Charge)"," ()","Detonating Siphon","Blighted Blastbones","Avid Boneyard","Venom Skull","Banner Bearer","Flawless Dawnbreaker","Stampede","Barbed Trap","Anti-Cavalry Caltrops","Skeletal Archer","Banner Bearer","Pummeling Goliath"
"Maw of Lorkhaj","Rakkhat","https://www.esologs.com/reports/dxKwpWT4njbzQL6M#fight=127&type=summary&source=4","@sandrulino","Ðøræ ł'éšplørãtrîçē","bone-grave-x-corpseburster-perfected-slivers-of-the-null-arca","dps","Grave","Bone","x","Perfected Slivers of the Null Arca","Corpseburster","171982.4","12128.7","123.5","171982.4 DPS","","Huntsman's Warmask (Huntsman's Warmask)","Perfected Null Arca Jack (Perfected Slivers of the Null Arca)","Perfected Null Arca Arm Cops (Perfected Slivers of the Null Arca)","Perfected Null Arca Bracers (Perfected Slivers of the Null Arca)","","Ansuul's Perfected Guards (Perfected Ansuul's Torment)","Perfected Null Arca Boots (Perfected Slivers of the Null Arca)","","Corpseburster Ring (Corpseburster)","Corpseburster Ring (Corpseburster)","Corpseburster Dagger (Corpseburster)","Corpseburster Dagger (Corpseburster)","The Maelstrom's Perfected Greatsword (Perfected Merciless Charge)"," ()","Blighted Blastbones","Detonating Siphon","Venom Skull","Avid Boneyard","Banner Bearer","Shooting Star","Ulfsild's Contingency","Skeletal Archer","Barbed Trap","Stampede","Banner Bearer","Pummeling Goliath"
"Maw of Lorkhaj","Rakkhat","https://www.esologs.com/reports/JyQrTdKBkDjx64wR#fight=19&type=summary&source=10","@BlackoutSR","Wtb Blastbones","bone-grave-herald-corpseburster-perfected-slivers-of-the-null-arca","dps","Grave","Bone","Herald","Perfected Slivers of the Null Arca","Corpseburster","226363.4","7408.6","114.5","226363.4 DPS","The Thief","Huntsman's Warmask (Huntsman's Warmask)","Perfected Null Arca Jack (Perfected Slivers of the Null Arca)","Ansuul's Perfected Arm Cops (Perfected Ansuul's Torment)","Perfected Null Arca Bracers (Perfected Slivers of the Null Arca)","","Perfected Null Arca Guards (Perfected Slivers of the Null Arca)","Perfected Null Arca Boots (Perfected Slivers of the Null Arca)","","Corpseburster Ring (Corpseburster)","Corpseburster Ring (Corpseburster)","Corpseburster Dagger (Corpseburster)","Corpseburster Dagger (Corpseburster)","The Maelstrom's Perfected Greatsword (Perfected Merciless Charge)"," ()","Unnerving Boneyard","Blighted Blastbones","Venom Skull","Quick Cloak","Detonating Siphon","Flawless Dawnbreaker","Stampede","Skeletal Archer","Carve","Ulfsild's Contingency","Barbed Trap","Pummeling Goliath"
"Maw of Lorkhaj","Rakkhat","https://www.esologs.com/reports/JyQrTdKBkDjx64wR#fight=19&type=summary&source=2","@iHobbit","dropped dead","bone-grave-herald-corpseburster-perfected-slivers-of-the-null-arca","dps","Grave","Bone","Herald","Perfected Slivers of the Null Arca","Corpseburster","156503.3","5111.3","88.7","156503.3 DPS","","Huntsman's Warmask (Huntsman's Warmask)","Perfected Null Arca Jack (Perfected Slivers of the Null Arca)","Slimecraw Arm Cops (Slimecraw)","Perfected Null Arca Bracers (Perfected Slivers of the Null Arca)","","Perfected Null Arca Guards (Perfected Slivers of the Null Arca)","Perfected Null Arca Boots (Perfected Slivers of the Null Arca)","","Corpseburster Ring (Corpseburster)","Corpseburster Ring (Corpseburster)","Corpseburster Dagger (Corpseburster)","Corpseburster Dagger (Corpseburster)","The Maelstrom's Perfected Greatsword (Perfected Merciless Charge)"," ()","Blighted Blastbones","Venom Skull","Avid Boneyard","Banner Bearer","Detonating Siphon","Flawless Dawnbreaker","Stampede","Scalding Rune","Carve","Banner Bearer","Skeletal Archer","Pummeling Goliath"
"Maw of Lorkhaj","Rakkhat","https://www.esologs.com/reports/JyQrTdKBkDjx64wR#fight=19&type=summary&source=7","@BRabbit.3","Krieg The Dark Lord","bone-grave-herald-corpseburster-perfected-slivers-of-the-null-arca","dps","Grave","Bone","Herald","Perfected Slivers of the Null Arca","Corpseburster","200665.6","7251.6","132.3","200665.6 DPS","","Huntsman's Warmask (Huntsman's Warmask)","Perfected Null Arca Jack (Perfected Slivers of the Null Arca)","Zaan Arm Cops (Zaan)","Perfected Null Arca Bracers (Perfected Slivers of the Null Arca)","","Perfected Null Arca Guards (Perfected Slivers of the Null Arca)","Perfected Null Arca Boots (Perfected Slivers of the Null Arca)","","Corpseburster Ring (Corpseburster)","Corpseburster Ring (Corpseburster)","Corpseburster Dagger (Corpseburster)","Corpseburster Dagger (Corpseburster)","The Maelstrom's Greatsword (Merciless Charge)"," ()","Avid Boneyard","Blighted Blastbones","Venom Skull","Detonating Siphon","Banner Bearer","Flawless Dawnbreaker","Barbed Trap","Carve","Skeletal Archer","Stampede","Banner Bearer","Pummeling Goliath"
"Maw of Lorkhaj","Rakkhat","https://www.esologs.com/reports/JyQrTdKBkDjx64wR#fight=19&type=summary&source=12","@T0mii","Twardo Wśród Trupów","bone-grave-herald-corpseburster-perfected-slivers-of-the-null-arca","dps","Grave","Bone","Herald","Perfected Slivers of the Null Arca","Corpseburster","160804.5","12714.8","81.8","160804.5 DPS","","Selene Mask (Selene)","Perfected Null Arca Jack (Perfected Slivers of the Null Arca)","Selene Arm Cops (Selene)","Perfected Null Arca Bracers (Perfected Slivers of the Null Arca)","","Perfected Null Arca Guards (Perfected Slivers of the Null Arca)","Perfected Null Arca Boots (Perfected Slivers of the Null Arca)","","Corpseburster Ring (Corpseburster)","Corpseburster Ring (Corpseburster)","Corpseburster Dagger (Corpseburster)","Corpseburster Dagger (Corpseburster)","The Maelstrom's Perfected Greatsword (Perfected Merciless Charge)"," ()","Blighted Blastbones","Avid Boneyard","Detonating Siphon","Venom Skull","Banner Bearer","Flawless Dawnbreaker","Stampede","Barbed Trap","Skeletal Archer","Carve","Banner Bearer","Pummeling Goliath"
"Maw of Lorkhaj","Rakkhat","https://www.esologs.com/reports/JyQrTdKBkDjx64wR#fight=19&type=summary&source=2","@blurify","b-luri-fy","bone-grave-herald-corpseburster-perfected-slivers-of-the-null-arca","dps","Grave","Bone","Herald","Perfected Slivers of the Null Arca","Corpseburster","95563.3","9516.1","87.1","95563.3 DPS","","Huntsman's Warmask (Huntsman's Warmask)","Perfected Null Arca Jack (Perfected Slivers of the Null Arca)","Zaan Arm Cops (Zaan)","Perfected Null Arca Bracers (Perfected Slivers of the Null Arca)","","Perfected Null Arca Guards (Perfected Slivers of the Null Arca)","Perfected Null Arca Boots (Perfected Slivers of the Null Arca)","","Corpseburster Ring (Corpseburster)","Corpseburster Ring (Corpseburster)","Corpseburster Dagger (Corpseburster)","Corpseburster Dagger (Corpseburster)","The Maelstrom's Perfected Greatsword (Perfected Merciless Charge)"," ()","Venom Skull","Banner Bearer","Blighted Blastbones","Detonating Siphon","Unnerving Boneyard","Flawless Dawnbreaker","Barbed Trap","Banner Bearer","Stampede","Carve","Skeletal Archer","Pummeling Goliath"
"Maw of Lorkhaj","Rakkhat","https://www.esologs.com/reports/JyQrTdKBkDjx64wR#fight=19&type=summary&source=1246","@BlackoutSR","Wtb Blastbones","bone-grave-herald-corpseburster-perfected-slivers-of-the-null-arca","dps","Grave","Bone","Herald","Perfected Slivers of the Null Arca","Corpseburster","142365.4","6218.7","108.0","142365.4 DPS","","Huntsman's Warmask (Huntsman's Warmask)","Perfected Null Arca Jack (Perfected Slivers of the Null Arca)","Zaan Arm Cops (Zaan)","Perfected Null Arca Bracers (Perfected Slivers of the Null Arca)","","Perfected Null Arca Guards (Perfected Slivers of the Null Arca)","Perfected Null Arca Boots (Perfected Slivers of the Null Arca)","","Corpseburster Ring (Corpseburster)","Corpseburster Ring (Corpseburster)","Corpseburster Dagger (Corpseburster)","Corpseburster Dagger (Corpseburster)","The Maelstrom's Perfected Greatsword (Perfected Merciless Charge)"," ()","Unnerving Boneyard","Blighted Blastbones","Venom Skull","Banner Bearer","Detonating Siphon","Flawless Dawnbreaker","Stampede","Skeletal Archer","Carve","Banner Bearer","Barbed Trap","Pummeling Goliath"
"Maw of Lorkhaj","Rakkhat","https://www.esologs.com/reports/GtqMygpFzVX7a3Pf#fight=10&type=summary&source=7","@Blackdier","Setecientos Unno","herald-x-x-perfected-slivers-of-the-null-arca-spattering-disjunction","dps","Herald","x","x","Spattering Disjunction","Perfected Slivers of the Null Arca","181176.3","6062.4","59.1","181176.3 DPS","The Thief","Spattering Disjunction Hat (Spattering Disjunction)","Spattering Disjunction Jack (Spattering Disjunction)","Zaan Arm Cops (Zaan)","Perfected Null Arca Bracers (Perfected Slivers of the Null Arca)","","Spattering Disjunction Guards (Spattering Disjunction)","Spattering Disjunction Boots (Spattering Disjunction)","","Perfected Null Arca Ring (Perfected Slivers of the Null Arca)","Perfected Null Arca Ring (Perfected Slivers of the Null Arca)","Perfected Null Arca Dagger (Perfected Slivers of the Null Arca)","Perfected Null Arca Dagger (Perfected Slivers of the Null Arca)","The Maelstrom's Perfected Greatsword (Perfected Merciless Charge)"," ()","Magical Banner (Class Flourish / Heroism)","Cephaliarch's Flail","Camouflaged Hunter","Pragmatic Fatecarver","Quick Cloak","Flawless Dawnbreaker","Stampede","Camouflaged Hunter","Fulminating Rune","Inspired Scholarship","Magical Banner (Class Flourish / Heroism)","The Languid Eye"
"Maw of Lorkhaj","Rakkhat","https://www.esologs.com/reports/GtqMygpFzVX7a3Pf#fight=10&type=summary&source=2","@pukyl98","Äntoniette","herald-x-x-perfected-slivers-of-the-null-arca-spattering-disjunction","dps","Herald","x","x","Perfected Slivers of the Null Arca","Spattering Disjunction","149390.9","17715.6","24.3","149390.9 DPS","","Perfected Null Arca Helmet (Perfected Slivers of the Null Arca)","Spattering Disjunction Jack (Spattering Disjunction)","Slimecraw Epaulets (Slimecraw)","Spattering Disjunction Bracers (Spattering Disjunction)","","Spattering Disjunction Guards (Spattering Disjunction)","Spattering Disjunction Boots (Spattering Disjunction)","","Perfected Null Arca Ring (Perfected Slivers of the Null Arca)","Perfected Null Arca Ring (Perfected Slivers of the Null Arca)","Perfected Null Arca Dagger (Perfected Slivers of the Null Arca)","Perfected Null Arca Dagger (Perfected Slivers of the Null Arca)","The Maelstrom's Greatsword (Merciless Charge)"," ()","Barbed Trap","Quick Cloak","Cephaliarch's Flail","Pragmatic Fatecarver","Camouflaged Hunter","Flawless Dawnbreaker","Ulfsild's Contingency","Inspired Scholarship","Fulminating Rune","Stampede","Camouflaged Hunter","The Languid Eye"
"Maw of Lorkhaj","Rakkhat","https://www.esologs.com/reports/GtqMygpFzVX7a3Pf#fight=10&type=summary&source=2","@Pinkypink1972","Arthur Kensington Jr","herald-x-x-perfected-slivers-of-the-null-arca-spattering-disjunction","dps","Herald","x","x","Perfected Slivers of the Null Arca","Spattering Disjunction","96107.1","2233.0","46.2","96107.1 DPS","","Perfected Null Arca Helmet (Perfected Slivers of the Null Arca)","Spattering Disjunction Jack (Spattering Disjunction)","Slimecraw Arm Cops (Slimecraw)","Spattering Disjunction Bracers (Spattering Disjunction)","","Spattering Disjunction Guards (Spattering Disjunction)","Spattering Disjunction Boots (Spattering Disjunction)","","Perfected Null Arca Ring (Perfected Slivers of the Null Arca)","Perfected Null Arca Ring (Perfected Slivers of the Null Arca)","Perfected Null Arca Dagger (Perfected Slivers of the Null Arca)","Perfected Null Arca Dagger (Perfected Slivers of the Null Arca)","The Maelstrom's Perfected Greatsword (Perfected Merciless Charge)"," ()","Quick Cloak","Cephaliarch's Flail","Pragmatic Fatecarver","Camouflaged Hunter","Shocking Banner (Class Flourish / Heroism)","Flawless Dawnbreaker","Inspired Scholarship","Stampede","Fulminating Rune","Resolving Vigor","Shocking Banner (Class Flourish / Heroism)","The Languid Eye"
"Maw of Lorkhaj","Rakkhat","https://www.esologs.com/reports/GtqMygpFzVX7a3Pf#fight=10&type=summary&source=3","@Tommothy","Azno Naem","herald-x-x-perfected-slivers-of-the-null-arca-spattering-disjunction","dps","Herald","x","x","Spattering Disjunction","Perfected Slivers of the Null Arca","122706.1","3007.5","23.3","122706.1 DPS","","Huntsman's Warmask (Huntsman's Warmask)","Spattering Disjunction Jack (Spattering Disjunction)","Slimecraw Epaulets (Slimecraw)","Spattering Disjunction Bracers (Spattering Disjunction)","","Spattering Disjunction Guards (Spattering Disjunction)","Perfected Null Arca Boots (Perfected Slivers of the Null Arca)","","Perfected Null Arca Ring (Perfected Slivers of the Null Arca)","Perfected Null Arca Ring (Perfected Slivers of the Null Arca)","Perfected Null Arca Dagger (Perfected Slivers of the Null Arca)","Perfected Null Arca Dagger (Perfected Slivers of the Null Arca)","The Maelstrom's Greatsword (Merciless Charge)"," ()","Camouflaged Hunter","Quick Cloak","Cephaliarch's Flail","Pragmatic Fatecarver","Banner Bearer","Flawless Dawnbreaker","Barbed Trap","Stampede","Inspired Scholarship","Fulminating Rune","Banner Bearer","The Tide King's Gaze"
"Maw of Lorkhaj","Rakkhat","https://www.esologs.com/reports/GtqMygpFzVX7a3Pf#fight=10&type=summary&source=1","@Gederic","Alvesa Aren","herald-x-x-perfected-slivers-of-the-null-arca-spattering-disjunction","dps","Herald","x","x","Spattering Disjunction","Perfected Slivers of the Null Arca","119072.3","3158.7","27.3","119072.3 DPS","","Slimecraw Mask (Slimecraw)","Spattering Disjunction Jack (Spattering Disjunction)","Spattering Disjunction Epaulets (Spattering Disjunction)","Spattering Disjunction Bracers (Spattering Disjunction)","","Spattering Disjunction Guards (Spattering Disjunction)","Spattering Disjunction Boots (Spattering Disjunction)","","Perfected Null Arca Ring (Perfected Slivers of the Null Arca)","Perfected Null Arca Ring (Perfected Slivers of the Null Arca)","Perfected Null Arca Dagger (Perfected Slivers of the Null Arca)","Perfected Null Arca Dagger (Perfected Slivers of the Null Arca)","The Maelstrom's Perfected Inferno Staff (Perfected Crushing Wall)"," ()","Banner Bearer","Quick Cloak","Cephaliarch's Flail","Pragmatic Fatecarver","Camouflaged Hunter","Flawless Dawnbreaker","Fulminating Rune","Blockade of Fire","Banner Bearer","Inspired Scholarship","Anti-Cavalry Caltrops","The Languid Eye"
"Maw of Lorkhaj","Rakkhat","https://www.esologs.com/reports/KfpvgnMaJRFkhdGT#fight=25&type=summary&source=1","@foxmillet","Elyna Euthanazepam","animal-green-winter-perfected-pillagers-profit-serpents-disdain","healer","Animal","Green","Winter","Serpent's Disdain","Perfected Pillager's Profit","17569.6","98730.4","67.5","98730.4 HPS","The Ritual","Ozezan the Inferno's Visage (Ozezan the Inferno)","Robe of Serpent's Disdain (Serpent's Disdain)","Spaulder of Ruin (Spaulder of Ruin)","Gloves of Serpent's Disdain (Serpent's Disdain)","","Breeches of Serpent's Disdain (Serpent's Disdain)","Shoes of Serpent's Disdain (Serpent's Disdain)","","Perfected Pillager's Band (Perfected Pillager's Profit)","Perfected Pillager's Band (Perfected Pillager's Profit)","The Master's Perfected Restoration Staff (Perfected Grand Rejuvenation)"," ()","Pillager's Ice Staff (Pillager's Profit)"," ()","Illustrious Healing","Combat Prayer","Budding Seeds","Overflowing Altar","Echoing Vigor","Eternal Guardian","Winter's Revenge","Expansive Frost Cloak","Mystic Orb","Elemental Susceptibility","Blockade of Frost","Reviving Barrier"
"Maw of Lorkhaj","Rakkhat","https://www.esologs.com/reports/KfpvgnMaJRFkhdGT#fight=25&type=summary&source=9","@nobility89","nobilitywd","animal-green-winter-perfected-pillagers-profit-serpents-disdain","healer","Animal","Green","Winter","Serpent's Disdain","Perfected Pillager's Profit","5698.7","69600.3","78.7","69600.3 HPS","","Ozezan the Inferno's Guise (Ozezan the Inferno)","Jerkin of Serpent's Disdain (Serpent's Disdain)","Ozezan the Inferno's Epaulets (Ozezan the Inferno)","Gloves of Serpent's Disdain (Serpent's Disdain)","","Breeches of Serpent's Disdain (Serpent's Disdain)","Shoes of Serpent's Disdain (Serpent's Disdain)","","Perfected Pillager's Band (Perfected Pillager's Profit)","Perfected Pillager's Band (Perfected Pillager's Profit)","The Master's Perfected Restoration Staff (Perfected Grand Rejuvenation)"," ()","Perfected Pillager's Lightning Staff (Perfected Pillager's Profit)"," ()","Budding Seeds","Combat Prayer","Illustrious Healing","Radiating Regeneration","Echoing Vigor","Eternal Guardian","Elemental Susceptibility","Energy Orb","Elemental Blockade","Overflowing Altar","Expansive Frost Cloak","Aggressive Horn"
"Maw of Lorkhaj","Rakkhat","https://www.esologs.com/reports/4vJ9rfjmGMCVNWXg#fight=12&type=summary&source=11","@FalleNwAm","Simp on Steroids","ardent-earthen-x-perfected-lucent-echoes-perfected-xoryns-masterpiece","tank","Ardent","Earthen","x","Perfected Xoryn's Masterpiece","Perfected Lucent Echoes","24450.4","5857.0","75.5","75.5 CPM","The Atronach","Archdruid Devyric's Guise (Archdruid Devyric)","Lucent Echoes Perfected Cuirass (Perfected Lucent Echoes)","Archdruid Devyric's Arm Cops (Archdruid Devyric)","Lucent Echoes Perfected Gauntlets (Perfected Lucent Echoes)","","Lucent Echoes Perfected Greaves (Perfected Lucent Echoes)","Lucent Echoes Perfected Sabatons (Perfected Lucent Echoes)","","Xoryn's Perfected Ring (Perfected Xoryn's Masterpiece)","Xoryn's Perfected Ring (Perfected Xoryn's Masterpiece)","Xoryn's Perfected Sword (Perfected Xoryn's Masterpiece)","Xoryn's Perfected Dagger (Perfected Xoryn's Masterpiece)","Xoryn's Perfected Ice Staff (Perfected Xoryn's Masterpiece)"," ()","Inner Rage","Magma Fist","Shattering Knife","Chains of Dominance","Resolving Vigor","Reviving Barrier","Igneous Weapons","Heart of Flame","Elemental Blockade","Earthshield Mantle","Elemental Susceptibility","Standard of Might"
"Maw of Lorkhaj","Rakkhat","https://www.esologs.com/reports/4vJ9rfjmGMCVNWXg#fight=12&type=summary&source=73","@bi0skill3r","Meresa Triple-Spring","ardent-earthen-x-perfected-lucent-echoes-perfected-xoryns-masterpiece","tank","Ardent","Earthen","x","Perfected Xoryn's Masterpiece","Perfected Lucent Echoes","10505.1","18510.9","55.2","55.2 CPM","","Nazaray Mask (Nazaray)","Lucent Echoes Perfected Cuirass (Perfected Lucent Echoes)","Nazaray Epaulets (Nazaray)","Lucent Echoes Perfected Gauntlets (Perfected Lucent Echoes)","","Lucent Echoes Perfected Greaves (Perfected Lucent Echoes)","Lucent Echoes Perfected Sabatons (Perfected Lucent Echoes)","","Xoryn's Perfected Ring (Perfected Xoryn's Masterpiece)","Xoryn's Perfected Ring (Perfected Xoryn's Masterpiece)","Xoryn's Perfected Sword (Perfected Xoryn's Masterpiece)","Xoryn's Perfected Shield (Perfected Xoryn's Masterpiece)","Xoryn's Perfected Ice Staff (Perfected Xoryn's Masterpiece)"," ()","Goading Throw","Ulfsild's Contingency","Soul of Flame","Hearth and Home","Blood of the Elder Dragon","Replenishing Barrier","Earthshield Mantle","Igneous Weapons","Chains of Dominance","Elemental Blockade","Elemental Susceptibility","Standard of Might"
"Maw of Lorkhaj","Rakkhat","https://www.esologs.com/reports/4vJ9rfjmGMCVNWXg#fight=12&type=summary&source=7","@VladIsAFK","Herma's Optometrist","curative-soldier-x-master-architect-perfected-pillagers-profit","healer","Curative","Soldier","x","Master Architect","Perfected Pillager's Profit","3519.3","178686.5","53.9","178686.5 HPS","","Symphony of Blades Mask (Symphony of Blades)","Master Architect Robe (Master Architect)","Symphony of Blades Pauldrons (Symphony of Blades)","Master Architect Gloves (Master Architect)","","Master Architect Breeches (Master Architect)","Master Architect Shoes (Master Architect)","","Perfected Pillager's Band (Perfected Pillager's Profit)","Perfected Pillager's Band (Perfected Pillager's Profit)","The Master's Perfected Restoration Staff (Perfected Grand Rejuvenation)"," ()","Pillager's Lightning Staff (Pillager's Profit)"," ()","Radiating Regeneration","Illustrious Healing","Echoing Vigor","Tidal Chakram","Blessing of Restoration","Gibbering Shelter","Overflowing Altar","Elemental Blockade","Cruxweaver Armor","Energy Orb","Ulfsild's Contingency","Resonating Glyphic"
"Maw of Lorkhaj","Rakkhat","https://www.esologs.com/reports/4vJ9rfjmGMCVNWXg#fight=12&type=summary&source=1","@e.ve","Deadly Librarian","curative-soldier-x-master-architect-perfected-pillagers-profit","healer","Curative","Soldier","x","Master Architect","Perfected Pillager's Profit","3745.7","119816.3","54.1","119816.3 HPS","The Ritual","The Blind Guise (The Blind)","Master Architect Robe (Master Architect)","The Blind Epaulets (The Blind)","Master Architect Gloves (Master Architect)","","Master Architect Breeches (Master Architect)","Master Architect Shoes (Master Architect)","","Perfected Pillager's Band (Perfected Pillager's Profit)","Perfected Pillager's Band (Perfected Pillager's Profit)","The Master's Perfected Restoration Staff (Perfected Grand Rejuvenation)"," ()","Perfected Pillager's Lightning Staff (Perfected Pillager's Profit)"," ()","Combat Prayer","Radiating Regeneration","Illustrious Healing","Tidal Chakram","Cruxweaver Armor","Gibbering Shelter","Elemental Blockade","Echoing Vigor","Reconstructive Domain","Energy Orb","Overflowing Altar","Glyphic of the Tides"
"Maw of Lorkhaj","Rakkhat","https://www.esologs.com/reports/4vJ9rfjmGMCVNWXg#fight=12&type=summary&source=1","@knotxavvy","Chōkyori","animal-green-winter-master-architect-powerful-assault","healer","Animal","Green","Winter","Master Architect","Powerful Assault","13480.4","122128.3","73.7","122128.3 HPS","The Ritual","Ozezan the Inferno's Guise (Ozezan the Inferno)","Master Architect Robe (Master Architect)","Ozezan the Inferno's Epaulets (Ozezan the Inferno)","Master Architect Gloves (Master Architect)","","Master Architect Breeches (Master Architect)","Boots of the Powerful Assault (Powerful Assault)","","Ring of the Powerful Assault (Powerful Assault)","Death Dealer's Fete (Death Dealer's Fete)","Restoration Staff of the Powerful Assault (Powerful Assault)"," ()","Master Architect Ice Staff (Master Architect)"," ()","Combat Prayer","Illustrious Healing","Echoing Vigor","Budding Seeds","Lotus Blossom","Feral Guardian","Blockade of Frost","Elemental Susceptibility","Expansive Frost Cloak","Energy Orb","Blue Betty","Reviving Barrier"
"Maw of Lorkhaj","Rakkhat","https://www.esologs.com/reports/4vJ9rfjmGMCVNWXg#fight=12&type=summary&source=416","@heaven13","Morrigan Le Guen","animal-green-winter-master-architect-powerful-assault","healer","Animal","Green","Winter","Master Architect","Powerful Assault","7222.1","88339.7","44.4","88339.7 HPS","","Symphony of Blades Visage (Symphony of Blades)","Master Architect Robe (Master Architect)","Symphony of Blades Arm Cops (Symphony of Blades)","Master Architect Gloves (Master Architect)","","Master Architect Breeches (Master Architect)","Master Architect Shoes (Master Architect)","","Ring of the Powerful Assault (Powerful Assault)","Ring of the Powerful Assault (Powerful Assault)","The Master's Perfected Restoration Staff (Perfected Grand Rejuvenation)"," ()","Ice Staff of the Powerful Assault (Powerful Assault)"," ()","Radiating Regeneration","Illustrious Healing","Combat Prayer","Enchanted Growth","Blue Betty","Wild Guardian","Elemental Blockade","Winter's Revenge","Budding Seeds","Echoing Vigor","Expansive Frost Cloak","Reviving Barrier"
"Maw of Lorkhaj","Rakkhat","https://www.esologs.com/reports/hQjy8nz1G6H2PgZJ#fight=42&type=summary&source=1","@R.Nox","Silvae Nox","animal-green-winter-master-architect-serpents-disdain","healer","Animal","Green","Winter","Serpent's Disdain","Master Architect","4777.3","57124.3","29.7","57124.3 HPS","","Ozezan the Inferno's Mask (Ozezan the Inferno)","Robe of Serpent's Disdain (Serpent's Disdain)","Ozezan the Inferno's Epaulets (Ozezan the Inferno)","Gloves of Serpent's Disdain (Serpent's Disdain)","","Breeches of Serpent's Disdain (Serpent's Disdain)","Shoes of Serpent's Disdain (Serpent's Disdain)","","Master Architect Ring (Master Architect)","Master Architect Ring (Master Architect)","The Master's Perfected Restoration Staff (Perfected Grand Rejuvenation)"," ()","Master Architect Lightning Staff (Master Architect)"," ()","Combat Prayer","Radiating Regeneration","Illustrious Healing","Echoing Vigor","Budding Seeds","Feral Guardian","Elemental Susceptibility","Warding Contingency (Gladiator's Tenacity / Protection)","Expansive Frost Cloak","Energy Orb","Blockade of Storms","Reviving Barrier"
"Maw of Lorkhaj","Rakkhat","https://www.esologs.com/reports/hQjy8nz1G6H2PgZJ#fight=42&type=summary&source=11","@Szuszi","Shunimba Szú","animal-green-winter-master-architect-serpents-disdain","healer","Animal","Green","Winter","Serpent's Disdain","Master Architect","5371.3","57052.0","31.7","57052.0 HPS","The Thief","Symphony of Blades Mask (Symphony of Blades)","Robe of Serpent's Disdain (Serpent's Disdain)","Symphony of Blades Pauldrons (Symphony of Blades)","Master Architect Gloves (Master Architect)","","Breeches of Serpent's Disdain (Serpent's Disdain)","Shoes of Serpent's Disdain (Serpent's Disdain)","","Master Architect Ring (Master Architect)","Master Architect Ring (Master Architect)","Master Architect Restoration Staff (Master Architect)"," ()","Ice Staff of Serpent's Disdain (Serpent's Disdain)"," ()","Budding Seeds","Combat Prayer","Illustrious Healing","Energy Orb","Enchanted Growth","Aggressive Horn","Overflowing Altar","Elemental Susceptibility","Elemental Blockade","Expansive Frost Cloak","Echoing Vigor","Eternal Guardian"
"Maw of Lorkhaj","Trash Builds","https://www.esologs.com/reports/dxKwpWT4njbzQL6M#fight=150&type=summary&source=12","@Em.pire","Veloth Othran","bone-grave-x-corpseburster-perfected-sul-xans-torment","dps","Grave","Bone","x","Perfected Sul-Xan's Torment","Corpseburster","41185.5","8803.0","48.9","41185.5 DPS","","Valkyn Skoria Guise (Valkyn Skoria)","Perfected Jack of Sul-Xan's Torment (Perfected Sul-Xan's Torment)","Corpseburster Arm Cops (Corpseburster)","Corpseburster Bracers (Corpseburster)","","Perfected Guards of Sul-Xan's Torment (Perfected Sul-Xan's Torment)","Perfected Boots of Sul-Xan's Torment (Perfected Sul-Xan's Torment)","","Corpseburster Ring (Corpseburster)","Corpseburster Ring (Corpseburster)","Corpseburster Dagger (Corpseburster)","Perfected Dagger of Sul-Xan's Torment (Perfected Sul-Xan's Torment)","The Maelstrom's Perfected Greatsword (Perfected Merciless Charge)"," ()","Skeletal Archer","Ruinous Scythe","Blighted Blastbones","Detonating Siphon","Banner Bearer","Flawless Dawnbreaker","Unnerving Boneyard","Stampede","Inner Rage","Necrotic Potency","Banner Bearer","Pestilent Colossus"
"Maw of Lorkhaj","Trash Builds","https://www.esologs.com/reports/dxKwpWT4njbzQL6M#fight=150&type=summary&source=1","@Foolebuilt","Necrofeell","bone-grave-x-corpseburster-perfected-sul-xans-torment","dps","Grave","Bone","x","Corpseburster","Perfected Sul-Xan's Torment","281262.7","11566.1","61.1","281262.7 DPS","The Thief","Ansuul's Perfected Helmet (Perfected Ansuul's Torment)","Corpseburster Jack (Corpseburster)","Perfected Arm Cops of Sul-Xan's Torment (Perfected Sul-Xan's Torment)","Perfected Bracers of Sul-Xan's Torment (Perfected Sul-Xan's Torment)","","Corpseburster Guards (Corpseburster)","Corpseburster Boots (Corpseburster)","","Corpseburster Ring (Corpseburster)","Corpseburster Ring (Corpseburster)","Perfected Dagger of Sul-Xan's Torment (Perfected Sul-Xan's Torment)","Perfected Dagger of Sul-Xan's Torment (Perfected Sul-Xan's Torment)","The Maelstrom's Perfected Inferno Staff (Perfected Crushing Wall)"," ()","Blighted Blastbones","Scalding Rune","Whirling Blades","Detonating Siphon","Camouflaged Hunter","Flawless Dawnbreaker","Blockade of Fire","Mystic Orb","Necrotic Potency","Proximity Detonation","Echoing Vigor","Pestilent Colossus"
"Maw of Lorkhaj","Trash Builds","https://www.esologs.com/reports/dxKwpWT4njbzQL6M#fight=150&type=summary&source=12","@Em.pire","Veloth Othran","bone-grave-x-corpseburster-perfected-sul-xans-torment","dps","Grave","Bone","x","Perfected Sul-Xan's Torment","Corpseburster","91774.0","8587.4","66.6","91774.0 DPS","","Valkyn Skoria Guise (Valkyn Skoria)","Perfected Jack of Sul-Xan's Torment (Perfected Sul-Xan's Torment)","Corpseburster Arm Cops (Corpseburster)","Corpseburster Bracers (Corpseburster)","","Perfected Guards of Sul-Xan's Torment (Perfected Sul-Xan's Torment)","Perfected Boots of Sul-Xan's Torment (Perfected Sul-Xan's Torment)","","Corpseburster Ring (Corpseburster)","Corpseburster Ring (Corpseburster)","Corpseburster Dagger (Corpseburster)","Perfected Dagger of Sul-Xan's Torment (Perfected Sul-Xan's Torment)","The Maelstrom's Perfected Inferno Staff (Perfected Crushing Wall)"," ()","Unnerving Boneyard","Whirling Blades","Blighted Blastbones","Detonating Siphon","Camouflaged Hunter","Flawless Dawnbreaker","Echoing Vigor","Elemental Blockade","Inner Rage","Mystic Orb","Necrotic Potency","Pestilent Colossus"
"Maw of Lorkhaj","Trash Builds","https://www.esologs.com/reports/dxKwpWT4njbzQL6M#fight=150&type=summary&source=6","@idontKITE","Lekite James","bone-grave-x-corpseburster-perfected-sul-xans-torment","dps","Grave","Bone","x","Perfected Sul-Xan's Torment","Corpseburster","144940.2","3220.1","53.6","144940.2 DPS","","Slimecraw Guise (Slimecraw)","Perfected Jack of Sul-Xan's Torment (Perfected Sul-Xan's Torment)","Perfected Arm Cops of Sul-Xan's Torment (Perfected Sul-Xan's Torment)","Perfected Bracers of Sul-Xan's Torment (Perfected Sul-Xan's Torment)","","Perfected Guards of Sul-Xan's Torment (Perfected Sul-Xan's Torment)","Corpseburster Boots (Corpseburster)","","Corpseburster Ring (Corpseburster)","Corpseburster Ring (Corpseburster)","Corpseburster Dagger (Corpseburster)","Corpseburster Dagger (Corpseburster)","The Maelstrom's Perfected Inferno Staff (Perfected Crushing Wall)"," ()","Camouflaged Hunter","Banner Bearer","Detonating Siphon","Whirling Blades","Blighted Blastbones","Flawless Dawnbreaker","Unnerving Boneyard","Banner Bearer","Necrotic Potency","Elemental Blockade","Blood Mist","Pestilent Colossus"
"Maw of Lorkhaj","Trash Builds","https://www.esologs.com/reports/dxKwpWT4njbzQL6M#fight=150&type=summary&source=1","@Foolebuilt","Necrofeell","bone-grave-x-corpseburster-perfected-sul-xans-torment","dps","Grave","Bone","x","Corpseburster","Perfected Sul-Xan's Torment","112816.3","10854.1","69.7","112816.3 DPS","","Kra'gh Guise (Kra'gh)","Corpseburster Jack (Corpseburster)","Perfected Arm Cops of Sul-Xan's Torment (Perfected Sul-Xan's Torment)","Perfected Bracers of Sul-Xan's Torment (Perfected Sul-Xan's Torment)","","Corpseburster Guards (Corpseburster)","Corpseburster Boots (Corpseburster)","","Corpseburster Ring (Corpseburster)","Corpseburster Ring (Corpseburster)","Perfected Dagger of Sul-Xan's Torment (Perfected Sul-Xan's Torment)","Perfected Dagger of Sul-Xan's Torment (Perfected Sul-Xan's Torment)","The Maelstrom's Perfected Inferno Staff (Perfected Crushing Wall)"," ()","Blighted Blastbones","Quick Cloak","Whirling Blades","Detonating Siphon","Camouflaged Hunter","Flawless Dawnbreaker","Elemental Blockade","Unnerving Boneyard","Necrotic Potency","Blood Mist","Echoing Vigor","Pestilent Colossus"
"Maw of Lorkhaj","Trash Builds","https://www.esologs.com/reports/dxKwpWT4njbzQL6M#fight=150&type=summary&source=10","@BlackoutSR","Wtb Blastbones","bone-grave-x-corpseburster-perfected-sul-xans-torment","dps","Grave","Bone","x","Perfected Sul-Xan's Torment","Corpseburster","157542.9","1731.7","78.7","157542.9 DPS","","Slimecraw Guise (Slimecraw)","Perfected Jack of Sul-Xan's Torment (Perfected Sul-Xan's Torment)","Mora's Whispers (Mora's Whispers)","Perfected Bracers of Sul-Xan's Torment (Perfected Sul-Xan's Torment)","","Perfected Guards of Sul-Xan's Torment (Perfected Sul-Xan's Torment)","Perfected Boots of Sul-Xan's Torment (Perfected Sul-Xan's Torment)","","Corpseburster Ring (Corpseburster)","Corpseburster Ring (Corpseburster)","Corpseburster Dagger (Corpseburster)","Corpseburster Dagger (Corpseburster)","The Maelstrom's Perfected Greatsword (Perfected Merciless Charge)"," ()","Unnerving Boneyard","Blighted Blastbones","Whirling Blades","Banner Bearer","Detonating Siphon","Flawless Dawnbreaker","Stampede","Anti-Cavalry Caltrops","Necrotic Potency","Banner Bearer","Proximity Detonation","Shooting Star"
"Maw of Lorkhaj","Trash Builds","https://www.esologs.com/reports/dxKwpWT4njbzQL6M#fight=150&type=summary&source=21","@R.af","ßrave","bone-grave-x-corpseburster-perfected-sul-xans-torment","dps","Grave","Bone","x","Corpseburster","Perfected Sul-Xan's Torment","122644.9","6270.9","64.6","122644.9 DPS","","Corpseburster Helmet (Corpseburster)","Perfected Jack of Sul-Xan's Torment (Perfected Sul-Xan's Torment)","Slimecraw Arm Cops (Slimecraw)","Perfected Bracers of Sul-Xan's Torment (Perfected Sul-Xan's Torment)","","Perfected Guards of Sul-Xan's Torment (Perfected Sul-Xan's Torment)","Perfected Boots of Sul-Xan's Torment (Perfected Sul-Xan's Torment)","","Corpseburster Ring (Corpseburster)","Corpseburster Ring (Corpseburster)","Corpseburster Dagger (Corpseburster)","Corpseburster Dagger (Corpseburster)","The Maelstrom's Perfected Inferno Staff (Perfected Crushing Wall)"," ()","Whirling Blades","Camouflaged Hunter","Detonating Siphon","Blighted Blastbones","Banner Bearer","Flawless Dawnbreaker","Elemental Blockade","Anti-Cavalry Caltrops","Proximity Detonation","Necrotic Potency","Banner Bearer","Elemental Rage"
"Maw of Lorkhaj","Trash Builds","https://www.esologs.com/reports/dxKwpWT4njbzQL6M#fight=150&type=summary&source=1","@qpseudo","its too hard to sleep","bone-grave-x-corpseburster-perfected-sul-xans-torment","dps","Grave","Bone","x","Corpseburster","Perfected Sul-Xan's Torment","200657.1","17336.2","88.2","200657.1 DPS","","Corpseburster Helmet (Corpseburster)","Perfected Jack of Sul-Xan's Torment (Perfected Sul-Xan's Torment)","Slimecraw Epaulets (Slimecraw)","Perfected Bracers of Sul-Xan's Torment (Perfected Sul-Xan's Torment)","","Perfected Guards of Sul-Xan's Torment (Perfected Sul-Xan's Torment)","Perfected Boots of Sul-Xan's Torment (Perfected Sul-Xan's Torment)","","Corpseburster Ring (Corpseburster)","Corpseburster Ring (Corpseburster)","Corpseburster Dagger (Corpseburster)","Corpseburster Dagger (Corpseburster)","The Maelstrom's Perfected Inferno Staff (Perfected Crushing Wall)"," ()","Banner Bearer","Whirling Blades","Detonating Siphon","Blighted Blastbones","Avid Boneyard","Dawnbreaker of Smiting","Banner Bearer","Ulfsild's Contingency","Necrotic Potency","Blockade of Fire","Anti-Cavalry Caltrops","Shooting Star"
"Maw of Lorkhaj","Trash Builds","https://www.esologs.com/reports/dxKwpWT4njbzQL6M#fight=150&type=summary&source=10","@BlackoutSR","Wtb Blastbones","bone-grave-x-corpseburster-perfected-sul-xans-torment","dps","Grave","Bone","x","Perfected Sul-Xan's Torment","Corpseburster","103885.3","5224.1","87.4","103885.3 DPS","","Slimecraw Guise (Slimecraw)","Perfected Jack of Sul-Xan's Torment (Perfected Sul-Xan's Torment)","Mora's Whispers (Mora's Whispers)","Perfected Bracers of Sul-Xan's Torment (Perfected Sul-Xan's Torment)","","Perfected Guards of Sul-Xan's Torment (Perfected Sul-Xan's Torment)","Perfected Boots of Sul-Xan's Torment (Perfected Sul-Xan's Torment)","","Corpseburster Ring (Corpseburster)","Corpseburster Ring (Corpseburster)","Corpseburster Dagger (Corpseburster)","Corpseburster Dagger (Corpseburster)","The Maelstrom's Perfected Greatsword (Perfected Merciless Charge)"," ()","Unnerving Boneyard","Blighted Blastbones","Whirling Blades","Banner Bearer","Detonating Siphon","Flawless Dawnbreaker","Stampede","Anti-Cavalry Caltrops","Necrotic Potency","Banner Bearer","Proximity Detonation","Shooting Star"
"Maw of Lorkhaj","Trash Builds","https://www.esologs.com/reports/dxKwpWT4njbzQL6M#fight=150&type=summary&source=21","@R.af","ßrave","bone-grave-x-corpseburster-perfected-sul-xans-torment","dps","Grave","Bone","x","Corpseburster","Perfected Sul-Xan's Torment","97503.5","6839.3","79.2","97503.5 DPS","","Corpseburster Helmet (Corpseburster)","Perfected Jack of Sul-Xan's Torment (Perfected Sul-Xan's Torment)","Slimecraw Arm Cops (Slimecraw)","Perfected Bracers of Sul-Xan's Torment (Perfected Sul-Xan's Torment)","","Perfected Guards of Sul-Xan's Torment (Perfected Sul-Xan's Torment)","Perfected Boots of Sul-Xan's Torment (Perfected Sul-Xan's Torment)","","Corpseburster Ring (Corpseburster)","Corpseburster Ring (Corpseburster)","Corpseburster Dagger (Corpseburster)","Corpseburster Dagger (Corpseburster)","The Maelstrom's Perfected Inferno Staff (Perfected Crushing Wall)"," ()","Whirling Blades","Camouflaged Hunter","Detonating Siphon","Blighted Blastbones","Banner Bearer","Flawless Dawnbreaker","Elemental Blockade","Anti-Cavalry Caltrops","Proximity Detonation","Necrotic Potency","Banner Bearer","Elemental Rage"
"Maw of Lorkhaj","Trash Builds","https://www.esologs.com/reports/dxKwpWT4njbzQL6M#fight=150&type=summary&source=1","@qpseudo","its too hard to sleep","bone-grave-x-corpseburster-perfected-sul-xans-torment","dps","Grave","Bone","x","Corpseburster","Perfected Sul-Xan's Torment","89646.4","12402.5","81.4","89646.4 DPS","","Corpseburster Helmet (Corpseburster)","Perfected Jack of Sul-Xan's Torment (Perfected Sul-Xan's Torment)","Slimecraw Epaulets (Slimecraw)","Perfected Bracers of Sul-Xan's Torment (Perfected Sul-Xan's Torment)","","Perfected Guards of Sul-Xan's Torment (Perfected Sul-Xan's Torment)","Perfected Boots of Sul-Xan's Torment (Perfected Sul-Xan's Torment)","","Corpseburster Ring (Corpseburster)","Corpseburster Ring (Corpseburster)","Corpseburster Dagger (Corpseburster)","Corpseburster Dagger (Corpseburster)","The Maelstrom's Perfected Inferno Staff (Perfected Crushing Wall)"," ()","Banner Bearer","Whirling Blades","Detonating Siphon","Blighted Blastbones","Avid Boneyard","Dawnbreaker of Smiting","Banner Bearer","Ulfsild's Contingency","Necrotic Potency","Blockade of Fire","Anti-Cavalry Caltrops","Shooting Star"
"Maw of Lorkhaj","Trash Builds","https://www.esologs.com/reports/dxKwpWT4njbzQL6M#fight=150&type=summary&source=12","@Turtilla","Ves of the Turtle Islands","bone-grave-x-corpseburster-perfected-sul-xans-torment","dps","Grave","Bone","x","Corpseburster","Perfected Sul-Xan's Torment","107181.1","2812.8","59.8","107181.1 DPS","","Corpseburster Helmet (Corpseburster)","Perfected Jack of Sul-Xan's Torment (Perfected Sul-Xan's Torment)","Slimecraw Arm Cops (Slimecraw)","Perfected Bracers of Sul-Xan's Torment (Perfected Sul-Xan's Torment)","","Perfected Guards of Sul-Xan's Torment (Perfected Sul-Xan's Torment)","Perfected Boots of Sul-Xan's Torment (Perfected Sul-Xan's Torment)","","Corpseburster Ring (Corpseburster)","Corpseburster Ring (Corpseburster)","Corpseburster Dagger (Corpseburster)","Corpseburster Dagger (Corpseburster)","The Maelstrom's Perfected Greatsword (Perfected Merciless Charge)"," ()","Blighted Blastbones","Whirling Blades","Detonating Siphon","Unnerving Boneyard","Banner Bearer","Flawless Dawnbreaker","Stampede","Necrotic Potency","Razor Caltrops","Proximity Detonation","Banner Bearer","Pestilent Colossus"
"Maw of Lorkhaj","Trash Builds","https://www.esologs.com/reports/dxKwpWT4njbzQL6M#fight=150&type=summary&source=5","@Jellyfish934","Jellyfishnecro","bone-grave-x-corpseburster-perfected-sul-xans-torment","dps","Grave","Bone","x","Perfected Sul-Xan's Torment","Corpseburster","156531.2","6624.6","89.7","156531.2 DPS","","Slimecraw Mask (Slimecraw)","Perfected Jack of Sul-Xan's Torment (Perfected Sul-Xan's Torment)","Perfected Arm Cops of Sul-Xan's Torment (Perfected Sul-Xan's Torment)","Perfected Bracers of Sul-Xan's Torment (Perfected Sul-Xan's Torment)","","Perfected Guards of Sul-Xan's Torment (Perfected Sul-Xan's Torment)","Perfected Boots of Sul-Xan's Torment (Perfected Sul-Xan's Torment)","","Corpseburster Ring (Corpseburster)","Corpseburster Ring (Corpseburster)","Corpseburster Dagger (Corpseburster)","Corpseburster Dagger (Corpseburster)","The Maelstrom's Bow (Thunderous Volley)"," ()","Ghostly Embrace","Whirling Blades","Camouflaged Hunter","Detonating Siphon","Quick Cloak","Flawless Dawnbreaker","Blighted Blastbones","Arrow Barrage","Avid Boneyard","Necrotic Potency","Blood Mist","Pestilent Colossus"
"Maw of Lorkhaj","Trash Builds","https://www.esologs.com/reports/dxKwpWT4njbzQL6M#fight=150&type=summary&source=4","@Al_duin","Hysiléns","bone-grave-x-corpseburster-perfected-sul-xans-torment","dps","Grave","Bone","x","Corpseburster","Perfected Sul-Xan's Torment","166946.6","13143.3","123.8","166946.6 DPS","","Corpseburster Helmet (Corpseburster)","Perfected Jack of Sul-Xan's Torment (Perfected Sul-Xan's Torment)","Slimecraw Arm Cops (Slimecraw)","Perfected Bracers of Sul-Xan's Torment (Perfected Sul-Xan's Torment)","","Perfected Guards of Sul-Xan's Torment (Perfected Sul-Xan's Torment)","Perfected Boots of Sul-Xan's Torment (Perfected Sul-Xan's Torment)","","Corpseburster Ring (Corpseburster)","Corpseburster Ring (Corpseburster)","Corpseburster Dagger (Corpseburster)","Corpseburster Dagger (Corpseburster)","The Maelstrom's Perfected Greatsword (Perfected Merciless Charge)"," ()","Unnerving Boneyard","Detonating Siphon","Blighted Blastbones","Whirling Blades","Camouflaged Hunter","Flawless Dawnbreaker","Proximity Detonation","Necrotic Potency","Anti-Cavalry Caltrops","Blood Mist","Stampede","Pestilent Colossus"
"Maw of Lorkhaj","Trash Builds","https://www.esologs.com/reports/dxKwpWT4njbzQL6M#fight=150&type=summary&source=2","@MrEllander","Élländér","bone-grave-x-corpseburster-perfected-sul-xans-torment","dps","Grave","Bone","x","Perfected Sul-Xan's Torment","Corpseburster","142401.0","8927.0","96.1","142401.0 DPS","","Slimecraw Mask (Slimecraw)","Perfected Jack of Sul-Xan's Torment (Perfected Sul-Xan's Torment)","Perfected Arm Cops of Sul-Xan's Torment (Perfected Sul-Xan's Torment)","Perfected Bracers of Sul-Xan's Torment (Perfected Sul-Xan's Torment)","","Perfected Guards of Sul-Xan's Torment (Perfected Sul-Xan's Torment)","Perfected Boots of Sul-Xan's Torment (Perfected Sul-Xan's Torment)","","Corpseburster Ring (Corpseburster)","Corpseburster Ring (Corpseburster)","Corpseburster Dagger (Corpseburster)","Corpseburster Dagger (Corpseburster)","The Maelstrom's Perfected Inferno Staff (Perfected Crushing Wall)"," ()","Camouflaged Hunter","Banner Bearer","Whirling Blades","Detonating Siphon","Blighted Blastbones","Flawless Dawnbreaker","Unnerving Boneyard","Banner Bearer","Elemental Blockade","Necrotic Potency","Proximity Detonation","Glacial Colossus"
"Maw of Lorkhaj","Trash Builds","https://www.esologs.com/reports/dxKwpWT4njbzQL6M#fight=150&type=summary&source=5","@Jellyfish934","Jellyfishnecro","bone-grave-x-corpseburster-perfected-sul-xans-torment","dps","Grave","Bone","x","Perfected Sul-Xan's Torment","Corpseburster","79948.7","6440.5","82.1","79948.7 DPS","","Slimecraw Mask (Slimecraw)","Perfected Jack of Sul-Xan's Torment (Perfected Sul-Xan's Torment)","Perfected Arm Cops of Sul-Xan's Torment (Perfected Sul-Xan's Torment)","Perfected Bracers of Sul-Xan's Torment (Perfected Sul-Xan's Torment)","","Perfected Guards of Sul-Xan's Torment (Perfected Sul-Xan's Torment)","Perfected Boots of Sul-Xan's Torment (Perfected Sul-Xan's Torment)","","Corpseburster Ring (Corpseburster)","Corpseburster Ring (Corpseburster)","Corpseburster Dagger (Corpseburster)","Corpseburster Dagger (Corpseburster)","The Maelstrom's Bow (Thunderous Volley)"," ()","Ghostly Embrace","Whirling Blades","Camouflaged Hunter","Detonating Siphon","Quick Cloak","Flawless Dawnbreaker","Blighted Blastbones","Arrow Barrage","Avid Boneyard","Necrotic Potency","Blood Mist","Pestilent Colossus"
"Maw of Lorkhaj","Trash Builds","https://www.esologs.com/reports/dxKwpWT4njbzQL6M#fight=150&type=summary&source=12","@Turtilla","Ves of the Turtle Islands","bone-grave-x-corpseburster-perfected-sul-xans-torment","dps","Grave","Bone","x","Corpseburster","Perfected Sul-Xan's Torment","62176.5","1630.8","47.8","62176.5 DPS","","Corpseburster Helmet (Corpseburster)","Perfected Jack of Sul-Xan's Torment (Perfected Sul-Xan's Torment)","Slimecraw Arm Cops (Slimecraw)","Perfected Bracers of Sul-Xan's Torment (Perfected Sul-Xan's Torment)","","Perfected Guards of Sul-Xan's Torment (Perfected Sul-Xan's Torment)","Perfected Boots of Sul-Xan's Torment (Perfected Sul-Xan's Torment)","","Corpseburster Ring (Corpseburster)","Corpseburster Ring (Corpseburster)","Corpseburster Dagger (Corpseburster)","Corpseburster Dagger (Corpseburster)","The Maelstrom's Perfected Greatsword (Perfected Merciless Charge)"," ()","Blighted Blastbones","Whirling Blades","Detonating Siphon","Unnerving Boneyard","Banner Bearer","Flawless Dawnbreaker","Stampede","Necrotic Potency","Razor Caltrops","Proximity Detonation","Banner Bearer","Pestilent Colossus"
"Maw of Lorkhaj","Trash Builds","https://www.esologs.com/reports/dxKwpWT4njbzQL6M#fight=150&type=summary&source=4","@Al_duin","Hysiléns","bone-grave-x-corpseburster-perfected-sul-xans-torment","dps","Grave","Bone","x","Corpseburster","Perfected Sul-Xan's Torment","124196.0","6041.0","94.9","124196.0 DPS","","Corpseburster Helmet (Corpseburster)","Perfected Jack of Sul-Xan's Torment (Perfected Sul-Xan's Torment)","Slimecraw Arm Cops (Slimecraw)","Perfected Bracers of Sul-Xan's Torment (Perfected Sul-Xan's Torment)","","Perfected Guards of Sul-Xan's Torment (Perfected Sul-Xan's Torment)","Perfected Boots of Sul-Xan's Torment (Perfected Sul-Xan's Torment)","","Corpseburster Ring (Corpseburster)","Corpseburster Ring (Corpseburster)","Corpseburster Dagger (Corpseburster)","Corpseburster Dagger (Corpseburster)","The Maelstrom's Perfected Greatsword (Perfected Merciless Charge)"," ()","Unnerving Boneyard","Detonating Siphon","Blighted Blastbones","Whirling Blades","Camouflaged Hunter","Flawless Dawnbreaker","Proximity Detonation","Necrotic Potency","Anti-Cavalry Caltrops","Blood Mist","Stampede","Pestilent Colossus"
"Maw of Lorkhaj","Trash Builds","https://www.esologs.com/reports/dxKwpWT4njbzQL6M#fight=150&type=summary&source=2","@MrEllander","Élländér","bone-grave-x-corpseburster-perfected-sul-xans-torment","dps","Grave","Bone","x","Perfected Sul-Xan's Torment","Corpseburster","72686.0","2124.8","82.7","72686.0 DPS","","Slimecraw Mask (Slimecraw)","Perfected Jack of Sul-Xan's Torment (Perfected Sul-Xan's Torment)","Perfected Arm Cops of Sul-Xan's Torment (Perfected Sul-Xan's Torment)","Perfected Bracers of Sul-Xan's Torment (Perfected Sul-Xan's Torment)","","Perfected Guards of Sul-Xan's Torment (Perfected Sul-Xan's Torment)","Perfected Boots of Sul-Xan's Torment (Perfected Sul-Xan's Torment)","","Corpseburster Ring (Corpseburster)","Corpseburster Ring (Corpseburster)","Corpseburster Dagger (Corpseburster)","Corpseburster Dagger (Corpseburster)","The Maelstrom's Perfected Inferno Staff (Perfected Crushing Wall)"," ()","Unnerving Boneyard","Banner Bearer","Whirling Blades","Detonating Siphon","Blighted Blastbones","Flawless Dawnbreaker","Necrotic Potency","Banner Bearer","Elemental Blockade","Inner Rage","Proximity Detonation","Glacial Colossus"
"Maw of Lorkhaj","Trash Builds","https://www.esologs.com/reports/dxKwpWT4njbzQL6M#fight=150&type=summary&source=2","@TaK-eR","Ainz Ooał Gown","bone-grave-x-corpseburster-perfected-sul-xans-torment","dps","Grave","Bone","x","Perfected Sul-Xan's Torment","Corpseburster","114304.8","4070.7","90.5","114304.8 DPS","","Slimecraw Guise (Slimecraw)","Perfected Jack of Sul-Xan's Torment (Perfected Sul-Xan's Torment)","Corpseburster Arm Cops (Corpseburster)","Perfected Bracers of Sul-Xan's Torment (Perfected Sul-Xan's Torment)","","Perfected Guards of Sul-Xan's Torment (Perfected Sul-Xan's Torment)","Perfected Boots of Sul-Xan's Torment (Perfected Sul-Xan's Torment)","","Corpseburster Ring (Corpseburster)","Corpseburster Ring (Corpseburster)","Corpseburster Dagger (Corpseburster)","Corpseburster Dagger (Corpseburster)","The Maelstrom's Perfected Inferno Staff (Perfected Crushing Wall)"," ()","Detonating Siphon","Blighted Blastbones","Deadly Cloak","Whirling Blades","Camouflaged Hunter","Flawless Dawnbreaker","Elemental Blockade","Ulfsild's Contingency","Blood Mist","Proximity Detonation","Necrotic Potency","Elemental Rage"
"Maw of Lorkhaj","Trash Builds","https://www.esologs.com/reports/dxKwpWT4njbzQL6M#fight=150&type=summary&source=7","@BRabbit.3","Krieg The Dark Lord","bone-grave-x-corpseburster-perfected-sul-xans-torment","dps","Grave","Bone","x","Perfected Sul-Xan's Torment","Corpseburster","121567.9","7837.1","86.4","121567.9 DPS","","Slimecraw Mask (Slimecraw)","Perfected Jack of Sul-Xan's Torment (Perfected Sul-Xan's Torment)","Perfected Arm Cops of Sul-Xan's Torment (Perfected Sul-Xan's Torment)","Perfected Bracers of Sul-Xan's Torment (Perfected Sul-Xan's Torment)","","Perfected Guards of Sul-Xan's Torment (Perfected Sul-Xan's Torment)","Corpseburster Boots (Corpseburster)","","Corpseburster Ring (Corpseburster)","Corpseburster Ring (Corpseburster)","Corpseburster Dagger (Corpseburster)","Corpseburster Dagger (Corpseburster)","The Maelstrom's Inferno Staff (Crushing Wall)"," ()","Camouflaged Hunter","Blighted Blastbones","Whirling Blades","Detonating Siphon","Banner Bearer","Flawless Dawnbreaker","Avid Boneyard","Necrotic Potency","Blood Mist","Elemental Blockade","Banner Bearer","Elemental Rage"
"Maw of Lorkhaj","Trash Builds","https://www.esologs.com/reports/dxKwpWT4njbzQL6M#fight=150&type=summary&source=2","@TaK-eR","Ainz Ooał Gown","bone-grave-x-corpseburster-perfected-sul-xans-torment","dps","Grave","Bone","x","Perfected Sul-Xan's Torment","Corpseburster","80920.7","2201.0","80.2","80920.7 DPS","","Slimecraw Guise (Slimecraw)","Perfected Jack of Sul-Xan's Torment (Perfected Sul-Xan's Torment)","Corpseburster Arm Cops (Corpseburster)","Perfected Bracers of Sul-Xan's Torment (Perfected Sul-Xan's Torment)","","Perfected Guards of Sul-Xan's Torment (Perfected Sul-Xan's Torment)","Perfected Boots of Sul-Xan's Torment (Perfected Sul-Xan's Torment)","","Corpseburster Ring (Corpseburster)","Corpseburster Ring (Corpseburster)","Corpseburster Dagger (Corpseburster)","Corpseburster Dagger (Corpseburster)","The Maelstrom's Perfected Inferno Staff (Perfected Crushing Wall)"," ()","Detonating Siphon","Blighted Blastbones","Deadly Cloak","Whirling Blades","Camouflaged Hunter","Flawless Dawnbreaker","Elemental Blockade","Ulfsild's Contingency","Blood Mist","Proximity Detonation","Necrotic Potency","Elemental Rage"
"Maw of Lorkhaj","Trash Builds","https://www.esologs.com/reports/dxKwpWT4njbzQL6M#fight=150&type=summary&source=7","@BRabbit.3","Krieg The Dark Lord","bone-grave-x-corpseburster-perfected-sul-xans-torment","dps","Grave","Bone","x","Perfected Sul-Xan's Torment","Corpseburster","99887.0","9782.2","86.2","99887.0 DPS","","Slimecraw Mask (Slimecraw)","Perfected Jack of Sul-Xan's Torment (Perfected Sul-Xan's Torment)","Perfected Arm Cops of Sul-Xan's Torment (Perfected Sul-Xan's Torment)","Perfected Bracers of Sul-Xan's Torment (Perfected Sul-Xan's Torment)","","Perfected Guards of Sul-Xan's Torment (Perfected Sul-Xan's Torment)","Corpseburster Boots (Corpseburster)","","Corpseburster Ring (Corpseburster)","Corpseburster Ring (Corpseburster)","Corpseburster Dagger (Corpseburster)","Corpseburster Dagger (Corpseburster)","The Maelstrom's Inferno Staff (Crushing Wall)"," ()","Camouflaged Hunter","Blighted Blastbones","Whirling Blades","Detonating Siphon","Banner Bearer","Flawless Dawnbreaker","Avid Boneyard","Necrotic Potency","Blood Mist","Elemental Blockade","Banner Bearer","Elemental Rage"
"Maw of Lorkhaj","Trash Builds","https://www.esologs.com/reports/dxKwpWT4njbzQL6M#fight=150&type=summary&source=12","@T0mii","Twardo Wśród Trupów","bone-grave-x-corpseburster-perfected-sul-xans-torment","dps","Grave","Bone","x","Perfected Sul-Xan's Torment","Corpseburster","86363.0","6558.7","70.4","86363.0 DPS","","Zaan Mask (Zaan)","Perfected Jack of Sul-Xan's Torment (Perfected Sul-Xan's Torment)","Corpseburster Arm Cops (Corpseburster)","Perfected Bracers of Sul-Xan's Torment (Perfected Sul-Xan's Torment)","","Perfected Guards of Sul-Xan's Torment (Perfected Sul-Xan's Torment)","Perfected Boots of Sul-Xan's Torment (Perfected Sul-Xan's Torment)","","Corpseburster Ring (Corpseburster)","Corpseburster Ring (Corpseburster)","Corpseburster Dagger (Corpseburster)","Corpseburster Dagger (Corpseburster)","The Maelstrom's Perfected Greatsword (Perfected Merciless Charge)"," ()","Blighted Blastbones","Avid Boneyard","Detonating Siphon","Ghostly Embrace","Banner Bearer","Flawless Dawnbreaker","Stampede","Barbed Trap","Skeletal Archer","Necrotic Potency","Banner Bearer","Pummeling Goliath"
"Maw of Lorkhaj","Trash Builds","https://www.esologs.com/reports/dxKwpWT4njbzQL6M#fight=150&type=summary&source=12","@T0mii","Twardo Wśród Trupów","bone-grave-x-corpseburster-perfected-sul-xans-torment","dps","Grave","Bone","x","Perfected Sul-Xan's Torment","Corpseburster","180249.5","6855.2","91.2","180249.5 DPS","","Zaan Mask (Zaan)","Perfected Jack of Sul-Xan's Torment (Perfected Sul-Xan's Torment)","Corpseburster Arm Cops (Corpseburster)","Perfected Bracers of Sul-Xan's Torment (Perfected Sul-Xan's Torment)","","Perfected Guards of Sul-Xan's Torment (Perfected Sul-Xan's Torment)","Perfected Boots of Sul-Xan's Torment (Perfected Sul-Xan's Torment)","","Corpseburster Ring (Corpseburster)","Corpseburster Ring (Corpseburster)","Corpseburster Dagger (Corpseburster)","Corpseburster Dagger (Corpseburster)","The Maelstrom's Perfected Greatsword (Perfected Merciless Charge)"," ()","Blighted Blastbones","Avid Boneyard","Detonating Siphon","Ghostly Embrace","Banner Bearer","Flawless Dawnbreaker","Stampede","Barbed Trap","Skeletal Archer","Necrotic Potency","Banner Bearer","Pummeling Goliath"
"Maw of Lorkhaj","Trash Builds","https://www.esologs.com/reports/dxKwpWT4njbzQL6M#fight=150&type=summary&source=11","@neckbeeko","Where-Body-Ends","bone-grave-x-corpseburster-perfected-sul-xans-torment","dps","Grave","Bone","x","Perfected Sul-Xan's Torment","Corpseburster","129011.7","2411.4","59.2","129011.7 DPS","","Slimecraw Mask (Slimecraw)","Perfected Jack of Sul-Xan's Torment (Perfected Sul-Xan's Torment)","Corpseburster Arm Cops (Corpseburster)","Perfected Bracers of Sul-Xan's Torment (Perfected Sul-Xan's Torment)","","Perfected Guards of Sul-Xan's Torment (Perfected Sul-Xan's Torment)","Perfected Boots of Sul-Xan's Torment (Perfected Sul-Xan's Torment)","","Corpseburster Ring (Corpseburster)","Corpseburster Ring (Corpseburster)","Corpseburster Dagger (Corpseburster)","Corpseburster Dagger (Corpseburster)","The Maelstrom's Perfected Inferno Staff (Perfected Crushing Wall)"," ()","Unnerving Boneyard","Blighted Blastbones","Venom Skull","Detonating Siphon","Shocking Banner (Class Flourish / Heroism)","Flawless Dawnbreaker","Skeletal Arcanist","Anti-Cavalry Caltrops","Blockade of Fire","Necrotic Potency","Shocking Banner (Class Flourish / Heroism)","Glacial Colossus"
"Maw of Lorkhaj","Trash Builds","https://www.esologs.com/reports/dxKwpWT4njbzQL6M#fight=150&type=summary&source=11","@neckbeeko","Where-Body-Ends","bone-grave-x-corpseburster-perfected-sul-xans-torment","dps","Grave","Bone","x","Perfected Sul-Xan's Torment","Corpseburster","87367.0","18738.6","60.4","87367.0 DPS","","Slimecraw Mask (Slimecraw)","Perfected Jack of Sul-Xan's Torment (Perfected Sul-Xan's Torment)","Corpseburster Arm Cops (Corpseburster)","Perfected Bracers of Sul-Xan's Torment (Perfected Sul-Xan's Torment)","","Perfected Guards of Sul-Xan's Torment (Perfected Sul-Xan's Torment)","Perfected Boots of Sul-Xan's Torment (Perfected Sul-Xan's Torment)","","Corpseburster Ring (Corpseburster)","Corpseburster Ring (Corpseburster)","Corpseburster Dagger (Corpseburster)","Corpseburster Dagger (Corpseburster)","The Maelstrom's Perfected Inferno Staff (Perfected Crushing Wall)"," ()","Unnerving Boneyard","Blighted Blastbones","Venom Skull","Detonating Siphon","Shocking Banner (Class Flourish / Heroism)","Flawless Dawnbreaker","Skeletal Arcanist","Anti-Cavalry Caltrops","Blockade of Fire","Necrotic Potency","Shocking Banner (Class Flourish / Heroism)","Glacial Colossus"
"Maw of Lorkhaj","Trash Builds","https://www.esologs.com/reports/dxKwpWT4njbzQL6M#fight=150&type=summary&source=2","@blurify","b-luri-fy","bone-grave-x-corpseburster-perfected-sul-xans-torment","dps","Grave","Bone","x","Perfected Sul-Xan's Torment","Corpseburster","67636.1","13914.2","67.9","67636.1 DPS","","Perfected Helmet of Sul-Xan's Torment (Perfected Sul-Xan's Torment)","Perfected Jack of Sul-Xan's Torment (Perfected Sul-Xan's Torment)","Zaan Arm Cops (Zaan)","Perfected Bracers of Sul-Xan's Torment (Perfected Sul-Xan's Torment)","","Perfected Guards of Sul-Xan's Torment (Perfected Sul-Xan's Torment)","Perfected Boots of Sul-Xan's Torment (Perfected Sul-Xan's Torment)","","Corpseburster Ring (Corpseburster)","Corpseburster Ring (Corpseburster)","Corpseburster Dagger (Corpseburster)","Corpseburster Dagger (Corpseburster)","The Maelstrom's Perfected Inferno Staff (Perfected Crushing Wall)"," ()","Whirling Blades","Banner Bearer","Blighted Blastbones","Detonating Siphon","Unnerving Boneyard","Flawless Dawnbreaker","Necrotic Potency","Banner Bearer","Unstable Wall of Elements","Ulfsild's Contingency","Skeletal Archer","Elemental Rage"
"Maw of Lorkhaj","Trash Builds","https://www.esologs.com/reports/dxKwpWT4njbzQL6M#fight=150&type=summary&source=2","@blurify","b-luri-fy","bone-grave-x-corpseburster-perfected-sul-xans-torment","dps","Grave","Bone","x","Perfected Sul-Xan's Torment","Corpseburster","74527.3","5998.0","68.5","74527.3 DPS","","Perfected Helmet of Sul-Xan's Torment (Perfected Sul-Xan's Torment)","Perfected Jack of Sul-Xan's Torment (Perfected Sul-Xan's Torment)","Zaan Arm Cops (Zaan)","Perfected Bracers of Sul-Xan's Torment (Perfected Sul-Xan's Torment)","","Perfected Guards of Sul-Xan's Torment (Perfected Sul-Xan's Torment)","Perfected Boots of Sul-Xan's Torment (Perfected Sul-Xan's Torment)","","Corpseburster Ring (Corpseburster)","Corpseburster Ring (Corpseburster)","Corpseburster Dagger (Corpseburster)","Corpseburster Dagger (Corpseburster)","The Maelstrom's Perfected Inferno Staff (Perfected Crushing Wall)"," ()","Whirling Blades","Banner Bearer","Blighted Blastbones","Detonating Siphon","Unnerving Boneyard","Flawless Dawnbreaker","Necrotic Potency","Banner Bearer","Unstable Wall of Elements","Ulfsild's Contingency","Skeletal Archer","Elemental Rage"
"Maw of Lorkhaj","Trash Builds","https://www.esologs.com/reports/dxKwpWT4njbzQL6M#fight=150&type=summary&source=1246","@BlackoutSR","Wtb Blastbones","bone-grave-x-corpseburster-perfected-sul-xans-torment","dps","Grave","Bone","x","Perfected Sul-Xan's Torment","Corpseburster","91297.7","5424.7","91.3","91297.7 DPS","","Slimecraw Guise (Slimecraw)","Perfected Jack of Sul-Xan's Torment (Perfected Sul-Xan's Torment)","Mora's Whispers (Mora's Whispers)","Perfected Bracers of Sul-Xan's Torment (Perfected Sul-Xan's Torment)","","Perfected Guards of Sul-Xan's Torment (Perfected Sul-Xan's Torment)","Perfected Boots of Sul-Xan's Torment (Perfected Sul-Xan's Torment)","","Corpseburster Ring (Corpseburster)","Corpseburster Ring (Corpseburster)","Corpseburster Dagger (Corpseburster)","Corpseburster Dagger (Corpseburster)","The Maelstrom's Perfected Greatsword (Perfected Merciless Charge)"," ()","Unnerving Boneyard","Blighted Blastbones","Whirling Blades","Banner Bearer","Detonating Siphon","Flawless Dawnbreaker","Stampede","Anti-Cavalry Caltrops","Necrotic Potency","Banner Bearer","Proximity Detonation","Shooting Star"
"Maw of Lorkhaj","Trash Builds","https://www.esologs.com/reports/JyQrTdKBkDjx64wR#fight=26&type=summary&source=22","@DeFyLegends","Dephy Leggings","ass-shadow-siphon-perfected-sul-xans-torment-soulcleaver","dps","Ass","Shadow","Siphon","Perfected Sul-Xan's Torment","Soulcleaver","93697.5","4099.8","72.4","93697.5 DPS","","Slimecraw Mask (Slimecraw)","Perfected Jack of Sul-Xan's Torment (Perfected Sul-Xan's Torment)","Perfected Arm Cops of Sul-Xan's Torment (Perfected Sul-Xan's Torment)","Perfected Bracers of Sul-Xan's Torment (Perfected Sul-Xan's Torment)","","Perfected Guards of Sul-Xan's Torment (Perfected Sul-Xan's Torment)","Soulcleaver Boots (Soulcleaver)","","Soulcleaver Ring (Soulcleaver)","Soulcleaver Ring (Soulcleaver)","Soulcleaver Dagger (Soulcleaver)","Soulcleaver Dagger (Soulcleaver)","The Maelstrom's Perfected Greatsword (Perfected Merciless Charge)"," ()","Whirling Blades","Camouflaged Hunter","Power Extraction","Shadowy Disguise","Relentless Focus","Incapacitating Strike","Stampede","Anti-Cavalry Caltrops","Proximity Detonation","Blood Mist","Siphoning Attacks","Ice Comet"
"Maw of Lorkhaj","Trash Builds","https://www.esologs.com/reports/JyQrTdKBkDjx64wR#fight=26&type=summary&source=5","@jeronimq","jø-rşıh'q","ass-shadow-siphon-perfected-sul-xans-torment-soulcleaver","dps","Ass","Shadow","Siphon","Soulcleaver","Perfected Sul-Xan's Torment","130756.1","7976.4","113.4","130756.1 DPS","","Soulcleaver Helmet (Soulcleaver)","Perfected Jack of Sul-Xan's Torment (Perfected Sul-Xan's Torment)","Slimecraw Epaulets (Slimecraw)","Perfected Bracers of Sul-Xan's Torment (Perfected Sul-Xan's Torment)","","Soulcleaver Guards (Soulcleaver)","Soulcleaver Boots (Soulcleaver)","","Perfected Ring of Sul-Xan's Torment (Perfected Sul-Xan's Torment)","Perfected Ring of Sul-Xan's Torment (Perfected Sul-Xan's Torment)","Soulcleaver Dagger (Soulcleaver)","Soulcleaver Dagger (Soulcleaver)","The Maelstrom's Perfected Inferno Staff (Perfected Crushing Wall)"," ()","Power Extraction","Shadowy Disguise","Whirling Blades","Relentless Focus","Quick Cloak","Flawless Dawnbreaker","Twisting Path","Elemental Blockade","Proximity Detonation","Siphoning Attacks","Magical Trample","Elemental Rage"
"Maw of Lorkhaj","Trash Builds","https://www.esologs.com/reports/JyQrTdKBkDjx64wR#fight=26&type=summary&source=22","@DeFyLegends","Dephy Leggings","ass-shadow-siphon-perfected-sul-xans-torment-soulcleaver","dps","Ass","Shadow","Siphon","Perfected Sul-Xan's Torment","Soulcleaver","74775.9","10669.3","67.6","74775.9 DPS","","Slimecraw Mask (Slimecraw)","Perfected Jack of Sul-Xan's Torment (Perfected Sul-Xan's Torment)","Perfected Arm Cops of Sul-Xan's Torment (Perfected Sul-Xan's Torment)","Perfected Bracers of Sul-Xan's Torment (Perfected Sul-Xan's Torment)","","Perfected Guards of Sul-Xan's Torment (Perfected Sul-Xan's Torment)","Soulcleaver Boots (Soulcleaver)","","Soulcleaver Ring (Soulcleaver)","Soulcleaver Ring (Soulcleaver)","Soulcleaver Dagger (Soulcleaver)","Soulcleaver Dagger (Soulcleaver)","The Maelstrom's Perfected Greatsword (Perfected Merciless Charge)"," ()","Whirling Blades","Camouflaged Hunter","Power Extraction","Shadowy Disguise","Relentless Focus","Incapacitating Strike","Stampede","Anti-Cavalry Caltrops","Proximity Detonation","Blood Mist","Siphoning Attacks","Ice Comet"
"Maw of Lorkhaj","Trash Builds","https://www.esologs.com/reports/JyQrTdKBkDjx64wR#fight=26&type=summary&source=5","@jeronimq","jø-rşıh'q","ass-shadow-siphon-perfected-sul-xans-torment-soulcleaver","dps","Ass","Shadow","Siphon","Soulcleaver","Perfected Sul-Xan's Torment","82575.5","6152.4","101.2","82575.5 DPS","","Soulcleaver Helmet (Soulcleaver)","Perfected Jack of Sul-Xan's Torment (Perfected Sul-Xan's Torment)","Slimecraw Epaulets (Slimecraw)","Perfected Bracers of Sul-Xan's Torment (Perfected Sul-Xan's Torment)","","Soulcleaver Guards (Soulcleaver)","Soulcleaver Boots (Soulcleaver)","","Perfected Ring of Sul-Xan's Torment (Perfected Sul-Xan's Torment)","Perfected Ring of Sul-Xan's Torment (Perfected Sul-Xan's Torment)","Soulcleaver Dagger (Soulcleaver)","Soulcleaver Dagger (Soulcleaver)","The Maelstrom's Perfected Inferno Staff (Perfected Crushing Wall)"," ()","Power Extraction","Shadowy Disguise","Whirling Blades","Relentless Focus","Quick Cloak","Flawless Dawnbreaker","Twisting Path","Elemental Blockade","Proximity Detonation","Siphoning Attacks","Magical Trample","Elemental Rage"
"Maw of Lorkhaj","Trash Builds","https://www.esologs.com/reports/JyQrTdKBkDjx64wR#fight=26&type=summary&source=3","@ruciake","Hidden in Despair","ass-shadow-siphon-perfected-sul-xans-torment-soulcleaver","dps","Ass","Shadow","Siphon","Soulcleaver","Perfected Sul-Xan's Torment","155900.5","4145.2","66.2","155900.5 DPS","The Thief","Soulcleaver Helmet (Soulcleaver)","Perfected Jack of Sul-Xan's Torment (Perfected Sul-Xan's Torment)","Zaan Epaulets (Zaan)","Perfected Bracers of Sul-Xan's Torment (Perfected Sul-Xan's Torment)","","Perfected Guards of Sul-Xan's Torment (Perfected Sul-Xan's Torment)","Perfected Boots of Sul-Xan's Torment (Perfected Sul-Xan's Torment)","","Soulcleaver Ring (Soulcleaver)","Soulcleaver Ring (Soulcleaver)","Soulcleaver Dagger (Soulcleaver)","Soulcleaver Dagger (Soulcleaver)","The Maelstrom's Perfected Inferno Staff (Perfected Crushing Wall)"," ()","Power Extraction","Relentless Focus","Quick Cloak","Whirling Blades","Shadowy Disguise","Incapacitating Strike","Proximity Detonation","Elemental Blockade","Anti-Cavalry Caltrops","Dark Shade","Blood Mist","Elemental Rage"
"Maw of Lorkhaj","Trash Builds","https://www.esologs.com/reports/JyQrTdKBkDjx64wR#fight=26&type=summary&source=3","@ruciake","Hidden in Despair","ass-shadow-siphon-perfected-sul-xans-torment-soulcleaver","dps","Ass","Shadow","Siphon","Soulcleaver","Perfected Sul-Xan's Torment","69056.9","5691.6","58.2","69056.9 DPS","","Soulcleaver Helmet (Soulcleaver)","Perfected Jack of Sul-Xan's Torment (Perfected Sul-Xan's Torment)","Zaan Epaulets (Zaan)","Perfected Bracers of Sul-Xan's Torment (Perfected Sul-Xan's Torment)","","Perfected Guards of Sul-Xan's Torment (Perfected Sul-Xan's Torment)","Perfected Boots of Sul-Xan's Torment (Perfected Sul-Xan's Torment)","","Soulcleaver Ring (Soulcleaver)","Soulcleaver Ring (Soulcleaver)","Soulcleaver Dagger (Soulcleaver)","Soulcleaver Dagger (Soulcleaver)","The Maelstrom's Perfected Inferno Staff (Perfected Crushing Wall)"," ()","Power Extraction","Relentless Focus","Quick Cloak","Whirling Blades","Shadowy Disguise","Incapacitating Strike","Proximity Detonation","Elemental Blockade","Anti-Cavalry Caltrops","Dark Shade","Blood Mist","Elemental Rage"
"Maw of Lorkhaj","Trash Builds","https://www.esologs.com/reports/JyQrTdKBkDjx64wR#fight=26&type=summary&source=12","@CoachPower","Sookie Northman","ass-shadow-siphon-perfected-sul-xans-torment-soulcleaver","dps","Ass","Shadow","Siphon","Soulcleaver","Perfected Sul-Xan's Torment","86513.9","4430.4","82.3","86513.9 DPS","","Slimecraw Mask (Slimecraw)","Soulcleaver Jack (Soulcleaver)","Perfected Arm Cops of Sul-Xan's Torment (Perfected Sul-Xan's Torment)","Soulcleaver Bracers (Soulcleaver)","","Soulcleaver Guards (Soulcleaver)","Soulcleaver Boots (Soulcleaver)","","Perfected Ring of Sul-Xan's Torment (Perfected Sul-Xan's Torment)","Perfected Ring of Sul-Xan's Torment (Perfected Sul-Xan's Torment)","Perfected Dagger of Sul-Xan's Torment (Perfected Sul-Xan's Torment)","Perfected Dagger of Sul-Xan's Torment (Perfected Sul-Xan's Torment)","The Maelstrom's Perfected Inferno Staff (Perfected Crushing Wall)"," ()","Shadowy Disguise","Whirling Blades","Relentless Focus","Surprise Attack","Power Extraction","Incapacitating Strike","Blood Mist","Ulfsild's Contingency","Siphoning Attacks","Twisting Path","Elemental Blockade","Elemental Rage"
"Maw of Lorkhaj","Trash Builds","https://www.esologs.com/reports/JyQrTdKBkDjx64wR#fight=26&type=summary&source=6","@Orollas","Karnast","ass-shadow-siphon-perfected-sul-xans-torment-soulcleaver","dps","Ass","Shadow","Siphon","Perfected Sul-Xan's Torment","Soulcleaver","147666.2","9935.5","100.8","147666.2 DPS","","Slimecraw Mask (Slimecraw)","Perfected Jack of Sul-Xan's Torment (Perfected Sul-Xan's Torment)","Perfected Arm Cops of Sul-Xan's Torment (Perfected Sul-Xan's Torment)","Perfected Bracers of Sul-Xan's Torment (Perfected Sul-Xan's Torment)","","Perfected Guards of Sul-Xan's Torment (Perfected Sul-Xan's Torment)","Perfected Boots of Sul-Xan's Torment (Perfected Sul-Xan's Torment)","","Soulcleaver Ring (Soulcleaver)","Soulcleaver Ring (Soulcleaver)","Soulcleaver Axe (Soulcleaver)","Soulcleaver Axe (Soulcleaver)","The Maelstrom's Perfected Inferno Staff (Perfected Crushing Wall)"," ()","Power Extraction","Relentless Focus","Whirling Blades","Quick Cloak","Camouflaged Hunter","Incapacitating Strike","Unstable Wall of Elements","Blood Mist","Siphoning Attacks","Dark Shade","Shadowy Disguise","Elemental Rage"
"Maw of Lorkhaj","Trash Builds","https://www.esologs.com/reports/JyQrTdKBkDjx64wR#fight=26&type=summary&source=12","@CoachPower","Sookie Northman","ass-shadow-siphon-perfected-sul-xans-torment-soulcleaver","dps","Ass","Shadow","Siphon","Soulcleaver","Perfected Sul-Xan's Torment","64919.5","5111.1","95.1","64919.5 DPS","","Slimecraw Mask (Slimecraw)","Soulcleaver Jack (Soulcleaver)","Perfected Arm Cops of Sul-Xan's Torment (Perfected Sul-Xan's Torment)","Soulcleaver Bracers (Soulcleaver)","","Soulcleaver Guards (Soulcleaver)","Soulcleaver Boots (Soulcleaver)","","Perfected Ring of Sul-Xan's Torment (Perfected Sul-Xan's Torment)","Perfected Ring of Sul-Xan's Torment (Perfected Sul-Xan's Torment)","Perfected Dagger of Sul-Xan's Torment (Perfected Sul-Xan's Torment)","Perfected Dagger of Sul-Xan's Torment (Perfected Sul-Xan's Torment)","The Maelstrom's Perfected Inferno Staff (Perfected Crushing Wall)"," ()","Shadowy Disguise","Whirling Blades","Relentless Focus","Surprise Attack","Power Extraction","Incapacitating Strike","Blood Mist","Ulfsild's Contingency","Siphoning Attacks","Twisting Path","Elemental Blockade","Elemental Rage"
"Maw of Lorkhaj","Trash Builds","https://www.esologs.com/reports/JyQrTdKBkDjx64wR#fight=26&type=summary&source=6","@Orollas","Karnast","ass-shadow-siphon-perfected-sul-xans-torment-soulcleaver","dps","Ass","Shadow","Siphon","Perfected Sul-Xan's Torment","Soulcleaver","87867.2","6290.4","82.5","87867.2 DPS","","Slimecraw Mask (Slimecraw)","Perfected Jack of Sul-Xan's Torment (Perfected Sul-Xan's Torment)","Perfected Arm Cops of Sul-Xan's Torment (Perfected Sul-Xan's Torment)","Perfected Bracers of Sul-Xan's Torment (Perfected Sul-Xan's Torment)","","Perfected Guards of Sul-Xan's Torment (Perfected Sul-Xan's Torment)","Perfected Boots of Sul-Xan's Torment (Perfected Sul-Xan's Torment)","","Soulcleaver Ring (Soulcleaver)","Soulcleaver Ring (Soulcleaver)","Soulcleaver Axe (Soulcleaver)","Soulcleaver Axe (Soulcleaver)","The Maelstrom's Perfected Inferno Staff (Perfected Crushing Wall)"," ()","Power Extraction","Relentless Focus","Whirling Blades","Quick Cloak","Camouflaged Hunter","Incapacitating Strike","Unstable Wall of Elements","Blood Mist","Siphoning Attacks","Dark Shade","Shadowy Disguise","Elemental Rage"
"Maw of Lorkhaj","Trash Builds","https://www.esologs.com/reports/JyQrTdKBkDjx64wR#fight=26&type=summary&source=9","@onuhlok","onuhlok","ass-shadow-siphon-perfected-sul-xans-torment-soulcleaver","dps","Ass","Shadow","Siphon","Soulcleaver","Perfected Sul-Xan's Torment","108097.7","6880.4","39.9","108097.7 DPS","","Soulcleaver Helmet (Soulcleaver)","Perfected Jack of Sul-Xan's Torment (Perfected Sul-Xan's Torment)","Zaan Epaulets (Zaan)","Perfected Bracers of Sul-Xan's Torment (Perfected Sul-Xan's Torment)","","Perfected Guards of Sul-Xan's Torment (Perfected Sul-Xan's Torment)","Perfected Boots of Sul-Xan's Torment (Perfected Sul-Xan's Torment)","","Soulcleaver Ring (Soulcleaver)","Soulcleaver Ring (Soulcleaver)","Soulcleaver Dagger (Soulcleaver)","Soulcleaver Dagger (Soulcleaver)","The Maelstrom's Inferno Staff (Crushing Wall)"," ()","Surprise Attack","Merciless Resolve","Whirling Blades","Shadowy Disguise","Power Extraction","Incapacitating Strike","Elemental Blockade","Twisting Path","Anti-Cavalry Caltrops","Necrotic Orb","Dark Shade","Ice Comet"
"Maw of Lorkhaj","Trash Builds","https://www.esologs.com/reports/JyQrTdKBkDjx64wR#fight=26&type=summary&source=1","@SweetBabyReyes","Fulgøre","ass-shadow-siphon-perfected-sul-xans-torment-soulcleaver","dps","Ass","Shadow","Siphon","Soulcleaver","Perfected Sul-Xan's Torment","64077.9","8004.7","68.6","64077.9 DPS","","Soulcleaver Helmet (Soulcleaver)","Perfected Jack of Sul-Xan's Torment (Perfected Sul-Xan's Torment)","Slimecraw Epaulets (Slimecraw)","Perfected Bracers of Sul-Xan's Torment (Perfected Sul-Xan's Torment)","","Perfected Guards of Sul-Xan's Torment (Perfected Sul-Xan's Torment)","Perfected Boots of Sul-Xan's Torment (Perfected Sul-Xan's Torment)","","Soulcleaver Ring (Soulcleaver)","Soulcleaver Ring (Soulcleaver)","Soulcleaver Dagger (Soulcleaver)","Soulcleaver Dagger (Soulcleaver)","The Maelstrom's Perfected Inferno Staff (Perfected Crushing Wall)"," ()","Whirling Blades","Power Extraction","Shadowy Disguise","Merciless Resolve","Camouflaged Hunter","Incapacitating Strike","Proximity Detonation","Twisting Path","Blockade of Fire","Siphoning Attacks","Dark Shade","Fiery Rage"
"Maw of Lorkhaj","Trash Builds","https://www.esologs.com/reports/JyQrTdKBkDjx64wR#fight=26&type=summary&source=1","@SweetBabyReyes","Fulgøre","ass-shadow-siphon-perfected-sul-xans-torment-soulcleaver","dps","Ass","Shadow","Siphon","Soulcleaver","Perfected Sul-Xan's Torment","101611.7","7299.7","79.6","101611.7 DPS","","Soulcleaver Helmet (Soulcleaver)","Perfected Jack of Sul-Xan's Torment (Perfected Sul-Xan's Torment)","Slimecraw Epaulets (Slimecraw)","Perfected Bracers of Sul-Xan's Torment (Perfected Sul-Xan's Torment)","","Perfected Guards of Sul-Xan's Torment (Perfected Sul-Xan's Torment)","Perfected Boots of Sul-Xan's Torment (Perfected Sul-Xan's Torment)","","Soulcleaver Ring (Soulcleaver)","Soulcleaver Ring (Soulcleaver)","Soulcleaver Dagger (Soulcleaver)","Soulcleaver Dagger (Soulcleaver)","The Maelstrom's Perfected Inferno Staff (Perfected Crushing Wall)"," ()","Whirling Blades","Power Extraction","Shadowy Disguise","Merciless Resolve","Camouflaged Hunter","Incapacitating Strike","Proximity Detonation","Twisting Path","Blockade of Fire","Siphoning Attacks","Dark Shade","Fiery Rage"
"Maw of Lorkhaj","Trash Builds","https://www.esologs.com/reports/GtqMygpFzVX7a3Pf#fight=9&type=summary&source=7","@Blackdier","Setecientos Unno","herald-x-x-perfected-slivers-of-the-null-arca-spattering-disjunction","dps","Herald","x","x","Spattering Disjunction","Perfected Slivers of the Null Arca","97420.6","5402.2","47.8","97420.6 DPS","","Spattering Disjunction Hat (Spattering Disjunction)","Spattering Disjunction Jack (Spattering Disjunction)","Zaan Arm Cops (Zaan)","Perfected Null Arca Bracers (Perfected Slivers of the Null Arca)","","Spattering Disjunction Guards (Spattering Disjunction)","Spattering Disjunction Boots (Spattering Disjunction)","","Perfected Null Arca Ring (Perfected Slivers of the Null Arca)","Perfected Null Arca Ring (Perfected Slivers of the Null Arca)","Perfected Null Arca Dagger (Perfected Slivers of the Null Arca)","Perfected Null Arca Dagger (Perfected Slivers of the Null Arca)","The Maelstrom's Perfected Greatsword (Perfected Merciless Charge)"," ()","Magical Banner (Class Flourish / Heroism)","Cephaliarch's Flail","Camouflaged Hunter","Pragmatic Fatecarver","Quick Cloak","Flawless Dawnbreaker","Stampede","Camouflaged Hunter","Fulminating Rune","Inspired Scholarship","Magical Banner (Class Flourish / Heroism)","The Languid Eye"
"Maw of Lorkhaj","Trash Builds","https://www.esologs.com/reports/GtqMygpFzVX7a3Pf#fight=9&type=summary&source=7","@Blackdier","Setecientos Unno","herald-x-x-perfected-slivers-of-the-null-arca-spattering-disjunction","dps","Herald","x","x","Spattering Disjunction","Perfected Slivers of the Null Arca","101432.1","6515.8","48.3","101432.1 DPS","","Spattering Disjunction Hat (Spattering Disjunction)","Spattering Disjunction Jack (Spattering Disjunction)","Zaan Arm Cops (Zaan)","Perfected Null Arca Bracers (Perfected Slivers of the Null Arca)","","Spattering Disjunction Guards (Spattering Disjunction)","Spattering Disjunction Boots (Spattering Disjunction)","","Perfected Null Arca Ring (Perfected Slivers of the Null Arca)","Perfected Null Arca Ring (Perfected Slivers of the Null Arca)","Perfected Null Arca Dagger (Perfected Slivers of the Null Arca)","Perfected Null Arca Dagger (Perfected Slivers of the Null Arca)","The Maelstrom's Perfected Greatsword (Perfected Merciless Charge)"," ()","Magical Banner (Class Flourish / Heroism)","Cephaliarch's Flail","Camouflaged Hunter","Pragmatic Fatecarver","Quick Cloak","Flawless Dawnbreaker","Stampede","Camouflaged Hunter","Fulminating Rune","Inspired Scholarship","Magical Banner (Class Flourish / Heroism)","The Languid Eye"
"Maw of Lorkhaj","Trash Builds","https://www.esologs.com/reports/GtqMygpFzVX7a3Pf#fight=9&type=summary&source=2","@pukyl98","Äntoniette","herald-x-x-perfected-slivers-of-the-null-arca-spattering-disjunction","dps","Herald","x","x","Perfected Slivers of the Null Arca","Spattering Disjunction","92847.7","12873.6","26.9","92847.7 DPS","","Perfected Null Arca Helmet (Perfected Slivers of the Null Arca)","Spattering Disjunction Jack (Spattering Disjunction)","Slimecraw Epaulets (Slimecraw)","Spattering Disjunction Bracers (Spattering Disjunction)","","Spattering Disjunction Guards (Spattering Disjunction)","Spattering Disjunction Boots (Spattering Disjunction)","","Perfected Null Arca Ring (Perfected Slivers of the Null Arca)","Perfected Null Arca Ring (Perfected Slivers of the Null Arca)","Perfected Null Arca Dagger (Perfected Slivers of the Null Arca)","Perfected Null Arca Dagger (Perfected Slivers of the Null Arca)","The Maelstrom's Greatsword (Merciless Charge)"," ()","Barbed Trap","Quick Cloak","Cephaliarch's Flail","Pragmatic Fatecarver","Camouflaged Hunter","Flawless Dawnbreaker","Ulfsild's Contingency","Inspired Scholarship","Fulminating Rune","Stampede","Camouflaged Hunter","The Languid Eye"
"Maw of Lorkhaj","Trash Builds","https://www.esologs.com/reports/GtqMygpFzVX7a3Pf#fight=9&type=summary&source=2","@pukyl98","Äntoniette","herald-x-x-perfected-slivers-of-the-null-arca-spattering-disjunction","dps","Herald","x","x","Perfected Slivers of the Null Arca","Spattering Disjunction","150798.1","13027.6","25.3","150798.1 DPS","The Thief","Perfected Null Arca Helmet (Perfected Slivers of the Null Arca)","Spattering Disjunction Jack (Spattering Disjunction)","Slimecraw Epaulets (Slimecraw)","Spattering Disjunction Bracers (Spattering Disjunction)","","Spattering Disjunction Guards (Spattering Disjunction)","Spattering Disjunction Boots (Spattering Disjunction)","","Perfected Null Arca Ring (Perfected Slivers of the Null Arca)","Perfected Null Arca Ring (Perfected Slivers of the Null Arca)","Perfected Null Arca Dagger (Perfected Slivers of the Null Arca)","Perfected Null Arca Dagger (Perfected Slivers of the Null Arca)","The Maelstrom's Greatsword (Merciless Charge)"," ()","Barbed Trap","Quick Cloak","Cephaliarch's Flail","Pragmatic Fatecarver","Camouflaged Hunter","Flawless Dawnbreaker","Ulfsild's Contingency","Inspired Scholarship","Fulminating Rune","Stampede","Camouflaged Hunter","The Languid Eye"
"Maw of Lorkhaj","Trash Builds","https://www.esologs.com/reports/GtqMygpFzVX7a3Pf#fight=9&type=summary&source=6","@JorroTreul","Jo'Rojo","herald-x-x-perfected-slivers-of-the-null-arca-spattering-disjunction","dps","Herald","x","x","Spattering Disjunction","Perfected Slivers of the Null Arca","84844.5","13044.2","35.9","84844.5 DPS","","Slimecraw Guise (Slimecraw)","Spattering Disjunction Jack (Spattering Disjunction)","Perfected Null Arca Arm Cops (Perfected Slivers of the Null Arca)","Spattering Disjunction Bracers (Spattering Disjunction)","","Spattering Disjunction Guards (Spattering Disjunction)","Spattering Disjunction Boots (Spattering Disjunction)","","Perfected Null Arca Ring (Perfected Slivers of the Null Arca)","Perfected Null Arca Ring (Perfected Slivers of the Null Arca)","Perfected Null Arca Dagger (Perfected Slivers of the Null Arca)","Perfected Null Arca Dagger (Perfected Slivers of the Null Arca)","The Maelstrom's Perfected Greatsword (Perfected Merciless Charge)"," ()","Pragmatic Fatecarver","Cephaliarch's Flail","Camouflaged Hunter","Quick Cloak","Barbed Trap","Flawless Dawnbreaker","Stampede","Inspired Scholarship","Echoing Vigor","Fulminating Rune","Camouflaged Hunter","The Languid Eye"
"Maw of Lorkhaj","Trash Builds","https://www.esologs.com/reports/GtqMygpFzVX7a3Pf#fight=9&type=summary&source=2","@Pinkypink1972","Arthur Kensington Jr","herald-x-x-perfected-slivers-of-the-null-arca-spattering-disjunction","dps","Herald","x","x","Perfected Slivers of the Null Arca","Spattering Disjunction","81481.7","3142.2","33.9","81481.7 DPS","","Perfected Null Arca Helmet (Perfected Slivers of the Null Arca)","Spattering Disjunction Jack (Spattering Disjunction)","Slimecraw Arm Cops (Slimecraw)","Spattering Disjunction Bracers (Spattering Disjunction)","","Spattering Disjunction Guards (Spattering Disjunction)","Spattering Disjunction Boots (Spattering Disjunction)","","Perfected Null Arca Ring (Perfected Slivers of the Null Arca)","Perfected Null Arca Ring (Perfected Slivers of the Null Arca)","Perfected Null Arca Dagger (Perfected Slivers of the Null Arca)","Perfected Null Arca Dagger (Perfected Slivers of the Null Arca)","The Maelstrom's Perfected Greatsword (Perfected Merciless Charge)"," ()","Quick Cloak","Cephaliarch's Flail","Pragmatic Fatecarver","Camouflaged Hunter","Shocking Banner (Class Flourish / Heroism)","Flawless Dawnbreaker","Inspired Scholarship","Stampede","Fulminating Rune","Resolving Vigor","Shocking Banner (Class Flourish / Heroism)","The Languid Eye"
"Maw of Lorkhaj","Trash Builds","https://www.esologs.com/reports/GtqMygpFzVX7a3Pf#fight=9&type=summary&source=2","@Pinkypink1972","Arthur Kensington Jr","herald-x-x-perfected-slivers-of-the-null-arca-spattering-disjunction","dps","Herald","x","x","Perfected Slivers of the Null Arca","Spattering Disjunction","82138.1","2184.9","36.5","82138.1 DPS","","Perfected Null Arca Helmet (Perfected Slivers of the Null Arca)","Spattering Disjunction Jack (Spattering Disjunction)","Slimecraw Arm Cops (Slimecraw)","Spattering Disjunction Bracers (Spattering Disjunction)","","Spattering Disjunction Guards (Spattering Disjunction)","Spattering Disjunction Boots (Spattering Disjunction)","","Perfected Null Arca Ring (Perfected Slivers of the Null Arca)","Perfected Null Arca Ring (Perfected Slivers of the Null Arca)","Perfected Null Arca Dagger (Perfected Slivers of the Null Arca)","Perfected Null Arca Dagger (Perfected Slivers of the Null Arca)","The Maelstrom's Perfected Greatsword (Perfected Merciless Charge)"," ()","Quick Cloak","Cephaliarch's Flail","Pragmatic Fatecarver","Camouflaged Hunter","Shocking Banner (Class Flourish / Heroism)","Flawless Dawnbreaker","Inspired Scholarship","Stampede","Fulminating Rune","Resolving Vigor","Shocking Banner (Class Flourish / Heroism)","The Languid Eye"
"Maw of Lorkhaj","Trash Builds","https://www.esologs.com/reports/GtqMygpFzVX7a3Pf#fight=9&type=summary&source=3","@Tommothy","Azno Naem","herald-x-x-perfected-slivers-of-the-null-arca-spattering-disjunction","dps","Herald","x","x","Spattering Disjunction","Perfected Slivers of the Null Arca","104411.2","3398.2","29.9","104411.2 DPS","","Spattering Disjunction Helmet (Spattering Disjunction)","Spattering Disjunction Jack (Spattering Disjunction)","Slimecraw Epaulets (Slimecraw)","Spattering Disjunction Bracers (Spattering Disjunction)","","Spattering Disjunction Guards (Spattering Disjunction)","Perfected Null Arca Boots (Perfected Slivers of the Null Arca)","","Perfected Null Arca Ring (Perfected Slivers of the Null Arca)","Perfected Null Arca Ring (Perfected Slivers of the Null Arca)","Perfected Null Arca Dagger (Perfected Slivers of the Null Arca)","Perfected Null Arca Dagger (Perfected Slivers of the Null Arca)","The Maelstrom's Inferno Staff (Crushing Wall)"," ()","Camouflaged Hunter","Quick Cloak","Cephaliarch's Flail","Pragmatic Fatecarver","Banner Bearer","Flawless Dawnbreaker","Shadow Silk","Elemental Blockade","Inspired Scholarship","Fulminating Rune","Banner Bearer","Elemental Rage"
"Maw of Lorkhaj","Trash Builds","https://www.esologs.com/reports/GtqMygpFzVX7a3Pf#fight=9&type=summary&source=3","@Tommothy","Azno Naem","herald-x-x-perfected-slivers-of-the-null-arca-spattering-disjunction","dps","Herald","x","x","Spattering Disjunction","Perfected Slivers of the Null Arca","71866.6","5871.4","23.8","71866.6 DPS","","Spattering Disjunction Helmet (Spattering Disjunction)","Spattering Disjunction Jack (Spattering Disjunction)","Slimecraw Epaulets (Slimecraw)","Spattering Disjunction Bracers (Spattering Disjunction)","","Spattering Disjunction Guards (Spattering Disjunction)","Perfected Null Arca Boots (Perfected Slivers of the Null Arca)","","Perfected Null Arca Ring (Perfected Slivers of the Null Arca)","Perfected Null Arca Ring (Perfected Slivers of the Null Arca)","Perfected Null Arca Dagger (Perfected Slivers of the Null Arca)","Perfected Null Arca Dagger (Perfected Slivers of the Null Arca)","The Maelstrom's Inferno Staff (Crushing Wall)"," ()","Camouflaged Hunter","Quick Cloak","Cephaliarch's Flail","Pragmatic Fatecarver","Banner Bearer","Flawless Dawnbreaker","Shadow Silk","Elemental Blockade","Inspired Scholarship","Fulminating Rune","Banner Bearer","Elemental Rage"
"Maw of Lorkhaj","Trash Builds","https://www.esologs.com/reports/4vJ9rfjmGMCVNWXg#fight=10&type=summary&source=5","@Faisal-11","Dreamcarver","herald-soldier-x-perfected-slivers-of-the-null-arca-spattering-disjunction","dps","Herald","Soldier","x","Spattering Disjunction","Perfected Slivers of the Null Arca","115806.4","6135.3","19.3","115806.4 DPS","The Thief","Slimecraw Guise (Slimecraw)","Spattering Disjunction Jack (Spattering Disjunction)","Perfected Null Arca Arm Cops (Perfected Slivers of the Null Arca)","Spattering Disjunction Bracers (Spattering Disjunction)","","Spattering Disjunction Guards (Spattering Disjunction)","Spattering Disjunction Boots (Spattering Disjunction)","","Perfected Null Arca Ring (Perfected Slivers of the Null Arca)","Perfected Null Arca Ring (Perfected Slivers of the Null Arca)","Perfected Null Arca Dagger (Perfected Slivers of the Null Arca)","Perfected Null Arca Dagger (Perfected Slivers of the Null Arca)","The Maelstrom's Perfected Greatsword (Perfected Merciless Charge)"," ()","Cephaliarch's Flail","Camouflaged Hunter","Barbed Trap","Pragmatic Fatecarver","Quick Cloak","Flawless Dawnbreaker","Stampede","Cruxweaver Armor","Camouflaged Hunter","Inspired Scholarship","Fulminating Rune","The Languid Eye"
"Maw of Lorkhaj","Trash Builds","https://www.esologs.com/reports/4vJ9rfjmGMCVNWXg#fight=10&type=summary&source=3","@Grimgohts","Arcgrim","herald-soldier-x-perfected-slivers-of-the-null-arca-spattering-disjunction","dps","Herald","Soldier","x","Spattering Disjunction","Perfected Slivers of the Null Arca","50566.7","4047.6","6.7","50566.7 DPS","","Slimecraw Guise (Slimecraw)","Spattering Disjunction Cuirass (Spattering Disjunction)","Perfected Null Arca Arm Cops (Perfected Slivers of the Null Arca)","Spattering Disjunction Bracers (Spattering Disjunction)","","Spattering Disjunction Guards (Spattering Disjunction)","Spattering Disjunction Boots (Spattering Disjunction)","","Perfected Null Arca Ring (Perfected Slivers of the Null Arca)","Perfected Null Arca Ring (Perfected Slivers of the Null Arca)","Perfected Null Arca Dagger (Perfected Slivers of the Null Arca)","Perfected Null Arca Dagger (Perfected Slivers of the Null Arca)","The Maelstrom's Inferno Staff (Crushing Wall)"," ()","Cephaliarch's Flail","Pragmatic Fatecarver","Barbed Trap","Quick Cloak","Banner Bearer","Dawnbreaker of Smiting","Inspired Scholarship","Impervious Runeward","Cruxweaver Armor","Fulminating Rune","Banner Bearer","The Languid Eye"
"Maw of Lorkhaj","Trash Builds","https://www.esologs.com/reports/4vJ9rfjmGMCVNWXg#fight=10&type=summary&source=79","@rinea","Zanjuna Kathal","herald-soldier-x-perfected-slivers-of-the-null-arca-spattering-disjunction","dps","Herald","Soldier","x","Spattering Disjunction","Perfected Slivers of the Null Arca","68412.4","2991.3","19.2","68412.4 DPS","","Slimecraw Mask (Slimecraw)","Spattering Disjunction Jack (Spattering Disjunction)","Spattering Disjunction Arm Cops (Spattering Disjunction)","Spattering Disjunction Bracers (Spattering Disjunction)","","Spattering Disjunction Guards (Spattering Disjunction)","Spattering Disjunction Boots (Spattering Disjunction)","","Perfected Null Arca Ring (Perfected Slivers of the Null Arca)","Perfected Null Arca Ring (Perfected Slivers of the Null Arca)","Perfected Null Arca Dagger (Perfected Slivers of the Null Arca)","Perfected Null Arca Dagger (Perfected Slivers of the Null Arca)","The Maelstrom's Inferno Staff (Crushing Wall)"," ()","Camouflaged Hunter","Quick Cloak","Cephaliarch's Flail","Pragmatic Fatecarver","Echoing Vigor","Flawless Dawnbreaker","Camouflaged Hunter","Fulminating Rune","Inspired Scholarship","Elemental Blockade","Cruxweaver Armor","The Languid Eye"
"Maw of Lorkhaj","Trash Builds","https://www.esologs.com/reports/4vJ9rfjmGMCVNWXg#fight=10&type=summary&source=4","@madchook","Dr Ori Toes","herald-soldier-x-perfected-slivers-of-the-null-arca-spattering-disjunction","dps","Herald","Soldier","x","Spattering Disjunction","Perfected Slivers of the Null Arca","66749.7","2640.4","27.3","66749.7 DPS","","Slimecraw Mask (Slimecraw)","Spattering Disjunction Jack (Spattering Disjunction)","Perfected Null Arca Arm Cops (Perfected Slivers of the Null Arca)","Spattering Disjunction Bracers (Spattering Disjunction)","","Spattering Disjunction Guards (Spattering Disjunction)","Spattering Disjunction Boots (Spattering Disjunction)","","Perfected Null Arca Ring (Perfected Slivers of the Null Arca)","Perfected Null Arca Ring (Perfected Slivers of the Null Arca)","Perfected Null Arca Dagger (Perfected Slivers of the Null Arca)","Perfected Null Arca Dagger (Perfected Slivers of the Null Arca)","The Maelstrom's Perfected Greatsword (Perfected Merciless Charge)"," ()","Barbed Trap","Cephaliarch's Flail","Pragmatic Fatecarver","Camouflaged Hunter","Quick Cloak","Flawless Dawnbreaker","Fulminating Rune","Inspired Scholarship","Stampede","Resolving Vigor","Cruxweaver Armor","The Languid Eye"
"Maw of Lorkhaj","Trash Builds","https://www.esologs.com/reports/4vJ9rfjmGMCVNWXg#fight=10&type=summary&source=4","@madchook","Dr Ori Toes","herald-soldier-x-perfected-slivers-of-the-null-arca-spattering-disjunction","dps","Herald","Soldier","x","Spattering Disjunction","Perfected Slivers of the Null Arca","78924.2","3888.4","28.5","78924.2 DPS","","Slimecraw Mask (Slimecraw)","Spattering Disjunction Jack (Spattering Disjunction)","Perfected Null Arca Arm Cops (Perfected Slivers of the Null Arca)","Spattering Disjunction Bracers (Spattering Disjunction)","","Spattering Disjunction Guards (Spattering Disjunction)","Spattering Disjunction Boots (Spattering Disjunction)","","Perfected Null Arca Ring (Perfected Slivers of the Null Arca)","Perfected Null Arca Ring (Perfected Slivers of the Null Arca)","Perfected Null Arca Dagger (Perfected Slivers of the Null Arca)","Perfected Null Arca Dagger (Perfected Slivers of the Null Arca)","The Maelstrom's Perfected Greatsword (Perfected Merciless Charge)"," ()","Barbed Trap","Cephaliarch's Flail","Pragmatic Fatecarver","Camouflaged Hunter","Quick Cloak","Flawless Dawnbreaker","Fulminating Rune","Inspired Scholarship","Stampede","Resolving Vigor","Cruxweaver Armor","The Languid Eye"
"Maw of Lorkhaj","Trash Builds","https://www.esologs.com/reports/4vJ9rfjmGMCVNWXg#fight=10&type=summary&source=5","@GogetaUi","hottiexenoverse","herald-soldier-x-perfected-slivers-of-the-null-arca-spattering-disjunction","dps","Herald","Soldier","x","Spattering Disjunction","Perfected Slivers of the Null Arca","72777.0","3318.6","15.8","72777.0 DPS","","Nerien'eth Mask (Nerien'eth)","Spattering Disjunction Jack (Spattering Disjunction)","Perfected Null Arca Arm Cops (Perfected Slivers of the Null Arca)","Spattering Disjunction Bracers (Spattering Disjunction)","","Spattering Disjunction Guards (Spattering Disjunction)","Spattering Disjunction Boots (Spattering Disjunction)","","Perfected Null Arca Ring (Perfected Slivers of the Null Arca)","Perfected Null Arca Ring (Perfected Slivers of the Null Arca)","Perfected Null Arca Dagger (Perfected Slivers of the Null Arca)","Perfected Null Arca Dagger (Perfected Slivers of the Null Arca)","The Maelstrom's Perfected Greatsword (Perfected Merciless Charge)"," ()","Banner Bearer","Quick Cloak","Camouflaged Hunter","Cephaliarch's Flail","Pragmatic Fatecarver","Flawless Dawnbreaker","Banner Bearer","Inspired Scholarship","Fulminating Rune","Stampede","Cruxweaver Armor","The Languid Eye"
"Maw of Lorkhaj","Trash Builds","https://www.esologs.com/reports/4vJ9rfjmGMCVNWXg#fight=10&type=summary&source=5","@GogetaUi","hottiexenoverse","herald-soldier-x-perfected-slivers-of-the-null-arca-spattering-disjunction","dps","Herald","Soldier","x","Spattering Disjunction","Perfected Slivers of the Null Arca","102102.2","2472.1","14.1","102102.2 DPS","","Nerien'eth Mask (Nerien'eth)","Spattering Disjunction Jack (Spattering Disjunction)","Perfected Null Arca Arm Cops (Perfected Slivers of the Null Arca)","Spattering Disjunction Bracers (Spattering Disjunction)","","Spattering Disjunction Guards (Spattering Disjunction)","Spattering Disjunction Boots (Spattering Disjunction)","","Perfected Null Arca Ring (Perfected Slivers of the Null Arca)","Perfected Null Arca Ring (Perfected Slivers of the Null Arca)","Perfected Null Arca Dagger (Perfected Slivers of the Null Arca)","Perfected Null Arca Dagger (Perfected Slivers of the Null Arca)","The Maelstrom's Perfected Greatsword (Perfected Merciless Charge)"," ()","Banner Bearer","Quick Cloak","Camouflaged Hunter","Cephaliarch's Flail","Pragmatic Fatecarver","Flawless Dawnbreaker","Banner Bearer","Inspired Scholarship","Fulminating Rune","Stampede","Cruxweaver Armor","The Languid Eye"
"Maw of Lorkhaj","Trash Builds","https://www.esologs.com/reports/JyQrTdKBkDjx64wR#fight=26&type=summary&source=3","@einjw","Etheta","dawn-spear-x-deadly-strike-perfected-sul-xans-torment","dps","Spear","Dawn","x","Deadly Strike","Perfected Sul-Xan's Torment","105253.7","205059.4","55.1","105253.7 DPS","","Slimecraw Guise (Slimecraw)","Deadly Jack (Deadly Strike)","Perfected Arm Cops of Sul-Xan's Torment (Perfected Sul-Xan's Torment)","Deadly Bracers (Deadly Strike)","","Deadly Guards (Deadly Strike)","Deadly Boots (Deadly Strike)","","Perfected Ring of Sul-Xan's Torment (Perfected Sul-Xan's Torment)","Perfected Ring of Sul-Xan's Torment (Perfected Sul-Xan's Torment)","Perfected Dagger of Sul-Xan's Torment (Perfected Sul-Xan's Torment)","Perfected Dagger of Sul-Xan's Torment (Perfected Sul-Xan's Torment)","The Maelstrom's Perfected Inferno Staff (Perfected Crushing Wall)"," ()","Biting Jabs","Whirling Blades","Radiant Oppression","Blazing Spear","Camouflaged Hunter","Flawless Dawnbreaker","Elemental Blockade","Anti-Cavalry Caltrops","Ritual of Retribution","Solar Barrage","Proximity Detonation","Shooting Star"
"Maw of Lorkhaj","Trash Builds","https://www.esologs.com/reports/JyQrTdKBkDjx64wR#fight=26&type=summary&source=3","@einjw","Etheta","dawn-spear-x-deadly-strike-perfected-sul-xans-torment","dps","Spear","Dawn","x","Deadly Strike","Perfected Sul-Xan's Torment","61297.6","7689.0","64.9","61297.6 DPS","","Slimecraw Guise (Slimecraw)","Deadly Jack (Deadly Strike)","Perfected Arm Cops of Sul-Xan's Torment (Perfected Sul-Xan's Torment)","Deadly Bracers (Deadly Strike)","","Deadly Guards (Deadly Strike)","Deadly Boots (Deadly Strike)","","Perfected Ring of Sul-Xan's Torment (Perfected Sul-Xan's Torment)","Perfected Ring of Sul-Xan's Torment (Perfected Sul-Xan's Torment)","Perfected Dagger of Sul-Xan's Torment (Perfected Sul-Xan's Torment)","Perfected Dagger of Sul-Xan's Torment (Perfected Sul-Xan's Torment)","The Maelstrom's Perfected Inferno Staff (Perfected Crushing Wall)"," ()","Biting Jabs","Whirling Blades","Radiant Oppression","Blazing Spear","Camouflaged Hunter","Flawless Dawnbreaker","Elemental Blockade","Anti-Cavalry Caltrops","Ritual of Retribution","Solar Barrage","Proximity Detonation","Shooting Star"
"Maw of Lorkhaj","Trash Builds","https://www.esologs.com/reports/JyQrTdKBkDjx64wR#fight=26&type=summary&source=5","@aeonsjenni","Nëstra","dawn-spear-x-deadly-strike-perfected-sul-xans-torment","dps","Spear","Dawn","x","Perfected Sul-Xan's Torment","Deadly Strike","75932.0","5980.2","102.3","75932.0 DPS","","Slimecraw Guise (Slimecraw)","Perfected Jack of Sul-Xan's Torment (Perfected Sul-Xan's Torment)","Deadly Arm Cops (Deadly Strike)","Perfected Bracers of Sul-Xan's Torment (Perfected Sul-Xan's Torment)","","Perfected Guards of Sul-Xan's Torment (Perfected Sul-Xan's Torment)","Perfected Boots of Sul-Xan's Torment (Perfected Sul-Xan's Torment)","","Deadly Ring (Deadly Strike)","Deadly Ring (Deadly Strike)","Deadly Dagger (Deadly Strike)","Deadly Dagger (Deadly Strike)","The Maelstrom's Perfected Inferno Staff (Perfected Crushing Wall)"," ()","Camouflaged Hunter","Radiant Glory","Power of the Light","Quick Cloak","Biting Jabs","Flawless Dawnbreaker","Blockade of Fire","Anti-Cavalry Caltrops","Proximity Detonation","Solar Barrage","Ritual of Retribution","Shooting Star"
"Maw of Lorkhaj","Trash Builds","https://www.esologs.com/reports/JyQrTdKBkDjx64wR#fight=26&type=summary&source=5","@aeonsjenni","Nëstra","dawn-spear-x-deadly-strike-perfected-sul-xans-torment","dps","Spear","Dawn","x","Perfected Sul-Xan's Torment","Deadly Strike","80395.1","6786.3","71.8","80395.1 DPS","","Slimecraw Guise (Slimecraw)","Perfected Jack of Sul-Xan's Torment (Perfected Sul-Xan's Torment)","Deadly Arm Cops (Deadly Strike)","Perfected Bracers of Sul-Xan's Torment (Perfected Sul-Xan's Torment)","","Perfected Guards of Sul-Xan's Torment (Perfected Sul-Xan's Torment)","Perfected Boots of Sul-Xan's Torment (Perfected Sul-Xan's Torment)","","Deadly Ring (Deadly Strike)","Deadly Ring (Deadly Strike)","Deadly Dagger (Deadly Strike)","Deadly Dagger (Deadly Strike)","The Maelstrom's Perfected Inferno Staff (Perfected Crushing Wall)"," ()","Camouflaged Hunter","Radiant Glory","Power of the Light","Quick Cloak","Biting Jabs","Flawless Dawnbreaker","Blockade of Fire","Anti-Cavalry Caltrops","Proximity Detonation","Solar Barrage","Ritual of Retribution","Shooting Star"
"Maw of Lorkhaj","Trash Builds","https://www.esologs.com/reports/JyQrTdKBkDjx64wR#fight=26&type=summary&source=10","@Ailce.tup","Sannah River","dawn-spear-x-deadly-strike-perfected-sul-xans-torment","dps","Spear","Dawn","x","Perfected Sul-Xan's Torment","Deadly Strike","73186.2","8455.9","62.1","73186.2 DPS","","Slimecraw Guise (Slimecraw)","Perfected Jack of Sul-Xan's Torment (Perfected Sul-Xan's Torment)","Deadly Arm Cops (Deadly Strike)","Deadly Bracers (Deadly Strike)","","Deadly Guards (Deadly Strike)","Perfected Boots of Sul-Xan's Torment (Perfected Sul-Xan's Torment)","","Perfected Ring of Sul-Xan's Torment (Perfected Sul-Xan's Torment)","Perfected Ring of Sul-Xan's Torment (Perfected Sul-Xan's Torment)","Deadly Dagger (Deadly Strike)","Deadly Dagger (Deadly Strike)","The Maelstrom's Perfected Greatsword (Perfected Merciless Charge)"," ()","Quick Cloak","Biting Jabs","Radiant Glory","Camouflaged Hunter","Blazing Spear","Flawless Dawnbreaker","Solar Barrage","Ritual of Retribution","Stampede","Mystic Orb","Vampire's Bane","Onslaught"
"Maw of Lorkhaj","Trash Builds","https://www.esologs.com/reports/JyQrTdKBkDjx64wR#fight=26&type=summary&source=10","@Ailce.tup","Sannah River","dawn-spear-x-deadly-strike-perfected-sul-xans-torment","dps","Spear","Dawn","x","Perfected Sul-Xan's Torment","Deadly Strike","111333.2","10790.5","34.6","111333.2 DPS","The Thief","Slimecraw Guise (Slimecraw)","Perfected Jack of Sul-Xan's Torment (Perfected Sul-Xan's Torment)","Deadly Arm Cops (Deadly Strike)","Deadly Bracers (Deadly Strike)","","Deadly Guards (Deadly Strike)","Perfected Boots of Sul-Xan's Torment (Perfected Sul-Xan's Torment)","","Perfected Ring of Sul-Xan's Torment (Perfected Sul-Xan's Torment)","Perfected Ring of Sul-Xan's Torment (Perfected Sul-Xan's Torment)","Deadly Dagger (Deadly Strike)","Deadly Dagger (Deadly Strike)","The Maelstrom's Perfected Greatsword (Perfected Merciless Charge)"," ()","Quick Cloak","Biting Jabs","Radiant Glory","Camouflaged Hunter","Blazing Spear","Flawless Dawnbreaker","Solar Barrage","Ritual of Retribution","Stampede","Mystic Orb","Vampire's Bane","Onslaught"
"Maw of Lorkhaj","Trash Builds","https://www.esologs.com/reports/GtqMygpFzVX7a3Pf#fight=9&type=summary&source=2","@Untaunted","Dusk Blade","ass-shadow-siphon-perfected-sul-xans-torment-tide-born-wildstalker","dps","Ass","Shadow","Siphon","Tide-Born Wildstalker","Perfected Sul-Xan's Torment","55602.2","6205.5","74.6","55602.2 DPS","","Slimecraw Guise (Slimecraw)","Tide-Born Jack (Tide-Born Wildstalker)","Tide-Born Arm Cops (Tide-Born Wildstalker)","Tide-Born Bracers (Tide-Born Wildstalker)","","Tide-Born Guards (Tide-Born Wildstalker)","Perfected Boots of Sul-Xan's Torment (Perfected Sul-Xan's Torment)","","Perfected Ring of Sul-Xan's Torment (Perfected Sul-Xan's Torment)","Perfected Ring of Sul-Xan's Torment (Perfected Sul-Xan's Torment)","Perfected Dagger of Sul-Xan's Torment (Perfected Sul-Xan's Torment)","Perfected Dagger of Sul-Xan's Torment (Perfected Sul-Xan's Torment)","The Maelstrom's Perfected Inferno Staff (Perfected Crushing Wall)"," ()","Shadowy Disguise","Relentless Focus","Power Extraction","Whirling Blades","Lotus Fan","Incapacitating Strike","Dark Shade","Twisting Path","Blockade of Fire","Proximity Detonation","Siphoning Attacks","Shooting Star"
"Maw of Lorkhaj","Trash Builds","https://www.esologs.com/reports/GtqMygpFzVX7a3Pf#fight=9&type=summary&source=2","@Untaunted","Dusk Blade","ass-shadow-siphon-perfected-sul-xans-torment-tide-born-wildstalker","dps","Ass","Shadow","Siphon","Tide-Born Wildstalker","Perfected Sul-Xan's Torment","72088.3","5078.0","70.3","72088.3 DPS","","Slimecraw Guise (Slimecraw)","Tide-Born Jack (Tide-Born Wildstalker)","Tide-Born Arm Cops (Tide-Born Wildstalker)","Tide-Born Bracers (Tide-Born Wildstalker)","","Tide-Born Guards (Tide-Born Wildstalker)","Perfected Boots of Sul-Xan's Torment (Perfected Sul-Xan's Torment)","","Perfected Ring of Sul-Xan's Torment (Perfected Sul-Xan's Torment)","Perfected Ring of Sul-Xan's Torment (Perfected Sul-Xan's Torment)","Perfected Dagger of Sul-Xan's Torment (Perfected Sul-Xan's Torment)","Perfected Dagger of Sul-Xan's Torment (Perfected Sul-Xan's Torment)","The Maelstrom's Perfected Inferno Staff (Perfected Crushing Wall)"," ()","Shadowy Disguise","Relentless Focus","Power Extraction","Whirling Blades","Lotus Fan","Incapacitating Strike","Dark Shade","Twisting Path","Blockade of Fire","Proximity Detonation","Siphoning Attacks","Shooting Star"
"Maw of Lorkhaj","Trash Builds","https://www.esologs.com/reports/GtqMygpFzVX7a3Pf#fight=9&type=summary&source=10","@Scartha_Morin","Rhémi","ass-shadow-siphon-perfected-sul-xans-torment-tide-born-wildstalker","dps","Ass","Shadow","Siphon","Perfected Sul-Xan's Torment","Tide-Born Wildstalker","69245.9","2084.0","74.1","69245.9 DPS","","Slimecraw Guise (Slimecraw)","Perfected Jack of Sul-Xan's Torment (Perfected Sul-Xan's Torment)","Perfected Arm Cops of Sul-Xan's Torment (Perfected Sul-Xan's Torment)","Perfected Bracers of Sul-Xan's Torment (Perfected Sul-Xan's Torment)","","Tide-Born Guards (Tide-Born Wildstalker)","Perfected Boots of Sul-Xan's Torment (Perfected Sul-Xan's Torment)","","Tide-Born Ring (Tide-Born Wildstalker)","Tide-Born Ring (Tide-Born Wildstalker)","Tide-Born Dagger (Tide-Born Wildstalker)","Tide-Born Dagger (Tide-Born Wildstalker)","The Maelstrom's Greatsword (Merciless Charge)"," ()","Quick Cloak","Whirling Blades","Power Extraction","Anti-Cavalry Caltrops","Camouflaged Hunter","Incapacitating Strike","Stampede","Shadowy Disguise","Ulfsild's Contingency","Siphoning Attacks","Camouflaged Hunter","Incapacitating Strike"
"Maw of Lorkhaj","Trash Builds","https://www.esologs.com/reports/GtqMygpFzVX7a3Pf#fight=9&type=summary&source=10","@Scartha_Morin","Rhémi","ass-shadow-siphon-perfected-sul-xans-torment-tide-born-wildstalker","dps","Ass","Shadow","Siphon","Perfected Sul-Xan's Torment","Tide-Born Wildstalker","40847.7","2130.5","65.4","40847.7 DPS","","Slimecraw Guise (Slimecraw)","Perfected Jack of Sul-Xan's Torment (Perfected Sul-Xan's Torment)","Perfected Arm Cops of Sul-Xan's Torment (Perfected Sul-Xan's Torment)","Perfected Bracers of Sul-Xan's Torment (Perfected Sul-Xan's Torment)","","Tide-Born Guards (Tide-Born Wildstalker)","Perfected Boots of Sul-Xan's Torment (Perfected Sul-Xan's Torment)","","Tide-Born Ring (Tide-Born Wildstalker)","Tide-Born Ring (Tide-Born Wildstalker)","Tide-Born Dagger (Tide-Born Wildstalker)","Tide-Born Dagger (Tide-Born Wildstalker)","The Maelstrom's Greatsword (Merciless Charge)"," ()","Quick Cloak","Whirling Blades","Power Extraction","Anti-Cavalry Caltrops","Camouflaged Hunter","Incapacitating Strike","Stampede","Shadowy Disguise","Ulfsild's Contingency","Siphoning Attacks","Camouflaged Hunter","Incapacitating Strike"
"Maw of Lorkhaj","Trash Builds","https://www.esologs.com/reports/GtqMygpFzVX7a3Pf#fight=9&type=summary&source=87","@lHawk","Vadosha","ass-shadow-siphon-perfected-sul-xans-torment-tide-born-wildstalker","dps","Ass","Shadow","Siphon","Tide-Born Wildstalker","Perfected Sul-Xan's Torment","93221.9","7986.0","77.3","93221.9 DPS","","Tide-Born Helmet (Tide-Born Wildstalker)","Perfected Jack of Sul-Xan's Torment (Perfected Sul-Xan's Torment)","Slimecraw Epaulets (Slimecraw)","Perfected Bracers of Sul-Xan's Torment (Perfected Sul-Xan's Torment)","","Perfected Guards of Sul-Xan's Torment (Perfected Sul-Xan's Torment)","Perfected Boots of Sul-Xan's Torment (Perfected Sul-Xan's Torment)","","Tide-Born Ring (Tide-Born Wildstalker)","Tide-Born Ring (Tide-Born Wildstalker)","Tide-Born Dagger (Tide-Born Wildstalker)","Tide-Born Dagger (Tide-Born Wildstalker)","The Maelstrom's Perfected Greatsword (Perfected Merciless Charge)"," ()","Whirling Blades","Killer's Blade","Surprise Attack","Deadly Cloak","Merciless Resolve","Incapacitating Strike","Stampede","Blood Mist","Shadowy Disguise","Dark Shade","Siphoning Attacks","Flawless Dawnbreaker"
"Maw of Lorkhaj","Trash Builds","https://www.esologs.com/reports/GtqMygpFzVX7a3Pf#fight=9&type=summary&source=13","@PaganPandas","Harassin Assassin","ass-shadow-siphon-perfected-sul-xans-torment-tide-born-wildstalker","dps","Ass","Shadow","Siphon","Perfected Sul-Xan's Torment","Tide-Born Wildstalker","52986.3","8435.9","65.1","52986.3 DPS","","Slimecraw Guise (Slimecraw)","Perfected Jack of Sul-Xan's Torment (Perfected Sul-Xan's Torment)","Perfected Arm Cops of Sul-Xan's Torment (Perfected Sul-Xan's Torment)","Perfected Bracers of Sul-Xan's Torment (Perfected Sul-Xan's Torment)","","Perfected Guards of Sul-Xan's Torment (Perfected Sul-Xan's Torment)","Tide-Born Boots (Tide-Born Wildstalker)","","Tide-Born Ring (Tide-Born Wildstalker)","Tide-Born Ring (Tide-Born Wildstalker)","Tide-Born Dagger (Tide-Born Wildstalker)","Tide-Born Dagger (Tide-Born Wildstalker)","The Maelstrom's Perfected Inferno Staff (Perfected Crushing Wall)"," ()","Power Extraction","Dark Shade","Whirling Blades","Quick Cloak","Merciless Resolve","Incapacitating Strike","Unstable Wall of Elements","Ulfsild's Contingency","Blood Mist","Shadowy Disguise","Echoing Vigor","Elemental Rage"
