"Trial Name","Boss Name","ESO Logs Player Link","Player Handle","Character Name","Build Slug","Role","Subclass 1","Subclass 2","Subclass 3","Signature Set 1","Signature Set 2","DPS","HPS","CPM","Primary Metric","Mundus Stone","Gear: Head","Gear: Chest","Gear: Shoulders","Gear: Hands","Gear: Waist","Gear: Legs","Gear: Feet","Gear: Necklace","Gear: Ring1","Gear: Ring2","Gear: Main_Hand","Gear: Off_Hand","Gear: Backup_Main_Hand","Gear: Backup_Off_Hand","Bar 1 Ability 1","Bar 1 Ability 2","Bar 1 Ability 3","Bar 1 Ability 4","Bar 1 Ability 5","Bar 1 Ability 6","Bar 2 Ability 1","Bar 2 Ability 2","Bar 2 Ability 3","Bar 2 Ability 4","Bar 2 Ability 5","Bar 2 Ability 6"
"Ossein Cage","Red Witch Gedna Relvel","https://www.esologs.com/reports/3vP9hfTWVC182tJM#fight=37&type=summary&source=10","@PartialEthos","Schmethos","herald-soldier-x-mechanical-acuity-perfected-slivers-of-the-null-arca","dps","Herald","Soldier","x","Mechanical Acuity","Perfected Slivers of the Null Arca","175733.5","5031.5","68.5","175733.5 DPS","","Balorgh Mask (Balorgh)","Jack of Mechanical Acuity (Mechanical Acuity)","Perfected Null Arca Arm Cops (Perfected Slivers of the Null Arca)","Perfected Null Arca Bracers (Perfected Slivers of the Null Arca)","","Perfected Null Arca Guards (Perfected Slivers of the Null Arca)","Perfected Null Arca Boots (Perfected Slivers of the Null Arca)","","Ring of Mechanical Acuity (Mechanical Acuity)","Ring of Mechanical Acuity (Mechanical Acuity)","Sword of Mechanical Acuity (Mechanical Acuity)","Sword of Mechanical Acuity (Mechanical Acuity)","The Maelstrom's Perfected Greatsword (Perfected Merciless Charge)"," ()","Escalating Runeblades","Pragmatic Fatecarver","Quick Cloak","Barbed Trap","Heroic Torch","Flawless Dawnbreaker","Stampede","Magical Burst","Tentacular Dread","Inspired Scholarship","Cruxweaver Armor","The Languid Eye"
"Ossein Cage","Red Witch Gedna Relvel","https://www.esologs.com/reports/3vP9hfTWVC182tJM#fight=37&type=summary&source=4","@BallTongue_o","Balltongue","herald-soldier-x-mechanical-acuity-perfected-slivers-of-the-null-arca","dps","Herald","Soldier","x","Mechanical Acuity","Perfected Slivers of the Null Arca","250740.1","10103.8","30.1","250740.1 DPS","","Balorgh Mask (Balorgh)","Jack of Mechanical Acuity (Mechanical Acuity)","Perfected Null Arca Arm Cops (Perfected Slivers of the Null Arca)","Perfected Null Arca Bracers (Perfected Slivers of the Null Arca)","","Perfected Null Arca Guards (Perfected Slivers of the Null Arca)","Perfected Null Arca Boots (Perfected Slivers of the Null Arca)","","Ring of Mechanical Acuity (Mechanical Acuity)","Ring of Mechanical Acuity (Mechanical Acuity)","Sword of Mechanical Acuity (Mechanical Acuity)","Sword of Mechanical Acuity (Mechanical Acuity)","The Maelstrom's Perfected Inferno Staff (Perfected Crushing Wall)"," ()","Pragmatic Fatecarver","Barbed Trap","Quick Cloak","Cephaliarch's Flail","Camouflaged Hunter","Flawless Dawnbreaker","Elemental Blockade","Inspired Scholarship","Fulminating Rune","Sundering Burst","Cruxweaver Armor","The Languid Eye"
"Ossein Cage","Red Witch Gedna Relvel","https://www.esologs.com/reports/3vP9hfTWVC182tJM#fight=37&type=summary&source=12","@Narathzul1","Zęlárá","herald-soldier-x-mechanical-acuity-perfected-slivers-of-the-null-arca","dps","Herald","Soldier","x","Perfected Slivers of the Null Arca","Mechanical Acuity","280165.2","7286.5","37.7","280165.2 DPS","The Thief","Huntsman's Warmask (Huntsman's Warmask)","Perfected Null Arca Jack (Perfected Slivers of the Null Arca)","Ansuul's Perfected Arm Cops (Perfected Ansuul's Torment)","Bracers of Mechanical Acuity (Mechanical Acuity)","","Guards of Mechanical Acuity (Mechanical Acuity)","Boots of Mechanical Acuity (Mechanical Acuity)","","Perfected Null Arca Ring (Perfected Slivers of the Null Arca)","Perfected Null Arca Ring (Perfected Slivers of the Null Arca)","Greatsword of Mechanical Acuity (Mechanical Acuity)"," ()","The Maelstrom's Perfected Greatsword (Perfected Merciless Charge)"," ()","Quick Cloak","Camouflaged Hunter","Executioner","Escalating Runeblades","Pragmatic Fatecarver","Flawless Dawnbreaker","Cruxweaver Armor","Inspired Scholarship","Tentacular Dread","Stampede","Magical Burst","The Languid Eye"
"Ossein Cage","Red Witch Gedna Relvel","https://www.esologs.com/reports/3vP9hfTWVC182tJM#fight=37&type=summary&source=4","@MagiiC_One","Jeánne d Arc","herald-soldier-x-mechanical-acuity-perfected-slivers-of-the-null-arca","dps","Herald","Soldier","x","Perfected Slivers of the Null Arca","Mechanical Acuity","201685.4","6470.6","28.0","201685.4 DPS","","Balorgh Mask (Balorgh)","Perfected Null Arca Jack (Perfected Slivers of the Null Arca)","Perfected Null Arca Arm Cops (Perfected Slivers of the Null Arca)","Bracers of Mechanical Acuity (Mechanical Acuity)","","Perfected Null Arca Guards (Perfected Slivers of the Null Arca)","Boots of Mechanical Acuity (Mechanical Acuity)","","Perfected Null Arca Ring (Perfected Slivers of the Null Arca)","Perfected Null Arca Ring (Perfected Slivers of the Null Arca)","Sword of Mechanical Acuity (Mechanical Acuity)","Sword of Mechanical Acuity (Mechanical Acuity)","The Maelstrom's Perfected Greatsword (Perfected Merciless Charge)"," ()","Quick Cloak","Banner Bearer","Camouflaged Hunter","Cephaliarch's Flail","Pragmatic Fatecarver","Flawless Dawnbreaker","Magical Burst","Banner Bearer","Inspired Scholarship","Stampede","Cruxweaver Armor","The Languid Eye"
"Ossein Cage","Red Witch Gedna Relvel","https://www.esologs.com/reports/3vP9hfTWVC182tJM#fight=37&type=summary&source=3","@ASSA-Zz","Crispy Crux","herald-soldier-x-mechanical-acuity-perfected-slivers-of-the-null-arca","dps","Herald","Soldier","x","Perfected Slivers of the Null Arca","Mechanical Acuity","207713.3","8654.8","32.0","207713.3 DPS","","Balorgh Mask (Balorgh)","Perfected Null Arca Jack (Perfected Slivers of the Null Arca)","Perfected Null Arca Arm Cops (Perfected Slivers of the Null Arca)","Bracers of Mechanical Acuity (Mechanical Acuity)","","Perfected Null Arca Guards (Perfected Slivers of the Null Arca)","Boots of Mechanical Acuity (Mechanical Acuity)","","Perfected Null Arca Ring (Perfected Slivers of the Null Arca)","Perfected Null Arca Ring (Perfected Slivers of the Null Arca)","Sword of Mechanical Acuity (Mechanical Acuity)","Sword of Mechanical Acuity (Mechanical Acuity)","The Maelstrom's Perfected Greatsword (Perfected Merciless Charge)"," ()","Quick Cloak","Cephaliarch's Flail","Barbed Trap","Pragmatic Fatecarver","Camouflaged Hunter","Flawless Dawnbreaker","Stampede","Magical Burst","Cruxweaver Armor","Inspired Scholarship","Scalding Rune","The Languid Eye"
"Ossein Cage","Red Witch Gedna Relvel","https://www.esologs.com/reports/3vP9hfTWVC182tJM#fight=37&type=summary&source=11","@Plada","Tvoya Trevognostb","herald-soldier-x-mechanical-acuity-perfected-slivers-of-the-null-arca","dps","Herald","Soldier","x","Perfected Slivers of the Null Arca","Mechanical Acuity","258993.3","25814.4","33.6","258993.3 DPS","","Balorgh Mask (Balorgh)","Perfected Null Arca Jack (Perfected Slivers of the Null Arca)","Arm Cops of Mechanical Acuity (Mechanical Acuity)","Perfected Null Arca Bracers (Perfected Slivers of the Null Arca)","","Perfected Null Arca Guards (Perfected Slivers of the Null Arca)","Perfected Null Arca Boots (Perfected Slivers of the Null Arca)","","Ring of Mechanical Acuity (Mechanical Acuity)","Ring of Mechanical Acuity (Mechanical Acuity)","Sword of Mechanical Acuity (Mechanical Acuity)","Sword of Mechanical Acuity (Mechanical Acuity)","The Maelstrom's Perfected Greatsword (Perfected Merciless Charge)"," ()","Barbed Trap","Cephaliarch's Flail","Pragmatic Fatecarver","Quick Cloak","Camouflaged Hunter","Flawless Dawnbreaker","Stampede","Magical Burst","Inspired Scholarship","Cruxweaver Armor","Camouflaged Hunter","The Languid Eye"
"Ossein Cage","Red Witch Gedna Relvel","https://www.esologs.com/reports/3vP9hfTWVC182tJM#fight=37&type=summary&source=7","@Water_meIon","Honeydew-melón","herald-soldier-x-mechanical-acuity-perfected-slivers-of-the-null-arca","dps","Herald","Soldier","x","Perfected Slivers of the Null Arca","Mechanical Acuity","218387.1","8617.0","51.5","218387.1 DPS","","Balorgh Mask (Balorgh)","Perfected Null Arca Jack (Perfected Slivers of the Null Arca)","Perfected Null Arca Arm Cops (Perfected Slivers of the Null Arca)","Perfected Null Arca Bracers (Perfected Slivers of the Null Arca)","","Perfected Null Arca Guards (Perfected Slivers of the Null Arca)","Boots of Mechanical Acuity (Mechanical Acuity)","","Ring of Mechanical Acuity (Mechanical Acuity)","Ring of Mechanical Acuity (Mechanical Acuity)","Sword of Mechanical Acuity (Mechanical Acuity)","Sword of Mechanical Acuity (Mechanical Acuity)","The Maelstrom's Perfected Greatsword (Perfected Merciless Charge)"," ()","Cephaliarch's Flail","Pragmatic Fatecarver","Camouflaged Hunter","Quick Cloak","Barbed Trap","Flawless Dawnbreaker","Stampede","Cruxweaver Armor","Magical Burst (Anchorite's Cruelty / Courage)","Inspired Scholarship","Proximity Detonation","The Languid Eye"
"Ossein Cage","Red Witch Gedna Relvel","https://www.esologs.com/reports/3vP9hfTWVC182tJM#fight=37&type=summary&source=2","@RoyalTonberry","Better Than A Companion","herald-soldier-x-mechanical-acuity-perfected-slivers-of-the-null-arca","dps","Herald","Soldier","x","Perfected Slivers of the Null Arca","Mechanical Acuity","227288.0","15924.7","42.9","227288.0 DPS","","Slimecraw Mask (Slimecraw)","Perfected Null Arca Jack (Perfected Slivers of the Null Arca)","Arm Cops of Mechanical Acuity (Mechanical Acuity)","Perfected Null Arca Bracers (Perfected Slivers of the Null Arca)","","Perfected Null Arca Guards (Perfected Slivers of the Null Arca)","Perfected Null Arca Boots (Perfected Slivers of the Null Arca)","","Ring of Mechanical Acuity (Mechanical Acuity)","Ring of Mechanical Acuity (Mechanical Acuity)","Sword of Mechanical Acuity (Mechanical Acuity)","Sword of Mechanical Acuity (Mechanical Acuity)","The Maelstrom's Perfected Inferno Staff (Perfected Crushing Wall)"," ()","Quick Cloak","Pragmatic Fatecarver","Camouflaged Hunter","Cephaliarch's Flail","Barbed Trap","Flawless Dawnbreaker","Cruxweaver Armor","Fulminating Rune","Blockade of Fire","Bloody Burst (Anchorite's Cruelty / Expedition)","Inspired Scholarship","The Languid Eye"
"Ossein Cage","Red Witch Gedna Relvel","https://www.esologs.com/reports/3vP9hfTWVC182tJM#fight=37&type=summary&source=6","@DreamTheater74","The Glass Prison","herald-soldier-x-mechanical-acuity-perfected-slivers-of-the-null-arca","dps","Herald","Soldier","x","Perfected Slivers of the Null Arca","Mechanical Acuity","236790.9","7656.9","42.9","236790.9 DPS","","Balorgh Mask (Balorgh)","Perfected Null Arca Jack (Perfected Slivers of the Null Arca)","Balorgh Arm Cops (Balorgh)","Perfected Null Arca Bracers (Perfected Slivers of the Null Arca)","","Perfected Null Arca Guards (Perfected Slivers of the Null Arca)","Perfected Null Arca Boots (Perfected Slivers of the Null Arca)","","Ring of Mechanical Acuity (Mechanical Acuity)","Ring of Mechanical Acuity (Mechanical Acuity)","Sword of Mechanical Acuity (Mechanical Acuity)","Sword of Mechanical Acuity (Mechanical Acuity)","The Maelstrom's Perfected Greatsword (Perfected Merciless Charge)"," ()","Pragmatic Fatecarver","Quick Cloak","Cephaliarch's Flail","Camouflaged Hunter","Barbed Trap","Flawless Dawnbreaker","Fulminating Rune","Inspired Scholarship","Stampede","Cruxweaver Armor","Echoing Vigor","The Languid Eye"
"Ossein Cage","Red Witch Gedna Relvel","https://www.esologs.com/reports/3vP9hfTWVC182tJM#fight=37&type=summary&source=4","@ImperfectPitch","M'zuraar","herald-soldier-x-mechanical-acuity-perfected-slivers-of-the-null-arca","dps","Herald","Soldier","x","Perfected Slivers of the Null Arca","Mechanical Acuity","244805.3","13117.9","42.9","244805.3 DPS","","Balorgh Mask (Balorgh)","Perfected Null Arca Jack (Perfected Slivers of the Null Arca)","Arm Cops of Mechanical Acuity (Mechanical Acuity)","Perfected Null Arca Bracers (Perfected Slivers of the Null Arca)","","Perfected Null Arca Guards (Perfected Slivers of the Null Arca)","Perfected Null Arca Boots (Perfected Slivers of the Null Arca)","","Ring of Mechanical Acuity (Mechanical Acuity)","Ring of Mechanical Acuity (Mechanical Acuity)","Sword of Mechanical Acuity (Mechanical Acuity)","Sword of Mechanical Acuity (Mechanical Acuity)","The Maelstrom's Perfected Greatsword (Perfected Merciless Charge)"," ()","Quick Cloak","Camouflaged Hunter","Cephaliarch's Flail","Pragmatic Fatecarver","Shocking Banner (Cavalier's Charge / Courage)","Flawless Dawnbreaker","Stampede","Cruxweaver Armor","Inspired Scholarship","Pestilent Burst (Anchorite's Cruelty / Expedition)","Shocking Banner (Cavalier's Charge / Courage)","The Languid Eye"
"Ossein Cage","Red Witch Gedna Relvel","https://www.esologs.com/reports/3vP9hfTWVC182tJM#fight=37&type=summary&source=4","@DazZzen","Daz Beam with zero cpm","herald-x-x-mechanical-acuity-perfected-yandirs-might","dps","Herald","x","x","Mechanical Acuity","Perfected Yandir's Might","231374.0","5648.5","32.2","231374.0 DPS","","Balorgh Mask (Balorgh)","Jack of Mechanical Acuity (Mechanical Acuity)","Balorgh Arm Cops (Balorgh)","Yandir's Perfected Bracers (Perfected Yandir's Might)","","Yandir's Perfected Guards (Perfected Yandir's Might)","Yandir's Perfected Boots (Perfected Yandir's Might)","","Ring of Mechanical Acuity (Mechanical Acuity)","Ring of Mechanical Acuity (Mechanical Acuity)","Sword of Mechanical Acuity (Mechanical Acuity)","Sword of Mechanical Acuity (Mechanical Acuity)","The Maelstrom's Perfected Inferno Staff (Perfected Crushing Wall)"," ()","Quick Cloak","Camouflaged Hunter","Pragmatic Fatecarver","Escalating Runeblades","Fulminating Rune","Flawless Dawnbreaker","Proximity Detonation","Elemental Blockade","Tentacular Dread","Inspired Scholarship","Magical Burst","The Languid Eye"
"Ossein Cage","Red Witch Gedna Relvel","https://www.esologs.com/reports/3vP9hfTWVC182tJM#fight=37&type=summary&source=11","@itsTraka","Trakarc","herald-x-x-mechanical-acuity-perfected-yandirs-might","dps","Herald","x","x","Mechanical Acuity","Perfected Yandir's Might","201511.5","43721.4","32.1","201511.5 DPS","","Balorgh Mask (Balorgh)","Jack of Mechanical Acuity (Mechanical Acuity)","Ansuul's Perfected Arm Cops (Perfected Ansuul's Torment)","Bracers of Mechanical Acuity (Mechanical Acuity)","","Yandir's Perfected Guards (Perfected Yandir's Might)","Yandir's Perfected Boots (Perfected Yandir's Might)","","Yandir's Perfected Ring (Perfected Yandir's Might)","Yandir's Perfected Ring (Perfected Yandir's Might)","Sword of Mechanical Acuity (Mechanical Acuity)","Sword of Mechanical Acuity (Mechanical Acuity)","The Maelstrom's Perfected Greatsword (Perfected Merciless Charge)"," ()","Pragmatic Fatecarver","Cephaliarch's Flail","Barbed Trap","Quick Cloak","Banner Bearer","Flawless Dawnbreaker","Stampede","Fulminating Rune","Magical Burst","Inspired Scholarship","Banner Bearer","The Languid Eye"
"Ossein Cage","Red Witch Gedna Relvel","https://www.esologs.com/reports/3vP9hfTWVC182tJM#fight=37&type=summary&source=6","@AlproVanille","Lylith Elendis","herald-x-x-mechanical-acuity-perfected-yandirs-might","dps","Herald","x","x","Mechanical Acuity","Perfected Yandir's Might","237917.1","10570.9","44.0","237917.1 DPS","","Balorgh Mask (Balorgh)","Jack of Mechanical Acuity (Mechanical Acuity)","Balorgh Arm Cops (Balorgh)","Yandir's Perfected Bracers (Perfected Yandir's Might)","","Guards of Mechanical Acuity (Mechanical Acuity)","Boots of Mechanical Acuity (Mechanical Acuity)","","Yandir's Perfected Ring (Perfected Yandir's Might)","Yandir's Perfected Ring (Perfected Yandir's Might)","Sword of Mechanical Acuity (Mechanical Acuity)","Sword of Mechanical Acuity (Mechanical Acuity)","The Maelstrom's Perfected Inferno Staff (Perfected Crushing Wall)"," ()","Quick Cloak","Banner Bearer","Camouflaged Hunter","Cephaliarch's Flail","Pragmatic Fatecarver","Flawless Dawnbreaker","Recuperative Treatise","Banner Bearer","Camouflaged Hunter","Elemental Blockade","Magical Burst","Elemental Rage"
"Ossein Cage","Red Witch Gedna Relvel","https://www.esologs.com/reports/3vP9hfTWVC182tJM#fight=37&type=summary&source=7","@LasLael","Lansyla Bellanaris","herald-x-x-mechanical-acuity-perfected-yandirs-might","dps","Herald","x","x","Mechanical Acuity","Perfected Yandir's Might","228692.7","11777.1","29.3","228692.7 DPS","","Balorgh Mask (Balorgh)","Jack of Mechanical Acuity (Mechanical Acuity)","Balorgh Arm Cops (Balorgh)","Yandir's Perfected Bracers (Perfected Yandir's Might)","","Yandir's Perfected Guards (Perfected Yandir's Might)","Boots of Mechanical Acuity (Mechanical Acuity)","","Yandir's Perfected Ring (Perfected Yandir's Might)","Yandir's Perfected Ring (Perfected Yandir's Might)","Sword of Mechanical Acuity (Mechanical Acuity)","Sword of Mechanical Acuity (Mechanical Acuity)","The Maelstrom's Perfected Greatsword (Perfected Merciless Charge)"," ()","Cephaliarch's Flail","Pragmatic Fatecarver","Barbed Trap","Quick Cloak","Camouflaged Hunter","Flawless Dawnbreaker","Stampede","Carve","Magical Burst","Inspired Scholarship","Camouflaged Hunter","The Languid Eye"
"Ossein Cage","Red Witch Gedna Relvel","https://www.esologs.com/reports/3vP9hfTWVC182tJM#fight=37&type=summary&source=22","@ZappyD","zaggart pylon","herald-x-x-mechanical-acuity-perfected-yandirs-might","dps","Herald","x","x","Mechanical Acuity","Perfected Yandir's Might","225421.5","30489.5","37.6","225421.5 DPS","","Balorgh Mask (Balorgh)","Jack of Mechanical Acuity (Mechanical Acuity)","Balorgh Arm Cops (Balorgh)","Bracers of Mechanical Acuity (Mechanical Acuity)","","Yandir's Perfected Guards (Perfected Yandir's Might)","Yandir's Perfected Boots (Perfected Yandir's Might)","","Yandir's Perfected Ring (Perfected Yandir's Might)","Yandir's Perfected Ring (Perfected Yandir's Might)","Sword of Mechanical Acuity (Mechanical Acuity)","Sword of Mechanical Acuity (Mechanical Acuity)","The Maelstrom's Perfected Greatsword (Perfected Merciless Charge)"," ()","Pragmatic Fatecarver","Heroic Torch","Cephaliarch's Flail","Quick Cloak","Camouflaged Hunter","Flawless Dawnbreaker","Proximity Detonation","Fulminating Rune","Stampede","Inspired Scholarship","Camouflaged Hunter","The Languid Eye"
"Ossein Cage","Red Witch Gedna Relvel","https://www.esologs.com/reports/3vP9hfTWVC182tJM#fight=37&type=summary&source=7","@ABSOLUT.7","Rūnic","herald-x-x-mechanical-acuity-perfected-yandirs-might","dps","Herald","x","x","Mechanical Acuity","Perfected Yandir's Might","258079.7","26340.9","33.6","258079.7 DPS","","Balorgh Mask (Balorgh)","Yandir's Perfected Jack (Perfected Yandir's Might)","Balorgh Arm Cops (Balorgh)","Yandir's Perfected Bracers (Perfected Yandir's Might)","","Yandir's Perfected Guards (Perfected Yandir's Might)","Yandir's Perfected Boots (Perfected Yandir's Might)","","Ring of Mechanical Acuity (Mechanical Acuity)","Ring of Mechanical Acuity (Mechanical Acuity)","Sword of Mechanical Acuity (Mechanical Acuity)","Sword of Mechanical Acuity (Mechanical Acuity)","The Maelstrom's Perfected Greatsword (Perfected Merciless Charge)"," ()","Camouflaged Hunter","Cephaliarch's Flail","Banner Bearer","Barbed Trap","Pragmatic Fatecarver","Flawless Dawnbreaker","Stampede","Scalding Rune","Banner Bearer","Magical Burst","Inspired Scholarship","The Languid Eye"
"Ossein Cage","Red Witch Gedna Relvel","https://www.esologs.com/reports/3vP9hfTWVC182tJM#fight=37&type=summary&source=8","@Darkimpx","Ryinka","herald-x-x-mechanical-acuity-perfected-yandirs-might","dps","Herald","x","x","Mechanical Acuity","Perfected Yandir's Might","213194.5","9267.9","25.2","213194.5 DPS","","Balorgh Mask (Balorgh)","Yandir's Perfected Jack (Perfected Yandir's Might)","Balorgh Arm Cops (Balorgh)","Bracers of Mechanical Acuity (Mechanical Acuity)","","Guards of Mechanical Acuity (Mechanical Acuity)","Boots of Mechanical Acuity (Mechanical Acuity)","","Yandir's Perfected Ring (Perfected Yandir's Might)","Yandir's Perfected Ring (Perfected Yandir's Might)","Sword of Mechanical Acuity (Mechanical Acuity)","Yandir's Perfected Sword (Perfected Yandir's Might)","The Maelstrom's Perfected Greatsword (Perfected Merciless Charge)"," ()","Cephaliarch's Flail","Exhausting Fatecarver","Camouflaged Hunter","Barbed Trap","Quick Cloak","Flawless Dawnbreaker","Inspired Scholarship","Fulminating Rune","Camouflaged Hunter","Stampede","Magical Burst","The Languid Eye"
"Ossein Cage","Red Witch Gedna Relvel","https://www.esologs.com/reports/3vP9hfTWVC182tJM#fight=37&type=summary&source=7","@Caliaron","Freya Hephaisdottir","herald-x-x-mechanical-acuity-perfected-yandirs-might","dps","Herald","x","x","Mechanical Acuity","Perfected Yandir's Might","280445.4","7551.4","41.3","280445.4 DPS","The Atronach","Balorgh Mask (Balorgh)","Yandir's Perfected Jack (Perfected Yandir's Might)","Balorgh Arm Cops (Balorgh)","Yandir's Perfected Bracers (Perfected Yandir's Might)","","Guards of Mechanical Acuity (Mechanical Acuity)","Boots of Mechanical Acuity (Mechanical Acuity)","","Yandir's Perfected Ring (Perfected Yandir's Might)","Yandir's Perfected Ring (Perfected Yandir's Might)","Sword of Mechanical Acuity (Mechanical Acuity)","Sword of Mechanical Acuity (Mechanical Acuity)","The Maelstrom's Perfected Inferno Staff (Perfected Crushing Wall)"," ()","Camouflaged Hunter","Escalating Runeblades","Tentacular Dread","Quick Cloak","Pragmatic Fatecarver","Flawless Dawnbreaker","Elemental Blockade","Inspired Scholarship","Fulminating Rune","Proximity Detonation","Magical Burst","The Languid Eye"
"Ossein Cage","Red Witch Gedna Relvel","https://www.esologs.com/reports/3vP9hfTWVC182tJM#fight=37&type=summary&source=12","@ITechnoXI","Xx Orochimaru","herald-soldier-x-mechanical-acuity-perfected-yandirs-might","dps","Herald","Soldier","x","Mechanical Acuity","Perfected Yandir's Might","228918.5","8392.6","24.2","228918.5 DPS","","Balorgh Mask (Balorgh)","Jack of Mechanical Acuity (Mechanical Acuity)","Balorgh Arm Cops (Balorgh)","Yandir's Perfected Bracers (Perfected Yandir's Might)","","Yandir's Perfected Guards (Perfected Yandir's Might)","Yandir's Perfected Boots (Perfected Yandir's Might)","","Ring of Mechanical Acuity (Mechanical Acuity)","Ring of Mechanical Acuity (Mechanical Acuity)","Sword of Mechanical Acuity (Mechanical Acuity)","Sword of Mechanical Acuity (Mechanical Acuity)","The Maelstrom's Perfected Greatsword (Perfected Merciless Charge)"," ()","Pragmatic Fatecarver","Camouflaged Hunter","Cephaliarch's Flail","Banner Bearer","Quick Cloak","Flawless Dawnbreaker","Stampede","Cruxweaver Armor","Magical Burst","Banner Bearer","Inspired Scholarship","The Languid Eye"
"Ossein Cage","Red Witch Gedna Relvel","https://www.esologs.com/reports/3vP9hfTWVC182tJM#fight=37&type=summary&source=9","@Languste1337","Roland Sieben Tap","herald-soldier-x-mechanical-acuity-perfected-yandirs-might","dps","Herald","Soldier","x","Mechanical Acuity","Perfected Yandir's Might","194750.2","3788.8","56.4","194750.2 DPS","","Balorgh Mask (Balorgh)","Yandir's Perfected Jack (Perfected Yandir's Might)","Balorgh Epaulets (Balorgh)","Yandir's Perfected Bracers (Perfected Yandir's Might)","","Yandir's Perfected Guards (Perfected Yandir's Might)","Yandir's Perfected Boots (Perfected Yandir's Might)","","Ring of Mechanical Acuity (Mechanical Acuity)","Ring of Mechanical Acuity (Mechanical Acuity)","Sword of Mechanical Acuity (Mechanical Acuity)","Sword of Mechanical Acuity (Mechanical Acuity)","The Maelstrom's Perfected Greatsword (Perfected Merciless Charge)"," ()","Camouflaged Hunter","Quick Cloak","Whirling Blades","Barbed Trap","Pragmatic Fatecarver","Flawless Dawnbreaker","Cruxweaver Armor","Tentacular Dread","Camouflaged Hunter","Stampede","Inspired Scholarship","The Languid Eye"
"Ossein Cage","Red Witch Gedna Relvel","https://www.esologs.com/reports/3vP9hfTWVC182tJM#fight=37&type=summary&source=2","@Carnego","Carnêgô","herald-soldier-x-mechanical-acuity-perfected-yandirs-might","dps","Herald","Soldier","x","Mechanical Acuity","Perfected Yandir's Might","187048.5","5629.2","56.4","187048.5 DPS","","Balorgh Mask (Balorgh)","Jack of Mechanical Acuity (Mechanical Acuity)","Balorgh Arm Cops (Balorgh)","Yandir's Perfected Bracers (Perfected Yandir's Might)","","Yandir's Perfected Guards (Perfected Yandir's Might)","Boots of Mechanical Acuity (Mechanical Acuity)","","Yandir's Perfected Ring (Perfected Yandir's Might)","Yandir's Perfected Ring (Perfected Yandir's Might)","Sword of Mechanical Acuity (Mechanical Acuity)","Sword of Mechanical Acuity (Mechanical Acuity)","The Maelstrom's Perfected Greatsword (Perfected Merciless Charge)"," ()","Escalating Runeblades","Tentacular Dread","Pragmatic Fatecarver","Quick Cloak","Camouflaged Hunter","Flawless Dawnbreaker","Inspired Scholarship","Magical Burst","Stampede","Cruxweaver Armor","Camouflaged Hunter","The Languid Eye"
"Ossein Cage","Red Witch Gedna Relvel","https://www.esologs.com/reports/3vP9hfTWVC182tJM#fight=37&type=summary&source=12","@Wolf_Adrian","Cruxwolf","herald-soldier-x-mechanical-acuity-perfected-yandirs-might","dps","Herald","Soldier","x","Mechanical Acuity","Perfected Yandir's Might","226116.7","19553.1","30.8","226116.7 DPS","","Balorgh Mask (Balorgh)","Yandir's Perfected Jack (Perfected Yandir's Might)","Balorgh Arm Cops (Balorgh)","Yandir's Perfected Bracers (Perfected Yandir's Might)","","Yandir's Perfected Guards (Perfected Yandir's Might)","Boots of Mechanical Acuity (Mechanical Acuity)","","Ring of Mechanical Acuity (Mechanical Acuity)","Ring of Mechanical Acuity (Mechanical Acuity)","Sword of Mechanical Acuity (Mechanical Acuity)","Sword of Mechanical Acuity (Mechanical Acuity)","The Maelstrom's Perfected Greatsword (Perfected Merciless Charge)"," ()","Cephaliarch's Flail","Pragmatic Fatecarver","Quick Cloak","Barbed Trap","Camouflaged Hunter","Flawless Dawnbreaker","Stampede","Magical Burst","Fulminating Rune","Inspired Scholarship","Cruxweaver Armor","The Languid Eye"
"Ossein Cage","Red Witch Gedna Relvel","https://www.esologs.com/reports/3vP9hfTWVC182tJM#fight=37&type=summary&source=2","@Missina","Aurora Invara","herald-soldier-x-mechanical-acuity-perfected-yandirs-might","dps","Herald","Soldier","x","Mechanical Acuity","Perfected Yandir's Might","237780.4","27219.1","22.0","237780.4 DPS","The Thief","Balorgh Mask (Balorgh)","Yandir's Perfected Jack (Perfected Yandir's Might)","Balorgh Arm Cops (Balorgh)","Bracers of Mechanical Acuity (Mechanical Acuity)","","Guards of Mechanical Acuity (Mechanical Acuity)","Boots of Mechanical Acuity (Mechanical Acuity)","","Yandir's Perfected Ring (Perfected Yandir's Might)","Yandir's Perfected Ring (Perfected Yandir's Might)","Sword of Mechanical Acuity (Mechanical Acuity)","Sword of Mechanical Acuity (Mechanical Acuity)","The Maelstrom's Perfected Greatsword (Perfected Merciless Charge)"," ()","Barbed Trap","Quick Cloak","Cephaliarch's Flail","Pragmatic Fatecarver","Camouflaged Hunter","Flawless Dawnbreaker","Inspired Scholarship","Stampede","Magical Burst","Fulminating Rune","Cruxweaver Armor","The Languid Eye"
"Ossein Cage","Red Witch Gedna Relvel","https://www.esologs.com/reports/3vP9hfTWVC182tJM#fight=37&type=summary&source=8","@O815Gamer","Outbeams-your-Templar","herald-soldier-x-mechanical-acuity-perfected-yandirs-might","dps","Herald","Soldier","x","Mechanical Acuity","Perfected Yandir's Might","212158.8","9064.7","45.2","212158.8 DPS","","Balorgh Mask (Balorgh)","Yandir's Perfected Jack (Perfected Yandir's Might)","Balorgh Arm Cops (Balorgh)","Yandir's Perfected Bracers (Perfected Yandir's Might)","","Yandir's Perfected Guards (Perfected Yandir's Might)","Yandir's Perfected Boots (Perfected Yandir's Might)","","Ring of Mechanical Acuity (Mechanical Acuity)","Ring of Mechanical Acuity (Mechanical Acuity)","Sword of Mechanical Acuity (Mechanical Acuity)","Sword of Mechanical Acuity (Mechanical Acuity)","The Maelstrom's Perfected Greatsword (Perfected Merciless Charge)"," ()","Cephaliarch's Flail","Pragmatic Fatecarver","Quick Cloak","Sundering Burst","Banner Bearer","Flawless Dawnbreaker","Fulminating Rune","Stampede","Cruxweaver Armor","Inspired Scholarship","Banner Bearer","The Languid Eye"
"Ossein Cage","Red Witch Gedna Relvel","https://www.esologs.com/reports/3vP9hfTWVC182tJM#fight=37&type=summary&source=1","@Candron_Cynical","Beaming-With-Tee-Hee","herald-soldier-x-mechanical-acuity-perfected-yandirs-might","dps","Herald","Soldier","x","Mechanical Acuity","Perfected Yandir's Might","227273.6","4518.9","64.4","227273.6 DPS","","Balorgh Mask (Balorgh)","Yandir's Perfected Jack (Perfected Yandir's Might)","Balorgh Arm Cops (Balorgh)","Yandir's Perfected Bracers (Perfected Yandir's Might)","","Yandir's Perfected Guards (Perfected Yandir's Might)","Yandir's Perfected Boots (Perfected Yandir's Might)","","Ring of Mechanical Acuity (Mechanical Acuity)","Ring of Mechanical Acuity (Mechanical Acuity)","Sword of Mechanical Acuity (Mechanical Acuity)","Sword of Mechanical Acuity (Mechanical Acuity)","The Maelstrom's Greatsword (Merciless Charge)"," ()","Pragmatic Fatecarver","Cephaliarch's Flail","Quick Cloak","Silver Leash","Camouflaged Hunter","Flawless Dawnbreaker","Inspired Scholarship","Stampede","Leashing Burst (Anchorite's Cruelty / Intellect and Endurance)","Executioner","Cruxweaver Armor","The Languid Eye"
"Ossein Cage","Red Witch Gedna Relvel","https://www.esologs.com/reports/GyaKWq2nYmA3zjJD#fight=93&type=summary&source=3","@I_RobzzX","Berta die Buschige","herald-x-x-mechanical-acuity-perfected-slivers-of-the-null-arca","dps","Herald","x","x","Perfected Slivers of the Null Arca","Mechanical Acuity","222831.0","8689.5","48.4","222831.0 DPS","","Slimecraw Mask (Slimecraw)","Perfected Null Arca Jack (Perfected Slivers of the Null Arca)","Arm Cops of Mechanical Acuity (Mechanical Acuity)","Perfected Null Arca Bracers (Perfected Slivers of the Null Arca)","","Perfected Null Arca Guards (Perfected Slivers of the Null Arca)","Perfected Null Arca Boots (Perfected Slivers of the Null Arca)","","Ring of Mechanical Acuity (Mechanical Acuity)","Ring of Mechanical Acuity (Mechanical Acuity)","Sword of Mechanical Acuity (Mechanical Acuity)","Sword of Mechanical Acuity (Mechanical Acuity)","The Maelstrom's Perfected Greatsword (Perfected Merciless Charge)"," ()","Pragmatic Fatecarver","Cephaliarch's Flail","Barbed Trap","Quick Cloak","Camouflaged Hunter","Flawless Dawnbreaker","Stampede","Inspired Scholarship","Magical Burst","Fulminating Rune","Proximity Detonation","The Languid Eye"
"Ossein Cage","Red Witch Gedna Relvel","https://www.esologs.com/reports/GyaKWq2nYmA3zjJD#fight=93&type=summary&source=9","@Morik72","Stay Awày","herald-x-x-mechanical-acuity-perfected-slivers-of-the-null-arca","dps","Herald","x","x","Perfected Slivers of the Null Arca","Mechanical Acuity","249221.8","28894.6","42.0","249221.8 DPS","","Balorgh Mask (Balorgh)","Perfected Null Arca Jack (Perfected Slivers of the Null Arca)","Perfected Null Arca Arm Cops (Perfected Slivers of the Null Arca)","Perfected Null Arca Bracers (Perfected Slivers of the Null Arca)","","Perfected Null Arca Guards (Perfected Slivers of the Null Arca)","Perfected Null Arca Boots (Perfected Slivers of the Null Arca)","","Ring of Mechanical Acuity (Mechanical Acuity)","Ring of Mechanical Acuity (Mechanical Acuity)","Sword of Mechanical Acuity (Mechanical Acuity)","Sword of Mechanical Acuity (Mechanical Acuity)","The Maelstrom's Perfected Greatsword (Perfected Merciless Charge)"," ()","Cephaliarch's Flail","Exhausting Fatecarver","Quick Cloak","Barbed Trap","Camouflaged Hunter","Flawless Dawnbreaker","Magical Burst","Stampede","Fulminating Rune","Inspired Scholarship","Camouflaged Hunter","The Languid Eye"
"Ossein Cage","Red Witch Gedna Relvel","https://www.esologs.com/reports/GyaKWq2nYmA3zjJD#fight=93&type=summary&source=2","@K.YChen","Bai Cai Y","herald-x-x-mechanical-acuity-perfected-slivers-of-the-null-arca","dps","Herald","x","x","Mechanical Acuity","Perfected Slivers of the Null Arca","250382.7","16700.4","35.3","250382.7 DPS","","Slimecraw Guise (Slimecraw)","Jack of Mechanical Acuity (Mechanical Acuity)","Perfected Null Arca Arm Cops (Perfected Slivers of the Null Arca)","Perfected Null Arca Bracers (Perfected Slivers of the Null Arca)","","Guards of Mechanical Acuity (Mechanical Acuity)","Boots of Mechanical Acuity (Mechanical Acuity)","","Perfected Null Arca Ring (Perfected Slivers of the Null Arca)","Perfected Null Arca Ring (Perfected Slivers of the Null Arca)","Sword of Mechanical Acuity (Mechanical Acuity)","Perfected Null Arca Dagger (Perfected Slivers of the Null Arca)","The Maelstrom's Perfected Greatsword (Perfected Merciless Charge)"," ()","Cephaliarch's Flail","Fulminating Rune","Quick Cloak","Exhausting Fatecarver","Camouflaged Hunter","Flawless Dawnbreaker","Stampede","Ulfsild's Contingency","Inspired Scholarship","Anti-Cavalry Caltrops","Magical Burst","The Languid Eye"
"Ossein Cage","Red Witch Gedna Relvel","https://www.esologs.com/reports/GyaKWq2nYmA3zjJD#fight=93&type=summary&source=11","@Big13oss","Thinkpol","herald-x-x-mechanical-acuity-perfected-slivers-of-the-null-arca","dps","Herald","x","x","Perfected Slivers of the Null Arca","Mechanical Acuity","252530.9","5095.3","35.3","252530.9 DPS","","Nerien'eth Mask (Nerien'eth)","Perfected Null Arca Jack (Perfected Slivers of the Null Arca)","Arm Cops of Mechanical Acuity (Mechanical Acuity)","Perfected Null Arca Bracers (Perfected Slivers of the Null Arca)","","Perfected Null Arca Guards (Perfected Slivers of the Null Arca)","Perfected Null Arca Boots (Perfected Slivers of the Null Arca)","","Ring of Mechanical Acuity (Mechanical Acuity)","Ring of Mechanical Acuity (Mechanical Acuity)","Sword of Mechanical Acuity (Mechanical Acuity)","Sword of Mechanical Acuity (Mechanical Acuity)","The Maelstrom's Perfected Greatsword (Perfected Merciless Charge)"," ()","Cephaliarch's Flail","Exhausting Fatecarver","Fulminating Rune","Quick Cloak","Camouflaged Hunter","Flawless Dawnbreaker","Stampede","Sundering Burst","Scalding Rune","Proximity Detonation","Inspired Scholarship","The Languid Eye"
"Ossein Cage","Red Witch Gedna Relvel","https://www.esologs.com/reports/GyaKWq2nYmA3zjJD#fight=93&type=summary&source=12","@Chicor","Violet-Arc","herald-x-x-mechanical-acuity-perfected-slivers-of-the-null-arca","dps","Herald","x","x","Perfected Slivers of the Null Arca","Mechanical Acuity","267582.6","22867.9","39.7","267582.6 DPS","The Thief","Nerien'eth Mask (Nerien'eth)","Perfected Null Arca Jack (Perfected Slivers of the Null Arca)","Perfected Null Arca Arm Cops (Perfected Slivers of the Null Arca)","Perfected Null Arca Bracers (Perfected Slivers of the Null Arca)","","Perfected Null Arca Guards (Perfected Slivers of the Null Arca)","Boots of Mechanical Acuity (Mechanical Acuity)","","Ring of Mechanical Acuity (Mechanical Acuity)","Ring of Mechanical Acuity (Mechanical Acuity)","Sword of Mechanical Acuity (Mechanical Acuity)","Sword of Mechanical Acuity (Mechanical Acuity)","The Maelstrom's Perfected Greatsword (Perfected Merciless Charge)"," ()","Camouflaged Hunter","Quick Cloak","Cephaliarch's Flail","Proximity Detonation","Exhausting Fatecarver","Flawless Dawnbreaker","Camouflaged Hunter","Stampede","Ulfsild's Contingency","Inspired Scholarship","Sundering Burst","The Languid Eye"
"Ossein Cage","Red Witch Gedna Relvel","https://www.esologs.com/reports/LFnXGPj4DQfAvgdH#fight=67&type=summary&source=5","@TheReacher76","Baumkuscheler","animal-green-winter-powerful-assault-way-of-martial-knowledge","tank","Animal","Green","Winter","Powerful Assault","Way of Martial Knowledge","10130.6","29015.5","56.5","56.5 CPM","","Magma Incarnate Visage (Magma Incarnate)","Cryptcanon Vestments (Cryptcanon Vestments)","Arm Cops of the Powerful Assault (Powerful Assault)","Bracers of the Powerful Assault (Powerful Assault)","","Guards of the Powerful Assault (Powerful Assault)","Boots of the Powerful Assault (Powerful Assault)","","Ring of Martial Knowledge (Way of Martial Knowledge)","Ring of Martial Knowledge (Way of Martial Knowledge)","Dagger of Martial Knowledge (Way of Martial Knowledge)","Dagger of Martial Knowledge (Way of Martial Knowledge)","Blackrose Perfected Ice Staff (Perfected Wild Impulse)"," ()","Polar Wind","Budding Seeds","Inner Rage","Blue Betty","Charging Maneuver","Temporal Guard","Elemental Blockade","Pulsar","Expansive Frost Cloak","Echoing Vigor","Elemental Susceptibility","Reviving Barrier"
"Ossein Cage","Red Witch Gedna Relvel","https://www.esologs.com/reports/LFnXGPj4DQfAvgdH#fight=67&type=summary&source=4","@Tumimi_S","cocoa sago dew","animal-green-winter-powerful-assault-way-of-martial-knowledge","healer","Animal","Green","Winter","Way of Martial Knowledge","Powerful Assault","12601.0","95441.4","70.6","95441.4 HPS","The Thief","Ozezan the Inferno's Guise (Ozezan the Inferno)","Cryptcanon Vestments (Cryptcanon Vestments)","Ozezan the Inferno's Arm Cops (Ozezan the Inferno)","Gloves of Martial Knowledge (Way of Martial Knowledge)","","Greaves of the Trainee (Armor of the Trainee)","Shoes of Martial Knowledge (Way of Martial Knowledge)","","Ring of the Powerful Assault (Powerful Assault)","Ring of the Powerful Assault (Powerful Assault)","Restoration Staff of Martial Knowledge (Way of Martial Knowledge)"," ()","Ice Staff of the Powerful Assault (Powerful Assault)"," ()","Illustrious Healing","Combat Prayer","Radiating Regeneration","Budding Seeds","Energy Orb","Eternal Guardian","Elemental Blockade","Echoing Vigor","Elemental Susceptibility","Winter's Revenge","Expansive Frost Cloak","Eternal Guardian"
"Ossein Cage","Red Witch Gedna Relvel","https://www.esologs.com/reports/jfqYkZwVX83CxbDp#fight=32&type=summary&source=9","@Spasm_OCE","Grave-y Perry","grave-resto-siphon-perfected-lucent-echoes-roar-of-alkosh","tank","Siphon","Resto","Grave","Roar of Alkosh","Perfected Lucent Echoes","30137.6","23330.3","68.7","68.7 CPM","The Atronach","Magma Incarnate Mask (Magma Incarnate)","Lucent Echoes Perfected Cuirass (Perfected Lucent Echoes)","Spaulder of Ruin (Spaulder of Ruin)","Lucent Echoes Perfected Gauntlets (Perfected Lucent Echoes)","","Lucent Echoes Perfected Greaves (Perfected Lucent Echoes)","Lucent Echoes Perfected Sabatons (Perfected Lucent Echoes)","","Ring of Alkosh (Roar of Alkosh)","Ring of Alkosh (Roar of Alkosh)","Ice Staff of Alkosh (Roar of Alkosh)"," ()","Ice Staff of Alkosh (Roar of Alkosh)"," ()","Inner Rage","Crushing Shock","Siphoning Attacks","Unnerving Boneyard","Charging Maneuver","Reviving Barrier","Elemental Susceptibility","Blockade of Frost","Extended Ritual","Echoing Vigor","Leashing Soul (Druid's Resurgence / Cowardice)","Glacial Colossus"
"Ossein Cage","Red Witch Gedna Relvel","https://www.esologs.com/reports/jfqYkZwVX83CxbDp#fight=32&type=summary&source=5","@ChanneledDivinity","Hrodd Hammerheart","ardent-x-x-mechanical-acuity-perfected-pearlescent-ward","tank","Ardent","x","x","Perfected Pearlescent Ward","Mechanical Acuity","106848.1","35094.1","133.1","133.1 CPM","The Atronach","Balorgh Mask (Balorgh)","Perfected Pearlescent Cuirass (Perfected Pearlescent Ward)","Perfected Pearlescent Pauldrons (Perfected Pearlescent Ward)","Bracers of Mechanical Acuity (Mechanical Acuity)","","Perfected Pearlescent Greaves (Perfected Pearlescent Ward)","Boots of Mechanical Acuity (Mechanical Acuity)","","Perfected Pearlescent Ring (Perfected Pearlescent Ward)","Perfected Pearlescent Ring (Perfected Pearlescent Ward)","Sword of Mechanical Acuity (Mechanical Acuity)","Sword of Mechanical Acuity (Mechanical Acuity)","The Maelstrom's Perfected Greatsword (Perfected Merciless Charge)"," ()","Flame Lash","Magma Fist","Shattering Knife (Assassin's Misery / Off Balance)","Camouflaged Hunter","Quick Cloak","Flawless Dawnbreaker","Stampede","Inner Rage","Shatterspike Mantle","Proximity Detonation","Pestilent Burst (Anchorite's Cruelty / Savagery and Prophecy)","Standard of Might"
"Ossein Cage","Hall of Fleshcraft","https://www.esologs.com/reports/3vP9hfTWVC182tJM#fight=7&type=summary&source=9","@Languste1337","Roland Sieben Tap","herald-soldier-x-perfected-slivers-of-the-null-arca-spattering-disjunction","dps","Herald","Soldier","x","Spattering Disjunction","Perfected Slivers of the Null Arca","116918.8","9309.9","39.1","116918.8 DPS","","Slimecraw Guise (Slimecraw)","Spattering Disjunction Jack (Spattering Disjunction)","Perfected Null Arca Arm Cops (Perfected Slivers of the Null Arca)","Spattering Disjunction Bracers (Spattering Disjunction)","","Spattering Disjunction Guards (Spattering Disjunction)","Spattering Disjunction Boots (Spattering Disjunction)","","Perfected Null Arca Ring (Perfected Slivers of the Null Arca)","Perfected Null Arca Ring (Perfected Slivers of the Null Arca)","Perfected Null Arca Dagger (Perfected Slivers of the Null Arca)","Perfected Null Arca Dagger (Perfected Slivers of the Null Arca)","The Maelstrom's Perfected Greatsword (Perfected Merciless Charge)"," ()","Camouflaged Hunter","Quick Cloak","Barbed Trap","Writhing Runeblades","Pragmatic Fatecarver","Flawless Dawnbreaker","Cruxweaver Armor","Tentacular Dread","Magical Trample","Stampede","Inspired Scholarship","The Languid Eye"
"Ossein Cage","Hall of Fleshcraft","https://www.esologs.com/reports/3vP9hfTWVC182tJM#fight=7&type=summary&source=12","@Wolf_Adrian","Cruxwolf","herald-soldier-x-perfected-slivers-of-the-null-arca-spattering-disjunction","dps","Herald","Soldier","x","Perfected Slivers of the Null Arca","Spattering Disjunction","121220.4","9334.2","28.3","121220.4 DPS","","Slimecraw Mask (Slimecraw)","Perfected Null Arca Jack (Perfected Slivers of the Null Arca)","Perfected Null Arca Arm Cops (Perfected Slivers of the Null Arca)","Perfected Null Arca Bracers (Perfected Slivers of the Null Arca)","","Perfected Null Arca Guards (Perfected Slivers of the Null Arca)","Spattering Disjunction Boots (Spattering Disjunction)","","Spattering Disjunction Ring (Spattering Disjunction)","Spattering Disjunction Ring (Spattering Disjunction)","Spattering Disjunction Dagger (Spattering Disjunction)","Spattering Disjunction Dagger (Spattering Disjunction)","The Maelstrom's Perfected Greatsword (Perfected Merciless Charge)"," ()","Cephaliarch's Flail","Pragmatic Fatecarver","Quick Cloak","Barbed Trap","Camouflaged Hunter","Flawless Dawnbreaker","Stampede","Anti-Cavalry Caltrops","Fulminating Rune","Inspired Scholarship","Cruxweaver Armor","The Languid Eye"
"Ossein Cage","Hall of Fleshcraft","https://www.esologs.com/reports/3vP9hfTWVC182tJM#fight=7&type=summary&source=3","@I_RobzzX","Berta die Buschige","herald-soldier-x-perfected-slivers-of-the-null-arca-spattering-disjunction","dps","Herald","Soldier","x","Perfected Slivers of the Null Arca","Spattering Disjunction","153746.6","3712.9","46.5","153746.6 DPS","","Slimecraw Mask (Slimecraw)","Perfected Null Arca Jack (Perfected Slivers of the Null Arca)","Spattering Disjunction Arm Cops (Spattering Disjunction)","Perfected Null Arca Bracers (Perfected Slivers of the Null Arca)","","Spattering Disjunction Guards (Spattering Disjunction)","Spattering Disjunction Boots (Spattering Disjunction)","","Spattering Disjunction Ring (Spattering Disjunction)","Spattering Disjunction Ring (Spattering Disjunction)","Perfected Null Arca Dagger (Perfected Slivers of the Null Arca)","Perfected Null Arca Dagger (Perfected Slivers of the Null Arca)","The Maelstrom's Perfected Inferno Staff (Perfected Crushing Wall)"," ()","Pragmatic Fatecarver","Cephaliarch's Flail","Barbed Trap","Quick Cloak","Camouflaged Hunter","Flawless Dawnbreaker","Elemental Blockade","Inspired Scholarship","Anti-Cavalry Caltrops","Fulminating Rune","Cruxweaver Armor","The Languid Eye"
"Ossein Cage","Hall of Fleshcraft","https://www.esologs.com/reports/3vP9hfTWVC182tJM#fight=7&type=summary&source=2","@Missina","Aurora Invara","herald-soldier-x-perfected-slivers-of-the-null-arca-spattering-disjunction","dps","Herald","Soldier","x","Perfected Slivers of the Null Arca","Spattering Disjunction","160079.7","7846.2","27.4","160079.7 DPS","The Thief","Slimecraw Mask (Slimecraw)","Perfected Null Arca Jack (Perfected Slivers of the Null Arca)","Perfected Null Arca Arm Cops (Perfected Slivers of the Null Arca)","Perfected Null Arca Bracers (Perfected Slivers of the Null Arca)","","Spattering Disjunction Guards (Spattering Disjunction)","Perfected Null Arca Boots (Perfected Slivers of the Null Arca)","","Spattering Disjunction Ring (Spattering Disjunction)","Spattering Disjunction Ring (Spattering Disjunction)","Spattering Disjunction Dagger (Spattering Disjunction)","Spattering Disjunction Dagger (Spattering Disjunction)","The Maelstrom's Perfected Greatsword (Perfected Merciless Charge)"," ()","Barbed Trap","Quick Cloak","Cephaliarch's Flail","Pragmatic Fatecarver","Camouflaged Hunter","Flawless Dawnbreaker","Inspired Scholarship","Stampede","Anti-Cavalry Caltrops","Fulminating Rune","Cruxweaver Armor","The Languid Eye"
"Ossein Cage","Hall of Fleshcraft","https://www.esologs.com/reports/3vP9hfTWVC182tJM#fight=7&type=summary&source=8","@iPlugg","Pluĝ","herald-soldier-x-perfected-slivers-of-the-null-arca-spattering-disjunction","dps","Herald","Soldier","x","Spattering Disjunction","Perfected Slivers of the Null Arca","139090.1","11181.7","26.6","139090.1 DPS","","Spattering Disjunction Helmet (Spattering Disjunction)","Spattering Disjunction Jack (Spattering Disjunction)","Slimecraw Arm Cops (Slimecraw)","Perfected Null Arca Bracers (Perfected Slivers of the Null Arca)","","Spattering Disjunction Guards (Spattering Disjunction)","Spattering Disjunction Boots (Spattering Disjunction)","","Perfected Null Arca Ring (Perfected Slivers of the Null Arca)","Perfected Null Arca Ring (Perfected Slivers of the Null Arca)","Perfected Null Arca Dagger (Perfected Slivers of the Null Arca)","Perfected Null Arca Dagger (Perfected Slivers of the Null Arca)","The Maelstrom's Perfected Inferno Staff (Perfected Crushing Wall)"," ()","Quick Cloak","Barbed Trap","Camouflaged Hunter","Cephaliarch's Flail","Pragmatic Fatecarver","The Languid Eye","Fulminating Rune","Elemental Blockade","Camouflaged Hunter","Cruxweaver Armor","Inspired Scholarship","The Languid Eye"
"Ossein Cage","Hall of Fleshcraft","https://www.esologs.com/reports/3vP9hfTWVC182tJM#fight=7&type=summary&source=2","@RoyalTonberry","Better Than A Companion","herald-soldier-x-perfected-slivers-of-the-null-arca-spattering-disjunction","dps","Herald","Soldier","x","Spattering Disjunction","Perfected Slivers of the Null Arca","111280.2","19327.1","41.9","111280.2 DPS","","Slimecraw Mask (Slimecraw)","Spattering Disjunction Jack (Spattering Disjunction)","Perfected Null Arca Arm Cops (Perfected Slivers of the Null Arca)","Spattering Disjunction Bracers (Spattering Disjunction)","","Spattering Disjunction Guards (Spattering Disjunction)","Spattering Disjunction Boots (Spattering Disjunction)","","Perfected Null Arca Ring (Perfected Slivers of the Null Arca)","Perfected Null Arca Ring (Perfected Slivers of the Null Arca)","Perfected Null Arca Dagger (Perfected Slivers of the Null Arca)","Perfected Null Arca Dagger (Perfected Slivers of the Null Arca)","The Maelstrom's Perfected Inferno Staff (Perfected Crushing Wall)"," ()","Quick Cloak","Pragmatic Fatecarver","Camouflaged Hunter","Cephaliarch's Flail","Barbed Trap","Flawless Dawnbreaker","Cruxweaver Armor","Fulminating Rune","Blockade of Fire","Echoing Vigor","Inspired Scholarship","The Languid Eye"
"Ossein Cage","Hall of Fleshcraft","https://www.esologs.com/reports/3vP9hfTWVC182tJM#fight=7&type=summary&source=6","@DreamTheater74","The Glass Prison","herald-soldier-x-perfected-slivers-of-the-null-arca-spattering-disjunction","dps","Herald","Soldier","x","Spattering Disjunction","Perfected Slivers of the Null Arca","94405.1","13642.9","43.7","94405.1 DPS","","Slimecraw Guise (Slimecraw)","Spattering Disjunction Jack (Spattering Disjunction)","Perfected Null Arca Arm Cops (Perfected Slivers of the Null Arca)","Spattering Disjunction Bracers (Spattering Disjunction)","","Spattering Disjunction Guards (Spattering Disjunction)","Perfected Null Arca Boots (Perfected Slivers of the Null Arca)","","Spattering Disjunction Ring (Spattering Disjunction)","Perfected Null Arca Ring (Perfected Slivers of the Null Arca)","Perfected Null Arca Dagger (Perfected Slivers of the Null Arca)","Perfected Null Arca Dagger (Perfected Slivers of the Null Arca)","The Maelstrom's Perfected Inferno Staff (Perfected Crushing Wall)"," ()","Pragmatic Fatecarver","Quick Cloak","Cephaliarch's Flail","Camouflaged Hunter","Barbed Trap","Flawless Dawnbreaker","Fulminating Rune","Inspired Scholarship","Blockade of Fire","Cruxweaver Armor","Echoing Vigor","The Languid Eye"
"Ossein Cage","Hall of Fleshcraft","https://www.esologs.com/reports/3vP9hfTWVC182tJM#fight=7&type=summary&source=7","@Billobob1991","Lilith Sahr","green-winter-x-perfected-pillagers-profit-serpents-disdain","tank","Green","Winter","x","Serpent's Disdain","Perfected Pillager's Profit","7655.3","19034.5","42.0","42.0 CPM","","Magma Incarnate Mask (Magma Incarnate)","Cuirass of Serpent's Disdain (Serpent's Disdain)","Spaulder of Ruin (Spaulder of Ruin)","Gauntlets of Serpent's Disdain (Serpent's Disdain)","","Greaves of Serpent's Disdain (Serpent's Disdain)","Sabatons of Serpent's Disdain (Serpent's Disdain)","","Perfected Pillager's Band (Perfected Pillager's Profit)","Perfected Pillager's Band (Perfected Pillager's Profit)","The Master's Perfected Ice Staff (Perfected Destructive Impact)"," ()","Perfected Pillager's Ice Staff (Perfected Pillager's Profit)"," ()","Winter's Revenge","Destructive Clench","Budding Seeds","Leashing Soul","Polar Wind","Northern Storm","Exhilarating Drain","Elemental Susceptibility","Expansive Frost Cloak","Elemental Blockade","Green Lotus","Aggressive Horn"
"Ossein Cage","Hall of Fleshcraft","https://www.esologs.com/reports/3vP9hfTWVC182tJM#fight=7&type=summary&source=8","@Rappy_R50","Plays with Bugs","green-winter-x-perfected-pillagers-profit-serpents-disdain","tank","Green","Winter","x","Serpent's Disdain","Perfected Pillager's Profit","11840.1","15504.3","50.5","50.5 CPM","The Atronach","Nazaray Visage (Nazaray)","Cuirass of Serpent's Disdain (Serpent's Disdain)","Nazaray Pauldron (Nazaray)","Gauntlets of Serpent's Disdain (Serpent's Disdain)","","Greaves of Serpent's Disdain (Serpent's Disdain)","Sabatons of Serpent's Disdain (Serpent's Disdain)","","Perfected Pillager's Band (Perfected Pillager's Profit)","Perfected Pillager's Band (Perfected Pillager's Profit)","Blackrose Perfected Ice Staff (Perfected Wild Impulse)"," ()","Perfected Pillager's Ice Staff (Perfected Pillager's Profit)"," ()","Inner Rage","Healing Contingency","Polar Wind","Pulsar","Exhilarating Drain","Enchanted Forest","Razor Caltrops","Expansive Frost Cloak","Elemental Blockade","Winter's Revenge","Budding Seeds","Aggressive Horn"
"Ossein Cage","Hall of Fleshcraft","https://www.esologs.com/reports/3vP9hfTWVC182tJM#fight=7&type=summary&source=5","@Pixel_Frost","Grossekraft Grosse Verant","daedric-storm-x-perfected-pearlescent-ward-perfected-xoryns-masterpiece","tank","Daedric","Storm","x","Perfected Xoryn's Masterpiece","Perfected Pearlescent Ward","4035.1","12993.9","46.1","46.1 CPM","","Magma Incarnate Visage (Magma Incarnate)","Cryptcanon Vestments (Cryptcanon Vestments)","Perfected Pearlescent Pauldrons (Perfected Pearlescent Ward)","Perfected Pearlescent Gauntlets (Perfected Pearlescent Ward)","","Perfected Pearlescent Greaves (Perfected Pearlescent Ward)","Perfected Pearlescent Sabatons (Perfected Pearlescent Ward)","","Xoryn's Perfected Ring (Perfected Xoryn's Masterpiece)","Xoryn's Perfected Ring (Perfected Xoryn's Masterpiece)","Xoryn's Perfected Ice Staff (Perfected Xoryn's Masterpiece)"," ()","Xoryn's Perfected Ice Staff (Perfected Xoryn's Masterpiece)"," ()","Hardened Ward","Boundless Storm","Ball of Lightning","Destructive Clench","Vibrant Shroud","Replenishing Barrier","Elemental Blockade","Exhilarating Drain","Healing Contingency","Leashing Soul","Pulsar","Summon Charged Atronach"
"Ossein Cage","Hall of Fleshcraft","https://www.esologs.com/reports/3vP9hfTWVC182tJM#fight=7&type=summary&source=7","@Ragnar525","Noch'n-Spruch-Kieferbruch","daedric-storm-x-perfected-pearlescent-ward-perfected-xoryns-masterpiece","tank","Daedric","Storm","x","Perfected Xoryn's Masterpiece","Perfected Pearlescent Ward","4655.5","12832.6","42.7","42.7 CPM","The Atronach","Magma Incarnate Mask (Magma Incarnate)","Cryptcanon Vestments (Cryptcanon Vestments)","Perfected Pearlescent Pauldrons (Perfected Pearlescent Ward)","Perfected Pearlescent Gauntlets (Perfected Pearlescent Ward)","","Perfected Pearlescent Greaves (Perfected Pearlescent Ward)","Perfected Pearlescent Sabatons (Perfected Pearlescent Ward)","","Xoryn's Perfected Ring (Perfected Xoryn's Masterpiece)","Xoryn's Perfected Ring (Perfected Xoryn's Masterpiece)","Xoryn's Perfected Ice Staff (Perfected Xoryn's Masterpiece)"," ()","Xoryn's Perfected Ice Staff (Perfected Xoryn's Masterpiece)"," ()","Inner Rage","Vibrant Shroud","Hardened Ward","Exhilarating Drain","Revealing Flare","Reviving Barrier","Elemental Susceptibility","Echoing Vigor","Lightning Flood","Charging Maneuver","Elemental Blockade","Aggressive Horn"
"Ossein Cage","Hall of Fleshcraft","https://www.esologs.com/reports/7PmvCZMkbxpGaRQ9#fight=12&type=summary&source=7","@Swifty_Snail","Beams that heal","curative-herald-soldier-master-architect-powerful-assault","healer","Herald","Curative","Soldier","Master Architect","Powerful Assault","11020.3","130247.7","64.3","130247.7 HPS","The Ritual","Symphony of Blades Mask (Symphony of Blades)","Master Architect Robe (Master Architect)","Spaulder of Ruin (Spaulder of Ruin)","Master Architect Gloves (Master Architect)","","Master Architect Breeches (Master Architect)","Master Architect Shoes (Master Architect)","","Ring of the Powerful Assault (Powerful Assault)","Ring of the Powerful Assault (Powerful Assault)","The Asylum's Perfected Restoration Staff (Perfected Timeless Blessing)"," ()","Lightning Staff of the Powerful Assault (Powerful Assault)"," ()","Illustrious Healing","Radiating Regeneration","Tidal Chakram","Blessing of Restoration","Cruxweaver Armor","Gibbering Shelter","Rune of the Colorless Pool","Fulminating Rune","Echoing Vigor","Energy Orb","Recuperative Treatise","Glyphic of the Tides"
"Ossein Cage","Hall of Fleshcraft","https://www.esologs.com/reports/7PmvCZMkbxpGaRQ9#fight=12&type=summary&source=4","@Elena.Lisbet","Elenya Lorin","curative-herald-soldier-master-architect-powerful-assault","healer","Herald","Curative","Soldier","Powerful Assault","Master Architect","4872.7","118876.6","59.9","118876.6 HPS","","Magma Incarnate Visage (Magma Incarnate)","Jack of the Powerful Assault (Powerful Assault)","Spaulder of Ruin (Spaulder of Ruin)","Master Architect Gloves (Master Architect)","","Master Architect Breeches (Master Architect)","Master Architect Shoes (Master Architect)","","Master Architect Ring (Master Architect)","Ring of the Powerful Assault (Powerful Assault)","The Master's Perfected Restoration Staff (Perfected Grand Rejuvenation)"," ()","Lightning Staff of the Powerful Assault (Powerful Assault)"," ()","Cruxweaver Armor","Tidal Chakram","Energy Orb","Combat Prayer","Healing Springs","Gibbering Shelter","Recuperative Treatise","Elemental Blockade","Overflowing Altar","Ulfsild's Contingency","Echoing Vigor","Resonating Glyphic"
"Ossein Cage","Hall of Fleshcraft","https://www.esologs.com/reports/Zq13BGHbLPdzgFfy#fight=10&type=summary&source=1","@Kraaii","Nemosine Hallows","curative-soldier-x-master-architect-powerful-assault","healer","Curative","Soldier","x","Master Architect","Powerful Assault","3685.6","138424.5","69.4","138424.5 HPS","","The Blind Guise (The Blind)","Master Architect Robe (Master Architect)","The Blind Epaulets (The Blind)","Master Architect Gloves (Master Architect)","","Master Architect Breeches (Master Architect)","Master Architect Shoes (Master Architect)","","Ring of the Powerful Assault (Powerful Assault)","Ring of the Powerful Assault (Powerful Assault)","Restoration Staff of the Powerful Assault (Powerful Assault)"," ()","The Maelstrom's Perfected Lightning Staff (Perfected Crushing Wall)"," ()","Illustrious Healing","Radiating Regeneration","Echoing Vigor","Tidal Chakram","Combat Prayer","Gibbering Shelter","Energy Orb","Elemental Susceptibility","Rune of the Colorless Pool","Cruxweaver Armor","Overflowing Altar","Glyphic of the Tides"
"Ossein Cage","Hall of Fleshcraft","https://www.esologs.com/reports/Zq13BGHbLPdzgFfy#fight=10&type=summary&source=6","@NovaPixel","Lycia Evanis","curative-soldier-x-master-architect-powerful-assault","healer","Curative","Soldier","x","Powerful Assault","Master Architect","9275.5","102555.2","65.1","102555.2 HPS","The Thief","Archdruid Devyric's Mask (Archdruid Devyric)","Jack of the Powerful Assault (Powerful Assault)","Archdruid Devyric's Epaulets (Archdruid Devyric)","Master Architect Gloves (Master Architect)","","Master Architect Breeches (Master Architect)","Master Architect Shoes (Master Architect)","","Ring of the Wild Hunt (Ring of the Wild Hunt)","Ring of the Powerful Assault (Powerful Assault)","Restoration Staff of the Powerful Assault (Powerful Assault)"," ()","Master Architect Dagger (Master Architect)","Master Architect Dagger (Master Architect)","Blessing of Restoration","Illustrious Healing","Echoing Vigor","Radiating Regeneration","Warding Burst","Glyphic of the Tides","Shattering Knife","Energy Orb","Reconstructive Domain","Cruxweaver Armor","Rune of the Colorless Pool","Reviving Barrier"
"Ossein Cage","Tortured Ranyu","https://www.esologs.com/reports/3vP9hfTWVC182tJM#fight=49&type=summary&source=12","@ITechnoXI","Xx Orochimaru","herald-soldier-x-mechanical-acuity-perfected-yandirs-might","dps","Herald","Soldier","x","Mechanical Acuity","Perfected Yandir's Might","433410.5","12768.9","27.0","433410.5 DPS","","Balorgh Mask (Balorgh)","Jack of Mechanical Acuity (Mechanical Acuity)","Balorgh Arm Cops (Balorgh)","Yandir's Perfected Bracers (Perfected Yandir's Might)","","Yandir's Perfected Guards (Perfected Yandir's Might)","Yandir's Perfected Boots (Perfected Yandir's Might)","","Ring of Mechanical Acuity (Mechanical Acuity)","Ring of Mechanical Acuity (Mechanical Acuity)","Sword of Mechanical Acuity (Mechanical Acuity)","Sword of Mechanical Acuity (Mechanical Acuity)","The Maelstrom's Perfected Greatsword (Perfected Merciless Charge)"," ()","Pragmatic Fatecarver","Camouflaged Hunter","Cephaliarch's Flail","Banner Bearer","Quick Cloak","Flawless Dawnbreaker","Stampede","Cruxweaver Armor","Magical Burst","Banner Bearer","Inspired Scholarship","The Languid Eye"
"Ossein Cage","Tortured Ranyu","https://www.esologs.com/reports/3vP9hfTWVC182tJM#fight=49&type=summary&source=9","@Languste1337","Roland Sieben Tap","herald-soldier-x-mechanical-acuity-perfected-yandirs-might","dps","Herald","Soldier","x","Mechanical Acuity","Perfected Yandir's Might","501936.5","6959.8","36.1","501936.5 DPS","","Balorgh Mask (Balorgh)","Yandir's Perfected Jack (Perfected Yandir's Might)","Balorgh Epaulets (Balorgh)","Yandir's Perfected Bracers (Perfected Yandir's Might)","","Yandir's Perfected Guards (Perfected Yandir's Might)","Yandir's Perfected Boots (Perfected Yandir's Might)","","Ring of Mechanical Acuity (Mechanical Acuity)","Ring of Mechanical Acuity (Mechanical Acuity)","Sword of Mechanical Acuity (Mechanical Acuity)","Sword of Mechanical Acuity (Mechanical Acuity)","The Maelstrom's Perfected Greatsword (Perfected Merciless Charge)"," ()","Camouflaged Hunter","Quick Cloak","Whirling Blades","Barbed Trap","Pragmatic Fatecarver","Flawless Dawnbreaker","Cruxweaver Armor","Tentacular Dread","Camouflaged Hunter","Stampede","Inspired Scholarship","The Languid Eye"
"Ossein Cage","Tortured Ranyu","https://www.esologs.com/reports/3vP9hfTWVC182tJM#fight=49&type=summary&source=3","@ASSA-Zz","Crispy Crux","herald-soldier-x-mechanical-acuity-perfected-yandirs-might","dps","Herald","Soldier","x","Mechanical Acuity","Perfected Yandir's Might","483106.0","14594.2","31.5","483106.0 DPS","","Balorgh Mask (Balorgh)","Yandir's Perfected Jack (Perfected Yandir's Might)","Balorgh Arm Cops (Balorgh)","Bracers of Mechanical Acuity (Mechanical Acuity)","","Yandir's Perfected Guards (Perfected Yandir's Might)","Boots of Mechanical Acuity (Mechanical Acuity)","","Yandir's Perfected Ring (Perfected Yandir's Might)","Yandir's Perfected Ring (Perfected Yandir's Might)","Sword of Mechanical Acuity (Mechanical Acuity)","Sword of Mechanical Acuity (Mechanical Acuity)","The Maelstrom's Perfected Greatsword (Perfected Merciless Charge)"," ()","Quick Cloak","Cephaliarch's Flail","Whirling Blades","Pragmatic Fatecarver","Camouflaged Hunter","Flawless Dawnbreaker","Stampede","Magical Burst","Cruxweaver Armor","Inspired Scholarship","Anti-Cavalry Caltrops","The Languid Eye"
"Ossein Cage","Tortured Ranyu","https://www.esologs.com/reports/3vP9hfTWVC182tJM#fight=49&type=summary&source=2","@Carnego","Carnêgô","herald-soldier-x-mechanical-acuity-perfected-yandirs-might","dps","Herald","Soldier","x","Mechanical Acuity","Perfected Yandir's Might","496350.0","16332.0","40.6","496350.0 DPS","","Balorgh Mask (Balorgh)","Jack of Mechanical Acuity (Mechanical Acuity)","Balorgh Arm Cops (Balorgh)","Yandir's Perfected Bracers (Perfected Yandir's Might)","","Yandir's Perfected Guards (Perfected Yandir's Might)","Boots of Mechanical Acuity (Mechanical Acuity)","","Yandir's Perfected Ring (Perfected Yandir's Might)","Yandir's Perfected Ring (Perfected Yandir's Might)","Sword of Mechanical Acuity (Mechanical Acuity)","Sword of Mechanical Acuity (Mechanical Acuity)","The Maelstrom's Perfected Greatsword (Perfected Merciless Charge)"," ()","Escalating Runeblades","Tentacular Dread","Pragmatic Fatecarver","Quick Cloak","Camouflaged Hunter","Flawless Dawnbreaker","Inspired Scholarship","Magical Burst","Stampede","Cruxweaver Armor","Camouflaged Hunter","The Languid Eye"
"Ossein Cage","Tortured Ranyu","https://www.esologs.com/reports/3vP9hfTWVC182tJM#fight=49&type=summary&source=12","@Wolf_Adrian","Cruxwolf","herald-soldier-x-mechanical-acuity-perfected-yandirs-might","dps","Herald","Soldier","x","Mechanical Acuity","Perfected Yandir's Might","529261.8","4229.4","30.2","529261.8 DPS","","Balorgh Mask (Balorgh)","Yandir's Perfected Jack (Perfected Yandir's Might)","Balorgh Arm Cops (Balorgh)","Yandir's Perfected Bracers (Perfected Yandir's Might)","","Yandir's Perfected Guards (Perfected Yandir's Might)","Boots of Mechanical Acuity (Mechanical Acuity)","","Ring of Mechanical Acuity (Mechanical Acuity)","Ring of Mechanical Acuity (Mechanical Acuity)","Sword of Mechanical Acuity (Mechanical Acuity)","Sword of Mechanical Acuity (Mechanical Acuity)","The Maelstrom's Perfected Greatsword (Perfected Merciless Charge)"," ()","Cephaliarch's Flail","Pragmatic Fatecarver","Whirling Blades","Barbed Trap","Camouflaged Hunter","Flawless Dawnbreaker","Stampede","Magical Burst","Fulminating Rune","Inspired Scholarship","Cruxweaver Armor","The Languid Eye"
"Ossein Cage","Tortured Ranyu","https://www.esologs.com/reports/3vP9hfTWVC182tJM#fight=49&type=summary&source=2","@Missina","Aurora Invara","herald-soldier-x-mechanical-acuity-perfected-yandirs-might","dps","Herald","Soldier","x","Mechanical Acuity","Perfected Yandir's Might","467641.2","12913.8","30.2","467641.2 DPS","","Balorgh Mask (Balorgh)","Yandir's Perfected Jack (Perfected Yandir's Might)","Balorgh Arm Cops (Balorgh)","Bracers of Mechanical Acuity (Mechanical Acuity)","","Guards of Mechanical Acuity (Mechanical Acuity)","Boots of Mechanical Acuity (Mechanical Acuity)","","Yandir's Perfected Ring (Perfected Yandir's Might)","Yandir's Perfected Ring (Perfected Yandir's Might)","Sword of Mechanical Acuity (Mechanical Acuity)","Sword of Mechanical Acuity (Mechanical Acuity)","The Maelstrom's Perfected Greatsword (Perfected Merciless Charge)"," ()","Barbed Trap","Whirling Blades","Cephaliarch's Flail","Pragmatic Fatecarver","Camouflaged Hunter","Flawless Dawnbreaker","Inspired Scholarship","Stampede","Magical Burst","Fulminating Rune","Cruxweaver Armor","The Languid Eye"
"Ossein Cage","Tortured Ranyu","https://www.esologs.com/reports/3vP9hfTWVC182tJM#fight=49&type=summary&source=8","@O815Gamer","Outbeams-your-Templar","herald-soldier-x-mechanical-acuity-perfected-yandirs-might","dps","Herald","Soldier","x","Mechanical Acuity","Perfected Yandir's Might","397631.0","8463.2","34.4","397631.0 DPS","","Balorgh Mask (Balorgh)","Yandir's Perfected Jack (Perfected Yandir's Might)","Balorgh Arm Cops (Balorgh)","Yandir's Perfected Bracers (Perfected Yandir's Might)","","Yandir's Perfected Guards (Perfected Yandir's Might)","Yandir's Perfected Boots (Perfected Yandir's Might)","","Ring of Mechanical Acuity (Mechanical Acuity)","Ring of Mechanical Acuity (Mechanical Acuity)","Sword of Mechanical Acuity (Mechanical Acuity)","Sword of Mechanical Acuity (Mechanical Acuity)","The Maelstrom's Perfected Inferno Staff (Perfected Crushing Wall)"," ()","Cephaliarch's Flail","Pragmatic Fatecarver","Quick Cloak","Sundering Burst","Banner Bearer","Flawless Dawnbreaker","Fulminating Rune","Elemental Blockade","Cruxweaver Armor","Inspired Scholarship","Banner Bearer","The Languid Eye"
"Ossein Cage","Tortured Ranyu","https://www.esologs.com/reports/3vP9hfTWVC182tJM#fight=49&type=summary&source=7","@Water_meIon","Honeydew-melón","herald-soldier-x-mechanical-acuity-perfected-yandirs-might","dps","Herald","Soldier","x","Mechanical Acuity","Perfected Yandir's Might","535235.8","8724.7","38.7","535235.8 DPS","The Atronach","Balorgh Mask (Balorgh)","Yandir's Perfected Jack (Perfected Yandir's Might)","Balorgh Arm Cops (Balorgh)","Yandir's Perfected Bracers (Perfected Yandir's Might)","","Yandir's Perfected Guards (Perfected Yandir's Might)","Boots of Mechanical Acuity (Mechanical Acuity)","","Ring of Mechanical Acuity (Mechanical Acuity)","Ring of Mechanical Acuity (Mechanical Acuity)","Sword of Mechanical Acuity (Mechanical Acuity)","Sword of Mechanical Acuity (Mechanical Acuity)","The Maelstrom's Perfected Greatsword (Perfected Merciless Charge)"," ()","Cephaliarch's Flail","Pragmatic Fatecarver","Camouflaged Hunter","Whirling Blades","Quick Cloak","Flawless Dawnbreaker","Stampede","Cruxweaver Armor","Magical Burst (Anchorite's Cruelty / Courage)","Inspired Scholarship","Proximity Detonation","The Languid Eye"
"Ossein Cage","Tortured Ranyu","https://www.esologs.com/reports/3vP9hfTWVC182tJM#fight=49&type=summary&source=1","@Candron_Cynical","Beaming-With-Tee-Hee","herald-soldier-x-mechanical-acuity-perfected-yandirs-might","dps","Herald","Soldier","x","Mechanical Acuity","Perfected Yandir's Might","518270.6","6880.5","64.4","518270.6 DPS","","Balorgh Mask (Balorgh)","Yandir's Perfected Jack (Perfected Yandir's Might)","Balorgh Arm Cops (Balorgh)","Yandir's Perfected Bracers (Perfected Yandir's Might)","","Yandir's Perfected Guards (Perfected Yandir's Might)","Yandir's Perfected Boots (Perfected Yandir's Might)","","Ring of Mechanical Acuity (Mechanical Acuity)","Ring of Mechanical Acuity (Mechanical Acuity)","Sword of Mechanical Acuity (Mechanical Acuity)","Sword of Mechanical Acuity (Mechanical Acuity)","The Maelstrom's Greatsword (Merciless Charge)"," ()","Pragmatic Fatecarver","Cephaliarch's Flail","Quick Cloak","Whirling Blades","Camouflaged Hunter","Flawless Dawnbreaker","Inspired Scholarship","Stampede","Leashing Burst (Anchorite's Cruelty / Intellect and Endurance)","Proximity Detonation","Cruxweaver Armor","The Languid Eye"
"Ossein Cage","Tortured Ranyu","https://www.esologs.com/reports/3vP9hfTWVC182tJM#fight=49&type=summary&source=4","@DazZzen","Daz Beam with zero cpm","herald-x-x-mechanical-acuity-perfected-yandirs-might","dps","Herald","x","x","Mechanical Acuity","Perfected Yandir's Might","598636.1","7004.8","40.6","598636.1 DPS","The Thief","Balorgh Mask (Balorgh)","Jack of Mechanical Acuity (Mechanical Acuity)","Balorgh Arm Cops (Balorgh)","Yandir's Perfected Bracers (Perfected Yandir's Might)","","Yandir's Perfected Guards (Perfected Yandir's Might)","Yandir's Perfected Boots (Perfected Yandir's Might)","","Ring of Mechanical Acuity (Mechanical Acuity)","Ring of Mechanical Acuity (Mechanical Acuity)","Sword of Mechanical Acuity (Mechanical Acuity)","Sword of Mechanical Acuity (Mechanical Acuity)","The Maelstrom's Perfected Inferno Staff (Perfected Crushing Wall)"," ()","Quick Cloak","Camouflaged Hunter","Pragmatic Fatecarver","Shattering Knife","Whirling Blades","Flawless Dawnbreaker","Proximity Detonation","Elemental Blockade","Tentacular Dread","Inspired Scholarship","Magical Burst","The Languid Eye"
"Ossein Cage","Tortured Ranyu","https://www.esologs.com/reports/3vP9hfTWVC182tJM#fight=49&type=summary&source=10","@PartialEthos","Schmethos","herald-x-x-mechanical-acuity-perfected-yandirs-might","dps","Herald","x","x","Mechanical Acuity","Perfected Yandir's Might","504385.0","7272.2","40.6","504385.0 DPS","","Balorgh Mask (Balorgh)","Jack of Mechanical Acuity (Mechanical Acuity)","Balorgh Arm Cops (Balorgh)","Yandir's Perfected Bracers (Perfected Yandir's Might)","","Yandir's Perfected Guards (Perfected Yandir's Might)","Yandir's Perfected Boots (Perfected Yandir's Might)","","Ring of Mechanical Acuity (Mechanical Acuity)","Ring of Mechanical Acuity (Mechanical Acuity)","Sword of Mechanical Acuity (Mechanical Acuity)","Sword of Mechanical Acuity (Mechanical Acuity)","The Maelstrom's Perfected Greatsword (Perfected Merciless Charge)"," ()","Escalating Runeblades","Pragmatic Fatecarver","Quick Cloak","Whirling Blades","Camouflaged Hunter","Flawless Dawnbreaker","Stampede","Anti-Cavalry Caltrops","Tentacular Dread","Inspired Scholarship","Magical Burst","The Languid Eye"
"Ossein Cage","Tortured Ranyu","https://www.esologs.com/reports/3vP9hfTWVC182tJM#fight=49&type=summary&source=11","@itsTraka","Trakarc","herald-x-x-mechanical-acuity-perfected-yandirs-might","dps","Herald","x","x","Mechanical Acuity","Perfected Yandir's Might","395707.2","54608.4","41.8","395707.2 DPS","","Balorgh Mask (Balorgh)","Jack of Mechanical Acuity (Mechanical Acuity)","Ansuul's Perfected Arm Cops (Perfected Ansuul's Torment)","Bracers of Mechanical Acuity (Mechanical Acuity)","","Yandir's Perfected Guards (Perfected Yandir's Might)","Yandir's Perfected Boots (Perfected Yandir's Might)","","Yandir's Perfected Ring (Perfected Yandir's Might)","Yandir's Perfected Ring (Perfected Yandir's Might)","Sword of Mechanical Acuity (Mechanical Acuity)","Sword of Mechanical Acuity (Mechanical Acuity)","The Maelstrom's Perfected Greatsword (Perfected Merciless Charge)"," ()","Pragmatic Fatecarver","Cephaliarch's Flail","Barbed Trap","Quick Cloak","Banner Bearer","Flawless Dawnbreaker","Stampede","Fulminating Rune","Magical Burst","Inspired Scholarship","Banner Bearer","The Languid Eye"
"Ossein Cage","Tortured Ranyu","https://www.esologs.com/reports/3vP9hfTWVC182tJM#fight=49&type=summary&source=6","@AlproVanille","Lylith Elendis","herald-x-x-mechanical-acuity-perfected-yandirs-might","dps","Herald","x","x","Mechanical Acuity","Perfected Yandir's Might","472307.7","9932.4","40.2","472307.7 DPS","","Balorgh Mask (Balorgh)","Jack of Mechanical Acuity (Mechanical Acuity)","Balorgh Arm Cops (Balorgh)","Yandir's Perfected Bracers (Perfected Yandir's Might)","","Guards of Mechanical Acuity (Mechanical Acuity)","Boots of Mechanical Acuity (Mechanical Acuity)","","Yandir's Perfected Ring (Perfected Yandir's Might)","Yandir's Perfected Ring (Perfected Yandir's Might)","Sword of Mechanical Acuity (Mechanical Acuity)","Sword of Mechanical Acuity (Mechanical Acuity)","The Maelstrom's Perfected Inferno Staff (Perfected Crushing Wall)"," ()","Quick Cloak","Banner Bearer","Camouflaged Hunter","Cephaliarch's Flail","Pragmatic Fatecarver","Flawless Dawnbreaker","Recuperative Treatise","Banner Bearer","Camouflaged Hunter","Elemental Blockade","Magical Burst","Elemental Rage"
"Ossein Cage","Tortured Ranyu","https://www.esologs.com/reports/3vP9hfTWVC182tJM#fight=49&type=summary&source=2","@LordBuggaMan","Ariêca","herald-x-x-mechanical-acuity-perfected-yandirs-might","dps","Herald","x","x","Mechanical Acuity","Perfected Yandir's Might","379929.9","8571.6","30.6","379929.9 DPS","","Balorgh Mask (Balorgh)","Jack of Mechanical Acuity (Mechanical Acuity)","Balorgh Arm Cops (Balorgh)","Yandir's Perfected Bracers (Perfected Yandir's Might)","","Guards of Mechanical Acuity (Mechanical Acuity)","Yandir's Perfected Boots (Perfected Yandir's Might)","","Yandir's Perfected Ring (Perfected Yandir's Might)","Yandir's Perfected Ring (Perfected Yandir's Might)","Sword of Mechanical Acuity (Mechanical Acuity)","Sword of Mechanical Acuity (Mechanical Acuity)","The Maelstrom's Perfected Greatsword (Perfected Merciless Charge)"," ()","Whirling Blades","Quick Cloak","Escalating Runeblades","Pragmatic Fatecarver","Camouflaged Hunter","Flawless Dawnbreaker","Tentacular Dread","Sundering Burst","Stampede","Fulminating Rune","Inspired Scholarship","The Languid Eye"
"Ossein Cage","Tortured Ranyu","https://www.esologs.com/reports/3vP9hfTWVC182tJM#fight=49&type=summary&source=7","@LasLael","Lansyla Bellanaris","herald-x-x-mechanical-acuity-perfected-yandirs-might","dps","Herald","x","x","Mechanical Acuity","Perfected Yandir's Might","582219.2","12315.2","30.1","582219.2 DPS","","Balorgh Mask (Balorgh)","Jack of Mechanical Acuity (Mechanical Acuity)","Balorgh Arm Cops (Balorgh)","Yandir's Perfected Bracers (Perfected Yandir's Might)","","Yandir's Perfected Guards (Perfected Yandir's Might)","Boots of Mechanical Acuity (Mechanical Acuity)","","Yandir's Perfected Ring (Perfected Yandir's Might)","Yandir's Perfected Ring (Perfected Yandir's Might)","Sword of Mechanical Acuity (Mechanical Acuity)","Sword of Mechanical Acuity (Mechanical Acuity)","The Maelstrom's Perfected Greatsword (Perfected Merciless Charge)"," ()","Cephaliarch's Flail","Pragmatic Fatecarver","Barbed Trap","Quick Cloak","Camouflaged Hunter","Flawless Dawnbreaker","Stampede","Carve","Proximity Detonation","Inspired Scholarship","Magical Burst","The Languid Eye"
"Ossein Cage","Tortured Ranyu","https://www.esologs.com/reports/3vP9hfTWVC182tJM#fight=49&type=summary&source=22","@ZappyD","zaggart pylon","herald-x-x-mechanical-acuity-perfected-yandirs-might","dps","Herald","x","x","Mechanical Acuity","Perfected Yandir's Might","416658.8","10279.8","30.1","416658.8 DPS","","Balorgh Mask (Balorgh)","Jack of Mechanical Acuity (Mechanical Acuity)","Balorgh Arm Cops (Balorgh)","Bracers of Mechanical Acuity (Mechanical Acuity)","","Yandir's Perfected Guards (Perfected Yandir's Might)","Yandir's Perfected Boots (Perfected Yandir's Might)","","Yandir's Perfected Ring (Perfected Yandir's Might)","Yandir's Perfected Ring (Perfected Yandir's Might)","Sword of Mechanical Acuity (Mechanical Acuity)","Sword of Mechanical Acuity (Mechanical Acuity)","The Maelstrom's Perfected Greatsword (Perfected Merciless Charge)"," ()","Pragmatic Fatecarver","Heroic Torch","Cephaliarch's Flail","Quick Cloak","Camouflaged Hunter","Flawless Dawnbreaker","Proximity Detonation","Fulminating Rune","Stampede","Inspired Scholarship","Camouflaged Hunter","The Languid Eye"
"Ossein Cage","Tortured Ranyu","https://www.esologs.com/reports/3vP9hfTWVC182tJM#fight=49&type=summary&source=7","@Caliaron","Freya Hephaisdottir","herald-x-x-mechanical-acuity-perfected-yandirs-might","dps","Herald","x","x","Mechanical Acuity","Perfected Yandir's Might","548520.9","23786.5","35.7","548520.9 DPS","","Balorgh Mask (Balorgh)","Yandir's Perfected Jack (Perfected Yandir's Might)","Balorgh Arm Cops (Balorgh)","Yandir's Perfected Bracers (Perfected Yandir's Might)","","Guards of Mechanical Acuity (Mechanical Acuity)","Boots of Mechanical Acuity (Mechanical Acuity)","","Yandir's Perfected Ring (Perfected Yandir's Might)","Yandir's Perfected Ring (Perfected Yandir's Might)","Sword of Mechanical Acuity (Mechanical Acuity)","Sword of Mechanical Acuity (Mechanical Acuity)","The Maelstrom's Perfected Inferno Staff (Perfected Crushing Wall)"," ()","Camouflaged Hunter","Escalating Runeblades","Tentacular Dread","Quick Cloak","Pragmatic Fatecarver","Flawless Dawnbreaker","Elemental Blockade","Inspired Scholarship","Fulminating Rune","Proximity Detonation","Magical Burst","The Languid Eye"
"Ossein Cage","Tortured Ranyu","https://www.esologs.com/reports/3vP9hfTWVC182tJM#fight=49&type=summary&source=4","@ImperfectPitch","M'zuraar","herald-x-x-mechanical-acuity-perfected-yandirs-might","dps","Herald","x","x","Mechanical Acuity","Perfected Yandir's Might","496050.0","26905.3","38.7","496050.0 DPS","","Nerien'eth Mask (Nerien'eth)","Jack of Mechanical Acuity (Mechanical Acuity)","Nerien'eth Arm Cops (Nerien'eth)","Yandir's Perfected Bracers (Perfected Yandir's Might)","","Yandir's Perfected Guards (Perfected Yandir's Might)","Yandir's Perfected Boots (Perfected Yandir's Might)","","Ring of Mechanical Acuity (Mechanical Acuity)","Ring of Mechanical Acuity (Mechanical Acuity)","Sword of Mechanical Acuity (Mechanical Acuity)","Sword of Mechanical Acuity (Mechanical Acuity)","The Maelstrom's Perfected Greatsword (Perfected Merciless Charge)"," ()","Camouflaged Hunter","Whirling Blades","Cephaliarch's Flail","Pragmatic Fatecarver","Shocking Banner (Cavalier's Charge / Courage)","Flawless Dawnbreaker","Stampede","Pestilent Burst (Anchorite's Cruelty / Expedition)","Inspired Scholarship","Proximity Detonation","Shocking Banner (Cavalier's Charge / Courage)","The Languid Eye"
"Ossein Cage","Tortured Ranyu","https://www.esologs.com/reports/LFnXGPj4DQfAvgdH#fight=51&type=summary&source=6","@JohnnyTsunami1337","Hampelfrau","grave-x-x-corpseburster-mechanical-acuity","dps","Grave","x","x","Mechanical Acuity","Corpseburster","326064.9","0.0","72.6","326064.9 DPS","","Slimecraw Mask (Slimecraw)","Jack of Mechanical Acuity (Mechanical Acuity)","Corpseburster Arm Cops (Corpseburster)","Bracers of Mechanical Acuity (Mechanical Acuity)","","Guards of Mechanical Acuity (Mechanical Acuity)","Boots of Mechanical Acuity (Mechanical Acuity)","","Corpseburster Ring (Corpseburster)","Corpseburster Ring (Corpseburster)","Corpseburster Dagger (Corpseburster)","Corpseburster Dagger (Corpseburster)","The Maelstrom's Perfected Greatsword (Perfected Merciless Charge)"," ()","Blighted Blastbones","Unnerving Boneyard","Venom Skull","Detonating Siphon","Banner Bearer","Flawless Dawnbreaker","Barbed Trap","Ulfsild's Contingency","Magical Burst","Stampede","Banner Bearer","Glacial Colossus"
"Ossein Cage","Tortured Ranyu","https://www.esologs.com/reports/LFnXGPj4DQfAvgdH#fight=51&type=summary&source=11","@BL_Kralj","Thur'Vokrii Deathbringer","grave-x-x-corpseburster-mechanical-acuity","dps","Grave","x","x","Mechanical Acuity","Corpseburster","623944.8","10059.2","85.3","623944.8 DPS","The Thief","Balorgh Mask (Balorgh)","Jack of Mechanical Acuity (Mechanical Acuity)","Balorgh Arm Cops (Balorgh)","Bracers of Mechanical Acuity (Mechanical Acuity)","","Guards of Mechanical Acuity (Mechanical Acuity)","Boots of Mechanical Acuity (Mechanical Acuity)","","Corpseburster Ring (Corpseburster)","Corpseburster Ring (Corpseburster)","Corpseburster Dagger (Corpseburster)","Corpseburster Dagger (Corpseburster)","The Maelstrom's Perfected Greatsword (Perfected Merciless Charge)"," ()","Quick Cloak","Blighted Blastbones","Venom Skull","Detonating Siphon","Banner Bearer","Flawless Dawnbreaker","Proximity Detonation","Stampede","Magical Burst","Skeletal Archer","Banner Bearer","Shooting Star"
"Ossein Cage","Tortured Ranyu","https://www.esologs.com/reports/LFnXGPj4DQfAvgdH#fight=51&type=summary&source=14","@Lord_Asteroth","Asteroth of Londor","grave-x-x-corpseburster-mechanical-acuity","dps","Grave","x","x","Mechanical Acuity","Corpseburster","422687.8","0.0","71.0","422687.8 DPS","","Archdruid Devyric's Guise (Archdruid Devyric)","Jack of Mechanical Acuity (Mechanical Acuity)","Arm Cops of Mechanical Acuity (Mechanical Acuity)","Corpseburster Bracers (Corpseburster)","","Corpseburster Guards (Corpseburster)","Corpseburster Boots (Corpseburster)","","Corpseburster Ring (Corpseburster)","Corpseburster Ring (Corpseburster)","Sword of Mechanical Acuity (Mechanical Acuity)","Sword of Mechanical Acuity (Mechanical Acuity)","The Maelstrom's Perfected Greatsword (Perfected Merciless Charge)"," ()","Unnerving Boneyard","Camouflaged Hunter","Blighted Blastbones","Detonating Siphon","Venom Skull","Flawless Dawnbreaker","Magical Burst","Camouflaged Hunter","Skeletal Archer","Anti-Cavalry Caltrops","Stampede","Shooting Star"
"Ossein Cage","Tortured Ranyu","https://www.esologs.com/reports/LFnXGPj4DQfAvgdH#fight=51&type=summary&source=15","@Drkif","ßarale","grave-x-x-corpseburster-mechanical-acuity","dps","Grave","x","x","Mechanical Acuity","Corpseburster","333888.9","3021.2","79.3","333888.9 DPS","","Slimecraw Guise (Slimecraw)","Jack of Mechanical Acuity (Mechanical Acuity)","Corpseburster Arm Cops (Corpseburster)","Bracers of Mechanical Acuity (Mechanical Acuity)","","Guards of Mechanical Acuity (Mechanical Acuity)","Boots of Mechanical Acuity (Mechanical Acuity)","","Corpseburster Ring (Corpseburster)","Corpseburster Ring (Corpseburster)","Corpseburster Dagger (Corpseburster)","Corpseburster Dagger (Corpseburster)","The Maelstrom's Perfected Inferno Staff (Perfected Crushing Wall)"," ()","Venom Skull","Blighted Blastbones","Unnerving Boneyard","Detonating Siphon","Banner Bearer","Flawless Dawnbreaker","Skeletal Archer","Elemental Blockade","Sundering Burst","Barbed Trap","Banner Bearer","Glacial Colossus"
"Ossein Cage","Tortured Ranyu","https://www.esologs.com/reports/LFnXGPj4DQfAvgdH#fight=51&type=summary&source=9","@R0CKSTER","Rock der Knochenbrecher","grave-x-x-corpseburster-mechanical-acuity","dps","Grave","x","x","Corpseburster","Mechanical Acuity","423264.6","14916.4","67.4","423264.6 DPS","","Corpseburster Helmet (Corpseburster)","Jack of Mechanical Acuity (Mechanical Acuity)","Slimecraw Epaulets (Slimecraw)","Bracers of Mechanical Acuity (Mechanical Acuity)","","Corpseburster Guards (Corpseburster)","Boots of Mechanical Acuity (Mechanical Acuity)","","Corpseburster Ring (Corpseburster)","Corpseburster Ring (Corpseburster)","Dagger of Mechanical Acuity (Mechanical Acuity)","Dagger of Mechanical Acuity (Mechanical Acuity)","The Maelstrom's Perfected Inferno Staff (Perfected Crushing Wall)"," ()","Banner Bearer","Venom Skull","Blighted Blastbones","Detonating Siphon","Unnerving Boneyard","Glacial Colossus","Banner Bearer","Magical Burst","Elemental Blockade","Anti-Cavalry Caltrops","Skeletal Archer","Elemental Rage"
"Ossein Cage","Tortured Ranyu","https://www.esologs.com/reports/LFnXGPj4DQfAvgdH#fight=51&type=summary&source=9","@AiMPlAyEr","Vivanna Adrrey","grave-x-x-corpseburster-mechanical-acuity","dps","Grave","x","x","Mechanical Acuity","Corpseburster","424761.8","42210.7","62.1","424761.8 DPS","","Balorgh Mask (Balorgh)","Jack of Mechanical Acuity (Mechanical Acuity)","Corpseburster Arm Cops (Corpseburster)","Bracers of Mechanical Acuity (Mechanical Acuity)","","Corpseburster Guards (Corpseburster)","Boots of Mechanical Acuity (Mechanical Acuity)","","Corpseburster Ring (Corpseburster)","Corpseburster Ring (Corpseburster)","Sword of Mechanical Acuity (Mechanical Acuity)","Sword of Mechanical Acuity (Mechanical Acuity)","The Maelstrom's Perfected Greatsword (Perfected Merciless Charge)"," ()","Unnerving Boneyard","Blighted Blastbones","Whirling Blades","Detonating Siphon","Camouflaged Hunter","Flawless Dawnbreaker","Stampede","Anti-Cavalry Caltrops","Skeletal Archer","Sundering Burst","Camouflaged Hunter","Glacial Colossus"
"Ossein Cage","Tortured Ranyu","https://www.esologs.com/reports/Zq13BGHbLPdzgFfy#fight=92&type=summary&source=1","@Kraaii","Nemosine Hallows","curative-soldier-x-master-architect-powerful-assault","healer","Curative","Soldier","x","Master Architect","Powerful Assault","4287.4","188164.0","83.5","188164.0 HPS","","The Blind Guise (The Blind)","Master Architect Robe (Master Architect)","The Blind Epaulets (The Blind)","Master Architect Gloves (Master Architect)","","Master Architect Breeches (Master Architect)","Master Architect Shoes (Master Architect)","","Ring of the Powerful Assault (Powerful Assault)","Ring of the Powerful Assault (Powerful Assault)","Restoration Staff of the Powerful Assault (Powerful Assault)"," ()","The Maelstrom's Perfected Lightning Staff (Perfected Crushing Wall)"," ()","Illustrious Healing","Radiating Regeneration","Echoing Vigor","Tidal Chakram","Combat Prayer","Gibbering Shelter","Energy Orb","Rune of the Colorless Pool","Cruxweaver Armor","Overflowing Altar","Unstable Wall of Elements","Glyphic of the Tides"
"Ossein Cage","Tortured Ranyu","https://www.esologs.com/reports/Zq13BGHbLPdzgFfy#fight=92&type=summary&source=3","@Cajinia","Arcajinia","curative-soldier-x-master-architect-powerful-assault","healer","Curative","Soldier","x","Master Architect","Powerful Assault","11154.8","155852.7","51.5","155852.7 HPS","The Thief","Symphony of Blades Mask (Symphony of Blades)","Master Architect Robe (Master Architect)","Spaulder of Ruin (Spaulder of Ruin)","Master Architect Gloves (Master Architect)","","Master Architect Breeches (Master Architect)","Master Architect Shoes (Master Architect)","","Ring of the Powerful Assault (Powerful Assault)","Ring of the Powerful Assault (Powerful Assault)","The Master's Perfected Restoration Staff (Perfected Grand Rejuvenation)"," ()","Lightning Staff of the Powerful Assault (Powerful Assault)"," ()","Illustrious Healing","Blessing of Restoration","Radiating Regeneration","Reconstructive Domain","Cruxweaver Armor","Reviving Barrier","Echoing Vigor","Elemental Blockade","Energy Orb","Ulfsild's Contingency","Overflowing Altar","Resonating Glyphic"
"Ossein Cage","Tortured Ranyu","https://www.esologs.com/reports/jfqYkZwVX83CxbDp#fight=72&type=summary&source=9","@Spasm_OCE","Grave-y Perry","grave-resto-siphon-perfected-lucent-echoes-roar-of-alkosh","tank","Siphon","Resto","Grave","Roar of Alkosh","Perfected Lucent Echoes","44173.2","27312.7","47.3","47.3 CPM","The Atronach","Magma Incarnate Mask (Magma Incarnate)","Lucent Echoes Perfected Cuirass (Perfected Lucent Echoes)","Spaulder of Ruin (Spaulder of Ruin)","Lucent Echoes Perfected Gauntlets (Perfected Lucent Echoes)","","Lucent Echoes Perfected Greaves (Perfected Lucent Echoes)","Lucent Echoes Perfected Sabatons (Perfected Lucent Echoes)","","Ring of Alkosh (Roar of Alkosh)","Ring of Alkosh (Roar of Alkosh)","Dagger of Alkosh (Roar of Alkosh)","Dagger of Alkosh (Roar of Alkosh)","Ice Staff of Alkosh (Roar of Alkosh)"," ()","Inner Rage","Shattering Knife (Assassin's Misery / Off Balance)","Siphoning Attacks","Hasty Prayer","Charging Maneuver","Reviving Barrier","Razor Caltrops","Blockade of Frost","Extended Ritual","Echoing Vigor","Leashing Soul (Druid's Resurgence / Cowardice)","Glacial Colossus"
"Ossein Cage","Tortured Ranyu","https://www.esologs.com/reports/jfqYkZwVX83CxbDp#fight=72&type=summary&source=5","@ChanneledDivinity","Hrodd Hammerheart","ardent-x-x-mechanical-acuity-perfected-pearlescent-ward","tank","Ardent","x","x","Perfected Pearlescent Ward","Mechanical Acuity","151369.1","43559.2","38.7","38.7 CPM","The Atronach","Balorgh Mask (Balorgh)","Perfected Pearlescent Cuirass (Perfected Pearlescent Ward)","Perfected Pearlescent Pauldrons (Perfected Pearlescent Ward)","Bracers of Mechanical Acuity (Mechanical Acuity)","","Perfected Pearlescent Greaves (Perfected Pearlescent Ward)","Boots of Mechanical Acuity (Mechanical Acuity)","","Perfected Pearlescent Ring (Perfected Pearlescent Ward)","Perfected Pearlescent Ring (Perfected Pearlescent Ward)","Sword of Mechanical Acuity (Mechanical Acuity)","Sword of Mechanical Acuity (Mechanical Acuity)","The Maelstrom's Perfected Greatsword (Perfected Merciless Charge)"," ()","Flame Lash","Shattering Knife (Assassin's Misery / Off Balance)","Whirling Blades","Camouflaged Hunter","Quick Cloak","Flawless Dawnbreaker","Stampede","Inner Rage","Shatterspike Mantle","Proximity Detonation","Pestilent Burst (Anchorite's Cruelty / Savagery and Prophecy)","Standard of Might"
"Ossein Cage","Jynorah and Skorkhif","https://www.esologs.com/reports/3vP9hfTWVC182tJM#fight=76&type=summary&source=4","@DazZzen","Daz Beam with zero cpm","herald-soldier-x-perfected-slivers-of-the-null-arca-spattering-disjunction","dps","Herald","Soldier","x","Perfected Slivers of the Null Arca","Spattering Disjunction","102227.2","7379.9","38.1","102227.2 DPS","","Slimecraw Guise (Slimecraw)","Perfected Null Arca Jack (Perfected Slivers of the Null Arca)","Perfected Null Arca Arm Cops (Perfected Slivers of the Null Arca)","Perfected Null Arca Bracers (Perfected Slivers of the Null Arca)","","Perfected Null Arca Guards (Perfected Slivers of the Null Arca)","Perfected Null Arca Boots (Perfected Slivers of the Null Arca)","","Spattering Disjunction Ring (Spattering Disjunction)","Spattering Disjunction Ring (Spattering Disjunction)","Spattering Disjunction Dagger (Spattering Disjunction)","Spattering Disjunction Dagger (Spattering Disjunction)","The Maelstrom's Perfected Greatsword (Perfected Merciless Charge)"," ()","Quick Cloak","Camouflaged Hunter","Pragmatic Fatecarver","Escalating Runeblades","Tentacular Dread","Flawless Dawnbreaker","Echoing Vigor","Stampede","Fulminating Rune","Inspired Scholarship","Cruxweaver Armor","The Languid Eye"
"Ossein Cage","Jynorah and Skorkhif","https://www.esologs.com/reports/3vP9hfTWVC182tJM#fight=76&type=summary&source=9","@Languste1337","Roland Sieben Tap","herald-soldier-x-perfected-slivers-of-the-null-arca-spattering-disjunction","dps","Herald","Soldier","x","Spattering Disjunction","Perfected Slivers of the Null Arca","137094.4","1941.0","36.0","137094.4 DPS","The Thief","Slimecraw Guise (Slimecraw)","Spattering Disjunction Jack (Spattering Disjunction)","Perfected Null Arca Arm Cops (Perfected Slivers of the Null Arca)","Spattering Disjunction Bracers (Spattering Disjunction)","","Spattering Disjunction Guards (Spattering Disjunction)","Spattering Disjunction Boots (Spattering Disjunction)","","Perfected Null Arca Ring (Perfected Slivers of the Null Arca)","Perfected Null Arca Ring (Perfected Slivers of the Null Arca)","Perfected Null Arca Dagger (Perfected Slivers of the Null Arca)","Perfected Null Arca Dagger (Perfected Slivers of the Null Arca)","The Maelstrom's Perfected Inferno Staff (Perfected Crushing Wall)"," ()","Camouflaged Hunter","Quick Cloak","Barbed Trap","Writhing Runeblades","Pragmatic Fatecarver","Flawless Dawnbreaker","Cruxweaver Armor","Tentacular Dread","Fulminating Rune","Elemental Blockade","Inspired Scholarship","The Languid Eye"
"Ossein Cage","Jynorah and Skorkhif","https://www.esologs.com/reports/3vP9hfTWVC182tJM#fight=76&type=summary&source=10","@PartialEthos","Schmethos","herald-soldier-x-perfected-slivers-of-the-null-arca-spattering-disjunction","dps","Herald","Soldier","x","Spattering Disjunction","Perfected Slivers of the Null Arca","119623.2","4154.9","32.5","119623.2 DPS","","Slimecraw Guise (Slimecraw)","Spattering Disjunction Jack (Spattering Disjunction)","Perfected Null Arca Arm Cops (Perfected Slivers of the Null Arca)","Spattering Disjunction Bracers (Spattering Disjunction)","","Spattering Disjunction Guards (Spattering Disjunction)","Spattering Disjunction Boots (Spattering Disjunction)","","Perfected Null Arca Ring (Perfected Slivers of the Null Arca)","Perfected Null Arca Ring (Perfected Slivers of the Null Arca)","Perfected Null Arca Dagger (Perfected Slivers of the Null Arca)","Perfected Null Arca Dagger (Perfected Slivers of the Null Arca)","The Maelstrom's Perfected Greatsword (Perfected Merciless Charge)"," ()","Escalating Runeblades","Pragmatic Fatecarver","Quick Cloak","Barbed Trap","Camouflaged Hunter","Flawless Dawnbreaker","Stampede","Tentacular Dread","Fulminating Rune","Inspired Scholarship","Cruxweaver Armor","The Languid Eye"
"Ossein Cage","Jynorah and Skorkhif","https://www.esologs.com/reports/3vP9hfTWVC182tJM#fight=76&type=summary&source=3","@ASSA-Zz","Crispy Crux","herald-soldier-x-perfected-slivers-of-the-null-arca-spattering-disjunction","dps","Herald","Soldier","x","Spattering Disjunction","Perfected Slivers of the Null Arca","110354.1","2460.0","22.5","110354.1 DPS","","Slimecraw Guise (Slimecraw)","Spattering Disjunction Jack (Spattering Disjunction)","Perfected Null Arca Arm Cops (Perfected Slivers of the Null Arca)","Spattering Disjunction Bracers (Spattering Disjunction)","","Spattering Disjunction Guards (Spattering Disjunction)","Spattering Disjunction Boots (Spattering Disjunction)","","Perfected Null Arca Ring (Perfected Slivers of the Null Arca)","Perfected Null Arca Ring (Perfected Slivers of the Null Arca)","Perfected Null Arca Dagger (Perfected Slivers of the Null Arca)","Perfected Null Arca Dagger (Perfected Slivers of the Null Arca)","The Maelstrom's Perfected Inferno Staff (Perfected Crushing Wall)"," ()","Quick Cloak","Cephaliarch's Flail","Barbed Trap","Pragmatic Fatecarver","Camouflaged Hunter","Flawless Dawnbreaker","Elemental Blockade","Fulminating Rune","Cruxweaver Armor","Inspired Scholarship","Anti-Cavalry Caltrops","The Languid Eye"
"Ossein Cage","Jynorah and Skorkhif","https://www.esologs.com/reports/3vP9hfTWVC182tJM#fight=76&type=summary&source=2","@Carnego","Carnêgô","herald-soldier-x-perfected-slivers-of-the-null-arca-spattering-disjunction","dps","Herald","Soldier","x","Spattering Disjunction","Perfected Slivers of the Null Arca","92361.4","1816.6","27.9","92361.4 DPS","","Spattering Disjunction Helmet (Spattering Disjunction)","Perfected Null Arca Jack (Perfected Slivers of the Null Arca)","Slimecraw Epaulets (Slimecraw)","Spattering Disjunction Bracers (Spattering Disjunction)","","Perfected Null Arca Guards (Perfected Slivers of the Null Arca)","Spattering Disjunction Boots (Spattering Disjunction)","","Spattering Disjunction Ring (Spattering Disjunction)","Spattering Disjunction Ring (Spattering Disjunction)","Perfected Null Arca Dagger (Perfected Slivers of the Null Arca)","Perfected Null Arca Dagger (Perfected Slivers of the Null Arca)","The Maelstrom's Perfected Inferno Staff (Perfected Crushing Wall)"," ()","Escalating Runeblades","Tentacular Dread","Pragmatic Fatecarver","Quick Cloak","Camouflaged Hunter","Flawless Dawnbreaker","Inspired Scholarship","Fulminating Rune","Elemental Blockade","Cruxweaver Armor","Camouflaged Hunter","The Languid Eye"
"Ossein Cage","Jynorah and Skorkhif","https://www.esologs.com/reports/3vP9hfTWVC182tJM#fight=76&type=summary&source=20","@zDarkus","-Darkus","herald-soldier-x-perfected-slivers-of-the-null-arca-spattering-disjunction","dps","Herald","Soldier","x","Spattering Disjunction","Perfected Slivers of the Null Arca","123536.3","5688.1","32.1","123536.3 DPS","","Slimecraw Guise (Slimecraw)","Spattering Disjunction Jack (Spattering Disjunction)","Spattering Disjunction Arm Cops (Spattering Disjunction)","Perfected Null Arca Bracers (Perfected Slivers of the Null Arca)","","Spattering Disjunction Guards (Spattering Disjunction)","Spattering Disjunction Boots (Spattering Disjunction)","","Perfected Null Arca Ring (Perfected Slivers of the Null Arca)","Perfected Null Arca Ring (Perfected Slivers of the Null Arca)","Perfected Null Arca Dagger (Perfected Slivers of the Null Arca)","Perfected Null Arca Dagger (Perfected Slivers of the Null Arca)","The Maelstrom's Perfected Greatsword (Perfected Merciless Charge)"," ()","Cephaliarch's Flail","Camouflaged Hunter","Quick Cloak","Pragmatic Fatecarver","Barbed Trap","Flawless Dawnbreaker","Stampede","Inspired Scholarship","Echoing Vigor","Fulminating Rune","Cruxweaver Armor","The Languid Eye"
"Ossein Cage","Jynorah and Skorkhif","https://www.esologs.com/reports/3vP9hfTWVC182tJM#fight=76&type=summary&source=15","@SadYoungMan","The Eighth Inner Gate","herald-soldier-x-perfected-slivers-of-the-null-arca-spattering-disjunction","dps","Herald","Soldier","x","Spattering Disjunction","Perfected Slivers of the Null Arca","120877.2","2512.0","37.4","120877.2 DPS","","Slimecraw Guise (Slimecraw)","Spattering Disjunction Jack (Spattering Disjunction)","Spattering Disjunction Arm Cops (Spattering Disjunction)","Spattering Disjunction Bracers (Spattering Disjunction)","","Perfected Null Arca Guards (Perfected Slivers of the Null Arca)","Spattering Disjunction Boots (Spattering Disjunction)","","Perfected Null Arca Ring (Perfected Slivers of the Null Arca)","Perfected Null Arca Ring (Perfected Slivers of the Null Arca)","Perfected Null Arca Dagger (Perfected Slivers of the Null Arca)","Perfected Null Arca Dagger (Perfected Slivers of the Null Arca)","The Maelstrom's Perfected Greatsword (Perfected Merciless Charge)"," ()","Cephaliarch's Flail","Pragmatic Fatecarver","Quick Cloak","Camouflaged Hunter","Banner Bearer","Flawless Dawnbreaker","Stampede","Inspired Scholarship","Fulminating Rune","Cruxweaver Armor","Banner Bearer","The Languid Eye"
"Ossein Cage","Jynorah and Skorkhif","https://www.esologs.com/reports/3vP9hfTWVC182tJM#fight=76&type=summary&source=12","@Wolf_Adrian","Cruxwolf","herald-soldier-x-perfected-slivers-of-the-null-arca-spattering-disjunction","dps","Herald","Soldier","x","Perfected Slivers of the Null Arca","Spattering Disjunction","98068.2","6655.7","19.8","98068.2 DPS","","Slimecraw Guise (Slimecraw)","Perfected Null Arca Jack (Perfected Slivers of the Null Arca)","Perfected Null Arca Arm Cops (Perfected Slivers of the Null Arca)","Perfected Null Arca Bracers (Perfected Slivers of the Null Arca)","","Perfected Null Arca Guards (Perfected Slivers of the Null Arca)","Spattering Disjunction Boots (Spattering Disjunction)","","Spattering Disjunction Ring (Spattering Disjunction)","Spattering Disjunction Ring (Spattering Disjunction)","Spattering Disjunction Dagger (Spattering Disjunction)","Spattering Disjunction Dagger (Spattering Disjunction)","The Maelstrom's Perfected Greatsword (Perfected Merciless Charge)"," ()","Cephaliarch's Flail","Pragmatic Fatecarver","Quick Cloak","Barbed Trap","Camouflaged Hunter","Flawless Dawnbreaker","Stampede","Fulminating Rune","Inspired Scholarship","Cruxweaver Armor","Echoing Vigor","The Languid Eye"
"Ossein Cage","Jynorah and Skorkhif","https://www.esologs.com/reports/3vP9hfTWVC182tJM#fight=76&type=summary&source=2","@Missina","Aurora Invara","herald-soldier-x-perfected-slivers-of-the-null-arca-spattering-disjunction","dps","Herald","Soldier","x","Perfected Slivers of the Null Arca","Spattering Disjunction","106538.4","4616.3","21.3","106538.4 DPS","","Slimecraw Guise (Slimecraw)","Perfected Null Arca Jack (Perfected Slivers of the Null Arca)","Perfected Null Arca Arm Cops (Perfected Slivers of the Null Arca)","Perfected Null Arca Bracers (Perfected Slivers of the Null Arca)","","Spattering Disjunction Guards (Spattering Disjunction)","Perfected Null Arca Boots (Perfected Slivers of the Null Arca)","","Spattering Disjunction Ring (Spattering Disjunction)","Spattering Disjunction Ring (Spattering Disjunction)","Spattering Disjunction Dagger (Spattering Disjunction)","Spattering Disjunction Dagger (Spattering Disjunction)","The Maelstrom's Perfected Greatsword (Perfected Merciless Charge)"," ()","Barbed Trap","Quick Cloak","Cephaliarch's Flail","Pragmatic Fatecarver","Camouflaged Hunter","Flawless Dawnbreaker","Inspired Scholarship","Stampede","Scalding Rune","Fulminating Rune","Cruxweaver Armor","The Languid Eye"
"Ossein Cage","Jynorah and Skorkhif","https://www.esologs.com/reports/3vP9hfTWVC182tJM#fight=76&type=summary&source=3","@I_RobzzX","Berta die Buschige","herald-soldier-x-perfected-slivers-of-the-null-arca-spattering-disjunction","dps","Herald","Soldier","x","Perfected Slivers of the Null Arca","Spattering Disjunction","106778.6","4479.0","41.8","106778.6 DPS","","Slimecraw Mask (Slimecraw)","Perfected Null Arca Jack (Perfected Slivers of the Null Arca)","Spattering Disjunction Arm Cops (Spattering Disjunction)","Perfected Null Arca Bracers (Perfected Slivers of the Null Arca)","","Spattering Disjunction Guards (Spattering Disjunction)","Spattering Disjunction Boots (Spattering Disjunction)","","Spattering Disjunction Ring (Spattering Disjunction)","Spattering Disjunction Ring (Spattering Disjunction)","Perfected Null Arca Dagger (Perfected Slivers of the Null Arca)","Perfected Null Arca Dagger (Perfected Slivers of the Null Arca)","The Maelstrom's Perfected Greatsword (Perfected Merciless Charge)"," ()","Pragmatic Fatecarver","Cephaliarch's Flail","Barbed Trap","Quick Cloak","Camouflaged Hunter","Flawless Dawnbreaker","Elemental Blockade","Inspired Scholarship","Echoing Vigor","Fulminating Rune","Cruxweaver Armor","The Languid Eye"
"Ossein Cage","Jynorah and Skorkhif","https://www.esologs.com/reports/3vP9hfTWVC182tJM#fight=76&type=summary&source=2","@LordBuggaMan","Ariêca","herald-soldier-x-perfected-slivers-of-the-null-arca-spattering-disjunction","dps","Herald","Soldier","x","Perfected Slivers of the Null Arca","Spattering Disjunction","129468.9","2014.1","34.0","129468.9 DPS","","Slimecraw Guise (Slimecraw)","Perfected Null Arca Jack (Perfected Slivers of the Null Arca)","Perfected Null Arca Arm Cops (Perfected Slivers of the Null Arca)","Spattering Disjunction Bracers (Spattering Disjunction)","","Perfected Null Arca Guards (Perfected Slivers of the Null Arca)","Spattering Disjunction Boots (Spattering Disjunction)","","Spattering Disjunction Ring (Spattering Disjunction)","Spattering Disjunction Ring (Spattering Disjunction)","Perfected Null Arca Dagger (Perfected Slivers of the Null Arca)","Perfected Null Arca Dagger (Perfected Slivers of the Null Arca)","The Maelstrom's Perfected Greatsword (Perfected Merciless Charge)"," ()","Tentacular Dread","Quick Cloak","Escalating Runeblades","Pragmatic Fatecarver","Camouflaged Hunter","The Languid Eye","Cruxweaver Armor","Inspired Scholarship","Stampede","Fulminating Rune","Executioner","The Languid Eye"
"Ossein Cage","Jynorah and Skorkhif","https://www.esologs.com/reports/3vP9hfTWVC182tJM#fight=76&type=summary&source=8","@O815Gamer","Outbeams-your-Templar","herald-soldier-x-perfected-slivers-of-the-null-arca-spattering-disjunction","dps","Herald","Soldier","x","Spattering Disjunction","Perfected Slivers of the Null Arca","114847.7","2693.6","32.4","114847.7 DPS","","Slimecraw Guise (Slimecraw)","Spattering Disjunction Jack (Spattering Disjunction)","Spattering Disjunction Arm Cops (Spattering Disjunction)","Perfected Null Arca Bracers (Perfected Slivers of the Null Arca)","","Spattering Disjunction Guards (Spattering Disjunction)","Perfected Null Arca Boots (Perfected Slivers of the Null Arca)","","Spattering Disjunction Ring (Spattering Disjunction)","Spattering Disjunction Ring (Spattering Disjunction)","Perfected Null Arca Dagger (Perfected Slivers of the Null Arca)","Perfected Null Arca Dagger (Perfected Slivers of the Null Arca)","The Maelstrom's Perfected Greatsword (Perfected Merciless Charge)"," ()","Cephaliarch's Flail","Pragmatic Fatecarver","Quick Cloak","Camouflaged Hunter","Banner Bearer","Flawless Dawnbreaker","Fulminating Rune","Stampede","Cruxweaver Armor","Inspired Scholarship","Banner Bearer","The Languid Eye"
"Ossein Cage","Jynorah and Skorkhif","https://www.esologs.com/reports/3vP9hfTWVC182tJM#fight=76&type=summary&source=4","@BallTongue_o","Balltongue","herald-soldier-x-perfected-slivers-of-the-null-arca-spattering-disjunction","dps","Herald","Soldier","x","Spattering Disjunction","Perfected Slivers of the Null Arca","101984.7","2812.8","28.8","101984.7 DPS","","Kra'gh Guise (Kra'gh)","Spattering Disjunction Jack (Spattering Disjunction)","Spattering Disjunction Arm Cops (Spattering Disjunction)","Spattering Disjunction Bracers (Spattering Disjunction)","","Spattering Disjunction Guards (Spattering Disjunction)","Perfected Null Arca Boots (Perfected Slivers of the Null Arca)","","Perfected Null Arca Ring (Perfected Slivers of the Null Arca)","Perfected Null Arca Ring (Perfected Slivers of the Null Arca)","Perfected Null Arca Dagger (Perfected Slivers of the Null Arca)","Perfected Null Arca Dagger (Perfected Slivers of the Null Arca)","The Maelstrom's Perfected Greatsword (Perfected Merciless Charge)"," ()","Pragmatic Fatecarver","Barbed Trap","Quick Cloak","Cephaliarch's Flail","Camouflaged Hunter","Flawless Dawnbreaker","Stampede","Inspired Scholarship","Fulminating Rune","Scalding Rune","Cruxweaver Armor","The Languid Eye"
"Ossein Cage","Jynorah and Skorkhif","https://www.esologs.com/reports/3vP9hfTWVC182tJM#fight=76&type=summary&source=12","@Narathzul1","Zęlárá","herald-soldier-x-perfected-slivers-of-the-null-arca-spattering-disjunction","dps","Herald","Soldier","x","Spattering Disjunction","Perfected Slivers of the Null Arca","126268.5","1782.8","40.6","126268.5 DPS","","Slimecraw Guise (Slimecraw)","Spattering Disjunction Jack (Spattering Disjunction)","Perfected Null Arca Arm Cops (Perfected Slivers of the Null Arca)","Spattering Disjunction Bracers (Spattering Disjunction)","","Spattering Disjunction Guards (Spattering Disjunction)","Spattering Disjunction Boots (Spattering Disjunction)","","Perfected Null Arca Ring (Perfected Slivers of the Null Arca)","Perfected Null Arca Ring (Perfected Slivers of the Null Arca)","Perfected Null Arca Dagger (Perfected Slivers of the Null Arca)","Perfected Null Arca Dagger (Perfected Slivers of the Null Arca)","The Maelstrom's Perfected Greatsword (Perfected Merciless Charge)"," ()","Quick Cloak","Camouflaged Hunter","Tentacular Dread","Escalating Runeblades","Pragmatic Fatecarver","The Languid Eye","Cruxweaver Armor","Inspired Scholarship","Fulminating Rune","Stampede","Executioner","The Languid Eye"
"Ossein Cage","Jynorah and Skorkhif","https://www.esologs.com/reports/3vP9hfTWVC182tJM#fight=76&type=summary&source=7","@LasLael","Lansyla Bellanaris","herald-soldier-x-perfected-slivers-of-the-null-arca-spattering-disjunction","dps","Herald","Soldier","x","Perfected Slivers of the Null Arca","Spattering Disjunction","95516.9","5294.9","26.5","95516.9 DPS","","Perfected Null Arca Helmet (Perfected Slivers of the Null Arca)","Spattering Disjunction Jack (Spattering Disjunction)","Valkyn Skoria Epaulets (Valkyn Skoria)","Spattering Disjunction Bracers (Spattering Disjunction)","","Spattering Disjunction Guards (Spattering Disjunction)","Spattering Disjunction Boots (Spattering Disjunction)","","Perfected Null Arca Ring (Perfected Slivers of the Null Arca)","Perfected Null Arca Ring (Perfected Slivers of the Null Arca)","Perfected Null Arca Dagger (Perfected Slivers of the Null Arca)","Perfected Null Arca Dagger (Perfected Slivers of the Null Arca)","The Maelstrom's Perfected Greatsword (Perfected Merciless Charge)"," ()","Cephaliarch's Flail","Pragmatic Fatecarver","Barbed Trap","Quick Cloak","Camouflaged Hunter","Flawless Dawnbreaker","Stampede","Fulminating Rune","Cruxweaver Armor","Inspired Scholarship","Resolving Vigor","The Languid Eye"
"Ossein Cage","Jynorah and Skorkhif","https://www.esologs.com/reports/3vP9hfTWVC182tJM#fight=76&type=summary&source=8","@iPlugg","Pluĝ","herald-soldier-x-perfected-slivers-of-the-null-arca-spattering-disjunction","dps","Herald","Soldier","x","Spattering Disjunction","Perfected Slivers of the Null Arca","102953.9","4305.9","27.3","102953.9 DPS","","Spattering Disjunction Helmet (Spattering Disjunction)","Spattering Disjunction Jack (Spattering Disjunction)","Valkyn Skoria Epaulets (Valkyn Skoria)","Perfected Null Arca Bracers (Perfected Slivers of the Null Arca)","","Spattering Disjunction Guards (Spattering Disjunction)","Spattering Disjunction Boots (Spattering Disjunction)","","Perfected Null Arca Ring (Perfected Slivers of the Null Arca)","Perfected Null Arca Ring (Perfected Slivers of the Null Arca)","Perfected Null Arca Dagger (Perfected Slivers of the Null Arca)","Perfected Null Arca Dagger (Perfected Slivers of the Null Arca)","The Maelstrom's Perfected Inferno Staff (Perfected Crushing Wall)"," ()","Elude","Barbed Trap","Camouflaged Hunter","Cephaliarch's Flail","Pragmatic Fatecarver","Flawless Dawnbreaker","Fulminating Rune","Elemental Blockade","Resolving Vigor","Cruxweaver Armor","Inspired Scholarship","The Languid Eye"
"Ossein Cage","Jynorah and Skorkhif","https://www.esologs.com/reports/3vP9hfTWVC182tJM#fight=76&type=summary&source=2","@chanpion1","Abbicus the Gray","herald-soldier-x-perfected-slivers-of-the-null-arca-spattering-disjunction","dps","Herald","Soldier","x","Perfected Slivers of the Null Arca","Spattering Disjunction","110277.5","1580.0","23.2","110277.5 DPS","","Perfected Null Arca Helmet (Perfected Slivers of the Null Arca)","Spattering Disjunction Jack (Spattering Disjunction)","Valkyn Skoria Epaulets (Valkyn Skoria)","Spattering Disjunction Bracers (Spattering Disjunction)","","Perfected Null Arca Guards (Perfected Slivers of the Null Arca)","Spattering Disjunction Boots (Spattering Disjunction)","","Spattering Disjunction Ring (Spattering Disjunction)","Perfected Null Arca Ring (Perfected Slivers of the Null Arca)","Perfected Null Arca Dagger (Perfected Slivers of the Null Arca)","Perfected Null Arca Dagger (Perfected Slivers of the Null Arca)","The Master's Perfected Bow (Perfected Caustic Arrow)"," ()","Camouflaged Hunter","Quick Cloak","Barbed Trap","Escalating Runeblades","Pragmatic Fatecarver","Flawless Dawnbreaker","Cruxweaver Armor","Inspired Scholarship","Poison Injection","Tentacular Dread","Endless Hail","The Languid Eye"
"Ossein Cage","Jynorah and Skorkhif","https://www.esologs.com/reports/3vP9hfTWVC182tJM#fight=76&type=summary&source=4","@MagiiC_One","Jeánne d Arc","herald-soldier-x-perfected-slivers-of-the-null-arca-spattering-disjunction","dps","Herald","Soldier","x","Spattering Disjunction","Perfected Slivers of the Null Arca","85329.7","3864.1","23.9","85329.7 DPS","","Valkyn Skoria Guise (Valkyn Skoria)","Spattering Disjunction Jack (Spattering Disjunction)","Spattering Disjunction Arm Cops (Spattering Disjunction)","Spattering Disjunction Bracers (Spattering Disjunction)","","Spattering Disjunction Guards (Spattering Disjunction)","Spattering Disjunction Boots (Spattering Disjunction)","","Perfected Null Arca Ring (Perfected Slivers of the Null Arca)","Perfected Null Arca Ring (Perfected Slivers of the Null Arca)","Null Arca Dagger (Slivers of the Null Arca)","Null Arca Dagger (Slivers of the Null Arca)","The Maelstrom's Perfected Inferno Staff (Perfected Crushing Wall)"," ()","Fulminating Rune","Banner Bearer","Camouflaged Hunter","Cephaliarch's Flail","Pragmatic Fatecarver","Flawless Dawnbreaker","Echoing Vigor","Banner Bearer","Inspired Scholarship","Elemental Blockade","Cruxweaver Armor","The Languid Eye"
"Ossein Cage","Jynorah and Skorkhif","https://www.esologs.com/reports/3vP9hfTWVC182tJM#fight=76&type=summary&source=3","@ASSA-Zz","Crispy Crux","herald-soldier-x-perfected-slivers-of-the-null-arca-spattering-disjunction","dps","Herald","Soldier","x","Spattering Disjunction","Perfected Slivers of the Null Arca","105504.5","4840.4","35.3","105504.5 DPS","","Valkyn Skoria Guise (Valkyn Skoria)","Spattering Disjunction Jack (Spattering Disjunction)","Perfected Null Arca Arm Cops (Perfected Slivers of the Null Arca)","Spattering Disjunction Bracers (Spattering Disjunction)","","Spattering Disjunction Guards (Spattering Disjunction)","Spattering Disjunction Boots (Spattering Disjunction)","","Perfected Null Arca Ring (Perfected Slivers of the Null Arca)","Perfected Null Arca Ring (Perfected Slivers of the Null Arca)","Perfected Null Arca Dagger (Perfected Slivers of the Null Arca)","Perfected Null Arca Dagger (Perfected Slivers of the Null Arca)","The Maelstrom's Perfected Inferno Staff (Perfected Crushing Wall)"," ()","Quick Cloak","Cephaliarch's Flail","Barbed Trap","Pragmatic Fatecarver","Camouflaged Hunter","Flawless Dawnbreaker","Elemental Blockade","Fulminating Rune","Cruxweaver Armor","Inspired Scholarship","Echoing Vigor","The Languid Eye"
"Ossein Cage","Jynorah and Skorkhif","https://www.esologs.com/reports/3vP9hfTWVC182tJM#fight=76&type=summary&source=11","@Plada","Tvoya Trevognostb","herald-soldier-x-perfected-slivers-of-the-null-arca-spattering-disjunction","dps","Herald","Soldier","x","Spattering Disjunction","Perfected Slivers of the Null Arca","99262.7","11893.3","30.8","99262.7 DPS","","Slimecraw Guise (Slimecraw)","Spattering Disjunction Jack (Spattering Disjunction)","Perfected Null Arca Arm Cops (Perfected Slivers of the Null Arca)","Spattering Disjunction Bracers (Spattering Disjunction)","","Spattering Disjunction Guards (Spattering Disjunction)","Spattering Disjunction Boots (Spattering Disjunction)","","Perfected Null Arca Ring (Perfected Slivers of the Null Arca)","Perfected Null Arca Ring (Perfected Slivers of the Null Arca)","Perfected Null Arca Dagger (Perfected Slivers of the Null Arca)","Perfected Null Arca Dagger (Perfected Slivers of the Null Arca)","The Maelstrom's Perfected Inferno Staff (Perfected Crushing Wall)"," ()","Barbed Trap","Cephaliarch's Flail","Pragmatic Fatecarver","Quick Cloak","Camouflaged Hunter","Flawless Dawnbreaker","Elemental Blockade","Fulminating Rune","Inspired Scholarship","Echoing Vigor","Cruxweaver Armor","The Languid Eye"
"Ossein Cage","Jynorah and Skorkhif","https://www.esologs.com/reports/3vP9hfTWVC182tJM#fight=76&type=summary&source=2","@RoyalTonberry","Better Than A Companion","herald-soldier-x-perfected-slivers-of-the-null-arca-spattering-disjunction","dps","Herald","Soldier","x","Spattering Disjunction","Perfected Slivers of the Null Arca","77680.5","7017.9","32.1","77680.5 DPS","","Valkyn Skoria Mask (Valkyn Skoria)","Spattering Disjunction Jack (Spattering Disjunction)","Perfected Null Arca Arm Cops (Perfected Slivers of the Null Arca)","Spattering Disjunction Bracers (Spattering Disjunction)","","Spattering Disjunction Guards (Spattering Disjunction)","Spattering Disjunction Boots (Spattering Disjunction)","","Perfected Null Arca Ring (Perfected Slivers of the Null Arca)","Perfected Null Arca Ring (Perfected Slivers of the Null Arca)","Perfected Null Arca Dagger (Perfected Slivers of the Null Arca)","Perfected Null Arca Dagger (Perfected Slivers of the Null Arca)","The Maelstrom's Perfected Inferno Staff (Perfected Crushing Wall)"," ()","Quick Cloak","Pragmatic Fatecarver","Camouflaged Hunter","Cephaliarch's Flail","Barbed Trap","The Languid Eye","Cruxweaver Armor","Fulminating Rune","Blockade of Fire","Echoing Vigor","Inspired Scholarship","The Languid Eye"
"Ossein Cage","Jynorah and Skorkhif","https://www.esologs.com/reports/3vP9hfTWVC182tJM#fight=76&type=summary&source=6","@DreamTheater74","The Glass Prison","herald-soldier-x-perfected-slivers-of-the-null-arca-spattering-disjunction","dps","Herald","Soldier","x","Spattering Disjunction","Perfected Slivers of the Null Arca","86581.1","4881.1","40.5","86581.1 DPS","","Slimecraw Guise (Slimecraw)","Spattering Disjunction Jack (Spattering Disjunction)","Perfected Null Arca Arm Cops (Perfected Slivers of the Null Arca)","Spattering Disjunction Bracers (Spattering Disjunction)","","Spattering Disjunction Guards (Spattering Disjunction)","Perfected Null Arca Boots (Perfected Slivers of the Null Arca)","","Spattering Disjunction Ring (Spattering Disjunction)","Perfected Null Arca Ring (Perfected Slivers of the Null Arca)","Perfected Null Arca Dagger (Perfected Slivers of the Null Arca)","Perfected Null Arca Dagger (Perfected Slivers of the Null Arca)","The Maelstrom's Perfected Inferno Staff (Perfected Crushing Wall)"," ()","Pragmatic Fatecarver","Quick Cloak","Cephaliarch's Flail","Camouflaged Hunter","Barbed Trap","The Languid Eye","Fulminating Rune","Inspired Scholarship","Blockade of Fire","Cruxweaver Armor","Echoing Vigor","The Languid Eye"
"Ossein Cage","Jynorah and Skorkhif","https://www.esologs.com/reports/3vP9hfTWVC182tJM#fight=76&type=summary&source=4","@ImperfectPitch","M'zuraar","herald-soldier-x-perfected-slivers-of-the-null-arca-spattering-disjunction","dps","Herald","Soldier","x","Perfected Slivers of the Null Arca","Spattering Disjunction","98174.3","3528.0","43.9","98174.3 DPS","","Valkyn Skoria Guise (Valkyn Skoria)","Perfected Null Arca Jack (Perfected Slivers of the Null Arca)","Spattering Disjunction Arm Cops (Spattering Disjunction)","Perfected Null Arca Bracers (Perfected Slivers of the Null Arca)","","Perfected Null Arca Guards (Perfected Slivers of the Null Arca)","Perfected Null Arca Boots (Perfected Slivers of the Null Arca)","","Spattering Disjunction Ring (Spattering Disjunction)","Spattering Disjunction Ring (Spattering Disjunction)","Spattering Disjunction Dagger (Spattering Disjunction)","Spattering Disjunction Dagger (Spattering Disjunction)","The Maelstrom's Perfected Greatsword (Perfected Merciless Charge)"," ()","Quick Cloak","Camouflaged Hunter","Cephaliarch's Flail","Pragmatic Fatecarver","Shocking Banner (Cavalier's Charge / Courage)","Flawless Dawnbreaker","Stampede","Cruxweaver Armor","Inspired Scholarship","Fulminating Rune","Shocking Banner (Cavalier's Charge / Courage)","The Languid Eye"
"Ossein Cage","Jynorah and Skorkhif","https://www.esologs.com/reports/7PmvCZMkbxpGaRQ9#fight=23&type=summary&source=2","@RedKz4","Uzreidhur","grave-x-x-corpseburster-perfected-slivers-of-the-null-arca","dps","Grave","x","x","Corpseburster","Perfected Slivers of the Null Arca","65109.7","10128.5","48.4","65109.7 DPS","","Slimecraw Mask (Slimecraw)","Corpseburster Jack (Corpseburster)","Corpseburster Arm Cops (Corpseburster)","Perfected Null Arca Bracers (Perfected Slivers of the Null Arca)","","Perfected Null Arca Guards (Perfected Slivers of the Null Arca)","Perfected Null Arca Boots (Perfected Slivers of the Null Arca)","","Perfected Null Arca Ring (Perfected Slivers of the Null Arca)","Perfected Null Arca Ring (Perfected Slivers of the Null Arca)","Corpseburster Dagger (Corpseburster)","Corpseburster Dagger (Corpseburster)","The Maelstrom's Perfected Greatsword (Perfected Merciless Charge)"," ()","Blighted Blastbones","Detonating Siphon","Unnerving Boneyard","Venom Skull","Banner Bearer","Flawless Dawnbreaker","Stampede","Scalding Rune","Echoing Vigor","Skeletal Archer","Banner Bearer","Glacial Colossus"
"Ossein Cage","Jynorah and Skorkhif","https://www.esologs.com/reports/7PmvCZMkbxpGaRQ9#fight=23&type=summary&source=6","@JohnnyTsunami1337","Hampelfrau","grave-x-x-corpseburster-perfected-slivers-of-the-null-arca","dps","Grave","x","x","Perfected Slivers of the Null Arca","Corpseburster","79847.9","1683.3","55.5","79847.9 DPS","","Slimecraw Mask (Slimecraw)","Perfected Null Arca Jack (Perfected Slivers of the Null Arca)","Corpseburster Arm Cops (Corpseburster)","Perfected Null Arca Bracers (Perfected Slivers of the Null Arca)","","Perfected Null Arca Guards (Perfected Slivers of the Null Arca)","Perfected Null Arca Boots (Perfected Slivers of the Null Arca)","","Corpseburster Ring (Corpseburster)","Corpseburster Ring (Corpseburster)","Corpseburster Dagger (Corpseburster)","Corpseburster Dagger (Corpseburster)","The Maelstrom's Perfected Greatsword (Perfected Merciless Charge)"," ()","Blighted Blastbones","Unnerving Boneyard","Venom Skull","Detonating Siphon","Banner Bearer","Flawless Dawnbreaker","Barbed Trap","Skeletal Archer","Scalding Rune","Stampede","Banner Bearer","Glacial Colossus"
"Ossein Cage","Jynorah and Skorkhif","https://www.esologs.com/reports/7PmvCZMkbxpGaRQ9#fight=23&type=summary&source=13","@Smick_94","Nela Beda","grave-x-x-corpseburster-perfected-slivers-of-the-null-arca","dps","Grave","x","x","Perfected Slivers of the Null Arca","Corpseburster","76879.4","3612.9","47.1","76879.4 DPS","","Valkyn Skoria Guise (Valkyn Skoria)","Perfected Null Arca Jack (Perfected Slivers of the Null Arca)","Corpseburster Arm Cops (Corpseburster)","Perfected Null Arca Bracers (Perfected Slivers of the Null Arca)","","Perfected Null Arca Guards (Perfected Slivers of the Null Arca)","Perfected Null Arca Boots (Perfected Slivers of the Null Arca)","","Corpseburster Ring (Corpseburster)","Corpseburster Ring (Corpseburster)","Corpseburster Dagger (Corpseburster)","Corpseburster Dagger (Corpseburster)","The Maelstrom's Perfected Greatsword (Perfected Merciless Charge)"," ()","Blighted Blastbones","Venom Skull","Unnerving Boneyard","Detonating Siphon","Banner Bearer","Flawless Dawnbreaker","Stampede","Scalding Rune","Barbed Trap","Skeletal Archer","Banner Bearer","Glacial Colossus"
"Ossein Cage","Jynorah and Skorkhif","https://www.esologs.com/reports/7PmvCZMkbxpGaRQ9#fight=23&type=summary&source=13","@xpxJp1875","Corpse Bride's Terror","grave-x-x-corpseburster-perfected-slivers-of-the-null-arca","dps","Grave","x","x","Perfected Slivers of the Null Arca","Corpseburster","80272.8","4250.4","68.3","80272.8 DPS","","Perfected Null Arca Helmet (Perfected Slivers of the Null Arca)","Corpseburster Jack (Corpseburster)","Zaan Arm Cops (Zaan)","Corpseburster Bracers (Corpseburster)","","Corpseburster Guards (Corpseburster)","Perfected Null Arca Boots (Perfected Slivers of the Null Arca)","","Perfected Null Arca Ring (Perfected Slivers of the Null Arca)","Perfected Null Arca Ring (Perfected Slivers of the Null Arca)","Corpseburster Dagger (Corpseburster)","Corpseburster Dagger (Corpseburster)","The Maelstrom's Perfected Inferno Staff (Perfected Crushing Wall)"," ()","Venom Skull","Blighted Blastbones","Unnerving Boneyard","Detonating Siphon","Sundering Banner (Class Flourish / Courage)","Flawless Dawnbreaker","Blockade of Fire","Bloody Contingency (Lingering Torment / Force)","Barbed Trap","Skeletal Archer","Sundering Banner (Class Flourish / Courage)","Shooting Star"
"Ossein Cage","Jynorah and Skorkhif","https://www.esologs.com/reports/7PmvCZMkbxpGaRQ9#fight=23&type=summary&source=15","@Xudowudo","Xu'do","grave-x-x-corpseburster-perfected-slivers-of-the-null-arca","dps","Grave","x","x","Perfected Slivers of the Null Arca","Corpseburster","83280.0","2156.6","72.7","83280.0 DPS","The Thief","Slimecraw Guise (Slimecraw)","Perfected Null Arca Jack (Perfected Slivers of the Null Arca)","Corpseburster Arm Cops (Corpseburster)","Perfected Null Arca Bracers (Perfected Slivers of the Null Arca)","","Perfected Null Arca Guards (Perfected Slivers of the Null Arca)","Perfected Null Arca Boots (Perfected Slivers of the Null Arca)","","Corpseburster Ring (Corpseburster)","Corpseburster Ring (Corpseburster)","Corpseburster Dagger (Corpseburster)","Corpseburster Dagger (Corpseburster)","The Maelstrom's Perfected Greatsword (Perfected Merciless Charge)"," ()","Unnerving Boneyard","Venom Skull","Blighted Blastbones","Detonating Siphon","Shocking Banner (Class Flourish / Courage)","Flawless Dawnbreaker","Scalding Rune","Stampede","Anti-Cavalry Caltrops","Skeletal Archer","Shocking Banner (Class Flourish / Courage)","Shooting Star"
"Ossein Cage","Jynorah and Skorkhif","https://www.esologs.com/reports/GyaKWq2nYmA3zjJD#fight=21&type=summary&source=6","@AlproVanille","Lylith Elendis","herald-x-x-perfected-slivers-of-the-null-arca-spattering-disjunction","dps","Herald","x","x","Spattering Disjunction","Perfected Slivers of the Null Arca","87850.7","10216.0","31.8","87850.7 DPS","","Slimecraw Guise (Slimecraw)","Spattering Disjunction Jack (Spattering Disjunction)","Perfected Null Arca Arm Cops (Perfected Slivers of the Null Arca)","Spattering Disjunction Bracers (Spattering Disjunction)","","Spattering Disjunction Guards (Spattering Disjunction)","Spattering Disjunction Boots (Spattering Disjunction)","","Perfected Null Arca Ring (Perfected Slivers of the Null Arca)","Perfected Null Arca Ring (Perfected Slivers of the Null Arca)","Perfected Null Arca Dagger (Perfected Slivers of the Null Arca)","Perfected Null Arca Dagger (Perfected Slivers of the Null Arca)","The Maelstrom's Perfected Greatsword (Perfected Merciless Charge)"," ()","Quick Cloak","Banner Bearer","Camouflaged Hunter","Cephaliarch's Flail","Pragmatic Fatecarver","Flawless Dawnbreaker","Recuperative Treatise","Banner Bearer","Echoing Vigor","Stampede","Fulminating Rune","The Languid Eye"
"Ossein Cage","Jynorah and Skorkhif","https://www.esologs.com/reports/GyaKWq2nYmA3zjJD#fight=21&type=summary&source=5","@Vayla_Zvat","Elýsía","herald-x-x-perfected-slivers-of-the-null-arca-spattering-disjunction","dps","Herald","x","x","Spattering Disjunction","Perfected Slivers of the Null Arca","83417.7","4437.8","22.6","83417.7 DPS","","Slimecraw Guise (Slimecraw)","Spattering Disjunction Jack (Spattering Disjunction)","Perfected Null Arca Arm Cops (Perfected Slivers of the Null Arca)","Spattering Disjunction Bracers (Spattering Disjunction)","","Spattering Disjunction Guards (Spattering Disjunction)","Spattering Disjunction Boots (Spattering Disjunction)","","Perfected Null Arca Ring (Perfected Slivers of the Null Arca)","Perfected Null Arca Ring (Perfected Slivers of the Null Arca)","Perfected Null Arca Dagger (Perfected Slivers of the Null Arca)","Perfected Null Arca Dagger (Perfected Slivers of the Null Arca)","The Maelstrom's Perfected Inferno Staff (Perfected Crushing Wall)"," ()","Pragmatic Fatecarver","Quick Cloak","Cephaliarch's Flail","Barbed Trap","Camouflaged Hunter","The Languid Eye","Elemental Blockade","Resolving Vigor","Fulminating Rune","Camouflaged Hunter","Inspired Scholarship","The Languid Eye"
"Ossein Cage","Jynorah and Skorkhif","https://www.esologs.com/reports/GyaKWq2nYmA3zjJD#fight=21&type=summary&source=22","@ZappyD","zaggart pylon","herald-x-x-perfected-slivers-of-the-null-arca-spattering-disjunction","dps","Herald","x","x","Spattering Disjunction","Perfected Slivers of the Null Arca","103788.2","4902.2","33.3","103788.2 DPS","","Zaan Mask (Zaan)","Spattering Disjunction Jack (Spattering Disjunction)","Perfected Null Arca Arm Cops (Perfected Slivers of the Null Arca)","Spattering Disjunction Bracers (Spattering Disjunction)","","Spattering Disjunction Guards (Spattering Disjunction)","Spattering Disjunction Boots (Spattering Disjunction)","","Perfected Null Arca Ring (Perfected Slivers of the Null Arca)","Perfected Null Arca Ring (Perfected Slivers of the Null Arca)","Perfected Null Arca Dagger (Perfected Slivers of the Null Arca)","Perfected Null Arca Dagger (Perfected Slivers of the Null Arca)","The Maelstrom's Perfected Inferno Staff (Perfected Crushing Wall)"," ()","Pragmatic Fatecarver","Silver Leash","Cephaliarch's Flail","Quick Cloak","Camouflaged Hunter","Flawless Dawnbreaker","Resolving Vigor","Fulminating Rune","Elemental Blockade","Inspired Scholarship","Camouflaged Hunter","The Languid Eye"
"Ossein Cage","Jynorah and Skorkhif","https://www.esologs.com/reports/GyaKWq2nYmA3zjJD#fight=21&type=summary&source=3","@MAVIRIT","Kovul T'rizele","herald-x-x-perfected-slivers-of-the-null-arca-spattering-disjunction","dps","Herald","x","x","Spattering Disjunction","Perfected Slivers of the Null Arca","104356.5","6059.3","31.3","104356.5 DPS","","Slimecraw Guise (Slimecraw)","Spattering Disjunction Jack (Spattering Disjunction)","Perfected Null Arca Arm Cops (Perfected Slivers of the Null Arca)","Spattering Disjunction Bracers (Spattering Disjunction)","","Spattering Disjunction Guards (Spattering Disjunction)","Spattering Disjunction Boots (Spattering Disjunction)","","Perfected Null Arca Ring (Perfected Slivers of the Null Arca)","Perfected Null Arca Ring (Perfected Slivers of the Null Arca)","Perfected Null Arca Dagger (Perfected Slivers of the Null Arca)","Perfected Null Arca Dagger (Perfected Slivers of the Null Arca)","The Maelstrom's Perfected Greatsword (Perfected Merciless Charge)"," ()","Camouflaged Hunter","Pragmatic Fatecarver","Cephaliarch's Flail","Quick Cloak","Banner Bearer","Flawless Dawnbreaker","Banner Bearer","Echoing Vigor","Fulminating Rune","Inspired Scholarship","Stampede","The Languid Eye"
"Ossein Cage","Jynorah and Skorkhif","https://www.esologs.com/reports/GyaKWq2nYmA3zjJD#fight=21&type=summary&source=8","@Darkimpx","Ryinka","herald-x-x-perfected-slivers-of-the-null-arca-spattering-disjunction","dps","Herald","x","x","Perfected Slivers of the Null Arca","Spattering Disjunction","113061.9","3305.5","24.6","113061.9 DPS","The Ritual","Slimecraw Mask (Slimecraw)","Perfected Null Arca Jack (Perfected Slivers of the Null Arca)","Spattering Disjunction Arm Cops (Spattering Disjunction)","Spattering Disjunction Bracers (Spattering Disjunction)","","Spattering Disjunction Guards (Spattering Disjunction)","Spattering Disjunction Boots (Spattering Disjunction)","","Perfected Null Arca Ring (Perfected Slivers of the Null Arca)","Perfected Null Arca Ring (Perfected Slivers of the Null Arca)","Perfected Null Arca Dagger (Perfected Slivers of the Null Arca)","Perfected Null Arca Dagger (Perfected Slivers of the Null Arca)","The Maelstrom's Perfected Greatsword (Perfected Merciless Charge)"," ()","Cephaliarch's Flail","Exhausting Fatecarver","Camouflaged Hunter","Barbed Trap","Quick Cloak","Flawless Dawnbreaker","Inspired Scholarship","Fulminating Rune","Camouflaged Hunter","Stampede","Echoing Vigor","The Languid Eye"
"Ossein Cage","Jynorah and Skorkhif","https://www.esologs.com/reports/3vP9hfTWVC182tJM#fight=76&type=summary&source=7","@Billobob1991","Lilith Sahr","animal-green-winter-perfected-pillagers-profit-serpents-disdain","tank","Animal","Green","Winter","Serpent's Disdain","Perfected Pillager's Profit","6055.5","34325.0","45.1","45.1 CPM","The Atronach","Magma Incarnate Mask (Magma Incarnate)","Cuirass of Serpent's Disdain (Serpent's Disdain)","Spaulder of Ruin (Spaulder of Ruin)","Gauntlets of Serpent's Disdain (Serpent's Disdain)","","Greaves of Serpent's Disdain (Serpent's Disdain)","Sabatons of Serpent's Disdain (Serpent's Disdain)","","Perfected Pillager's Band (Perfected Pillager's Profit)","Perfected Pillager's Band (Perfected Pillager's Profit)","Perfected Transformative Hope Ice Staff (Perfected Transformative Hope)"," ()","Perfected Pillager's Ice Staff (Perfected Pillager's Profit)"," ()","Energy Orb","Inner Rage","Budding Seeds","Exhilarating Drain","Polar Wind","Wild Guardian","Blue Betty","Elemental Susceptibility","Expansive Frost Cloak","Elemental Blockade","Green Lotus","Reviving Barrier"
"Ossein Cage","Jynorah and Skorkhif","https://www.esologs.com/reports/3vP9hfTWVC182tJM#fight=76&type=summary&source=3","@Kraaii","Addilyn Olwen","animal-green-winter-perfected-pillagers-profit-serpents-disdain","healer","Animal","Green","Winter","Serpent's Disdain","Perfected Pillager's Profit","4928.6","49947.3","76.0","49947.3 HPS","","Nazaray Guise (Nazaray)","Jerkin of Serpent's Disdain (Serpent's Disdain)","Nazaray Epaulets (Nazaray)","Gloves of Serpent's Disdain (Serpent's Disdain)","","Breeches of Serpent's Disdain (Serpent's Disdain)","Shoes of Serpent's Disdain (Serpent's Disdain)","","Perfected Pillager's Band (Perfected Pillager's Profit)","Perfected Pillager's Band (Perfected Pillager's Profit)","The Master's Perfected Restoration Staff (Perfected Grand Rejuvenation)"," ()","Perfected Pillager's Ice Staff (Perfected Pillager's Profit)"," ()","Illustrious Healing","Radiating Regeneration","Echoing Vigor","Lotus Blossom","Blessing of Restoration","Feral Guardian","Winter's Revenge","Elemental Susceptibility","Budding Seeds","Expansive Frost Cloak","Energy Orb","Reviving Barrier"
"Ossein Cage","Jynorah and Skorkhif","https://www.esologs.com/reports/3vP9hfTWVC182tJM#fight=76&type=summary&source=1","@Neifary","Shieldweaver","curative-soldier-x-master-architect-spell-power-cure","healer","Curative","Soldier","x","Spell Power Cure","Master Architect","3047.9","68118.9","59.2","68118.9 HPS","The Ritual","Nazaray Guise (Nazaray)","Spell Power Cure Jerkin (Spell Power Cure)","Nazaray Epaulets (Nazaray)","Spell Power Cure Gloves (Spell Power Cure)","","Spell Power Cure Breeches (Spell Power Cure)","Spell Power Cure Shoes (Spell Power Cure)","","Master Architect Ring (Master Architect)","Master Architect Ring (Master Architect)","The Master's Perfected Restoration Staff (Perfected Grand Rejuvenation)"," ()","Master Architect Lightning Staff (Master Architect)"," ()","Radiating Regeneration","Blessing of Restoration","Healing Springs","Echoing Vigor","Tidal Chakram","Reviving Barrier","Energy Orb","Elemental Blockade","Reconstructive Domain","Overflowing Altar","Cruxweaver Armor","Aggressive Horn"
"Ossein Cage","Jynorah and Skorkhif","https://www.esologs.com/reports/3vP9hfTWVC182tJM#fight=76&type=summary&source=6","@NovaPixel","Lycia Evanis","curative-soldier-x-master-architect-spell-power-cure","healer","Curative","Soldier","x","Spell Power Cure","Master Architect","1594.6","62024.2","53.6","62024.2 HPS","","Symphony of Blades Mask (Symphony of Blades)","Spell Power Cure Robe (Spell Power Cure)","Spaulder of Ruin (Spaulder of Ruin)","Spell Power Cure Gloves (Spell Power Cure)","","Spell Power Cure Breeches (Spell Power Cure)","Spell Power Cure Shoes (Spell Power Cure)","","Master Architect Ring (Master Architect)","Master Architect Ring (Master Architect)","The Asylum's Perfected Restoration Staff (Perfected Timeless Blessing)"," ()","Master Architect Dagger (Master Architect)","Master Architect Dagger (Master Architect)","Blessing of Restoration","Illustrious Healing","Echoing Vigor","Radiating Regeneration","Warding Burst","Glyphic of the Tides","Shattering Knife","Energy Orb","Reconstructive Domain","Cruxweaver Armor","Runic Sunder","Reviving Barrier"
"Ossein Cage","Jynorah and Skorkhif","https://www.esologs.com/reports/3vP9hfTWVC182tJM#fight=76&type=summary&source=5","@Pixel_Frost","Grossekraft Grosse Verant","daedric-storm-x-perfected-pearlescent-ward-perfected-xoryns-masterpiece","tank","Daedric","Storm","x","Perfected Xoryn's Masterpiece","Perfected Pearlescent Ward","9750.7","22797.1","60.4","60.4 CPM","The Atronach","Magma Incarnate Visage (Magma Incarnate)","Perfected Pearlescent Cuirass (Perfected Pearlescent Ward)","Spaulder of Ruin (Spaulder of Ruin)","Perfected Pearlescent Gauntlets (Perfected Pearlescent Ward)","","Perfected Pearlescent Greaves (Perfected Pearlescent Ward)","Perfected Pearlescent Sabatons (Perfected Pearlescent Ward)","","Xoryn's Perfected Ring (Perfected Xoryn's Masterpiece)","Xoryn's Perfected Ring (Perfected Xoryn's Masterpiece)","Xoryn's Perfected Ice Staff (Perfected Xoryn's Masterpiece)"," ()","Xoryn's Perfected Ice Staff (Perfected Xoryn's Masterpiece)"," ()","Vibrant Shroud","Echoing Vigor","Exhilarating Drain","Inner Rage","Healing Contingency","Replenishing Barrier","Elemental Blockade","Elemental Susceptibility","Liquid Lightning","Boundless Storm","Energy Orb","Summon Charged Atronach"
"Ossein Cage","Jynorah and Skorkhif","https://www.esologs.com/reports/3vP9hfTWVC182tJM#fight=76&type=summary&source=7","@Ragnar525","Noch'n-Spruch-Kieferbruch","daedric-storm-x-perfected-pearlescent-ward-perfected-xoryns-masterpiece","tank","Daedric","Storm","x","Perfected Xoryn's Masterpiece","Perfected Pearlescent Ward","6194.8","15416.9","44.3","44.3 CPM","","Nazaray Mask (Nazaray)","Perfected Pearlescent Cuirass (Perfected Pearlescent Ward)","Nazaray Epaulets (Nazaray)","Perfected Pearlescent Gauntlets (Perfected Pearlescent Ward)","","Perfected Pearlescent Greaves (Perfected Pearlescent Ward)","Perfected Pearlescent Sabatons (Perfected Pearlescent Ward)","","Xoryn's Perfected Ring (Perfected Xoryn's Masterpiece)","Xoryn's Perfected Ring (Perfected Xoryn's Masterpiece)","Xoryn's Perfected Ice Staff (Perfected Xoryn's Masterpiece)"," ()","Xoryn's Perfected Ice Staff (Perfected Xoryn's Masterpiece)"," ()","Inner Rage","Vibrant Shroud","Hardened Ward","Exhilarating Drain","Echoing Vigor","Reviving Barrier","Elemental Susceptibility","Lightning Flood","Energy Orb","Hurricane","Elemental Blockade","Aggressive Horn"
"Ossein Cage","Jynorah and Skorkhif","https://www.esologs.com/reports/7PmvCZMkbxpGaRQ9#fight=23&type=summary&source=16","@Hjorth","Deer-In-Shadows","shadow-siphon-x-perfected-pearlescent-ward-war-machine","tank","Shadow","Siphon","x","Perfected Pearlescent Ward","War Machine","3180.1","17726.7","39.0","39.0 CPM","","Magma Incarnate Visage (Magma Incarnate)","Perfected Pearlescent Cuirass (Perfected Pearlescent Ward)","Spaulder of Ruin (Spaulder of Ruin)","Perfected Pearlescent Gauntlets (Perfected Pearlescent Ward)","","Perfected Pearlescent Greaves (Perfected Pearlescent Ward)","Perfected Pearlescent Sabatons (Perfected Pearlescent Ward)","","War Machine Ring (War Machine)","War Machine Ring (War Machine)","Ice Staff of the Crimson Oath (Crimson Oath's Rive)"," ()","War Machine Ice Staff (War Machine)"," ()","Mirage","Siphoning Attacks","Revealing Flare","Inner Rage","Dark Cloak","Reviving Barrier","Unstable Wall of Elements","Ulfsild's Contingency","Healing Burst","Echoing Vigor","Refreshing Path","Aggressive Horn"
"Ossein Cage","Jynorah and Skorkhif","https://www.esologs.com/reports/7PmvCZMkbxpGaRQ9#fight=23&type=summary&source=4","@Noneatza","Nonel Namestealer","shadow-siphon-x-perfected-pearlescent-ward-war-machine","tank","Shadow","Siphon","x","Perfected Pearlescent Ward","War Machine","3194.3","25188.6","43.6","43.6 CPM","The Thief","Magma Incarnate Visage (Magma Incarnate)","Perfected Pearlescent Cuirass (Perfected Pearlescent Ward)","Spaulder of Ruin (Spaulder of Ruin)","Perfected Pearlescent Gauntlets (Perfected Pearlescent Ward)","","Perfected Pearlescent Greaves (Perfected Pearlescent Ward)","Perfected Pearlescent Sabatons (Perfected Pearlescent Ward)","","War Machine Ring (War Machine)","War Machine Ring (War Machine)","War Machine Ice Staff (War Machine)"," ()","The Asylum's Perfected Restoration Staff (Perfected Timeless Blessing)"," ()","Elemental Blockade","Dark Cloak","Siphoning Attacks","Ulfsild's Contingency","Destructive Clench","Soul Siphon","Combat Prayer","Radiating Regeneration","Refreshing Path","Healing Springs","Siphoning Attacks","Reviving Barrier"
"Ossein Cage","Jynorah and Skorkhif","https://www.esologs.com/reports/GyaKWq2nYmA3zjJD#fight=21&type=summary&source=4","@DazZzen","Dêlúgïônāl","ass-shadow-siphon-perfected-pillagers-profit-spell-power-cure","healer","Ass","Shadow","Siphon","Spell Power Cure","Perfected Pillager's Profit","6950.7","70588.0","70.8","70588.0 HPS","The Atronach","Symphony of Blades Guise (Symphony of Blades)","Cuirass of the Trainee (Armor of the Trainee)","Symphony of Blades Arm Cops (Symphony of Blades)","Spell Power Cure Gloves (Spell Power Cure)","","Spell Power Cure Breeches (Spell Power Cure)","Spell Power Cure Shoes (Spell Power Cure)","","Perfected Pillager's Band (Perfected Pillager's Profit)","Perfected Pillager's Band (Perfected Pillager's Profit)","Spell Power Cure Restoration Staff (Spell Power Cure)"," ()","Perfected Pillager's Dagger (Perfected Pillager's Profit)","Perfected Pillager's Dagger (Perfected Pillager's Profit)","Energy Orb","Combat Prayer","Radiating Regeneration","Illustrious Healing","Funnel Health","Reviving Barrier","Echoing Vigor","Magic Knife","Siphoning Attacks","Refreshing Path","Merciless Resolve","Soul Siphon"
"Ossein Cage","Jynorah and Skorkhif","https://www.esologs.com/reports/GyaKWq2nYmA3zjJD#fight=21&type=summary&source=7","@Kaddikat","Kaddikat","ass-shadow-siphon-perfected-pillagers-profit-spell-power-cure","healer","Ass","Shadow","Siphon","Spell Power Cure","Perfected Pillager's Profit","6456.6","57249.5","49.8","57249.5 HPS","","Nazaray Mask (Nazaray)","Spell Power Cure Jerkin (Spell Power Cure)","Nazaray Epaulets (Nazaray)","Spell Power Cure Gloves (Spell Power Cure)","","Spell Power Cure Breeches (Spell Power Cure)","Spell Power Cure Shoes (Spell Power Cure)","","Perfected Pillager's Band (Perfected Pillager's Profit)","Perfected Pillager's Band (Perfected Pillager's Profit)","The Master's Perfected Restoration Staff (Perfected Grand Rejuvenation)"," ()","Perfected Pillager's Dagger (Perfected Pillager's Profit)","Perfected Pillager's Dagger (Perfected Pillager's Profit)","Healthy Offering","Blessing of Restoration","Illustrious Healing","Refreshing Path","Radiating Regeneration","Soul Harvest","Relentless Focus","Echoing Vigor","Mystic Orb","Shattering Knife","Siphoning Attacks","Reviving Barrier"
"Ossein Cage","Jynorah and Skorkhif","https://www.esologs.com/reports/GyaKWq2nYmA3zjJD#fight=21&type=summary&source=8","@Scara713","Poppy Porcelain","curative-herald-soldier-master-architect-powerful-assault","healer","Herald","Curative","Soldier","Master Architect","Powerful Assault","5438.1","62920.3","55.6","62920.3 HPS","The Ritual","Ozezan the Inferno's Guise (Ozezan the Inferno)","Master Architect Jerkin (Master Architect)","Ozezan the Inferno's Epaulets (Ozezan the Inferno)","Master Architect Gloves (Master Architect)","","Master Architect Breeches (Master Architect)","Master Architect Shoes (Master Architect)","","Ring of the Powerful Assault (Powerful Assault)","Ring of the Powerful Assault (Powerful Assault)","The Master's Perfected Restoration Staff (Perfected Grand Rejuvenation)"," ()","Dagger of the Powerful Assault (Powerful Assault)","Dagger of the Powerful Assault (Powerful Assault)","Blessing of Restoration","Radiating Regeneration","Illustrious Healing","Tidal Chakram","Cruxweaver Armor","Reviving Barrier","Fulminating Rune","Magic Knife","Echoing Vigor","Energy Orb","Overflowing Altar","Glyphic of the Tides"
"Ossein Cage","Jynorah and Skorkhif","https://www.esologs.com/reports/GyaKWq2nYmA3zjJD#fight=21&type=summary&source=4","@Elena.Lisbet","Elenya Lorin","curative-herald-soldier-master-architect-powerful-assault","healer","Herald","Curative","Soldier","Powerful Assault","Master Architect","2121.8","75719.7","56.0","75719.7 HPS","","The Blind Visage (The Blind)","Jack of the Powerful Assault (Powerful Assault)","The Blind Epaulets (The Blind)","Master Architect Gloves (Master Architect)","","Master Architect Breeches (Master Architect)","Master Architect Shoes (Master Architect)","","Master Architect Ring (Master Architect)","Ring of the Powerful Assault (Powerful Assault)","The Master's Perfected Restoration Staff (Perfected Grand Rejuvenation)"," ()","Lightning Staff of the Powerful Assault (Powerful Assault)"," ()","Cruxweaver Armor","Tidal Chakram","Energy Orb","Combat Prayer","Healing Springs","Gibbering Shelter","Recuperative Treatise","Elemental Blockade","Elemental Susceptibility","Ulfsild's Contingency","Echoing Vigor","Resonating Glyphic"
"Ossein Cage","Blood Drinker Thisa","https://www.esologs.com/reports/7PmvCZMkbxpGaRQ9#fight=26&type=summary&source=20","@zDarkus","-Darkus","herald-soldier-x-perfected-slivers-of-the-null-arca-spattering-disjunction","dps","Herald","Soldier","x","Spattering Disjunction","Perfected Slivers of the Null Arca","162919.8","6134.1","29.1","162919.8 DPS","The Thief","Ansuul's Perfected Helmet (Perfected Ansuul's Torment)","Spattering Disjunction Jack (Spattering Disjunction)","Spattering Disjunction Arm Cops (Spattering Disjunction)","Perfected Null Arca Bracers (Perfected Slivers of the Null Arca)","","Spattering Disjunction Guards (Spattering Disjunction)","Spattering Disjunction Boots (Spattering Disjunction)","","Perfected Null Arca Ring (Perfected Slivers of the Null Arca)","Perfected Null Arca Ring (Perfected Slivers of the Null Arca)","Perfected Null Arca Dagger (Perfected Slivers of the Null Arca)","Perfected Null Arca Dagger (Perfected Slivers of the Null Arca)","The Maelstrom's Perfected Greatsword (Perfected Merciless Charge)"," ()","Cephaliarch's Flail","Camouflaged Hunter","Quick Cloak","Pragmatic Fatecarver","Barbed Trap","Flawless Dawnbreaker","Stampede","Inspired Scholarship","Anti-Cavalry Caltrops","Scalding Rune","Cruxweaver Armor","The Languid Eye"
"Ossein Cage","Blood Drinker Thisa","https://www.esologs.com/reports/7PmvCZMkbxpGaRQ9#fight=26&type=summary&source=15","@SadYoungMan","The Eighth Inner Gate","herald-soldier-x-perfected-slivers-of-the-null-arca-spattering-disjunction","dps","Herald","Soldier","x","Spattering Disjunction","Perfected Slivers of the Null Arca","130069.7","7079.7","31.3","130069.7 DPS","","Slimecraw Guise (Slimecraw)","Spattering Disjunction Jack (Spattering Disjunction)","Spattering Disjunction Arm Cops (Spattering Disjunction)","Spattering Disjunction Bracers (Spattering Disjunction)","","Perfected Null Arca Guards (Perfected Slivers of the Null Arca)","Spattering Disjunction Boots (Spattering Disjunction)","","Perfected Null Arca Ring (Perfected Slivers of the Null Arca)","Perfected Null Arca Ring (Perfected Slivers of the Null Arca)","Perfected Null Arca Dagger (Perfected Slivers of the Null Arca)","Perfected Null Arca Dagger (Perfected Slivers of the Null Arca)","The Maelstrom's Perfected Greatsword (Perfected Merciless Charge)"," ()","Cephaliarch's Flail","Pragmatic Fatecarver","Quick Cloak","Camouflaged Hunter","Banner Bearer","Flawless Dawnbreaker","Stampede","Inspired Scholarship","Fulminating Rune","Cruxweaver Armor","Banner Bearer","The Languid Eye"
"Ossein Cage","Blood Drinker Thisa","https://www.esologs.com/reports/7PmvCZMkbxpGaRQ9#fight=26&type=summary&source=11","@Plada","Tvoya Trevognostb","herald-soldier-x-perfected-slivers-of-the-null-arca-spattering-disjunction","dps","Herald","Soldier","x","Spattering Disjunction","Perfected Slivers of the Null Arca","97387.0","9732.1","34.4","97387.0 DPS","","Slimecraw Guise (Slimecraw)","Spattering Disjunction Jack (Spattering Disjunction)","Perfected Null Arca Arm Cops (Perfected Slivers of the Null Arca)","Spattering Disjunction Bracers (Spattering Disjunction)","","Spattering Disjunction Guards (Spattering Disjunction)","Spattering Disjunction Boots (Spattering Disjunction)","","Perfected Null Arca Ring (Perfected Slivers of the Null Arca)","Perfected Null Arca Ring (Perfected Slivers of the Null Arca)","Perfected Null Arca Dagger (Perfected Slivers of the Null Arca)","Perfected Null Arca Dagger (Perfected Slivers of the Null Arca)","The Maelstrom's Perfected Inferno Staff (Perfected Crushing Wall)"," ()","Barbed Trap","Cephaliarch's Flail","Pragmatic Fatecarver","Quick Cloak","Camouflaged Hunter","Flawless Dawnbreaker","Elemental Blockade","Fulminating Rune","Inspired Scholarship","Cruxweaver Armor","Camouflaged Hunter","The Languid Eye"
"Ossein Cage","Blood Drinker Thisa","https://www.esologs.com/reports/7PmvCZMkbxpGaRQ9#fight=26&type=summary&source=2","@RoyalTonberry","Better Than A Companion","herald-soldier-x-perfected-slivers-of-the-null-arca-spattering-disjunction","dps","Herald","Soldier","x","Spattering Disjunction","Perfected Slivers of the Null Arca","136882.8","13729.5","48.7","136882.8 DPS","","Slimecraw Mask (Slimecraw)","Spattering Disjunction Jack (Spattering Disjunction)","Perfected Null Arca Arm Cops (Perfected Slivers of the Null Arca)","Spattering Disjunction Bracers (Spattering Disjunction)","","Spattering Disjunction Guards (Spattering Disjunction)","Spattering Disjunction Boots (Spattering Disjunction)","","Perfected Null Arca Ring (Perfected Slivers of the Null Arca)","Perfected Null Arca Ring (Perfected Slivers of the Null Arca)","Perfected Null Arca Dagger (Perfected Slivers of the Null Arca)","Perfected Null Arca Dagger (Perfected Slivers of the Null Arca)","The Maelstrom's Perfected Inferno Staff (Perfected Crushing Wall)"," ()","Quick Cloak","Pragmatic Fatecarver","Camouflaged Hunter","Cephaliarch's Flail","Barbed Trap","The Languid Eye","Cruxweaver Armor","Fulminating Rune","Blockade of Fire","Echoing Vigor","Inspired Scholarship","The Languid Eye"
"Ossein Cage","Blood Drinker Thisa","https://www.esologs.com/reports/7PmvCZMkbxpGaRQ9#fight=26&type=summary&source=6","@DreamTheater74","The Glass Prison","herald-soldier-x-perfected-slivers-of-the-null-arca-spattering-disjunction","dps","Herald","Soldier","x","Spattering Disjunction","Perfected Slivers of the Null Arca","103742.2","5064.3","57.2","103742.2 DPS","","Slimecraw Guise (Slimecraw)","Spattering Disjunction Jack (Spattering Disjunction)","Perfected Null Arca Arm Cops (Perfected Slivers of the Null Arca)","Spattering Disjunction Bracers (Spattering Disjunction)","","Spattering Disjunction Guards (Spattering Disjunction)","Perfected Null Arca Boots (Perfected Slivers of the Null Arca)","","Spattering Disjunction Ring (Spattering Disjunction)","Perfected Null Arca Ring (Perfected Slivers of the Null Arca)","Perfected Null Arca Dagger (Perfected Slivers of the Null Arca)","Perfected Null Arca Dagger (Perfected Slivers of the Null Arca)","The Maelstrom's Perfected Greatsword (Perfected Merciless Charge)"," ()","Pragmatic Fatecarver","Quick Cloak","Cephaliarch's Flail","Camouflaged Hunter","Barbed Trap","Flawless Dawnbreaker","Fulminating Rune","Inspired Scholarship","Stampede","Cruxweaver Armor","Camouflaged Hunter","The Languid Eye"
"Ossein Cage","Blood Drinker Thisa","https://www.esologs.com/reports/7PmvCZMkbxpGaRQ9#fight=26&type=summary&source=4","@ImperfectPitch","M'zuraar","herald-soldier-x-perfected-slivers-of-the-null-arca-spattering-disjunction","dps","Herald","Soldier","x","Perfected Slivers of the Null Arca","Spattering Disjunction","104849.9","9775.9","46.6","104849.9 DPS","","Valkyn Skoria Guise (Valkyn Skoria)","Perfected Null Arca Jack (Perfected Slivers of the Null Arca)","Spattering Disjunction Arm Cops (Spattering Disjunction)","Perfected Null Arca Bracers (Perfected Slivers of the Null Arca)","","Perfected Null Arca Guards (Perfected Slivers of the Null Arca)","Perfected Null Arca Boots (Perfected Slivers of the Null Arca)","","Spattering Disjunction Ring (Spattering Disjunction)","Spattering Disjunction Ring (Spattering Disjunction)","Spattering Disjunction Dagger (Spattering Disjunction)","Spattering Disjunction Dagger (Spattering Disjunction)","The Maelstrom's Perfected Greatsword (Perfected Merciless Charge)"," ()","Quick Cloak","Camouflaged Hunter","Cephaliarch's Flail","Pragmatic Fatecarver","Shocking Banner (Cavalier's Charge / Courage)","Flawless Dawnbreaker","Stampede","Cruxweaver Armor","Inspired Scholarship","Fulminating Rune","Shocking Banner (Cavalier's Charge / Courage)","The Languid Eye"
"Ossein Cage","Blood Drinker Thisa","https://www.esologs.com/reports/GyaKWq2nYmA3zjJD#fight=24&type=summary&source=6","@AlproVanille","Lylith Elendis","herald-x-x-perfected-slivers-of-the-null-arca-spattering-disjunction","dps","Herald","x","x","Spattering Disjunction","Perfected Slivers of the Null Arca","97013.4","5461.5","21.6","97013.4 DPS","","Slimecraw Guise (Slimecraw)","Spattering Disjunction Jack (Spattering Disjunction)","Perfected Null Arca Arm Cops (Perfected Slivers of the Null Arca)","Spattering Disjunction Bracers (Spattering Disjunction)","","Spattering Disjunction Guards (Spattering Disjunction)","Spattering Disjunction Boots (Spattering Disjunction)","","Perfected Null Arca Ring (Perfected Slivers of the Null Arca)","Perfected Null Arca Ring (Perfected Slivers of the Null Arca)","Perfected Null Arca Dagger (Perfected Slivers of the Null Arca)","Perfected Null Arca Dagger (Perfected Slivers of the Null Arca)","The Maelstrom's Perfected Greatsword (Perfected Merciless Charge)"," ()","Quick Cloak","Banner Bearer","Camouflaged Hunter","Cephaliarch's Flail","Pragmatic Fatecarver","Flawless Dawnbreaker","Recuperative Treatise","Banner Bearer","Anti-Cavalry Caltrops","Stampede","Fulminating Rune","The Languid Eye"
"Ossein Cage","Blood Drinker Thisa","https://www.esologs.com/reports/GyaKWq2nYmA3zjJD#fight=24&type=summary&source=3","@MAVIRIT","Kovul T'rizele","herald-x-x-perfected-slivers-of-the-null-arca-spattering-disjunction","dps","Herald","x","x","Spattering Disjunction","Perfected Slivers of the Null Arca","89796.5","4950.1","24.0","89796.5 DPS","","Slimecraw Guise (Slimecraw)","Spattering Disjunction Jack (Spattering Disjunction)","Perfected Null Arca Arm Cops (Perfected Slivers of the Null Arca)","Spattering Disjunction Bracers (Spattering Disjunction)","","Spattering Disjunction Guards (Spattering Disjunction)","Spattering Disjunction Boots (Spattering Disjunction)","","Perfected Null Arca Ring (Perfected Slivers of the Null Arca)","Perfected Null Arca Ring (Perfected Slivers of the Null Arca)","Perfected Null Arca Dagger (Perfected Slivers of the Null Arca)","Perfected Null Arca Dagger (Perfected Slivers of the Null Arca)","The Maelstrom's Perfected Greatsword (Perfected Merciless Charge)"," ()","Camouflaged Hunter","Pragmatic Fatecarver","Cephaliarch's Flail","Quick Cloak","Banner Bearer","Flawless Dawnbreaker","Banner Bearer","Scalding Rune","Fulminating Rune","Inspired Scholarship","Stampede","The Languid Eye"
"Ossein Cage","Blood Drinker Thisa","https://www.esologs.com/reports/GyaKWq2nYmA3zjJD#fight=24&type=summary&source=7","@ABSOLUT.7","Rūnic","herald-x-x-perfected-slivers-of-the-null-arca-spattering-disjunction","dps","Herald","x","x","Perfected Slivers of the Null Arca","Spattering Disjunction","116876.6","15383.7","29.2","116876.6 DPS","","Slimecraw Guise (Slimecraw)","Perfected Null Arca Jack (Perfected Slivers of the Null Arca)","Spattering Disjunction Arm Cops (Spattering Disjunction)","Perfected Null Arca Bracers (Perfected Slivers of the Null Arca)","","Perfected Null Arca Guards (Perfected Slivers of the Null Arca)","Perfected Null Arca Boots (Perfected Slivers of the Null Arca)","","Spattering Disjunction Ring (Spattering Disjunction)","Spattering Disjunction Ring (Spattering Disjunction)","Spattering Disjunction Dagger (Spattering Disjunction)","Spattering Disjunction Dagger (Spattering Disjunction)","The Maelstrom's Perfected Greatsword (Perfected Merciless Charge)"," ()","Camouflaged Hunter","Cephaliarch's Flail","Banner Bearer","Barbed Trap","Pragmatic Fatecarver","Flawless Dawnbreaker","Stampede","Ulfsild's Contingency","Banner Bearer","Scalding Rune","Inspired Scholarship","The Languid Eye"
"Ossein Cage","Blood Drinker Thisa","https://www.esologs.com/reports/GyaKWq2nYmA3zjJD#fight=24&type=summary&source=8","@Darkimpx","Ryinka","herald-x-x-perfected-slivers-of-the-null-arca-spattering-disjunction","dps","Herald","x","x","Perfected Slivers of the Null Arca","Spattering Disjunction","111447.0","3918.1","20.8","111447.0 DPS","","Slimecraw Mask (Slimecraw)","Perfected Null Arca Jack (Perfected Slivers of the Null Arca)","Spattering Disjunction Arm Cops (Spattering Disjunction)","Spattering Disjunction Bracers (Spattering Disjunction)","","Spattering Disjunction Guards (Spattering Disjunction)","Spattering Disjunction Boots (Spattering Disjunction)","","Perfected Null Arca Ring (Perfected Slivers of the Null Arca)","Perfected Null Arca Ring (Perfected Slivers of the Null Arca)","Perfected Null Arca Dagger (Perfected Slivers of the Null Arca)","Perfected Null Arca Dagger (Perfected Slivers of the Null Arca)","The Maelstrom's Perfected Greatsword (Perfected Merciless Charge)"," ()","Cephaliarch's Flail","Exhausting Fatecarver","Camouflaged Hunter","Barbed Trap","Quick Cloak","Flawless Dawnbreaker","Inspired Scholarship","Fulminating Rune","Camouflaged Hunter","Stampede","Echoing Vigor","The Languid Eye"
"Ossein Cage","Blood Drinker Thisa","https://www.esologs.com/reports/GyaKWq2nYmA3zjJD#fight=24&type=summary&source=2","@K.YChen","Bai Cai Y","herald-x-x-perfected-slivers-of-the-null-arca-spattering-disjunction","dps","Herald","x","x","Perfected Slivers of the Null Arca","Spattering Disjunction","89485.9","7303.4","29.1","89485.9 DPS","","Slimecraw Guise (Slimecraw)","Perfected Null Arca Jack (Perfected Slivers of the Null Arca)","Perfected Null Arca Arm Cops (Perfected Slivers of the Null Arca)","Perfected Null Arca Bracers (Perfected Slivers of the Null Arca)","","Spattering Disjunction Guards (Spattering Disjunction)","Spattering Disjunction Boots (Spattering Disjunction)","","Spattering Disjunction Ring (Spattering Disjunction)","Spattering Disjunction Ring (Spattering Disjunction)","Perfected Null Arca Dagger (Perfected Slivers of the Null Arca)","Perfected Null Arca Dagger (Perfected Slivers of the Null Arca)","The Maelstrom's Perfected Greatsword (Perfected Merciless Charge)"," ()","Cephaliarch's Flail","Fulminating Rune","Quick Cloak","Exhausting Fatecarver","Camouflaged Hunter","Flawless Dawnbreaker","Stampede","Ulfsild's Contingency","Inspired Scholarship","Anti-Cavalry Caltrops","Magical Burst","The Languid Eye"
"Ossein Cage","Blood Drinker Thisa","https://www.esologs.com/reports/GyaKWq2nYmA3zjJD#fight=24&type=summary&source=7","@Caliaron","Freya Hephaisdottir","herald-x-x-perfected-slivers-of-the-null-arca-spattering-disjunction","dps","Herald","x","x","Spattering Disjunction","Perfected Slivers of the Null Arca","151318.6","27149.2","11.2","151318.6 DPS","The Atronach","Spattering Disjunction Hat (Spattering Disjunction)","Perfected Null Arca Jack (Perfected Slivers of the Null Arca)","Zaan Arm Cops (Zaan)","Perfected Null Arca Bracers (Perfected Slivers of the Null Arca)","","Perfected Null Arca Guards (Perfected Slivers of the Null Arca)","Perfected Null Arca Boots (Perfected Slivers of the Null Arca)","","Spattering Disjunction Ring (Spattering Disjunction)","Spattering Disjunction Ring (Spattering Disjunction)","Spattering Disjunction Dagger (Spattering Disjunction)","Spattering Disjunction Dagger (Spattering Disjunction)","The Maelstrom's Perfected Inferno Staff (Perfected Crushing Wall)"," ()","Camouflaged Hunter","Escalating Runeblades","Tentacular Dread","Quick Cloak","Pragmatic Fatecarver","Flawless Dawnbreaker","Elemental Blockade","Inspired Scholarship","Fulminating Rune","Proximity Detonation","Anti-Cavalry Caltrops","The Languid Eye"
"Ossein Cage","Blood Drinker Thisa","https://www.esologs.com/reports/Zq13BGHbLPdzgFfy#fight=22&type=summary&source=8","@haruna742","Cuibusor de nebunii","animal-green-winter-master-architect-perfected-pillagers-profit","healer","Animal","Green","Winter","Master Architect","Perfected Pillager's Profit","7528.1","122692.4","52.4","122692.4 HPS","","Ozezan the Inferno's Mask (Ozezan the Inferno)","Master Architect Robe (Master Architect)","Ozezan the Inferno's Epaulets (Ozezan the Inferno)","Master Architect Gloves (Master Architect)","","Master Architect Breeches (Master Architect)","Master Architect Shoes (Master Architect)","","Perfected Pillager's Band (Perfected Pillager's Profit)","Perfected Pillager's Band (Perfected Pillager's Profit)","Perfected Pillager's Lightning Staff (Perfected Pillager's Profit)"," ()","The Master's Perfected Restoration Staff (Perfected Grand Rejuvenation)"," ()","Elemental Blockade","Energy Orb","Expansive Frost Cloak","Echoing Vigor","Winter's Revenge","Aggressive Horn","Combat Prayer","Budding Seeds","Ulfsild's Contingency","Illustrious Healing","Bull Netch","Reviving Barrier"
"Ossein Cage","Blood Drinker Thisa","https://www.esologs.com/reports/Zq13BGHbLPdzgFfy#fight=22&type=summary&source=10","@theatergeek123","Woo-Woo-Bus","animal-green-winter-master-architect-perfected-pillagers-profit","healer","Animal","Green","Winter","Master Architect","Perfected Pillager's Profit","8026.3","111359.0","52.9","111359.0 HPS","","The Blind Guise (The Blind)","Master Architect Jerkin (Master Architect)","The Blind Epaulets (The Blind)","Master Architect Gloves (Master Architect)","","Master Architect Breeches (Master Architect)","Master Architect Shoes (Master Architect)","","Perfected Pillager's Band (Perfected Pillager's Profit)","Perfected Pillager's Band (Perfected Pillager's Profit)","The Master's Perfected Restoration Staff (Perfected Grand Rejuvenation)"," ()","Perfected Pillager's Ice Staff (Perfected Pillager's Profit)"," ()","Radiating Regeneration","Illustrious Healing","Echoing Vigor","Budding Seeds","Combat Prayer","Eternal Guardian","Lotus Blossom","Expansive Frost Cloak","Warding Contingency (Sage's Remedy / Resolve)","Energy Orb","Blockade of Frost","Aggressive Horn"
"Ossein Cage","Blood Drinker Thisa","https://www.esologs.com/reports/jfqYkZwVX83CxbDp#fight=22&type=summary&source=9","@Spasm_OCE","Grave-y Perry","grave-resto-siphon-perfected-lucent-echoes-roar-of-alkosh","tank","Siphon","Resto","Grave","Roar of Alkosh","Perfected Lucent Echoes","8110.5","27324.8","32.8","32.8 CPM","The Atronach","Magma Incarnate Mask (Magma Incarnate)","Lucent Echoes Perfected Cuirass (Perfected Lucent Echoes)","Spaulder of Ruin (Spaulder of Ruin)","Lucent Echoes Perfected Gauntlets (Perfected Lucent Echoes)","","Lucent Echoes Perfected Greaves (Perfected Lucent Echoes)","Lucent Echoes Perfected Sabatons (Perfected Lucent Echoes)","","Ring of Alkosh (Roar of Alkosh)","Ring of Alkosh (Roar of Alkosh)","Dagger of Alkosh (Roar of Alkosh)","Dagger of Alkosh (Roar of Alkosh)","Ice Staff of Alkosh (Roar of Alkosh)"," ()","Inner Rage","Shattering Knife (Assassin's Misery / Off Balance)","Siphoning Attacks","Hasty Prayer","Charging Maneuver","Reviving Barrier","Razor Caltrops","Blockade of Frost","Extended Ritual","Echoing Vigor","Leashing Soul (Druid's Resurgence / Cowardice)","Glacial Colossus"
"Ossein Cage","Blood Drinker Thisa","https://www.esologs.com/reports/jfqYkZwVX83CxbDp#fight=22&type=summary&source=5","@ChanneledDivinity","Hrodd Hammerheart","ardent-earthen-x-jorvulds-guidance-perfected-pearlescent-ward","tank","Ardent","Earthen","x","Jorvuld's Guidance","Perfected Pearlescent Ward","11987.7","24734.8","51.9","51.9 CPM","The Atronach","Nazaray Mask (Nazaray)","Perfected Pearlescent Cuirass (Perfected Pearlescent Ward)","Nazaray Epaulets (Nazaray)","Perfected Pearlescent Gauntlets (Perfected Pearlescent Ward)","","Perfected Pearlescent Greaves (Perfected Pearlescent Ward)","Perfected Pearlescent Sabatons (Perfected Pearlescent Ward)","","Jorvuld's Guidance Ring (Jorvuld's Guidance)","Jorvuld's Guidance Ring (Jorvuld's Guidance)","Jorvuld's Guidance Ice Staff (Jorvuld's Guidance)"," ()","Jorvuld's Guidance Ice Staff (Jorvuld's Guidance)"," ()","Inner Rage","Magma Fist","Flame Lash","Cauterize","Warding Contingency (Gladiator's Tenacity / Protection)","Temporal Guard","Blockade of Frost","Elemental Susceptibility","Echoing Vigor","Hearth and Home","Igneous Weapons","Standard of Might"
"Ossein Cage","Overfiend Kazpian","https://www.esologs.com/reports/3vP9hfTWVC182tJM#fight=30&type=summary&source=4","@DazZzen","Daz Beam with zero cpm","herald-soldier-x-perfected-slivers-of-the-null-arca-spattering-disjunction","dps","Herald","Soldier","x","Perfected Slivers of the Null Arca","Spattering Disjunction","132280.8","13003.7","36.2","132280.8 DPS","","Slimecraw Guise (Slimecraw)","Perfected Null Arca Jack (Perfected Slivers of the Null Arca)","Perfected Null Arca Arm Cops (Perfected Slivers of the Null Arca)","Perfected Null Arca Bracers (Perfected Slivers of the Null Arca)","","Perfected Null Arca Guards (Perfected Slivers of the Null Arca)","Perfected Null Arca Boots (Perfected Slivers of the Null Arca)","","Spattering Disjunction Ring (Spattering Disjunction)","Spattering Disjunction Ring (Spattering Disjunction)","Spattering Disjunction Dagger (Spattering Disjunction)","Spattering Disjunction Dagger (Spattering Disjunction)","The Maelstrom's Perfected Greatsword (Perfected Merciless Charge)"," ()","Quick Cloak","Camouflaged Hunter","Pragmatic Fatecarver","Escalating Runeblades","Tentacular Dread","Flawless Dawnbreaker","Echoing Vigor","Stampede","Fulminating Rune","Inspired Scholarship","Cruxweaver Armor","The Languid Eye"
"Ossein Cage","Overfiend Kazpian","https://www.esologs.com/reports/3vP9hfTWVC182tJM#fight=30&type=summary&source=9","@Languste1337","Roland Sieben Tap","herald-soldier-x-perfected-slivers-of-the-null-arca-spattering-disjunction","dps","Herald","Soldier","x","Spattering Disjunction","Perfected Slivers of the Null Arca","118401.5","9545.9","33.3","118401.5 DPS","","Slimecraw Guise (Slimecraw)","Spattering Disjunction Jack (Spattering Disjunction)","Perfected Null Arca Arm Cops (Perfected Slivers of the Null Arca)","Spattering Disjunction Bracers (Spattering Disjunction)","","Spattering Disjunction Guards (Spattering Disjunction)","Spattering Disjunction Boots (Spattering Disjunction)","","Perfected Null Arca Ring (Perfected Slivers of the Null Arca)","Perfected Null Arca Ring (Perfected Slivers of the Null Arca)","Perfected Null Arca Dagger (Perfected Slivers of the Null Arca)","Perfected Null Arca Dagger (Perfected Slivers of the Null Arca)","The Maelstrom's Perfected Greatsword (Perfected Merciless Charge)"," ()","Camouflaged Hunter","Quick Cloak","Barbed Trap","Writhing Runeblades","Pragmatic Fatecarver","Flawless Dawnbreaker","Cruxweaver Armor","Tentacular Dread","Echoing Vigor","Stampede","Inspired Scholarship","The Languid Eye"
"Ossein Cage","Overfiend Kazpian","https://www.esologs.com/reports/3vP9hfTWVC182tJM#fight=30&type=summary&source=10","@PartialEthos","Schmethos","herald-soldier-x-perfected-slivers-of-the-null-arca-spattering-disjunction","dps","Herald","Soldier","x","Spattering Disjunction","Perfected Slivers of the Null Arca","146587.2","7775.5","39.0","146587.2 DPS","","Slimecraw Guise (Slimecraw)","Spattering Disjunction Jack (Spattering Disjunction)","Perfected Null Arca Arm Cops (Perfected Slivers of the Null Arca)","Spattering Disjunction Bracers (Spattering Disjunction)","","Spattering Disjunction Guards (Spattering Disjunction)","Spattering Disjunction Boots (Spattering Disjunction)","","Perfected Null Arca Ring (Perfected Slivers of the Null Arca)","Perfected Null Arca Ring (Perfected Slivers of the Null Arca)","Perfected Null Arca Dagger (Perfected Slivers of the Null Arca)","Perfected Null Arca Dagger (Perfected Slivers of the Null Arca)","The Maelstrom's Perfected Greatsword (Perfected Merciless Charge)"," ()","Escalating Runeblades","Pragmatic Fatecarver","Quick Cloak","Tentacular Dread","Camouflaged Hunter","Flawless Dawnbreaker","Stampede","Executioner","Fulminating Rune","Inspired Scholarship","Cruxweaver Armor","The Languid Eye"
"Ossein Cage","Overfiend Kazpian","https://www.esologs.com/reports/3vP9hfTWVC182tJM#fight=30&type=summary&source=3","@ASSA-Zz","Crispy Crux","herald-soldier-x-perfected-slivers-of-the-null-arca-spattering-disjunction","dps","Herald","Soldier","x","Spattering Disjunction","Perfected Slivers of the Null Arca","125182.7","6871.7","28.1","125182.7 DPS","","Slimecraw Guise (Slimecraw)","Spattering Disjunction Jack (Spattering Disjunction)","Perfected Null Arca Arm Cops (Perfected Slivers of the Null Arca)","Spattering Disjunction Bracers (Spattering Disjunction)","","Spattering Disjunction Guards (Spattering Disjunction)","Spattering Disjunction Boots (Spattering Disjunction)","","Perfected Null Arca Ring (Perfected Slivers of the Null Arca)","Perfected Null Arca Ring (Perfected Slivers of the Null Arca)","Perfected Null Arca Dagger (Perfected Slivers of the Null Arca)","Perfected Null Arca Dagger (Perfected Slivers of the Null Arca)","The Maelstrom's Perfected Greatsword (Perfected Merciless Charge)"," ()","Quick Cloak","Cephaliarch's Flail","Barbed Trap","Pragmatic Fatecarver","Camouflaged Hunter","Flawless Dawnbreaker","Stampede","Fulminating Rune","Cruxweaver Armor","Inspired Scholarship","Anti-Cavalry Caltrops","The Languid Eye"
"Ossein Cage","Overfiend Kazpian","https://www.esologs.com/reports/3vP9hfTWVC182tJM#fight=30&type=summary&source=2","@Carnego","Carnêgô","herald-soldier-x-perfected-slivers-of-the-null-arca-spattering-disjunction","dps","Herald","Soldier","x","Spattering Disjunction","Perfected Slivers of the Null Arca","126718.8","4704.4","31.0","126718.8 DPS","","Spattering Disjunction Helmet (Spattering Disjunction)","Perfected Null Arca Jack (Perfected Slivers of the Null Arca)","Slimecraw Epaulets (Slimecraw)","Spattering Disjunction Bracers (Spattering Disjunction)","","Perfected Null Arca Guards (Perfected Slivers of the Null Arca)","Spattering Disjunction Boots (Spattering Disjunction)","","Spattering Disjunction Ring (Spattering Disjunction)","Spattering Disjunction Ring (Spattering Disjunction)","Perfected Null Arca Dagger (Perfected Slivers of the Null Arca)","Perfected Null Arca Dagger (Perfected Slivers of the Null Arca)","The Maelstrom's Perfected Greatsword (Perfected Merciless Charge)"," ()","Escalating Runeblades","Tentacular Dread","Pragmatic Fatecarver","Quick Cloak","Camouflaged Hunter","Flawless Dawnbreaker","Inspired Scholarship","Fulminating Rune","Stampede","Cruxweaver Armor","Echoing Vigor","The Languid Eye"
"Ossein Cage","Overfiend Kazpian","https://www.esologs.com/reports/3vP9hfTWVC182tJM#fight=30&type=summary&source=20","@zDarkus","-Darkus","herald-soldier-x-perfected-slivers-of-the-null-arca-spattering-disjunction","dps","Herald","Soldier","x","Spattering Disjunction","Perfected Slivers of the Null Arca","162696.0","10863.6","34.3","162696.0 DPS","The Thief","Slimecraw Guise (Slimecraw)","Spattering Disjunction Jack (Spattering Disjunction)","Spattering Disjunction Arm Cops (Spattering Disjunction)","Perfected Null Arca Bracers (Perfected Slivers of the Null Arca)","","Spattering Disjunction Guards (Spattering Disjunction)","Spattering Disjunction Boots (Spattering Disjunction)","","Perfected Null Arca Ring (Perfected Slivers of the Null Arca)","Perfected Null Arca Ring (Perfected Slivers of the Null Arca)","Perfected Null Arca Dagger (Perfected Slivers of the Null Arca)","Perfected Null Arca Dagger (Perfected Slivers of the Null Arca)","The Maelstrom's Perfected Greatsword (Perfected Merciless Charge)"," ()","Cephaliarch's Flail","Camouflaged Hunter","Quick Cloak","Pragmatic Fatecarver","Barbed Trap","Flawless Dawnbreaker","Stampede","Inspired Scholarship","Echoing Vigor","Fulminating Rune","Cruxweaver Armor","The Languid Eye"
"Ossein Cage","Overfiend Kazpian","https://www.esologs.com/reports/3vP9hfTWVC182tJM#fight=30&type=summary&source=15","@SadYoungMan","The Eighth Inner Gate","herald-soldier-x-perfected-slivers-of-the-null-arca-spattering-disjunction","dps","Herald","Soldier","x","Spattering Disjunction","Perfected Slivers of the Null Arca","148436.8","5715.1","32.7","148436.8 DPS","","Slimecraw Guise (Slimecraw)","Spattering Disjunction Jack (Spattering Disjunction)","Spattering Disjunction Arm Cops (Spattering Disjunction)","Spattering Disjunction Bracers (Spattering Disjunction)","","Perfected Null Arca Guards (Perfected Slivers of the Null Arca)","Spattering Disjunction Boots (Spattering Disjunction)","","Perfected Null Arca Ring (Perfected Slivers of the Null Arca)","Perfected Null Arca Ring (Perfected Slivers of the Null Arca)","Perfected Null Arca Dagger (Perfected Slivers of the Null Arca)","Perfected Null Arca Dagger (Perfected Slivers of the Null Arca)","The Maelstrom's Perfected Greatsword (Perfected Merciless Charge)"," ()","Cephaliarch's Flail","Pragmatic Fatecarver","Quick Cloak","Camouflaged Hunter","Banner Bearer","Flawless Dawnbreaker","Stampede","Inspired Scholarship","Fulminating Rune","Cruxweaver Armor","Banner Bearer","The Languid Eye"
"Ossein Cage","Overfiend Kazpian","https://www.esologs.com/reports/3vP9hfTWVC182tJM#fight=30&type=summary&source=3","@I_RobzzX","Berta die Buschige","herald-soldier-x-perfected-slivers-of-the-null-arca-spattering-disjunction","dps","Herald","Soldier","x","Perfected Slivers of the Null Arca","Spattering Disjunction","118882.2","8205.6","44.1","118882.2 DPS","","Huntsman's Warmask (Huntsman's Warmask)","Perfected Null Arca Jack (Perfected Slivers of the Null Arca)","Slimecraw Arm Cops (Slimecraw)","Perfected Null Arca Bracers (Perfected Slivers of the Null Arca)","","Spattering Disjunction Guards (Spattering Disjunction)","Spattering Disjunction Boots (Spattering Disjunction)","","Spattering Disjunction Ring (Spattering Disjunction)","Spattering Disjunction Ring (Spattering Disjunction)","Perfected Null Arca Dagger (Perfected Slivers of the Null Arca)","Perfected Null Arca Dagger (Perfected Slivers of the Null Arca)","The Maelstrom's Perfected Greatsword (Perfected Merciless Charge)"," ()","Pragmatic Fatecarver","Cephaliarch's Flail","Barbed Trap","Quick Cloak","Camouflaged Hunter","Flawless Dawnbreaker","Stampede","Inspired Scholarship","Echoing Vigor","Fulminating Rune","Cruxweaver Armor","The Languid Eye"
"Ossein Cage","Overfiend Kazpian","https://www.esologs.com/reports/3vP9hfTWVC182tJM#fight=30&type=summary&source=8","@O815Gamer","Outbeams-your-Templar","herald-soldier-x-perfected-slivers-of-the-null-arca-spattering-disjunction","dps","Herald","Soldier","x","Spattering Disjunction","Perfected Slivers of the Null Arca","125266.1","9520.6","29.2","125266.1 DPS","","Slimecraw Guise (Slimecraw)","Spattering Disjunction Jack (Spattering Disjunction)","Spattering Disjunction Arm Cops (Spattering Disjunction)","Perfected Null Arca Bracers (Perfected Slivers of the Null Arca)","","Spattering Disjunction Guards (Spattering Disjunction)","Perfected Null Arca Boots (Perfected Slivers of the Null Arca)","","Spattering Disjunction Ring (Spattering Disjunction)","Spattering Disjunction Ring (Spattering Disjunction)","Perfected Null Arca Dagger (Perfected Slivers of the Null Arca)","Perfected Null Arca Dagger (Perfected Slivers of the Null Arca)","The Maelstrom's Perfected Greatsword (Perfected Merciless Charge)"," ()","Cephaliarch's Flail","Pragmatic Fatecarver","Quick Cloak","Camouflaged Hunter","Banner Bearer","Flawless Dawnbreaker","Echoing Vigor","Stampede","Cruxweaver Armor","Inspired Scholarship","Banner Bearer","The Languid Eye"
"Ossein Cage","Overfiend Kazpian","https://www.esologs.com/reports/3vP9hfTWVC182tJM#fight=30&type=summary&source=2","@LordBuggaMan","Ariêca","herald-soldier-x-perfected-slivers-of-the-null-arca-spattering-disjunction","dps","Herald","Soldier","x","Perfected Slivers of the Null Arca","Spattering Disjunction","114651.9","8833.1","33.4","114651.9 DPS","","Slimecraw Mask (Slimecraw)","Perfected Null Arca Jack (Perfected Slivers of the Null Arca)","Perfected Null Arca Arm Cops (Perfected Slivers of the Null Arca)","Spattering Disjunction Bracers (Spattering Disjunction)","","Perfected Null Arca Guards (Perfected Slivers of the Null Arca)","Spattering Disjunction Boots (Spattering Disjunction)","","Spattering Disjunction Ring (Spattering Disjunction)","Spattering Disjunction Ring (Spattering Disjunction)","Perfected Null Arca Dagger (Perfected Slivers of the Null Arca)","Perfected Null Arca Dagger (Perfected Slivers of the Null Arca)","The Maelstrom's Perfected Greatsword (Perfected Merciless Charge)"," ()","Inspired Scholarship","Quick Cloak","Escalating Runeblades","Pragmatic Fatecarver","Camouflaged Hunter","Flawless Dawnbreaker","Tentacular Dread","Cruxweaver Armor","Stampede","Fulminating Rune","Echoing Vigor","The Languid Eye"
"Ossein Cage","Overfiend Kazpian","https://www.esologs.com/reports/3vP9hfTWVC182tJM#fight=30&type=summary&source=4","@BallTongue_o","Balltongue","herald-soldier-x-perfected-slivers-of-the-null-arca-spattering-disjunction","dps","Herald","Soldier","x","Spattering Disjunction","Perfected Slivers of the Null Arca","126725.3","10715.9","22.0","126725.3 DPS","","Slimecraw Mask (Slimecraw)","Spattering Disjunction Jack (Spattering Disjunction)","Spattering Disjunction Arm Cops (Spattering Disjunction)","Spattering Disjunction Bracers (Spattering Disjunction)","","Spattering Disjunction Guards (Spattering Disjunction)","Perfected Null Arca Boots (Perfected Slivers of the Null Arca)","","Perfected Null Arca Ring (Perfected Slivers of the Null Arca)","Perfected Null Arca Ring (Perfected Slivers of the Null Arca)","Perfected Null Arca Dagger (Perfected Slivers of the Null Arca)","Perfected Null Arca Dagger (Perfected Slivers of the Null Arca)","The Maelstrom's Perfected Greatsword (Perfected Merciless Charge)"," ()","Pragmatic Fatecarver","Barbed Trap","Quick Cloak","Cephaliarch's Flail","Camouflaged Hunter","Flawless Dawnbreaker","Stampede","Inspired Scholarship","Echoing Vigor","Fulminating Rune","Cruxweaver Armor","The Languid Eye"
"Ossein Cage","Overfiend Kazpian","https://www.esologs.com/reports/3vP9hfTWVC182tJM#fight=30&type=summary&source=12","@Narathzul1","Zęlárá","herald-soldier-x-perfected-slivers-of-the-null-arca-spattering-disjunction","dps","Herald","Soldier","x","Spattering Disjunction","Perfected Slivers of the Null Arca","132645.5","8060.5","36.8","132645.5 DPS","","Slimecraw Guise (Slimecraw)","Spattering Disjunction Jack (Spattering Disjunction)","Perfected Null Arca Arm Cops (Perfected Slivers of the Null Arca)","Spattering Disjunction Bracers (Spattering Disjunction)","","Spattering Disjunction Guards (Spattering Disjunction)","Spattering Disjunction Boots (Spattering Disjunction)","","Perfected Null Arca Ring (Perfected Slivers of the Null Arca)","Perfected Null Arca Ring (Perfected Slivers of the Null Arca)","Perfected Null Arca Dagger (Perfected Slivers of the Null Arca)","Perfected Null Arca Dagger (Perfected Slivers of the Null Arca)","The Maelstrom's Perfected Greatsword (Perfected Merciless Charge)"," ()","Quick Cloak","Camouflaged Hunter","Tentacular Dread","Escalating Runeblades","Pragmatic Fatecarver","Flawless Dawnbreaker","Cruxweaver Armor","Inspired Scholarship","Fulminating Rune","Stampede","Echoing Vigor","The Languid Eye"
"Ossein Cage","Overfiend Kazpian","https://www.esologs.com/reports/3vP9hfTWVC182tJM#fight=30&type=summary&source=7","@LasLael","Lansyla Bellanaris","herald-soldier-x-perfected-slivers-of-the-null-arca-spattering-disjunction","dps","Herald","Soldier","x","Perfected Slivers of the Null Arca","Spattering Disjunction","108810.8","9781.1","23.3","108810.8 DPS","","Perfected Null Arca Helmet (Perfected Slivers of the Null Arca)","Spattering Disjunction Jack (Spattering Disjunction)","Slimecraw Epaulets (Slimecraw)","Spattering Disjunction Bracers (Spattering Disjunction)","","Spattering Disjunction Guards (Spattering Disjunction)","Spattering Disjunction Boots (Spattering Disjunction)","","Perfected Null Arca Ring (Perfected Slivers of the Null Arca)","Perfected Null Arca Ring (Perfected Slivers of the Null Arca)","Perfected Null Arca Dagger (Perfected Slivers of the Null Arca)","Perfected Null Arca Dagger (Perfected Slivers of the Null Arca)","The Maelstrom's Perfected Greatsword (Perfected Merciless Charge)"," ()","Cephaliarch's Flail","Pragmatic Fatecarver","Barbed Trap","Quick Cloak","Camouflaged Hunter","Flawless Dawnbreaker","Stampede","Fulminating Rune","Cruxweaver Armor","Inspired Scholarship","Resolving Vigor","The Languid Eye"
"Ossein Cage","Overfiend Kazpian","https://www.esologs.com/reports/3vP9hfTWVC182tJM#fight=30&type=summary&source=8","@iPlugg","Pluĝ","herald-soldier-x-perfected-slivers-of-the-null-arca-spattering-disjunction","dps","Herald","Soldier","x","Spattering Disjunction","Perfected Slivers of the Null Arca","106360.8","8369.9","26.5","106360.8 DPS","","Spattering Disjunction Helmet (Spattering Disjunction)","Spattering Disjunction Jack (Spattering Disjunction)","Slimecraw Arm Cops (Slimecraw)","Perfected Null Arca Bracers (Perfected Slivers of the Null Arca)","","Spattering Disjunction Guards (Spattering Disjunction)","Spattering Disjunction Boots (Spattering Disjunction)","","Perfected Null Arca Ring (Perfected Slivers of the Null Arca)","Perfected Null Arca Ring (Perfected Slivers of the Null Arca)","Perfected Null Arca Dagger (Perfected Slivers of the Null Arca)","Perfected Null Arca Dagger (Perfected Slivers of the Null Arca)","The Maelstrom's Perfected Greatsword (Perfected Merciless Charge)"," ()","Quick Cloak","Barbed Trap","Camouflaged Hunter","Cephaliarch's Flail","Pragmatic Fatecarver","Flawless Dawnbreaker","Fulminating Rune","Stampede","Resolving Vigor","Cruxweaver Armor","Inspired Scholarship","The Languid Eye"
"Ossein Cage","Overfiend Kazpian","https://www.esologs.com/reports/3vP9hfTWVC182tJM#fight=30&type=summary&source=2","@chanpion1","Abbicus the Gray","herald-soldier-x-perfected-slivers-of-the-null-arca-spattering-disjunction","dps","Herald","Soldier","x","Perfected Slivers of the Null Arca","Spattering Disjunction","115572.3","6558.7","28.4","115572.3 DPS","","Perfected Null Arca Helmet (Perfected Slivers of the Null Arca)","Spattering Disjunction Jack (Spattering Disjunction)","Zaan Epaulets (Zaan)","Spattering Disjunction Bracers (Spattering Disjunction)","","Perfected Null Arca Guards (Perfected Slivers of the Null Arca)","Spattering Disjunction Boots (Spattering Disjunction)","","Spattering Disjunction Ring (Spattering Disjunction)","Perfected Null Arca Ring (Perfected Slivers of the Null Arca)","Perfected Null Arca Dagger (Perfected Slivers of the Null Arca)","Perfected Null Arca Dagger (Perfected Slivers of the Null Arca)","The Maelstrom's Perfected Greatsword (Perfected Merciless Charge)"," ()","Camouflaged Hunter","Quick Cloak","Barbed Trap","Escalating Runeblades","Pragmatic Fatecarver","Flawless Dawnbreaker","Echoing Vigor","Inspired Scholarship","Cruxweaver Armor","Tentacular Dread","Stampede","The Languid Eye"
"Ossein Cage","Overfiend Kazpian","https://www.esologs.com/reports/3vP9hfTWVC182tJM#fight=30&type=summary&source=3","@ASSA-Zz","Crispy Crux","herald-soldier-x-perfected-slivers-of-the-null-arca-spattering-disjunction","dps","Herald","Soldier","x","Spattering Disjunction","Perfected Slivers of the Null Arca","116946.5","13085.0","35.4","116946.5 DPS","","Valkyn Skoria Guise (Valkyn Skoria)","Spattering Disjunction Jack (Spattering Disjunction)","Perfected Null Arca Arm Cops (Perfected Slivers of the Null Arca)","Spattering Disjunction Bracers (Spattering Disjunction)","","Spattering Disjunction Guards (Spattering Disjunction)","Spattering Disjunction Boots (Spattering Disjunction)","","Perfected Null Arca Ring (Perfected Slivers of the Null Arca)","Perfected Null Arca Ring (Perfected Slivers of the Null Arca)","Perfected Null Arca Dagger (Perfected Slivers of the Null Arca)","Perfected Null Arca Dagger (Perfected Slivers of the Null Arca)","The Maelstrom's Perfected Greatsword (Perfected Merciless Charge)"," ()","Quick Cloak","Cephaliarch's Flail","Barbed Trap","Pragmatic Fatecarver","Camouflaged Hunter","Flawless Dawnbreaker","Stampede","Fulminating Rune","Cruxweaver Armor","Inspired Scholarship","Echoing Vigor","The Languid Eye"
"Ossein Cage","Overfiend Kazpian","https://www.esologs.com/reports/3vP9hfTWVC182tJM#fight=30&type=summary&source=11","@Plada","Tvoya Trevognostb","herald-soldier-x-perfected-slivers-of-the-null-arca-spattering-disjunction","dps","Herald","Soldier","x","Spattering Disjunction","Perfected Slivers of the Null Arca","103486.3","12004.2","26.2","103486.3 DPS","","Slimecraw Guise (Slimecraw)","Spattering Disjunction Jack (Spattering Disjunction)","Perfected Null Arca Arm Cops (Perfected Slivers of the Null Arca)","Spattering Disjunction Bracers (Spattering Disjunction)","","Spattering Disjunction Guards (Spattering Disjunction)","Spattering Disjunction Boots (Spattering Disjunction)","","Perfected Null Arca Ring (Perfected Slivers of the Null Arca)","Perfected Null Arca Ring (Perfected Slivers of the Null Arca)","Perfected Null Arca Dagger (Perfected Slivers of the Null Arca)","Perfected Null Arca Dagger (Perfected Slivers of the Null Arca)","The Maelstrom's Perfected Greatsword (Perfected Merciless Charge)"," ()","Barbed Trap","Cephaliarch's Flail","Pragmatic Fatecarver","Quick Cloak","Camouflaged Hunter","Flawless Dawnbreaker","Stampede","Scalding Rune","Inspired Scholarship","Cruxweaver Armor","Echoing Vigor","The Languid Eye"
"Ossein Cage","Overfiend Kazpian","https://www.esologs.com/reports/3vP9hfTWVC182tJM#fight=30&type=summary&source=11","@Big13oss","Thinkpol","herald-soldier-x-perfected-slivers-of-the-null-arca-spattering-disjunction","dps","Herald","Soldier","x","Perfected Slivers of the Null Arca","Spattering Disjunction","115148.0","6928.2","26.2","115148.0 DPS","","Slimecraw Guise (Slimecraw)","Perfected Null Arca Jack (Perfected Slivers of the Null Arca)","Spattering Disjunction Arm Cops (Spattering Disjunction)","Perfected Null Arca Bracers (Perfected Slivers of the Null Arca)","","Perfected Null Arca Guards (Perfected Slivers of the Null Arca)","Perfected Null Arca Boots (Perfected Slivers of the Null Arca)","","Spattering Disjunction Ring (Spattering Disjunction)","Spattering Disjunction Ring (Spattering Disjunction)","Spattering Disjunction Dagger (Spattering Disjunction)","Spattering Disjunction Dagger (Spattering Disjunction)","The Maelstrom's Perfected Greatsword (Perfected Merciless Charge)"," ()","Cephaliarch's Flail","Exhausting Fatecarver","Barbed Trap","Quick Cloak","Camouflaged Hunter","Flawless Dawnbreaker","Stampede","Fulminating Rune","Cruxweaver Armor","Runeguard of Still Waters","Inspired Scholarship","The Languid Eye"
"Ossein Cage","Overfiend Kazpian","https://www.esologs.com/reports/3vP9hfTWVC182tJM#fight=30&type=summary&source=12","@Chicor","Violet-Arc","herald-soldier-x-perfected-slivers-of-the-null-arca-spattering-disjunction","dps","Herald","Soldier","x","Spattering Disjunction","Perfected Slivers of the Null Arca","133960.7","6535.5","23.8","133960.7 DPS","","Slimecraw Guise (Slimecraw)","Spattering Disjunction Jack (Spattering Disjunction)","Spattering Disjunction Arm Cops (Spattering Disjunction)","Spattering Disjunction Bracers (Spattering Disjunction)","","Perfected Null Arca Guards (Perfected Slivers of the Null Arca)","Spattering Disjunction Boots (Spattering Disjunction)","","Perfected Null Arca Ring (Perfected Slivers of the Null Arca)","Perfected Null Arca Ring (Perfected Slivers of the Null Arca)","Perfected Null Arca Dagger (Perfected Slivers of the Null Arca)","Perfected Null Arca Dagger (Perfected Slivers of the Null Arca)","The Maelstrom's Perfected Greatsword (Perfected Merciless Charge)"," ()","Camouflaged Hunter","Quick Cloak","Cephaliarch's Flail","Barbed Trap","Exhausting Fatecarver","Flawless Dawnbreaker","Camouflaged Hunter","Stampede","Cruxweaver Armor","Inspired Scholarship","Fulminating Rune","The Languid Eye"
"Ossein Cage","Overfiend Kazpian","https://www.esologs.com/reports/3vP9hfTWVC182tJM#fight=30&type=summary&source=7","@Caliaron","Freya Hephaisdottir","herald-soldier-x-perfected-slivers-of-the-null-arca-spattering-disjunction","dps","Herald","Soldier","x","Spattering Disjunction","Perfected Slivers of the Null Arca","124853.2","13692.0","33.6","124853.2 DPS","","Spattering Disjunction Hat (Spattering Disjunction)","Perfected Null Arca Jack (Perfected Slivers of the Null Arca)","Zaan Arm Cops (Zaan)","Perfected Null Arca Bracers (Perfected Slivers of the Null Arca)","","Perfected Null Arca Guards (Perfected Slivers of the Null Arca)","Perfected Null Arca Boots (Perfected Slivers of the Null Arca)","","Spattering Disjunction Ring (Spattering Disjunction)","Spattering Disjunction Ring (Spattering Disjunction)","Spattering Disjunction Dagger (Spattering Disjunction)","Spattering Disjunction Dagger (Spattering Disjunction)","The Maelstrom's Perfected Inferno Staff (Perfected Crushing Wall)"," ()","Camouflaged Hunter","Escalating Runeblades","Tentacular Dread","Quick Cloak","Pragmatic Fatecarver","Flawless Dawnbreaker","Elemental Blockade","Inspired Scholarship","Fulminating Rune","Cruxweaver Armor","Echoing Vigor","The Languid Eye"
"Ossein Cage","Overfiend Kazpian","https://www.esologs.com/reports/3vP9hfTWVC182tJM#fight=30&type=summary&source=2","@RoyalTonberry","Better Than A Companion","herald-soldier-x-perfected-slivers-of-the-null-arca-spattering-disjunction","dps","Herald","Soldier","x","Spattering Disjunction","Perfected Slivers of the Null Arca","94745.9","13452.5","37.8","94745.9 DPS","","Slimecraw Mask (Slimecraw)","Spattering Disjunction Jack (Spattering Disjunction)","Perfected Null Arca Arm Cops (Perfected Slivers of the Null Arca)","Spattering Disjunction Bracers (Spattering Disjunction)","","Spattering Disjunction Guards (Spattering Disjunction)","Spattering Disjunction Boots (Spattering Disjunction)","","Perfected Null Arca Ring (Perfected Slivers of the Null Arca)","Perfected Null Arca Ring (Perfected Slivers of the Null Arca)","Perfected Null Arca Dagger (Perfected Slivers of the Null Arca)","Perfected Null Arca Dagger (Perfected Slivers of the Null Arca)","The Maelstrom's Perfected Inferno Staff (Perfected Crushing Wall)"," ()","Quick Cloak","Pragmatic Fatecarver","Camouflaged Hunter","Cephaliarch's Flail","Barbed Trap","The Languid Eye","Cruxweaver Armor","Fulminating Rune","Blockade of Fire","Echoing Vigor","Inspired Scholarship","The Languid Eye"
"Ossein Cage","Overfiend Kazpian","https://www.esologs.com/reports/3vP9hfTWVC182tJM#fight=30&type=summary&source=6","@DreamTheater74","The Glass Prison","herald-soldier-x-perfected-slivers-of-the-null-arca-spattering-disjunction","dps","Herald","Soldier","x","Spattering Disjunction","Perfected Slivers of the Null Arca","94959.3","8520.3","44.5","94959.3 DPS","","Slimecraw Guise (Slimecraw)","Spattering Disjunction Jack (Spattering Disjunction)","Perfected Null Arca Arm Cops (Perfected Slivers of the Null Arca)","Spattering Disjunction Bracers (Spattering Disjunction)","","Spattering Disjunction Guards (Spattering Disjunction)","Perfected Null Arca Boots (Perfected Slivers of the Null Arca)","","Spattering Disjunction Ring (Spattering Disjunction)","Perfected Null Arca Ring (Perfected Slivers of the Null Arca)","Perfected Null Arca Dagger (Perfected Slivers of the Null Arca)","Perfected Null Arca Dagger (Perfected Slivers of the Null Arca)","The Maelstrom's Perfected Greatsword (Perfected Merciless Charge)"," ()","Pragmatic Fatecarver","Quick Cloak","Cephaliarch's Flail","Camouflaged Hunter","Barbed Trap","The Languid Eye","Fulminating Rune","Inspired Scholarship","Stampede","Cruxweaver Armor","Echoing Vigor","The Languid Eye"
"Ossein Cage","Overfiend Kazpian","https://www.esologs.com/reports/3vP9hfTWVC182tJM#fight=30&type=summary&source=4","@ImperfectPitch","M'zuraar","herald-soldier-x-perfected-slivers-of-the-null-arca-spattering-disjunction","dps","Herald","Soldier","x","Perfected Slivers of the Null Arca","Spattering Disjunction","118329.7","15074.7","41.4","118329.7 DPS","","Valkyn Skoria Guise (Valkyn Skoria)","Perfected Null Arca Jack (Perfected Slivers of the Null Arca)","Spattering Disjunction Arm Cops (Spattering Disjunction)","Perfected Null Arca Bracers (Perfected Slivers of the Null Arca)","","Perfected Null Arca Guards (Perfected Slivers of the Null Arca)","Perfected Null Arca Boots (Perfected Slivers of the Null Arca)","","Spattering Disjunction Ring (Spattering Disjunction)","Spattering Disjunction Ring (Spattering Disjunction)","Spattering Disjunction Dagger (Spattering Disjunction)","Spattering Disjunction Dagger (Spattering Disjunction)","The Maelstrom's Perfected Greatsword (Perfected Merciless Charge)"," ()","Quick Cloak","Camouflaged Hunter","Cephaliarch's Flail","Pragmatic Fatecarver","Shocking Banner (Cavalier's Charge / Courage)","Flawless Dawnbreaker","Stampede","Cruxweaver Armor","Inspired Scholarship","Echoing Vigor","Shocking Banner (Cavalier's Charge / Courage)","The Languid Eye"
"Ossein Cage","Overfiend Kazpian","https://www.esologs.com/reports/GyaKWq2nYmA3zjJD#fight=29&type=summary&source=11","@steve.o","Vyntress","grave-x-x-corpseburster-perfected-slivers-of-the-null-arca","dps","Grave","x","x","Perfected Slivers of the Null Arca","Corpseburster","124807.4","17224.7","56.2","124807.4 DPS","The Thief","Slimecraw Mask (Slimecraw)","Perfected Null Arca Jack (Perfected Slivers of the Null Arca)","Corpseburster Arm Cops (Corpseburster)","Perfected Null Arca Bracers (Perfected Slivers of the Null Arca)","","Perfected Null Arca Guards (Perfected Slivers of the Null Arca)","Perfected Null Arca Boots (Perfected Slivers of the Null Arca)","","Corpseburster Ring (Corpseburster)","Corpseburster Ring (Corpseburster)","Corpseburster Dagger (Corpseburster)","Corpseburster Dagger (Corpseburster)","The Maelstrom's Perfected Greatsword (Perfected Merciless Charge)"," ()","Unnerving Boneyard","Blighted Blastbones","Detonating Siphon","Venom Skull","Banner Bearer","Flawless Dawnbreaker","Echoing Vigor","Stampede","Anti-Cavalry Caltrops","Skeletal Archer","Banner Bearer","Glacial Colossus"
"Ossein Cage","Overfiend Kazpian","https://www.esologs.com/reports/GyaKWq2nYmA3zjJD#fight=29&type=summary&source=6","@JohnnyTsunami1337","Hampelfrau","grave-x-x-corpseburster-perfected-slivers-of-the-null-arca","dps","Grave","x","x","Perfected Slivers of the Null Arca","Corpseburster","92477.2","9048.5","52.8","92477.2 DPS","","Slimecraw Mask (Slimecraw)","Perfected Null Arca Jack (Perfected Slivers of the Null Arca)","Corpseburster Arm Cops (Corpseburster)","Perfected Null Arca Bracers (Perfected Slivers of the Null Arca)","","Perfected Null Arca Guards (Perfected Slivers of the Null Arca)","Perfected Null Arca Boots (Perfected Slivers of the Null Arca)","","Corpseburster Ring (Corpseburster)","Corpseburster Ring (Corpseburster)","Corpseburster Dagger (Corpseburster)","Corpseburster Dagger (Corpseburster)","The Maelstrom's Perfected Greatsword (Perfected Merciless Charge)"," ()","Blighted Blastbones","Unnerving Boneyard","Venom Skull","Detonating Siphon","Banner Bearer","Flawless Dawnbreaker","Barbed Trap","Skeletal Archer","Echoing Vigor","Stampede","Banner Bearer","Glacial Colossus"
"Ossein Cage","Overfiend Kazpian","https://www.esologs.com/reports/GyaKWq2nYmA3zjJD#fight=29&type=summary&source=13","@Smick_94","Nela Beda","grave-x-x-corpseburster-perfected-slivers-of-the-null-arca","dps","Grave","x","x","Perfected Slivers of the Null Arca","Corpseburster","104739.4","8386.7","46.4","104739.4 DPS","","Valkyn Skoria Guise (Valkyn Skoria)","Perfected Null Arca Jack (Perfected Slivers of the Null Arca)","Corpseburster Arm Cops (Corpseburster)","Perfected Null Arca Bracers (Perfected Slivers of the Null Arca)","","Perfected Null Arca Guards (Perfected Slivers of the Null Arca)","Perfected Null Arca Boots (Perfected Slivers of the Null Arca)","","Corpseburster Ring (Corpseburster)","Corpseburster Ring (Corpseburster)","Corpseburster Dagger (Corpseburster)","Corpseburster Dagger (Corpseburster)","The Maelstrom's Perfected Greatsword (Perfected Merciless Charge)"," ()","Blighted Blastbones","Venom Skull","Unnerving Boneyard","Detonating Siphon","Banner Bearer","Flawless Dawnbreaker","Stampede","Barbed Trap","Echoing Vigor","Skeletal Archer","Banner Bearer","Shooting Star"
"Ossein Cage","Overfiend Kazpian","https://www.esologs.com/reports/GyaKWq2nYmA3zjJD#fight=29&type=summary&source=15","@Drkif","ßarale","grave-x-x-corpseburster-perfected-slivers-of-the-null-arca","dps","Grave","x","x","Perfected Slivers of the Null Arca","Corpseburster","117013.3","17034.8","59.0","117013.3 DPS","","Huntsman's Warmask (Huntsman's Warmask)","Perfected Null Arca Jack (Perfected Slivers of the Null Arca)","Valkyn Skoria Epaulets (Valkyn Skoria)","Perfected Null Arca Bracers (Perfected Slivers of the Null Arca)","","Perfected Null Arca Guards (Perfected Slivers of the Null Arca)","Perfected Null Arca Boots (Perfected Slivers of the Null Arca)","","Corpseburster Ring (Corpseburster)","Corpseburster Ring (Corpseburster)","Corpseburster Dagger (Corpseburster)","Corpseburster Dagger (Corpseburster)","The Maelstrom's Perfected Greatsword (Perfected Merciless Charge)"," ()","Venom Skull","Blighted Blastbones","Unnerving Boneyard","Detonating Siphon","Banner Bearer","Flawless Dawnbreaker","Skeletal Archer","Stampede","Echoing Vigor","Barbed Trap","Banner Bearer","Glacial Colossus"
"Ossein Cage","Overfiend Kazpian","https://www.esologs.com/reports/GyaKWq2nYmA3zjJD#fight=29&type=summary&source=2","@Olanero","Adabe Indoril","grave-x-x-corpseburster-perfected-slivers-of-the-null-arca","dps","Grave","x","x","Perfected Slivers of the Null Arca","Corpseburster","109771.6","17196.5","62.2","109771.6 DPS","","Slimecraw Mask (Slimecraw)","Perfected Null Arca Jack (Perfected Slivers of the Null Arca)","Corpseburster Arm Cops (Corpseburster)","Perfected Null Arca Bracers (Perfected Slivers of the Null Arca)","","Perfected Null Arca Guards (Perfected Slivers of the Null Arca)","Perfected Null Arca Boots (Perfected Slivers of the Null Arca)","","Corpseburster Ring (Corpseburster)","Corpseburster Ring (Corpseburster)","Corpseburster Dagger (Corpseburster)","Corpseburster Dagger (Corpseburster)","The Maelstrom's Perfected Greatsword (Perfected Merciless Charge)"," ()","Banner Bearer","Unnerving Boneyard","Blighted Blastbones","Detonating Siphon","Venom Skull","Flawless Dawnbreaker","Banner Bearer","Camouflaged Hunter","Skeletal Archer","Echoing Vigor","Stampede","Glacial Colossus"
"Ossein Cage","Overfiend Kazpian","https://www.esologs.com/reports/GyaKWq2nYmA3zjJD#fight=29&type=summary&source=13","@xpxJp1875","Corpse Bride's Terror","grave-x-x-corpseburster-perfected-slivers-of-the-null-arca","dps","Grave","x","x","Perfected Slivers of the Null Arca","Corpseburster","91074.4","7786.7","63.7","91074.4 DPS","","Perfected Null Arca Helmet (Perfected Slivers of the Null Arca)","Corpseburster Jack (Corpseburster)","Zaan Arm Cops (Zaan)","Corpseburster Bracers (Corpseburster)","","Corpseburster Guards (Corpseburster)","Perfected Null Arca Boots (Perfected Slivers of the Null Arca)","","Perfected Null Arca Ring (Perfected Slivers of the Null Arca)","Perfected Null Arca Ring (Perfected Slivers of the Null Arca)","Corpseburster Dagger (Corpseburster)","Corpseburster Dagger (Corpseburster)","The Maelstrom's Perfected Greatsword (Perfected Merciless Charge)"," ()","Venom Skull","Blighted Blastbones","Quick Cloak","Detonating Siphon","Sundering Banner (Class Flourish / Courage)","Flawless Dawnbreaker","Stampede","Bloody Contingency (Lingering Torment / Force)","Unnerving Boneyard","Skeletal Archer","Sundering Banner (Class Flourish / Courage)","Shooting Star"
"Ossein Cage","Overfiend Kazpian","https://www.esologs.com/reports/GyaKWq2nYmA3zjJD#fight=29&type=summary&source=6","@AlproVanille","Lylith Elendis","herald-x-x-perfected-slivers-of-the-null-arca-spattering-disjunction","dps","Herald","x","x","Spattering Disjunction","Perfected Slivers of the Null Arca","125722.6","13914.2","29.7","125722.6 DPS","","Slimecraw Guise (Slimecraw)","Spattering Disjunction Jack (Spattering Disjunction)","Perfected Null Arca Arm Cops (Perfected Slivers of the Null Arca)","Spattering Disjunction Bracers (Spattering Disjunction)","","Spattering Disjunction Guards (Spattering Disjunction)","Spattering Disjunction Boots (Spattering Disjunction)","","Perfected Null Arca Ring (Perfected Slivers of the Null Arca)","Perfected Null Arca Ring (Perfected Slivers of the Null Arca)","Perfected Null Arca Dagger (Perfected Slivers of the Null Arca)","Perfected Null Arca Dagger (Perfected Slivers of the Null Arca)","The Maelstrom's Perfected Greatsword (Perfected Merciless Charge)"," ()","Quick Cloak","Banner Bearer","Camouflaged Hunter","Cephaliarch's Flail","Pragmatic Fatecarver","Flawless Dawnbreaker","Recuperative Treatise","Banner Bearer","Echoing Vigor","Stampede","Fulminating Rune","The Languid Eye"
"Ossein Cage","Overfiend Kazpian","https://www.esologs.com/reports/GyaKWq2nYmA3zjJD#fight=29&type=summary&source=22","@ZappyD","zaggart pylon","herald-x-x-perfected-slivers-of-the-null-arca-spattering-disjunction","dps","Herald","x","x","Spattering Disjunction","Perfected Slivers of the Null Arca","114624.6","10441.0","31.0","114624.6 DPS","","Zaan Mask (Zaan)","Spattering Disjunction Jack (Spattering Disjunction)","Perfected Null Arca Arm Cops (Perfected Slivers of the Null Arca)","Spattering Disjunction Bracers (Spattering Disjunction)","","Spattering Disjunction Guards (Spattering Disjunction)","Spattering Disjunction Boots (Spattering Disjunction)","","Perfected Null Arca Ring (Perfected Slivers of the Null Arca)","Perfected Null Arca Ring (Perfected Slivers of the Null Arca)","Perfected Null Arca Dagger (Perfected Slivers of the Null Arca)","Perfected Null Arca Dagger (Perfected Slivers of the Null Arca)","The Maelstrom's Perfected Inferno Staff (Perfected Crushing Wall)"," ()","Pragmatic Fatecarver","Heroic Torch","Cephaliarch's Flail","Quick Cloak","Camouflaged Hunter","Flawless Dawnbreaker","Resolving Vigor","Fulminating Rune","Elemental Blockade","Inspired Scholarship","Camouflaged Hunter","The Languid Eye"
"Ossein Cage","Overfiend Kazpian","https://www.esologs.com/reports/GyaKWq2nYmA3zjJD#fight=29&type=summary&source=3","@MAVIRIT","Kovul T'rizele","herald-x-x-perfected-slivers-of-the-null-arca-spattering-disjunction","dps","Herald","x","x","Spattering Disjunction","Perfected Slivers of the Null Arca","111449.9","6149.2","28.7","111449.9 DPS","","Slimecraw Guise (Slimecraw)","Spattering Disjunction Jack (Spattering Disjunction)","Perfected Null Arca Arm Cops (Perfected Slivers of the Null Arca)","Spattering Disjunction Bracers (Spattering Disjunction)","","Spattering Disjunction Guards (Spattering Disjunction)","Spattering Disjunction Boots (Spattering Disjunction)","","Perfected Null Arca Ring (Perfected Slivers of the Null Arca)","Perfected Null Arca Ring (Perfected Slivers of the Null Arca)","Perfected Null Arca Dagger (Perfected Slivers of the Null Arca)","Perfected Null Arca Dagger (Perfected Slivers of the Null Arca)","The Maelstrom's Perfected Greatsword (Perfected Merciless Charge)"," ()","Camouflaged Hunter","Pragmatic Fatecarver","Cephaliarch's Flail","Quick Cloak","Banner Bearer","Flawless Dawnbreaker","Banner Bearer","Scalding Rune","Fulminating Rune","Inspired Scholarship","Stampede","The Languid Eye"
"Ossein Cage","Overfiend Kazpian","https://www.esologs.com/reports/GyaKWq2nYmA3zjJD#fight=29&type=summary&source=7","@ABSOLUT.7","Rūnic","herald-x-x-perfected-slivers-of-the-null-arca-spattering-disjunction","dps","Herald","x","x","Perfected Slivers of the Null Arca","Spattering Disjunction","129813.7","5862.8","26.4","129813.7 DPS","The Atronach","Slimecraw Guise (Slimecraw)","Perfected Null Arca Jack (Perfected Slivers of the Null Arca)","Spattering Disjunction Arm Cops (Spattering Disjunction)","Perfected Null Arca Bracers (Perfected Slivers of the Null Arca)","","Perfected Null Arca Guards (Perfected Slivers of the Null Arca)","Perfected Null Arca Boots (Perfected Slivers of the Null Arca)","","Spattering Disjunction Ring (Spattering Disjunction)","Spattering Disjunction Ring (Spattering Disjunction)","Spattering Disjunction Dagger (Spattering Disjunction)","Spattering Disjunction Dagger (Spattering Disjunction)","Blackrose Perfected Dagger (Perfected Spectral Cloak)","Blackrose Perfected Dagger (Perfected Spectral Cloak)","Camouflaged Hunter","Cephaliarch's Flail","Banner Bearer","Barbed Trap","Pragmatic Fatecarver","Flawless Dawnbreaker","Quick Cloak","Ulfsild's Contingency","Banner Bearer","Scalding Rune","Inspired Scholarship","The Languid Eye"
"Ossein Cage","Overfiend Kazpian","https://www.esologs.com/reports/GyaKWq2nYmA3zjJD#fight=29&type=summary&source=2","@K.YChen","Bai Cai Y","herald-x-x-perfected-slivers-of-the-null-arca-spattering-disjunction","dps","Herald","x","x","Perfected Slivers of the Null Arca","Spattering Disjunction","120829.4","7874.4","31.5","120829.4 DPS","","Slimecraw Guise (Slimecraw)","Perfected Null Arca Jack (Perfected Slivers of the Null Arca)","Perfected Null Arca Arm Cops (Perfected Slivers of the Null Arca)","Perfected Null Arca Bracers (Perfected Slivers of the Null Arca)","","Spattering Disjunction Guards (Spattering Disjunction)","Spattering Disjunction Boots (Spattering Disjunction)","","Spattering Disjunction Ring (Spattering Disjunction)","Spattering Disjunction Ring (Spattering Disjunction)","Perfected Null Arca Dagger (Perfected Slivers of the Null Arca)","Perfected Null Arca Dagger (Perfected Slivers of the Null Arca)","The Maelstrom's Perfected Greatsword (Perfected Merciless Charge)"," ()","Cephaliarch's Flail","Fulminating Rune","Quick Cloak","Exhausting Fatecarver","Camouflaged Hunter","Flawless Dawnbreaker","Stampede","Ulfsild's Contingency","Inspired Scholarship","Anti-Cavalry Caltrops","Camouflaged Hunter","The Languid Eye"
"Ossein Cage","Overfiend Kazpian","https://www.esologs.com/reports/ZgzNBp4avQJ6V8Xw#fight=55&type=summary&source=9","@YungGunz","Saphira'a","ass-dawn-herald-perfected-slivers-of-the-null-arca-tide-born-wildstalker","dps","Ass","Dawn","Herald","Perfected Slivers of the Null Arca","Tide-Born Wildstalker","91525.8","16209.1","42.6","91525.8 DPS","","Slimecraw Mask (Slimecraw)","Perfected Null Arca Jack (Perfected Slivers of the Null Arca)","Tide-Born Epaulets (Tide-Born Wildstalker)","Perfected Null Arca Bracers (Perfected Slivers of the Null Arca)","","Perfected Null Arca Guards (Perfected Slivers of the Null Arca)","Perfected Null Arca Boots (Perfected Slivers of the Null Arca)","","Tide-Born Ring (Tide-Born Wildstalker)","Tide-Born Ring (Tide-Born Wildstalker)","Tide-Born Dagger (Tide-Born Wildstalker)","Tide-Born Dagger (Tide-Born Wildstalker)","The Maelstrom's Perfected Inferno Staff (Perfected Crushing Wall)"," ()","Cephaliarch's Flail","Pragmatic Fatecarver","Quick Cloak","Radiant Glory","Camouflaged Hunter","Soul Harvest","Elemental Blockade","Inspired Scholarship","Solar Barrage","Fulminating Rune","Echoing Vigor","The Languid Eye"
"Ossein Cage","Overfiend Kazpian","https://www.esologs.com/reports/ZgzNBp4avQJ6V8Xw#fight=55&type=summary&source=7","@Sxhmock","Nerf this bs Class","ass-dawn-herald-perfected-slivers-of-the-null-arca-tide-born-wildstalker","dps","Ass","Dawn","Herald","Perfected Slivers of the Null Arca","Tide-Born Wildstalker","107005.6","13734.2","35.8","107005.6 DPS","The Thief","Slimecraw Guise (Slimecraw)","Perfected Null Arca Jack (Perfected Slivers of the Null Arca)","Tide-Born Arm Cops (Tide-Born Wildstalker)","Perfected Null Arca Bracers (Perfected Slivers of the Null Arca)","","Perfected Null Arca Guards (Perfected Slivers of the Null Arca)","Perfected Null Arca Boots (Perfected Slivers of the Null Arca)","","Tide-Born Ring (Tide-Born Wildstalker)","Tide-Born Ring (Tide-Born Wildstalker)","Tide-Born Dagger (Tide-Born Wildstalker)","Tide-Born Dagger (Tide-Born Wildstalker)","The Maelstrom's Perfected Greatsword (Perfected Merciless Charge)"," ()","Cephaliarch's Flail","Radiant Glory","Quick Cloak","Pragmatic Fatecarver","Camouflaged Hunter","Incapacitating Strike","Fulminating Rune","Solar Barrage","Stampede","Inspired Scholarship","Echoing Vigor","The Languid Eye"
"Ossein Cage","Overfiend Kazpian","https://www.esologs.com/reports/ZgzNBp4avQJ6V8Xw#fight=55&type=summary&source=5","@Fjior","Lost Arcanist","ass-dawn-herald-perfected-slivers-of-the-null-arca-tide-born-wildstalker","dps","Ass","Dawn","Herald","Perfected Slivers of the Null Arca","Tide-Born Wildstalker","100590.3","12414.4","38.5","100590.3 DPS","","Slimecraw Mask (Slimecraw)","Perfected Null Arca Jack (Perfected Slivers of the Null Arca)","Tide-Born Arm Cops (Tide-Born Wildstalker)","Perfected Null Arca Bracers (Perfected Slivers of the Null Arca)","","Tide-Born Guards (Tide-Born Wildstalker)","Perfected Null Arca Boots (Perfected Slivers of the Null Arca)","","Perfected Null Arca Ring (Perfected Slivers of the Null Arca)","Perfected Null Arca Ring (Perfected Slivers of the Null Arca)","Tide-Born Dagger (Tide-Born Wildstalker)","Tide-Born Dagger (Tide-Born Wildstalker)","The Maelstrom's Perfected Inferno Staff (Perfected Crushing Wall)"," ()","Camouflaged Hunter","Pragmatic Fatecarver","Cephaliarch's Flail","Radiant Glory","Banner Bearer","Soul Harvest","Elemental Blockade","Inspired Scholarship","Echoing Vigor","Solar Barrage","Banner Bearer","The Languid Eye"
"Ossein Cage","Overfiend Kazpian","https://www.esologs.com/reports/ZgzNBp4avQJ6V8Xw#fight=55&type=summary&source=4","@skyeson","Didn't expect much","ass-dawn-herald-perfected-slivers-of-the-null-arca-tide-born-wildstalker","dps","Ass","Dawn","Herald","Perfected Slivers of the Null Arca","Tide-Born Wildstalker","94818.4","4779.0","36.9","94818.4 DPS","","Slimecraw Guise (Slimecraw)","Perfected Null Arca Jack (Perfected Slivers of the Null Arca)","Perfected Null Arca Arm Cops (Perfected Slivers of the Null Arca)","Perfected Null Arca Bracers (Perfected Slivers of the Null Arca)","","Tide-Born Guards (Tide-Born Wildstalker)","Perfected Null Arca Boots (Perfected Slivers of the Null Arca)","","Tide-Born Ring (Tide-Born Wildstalker)","Tide-Born Ring (Tide-Born Wildstalker)","Tide-Born Dagger (Tide-Born Wildstalker)","Tide-Born Dagger (Tide-Born Wildstalker)","The Maelstrom's Perfected Inferno Staff (Perfected Crushing Wall)"," ()","Quick Cloak","Cephaliarch's Flail","Pragmatic Fatecarver","Radiant Glory","Camouflaged Hunter","Soul Harvest","Fulminating Rune","Elemental Blockade","Solar Barrage","Inspired Scholarship","Echoing Vigor","The Languid Eye"
"Ossein Cage","Overfiend Kazpian","https://www.esologs.com/reports/ZgzNBp4avQJ6V8Xw#fight=55&type=summary&source=2","@KleineDiebin","Arquen Ra'athim","ass-dawn-herald-perfected-slivers-of-the-null-arca-tide-born-wildstalker","dps","Ass","Dawn","Herald","Tide-Born Wildstalker","Perfected Slivers of the Null Arca","98334.3","17883.9","26.7","98334.3 DPS","","Tide-Born Helmet (Tide-Born Wildstalker)","Perfected Null Arca Jack (Perfected Slivers of the Null Arca)","Slimecraw Arm Cops (Slimecraw)","Perfected Null Arca Bracers (Perfected Slivers of the Null Arca)","","Perfected Null Arca Guards (Perfected Slivers of the Null Arca)","Perfected Null Arca Boots (Perfected Slivers of the Null Arca)","","Tide-Born Ring (Tide-Born Wildstalker)","Tide-Born Ring (Tide-Born Wildstalker)","Tide-Born Dagger (Tide-Born Wildstalker)","Tide-Born Dagger (Tide-Born Wildstalker)","The Maelstrom's Perfected Inferno Staff (Perfected Crushing Wall)"," ()","Pragmatic Fatecarver","Cephaliarch's Flail","Radiant Glory","Quick Cloak","Camouflaged Hunter","Soul Harvest","Elemental Blockade","Fulminating Rune","Inspired Scholarship","Echoing Vigor","Solar Barrage","The Languid Eye"
"Ossein Cage","Overfiend Kazpian","https://www.esologs.com/reports/3vP9hfTWVC182tJM#fight=30&type=summary&source=5","@Pixel_Frost","Grossekraft Grosse Verant","daedric-storm-x-perfected-pearlescent-ward-perfected-pillagers-profit","tank","Daedric","Storm","x","Perfected Pearlescent Ward","Perfected Pillager's Profit","11100.1","14659.1","47.6","47.6 CPM","The Atronach","Nazaray Mask (Nazaray)","Perfected Pearlescent Cuirass (Perfected Pearlescent Ward)","Nazaray Epaulets (Nazaray)","Perfected Pearlescent Gauntlets (Perfected Pearlescent Ward)","","Perfected Pearlescent Greaves (Perfected Pearlescent Ward)","Perfected Pearlescent Sabatons (Perfected Pearlescent Ward)","","Perfected Pillager's Band (Perfected Pillager's Profit)","Perfected Pillager's Band (Perfected Pillager's Profit)","Perfected Pillager's Ice Staff (Perfected Pillager's Profit)"," ()","The Maelstrom's Perfected Ice Staff (Perfected Crushing Wall)"," ()","Hardened Ward","Boundless Storm","Charging Maneuver","Inner Rage","Exhilarating Drain","Summon Charged Atronach","Elemental Blockade","Healing Contingency","Liquid Lightning","Echoing Vigor","Vibrant Shroud","Replenishing Barrier"
"Ossein Cage","Overfiend Kazpian","https://www.esologs.com/reports/3vP9hfTWVC182tJM#fight=30&type=summary&source=3","@LauritsS","Aristogeiton","daedric-storm-x-perfected-pearlescent-ward-perfected-pillagers-profit","tank","Daedric","Storm","x","Perfected Pearlescent Ward","Perfected Pillager's Profit","6823.2","15299.1","69.5","69.5 CPM","","Nazaray Mask (Nazaray)","Perfected Pearlescent Cuirass (Perfected Pearlescent Ward)","Nazaray Epaulets (Nazaray)","Perfected Pearlescent Gauntlets (Perfected Pearlescent Ward)","","Perfected Pearlescent Greaves (Perfected Pearlescent Ward)","Perfected Pearlescent Sabatons (Perfected Pearlescent Ward)","","Perfected Pillager's Band (Perfected Pillager's Profit)","Perfected Pillager's Band (Perfected Pillager's Profit)","Ice Staff of the Crimson Oath (Crimson Oath's Rive)"," ()","Perfected Pillager's Ice Staff (Perfected Pillager's Profit)"," ()","Vibrant Shroud","Inner Rage","Hardened Ward","Liquid Lightning","Exhilarating Drain","Reviving Barrier","Elemental Blockade","Leashing Soul","Mystic Orb","Hurricane","Bound Aegis","Aggressive Horn"
"Ossein Cage","Overfiend Kazpian","https://www.esologs.com/reports/8Trnv9YQf3bVpczG#fight=89&type=summary&source=4","@Elena.Lisbet","Elenya Lorin","curative-herald-soldier-master-architect-powerful-assault","healer","Herald","Curative","Soldier","Powerful Assault","Master Architect","4023.0","97723.9","53.1","97723.9 HPS","The Atronach","Magma Incarnate Visage (Magma Incarnate)","Jack of the Powerful Assault (Powerful Assault)","Spaulder of Ruin (Spaulder of Ruin)","Master Architect Gloves (Master Architect)","","Master Architect Breeches (Master Architect)","Master Architect Shoes (Master Architect)","","Master Architect Ring (Master Architect)","Ring of the Powerful Assault (Powerful Assault)","The Master's Perfected Restoration Staff (Perfected Grand Rejuvenation)"," ()","Lightning Staff of the Powerful Assault (Powerful Assault)"," ()","Cruxweaver Armor","Tidal Chakram","Energy Orb","Combat Prayer","Healing Springs","Reviving Barrier","Recuperative Treatise","Elemental Blockade","Crushing Shock","Ulfsild's Contingency","Echoing Vigor","Resonating Glyphic"
"Ossein Cage","Overfiend Kazpian","https://www.esologs.com/reports/8Trnv9YQf3bVpczG#fight=89&type=summary&source=1","@Kraaii","Nemosine Hallows","curative-herald-soldier-master-architect-powerful-assault","healer","Herald","Curative","Soldier","Master Architect","Powerful Assault","3254.3","136603.8","66.6","136603.8 HPS","","The Blind Guise (The Blind)","Master Architect Robe (Master Architect)","The Blind Epaulets (The Blind)","Master Architect Gloves (Master Architect)","","Master Architect Breeches (Master Architect)","Master Architect Shoes (Master Architect)","","Ring of the Powerful Assault (Powerful Assault)","Ring of the Powerful Assault (Powerful Assault)","Restoration Staff of the Powerful Assault (Powerful Assault)"," ()","The Maelstrom's Perfected Lightning Staff (Perfected Crushing Wall)"," ()","Illustrious Healing","Radiating Regeneration","Echoing Vigor","Tidal Chakram","Combat Prayer","Reviving Barrier","Energy Orb","Rune of the Colorless Pool","Cruxweaver Armor","Recuperative Treatise","Overflowing Altar","Glyphic of the Tides"
"Ossein Cage","Overfiend Kazpian","https://www.esologs.com/reports/Zq13BGHbLPdzgFfy#fight=105&type=summary&source=8","@haruna742","Cuibusor de nebunii","animal-green-winter-master-architect-perfected-pillagers-profit","healer","Animal","Green","Winter","Master Architect","Perfected Pillager's Profit","6811.1","95023.5","46.2","95023.5 HPS","","Ozezan the Inferno's Mask (Ozezan the Inferno)","Master Architect Robe (Master Architect)","Ozezan the Inferno's Epaulets (Ozezan the Inferno)","Master Architect Gloves (Master Architect)","","Master Architect Breeches (Master Architect)","Master Architect Shoes (Master Architect)","","Perfected Pillager's Band (Perfected Pillager's Profit)","Perfected Pillager's Band (Perfected Pillager's Profit)","Perfected Pillager's Lightning Staff (Perfected Pillager's Profit)"," ()","The Master's Perfected Restoration Staff (Perfected Grand Rejuvenation)"," ()","Elemental Blockade","Energy Orb","Elemental Susceptibility","Echoing Vigor","Expansive Frost Cloak","Aggressive Horn","Combat Prayer","Budding Seeds","Radiating Regeneration","Illustrious Healing","Bull Netch","Reviving Barrier"
"Ossein Cage","Overfiend Kazpian","https://www.esologs.com/reports/Zq13BGHbLPdzgFfy#fight=105&type=summary&source=10","@theatergeek123","Woo-Woo-Bus","animal-green-winter-master-architect-perfected-pillagers-profit","healer","Animal","Green","Winter","Master Architect","Perfected Pillager's Profit","8340.4","68798.0","46.1","68798.0 HPS","","The Blind Guise (The Blind)","Master Architect Jerkin (Master Architect)","The Blind Epaulets (The Blind)","Master Architect Gloves (Master Architect)","","Master Architect Breeches (Master Architect)","Master Architect Shoes (Master Architect)","","Perfected Pillager's Band (Perfected Pillager's Profit)","Perfected Pillager's Band (Perfected Pillager's Profit)","The Master's Perfected Restoration Staff (Perfected Grand Rejuvenation)"," ()","Perfected Pillager's Ice Staff (Perfected Pillager's Profit)"," ()","Radiating Regeneration","Illustrious Healing","Echoing Vigor","Budding Seeds","Combat Prayer","Eternal Guardian","Lotus Blossom","Expansive Frost Cloak","Enchanted Growth","Energy Orb","Blockade of Frost","Aggressive Horn"
"Ossein Cage","Trash Builds","https://www.esologs.com/reports/LFnXGPj4DQfAvgdH#fight=81&type=summary&source=2","@LordBuggaMan","Ariêca","herald-soldier-x-deadly-strike-perfected-sul-xans-torment","dps","Herald","Soldier","x","Deadly Strike","Perfected Sul-Xan's Torment","116293.7","4656.2","61.4","116293.7 DPS","","Slimecraw Mask (Slimecraw)","Deadly Jack (Deadly Strike)","Deadly Arm Cops (Deadly Strike)","Deadly Bracers (Deadly Strike)","","Deadly Guards (Deadly Strike)","Deadly Boots (Deadly Strike)","","Perfected Ring of Sul-Xan's Torment (Perfected Sul-Xan's Torment)","Perfected Ring of Sul-Xan's Torment (Perfected Sul-Xan's Torment)","Perfected Dagger of Sul-Xan's Torment (Perfected Sul-Xan's Torment)","Perfected Dagger of Sul-Xan's Torment (Perfected Sul-Xan's Torment)","The Maelstrom's Perfected Inferno Staff (Perfected Crushing Wall)"," ()","Whirling Blades","Quick Cloak","Escalating Runeblades","Pragmatic Fatecarver","Camouflaged Hunter","Flawless Dawnbreaker","Proximity Detonation","Inspired Scholarship","Elemental Blockade","Anti-Cavalry Caltrops","Cruxweaver Armor","Elemental Rage"
"Ossein Cage","Trash Builds","https://www.esologs.com/reports/LFnXGPj4DQfAvgdH#fight=81&type=summary&source=4","@BallTongue_o","Balltongue","herald-soldier-x-deadly-strike-perfected-sul-xans-torment","dps","Herald","Soldier","x","Perfected Sul-Xan's Torment","Deadly Strike","174760.1","6844.9","28.9","174760.1 DPS","","Slimecraw Guise (Slimecraw)","Perfected Jack of Sul-Xan's Torment (Perfected Sul-Xan's Torment)","Deadly Arm Cops (Deadly Strike)","Deadly Bracers (Deadly Strike)","","Perfected Guards of Sul-Xan's Torment (Perfected Sul-Xan's Torment)","Perfected Boots of Sul-Xan's Torment (Perfected Sul-Xan's Torment)","","Perfected Ring of Sul-Xan's Torment (Perfected Sul-Xan's Torment)","Perfected Ring of Sul-Xan's Torment (Perfected Sul-Xan's Torment)","Deadly Dagger (Deadly Strike)","Deadly Dagger (Deadly Strike)","The Maelstrom's Perfected Inferno Staff (Perfected Crushing Wall)"," ()","Pragmatic Fatecarver","Barbed Trap","Quick Cloak","Cephaliarch's Flail","Camouflaged Hunter","Flawless Dawnbreaker","Elemental Blockade","Inspired Scholarship","Proximity Detonation","Anti-Cavalry Caltrops","Cruxweaver Armor","The Languid Eye"
"Ossein Cage","Trash Builds","https://www.esologs.com/reports/LFnXGPj4DQfAvgdH#fight=81&type=summary&source=2","@LordBuggaMan","Ariêca","herald-soldier-x-deadly-strike-perfected-sul-xans-torment","dps","Herald","Soldier","x","Deadly Strike","Perfected Sul-Xan's Torment","102559.2","1592.1","21.8","102559.2 DPS","","Slimecraw Mask (Slimecraw)","Deadly Jack (Deadly Strike)","Deadly Arm Cops (Deadly Strike)","Deadly Bracers (Deadly Strike)","","Deadly Guards (Deadly Strike)","Deadly Boots (Deadly Strike)","","Perfected Ring of Sul-Xan's Torment (Perfected Sul-Xan's Torment)","Perfected Ring of Sul-Xan's Torment (Perfected Sul-Xan's Torment)","Perfected Dagger of Sul-Xan's Torment (Perfected Sul-Xan's Torment)","Perfected Dagger of Sul-Xan's Torment (Perfected Sul-Xan's Torment)","The Maelstrom's Perfected Inferno Staff (Perfected Crushing Wall)"," ()","Whirling Blades","Quick Cloak","Escalating Runeblades","Pragmatic Fatecarver","Camouflaged Hunter","Flawless Dawnbreaker","Proximity Detonation","Inspired Scholarship","Elemental Blockade","Anti-Cavalry Caltrops","Cruxweaver Armor","Elemental Rage"
"Ossein Cage","Trash Builds","https://www.esologs.com/reports/LFnXGPj4DQfAvgdH#fight=81&type=summary&source=4","@BallTongue_o","Balltongue","herald-soldier-x-deadly-strike-perfected-sul-xans-torment","dps","Herald","Soldier","x","Perfected Sul-Xan's Torment","Deadly Strike","68866.2","3033.0","25.1","68866.2 DPS","","Slimecraw Guise (Slimecraw)","Perfected Jack of Sul-Xan's Torment (Perfected Sul-Xan's Torment)","Deadly Arm Cops (Deadly Strike)","Deadly Bracers (Deadly Strike)","","Perfected Guards of Sul-Xan's Torment (Perfected Sul-Xan's Torment)","Perfected Boots of Sul-Xan's Torment (Perfected Sul-Xan's Torment)","","Perfected Ring of Sul-Xan's Torment (Perfected Sul-Xan's Torment)","Perfected Ring of Sul-Xan's Torment (Perfected Sul-Xan's Torment)","Deadly Dagger (Deadly Strike)","Deadly Dagger (Deadly Strike)","The Maelstrom's Perfected Inferno Staff (Perfected Crushing Wall)"," ()","Pragmatic Fatecarver","Barbed Trap","Quick Cloak","Cephaliarch's Flail","Camouflaged Hunter","Flawless Dawnbreaker","Elemental Blockade","Inspired Scholarship","Proximity Detonation","Anti-Cavalry Caltrops","Cruxweaver Armor","Elemental Rage"
"Ossein Cage","Trash Builds","https://www.esologs.com/reports/LFnXGPj4DQfAvgdH#fight=81&type=summary&source=11","@Plada","Tvoya Trevognostb","herald-soldier-x-deadly-strike-perfected-sul-xans-torment","dps","Herald","Soldier","x","Perfected Sul-Xan's Torment","Deadly Strike","283892.1","3891.8","15.7","283892.1 DPS","The Thief","Slimecraw Guise (Slimecraw)","Perfected Jack of Sul-Xan's Torment (Perfected Sul-Xan's Torment)","Deadly Arm Cops (Deadly Strike)","Perfected Bracers of Sul-Xan's Torment (Perfected Sul-Xan's Torment)","","Perfected Guards of Sul-Xan's Torment (Perfected Sul-Xan's Torment)","Perfected Boots of Sul-Xan's Torment (Perfected Sul-Xan's Torment)","","Deadly Ring (Deadly Strike)","Deadly Ring (Deadly Strike)","Deadly Dagger (Deadly Strike)","Deadly Dagger (Deadly Strike)","The Maelstrom's Perfected Inferno Staff (Perfected Crushing Wall)"," ()","Barbed Trap","Cephaliarch's Flail","Pragmatic Fatecarver","Quick Cloak","Camouflaged Hunter","Flawless Dawnbreaker","Elemental Blockade","Anti-Cavalry Caltrops","Inspired Scholarship","Cruxweaver Armor","Proximity Detonation","Elemental Rage"
"Ossein Cage","Trash Builds","https://www.esologs.com/reports/LFnXGPj4DQfAvgdH#fight=81&type=summary&source=11","@Plada","Tvoya Trevognostb","herald-soldier-x-deadly-strike-perfected-sul-xans-torment","dps","Herald","Soldier","x","Perfected Sul-Xan's Torment","Deadly Strike","120372.1","4299.6","25.7","120372.1 DPS","","Slimecraw Guise (Slimecraw)","Perfected Jack of Sul-Xan's Torment (Perfected Sul-Xan's Torment)","Deadly Arm Cops (Deadly Strike)","Perfected Bracers of Sul-Xan's Torment (Perfected Sul-Xan's Torment)","","Perfected Guards of Sul-Xan's Torment (Perfected Sul-Xan's Torment)","Perfected Boots of Sul-Xan's Torment (Perfected Sul-Xan's Torment)","","Deadly Ring (Deadly Strike)","Deadly Ring (Deadly Strike)","Deadly Dagger (Deadly Strike)","Deadly Dagger (Deadly Strike)","The Maelstrom's Perfected Inferno Staff (Perfected Crushing Wall)"," ()","Barbed Trap","Cephaliarch's Flail","Pragmatic Fatecarver","Quick Cloak","Camouflaged Hunter","Flawless Dawnbreaker","Elemental Blockade","Anti-Cavalry Caltrops","Inspired Scholarship","Cruxweaver Armor","Proximity Detonation","Elemental Rage"
"Ossein Cage","Trash Builds","https://www.esologs.com/reports/LFnXGPj4DQfAvgdH#fight=81&type=summary&source=6","@DreamTheater74","The Glass Prison","herald-soldier-x-deadly-strike-perfected-sul-xans-torment","dps","Herald","Soldier","x","Perfected Sul-Xan's Torment","Deadly Strike","148945.7","3238.4","38.9","148945.7 DPS","","Slimecraw Guise (Slimecraw)","Perfected Jack of Sul-Xan's Torment (Perfected Sul-Xan's Torment)","Deadly Arm Cops (Deadly Strike)","Perfected Bracers of Sul-Xan's Torment (Perfected Sul-Xan's Torment)","","Perfected Guards of Sul-Xan's Torment (Perfected Sul-Xan's Torment)","Perfected Boots of Sul-Xan's Torment (Perfected Sul-Xan's Torment)","","Deadly Ring (Deadly Strike)","Deadly Ring (Deadly Strike)","Deadly Dagger (Deadly Strike)","Deadly Dagger (Deadly Strike)","The Maelstrom's Perfected Inferno Staff (Perfected Crushing Wall)"," ()","Pragmatic Fatecarver","Quick Cloak","Cephaliarch's Flail","Camouflaged Hunter","Fulminating Rune","Flawless Dawnbreaker","Proximity Detonation","Inspired Scholarship","Blockade of Fire","Cruxweaver Armor","Razor Caltrops","The Languid Eye"
"Ossein Cage","Trash Builds","https://www.esologs.com/reports/LFnXGPj4DQfAvgdH#fight=81&type=summary&source=6","@DreamTheater74","The Glass Prison","herald-soldier-x-deadly-strike-perfected-sul-xans-torment","dps","Herald","Soldier","x","Perfected Sul-Xan's Torment","Deadly Strike","87045.7","5770.0","36.7","87045.7 DPS","","Slimecraw Guise (Slimecraw)","Perfected Jack of Sul-Xan's Torment (Perfected Sul-Xan's Torment)","Deadly Arm Cops (Deadly Strike)","Perfected Bracers of Sul-Xan's Torment (Perfected Sul-Xan's Torment)","","Perfected Guards of Sul-Xan's Torment (Perfected Sul-Xan's Torment)","Perfected Boots of Sul-Xan's Torment (Perfected Sul-Xan's Torment)","","Deadly Ring (Deadly Strike)","Deadly Ring (Deadly Strike)","Deadly Dagger (Deadly Strike)","Deadly Dagger (Deadly Strike)","The Maelstrom's Perfected Inferno Staff (Perfected Crushing Wall)"," ()","Pragmatic Fatecarver","Quick Cloak","Cephaliarch's Flail","Camouflaged Hunter","Fulminating Rune","Flawless Dawnbreaker","Proximity Detonation","Inspired Scholarship","Blockade of Fire","Cruxweaver Armor","Razor Caltrops","The Languid Eye"
"Ossein Cage","Trash Builds","https://www.esologs.com/reports/LFnXGPj4DQfAvgdH#fight=81&type=summary&source=8","@O815Gamer","Outbeams-your-Templar","herald-x-x-deadly-strike-perfected-sul-xans-torment","dps","Herald","x","x","Perfected Sul-Xan's Torment","Deadly Strike","144797.0","6265.7","43.4","144797.0 DPS","","Slimecraw Guise (Slimecraw)","Perfected Jack of Sul-Xan's Torment (Perfected Sul-Xan's Torment)","Deadly Arm Cops (Deadly Strike)","Perfected Bracers of Sul-Xan's Torment (Perfected Sul-Xan's Torment)","","Perfected Guards of Sul-Xan's Torment (Perfected Sul-Xan's Torment)","Perfected Boots of Sul-Xan's Torment (Perfected Sul-Xan's Torment)","","Deadly Ring (Deadly Strike)","Deadly Ring (Deadly Strike)","Deadly Dagger (Deadly Strike)","Deadly Dagger (Deadly Strike)","The Maelstrom's Perfected Inferno Staff (Perfected Crushing Wall)"," ()","Cephaliarch's Flail","Pragmatic Fatecarver","Quick Cloak","Camouflaged Hunter","Banner Bearer","Flawless Dawnbreaker","Anti-Cavalry Caltrops","Elemental Blockade","Proximity Detonation","Inspired Scholarship","Banner Bearer","The Languid Eye"
"Ossein Cage","Trash Builds","https://www.esologs.com/reports/LFnXGPj4DQfAvgdH#fight=81&type=summary&source=8","@O815Gamer","Outbeams-your-Templar","herald-x-x-deadly-strike-perfected-sul-xans-torment","dps","Herald","x","x","Perfected Sul-Xan's Torment","Deadly Strike","133943.1","4127.8","31.0","133943.1 DPS","","Slimecraw Guise (Slimecraw)","Perfected Jack of Sul-Xan's Torment (Perfected Sul-Xan's Torment)","Deadly Arm Cops (Deadly Strike)","Perfected Bracers of Sul-Xan's Torment (Perfected Sul-Xan's Torment)","","Perfected Guards of Sul-Xan's Torment (Perfected Sul-Xan's Torment)","Perfected Boots of Sul-Xan's Torment (Perfected Sul-Xan's Torment)","","Deadly Ring (Deadly Strike)","Deadly Ring (Deadly Strike)","Deadly Dagger (Deadly Strike)","Deadly Dagger (Deadly Strike)","The Maelstrom's Perfected Inferno Staff (Perfected Crushing Wall)"," ()","Cephaliarch's Flail","Pragmatic Fatecarver","Quick Cloak","Camouflaged Hunter","Banner Bearer","Flawless Dawnbreaker","Anti-Cavalry Caltrops","Elemental Blockade","Proximity Detonation","Inspired Scholarship","Banner Bearer","The Languid Eye"
"Ossein Cage","Trash Builds","https://www.esologs.com/reports/LFnXGPj4DQfAvgdH#fight=81&type=summary&source=3","@MAVIRIT","Kovul T'rizele","herald-x-x-deadly-strike-perfected-sul-xans-torment","dps","Herald","x","x","Perfected Sul-Xan's Torment","Deadly Strike","281362.7","2629.2","18.8","281362.7 DPS","The Atronach","Slimecraw Guise (Slimecraw)","Perfected Jack of Sul-Xan's Torment (Perfected Sul-Xan's Torment)","Deadly Arm Cops (Deadly Strike)","Perfected Bracers of Sul-Xan's Torment (Perfected Sul-Xan's Torment)","","Perfected Guards of Sul-Xan's Torment (Perfected Sul-Xan's Torment)","Perfected Boots of Sul-Xan's Torment (Perfected Sul-Xan's Torment)","","Deadly Ring (Deadly Strike)","Deadly Ring (Deadly Strike)","Deadly Dagger (Deadly Strike)","Deadly Dagger (Deadly Strike)","The Maelstrom's Perfected Inferno Staff (Perfected Crushing Wall)"," ()","Camouflaged Hunter","Pragmatic Fatecarver","Cephaliarch's Flail","Quick Cloak","Banner Bearer","Flawless Dawnbreaker","Elemental Blockade","Proximity Detonation","Fulminating Rune","Inspired Scholarship","Banner Bearer","Elemental Rage"
"Ossein Cage","Trash Builds","https://www.esologs.com/reports/LFnXGPj4DQfAvgdH#fight=81&type=summary&source=7","@ABSOLUT.7","Rūnic","herald-x-x-deadly-strike-perfected-sul-xans-torment","dps","Herald","x","x","Deadly Strike","Perfected Sul-Xan's Torment","230718.3","8486.1","22.0","230718.3 DPS","","Valkyn Skoria Guise (Valkyn Skoria)","Deadly Jack (Deadly Strike)","Perfected Arm Cops of Sul-Xan's Torment (Perfected Sul-Xan's Torment)","Deadly Bracers (Deadly Strike)","","Deadly Guards (Deadly Strike)","Deadly Boots (Deadly Strike)","","Perfected Ring of Sul-Xan's Torment (Perfected Sul-Xan's Torment)","Perfected Ring of Sul-Xan's Torment (Perfected Sul-Xan's Torment)","Perfected Dagger of Sul-Xan's Torment (Perfected Sul-Xan's Torment)","Perfected Dagger of Sul-Xan's Torment (Perfected Sul-Xan's Torment)","The Maelstrom's Perfected Inferno Staff (Perfected Crushing Wall)"," ()","Camouflaged Hunter","Cephaliarch's Flail","Banner Bearer","Barbed Trap","Pragmatic Fatecarver","Flawless Dawnbreaker","Elemental Blockade","Anti-Cavalry Caltrops","Banner Bearer","Circle of Protection","Inspired Scholarship","The Languid Eye"
"Ossein Cage","Trash Builds","https://www.esologs.com/reports/LFnXGPj4DQfAvgdH#fight=81&type=summary&source=3","@MAVIRIT","Kovul T'rizele","herald-x-x-deadly-strike-perfected-sul-xans-torment","dps","Herald","x","x","Perfected Sul-Xan's Torment","Deadly Strike","139834.4","6055.7","27.8","139834.4 DPS","","Slimecraw Guise (Slimecraw)","Perfected Jack of Sul-Xan's Torment (Perfected Sul-Xan's Torment)","Deadly Arm Cops (Deadly Strike)","Perfected Bracers of Sul-Xan's Torment (Perfected Sul-Xan's Torment)","","Perfected Guards of Sul-Xan's Torment (Perfected Sul-Xan's Torment)","Perfected Boots of Sul-Xan's Torment (Perfected Sul-Xan's Torment)","","Deadly Ring (Deadly Strike)","Deadly Ring (Deadly Strike)","Deadly Dagger (Deadly Strike)","Deadly Dagger (Deadly Strike)","The Maelstrom's Perfected Inferno Staff (Perfected Crushing Wall)"," ()","Camouflaged Hunter","Pragmatic Fatecarver","Cephaliarch's Flail","Quick Cloak","Banner Bearer","Flawless Dawnbreaker","Elemental Blockade","Proximity Detonation","Fulminating Rune","Inspired Scholarship","Banner Bearer","Elemental Rage"
"Ossein Cage","Trash Builds","https://www.esologs.com/reports/LFnXGPj4DQfAvgdH#fight=81&type=summary&source=7","@ABSOLUT.7","Rūnic","herald-x-x-deadly-strike-perfected-sul-xans-torment","dps","Herald","x","x","Deadly Strike","Perfected Sul-Xan's Torment","110944.4","8095.2","22.3","110944.4 DPS","","Valkyn Skoria Guise (Valkyn Skoria)","Deadly Jack (Deadly Strike)","Perfected Arm Cops of Sul-Xan's Torment (Perfected Sul-Xan's Torment)","Deadly Bracers (Deadly Strike)","","Deadly Guards (Deadly Strike)","Deadly Boots (Deadly Strike)","","Perfected Ring of Sul-Xan's Torment (Perfected Sul-Xan's Torment)","Perfected Ring of Sul-Xan's Torment (Perfected Sul-Xan's Torment)","Perfected Dagger of Sul-Xan's Torment (Perfected Sul-Xan's Torment)","Perfected Dagger of Sul-Xan's Torment (Perfected Sul-Xan's Torment)","The Maelstrom's Perfected Inferno Staff (Perfected Crushing Wall)"," ()","Camouflaged Hunter","Cephaliarch's Flail","Banner Bearer","Barbed Trap","Pragmatic Fatecarver","Flawless Dawnbreaker","Elemental Blockade","Anti-Cavalry Caltrops","Banner Bearer","Circle of Protection","Inspired Scholarship","The Languid Eye"
"Ossein Cage","Trash Builds","https://www.esologs.com/reports/LFnXGPj4DQfAvgdH#fight=81&type=summary&source=4","@ImperfectPitch","M'zuraar","herald-x-x-deadly-strike-perfected-sul-xans-torment","dps","Herald","x","x","Perfected Sul-Xan's Torment","Deadly Strike","202048.7","21776.6","49.5","202048.7 DPS","","Valkyn Skoria Guise (Valkyn Skoria)","Perfected Jack of Sul-Xan's Torment (Perfected Sul-Xan's Torment)","Deadly Arm Cops (Deadly Strike)","Perfected Bracers of Sul-Xan's Torment (Perfected Sul-Xan's Torment)","","Perfected Guards of Sul-Xan's Torment (Perfected Sul-Xan's Torment)","Perfected Boots of Sul-Xan's Torment (Perfected Sul-Xan's Torment)","","Deadly Ring (Deadly Strike)","Deadly Ring (Deadly Strike)","Deadly Dagger (Deadly Strike)","Deadly Dagger (Deadly Strike)","The Maelstrom's Perfected Bow (Perfected Thunderous Volley)"," ()","Quick Cloak","Camouflaged Hunter","Cephaliarch's Flail","Pragmatic Fatecarver","Shocking Banner (Cavalier's Charge / Courage)","Flawless Dawnbreaker","Arrow Barrage","Anti-Cavalry Caltrops","Inspired Scholarship","Proximity Detonation","Shocking Banner (Cavalier's Charge / Courage)","The Languid Eye"
"Ossein Cage","Trash Builds","https://www.esologs.com/reports/LFnXGPj4DQfAvgdH#fight=81&type=summary&source=4","@ImperfectPitch","M'zuraar","herald-x-x-deadly-strike-perfected-sul-xans-torment","dps","Herald","x","x","Perfected Sul-Xan's Torment","Deadly Strike","105564.0","10603.4","45.1","105564.0 DPS","","Valkyn Skoria Guise (Valkyn Skoria)","Perfected Jack of Sul-Xan's Torment (Perfected Sul-Xan's Torment)","Deadly Arm Cops (Deadly Strike)","Perfected Bracers of Sul-Xan's Torment (Perfected Sul-Xan's Torment)","","Perfected Guards of Sul-Xan's Torment (Perfected Sul-Xan's Torment)","Perfected Boots of Sul-Xan's Torment (Perfected Sul-Xan's Torment)","","Deadly Ring (Deadly Strike)","Deadly Ring (Deadly Strike)","Deadly Dagger (Deadly Strike)","Deadly Dagger (Deadly Strike)","The Maelstrom's Perfected Bow (Perfected Thunderous Volley)"," ()","Quick Cloak","Camouflaged Hunter","Cephaliarch's Flail","Pragmatic Fatecarver","Shocking Banner (Cavalier's Charge / Courage)","Flawless Dawnbreaker","Arrow Barrage","Anti-Cavalry Caltrops","Inspired Scholarship","Proximity Detonation","Shocking Banner (Cavalier's Charge / Courage)","The Languid Eye"
"Ossein Cage","Trash Builds","https://www.esologs.com/reports/LFnXGPj4DQfAvgdH#fight=81&type=summary&source=6","@JohnnyTsunami1337","Hampelfrau","grave-x-x-corpseburster-perfected-sul-xans-torment","dps","Grave","x","x","Perfected Sul-Xan's Torment","Corpseburster","102524.5","0.0","75.9","102524.5 DPS","","Slimecraw Mask (Slimecraw)","Perfected Jack of Sul-Xan's Torment (Perfected Sul-Xan's Torment)","Corpseburster Arm Cops (Corpseburster)","Perfected Bracers of Sul-Xan's Torment (Perfected Sul-Xan's Torment)","","Perfected Guards of Sul-Xan's Torment (Perfected Sul-Xan's Torment)","Perfected Boots of Sul-Xan's Torment (Perfected Sul-Xan's Torment)","","Corpseburster Ring (Corpseburster)","Corpseburster Ring (Corpseburster)","Corpseburster Dagger (Corpseburster)","Corpseburster Dagger (Corpseburster)","The Maelstrom's Perfected Inferno Staff (Perfected Crushing Wall)"," ()","Blighted Blastbones","Quick Cloak","Whirling Blades","Detonating Siphon","Banner Bearer","Flawless Dawnbreaker","Ulfsild's Contingency","Anti-Cavalry Caltrops","Unnerving Boneyard","Elemental Blockade","Banner Bearer","Glacial Colossus"
"Ossein Cage","Trash Builds","https://www.esologs.com/reports/LFnXGPj4DQfAvgdH#fight=81&type=summary&source=6","@JohnnyTsunami1337","Hampelfrau","grave-x-x-corpseburster-perfected-sul-xans-torment","dps","Grave","x","x","Perfected Sul-Xan's Torment","Corpseburster","116820.4","4012.9","39.4","116820.4 DPS","","Slimecraw Mask (Slimecraw)","Perfected Jack of Sul-Xan's Torment (Perfected Sul-Xan's Torment)","Corpseburster Arm Cops (Corpseburster)","Perfected Bracers of Sul-Xan's Torment (Perfected Sul-Xan's Torment)","","Perfected Guards of Sul-Xan's Torment (Perfected Sul-Xan's Torment)","Perfected Boots of Sul-Xan's Torment (Perfected Sul-Xan's Torment)","","Corpseburster Ring (Corpseburster)","Corpseburster Ring (Corpseburster)","Corpseburster Dagger (Corpseburster)","Corpseburster Dagger (Corpseburster)","The Maelstrom's Perfected Inferno Staff (Perfected Crushing Wall)"," ()","Blighted Blastbones","Quick Cloak","Whirling Blades","Detonating Siphon","Banner Bearer","Flawless Dawnbreaker","Ulfsild's Contingency","Anti-Cavalry Caltrops","Unnerving Boneyard","Elemental Blockade","Banner Bearer","Glacial Colossus"
"Ossein Cage","Trash Builds","https://www.esologs.com/reports/LFnXGPj4DQfAvgdH#fight=81&type=summary&source=6","@Longstriker","im a cro rawr uwu","grave-x-x-corpseburster-perfected-sul-xans-torment","dps","Grave","x","x","Perfected Sul-Xan's Torment","Corpseburster","174237.6","1845.9","50.7","174237.6 DPS","The Thief","Slimecraw Mask (Slimecraw)","Perfected Jack of Sul-Xan's Torment (Perfected Sul-Xan's Torment)","Corpseburster Epaulets (Corpseburster)","Perfected Bracers of Sul-Xan's Torment (Perfected Sul-Xan's Torment)","","Perfected Guards of Sul-Xan's Torment (Perfected Sul-Xan's Torment)","Perfected Boots of Sul-Xan's Torment (Perfected Sul-Xan's Torment)","","Corpseburster Ring (Corpseburster)","Corpseburster Ring (Corpseburster)","Corpseburster Dagger (Corpseburster)","Corpseburster Dagger (Corpseburster)","The Maelstrom's Perfected Inferno Staff (Perfected Crushing Wall)"," ()","Banner Bearer","Whirling Blades","Blighted Blastbones","Unnerving Boneyard","Detonating Siphon","Flawless Dawnbreaker","Elemental Blockade","Anti-Cavalry Caltrops","Proximity Detonation","Banner Bearer","Skeletal Archer","Glacial Colossus"
"Ossein Cage","Trash Builds","https://www.esologs.com/reports/LFnXGPj4DQfAvgdH#fight=81&type=summary&source=15","@Drkif","ßarale","grave-x-x-corpseburster-perfected-sul-xans-torment","dps","Grave","x","x","Perfected Sul-Xan's Torment","Corpseburster","85246.6","29527.6","27.4","85246.6 DPS","","Valkyn Skoria Guise (Valkyn Skoria)","Perfected Jack of Sul-Xan's Torment (Perfected Sul-Xan's Torment)","Corpseburster Arm Cops (Corpseburster)","Perfected Bracers of Sul-Xan's Torment (Perfected Sul-Xan's Torment)","","Perfected Guards of Sul-Xan's Torment (Perfected Sul-Xan's Torment)","Perfected Boots of Sul-Xan's Torment (Perfected Sul-Xan's Torment)","","Corpseburster Ring (Corpseburster)","Corpseburster Ring (Corpseburster)","Corpseburster Dagger (Corpseburster)","Corpseburster Dagger (Corpseburster)","The Maelstrom's Perfected Inferno Staff (Perfected Crushing Wall)"," ()","Venom Skull","Blighted Blastbones","Whirling Blades","Detonating Siphon","Banner Bearer","Flawless Dawnbreaker","Skeletal Archer","Elemental Blockade","Unnerving Boneyard","Sundering Trample","Banner Bearer","Glacial Colossus"
"Ossein Cage","Trash Builds","https://www.esologs.com/reports/LFnXGPj4DQfAvgdH#fight=81&type=summary&source=15","@Drkif","ßarale","grave-x-x-corpseburster-perfected-sul-xans-torment","dps","Grave","x","x","Perfected Sul-Xan's Torment","Corpseburster","107298.8","33459.1","49.0","107298.8 DPS","","Valkyn Skoria Guise (Valkyn Skoria)","Perfected Jack of Sul-Xan's Torment (Perfected Sul-Xan's Torment)","Corpseburster Arm Cops (Corpseburster)","Perfected Bracers of Sul-Xan's Torment (Perfected Sul-Xan's Torment)","","Perfected Guards of Sul-Xan's Torment (Perfected Sul-Xan's Torment)","Perfected Boots of Sul-Xan's Torment (Perfected Sul-Xan's Torment)","","Corpseburster Ring (Corpseburster)","Corpseburster Ring (Corpseburster)","Corpseburster Dagger (Corpseburster)","Corpseburster Dagger (Corpseburster)","The Maelstrom's Perfected Inferno Staff (Perfected Crushing Wall)"," ()","Venom Skull","Blighted Blastbones","Whirling Blades","Detonating Siphon","Banner Bearer","Flawless Dawnbreaker","Skeletal Archer","Elemental Blockade","Unnerving Boneyard","Sundering Trample","Banner Bearer","Glacial Colossus"
"Ossein Cage","Trash Builds","https://www.esologs.com/reports/LFnXGPj4DQfAvgdH#fight=81&type=summary&source=9","@R0CKSTER","Rock der Knochenbrecher","grave-x-x-corpseburster-perfected-sul-xans-torment","dps","Grave","x","x","Perfected Sul-Xan's Torment","Corpseburster","14835.6","10902.8","29.3","14835.6 DPS","","Slimecraw Mask (Slimecraw)","Perfected Jack of Sul-Xan's Torment (Perfected Sul-Xan's Torment)","Perfected Arm Cops of Sul-Xan's Torment (Perfected Sul-Xan's Torment)","Perfected Bracers of Sul-Xan's Torment (Perfected Sul-Xan's Torment)","","Corpseburster Guards (Corpseburster)","Perfected Boots of Sul-Xan's Torment (Perfected Sul-Xan's Torment)","","Corpseburster Ring (Corpseburster)","Corpseburster Ring (Corpseburster)","Corpseburster Dagger (Corpseburster)","Corpseburster Dagger (Corpseburster)","The Maelstrom's Perfected Inferno Staff (Perfected Crushing Wall)"," ()","Banner Bearer","Venom Skull","Blighted Blastbones","Detonating Siphon","Unnerving Boneyard","Glacial Colossus","Banner Bearer","Camouflaged Hunter","Elemental Blockade","Anti-Cavalry Caltrops","Skeletal Archer","Glacial Colossus"
"Ossein Cage","Trash Builds","https://www.esologs.com/reports/LFnXGPj4DQfAvgdH#fight=81&type=summary&source=9","@R0CKSTER","Rock der Knochenbrecher","grave-x-x-corpseburster-perfected-sul-xans-torment","dps","Grave","x","x","Perfected Sul-Xan's Torment","Corpseburster","89225.6","9761.9","44.8","89225.6 DPS","","Slimecraw Mask (Slimecraw)","Perfected Jack of Sul-Xan's Torment (Perfected Sul-Xan's Torment)","Perfected Arm Cops of Sul-Xan's Torment (Perfected Sul-Xan's Torment)","Perfected Bracers of Sul-Xan's Torment (Perfected Sul-Xan's Torment)","","Corpseburster Guards (Corpseburster)","Perfected Boots of Sul-Xan's Torment (Perfected Sul-Xan's Torment)","","Corpseburster Ring (Corpseburster)","Corpseburster Ring (Corpseburster)","Corpseburster Dagger (Corpseburster)","Corpseburster Dagger (Corpseburster)","The Maelstrom's Perfected Inferno Staff (Perfected Crushing Wall)"," ()","Banner Bearer","Venom Skull","Blighted Blastbones","Detonating Siphon","Unnerving Boneyard","Glacial Colossus","Banner Bearer","Camouflaged Hunter","Elemental Blockade","Anti-Cavalry Caltrops","Skeletal Archer","Glacial Colossus"
"Ossein Cage","Trash Builds","https://www.esologs.com/reports/Zq13BGHbLPdzgFfy#fight=84&type=summary&source=3","@WiGe06","Ecidri Khesreso","ass-shadow-siphon-perfected-sul-xans-torment-soulcleaver","dps","Ass","Shadow","Siphon","Perfected Sul-Xan's Torment","Soulcleaver","57966.9","14749.9","82.3","57966.9 DPS","","Perfected Helmet of Sul-Xan's Torment (Perfected Sul-Xan's Torment)","Soulcleaver Jack (Soulcleaver)","Archdruid Devyric's Epaulets (Archdruid Devyric)","Soulcleaver Bracers (Soulcleaver)","","Soulcleaver Guards (Soulcleaver)","Soulcleaver Boots (Soulcleaver)","","Perfected Ring of Sul-Xan's Torment (Perfected Sul-Xan's Torment)","Perfected Ring of Sul-Xan's Torment (Perfected Sul-Xan's Torment)","Perfected Dagger of Sul-Xan's Torment (Perfected Sul-Xan's Torment)","Perfected Dagger of Sul-Xan's Torment (Perfected Sul-Xan's Torment)","The Maelstrom's Perfected Inferno Staff (Perfected Crushing Wall)"," ()","Shadowy Disguise","Whirling Blades","Surprise Attack","Relentless Focus","Power Extraction","Incapacitating Strike","Elemental Blockade","Elude","Dark Shade","Proximity Detonation","Blood Mist","Elemental Rage"
"Ossein Cage","Trash Builds","https://www.esologs.com/reports/Zq13BGHbLPdzgFfy#fight=84&type=summary&source=5","@Anarhiatytar","Raven Harlow Rapture","ass-shadow-siphon-perfected-sul-xans-torment-soulcleaver","dps","Ass","Shadow","Siphon","Perfected Sul-Xan's Torment","Soulcleaver","77793.3","11818.8","64.0","77793.3 DPS","","Valkyn Skoria Guise (Valkyn Skoria)","Perfected Jack of Sul-Xan's Torment (Perfected Sul-Xan's Torment)","Soulcleaver Epaulets (Soulcleaver)","Perfected Bracers of Sul-Xan's Torment (Perfected Sul-Xan's Torment)","","Perfected Guards of Sul-Xan's Torment (Perfected Sul-Xan's Torment)","Perfected Boots of Sul-Xan's Torment (Perfected Sul-Xan's Torment)","","Soulcleaver Ring (Soulcleaver)","Soulcleaver Ring (Soulcleaver)","Soulcleaver Dagger (Soulcleaver)","Soulcleaver Dagger (Soulcleaver)","The Maelstrom's Inferno Staff (Crushing Wall)"," ()","Quick Cloak","Sundering Trample","Power Extraction","Whirling Blades","Camouflaged Hunter","Soul Harvest","Anti-Cavalry Caltrops","Proximity Detonation","Elemental Blockade","Siphoning Attacks","Dark Shade","Elemental Rage"
"Ossein Cage","Trash Builds","https://www.esologs.com/reports/Zq13BGHbLPdzgFfy#fight=84&type=summary&source=3","@WiGe06","Ecidri Khesreso","ass-shadow-siphon-perfected-sul-xans-torment-soulcleaver","dps","Ass","Shadow","Siphon","Perfected Sul-Xan's Torment","Soulcleaver","222518.1","36463.9","54.5","222518.1 DPS","The Thief","Perfected Helmet of Sul-Xan's Torment (Perfected Sul-Xan's Torment)","Soulcleaver Jack (Soulcleaver)","Archdruid Devyric's Epaulets (Archdruid Devyric)","Soulcleaver Bracers (Soulcleaver)","","Soulcleaver Guards (Soulcleaver)","Soulcleaver Boots (Soulcleaver)","","Perfected Ring of Sul-Xan's Torment (Perfected Sul-Xan's Torment)","Perfected Ring of Sul-Xan's Torment (Perfected Sul-Xan's Torment)","Perfected Dagger of Sul-Xan's Torment (Perfected Sul-Xan's Torment)","Perfected Dagger of Sul-Xan's Torment (Perfected Sul-Xan's Torment)","The Maelstrom's Perfected Inferno Staff (Perfected Crushing Wall)"," ()","Shadowy Disguise","Whirling Blades","Surprise Attack","Relentless Focus","Power Extraction","Incapacitating Strike","Elemental Blockade","Elude","Dark Shade","Proximity Detonation","Blood Mist","Elemental Rage"
"Ossein Cage","Trash Builds","https://www.esologs.com/reports/Zq13BGHbLPdzgFfy#fight=84&type=summary&source=5","@Anarhiatytar","Raven Harlow Rapture","ass-shadow-siphon-perfected-sul-xans-torment-soulcleaver","dps","Ass","Shadow","Siphon","Perfected Sul-Xan's Torment","Soulcleaver","124632.3","6860.6","41.4","124632.3 DPS","","Valkyn Skoria Guise (Valkyn Skoria)","Perfected Jack of Sul-Xan's Torment (Perfected Sul-Xan's Torment)","Soulcleaver Epaulets (Soulcleaver)","Perfected Bracers of Sul-Xan's Torment (Perfected Sul-Xan's Torment)","","Perfected Guards of Sul-Xan's Torment (Perfected Sul-Xan's Torment)","Perfected Boots of Sul-Xan's Torment (Perfected Sul-Xan's Torment)","","Soulcleaver Ring (Soulcleaver)","Soulcleaver Ring (Soulcleaver)","Soulcleaver Dagger (Soulcleaver)","Soulcleaver Dagger (Soulcleaver)","The Maelstrom's Inferno Staff (Crushing Wall)"," ()","Quick Cloak","Sundering Trample","Power Extraction","Whirling Blades","Camouflaged Hunter","Soul Harvest","Anti-Cavalry Caltrops","Proximity Detonation","Elemental Blockade","Siphoning Attacks","Dark Shade","Elemental Rage"
"Ossein Cage","Trash Builds","https://www.esologs.com/reports/Zq13BGHbLPdzgFfy#fight=84&type=summary&source=6","@Shalltear9","Julie Ferrer","ass-shadow-siphon-perfected-sul-xans-torment-soulcleaver","dps","Ass","Shadow","Siphon","Perfected Sul-Xan's Torment","Soulcleaver","89288.8","15544.9","39.5","89288.8 DPS","","Slimecraw Guise (Slimecraw)","Perfected Jack of Sul-Xan's Torment (Perfected Sul-Xan's Torment)","Soulcleaver Arm Cops (Soulcleaver)","Soulcleaver Bracers (Soulcleaver)","","Soulcleaver Guards (Soulcleaver)","Soulcleaver Boots (Soulcleaver)","","Perfected Ring of Sul-Xan's Torment (Perfected Sul-Xan's Torment)","Perfected Ring of Sul-Xan's Torment (Perfected Sul-Xan's Torment)","Perfected Dagger of Sul-Xan's Torment (Perfected Sul-Xan's Torment)","Perfected Dagger of Sul-Xan's Torment (Perfected Sul-Xan's Torment)","The Maelstrom's Perfected Inferno Staff (Perfected Crushing Wall)"," ()","Quick Cloak","Power Extraction","Whirling Blades","Killer's Blade","Relentless Focus","Incapacitating Strike","Elemental Blockade","Shadowy Disguise","Siphoning Attacks","Proximity Detonation","Dark Shade","Elemental Rage"
"Ossein Cage","Trash Builds","https://www.esologs.com/reports/Zq13BGHbLPdzgFfy#fight=84&type=summary&source=6","@Shalltear9","Julie Ferrer","ass-shadow-siphon-perfected-sul-xans-torment-soulcleaver","dps","Ass","Shadow","Siphon","Perfected Sul-Xan's Torment","Soulcleaver","88119.6","8877.0","59.2","88119.6 DPS","","Slimecraw Guise (Slimecraw)","Perfected Jack of Sul-Xan's Torment (Perfected Sul-Xan's Torment)","Soulcleaver Arm Cops (Soulcleaver)","Soulcleaver Bracers (Soulcleaver)","","Soulcleaver Guards (Soulcleaver)","Soulcleaver Boots (Soulcleaver)","","Perfected Ring of Sul-Xan's Torment (Perfected Sul-Xan's Torment)","Perfected Ring of Sul-Xan's Torment (Perfected Sul-Xan's Torment)","Perfected Dagger of Sul-Xan's Torment (Perfected Sul-Xan's Torment)","Perfected Dagger of Sul-Xan's Torment (Perfected Sul-Xan's Torment)","The Maelstrom's Perfected Inferno Staff (Perfected Crushing Wall)"," ()","Quick Cloak","Power Extraction","Whirling Blades","Killer's Blade","Relentless Focus","Incapacitating Strike","Elemental Blockade","Shadowy Disguise","Siphoning Attacks","Proximity Detonation","Dark Shade","Elemental Rage"
"Ossein Cage","Trash Builds","https://www.esologs.com/reports/Zq13BGHbLPdzgFfy#fight=84&type=summary&source=13","@Smick_94","Nela Beda","bone-grave-x-corpseburster-perfected-sul-xans-torment","dps","Grave","Bone","x","Perfected Sul-Xan's Torment","Corpseburster","55026.4","6019.6","50.3","55026.4 DPS","","Slimecraw Guise (Slimecraw)","Perfected Jack of Sul-Xan's Torment (Perfected Sul-Xan's Torment)","Perfected Arm Cops of Sul-Xan's Torment (Perfected Sul-Xan's Torment)","Perfected Bracers of Sul-Xan's Torment (Perfected Sul-Xan's Torment)","","Perfected Guards of Sul-Xan's Torment (Perfected Sul-Xan's Torment)","Perfected Boots of Sul-Xan's Torment (Perfected Sul-Xan's Torment)","","Corpseburster Ring (Corpseburster)","Corpseburster Ring (Corpseburster)","Corpseburster Dagger (Corpseburster)","Corpseburster Dagger (Corpseburster)","The Maelstrom's Perfected Inferno Staff (Perfected Crushing Wall)"," ()","Blighted Blastbones","Whirling Blades","Unnerving Boneyard","Detonating Siphon","Banner Bearer","Flawless Dawnbreaker","Elemental Blockade","Magical Burst","Necrotic Potency","Skeletal Archer","Banner Bearer","Elemental Rage"
"Ossein Cage","Trash Builds","https://www.esologs.com/reports/Zq13BGHbLPdzgFfy#fight=84&type=summary&source=14","@Lord_Asteroth","Asteroth of Londor","bone-grave-x-corpseburster-perfected-sul-xans-torment","dps","Grave","Bone","x","Perfected Sul-Xan's Torment","Corpseburster","32412.4","5647.1","36.6","32412.4 DPS","","Zaan Guise (Zaan)","Perfected Jack of Sul-Xan's Torment (Perfected Sul-Xan's Torment)","Corpseburster Arm Cops (Corpseburster)","Perfected Bracers of Sul-Xan's Torment (Perfected Sul-Xan's Torment)","","Perfected Guards of Sul-Xan's Torment (Perfected Sul-Xan's Torment)","Perfected Boots of Sul-Xan's Torment (Perfected Sul-Xan's Torment)","","Corpseburster Ring (Corpseburster)","Corpseburster Ring (Corpseburster)","Corpseburster Dagger (Corpseburster)","Corpseburster Dagger (Corpseburster)","The Maelstrom's Perfected Inferno Staff (Perfected Crushing Wall)"," ()","Unnerving Boneyard","Quick Cloak","Blighted Blastbones","Detonating Siphon","Whirling Blades","Flawless Dawnbreaker","Proximity Detonation","Necrotic Potency","Skeletal Archer","Anti-Cavalry Caltrops","Elemental Blockade","Elemental Rage"
"Ossein Cage","Trash Builds","https://www.esologs.com/reports/Zq13BGHbLPdzgFfy#fight=84&type=summary&source=13","@Smick_94","Nela Beda","bone-grave-x-corpseburster-perfected-sul-xans-torment","dps","Grave","Bone","x","Perfected Sul-Xan's Torment","Corpseburster","158377.1","8626.1","40.3","158377.1 DPS","","Slimecraw Guise (Slimecraw)","Perfected Jack of Sul-Xan's Torment (Perfected Sul-Xan's Torment)","Perfected Arm Cops of Sul-Xan's Torment (Perfected Sul-Xan's Torment)","Perfected Bracers of Sul-Xan's Torment (Perfected Sul-Xan's Torment)","","Perfected Guards of Sul-Xan's Torment (Perfected Sul-Xan's Torment)","Perfected Boots of Sul-Xan's Torment (Perfected Sul-Xan's Torment)","","Corpseburster Ring (Corpseburster)","Corpseburster Ring (Corpseburster)","Corpseburster Dagger (Corpseburster)","Corpseburster Dagger (Corpseburster)","The Maelstrom's Perfected Inferno Staff (Perfected Crushing Wall)"," ()","Blighted Blastbones","Whirling Blades","Unnerving Boneyard","Detonating Siphon","Banner Bearer","Flawless Dawnbreaker","Elemental Blockade","Magical Burst","Necrotic Potency","Skeletal Archer","Banner Bearer","Elemental Rage"
"Ossein Cage","Trash Builds","https://www.esologs.com/reports/Zq13BGHbLPdzgFfy#fight=84&type=summary&source=14","@Lord_Asteroth","Asteroth of Londor","bone-grave-x-corpseburster-perfected-sul-xans-torment","dps","Grave","Bone","x","Perfected Sul-Xan's Torment","Corpseburster","160923.0","9765.4","44.7","160923.0 DPS","","Zaan Guise (Zaan)","Perfected Jack of Sul-Xan's Torment (Perfected Sul-Xan's Torment)","Corpseburster Arm Cops (Corpseburster)","Perfected Bracers of Sul-Xan's Torment (Perfected Sul-Xan's Torment)","","Perfected Guards of Sul-Xan's Torment (Perfected Sul-Xan's Torment)","Perfected Boots of Sul-Xan's Torment (Perfected Sul-Xan's Torment)","","Corpseburster Ring (Corpseburster)","Corpseburster Ring (Corpseburster)","Corpseburster Dagger (Corpseburster)","Corpseburster Dagger (Corpseburster)","The Maelstrom's Perfected Inferno Staff (Perfected Crushing Wall)"," ()","Unnerving Boneyard","Quick Cloak","Blighted Blastbones","Detonating Siphon","Whirling Blades","Flawless Dawnbreaker","Proximity Detonation","Necrotic Potency","Skeletal Archer","Anti-Cavalry Caltrops","Elemental Blockade","Elemental Rage"
"Ossein Cage","Trash Builds","https://www.esologs.com/reports/Zq13BGHbLPdzgFfy#fight=84&type=summary&source=15","@Xudowudo","Xu'do","bone-grave-x-corpseburster-perfected-sul-xans-torment","dps","Grave","Bone","x","Perfected Sul-Xan's Torment","Corpseburster","195216.0","4580.9","63.6","195216.0 DPS","The Thief","Slimecraw Mask (Slimecraw)","Perfected Jack of Sul-Xan's Torment (Perfected Sul-Xan's Torment)","Corpseburster Arm Cops (Corpseburster)","Perfected Bracers of Sul-Xan's Torment (Perfected Sul-Xan's Torment)","","Perfected Guards of Sul-Xan's Torment (Perfected Sul-Xan's Torment)","Perfected Boots of Sul-Xan's Torment (Perfected Sul-Xan's Torment)","","Corpseburster Ring (Corpseburster)","Corpseburster Ring (Corpseburster)","Corpseburster Dagger (Corpseburster)","Corpseburster Dagger (Corpseburster)","The Maelstrom's Perfected Inferno Staff (Perfected Crushing Wall)"," ()","Camouflaged Hunter","Whirling Blades","Blighted Blastbones","Detonating Siphon","Shocking Banner (Class Flourish / Courage)","Flawless Dawnbreaker","Proximity Detonation","Blockade of Fire","Blood Mist","Necrotic Potency","Shocking Banner (Class Flourish / Courage)","Elemental Rage"
"Ossein Cage","Trash Builds","https://www.esologs.com/reports/Zq13BGHbLPdzgFfy#fight=84&type=summary&source=15","@Xudowudo","Xu'do","bone-grave-x-corpseburster-perfected-sul-xans-torment","dps","Grave","Bone","x","Perfected Sul-Xan's Torment","Corpseburster","97214.6","4803.8","66.8","97214.6 DPS","","Slimecraw Mask (Slimecraw)","Perfected Jack of Sul-Xan's Torment (Perfected Sul-Xan's Torment)","Corpseburster Arm Cops (Corpseburster)","Perfected Bracers of Sul-Xan's Torment (Perfected Sul-Xan's Torment)","","Perfected Guards of Sul-Xan's Torment (Perfected Sul-Xan's Torment)","Perfected Boots of Sul-Xan's Torment (Perfected Sul-Xan's Torment)","","Corpseburster Ring (Corpseburster)","Corpseburster Ring (Corpseburster)","Corpseburster Dagger (Corpseburster)","Corpseburster Dagger (Corpseburster)","The Maelstrom's Perfected Inferno Staff (Perfected Crushing Wall)"," ()","Camouflaged Hunter","Whirling Blades","Blighted Blastbones","Detonating Siphon","Shocking Banner (Class Flourish / Courage)","Flawless Dawnbreaker","Proximity Detonation","Blockade of Fire","Blood Mist","Necrotic Potency","Shocking Banner (Class Flourish / Courage)","Elemental Rage"
"Ossein Cage","Trash Builds","https://www.esologs.com/reports/LFnXGPj4DQfAvgdH#fight=81&type=summary&source=12","@Narathzul1","Zęlárá","curative-herald-soldier-deadly-strike-perfected-sul-xans-torment","dps","Herald","Curative","Soldier","Deadly Strike","Perfected Sul-Xan's Torment","139916.4","3778.0","50.6","139916.4 DPS","","Slimecraw Guise (Slimecraw)","Deadly Jack (Deadly Strike)","Perfected Arm Cops of Sul-Xan's Torment (Perfected Sul-Xan's Torment)","Deadly Bracers (Deadly Strike)","","Deadly Guards (Deadly Strike)","Deadly Boots (Deadly Strike)","","Perfected Ring of Sul-Xan's Torment (Perfected Sul-Xan's Torment)","Perfected Ring of Sul-Xan's Torment (Perfected Sul-Xan's Torment)","Perfected Dagger of Sul-Xan's Torment (Perfected Sul-Xan's Torment)","Perfected Dagger of Sul-Xan's Torment (Perfected Sul-Xan's Torment)","The Maelstrom's Perfected Bow (Perfected Thunderous Volley)"," ()","Quick Cloak","Camouflaged Hunter","Barbed Trap","Escalating Runeblades","Pragmatic Fatecarver","Flawless Dawnbreaker","Cruxweaver Armor","Inspired Scholarship","Proximity Detonation","Endless Hail","Fleet-Footed Gate","The Languid Eye"
"Ossein Cage","Trash Builds","https://www.esologs.com/reports/LFnXGPj4DQfAvgdH#fight=81&type=summary&source=1","@Ely0n","Ravenyà","curative-herald-soldier-deadly-strike-perfected-sul-xans-torment","healer","Herald","Curative","Soldier","Perfected Sul-Xan's Torment","Deadly Strike","54798.7","19411.1","37.7","19411.1 HPS","","Slimecraw Mask (Slimecraw)","Perfected Jack of Sul-Xan's Torment (Perfected Sul-Xan's Torment)","Perfected Arm Cops of Sul-Xan's Torment (Perfected Sul-Xan's Torment)","Perfected Bracers of Sul-Xan's Torment (Perfected Sul-Xan's Torment)","","Deadly Guards (Deadly Strike)","Perfected Boots of Sul-Xan's Torment (Perfected Sul-Xan's Torment)","","Deadly Ring (Deadly Strike)","Deadly Ring (Deadly Strike)","Deadly Dagger (Deadly Strike)","Deadly Dagger (Deadly Strike)","The Maelstrom's Perfected Inferno Staff (Perfected Crushing Wall)"," ()","Camouflaged Hunter","Cephaliarch's Flail","Pragmatic Fatecarver","Quick Cloak","Inspired Scholarship","Flawless Dawnbreaker","Cruxweaver Armor","Blockade of Fire","Overflowing Altar","Echoing Vigor","Fleet-Footed Gate","Flawless Dawnbreaker"
"Ossein Cage","Trash Builds","https://www.esologs.com/reports/LFnXGPj4DQfAvgdH#fight=81&type=summary&source=12","@Narathzul1","Zęlárá","curative-herald-soldier-deadly-strike-perfected-sul-xans-torment","dps","Herald","Curative","Soldier","Deadly Strike","Perfected Sul-Xan's Torment","124103.7","2094.3","36.0","124103.7 DPS","","Slimecraw Guise (Slimecraw)","Deadly Jack (Deadly Strike)","Perfected Arm Cops of Sul-Xan's Torment (Perfected Sul-Xan's Torment)","Deadly Bracers (Deadly Strike)","","Deadly Guards (Deadly Strike)","Deadly Boots (Deadly Strike)","","Perfected Ring of Sul-Xan's Torment (Perfected Sul-Xan's Torment)","Perfected Ring of Sul-Xan's Torment (Perfected Sul-Xan's Torment)","Perfected Dagger of Sul-Xan's Torment (Perfected Sul-Xan's Torment)","Perfected Dagger of Sul-Xan's Torment (Perfected Sul-Xan's Torment)","The Maelstrom's Perfected Bow (Perfected Thunderous Volley)"," ()","Quick Cloak","Camouflaged Hunter","Barbed Trap","Escalating Runeblades","Pragmatic Fatecarver","Flawless Dawnbreaker","Cruxweaver Armor","Inspired Scholarship","Proximity Detonation","Endless Hail","Fleet-Footed Gate","The Languid Eye"
"Ossein Cage","Trash Builds","https://www.esologs.com/reports/LFnXGPj4DQfAvgdH#fight=81&type=summary&source=1","@Candron_Cynical","Beaming-With-Tee-Hee","curative-herald-soldier-deadly-strike-perfected-sul-xans-torment","dps","Herald","Curative","Soldier","Perfected Sul-Xan's Torment","Deadly Strike","239568.5","4668.8","53.0","239568.5 DPS","The Thief","Slimecraw Guise (Slimecraw)","Perfected Jack of Sul-Xan's Torment (Perfected Sul-Xan's Torment)","Deadly Arm Cops (Deadly Strike)","Perfected Bracers of Sul-Xan's Torment (Perfected Sul-Xan's Torment)","","Perfected Guards of Sul-Xan's Torment (Perfected Sul-Xan's Torment)","Perfected Boots of Sul-Xan's Torment (Perfected Sul-Xan's Torment)","","Deadly Ring (Deadly Strike)","Deadly Ring (Deadly Strike)","Deadly Dagger (Deadly Strike)","Deadly Dagger (Deadly Strike)","The Maelstrom's Inferno Staff (Crushing Wall)"," ()","Pragmatic Fatecarver","Cephaliarch's Flail","Quick Cloak","Silver Leash","Camouflaged Hunter","The Languid Eye","Inspired Scholarship","Blockade of Fire","Anti-Cavalry Caltrops","Fleet-Footed Gate","Cruxweaver Armor","The Languid Eye"
"Ossein Cage","Trash Builds","https://www.esologs.com/reports/LFnXGPj4DQfAvgdH#fight=81&type=summary&source=1","@Candron_Cynical","Beaming-With-Tee-Hee","curative-herald-soldier-deadly-strike-perfected-sul-xans-torment","dps","Herald","Curative","Soldier","Perfected Sul-Xan's Torment","Deadly Strike","113728.5","6210.2","50.1","113728.5 DPS","","Slimecraw Guise (Slimecraw)","Perfected Jack of Sul-Xan's Torment (Perfected Sul-Xan's Torment)","Deadly Arm Cops (Deadly Strike)","Perfected Bracers of Sul-Xan's Torment (Perfected Sul-Xan's Torment)","","Perfected Guards of Sul-Xan's Torment (Perfected Sul-Xan's Torment)","Perfected Boots of Sul-Xan's Torment (Perfected Sul-Xan's Torment)","","Deadly Ring (Deadly Strike)","Deadly Ring (Deadly Strike)","Deadly Dagger (Deadly Strike)","Deadly Dagger (Deadly Strike)","The Maelstrom's Inferno Staff (Crushing Wall)"," ()","Pragmatic Fatecarver","Cephaliarch's Flail","Quick Cloak","Silver Leash","Camouflaged Hunter","The Languid Eye","Inspired Scholarship","Blockade of Fire","Anti-Cavalry Caltrops","Fleet-Footed Gate","Cruxweaver Armor","The Languid Eye"
