"Trial Name","Boss Name","ESO Logs Player Link","Player Handle","Character Name","Build Slug","Role","Subclass 1","Subclass 2","Subclass 3","Signature Set 1","Signature Set 2","DPS","HPS","CPM","Primary Metric","Mundus Stone","Gear: Head","Gear: Chest","Gear: Shoulders","Gear: Hands","Gear: Waist","Gear: Legs","Gear: Feet","Gear: Necklace","Gear: Ring1","Gear: Ring2","Gear: Main_Hand","Gear: Off_Hand","Gear: Backup_Main_Hand","Gear: Backup_Off_Hand","Bar 1 Ability 1","Bar 1 Ability 2","Bar 1 Ability 3","Bar 1 Ability 4","Bar 1 Ability 5","Bar 1 Ability 6","Bar 2 Ability 1","Bar 2 Ability 2","Bar 2 Ability 3","Bar 2 Ability 4","Bar 2 Ability 5","Bar 2 Ability 6"
"Sanctum Ophidia","Possessed Mantikora","https://www.esologs.com/reports/aYLhj3GZJdtgpWvN#fight=20&type=summary&source=3","@foxmillet","Bumblephant","herald-x-x-perfected-slivers-of-the-null-arca-spattering-disjunction","dps","Herald","x","x","Spattering Disjunction","Perfected Slivers of the Null Arca","110590.4","7337.8","41.5","110590.4 DPS","The Thief","Slimecraw Guise (Slimecraw)","Spattering Disjunction Jack (Spattering Disjunction)","Perfected Null Arca Arm Cops (Perfected Slivers of the Null Arca)","Spattering Disjunction Bracers (Spattering Disjunction)","","Spattering Disjunction Guards (Spattering Disjunction)","Spattering Disjunction Boots (Spattering Disjunction)","","Perfected Null Arca Ring (Perfected Slivers of the Null Arca)","Perfected Null Arca Ring (Perfected Slivers of the Null Arca)","Null Arca Dagger (Slivers of the Null Arca)","Null Arca Dagger (Slivers of the Null Arca)","The Maelstrom's Perfected Greatsword (Perfected Merciless Charge)"," ()","Barbed Trap","Quick Cloak","Cephaliarch's Flail","Pragmatic Fatecarver","Banner Bearer","Flawless Dawnbreaker","Ring of Preservation","Inspired Scholarship","Stampede","Fulminating Rune","Banner Bearer","The Languid Eye"
"Sanctum Ophidia","Possessed Mantikora","https://www.esologs.com/reports/aYLhj3GZJdtgpWvN#fight=20&type=summary&source=11","@Gandalf457","xx-Gandalf-xx","herald-x-x-perfected-slivers-of-the-null-arca-spattering-disjunction","dps","Herald","x","x","Spattering Disjunction","Perfected Slivers of the Null Arca","66243.3","3077.6","27.8","66243.3 DPS","","Spattering Disjunction Helmet (Spattering Disjunction)","Spattering Disjunction Jack (Spattering Disjunction)","Slimecraw Epaulets (Slimecraw)","Spattering Disjunction Bracers (Spattering Disjunction)","","Spattering Disjunction Guards (Spattering Disjunction)","Spattering Disjunction Boots (Spattering Disjunction)","","Perfected Null Arca Ring (Perfected Slivers of the Null Arca)","Perfected Null Arca Ring (Perfected Slivers of the Null Arca)","Perfected Null Arca Dagger (Perfected Slivers of the Null Arca)","Perfected Null Arca Dagger (Perfected Slivers of the Null Arca)","The Maelstrom's Perfected Greatsword (Perfected Merciless Charge)"," ()","Cephaliarch's Flail","Pragmatic Fatecarver","Quick Cloak","Fulminating Rune","Camouflaged Hunter","Flawless Dawnbreaker","Stampede","Inspired Scholarship","Scalding Rune","Barbed Trap","Camouflaged Hunter","The Tide King's Gaze"
"Sanctum Ophidia","Possessed Mantikora","https://www.esologs.com/reports/aYLhj3GZJdtgpWvN#fight=20&type=summary&source=105","@Onhold","Dps is just a number","herald-x-x-perfected-slivers-of-the-null-arca-spattering-disjunction","dps","Herald","x","x","Spattering Disjunction","Perfected Slivers of the Null Arca","86106.1","5464.4","37.1","86106.1 DPS","","Slimecraw Guise (Slimecraw)","Spattering Disjunction Jack (Spattering Disjunction)","Perfected Null Arca Arm Cops (Perfected Slivers of the Null Arca)","Spattering Disjunction Bracers (Spattering Disjunction)","","Spattering Disjunction Guards (Spattering Disjunction)","Spattering Disjunction Boots (Spattering Disjunction)","","Perfected Null Arca Ring (Perfected Slivers of the Null Arca)","Perfected Null Arca Ring (Perfected Slivers of the Null Arca)","Perfected Null Arca Dagger (Perfected Slivers of the Null Arca)","Perfected Null Arca Dagger (Perfected Slivers of the Null Arca)","The Maelstrom's Perfected Greatsword (Perfected Merciless Charge)"," ()","Camouflaged Hunter","Quick Cloak","Pragmatic Fatecarver","Barbed Trap","Cephaliarch's Flail","Flawless Dawnbreaker","Inspired Scholarship","Camouflaged Hunter","Stampede","Fulminating Rune","Anti-Cavalry Caltrops","The Languid Eye"
"Sanctum Ophidia","Possessed Mantikora","https://www.esologs.com/reports/aYLhj3GZJdtgpWvN#fight=20&type=summary&source=8","@annia08","Narya von Eregion","herald-x-x-perfected-slivers-of-the-null-arca-spattering-disjunction","dps","Herald","x","x","Spattering Disjunction","Perfected Slivers of the Null Arca","87884.4","5713.6","20.8","87884.4 DPS","","Slimecraw Guise (Slimecraw)","Spattering Disjunction Jack (Spattering Disjunction)","Perfected Null Arca Arm Cops (Perfected Slivers of the Null Arca)","Spattering Disjunction Bracers (Spattering Disjunction)","","Spattering Disjunction Guards (Spattering Disjunction)","Spattering Disjunction Boots (Spattering Disjunction)","","Perfected Null Arca Ring (Perfected Slivers of the Null Arca)","Perfected Null Arca Ring (Perfected Slivers of the Null Arca)","Perfected Null Arca Dagger (Perfected Slivers of the Null Arca)","Perfected Null Arca Dagger (Perfected Slivers of the Null Arca)","The Maelstrom's Perfected Greatsword (Perfected Merciless Charge)"," ()","Cephaliarch's Flail","Quick Cloak","Pragmatic Fatecarver","Barbed Trap","Camouflaged Hunter","Flawless Dawnbreaker","Fulminating Rune","Inspired Scholarship","Stampede","Camouflaged Hunter","Resolving Vigor","The Languid Eye"
"Sanctum Ophidia","Possessed Mantikora","https://www.esologs.com/reports/aYLhj3GZJdtgpWvN#fight=20&type=summary&source=3","@sZenario27","Celebrimbor von Eregion","herald-x-x-perfected-slivers-of-the-null-arca-spattering-disjunction","dps","Herald","x","x","Spattering Disjunction","Perfected Slivers of the Null Arca","109845.4","4227.4","28.7","109845.4 DPS","","Slimecraw Mask (Slimecraw)","Spattering Disjunction Jack (Spattering Disjunction)","Perfected Null Arca Arm Cops (Perfected Slivers of the Null Arca)","Spattering Disjunction Bracers (Spattering Disjunction)","","Spattering Disjunction Guards (Spattering Disjunction)","Spattering Disjunction Boots (Spattering Disjunction)","","Perfected Null Arca Ring (Perfected Slivers of the Null Arca)","Perfected Null Arca Ring (Perfected Slivers of the Null Arca)","Perfected Null Arca Dagger (Perfected Slivers of the Null Arca)","Perfected Null Arca Dagger (Perfected Slivers of the Null Arca)","The Maelstrom's Perfected Greatsword (Perfected Merciless Charge)"," ()","Quick Cloak","Cephaliarch's Flail","Pragmatic Fatecarver","Camouflaged Hunter","Banner Bearer","Flawless Dawnbreaker","Inspired Scholarship","Stampede","Fulminating Rune","Camouflaged Hunter","Banner Bearer","The Languid Eye"
"Sanctum Ophidia","Possessed Mantikora","https://www.esologs.com/reports/aYLhj3GZJdtgpWvN#fight=20&type=summary&source=3","@LilithPierce","Cherylbomb","herald-x-x-perfected-slivers-of-the-null-arca-spattering-disjunction","dps","Herald","x","x","Perfected Slivers of the Null Arca","Spattering Disjunction","67261.4","3305.3","31.2","67261.4 DPS","","Slimecraw Mask (Slimecraw)","Perfected Null Arca Jack (Perfected Slivers of the Null Arca)","Spattering Disjunction Arm Cops (Spattering Disjunction)","Perfected Null Arca Bracers (Perfected Slivers of the Null Arca)","","Perfected Null Arca Guards (Perfected Slivers of the Null Arca)","Perfected Null Arca Boots (Perfected Slivers of the Null Arca)","","Spattering Disjunction Ring (Spattering Disjunction)","Spattering Disjunction Ring (Spattering Disjunction)","Spattering Disjunction Dagger (Spattering Disjunction)","Spattering Disjunction Dagger (Spattering Disjunction)","The Maelstrom's Perfected Inferno Staff (Perfected Crushing Wall)"," ()","Quick Cloak","Barbed Trap","Cephaliarch's Flail","Pragmatic Fatecarver","Camouflaged Hunter","Flawless Dawnbreaker","Elemental Blockade","Fulminating Rune","Anti-Cavalry Caltrops","Inspired Scholarship","Camouflaged Hunter","The Languid Eye"
"Sanctum Ophidia","Possessed Mantikora","https://www.esologs.com/reports/aYLhj3GZJdtgpWvN#fight=20&type=summary&source=3","@LilithPierce","Cherylbomb","herald-x-x-perfected-slivers-of-the-null-arca-spattering-disjunction","dps","Herald","x","x","Perfected Slivers of the Null Arca","Spattering Disjunction","67251.2","3304.8","31.2","67251.2 DPS","","Slimecraw Mask (Slimecraw)","Perfected Null Arca Jack (Perfected Slivers of the Null Arca)","Spattering Disjunction Arm Cops (Spattering Disjunction)","Perfected Null Arca Bracers (Perfected Slivers of the Null Arca)","","Perfected Null Arca Guards (Perfected Slivers of the Null Arca)","Perfected Null Arca Boots (Perfected Slivers of the Null Arca)","","Spattering Disjunction Ring (Spattering Disjunction)","Spattering Disjunction Ring (Spattering Disjunction)","Spattering Disjunction Dagger (Spattering Disjunction)","Spattering Disjunction Dagger (Spattering Disjunction)","The Maelstrom's Perfected Inferno Staff (Perfected Crushing Wall)"," ()","Quick Cloak","Barbed Trap","Cephaliarch's Flail","Pragmatic Fatecarver","Camouflaged Hunter","Flawless Dawnbreaker","Elemental Blockade","Fulminating Rune","Anti-Cavalry Caltrops","Inspired Scholarship","Camouflaged Hunter","The Languid Eye"
"Sanctum Ophidia","Possessed Mantikora","https://www.esologs.com/reports/ymXfCrwt4db9GKxn#fight=4&type=summary&source=5","@Gibbonico","Er putrido","ardent-earthen-x-perfected-lucent-echoes-turning-tide","tank","Ardent","Earthen","x","Turning Tide","Perfected Lucent Echoes","2965.7","28107.7","33.4","33.4 CPM","","Tremorscale Visage (Tremorscale)","Lucent Echoes Perfected Cuirass (Perfected Lucent Echoes)","Tremorscale Arm Cops (Tremorscale)","Lucent Echoes Perfected Gauntlets (Perfected Lucent Echoes)","","Lucent Echoes Perfected Greaves (Perfected Lucent Echoes)","Lucent Echoes Perfected Sabatons (Perfected Lucent Echoes)","","Ring of the Turning Tide (Turning Tide)","Ring of the Turning Tide (Turning Tide)","Sword of the Turning Tide (Turning Tide)","Shield of the Turning Tide (Turning Tide)","Ice Staff of the Turning Tide (Turning Tide)"," ()","Blood of the Green Dragon","Hearth and Home","Blinding Flare","Leashing Soul","Pierce Armor","Temporal Guard","Inner Rage","Cauterize","Molten Armaments","Igneous Shield","Earthshield Mantle","Reviving Barrier"
"Sanctum Ophidia","Possessed Mantikora","https://www.esologs.com/reports/ymXfCrwt4db9GKxn#fight=4&type=summary&source=5","@Gibbonico","Er putrido","ardent-earthen-x-perfected-lucent-echoes-turning-tide","tank","Ardent","Earthen","x","Turning Tide","Perfected Lucent Echoes","2965.8","28136.4","33.4","33.4 CPM","The Atronach","Tremorscale Visage (Tremorscale)","Lucent Echoes Perfected Cuirass (Perfected Lucent Echoes)","Tremorscale Arm Cops (Tremorscale)","Lucent Echoes Perfected Gauntlets (Perfected Lucent Echoes)","","Lucent Echoes Perfected Greaves (Perfected Lucent Echoes)","Lucent Echoes Perfected Sabatons (Perfected Lucent Echoes)","","Ring of the Turning Tide (Turning Tide)","Ring of the Turning Tide (Turning Tide)","Sword of the Turning Tide (Turning Tide)","Shield of the Turning Tide (Turning Tide)","Ice Staff of the Turning Tide (Turning Tide)"," ()","Blood of the Green Dragon","Hearth and Home","Blinding Flare","Leashing Soul","Pierce Armor","Temporal Guard","Inner Rage","Cauterize","Molten Armaments","Igneous Shield","Earthshield Mantle","Reviving Barrier"
"Sanctum Ophidia","Possessed Mantikora","https://www.esologs.com/reports/ymXfCrwt4db9GKxn#fight=4&type=summary&source=4","@Etamin88","Darkdandy","bone-living-x-crimson-oaths-rive-powerful-assault","tank","Bone","Living","x","Powerful Assault","Crimson Oath's Rive","2091.1","2821.6","24.5","24.5 CPM","","Nazaray Guise (Nazaray)","Cuirass of the Crimson Oath (Crimson Oath's Rive)","Nazaray Arm Cops (Nazaray)","Gauntlets of the Crimson Oath (Crimson Oath's Rive)","","Greaves of the Crimson Oath (Crimson Oath's Rive)","Sabatons of the Crimson Oath (Crimson Oath's Rive)","","Ring of the Powerful Assault (Powerful Assault)","Ring of the Powerful Assault (Powerful Assault)","Sword of the Powerful Assault (Powerful Assault)","Shield of the Powerful Assault (Powerful Assault)","Ice Staff of the Powerful Assault (Powerful Assault)"," ()","Pierce Armor","Hungry Scythe","Revealing Flare","Spirit Guardian","Resolving Vigor","Reviving Barrier","Inner Rage","Silver Leash","Mortal Coil","Elemental Blockade","Beckoning Armor","Aggressive Horn"
"Sanctum Ophidia","Possessed Mantikora","https://www.esologs.com/reports/ymXfCrwt4db9GKxn#fight=4&type=summary&source=4","@Etamin88","Darkdandy","bone-living-x-crimson-oaths-rive-powerful-assault","tank","Bone","Living","x","Powerful Assault","Crimson Oath's Rive","2091.2","2791.6","24.5","24.5 CPM","The Atronach","Nazaray Guise (Nazaray)","Cuirass of the Crimson Oath (Crimson Oath's Rive)","Nazaray Arm Cops (Nazaray)","Gauntlets of the Crimson Oath (Crimson Oath's Rive)","","Greaves of the Crimson Oath (Crimson Oath's Rive)","Sabatons of the Crimson Oath (Crimson Oath's Rive)","","Ring of the Powerful Assault (Powerful Assault)","Ring of the Powerful Assault (Powerful Assault)","Sword of the Powerful Assault (Powerful Assault)","Shield of the Powerful Assault (Powerful Assault)","Ice Staff of the Powerful Assault (Powerful Assault)"," ()","Pierce Armor","Hungry Scythe","Revealing Flare","Spirit Guardian","Resolving Vigor","Reviving Barrier","Inner Rage","Silver Leash","Mortal Coil","Elemental Blockade","Beckoning Armor","Aggressive Horn"
"Sanctum Ophidia","Possessed Mantikora","https://www.esologs.com/reports/ymXfCrwt4db9GKxn#fight=4&type=summary&source=6","@GabibbusDuJamal","Gabibbus","animal-green-winter-master-architect-serpents-disdain","healer","Animal","Green","Winter","Serpent's Disdain","Master Architect","4599.7","67604.7","35.6","67604.7 HPS","The Atronach","Ozezan the Inferno's Guise (Ozezan the Inferno)","Robe of Serpent's Disdain (Serpent's Disdain)","Ozezan the Inferno's Epaulets (Ozezan the Inferno)","Gloves of Serpent's Disdain (Serpent's Disdain)","","Breeches of Serpent's Disdain (Serpent's Disdain)","Shoes of Serpent's Disdain (Serpent's Disdain)","","Master Architect Ring (Master Architect)","Master Architect Ring (Master Architect)","The Master's Restoration Staff (Grand Rejuvenation)"," ()","Master Architect Ice Staff (Master Architect)"," ()","Radiating Regeneration","Illustrious Healing","Mystic Orb","Budding Seeds","Combat Prayer","Eternal Guardian","Echoing Vigor","Healing Burst","Expansive Frost Cloak","Elemental Blockade","Elemental Susceptibility","Reviving Barrier"
"Sanctum Ophidia","Possessed Mantikora","https://www.esologs.com/reports/ymXfCrwt4db9GKxn#fight=4&type=summary&source=6","@GabibbusDuJamal","Gabibbus","animal-green-winter-master-architect-serpents-disdain","healer","Animal","Green","Winter","Serpent's Disdain","Master Architect","4598.0","67580.1","35.6","67580.1 HPS","","Ozezan the Inferno's Guise (Ozezan the Inferno)","Robe of Serpent's Disdain (Serpent's Disdain)","Ozezan the Inferno's Epaulets (Ozezan the Inferno)","Gloves of Serpent's Disdain (Serpent's Disdain)","","Breeches of Serpent's Disdain (Serpent's Disdain)","Shoes of Serpent's Disdain (Serpent's Disdain)","","Master Architect Ring (Master Architect)","Master Architect Ring (Master Architect)","The Master's Restoration Staff (Grand Rejuvenation)"," ()","Master Architect Ice Staff (Master Architect)"," ()","Radiating Regeneration","Illustrious Healing","Mystic Orb","Budding Seeds","Combat Prayer","Eternal Guardian","Echoing Vigor","Healing Burst","Expansive Frost Cloak","Elemental Blockade","Elemental Susceptibility","Reviving Barrier"
"Sanctum Ophidia","Possessed Mantikora","https://www.esologs.com/reports/ymXfCrwt4db9GKxn#fight=4&type=summary&source=11","nil","Anonymous 11","animal-green-winter-master-architect-xoryns-masterpiece","healer","Animal","Green","Winter","Xoryn's Masterpiece","Master Architect","6911.9","50025.2","26.7","50025.2 HPS","","Symphony of Blades Mask (Symphony of Blades)","Xoryn's Robe (Xoryn's Masterpiece)","Symphony of Blades Epaulets (Symphony of Blades)","Xoryn's Gloves (Xoryn's Masterpiece)","","Xoryn's Breeches (Xoryn's Masterpiece)","Xoryn's Shoes (Xoryn's Masterpiece)","","Master Architect Ring (Master Architect)","Master Architect Ring (Master Architect)","Master Architect Ice Staff (Master Architect)"," ()","The Master's Restoration Staff (Grand Rejuvenation)"," ()","Elemental Blockade","Winter's Revenge","Echoing Vigor","Elemental Susceptibility","Overflowing Altar","Reviving Barrier","Budding Seeds","Illustrious Healing","Radiating Regeneration","Energy Orb","Combat Prayer","Eternal Guardian"
"Sanctum Ophidia","Possessed Mantikora","https://www.esologs.com/reports/ymXfCrwt4db9GKxn#fight=4&type=summary&source=11","nil","Anonymous 11","animal-green-winter-master-architect-xoryns-masterpiece","healer","Animal","Green","Winter","Xoryn's Masterpiece","Master Architect","6914.9","49999.9","26.7","49999.9 HPS","The Ritual","Symphony of Blades Mask (Symphony of Blades)","Xoryn's Robe (Xoryn's Masterpiece)","Symphony of Blades Epaulets (Symphony of Blades)","Xoryn's Gloves (Xoryn's Masterpiece)","","Xoryn's Breeches (Xoryn's Masterpiece)","Xoryn's Shoes (Xoryn's Masterpiece)","","Master Architect Ring (Master Architect)","Master Architect Ring (Master Architect)","Master Architect Ice Staff (Master Architect)"," ()","The Master's Restoration Staff (Grand Rejuvenation)"," ()","Elemental Blockade","Winter's Revenge","Echoing Vigor","Elemental Susceptibility","Overflowing Altar","Reviving Barrier","Budding Seeds","Illustrious Healing","Radiating Regeneration","Energy Orb","Combat Prayer","Eternal Guardian"
"Sanctum Ophidia","Stonebreaker","https://www.esologs.com/reports/RdH7GapY3rL2bPwB#fight=4&type=summary&source=16","@bdbats","Katrina Bats","herald-x-x-perfected-slivers-of-the-null-arca-spattering-disjunction","dps","Herald","x","x","Spattering Disjunction","Perfected Slivers of the Null Arca","106105.1","3129.0","23.2","106105.1 DPS","","Nerien'eth Guise (Nerien'eth)","Spattering Disjunction Jack (Spattering Disjunction)","Perfected Null Arca Arm Cops (Perfected Slivers of the Null Arca)","Spattering Disjunction Bracers (Spattering Disjunction)","","Spattering Disjunction Guards (Spattering Disjunction)","Spattering Disjunction Boots (Spattering Disjunction)","","Perfected Null Arca Ring (Perfected Slivers of the Null Arca)","Perfected Null Arca Ring (Perfected Slivers of the Null Arca)","Perfected Null Arca Dagger (Perfected Slivers of the Null Arca)","Perfected Null Arca Dagger (Perfected Slivers of the Null Arca)","The Maelstrom's Perfected Inferno Staff (Perfected Crushing Wall)"," ()","Quick Cloak","Cephaliarch's Flail","Pragmatic Fatecarver","Camouflaged Hunter","Banner Bearer","The Languid Eye","Inspired Scholarship","Elemental Blockade","Fulminating Rune","Ulfsild's Contingency","Banner Bearer","Flawless Dawnbreaker"
"Sanctum Ophidia","Stonebreaker","https://www.esologs.com/reports/RdH7GapY3rL2bPwB#fight=4&type=summary&source=3","@foxmillet","Bumblephant","herald-x-x-perfected-slivers-of-the-null-arca-spattering-disjunction","dps","Herald","x","x","Spattering Disjunction","Perfected Slivers of the Null Arca","122315.5","7055.0","42.8","122315.5 DPS","The Thief","Slimecraw Guise (Slimecraw)","Spattering Disjunction Jack (Spattering Disjunction)","Perfected Null Arca Arm Cops (Perfected Slivers of the Null Arca)","Spattering Disjunction Bracers (Spattering Disjunction)","","Spattering Disjunction Guards (Spattering Disjunction)","Spattering Disjunction Boots (Spattering Disjunction)","","Perfected Null Arca Ring (Perfected Slivers of the Null Arca)","Perfected Null Arca Ring (Perfected Slivers of the Null Arca)","Null Arca Dagger (Slivers of the Null Arca)","Null Arca Dagger (Slivers of the Null Arca)","The Maelstrom's Perfected Greatsword (Perfected Merciless Charge)"," ()","Barbed Trap","Quick Cloak","Cephaliarch's Flail","Pragmatic Fatecarver","Banner Bearer","Flawless Dawnbreaker","Ring of Preservation","Inspired Scholarship","Stampede","Fulminating Rune","Banner Bearer","The Languid Eye"
"Sanctum Ophidia","Stonebreaker","https://www.esologs.com/reports/RdH7GapY3rL2bPwB#fight=4&type=summary&source=11","@Gandalf457","xx-Gandalf-xx","herald-x-x-perfected-slivers-of-the-null-arca-spattering-disjunction","dps","Herald","x","x","Spattering Disjunction","Perfected Slivers of the Null Arca","115370.8","3312.6","29.0","115370.8 DPS","","Spattering Disjunction Helmet (Spattering Disjunction)","Spattering Disjunction Jack (Spattering Disjunction)","Slimecraw Epaulets (Slimecraw)","Spattering Disjunction Bracers (Spattering Disjunction)","","Spattering Disjunction Guards (Spattering Disjunction)","Spattering Disjunction Boots (Spattering Disjunction)","","Perfected Null Arca Ring (Perfected Slivers of the Null Arca)","Perfected Null Arca Ring (Perfected Slivers of the Null Arca)","Perfected Null Arca Dagger (Perfected Slivers of the Null Arca)","Perfected Null Arca Dagger (Perfected Slivers of the Null Arca)","The Maelstrom's Perfected Greatsword (Perfected Merciless Charge)"," ()","Cephaliarch's Flail","Pragmatic Fatecarver","Quick Cloak","Fulminating Rune","Camouflaged Hunter","Flawless Dawnbreaker","Stampede","Inspired Scholarship","Scalding Rune","Barbed Trap","Camouflaged Hunter","The Tide King's Gaze"
"Sanctum Ophidia","Stonebreaker","https://www.esologs.com/reports/RdH7GapY3rL2bPwB#fight=4&type=summary&source=105","@Onhold","Dps is just a number","herald-x-x-perfected-slivers-of-the-null-arca-spattering-disjunction","dps","Herald","x","x","Spattering Disjunction","Perfected Slivers of the Null Arca","103754.2","6021.7","33.1","103754.2 DPS","","Slimecraw Guise (Slimecraw)","Spattering Disjunction Jack (Spattering Disjunction)","Perfected Null Arca Arm Cops (Perfected Slivers of the Null Arca)","Spattering Disjunction Bracers (Spattering Disjunction)","","Spattering Disjunction Guards (Spattering Disjunction)","Spattering Disjunction Boots (Spattering Disjunction)","","Perfected Null Arca Ring (Perfected Slivers of the Null Arca)","Perfected Null Arca Ring (Perfected Slivers of the Null Arca)","Perfected Null Arca Dagger (Perfected Slivers of the Null Arca)","Perfected Null Arca Dagger (Perfected Slivers of the Null Arca)","The Maelstrom's Perfected Greatsword (Perfected Merciless Charge)"," ()","Camouflaged Hunter","Quick Cloak","Pragmatic Fatecarver","Barbed Trap","Cephaliarch's Flail","Flawless Dawnbreaker","Inspired Scholarship","Camouflaged Hunter","Stampede","Fulminating Rune","Anti-Cavalry Caltrops","The Languid Eye"
"Sanctum Ophidia","Stonebreaker","https://www.esologs.com/reports/RdH7GapY3rL2bPwB#fight=4&type=summary&source=8","@annia08","Narya von Eregion","herald-x-x-perfected-slivers-of-the-null-arca-spattering-disjunction","dps","Herald","x","x","Spattering Disjunction","Perfected Slivers of the Null Arca","89195.5","3390.1","21.7","89195.5 DPS","","Slimecraw Guise (Slimecraw)","Spattering Disjunction Jack (Spattering Disjunction)","Perfected Null Arca Arm Cops (Perfected Slivers of the Null Arca)","Spattering Disjunction Bracers (Spattering Disjunction)","","Spattering Disjunction Guards (Spattering Disjunction)","Spattering Disjunction Boots (Spattering Disjunction)","","Perfected Null Arca Ring (Perfected Slivers of the Null Arca)","Perfected Null Arca Ring (Perfected Slivers of the Null Arca)","Perfected Null Arca Dagger (Perfected Slivers of the Null Arca)","Perfected Null Arca Dagger (Perfected Slivers of the Null Arca)","The Maelstrom's Perfected Greatsword (Perfected Merciless Charge)"," ()","Cephaliarch's Flail","Quick Cloak","Pragmatic Fatecarver","Barbed Trap","Camouflaged Hunter","Flawless Dawnbreaker","Fulminating Rune","Inspired Scholarship","Stampede","Camouflaged Hunter","Resolving Vigor","The Languid Eye"
"Sanctum Ophidia","Stonebreaker","https://www.esologs.com/reports/RdH7GapY3rL2bPwB#fight=4&type=summary&source=3","@sZenario27","Celebrimbor von Eregion","herald-x-x-perfected-slivers-of-the-null-arca-spattering-disjunction","dps","Herald","x","x","Spattering Disjunction","Perfected Slivers of the Null Arca","70366.9","6522.8","15.7","70366.9 DPS","","Slimecraw Mask (Slimecraw)","Spattering Disjunction Jack (Spattering Disjunction)","Perfected Null Arca Arm Cops (Perfected Slivers of the Null Arca)","Spattering Disjunction Bracers (Spattering Disjunction)","","Spattering Disjunction Guards (Spattering Disjunction)","Spattering Disjunction Boots (Spattering Disjunction)","","Perfected Null Arca Ring (Perfected Slivers of the Null Arca)","Perfected Null Arca Ring (Perfected Slivers of the Null Arca)","Perfected Null Arca Dagger (Perfected Slivers of the Null Arca)","Perfected Null Arca Dagger (Perfected Slivers of the Null Arca)","The Maelstrom's Perfected Greatsword (Perfected Merciless Charge)"," ()","Quick Cloak","Cephaliarch's Flail","Pragmatic Fatecarver","Camouflaged Hunter","Banner Bearer","Flawless Dawnbreaker","Inspired Scholarship","Stampede","Fulminating Rune","Camouflaged Hunter","Banner Bearer","The Languid Eye"
"Sanctum Ophidia","Stonebreaker","https://www.esologs.com/reports/RdH7GapY3rL2bPwB#fight=4&type=summary&source=3","@LilithPierce","Cherylbomb","herald-x-x-perfected-slivers-of-the-null-arca-spattering-disjunction","dps","Herald","x","x","Perfected Slivers of the Null Arca","Spattering Disjunction","75884.5","4184.8","25.1","75884.5 DPS","","Slimecraw Mask (Slimecraw)","Perfected Null Arca Jack (Perfected Slivers of the Null Arca)","Spattering Disjunction Arm Cops (Spattering Disjunction)","Perfected Null Arca Bracers (Perfected Slivers of the Null Arca)","","Perfected Null Arca Guards (Perfected Slivers of the Null Arca)","Perfected Null Arca Boots (Perfected Slivers of the Null Arca)","","Spattering Disjunction Ring (Spattering Disjunction)","Spattering Disjunction Ring (Spattering Disjunction)","Spattering Disjunction Dagger (Spattering Disjunction)","Spattering Disjunction Dagger (Spattering Disjunction)","The Maelstrom's Perfected Inferno Staff (Perfected Crushing Wall)"," ()","Quick Cloak","Barbed Trap","Cephaliarch's Flail","Pragmatic Fatecarver","Camouflaged Hunter","Flawless Dawnbreaker","Elemental Blockade","Fulminating Rune","Anti-Cavalry Caltrops","Inspired Scholarship","Camouflaged Hunter","The Languid Eye"
"Sanctum Ophidia","Stonebreaker","https://www.esologs.com/reports/RdH7GapY3rL2bPwB#fight=4&type=summary&source=3","@LilithPierce","Cherylbomb","herald-x-x-perfected-slivers-of-the-null-arca-spattering-disjunction","dps","Herald","x","x","Perfected Slivers of the Null Arca","Spattering Disjunction","75839.0","4182.0","25.1","75839.0 DPS","","Slimecraw Mask (Slimecraw)","Perfected Null Arca Jack (Perfected Slivers of the Null Arca)","Spattering Disjunction Arm Cops (Spattering Disjunction)","Perfected Null Arca Bracers (Perfected Slivers of the Null Arca)","","Perfected Null Arca Guards (Perfected Slivers of the Null Arca)","Perfected Null Arca Boots (Perfected Slivers of the Null Arca)","","Spattering Disjunction Ring (Spattering Disjunction)","Spattering Disjunction Ring (Spattering Disjunction)","Spattering Disjunction Dagger (Spattering Disjunction)","Spattering Disjunction Dagger (Spattering Disjunction)","The Maelstrom's Perfected Inferno Staff (Perfected Crushing Wall)"," ()","Quick Cloak","Barbed Trap","Cephaliarch's Flail","Pragmatic Fatecarver","Camouflaged Hunter","Flawless Dawnbreaker","Elemental Blockade","Fulminating Rune","Anti-Cavalry Caltrops","Inspired Scholarship","Camouflaged Hunter","The Languid Eye"
"Sanctum Ophidia","Stonebreaker","https://www.esologs.com/reports/RdH7GapY3rL2bPwB#fight=4&type=summary&source=82","@LilJayX","Calls-You-By-Your-Name","animal-green-winter-perfected-pillagers-profit-serpents-disdain","healer","Animal","Green","Winter","Serpent's Disdain","Perfected Pillager's Profit","5862.6","49741.4","41.3","49741.4 HPS","","Ozezan the Inferno's Guise (Ozezan the Inferno)","Robe of Serpent's Disdain (Serpent's Disdain)","Ozezan the Inferno's Epaulets (Ozezan the Inferno)","Perfected Pillager's Gloves (Perfected Pillager's Profit)","","Perfected Pillager's Breeches (Perfected Pillager's Profit)","Perfected Pillager's Shoes (Perfected Pillager's Profit)","","Ring of Serpent's Disdain (Serpent's Disdain)","Ring of Serpent's Disdain (Serpent's Disdain)","The Master's Perfected Restoration Staff (Perfected Grand Rejuvenation)"," ()","Perfected Pillager's Lightning Staff (Perfected Pillager's Profit)"," ()","Combat Prayer","Budding Seeds","Illustrious Healing","Echoing Vigor","Radiating Regeneration","Wild Guardian","Elemental Blockade","Winter's Revenge","Expansive Frost Cloak","Overflowing Altar","Elemental Susceptibility","Reviving Barrier"
"Sanctum Ophidia","Stonebreaker","https://www.esologs.com/reports/RdH7GapY3rL2bPwB#fight=4&type=summary&source=4","@Gilane","Gwynja Feuerhaar","animal-green-winter-perfected-pillagers-profit-serpents-disdain","tank","Animal","Green","Winter","Serpent's Disdain","Perfected Pillager's Profit","7431.8","21523.6","29.0","29.0 CPM","","Nazaray Visage (Nazaray)","Cuirass of Serpent's Disdain (Serpent's Disdain)","Nazaray Pauldron (Nazaray)","Gauntlets of Serpent's Disdain (Serpent's Disdain)","","Greaves of Serpent's Disdain (Serpent's Disdain)","Sabatons of Serpent's Disdain (Serpent's Disdain)","","Perfected Pillager's Band (Perfected Pillager's Profit)","Perfected Pillager's Band (Perfected Pillager's Profit)","Blackrose Sword (Spectral Cloak)","Blackrose Sword (Spectral Cloak)","Perfected Pillager's Ice Staff (Perfected Pillager's Profit)"," ()","Quick Cloak","Polar Wind","Warding Burst","Inner Rage","Leashing Soul","Feral Guardian","Expansive Frost Cloak","Budding Seeds","Elemental Blockade","Elemental Susceptibility","Deceptive Predator","Replenishing Barrier"
"Sanctum Ophidia","Stonebreaker","https://www.esologs.com/reports/ymXfCrwt4db9GKxn#fight=7&type=summary&source=5","@Gibbonico","Er putrido","ardent-earthen-x-perfected-lucent-echoes-turning-tide","tank","Ardent","Earthen","x","Turning Tide","Perfected Lucent Echoes","3574.5","13732.6","32.3","32.3 CPM","The Atronach","Tremorscale Visage (Tremorscale)","Lucent Echoes Perfected Cuirass (Perfected Lucent Echoes)","Tremorscale Arm Cops (Tremorscale)","Lucent Echoes Perfected Gauntlets (Perfected Lucent Echoes)","","Lucent Echoes Perfected Greaves (Perfected Lucent Echoes)","Lucent Echoes Perfected Sabatons (Perfected Lucent Echoes)","","Ring of the Turning Tide (Turning Tide)","Ring of the Turning Tide (Turning Tide)","Sword of the Turning Tide (Turning Tide)","Shield of the Turning Tide (Turning Tide)","Ice Staff of the Turning Tide (Turning Tide)"," ()","Blood of the Green Dragon","Hearth and Home","Blinding Flare","Leashing Soul","Pierce Armor","Temporal Guard","Inner Rage","Cauterize","Molten Armaments","Igneous Shield","Earthshield Mantle","Reviving Barrier"
"Sanctum Ophidia","Stonebreaker","https://www.esologs.com/reports/ymXfCrwt4db9GKxn#fight=7&type=summary&source=5","@Gibbonico","Er putrido","ardent-earthen-x-perfected-lucent-echoes-turning-tide","tank","Ardent","Earthen","x","Turning Tide","Perfected Lucent Echoes","3572.9","13730.0","32.2","32.2 CPM","","Tremorscale Visage (Tremorscale)","Lucent Echoes Perfected Cuirass (Perfected Lucent Echoes)","Tremorscale Arm Cops (Tremorscale)","Lucent Echoes Perfected Gauntlets (Perfected Lucent Echoes)","","Lucent Echoes Perfected Greaves (Perfected Lucent Echoes)","Lucent Echoes Perfected Sabatons (Perfected Lucent Echoes)","","Ring of the Turning Tide (Turning Tide)","Ring of the Turning Tide (Turning Tide)","Sword of the Turning Tide (Turning Tide)","Shield of the Turning Tide (Turning Tide)","Ice Staff of the Turning Tide (Turning Tide)"," ()","Blood of the Green Dragon","Hearth and Home","Blinding Flare","Leashing Soul","Pierce Armor","Temporal Guard","Inner Rage","Cauterize","Molten Armaments","Igneous Shield","Earthshield Mantle","Reviving Barrier"
"Sanctum Ophidia","Stonebreaker","https://www.esologs.com/reports/ymXfCrwt4db9GKxn#fight=7&type=summary&source=4","@Etamin88","Darkdandy","bone-living-x-crimson-oaths-rive-powerful-assault","tank","Bone","Living","x","Powerful Assault","Crimson Oath's Rive","1502.0","952.2","19.7","19.7 CPM","The Atronach","Nazaray Guise (Nazaray)","Cuirass of the Crimson Oath (Crimson Oath's Rive)","Nazaray Arm Cops (Nazaray)","Gauntlets of the Crimson Oath (Crimson Oath's Rive)","","Greaves of the Crimson Oath (Crimson Oath's Rive)","Sabatons of the Crimson Oath (Crimson Oath's Rive)","","Ring of the Powerful Assault (Powerful Assault)","Ring of the Powerful Assault (Powerful Assault)","Sword of the Powerful Assault (Powerful Assault)","Shield of the Powerful Assault (Powerful Assault)","Ice Staff of the Powerful Assault (Powerful Assault)"," ()","Pierce Armor","Hungry Scythe","Revealing Flare","Spirit Guardian","Resolving Vigor","Reviving Barrier","Inner Rage","Silver Leash","Mortal Coil","Elemental Blockade","Beckoning Armor","Aggressive Horn"
"Sanctum Ophidia","Stonebreaker","https://www.esologs.com/reports/ymXfCrwt4db9GKxn#fight=7&type=summary&source=4","@Etamin88","Darkdandy","bone-living-x-crimson-oaths-rive-powerful-assault","tank","Bone","Living","x","Powerful Assault","Crimson Oath's Rive","1501.9","1459.7","19.7","19.7 CPM","","Nazaray Guise (Nazaray)","Cuirass of the Crimson Oath (Crimson Oath's Rive)","Nazaray Arm Cops (Nazaray)","Gauntlets of the Crimson Oath (Crimson Oath's Rive)","","Greaves of the Crimson Oath (Crimson Oath's Rive)","Sabatons of the Crimson Oath (Crimson Oath's Rive)","","Ring of the Powerful Assault (Powerful Assault)","Ring of the Powerful Assault (Powerful Assault)","Sword of the Powerful Assault (Powerful Assault)","Shield of the Powerful Assault (Powerful Assault)","Ice Staff of the Powerful Assault (Powerful Assault)"," ()","Pierce Armor","Hungry Scythe","Revealing Flare","Spirit Guardian","Resolving Vigor","Reviving Barrier","Inner Rage","Silver Leash","Mortal Coil","Elemental Blockade","Beckoning Armor","Aggressive Horn"
"Sanctum Ophidia","Stonebreaker","https://www.esologs.com/reports/ymXfCrwt4db9GKxn#fight=7&type=summary&source=6","@GabibbusDuJamal","Gabibbus","animal-green-winter-master-architect-serpents-disdain","healer","Animal","Green","Winter","Serpent's Disdain","Master Architect","5031.6","57285.9","34.1","57285.9 HPS","The Atronach","Ozezan the Inferno's Guise (Ozezan the Inferno)","Robe of Serpent's Disdain (Serpent's Disdain)","Ozezan the Inferno's Epaulets (Ozezan the Inferno)","Gloves of Serpent's Disdain (Serpent's Disdain)","","Breeches of Serpent's Disdain (Serpent's Disdain)","Shoes of Serpent's Disdain (Serpent's Disdain)","","Master Architect Ring (Master Architect)","Master Architect Ring (Master Architect)","The Master's Restoration Staff (Grand Rejuvenation)"," ()","Master Architect Ice Staff (Master Architect)"," ()","Radiating Regeneration","Illustrious Healing","Mystic Orb","Budding Seeds","Combat Prayer","Eternal Guardian","Echoing Vigor","Healing Burst","Expansive Frost Cloak","Elemental Blockade","Elemental Susceptibility","Reviving Barrier"
"Sanctum Ophidia","Stonebreaker","https://www.esologs.com/reports/ymXfCrwt4db9GKxn#fight=7&type=summary&source=6","@GabibbusDuJamal","Gabibbus","animal-green-winter-master-architect-serpents-disdain","healer","Animal","Green","Winter","Serpent's Disdain","Master Architect","5030.4","57305.8","34.0","57305.8 HPS","","Ozezan the Inferno's Guise (Ozezan the Inferno)","Robe of Serpent's Disdain (Serpent's Disdain)","Ozezan the Inferno's Epaulets (Ozezan the Inferno)","Gloves of Serpent's Disdain (Serpent's Disdain)","","Breeches of Serpent's Disdain (Serpent's Disdain)","Shoes of Serpent's Disdain (Serpent's Disdain)","","Master Architect Ring (Master Architect)","Master Architect Ring (Master Architect)","The Master's Restoration Staff (Grand Rejuvenation)"," ()","Master Architect Ice Staff (Master Architect)"," ()","Radiating Regeneration","Illustrious Healing","Mystic Orb","Budding Seeds","Combat Prayer","Eternal Guardian","Echoing Vigor","Healing Burst","Expansive Frost Cloak","Elemental Blockade","Elemental Susceptibility","Reviving Barrier"
"Sanctum Ophidia","Stonebreaker","https://www.esologs.com/reports/ymXfCrwt4db9GKxn#fight=7&type=summary&source=11","nil","Anonymous 11","animal-green-winter-master-architect-xoryns-masterpiece","healer","Animal","Green","Winter","Xoryn's Masterpiece","Master Architect","6161.1","32721.0","26.0","32721.0 HPS","The Ritual","Symphony of Blades Mask (Symphony of Blades)","Xoryn's Robe (Xoryn's Masterpiece)","Symphony of Blades Epaulets (Symphony of Blades)","Xoryn's Gloves (Xoryn's Masterpiece)","","Xoryn's Breeches (Xoryn's Masterpiece)","Xoryn's Shoes (Xoryn's Masterpiece)","","Master Architect Ring (Master Architect)","Master Architect Ring (Master Architect)","Master Architect Ice Staff (Master Architect)"," ()","The Master's Restoration Staff (Grand Rejuvenation)"," ()","Elemental Blockade","Winter's Revenge","Echoing Vigor","Elemental Susceptibility","Overflowing Altar","Reviving Barrier","Budding Seeds","Illustrious Healing","Radiating Regeneration","Energy Orb","Combat Prayer","Eternal Guardian"
"Sanctum Ophidia","Stonebreaker","https://www.esologs.com/reports/ymXfCrwt4db9GKxn#fight=7&type=summary&source=11","nil","Anonymous 11","animal-green-winter-master-architect-xoryns-masterpiece","healer","Animal","Green","Winter","Xoryn's Masterpiece","Master Architect","6160.1","32708.9","26.0","32708.9 HPS","","Symphony of Blades Mask (Symphony of Blades)","Xoryn's Robe (Xoryn's Masterpiece)","Symphony of Blades Epaulets (Symphony of Blades)","Xoryn's Gloves (Xoryn's Masterpiece)","","Xoryn's Breeches (Xoryn's Masterpiece)","Xoryn's Shoes (Xoryn's Masterpiece)","","Master Architect Ring (Master Architect)","Master Architect Ring (Master Architect)","Master Architect Ice Staff (Master Architect)"," ()","The Master's Restoration Staff (Grand Rejuvenation)"," ()","Elemental Blockade","Winter's Revenge","Echoing Vigor","Elemental Susceptibility","Overflowing Altar","Reviving Barrier","Budding Seeds","Illustrious Healing","Radiating Regeneration","Energy Orb","Combat Prayer","Eternal Guardian"
"Sanctum Ophidia","Ozara","https://www.esologs.com/reports/RdH7GapY3rL2bPwB#fight=7&type=summary&source=16","@bdbats","Katrina Bats","herald-x-x-perfected-slivers-of-the-null-arca-spattering-disjunction","dps","Herald","x","x","Spattering Disjunction","Perfected Slivers of the Null Arca","100025.7","2762.3","22.4","100025.7 DPS","","Nerien'eth Guise (Nerien'eth)","Spattering Disjunction Jack (Spattering Disjunction)","Perfected Null Arca Arm Cops (Perfected Slivers of the Null Arca)","Spattering Disjunction Bracers (Spattering Disjunction)","","Spattering Disjunction Guards (Spattering Disjunction)","Spattering Disjunction Boots (Spattering Disjunction)","","Perfected Null Arca Ring (Perfected Slivers of the Null Arca)","Perfected Null Arca Ring (Perfected Slivers of the Null Arca)","Perfected Null Arca Dagger (Perfected Slivers of the Null Arca)","Perfected Null Arca Dagger (Perfected Slivers of the Null Arca)","The Maelstrom's Perfected Inferno Staff (Perfected Crushing Wall)"," ()","Quick Cloak","Cephaliarch's Flail","Pragmatic Fatecarver","Camouflaged Hunter","Banner Bearer","The Languid Eye","Inspired Scholarship","Elemental Blockade","Fulminating Rune","Ulfsild's Contingency","Banner Bearer","Flawless Dawnbreaker"
"Sanctum Ophidia","Ozara","https://www.esologs.com/reports/RdH7GapY3rL2bPwB#fight=7&type=summary&source=3","@foxmillet","Bumblephant","herald-x-x-perfected-slivers-of-the-null-arca-spattering-disjunction","dps","Herald","x","x","Spattering Disjunction","Perfected Slivers of the Null Arca","140218.4","3988.8","42.4","140218.4 DPS","The Thief","Slimecraw Guise (Slimecraw)","Spattering Disjunction Jack (Spattering Disjunction)","Perfected Null Arca Arm Cops (Perfected Slivers of the Null Arca)","Spattering Disjunction Bracers (Spattering Disjunction)","","Spattering Disjunction Guards (Spattering Disjunction)","Spattering Disjunction Boots (Spattering Disjunction)","","Perfected Null Arca Ring (Perfected Slivers of the Null Arca)","Perfected Null Arca Ring (Perfected Slivers of the Null Arca)","Null Arca Dagger (Slivers of the Null Arca)","Null Arca Dagger (Slivers of the Null Arca)","The Maelstrom's Perfected Greatsword (Perfected Merciless Charge)"," ()","Barbed Trap","Quick Cloak","Cephaliarch's Flail","Pragmatic Fatecarver","Banner Bearer","Flawless Dawnbreaker","Ring of Preservation","Inspired Scholarship","Stampede","Fulminating Rune","Banner Bearer","The Languid Eye"
"Sanctum Ophidia","Ozara","https://www.esologs.com/reports/RdH7GapY3rL2bPwB#fight=7&type=summary&source=10","@Jaegeron","Veloth Salothan","herald-x-x-perfected-slivers-of-the-null-arca-spattering-disjunction","dps","Herald","x","x","Spattering Disjunction","Perfected Slivers of the Null Arca","106892.4","11925.3","26.7","106892.4 DPS","","Spattering Disjunction Helmet (Spattering Disjunction)","Perfected Null Arca Jack (Perfected Slivers of the Null Arca)","Slimecraw Arm Cops (Slimecraw)","Perfected Null Arca Bracers (Perfected Slivers of the Null Arca)","","Perfected Null Arca Guards (Perfected Slivers of the Null Arca)","Perfected Null Arca Boots (Perfected Slivers of the Null Arca)","","Spattering Disjunction Ring (Spattering Disjunction)","Spattering Disjunction Ring (Spattering Disjunction)","Spattering Disjunction Dagger (Spattering Disjunction)","Spattering Disjunction Dagger (Spattering Disjunction)","The Maelstrom's Perfected Greatsword (Perfected Merciless Charge)"," ()","Pragmatic Fatecarver","Cephaliarch's Flail","Quick Cloak","Barbed Trap","Banner Bearer","The Languid Eye","Fulminating Rune","Scalding Rune","Stampede","Inspired Scholarship","Banner Bearer","The Languid Eye"
"Sanctum Ophidia","Ozara","https://www.esologs.com/reports/RdH7GapY3rL2bPwB#fight=7&type=summary&source=11","@Gandalf457","xx-Gandalf-xx","herald-x-x-perfected-slivers-of-the-null-arca-spattering-disjunction","dps","Herald","x","x","Spattering Disjunction","Perfected Slivers of the Null Arca","114833.5","3142.5","26.5","114833.5 DPS","","Spattering Disjunction Helmet (Spattering Disjunction)","Spattering Disjunction Jack (Spattering Disjunction)","Slimecraw Epaulets (Slimecraw)","Spattering Disjunction Bracers (Spattering Disjunction)","","Spattering Disjunction Guards (Spattering Disjunction)","Spattering Disjunction Boots (Spattering Disjunction)","","Perfected Null Arca Ring (Perfected Slivers of the Null Arca)","Perfected Null Arca Ring (Perfected Slivers of the Null Arca)","Perfected Null Arca Dagger (Perfected Slivers of the Null Arca)","Perfected Null Arca Dagger (Perfected Slivers of the Null Arca)","The Maelstrom's Perfected Greatsword (Perfected Merciless Charge)"," ()","Cephaliarch's Flail","Pragmatic Fatecarver","Quick Cloak","Fulminating Rune","Camouflaged Hunter","Flawless Dawnbreaker","Stampede","Inspired Scholarship","Scalding Rune","Barbed Trap","Camouflaged Hunter","The Tide King's Gaze"
"Sanctum Ophidia","Ozara","https://www.esologs.com/reports/RdH7GapY3rL2bPwB#fight=7&type=summary&source=105","@Onhold","Dps is just a number","herald-x-x-perfected-slivers-of-the-null-arca-spattering-disjunction","dps","Herald","x","x","Spattering Disjunction","Perfected Slivers of the Null Arca","95283.8","6335.7","25.7","95283.8 DPS","","Slimecraw Guise (Slimecraw)","Spattering Disjunction Jack (Spattering Disjunction)","Perfected Null Arca Arm Cops (Perfected Slivers of the Null Arca)","Spattering Disjunction Bracers (Spattering Disjunction)","","Spattering Disjunction Guards (Spattering Disjunction)","Spattering Disjunction Boots (Spattering Disjunction)","","Perfected Null Arca Ring (Perfected Slivers of the Null Arca)","Perfected Null Arca Ring (Perfected Slivers of the Null Arca)","Perfected Null Arca Dagger (Perfected Slivers of the Null Arca)","Perfected Null Arca Dagger (Perfected Slivers of the Null Arca)","The Maelstrom's Perfected Greatsword (Perfected Merciless Charge)"," ()","Camouflaged Hunter","Quick Cloak","Pragmatic Fatecarver","Barbed Trap","Cephaliarch's Flail","Flawless Dawnbreaker","Inspired Scholarship","Camouflaged Hunter","Stampede","Fulminating Rune","Anti-Cavalry Caltrops","The Languid Eye"
"Sanctum Ophidia","Ozara","https://www.esologs.com/reports/RdH7GapY3rL2bPwB#fight=7&type=summary&source=8","@annia08","Narya von Eregion","herald-x-x-perfected-slivers-of-the-null-arca-spattering-disjunction","dps","Herald","x","x","Spattering Disjunction","Perfected Slivers of the Null Arca","89293.5","2884.3","17.0","89293.5 DPS","","Slimecraw Guise (Slimecraw)","Spattering Disjunction Jack (Spattering Disjunction)","Perfected Null Arca Arm Cops (Perfected Slivers of the Null Arca)","Spattering Disjunction Bracers (Spattering Disjunction)","","Spattering Disjunction Guards (Spattering Disjunction)","Spattering Disjunction Boots (Spattering Disjunction)","","Perfected Null Arca Ring (Perfected Slivers of the Null Arca)","Perfected Null Arca Ring (Perfected Slivers of the Null Arca)","Perfected Null Arca Dagger (Perfected Slivers of the Null Arca)","Perfected Null Arca Dagger (Perfected Slivers of the Null Arca)","The Maelstrom's Perfected Greatsword (Perfected Merciless Charge)"," ()","Cephaliarch's Flail","Quick Cloak","Pragmatic Fatecarver","Barbed Trap","Camouflaged Hunter","Flawless Dawnbreaker","Fulminating Rune","Inspired Scholarship","Stampede","Camouflaged Hunter","Resolving Vigor","The Languid Eye"
"Sanctum Ophidia","Ozara","https://www.esologs.com/reports/RdH7GapY3rL2bPwB#fight=7&type=summary&source=3","@sZenario27","Celebrimbor von Eregion","herald-x-x-perfected-slivers-of-the-null-arca-spattering-disjunction","dps","Herald","x","x","Spattering Disjunction","Perfected Slivers of the Null Arca","51099.9","4737.4","9.5","51099.9 DPS","","Slimecraw Mask (Slimecraw)","Spattering Disjunction Jack (Spattering Disjunction)","Perfected Null Arca Arm Cops (Perfected Slivers of the Null Arca)","Spattering Disjunction Bracers (Spattering Disjunction)","","Spattering Disjunction Guards (Spattering Disjunction)","Spattering Disjunction Boots (Spattering Disjunction)","","Perfected Null Arca Ring (Perfected Slivers of the Null Arca)","Perfected Null Arca Ring (Perfected Slivers of the Null Arca)","Perfected Null Arca Dagger (Perfected Slivers of the Null Arca)","Perfected Null Arca Dagger (Perfected Slivers of the Null Arca)","The Maelstrom's Perfected Greatsword (Perfected Merciless Charge)"," ()","Quick Cloak","Cephaliarch's Flail","Pragmatic Fatecarver","Camouflaged Hunter","Banner Bearer","Flawless Dawnbreaker","Inspired Scholarship","Stampede","Fulminating Rune","Camouflaged Hunter","Banner Bearer","The Languid Eye"
"Sanctum Ophidia","Ozara","https://www.esologs.com/reports/RdH7GapY3rL2bPwB#fight=7&type=summary&source=3","@LilithPierce","Cherylbomb","herald-x-x-perfected-slivers-of-the-null-arca-spattering-disjunction","dps","Herald","x","x","Perfected Slivers of the Null Arca","Spattering Disjunction","64898.6","4343.6","34.4","64898.6 DPS","","Slimecraw Mask (Slimecraw)","Perfected Null Arca Jack (Perfected Slivers of the Null Arca)","Spattering Disjunction Arm Cops (Spattering Disjunction)","Perfected Null Arca Bracers (Perfected Slivers of the Null Arca)","","Perfected Null Arca Guards (Perfected Slivers of the Null Arca)","Perfected Null Arca Boots (Perfected Slivers of the Null Arca)","","Spattering Disjunction Ring (Spattering Disjunction)","Spattering Disjunction Ring (Spattering Disjunction)","Spattering Disjunction Dagger (Spattering Disjunction)","Spattering Disjunction Dagger (Spattering Disjunction)","The Maelstrom's Perfected Inferno Staff (Perfected Crushing Wall)"," ()","Quick Cloak","Barbed Trap","Cephaliarch's Flail","Pragmatic Fatecarver","Camouflaged Hunter","Flawless Dawnbreaker","Elemental Blockade","Fulminating Rune","Anti-Cavalry Caltrops","Inspired Scholarship","Camouflaged Hunter","The Languid Eye"
"Sanctum Ophidia","Ozara","https://www.esologs.com/reports/RdH7GapY3rL2bPwB#fight=7&type=summary&source=3","@LilithPierce","Cherylbomb","herald-x-x-perfected-slivers-of-the-null-arca-spattering-disjunction","dps","Herald","x","x","Perfected Slivers of the Null Arca","Spattering Disjunction","64904.8","4337.2","34.4","64904.8 DPS","","Slimecraw Mask (Slimecraw)","Perfected Null Arca Jack (Perfected Slivers of the Null Arca)","Spattering Disjunction Arm Cops (Spattering Disjunction)","Perfected Null Arca Bracers (Perfected Slivers of the Null Arca)","","Perfected Null Arca Guards (Perfected Slivers of the Null Arca)","Perfected Null Arca Boots (Perfected Slivers of the Null Arca)","","Spattering Disjunction Ring (Spattering Disjunction)","Spattering Disjunction Ring (Spattering Disjunction)","Spattering Disjunction Dagger (Spattering Disjunction)","Spattering Disjunction Dagger (Spattering Disjunction)","The Maelstrom's Perfected Inferno Staff (Perfected Crushing Wall)"," ()","Quick Cloak","Barbed Trap","Cephaliarch's Flail","Pragmatic Fatecarver","Camouflaged Hunter","Flawless Dawnbreaker","Elemental Blockade","Fulminating Rune","Anti-Cavalry Caltrops","Inspired Scholarship","Camouflaged Hunter","The Languid Eye"
"Sanctum Ophidia","Ozara","https://www.esologs.com/reports/RdH7GapY3rL2bPwB#fight=7&type=summary&source=82","@LilJayX","Calls-You-By-Your-Name","animal-green-winter-perfected-pillagers-profit-serpents-disdain","healer","Animal","Green","Winter","Serpent's Disdain","Perfected Pillager's Profit","7368.0","39178.8","31.7","39178.8 HPS","","Ozezan the Inferno's Guise (Ozezan the Inferno)","Robe of Serpent's Disdain (Serpent's Disdain)","Ozezan the Inferno's Epaulets (Ozezan the Inferno)","Perfected Pillager's Gloves (Perfected Pillager's Profit)","","Perfected Pillager's Breeches (Perfected Pillager's Profit)","Perfected Pillager's Shoes (Perfected Pillager's Profit)","","Ring of Serpent's Disdain (Serpent's Disdain)","Ring of Serpent's Disdain (Serpent's Disdain)","The Master's Perfected Restoration Staff (Perfected Grand Rejuvenation)"," ()","Perfected Pillager's Lightning Staff (Perfected Pillager's Profit)"," ()","Combat Prayer","Budding Seeds","Illustrious Healing","Echoing Vigor","Radiating Regeneration","Wild Guardian","Elemental Blockade","Winter's Revenge","Expansive Frost Cloak","Overflowing Altar","Elemental Susceptibility","Reviving Barrier"
"Sanctum Ophidia","Ozara","https://www.esologs.com/reports/RdH7GapY3rL2bPwB#fight=7&type=summary&source=4","@Gilane","Gwynja Feuerhaar","animal-green-winter-perfected-pillagers-profit-serpents-disdain","tank","Animal","Green","Winter","Serpent's Disdain","Perfected Pillager's Profit","9966.7","34925.1","50.2","50.2 CPM","","Nazaray Visage (Nazaray)","Cuirass of Serpent's Disdain (Serpent's Disdain)","Nazaray Pauldron (Nazaray)","Gauntlets of Serpent's Disdain (Serpent's Disdain)","","Greaves of Serpent's Disdain (Serpent's Disdain)","Sabatons of Serpent's Disdain (Serpent's Disdain)","","Perfected Pillager's Band (Perfected Pillager's Profit)","Perfected Pillager's Band (Perfected Pillager's Profit)","Blackrose Sword (Spectral Cloak)","Blackrose Sword (Spectral Cloak)","Perfected Pillager's Ice Staff (Perfected Pillager's Profit)"," ()","Quick Cloak","Polar Wind","Warding Burst","Inner Rage","Leashing Soul","Feral Guardian","Expansive Frost Cloak","Budding Seeds","Elemental Blockade","Elemental Susceptibility","Deceptive Predator","Replenishing Barrier"
"Sanctum Ophidia","Ozara","https://www.esologs.com/reports/jACgnWVLdPk2Hv9Y#fight=13&type=summary&source=9","@Enji.ESO","Pêche le warden","animal-green-winter-jorvulds-guidance-perfected-roaring-opportunist","healer","Animal","Green","Winter","Jorvuld's Guidance","Perfected Roaring Opportunist","13458.8","67286.4","38.6","67286.4 HPS","The Thief","Symphony of Blades Guise (Symphony of Blades)","Jorvuld's Guidance Robe (Jorvuld's Guidance)","Symphony of Blades Pauldrons (Symphony of Blades)","Jorvuld's Guidance Gloves (Jorvuld's Guidance)","","Jorvuld's Guidance Breeches (Jorvuld's Guidance)","Jorvuld's Guidance Shoes (Jorvuld's Guidance)","","Roaring Opportunist's Perfected Ring (Perfected Roaring Opportunist)","Roaring Opportunist's Perfected Ring (Perfected Roaring Opportunist)","The Master's Perfected Restoration Staff (Perfected Grand Rejuvenation)"," ()","Roaring Opportunist's Perfected Ice Staff (Perfected Roaring Opportunist)"," ()","Combat Prayer","Budding Seeds","Radiating Regeneration","Energy Orb","Illustrious Healing","Wild Guardian","Elemental Blockade","Ulfsild's Contingency","Winter's Revenge","Echoing Vigor","Blue Betty","Aggressive Horn"
"Sanctum Ophidia","Ozara","https://www.esologs.com/reports/jACgnWVLdPk2Hv9Y#fight=13&type=summary&source=112","@SilverLiss","Bees and flies do it","animal-green-winter-jorvulds-guidance-perfected-roaring-opportunist","healer","Animal","Green","Winter","Perfected Roaring Opportunist","Jorvuld's Guidance","7904.7","89440.4","48.3","89440.4 HPS","","Symphony of Blades Mask (Symphony of Blades)","Jorvuld's Guidance Jerkin (Jorvuld's Guidance)","Symphony of Blades Epaulets (Symphony of Blades)","Jorvuld's Guidance Gloves (Jorvuld's Guidance)","","Jorvuld's Guidance Breeches (Jorvuld's Guidance)","Jorvuld's Guidance Shoes (Jorvuld's Guidance)","","Roaring Opportunist's Perfected Ring (Perfected Roaring Opportunist)","Roaring Opportunist's Perfected Ring (Perfected Roaring Opportunist)","Roaring Opportunist's Perfected Restoration Staff (Perfected Roaring Opportunist)"," ()","Roaring Opportunist's Perfected Inferno Staff (Perfected Roaring Opportunist)"," ()","Radiating Regeneration","Combat Prayer","Budding Seeds","Illustrious Healing","Blue Betty","Wild Guardian","Elemental Blockade","Winter's Revenge","Echoing Vigor","Expansive Frost Cloak","Energy Orb","Aggressive Horn"
"Sanctum Ophidia","Ozara","https://www.esologs.com/reports/ymXfCrwt4db9GKxn#fight=11&type=summary&source=5","@Gibbonico","Er putrido","ardent-earthen-x-perfected-lucent-echoes-turning-tide","tank","Ardent","Earthen","x","Turning Tide","Perfected Lucent Echoes","2945.2","20054.4","27.4","27.4 CPM","The Atronach","Tremorscale Visage (Tremorscale)","Lucent Echoes Perfected Cuirass (Perfected Lucent Echoes)","Tremorscale Arm Cops (Tremorscale)","Lucent Echoes Perfected Gauntlets (Perfected Lucent Echoes)","","Lucent Echoes Perfected Greaves (Perfected Lucent Echoes)","Lucent Echoes Perfected Sabatons (Perfected Lucent Echoes)","","Ring of the Turning Tide (Turning Tide)","Ring of the Turning Tide (Turning Tide)","Sword of the Turning Tide (Turning Tide)","Shield of the Turning Tide (Turning Tide)","Ice Staff of the Turning Tide (Turning Tide)"," ()","Blood of the Green Dragon","Hearth and Home","Blinding Flare","Leashing Soul","Pierce Armor","Temporal Guard","Inner Rage","Cauterize","Molten Armaments","Igneous Shield","Earthshield Mantle","Reviving Barrier"
"Sanctum Ophidia","Ozara","https://www.esologs.com/reports/ymXfCrwt4db9GKxn#fight=11&type=summary&source=5","@Gibbonico","Er putrido","ardent-earthen-x-perfected-lucent-echoes-turning-tide","tank","Ardent","Earthen","x","Turning Tide","Perfected Lucent Echoes","2943.9","20029.9","27.3","27.3 CPM","","Tremorscale Visage (Tremorscale)","Lucent Echoes Perfected Cuirass (Perfected Lucent Echoes)","Tremorscale Arm Cops (Tremorscale)","Lucent Echoes Perfected Gauntlets (Perfected Lucent Echoes)","","Lucent Echoes Perfected Greaves (Perfected Lucent Echoes)","Lucent Echoes Perfected Sabatons (Perfected Lucent Echoes)","","Ring of the Turning Tide (Turning Tide)","Ring of the Turning Tide (Turning Tide)","Sword of the Turning Tide (Turning Tide)","Shield of the Turning Tide (Turning Tide)","Ice Staff of the Turning Tide (Turning Tide)"," ()","Blood of the Green Dragon","Hearth and Home","Blinding Flare","Leashing Soul","Pierce Armor","Temporal Guard","Inner Rage","Cauterize","Molten Armaments","Igneous Shield","Earthshield Mantle","Reviving Barrier"
"Sanctum Ophidia","Ozara","https://www.esologs.com/reports/ymXfCrwt4db9GKxn#fight=11&type=summary&source=4","@Etamin88","Darkdandy","bone-living-x-crimson-oaths-rive-powerful-assault","tank","Bone","Living","x","Powerful Assault","Crimson Oath's Rive","1321.8","1455.5","32.1","32.1 CPM","The Atronach","Nazaray Guise (Nazaray)","Cuirass of the Crimson Oath (Crimson Oath's Rive)","Nazaray Arm Cops (Nazaray)","Gauntlets of the Crimson Oath (Crimson Oath's Rive)","","Greaves of the Crimson Oath (Crimson Oath's Rive)","Sabatons of the Crimson Oath (Crimson Oath's Rive)","","Ring of the Powerful Assault (Powerful Assault)","Ring of the Powerful Assault (Powerful Assault)","Sword of the Powerful Assault (Powerful Assault)","Shield of the Powerful Assault (Powerful Assault)","Ice Staff of the Powerful Assault (Powerful Assault)"," ()","Pierce Armor","Hungry Scythe","Revealing Flare","Spirit Guardian","Resolving Vigor","Reviving Barrier","Inner Rage","Silver Leash","Mortal Coil","Elemental Blockade","Beckoning Armor","Aggressive Horn"
"Sanctum Ophidia","Ozara","https://www.esologs.com/reports/ymXfCrwt4db9GKxn#fight=11&type=summary&source=4","@Etamin88","Darkdandy","bone-living-x-crimson-oaths-rive-powerful-assault","tank","Bone","Living","x","Powerful Assault","Crimson Oath's Rive","1321.3","1443.1","32.1","32.1 CPM","","Nazaray Guise (Nazaray)","Cuirass of the Crimson Oath (Crimson Oath's Rive)","Nazaray Arm Cops (Nazaray)","Gauntlets of the Crimson Oath (Crimson Oath's Rive)","","Greaves of the Crimson Oath (Crimson Oath's Rive)","Sabatons of the Crimson Oath (Crimson Oath's Rive)","","Ring of the Powerful Assault (Powerful Assault)","Ring of the Powerful Assault (Powerful Assault)","Sword of the Powerful Assault (Powerful Assault)","Shield of the Powerful Assault (Powerful Assault)","Ice Staff of the Powerful Assault (Powerful Assault)"," ()","Pierce Armor","Hungry Scythe","Revealing Flare","Spirit Guardian","Resolving Vigor","Reviving Barrier","Inner Rage","Silver Leash","Mortal Coil","Elemental Blockade","Beckoning Armor","Aggressive Horn"
"Sanctum Ophidia","Ozara","https://www.esologs.com/reports/ymXfCrwt4db9GKxn#fight=11&type=summary&source=6","@GabibbusDuJamal","Gabibbus","animal-green-winter-master-architect-serpents-disdain","healer","Animal","Green","Winter","Serpent's Disdain","Master Architect","4655.0","54094.2","36.1","54094.2 HPS","","Ozezan the Inferno's Guise (Ozezan the Inferno)","Robe of Serpent's Disdain (Serpent's Disdain)","Ozezan the Inferno's Epaulets (Ozezan the Inferno)","Gloves of Serpent's Disdain (Serpent's Disdain)","","Breeches of Serpent's Disdain (Serpent's Disdain)","Shoes of Serpent's Disdain (Serpent's Disdain)","","Master Architect Ring (Master Architect)","Master Architect Ring (Master Architect)","The Master's Restoration Staff (Grand Rejuvenation)"," ()","Master Architect Ice Staff (Master Architect)"," ()","Radiating Regeneration","Illustrious Healing","Mystic Orb","Budding Seeds","Combat Prayer","Eternal Guardian","Echoing Vigor","Healing Burst","Expansive Frost Cloak","Elemental Blockade","Elemental Susceptibility","Reviving Barrier"
"Sanctum Ophidia","Ozara","https://www.esologs.com/reports/ymXfCrwt4db9GKxn#fight=11&type=summary&source=6","@GabibbusDuJamal","Gabibbus","animal-green-winter-master-architect-serpents-disdain","healer","Animal","Green","Winter","Serpent's Disdain","Master Architect","4656.2","54073.6","36.1","54073.6 HPS","The Atronach","Ozezan the Inferno's Guise (Ozezan the Inferno)","Robe of Serpent's Disdain (Serpent's Disdain)","Ozezan the Inferno's Epaulets (Ozezan the Inferno)","Gloves of Serpent's Disdain (Serpent's Disdain)","","Breeches of Serpent's Disdain (Serpent's Disdain)","Shoes of Serpent's Disdain (Serpent's Disdain)","","Master Architect Ring (Master Architect)","Master Architect Ring (Master Architect)","The Master's Restoration Staff (Grand Rejuvenation)"," ()","Master Architect Ice Staff (Master Architect)"," ()","Radiating Regeneration","Illustrious Healing","Mystic Orb","Budding Seeds","Combat Prayer","Eternal Guardian","Echoing Vigor","Healing Burst","Expansive Frost Cloak","Elemental Blockade","Elemental Susceptibility","Reviving Barrier"
"Sanctum Ophidia","Ozara","https://www.esologs.com/reports/ymXfCrwt4db9GKxn#fight=11&type=summary&source=11","nil","Anonymous 11","animal-green-winter-master-architect-xoryns-masterpiece","healer","Animal","Green","Winter","Xoryn's Masterpiece","Master Architect","3782.0","50857.7","24.7","50857.7 HPS","The Ritual","Symphony of Blades Mask (Symphony of Blades)","Xoryn's Robe (Xoryn's Masterpiece)","Symphony of Blades Epaulets (Symphony of Blades)","Xoryn's Gloves (Xoryn's Masterpiece)","","Xoryn's Breeches (Xoryn's Masterpiece)","Xoryn's Shoes (Xoryn's Masterpiece)","","Master Architect Ring (Master Architect)","Master Architect Ring (Master Architect)","Master Architect Ice Staff (Master Architect)"," ()","The Master's Restoration Staff (Grand Rejuvenation)"," ()","Elemental Blockade","Winter's Revenge","Echoing Vigor","Elemental Susceptibility","Overflowing Altar","Reviving Barrier","Budding Seeds","Illustrious Healing","Radiating Regeneration","Energy Orb","Combat Prayer","Eternal Guardian"
"Sanctum Ophidia","Ozara","https://www.esologs.com/reports/ymXfCrwt4db9GKxn#fight=11&type=summary&source=11","nil","Anonymous 11","animal-green-winter-master-architect-xoryns-masterpiece","healer","Animal","Green","Winter","Xoryn's Masterpiece","Master Architect","3780.8","50830.8","24.6","50830.8 HPS","","Symphony of Blades Mask (Symphony of Blades)","Xoryn's Robe (Xoryn's Masterpiece)","Symphony of Blades Epaulets (Symphony of Blades)","Xoryn's Gloves (Xoryn's Masterpiece)","","Xoryn's Breeches (Xoryn's Masterpiece)","Xoryn's Shoes (Xoryn's Masterpiece)","","Master Architect Ring (Master Architect)","Master Architect Ring (Master Architect)","Master Architect Ice Staff (Master Architect)"," ()","The Master's Restoration Staff (Grand Rejuvenation)"," ()","Elemental Blockade","Winter's Revenge","Echoing Vigor","Elemental Susceptibility","Overflowing Altar","Reviving Barrier","Budding Seeds","Illustrious Healing","Radiating Regeneration","Energy Orb","Combat Prayer","Eternal Guardian"
"Sanctum Ophidia","The Serpent","https://www.esologs.com/reports/RdH7GapY3rL2bPwB#fight=12&type=summary&source=16","@bdbats","Katrina Bats","herald-x-x-perfected-slivers-of-the-null-arca-spattering-disjunction","dps","Herald","x","x","Spattering Disjunction","Perfected Slivers of the Null Arca","67867.0","6336.4","22.4","67867.0 DPS","","Nerien'eth Guise (Nerien'eth)","Spattering Disjunction Jack (Spattering Disjunction)","Perfected Null Arca Arm Cops (Perfected Slivers of the Null Arca)","Spattering Disjunction Bracers (Spattering Disjunction)","","Spattering Disjunction Guards (Spattering Disjunction)","Spattering Disjunction Boots (Spattering Disjunction)","","Perfected Null Arca Ring (Perfected Slivers of the Null Arca)","Perfected Null Arca Ring (Perfected Slivers of the Null Arca)","Perfected Null Arca Dagger (Perfected Slivers of the Null Arca)","Perfected Null Arca Dagger (Perfected Slivers of the Null Arca)","The Maelstrom's Perfected Inferno Staff (Perfected Crushing Wall)"," ()","Quick Cloak","Cephaliarch's Flail","Pragmatic Fatecarver","Camouflaged Hunter","Banner Bearer","The Languid Eye","Inspired Scholarship","Elemental Blockade","Fulminating Rune","Ulfsild's Contingency","Banner Bearer","Flawless Dawnbreaker"
"Sanctum Ophidia","The Serpent","https://www.esologs.com/reports/RdH7GapY3rL2bPwB#fight=12&type=summary&source=11","@Gandalf457","xx-Gandalf-xx","herald-x-x-perfected-slivers-of-the-null-arca-spattering-disjunction","dps","Herald","x","x","Spattering Disjunction","Perfected Slivers of the Null Arca","76925.0","2966.1","23.5","76925.0 DPS","","Spattering Disjunction Helmet (Spattering Disjunction)","Spattering Disjunction Jack (Spattering Disjunction)","Slimecraw Epaulets (Slimecraw)","Spattering Disjunction Bracers (Spattering Disjunction)","","Spattering Disjunction Guards (Spattering Disjunction)","Spattering Disjunction Boots (Spattering Disjunction)","","Perfected Null Arca Ring (Perfected Slivers of the Null Arca)","Perfected Null Arca Ring (Perfected Slivers of the Null Arca)","Perfected Null Arca Dagger (Perfected Slivers of the Null Arca)","Perfected Null Arca Dagger (Perfected Slivers of the Null Arca)","The Maelstrom's Perfected Greatsword (Perfected Merciless Charge)"," ()","Cephaliarch's Flail","Pragmatic Fatecarver","Quick Cloak","Fulminating Rune","Camouflaged Hunter","Flawless Dawnbreaker","Stampede","Inspired Scholarship","Scalding Rune","Barbed Trap","Camouflaged Hunter","The Tide King's Gaze"
"Sanctum Ophidia","The Serpent","https://www.esologs.com/reports/RdH7GapY3rL2bPwB#fight=12&type=summary&source=105","@Onhold","Dps is just a number","herald-x-x-perfected-slivers-of-the-null-arca-spattering-disjunction","dps","Herald","x","x","Spattering Disjunction","Perfected Slivers of the Null Arca","82147.7","4881.6","36.7","82147.7 DPS","","Huntsman's Warmask (Huntsman's Warmask)","Spattering Disjunction Jack (Spattering Disjunction)","Slimecraw Epaulets (Slimecraw)","Spattering Disjunction Bracers (Spattering Disjunction)","","Spattering Disjunction Guards (Spattering Disjunction)","Spattering Disjunction Boots (Spattering Disjunction)","","Perfected Null Arca Ring (Perfected Slivers of the Null Arca)","Perfected Null Arca Ring (Perfected Slivers of the Null Arca)","Perfected Null Arca Dagger (Perfected Slivers of the Null Arca)","Perfected Null Arca Dagger (Perfected Slivers of the Null Arca)","The Maelstrom's Perfected Greatsword (Perfected Merciless Charge)"," ()","Camouflaged Hunter","Quick Cloak","Pragmatic Fatecarver","Barbed Trap","Cephaliarch's Flail","Flawless Dawnbreaker","Inspired Scholarship","Camouflaged Hunter","Stampede","Fulminating Rune","Anti-Cavalry Caltrops","The Languid Eye"
"Sanctum Ophidia","The Serpent","https://www.esologs.com/reports/RdH7GapY3rL2bPwB#fight=12&type=summary&source=8","@lady-lilith","Mireli Nephithah","herald-x-x-perfected-slivers-of-the-null-arca-spattering-disjunction","dps","Herald","x","x","Perfected Slivers of the Null Arca","Spattering Disjunction","73459.6","5467.6","21.6","73459.6 DPS","","Slimecraw Guise (Slimecraw)","Perfected Null Arca Jack (Perfected Slivers of the Null Arca)","Spattering Disjunction Arm Cops (Spattering Disjunction)","Perfected Null Arca Bracers (Perfected Slivers of the Null Arca)","","Perfected Null Arca Guards (Perfected Slivers of the Null Arca)","Perfected Null Arca Boots (Perfected Slivers of the Null Arca)","","Spattering Disjunction Ring (Spattering Disjunction)","Spattering Disjunction Ring (Spattering Disjunction)","Spattering Disjunction Dagger (Spattering Disjunction)","Spattering Disjunction Dagger (Spattering Disjunction)","The Maelstrom's Perfected Inferno Staff (Perfected Crushing Wall)"," ()","Barbed Trap","Cephaliarch's Flail","Pragmatic Fatecarver","Quick Cloak","Banner Bearer","Flawless Dawnbreaker","Elemental Blockade","Inspired Scholarship","Fulminating Rune","Siege Shield","Banner Bearer","The Tide King's Gaze"
"Sanctum Ophidia","The Serpent","https://www.esologs.com/reports/RdH7GapY3rL2bPwB#fight=12&type=summary&source=8","@annia08","Narya von Eregion","herald-x-x-perfected-slivers-of-the-null-arca-spattering-disjunction","dps","Herald","x","x","Spattering Disjunction","Perfected Slivers of the Null Arca","53259.6","3169.6","11.1","53259.6 DPS","","Slimecraw Guise (Slimecraw)","Spattering Disjunction Jack (Spattering Disjunction)","Perfected Null Arca Arm Cops (Perfected Slivers of the Null Arca)","Spattering Disjunction Bracers (Spattering Disjunction)","","Spattering Disjunction Guards (Spattering Disjunction)","Spattering Disjunction Boots (Spattering Disjunction)","","Perfected Null Arca Ring (Perfected Slivers of the Null Arca)","Perfected Null Arca Ring (Perfected Slivers of the Null Arca)","Perfected Null Arca Dagger (Perfected Slivers of the Null Arca)","Perfected Null Arca Dagger (Perfected Slivers of the Null Arca)","The Maelstrom's Perfected Greatsword (Perfected Merciless Charge)"," ()","Cephaliarch's Flail","Quick Cloak","Pragmatic Fatecarver","Barbed Trap","Camouflaged Hunter","Flawless Dawnbreaker","Fulminating Rune","Inspired Scholarship","Stampede","Camouflaged Hunter","Resolving Vigor","The Languid Eye"
"Sanctum Ophidia","The Serpent","https://www.esologs.com/reports/RdH7GapY3rL2bPwB#fight=12&type=summary&source=3","@sZenario27","Celebrimbor von Eregion","herald-x-x-perfected-slivers-of-the-null-arca-spattering-disjunction","dps","Herald","x","x","Spattering Disjunction","Perfected Slivers of the Null Arca","50496.9","7181.1","22.7","50496.9 DPS","","Slimecraw Mask (Slimecraw)","Spattering Disjunction Jack (Spattering Disjunction)","Perfected Null Arca Arm Cops (Perfected Slivers of the Null Arca)","Spattering Disjunction Bracers (Spattering Disjunction)","","Spattering Disjunction Guards (Spattering Disjunction)","Spattering Disjunction Boots (Spattering Disjunction)","","Perfected Null Arca Ring (Perfected Slivers of the Null Arca)","Perfected Null Arca Ring (Perfected Slivers of the Null Arca)","Perfected Null Arca Dagger (Perfected Slivers of the Null Arca)","Perfected Null Arca Dagger (Perfected Slivers of the Null Arca)","The Maelstrom's Perfected Greatsword (Perfected Merciless Charge)"," ()","Quick Cloak","Cephaliarch's Flail","Pragmatic Fatecarver","Camouflaged Hunter","Banner Bearer","Flawless Dawnbreaker","Inspired Scholarship","Stampede","Fulminating Rune","Camouflaged Hunter","Banner Bearer","The Languid Eye"
"Sanctum Ophidia","The Serpent","https://www.esologs.com/reports/RdH7GapY3rL2bPwB#fight=12&type=summary&source=3","@LilithPierce","Cherylbomb","herald-x-x-perfected-slivers-of-the-null-arca-spattering-disjunction","dps","Herald","x","x","Perfected Slivers of the Null Arca","Spattering Disjunction","54957.5","3251.1","30.9","54957.5 DPS","","Slimecraw Mask (Slimecraw)","Perfected Null Arca Jack (Perfected Slivers of the Null Arca)","Spattering Disjunction Arm Cops (Spattering Disjunction)","Perfected Null Arca Bracers (Perfected Slivers of the Null Arca)","","Perfected Null Arca Guards (Perfected Slivers of the Null Arca)","Perfected Null Arca Boots (Perfected Slivers of the Null Arca)","","Spattering Disjunction Ring (Spattering Disjunction)","Spattering Disjunction Ring (Spattering Disjunction)","Spattering Disjunction Dagger (Spattering Disjunction)","Spattering Disjunction Dagger (Spattering Disjunction)","The Maelstrom's Perfected Inferno Staff (Perfected Crushing Wall)"," ()","Quick Cloak","Barbed Trap","Cephaliarch's Flail","Pragmatic Fatecarver","Camouflaged Hunter","Flawless Dawnbreaker","Elemental Blockade","Fulminating Rune","Anti-Cavalry Caltrops","Inspired Scholarship","Camouflaged Hunter","The Languid Eye"
"Sanctum Ophidia","The Serpent","https://www.esologs.com/reports/RdH7GapY3rL2bPwB#fight=12&type=summary&source=3","@LilithPierce","Cherylbomb","herald-x-x-perfected-slivers-of-the-null-arca-spattering-disjunction","dps","Herald","x","x","Perfected Slivers of the Null Arca","Spattering Disjunction","54941.6","3239.7","30.9","54941.6 DPS","","Slimecraw Mask (Slimecraw)","Perfected Null Arca Jack (Perfected Slivers of the Null Arca)","Spattering Disjunction Arm Cops (Spattering Disjunction)","Perfected Null Arca Bracers (Perfected Slivers of the Null Arca)","","Perfected Null Arca Guards (Perfected Slivers of the Null Arca)","Perfected Null Arca Boots (Perfected Slivers of the Null Arca)","","Spattering Disjunction Ring (Spattering Disjunction)","Spattering Disjunction Ring (Spattering Disjunction)","Spattering Disjunction Dagger (Spattering Disjunction)","Spattering Disjunction Dagger (Spattering Disjunction)","The Maelstrom's Perfected Inferno Staff (Perfected Crushing Wall)"," ()","Quick Cloak","Barbed Trap","Cephaliarch's Flail","Pragmatic Fatecarver","Camouflaged Hunter","Flawless Dawnbreaker","Elemental Blockade","Fulminating Rune","Anti-Cavalry Caltrops","Inspired Scholarship","Camouflaged Hunter","The Languid Eye"
"Sanctum Ophidia","The Serpent","https://www.esologs.com/reports/RdH7GapY3rL2bPwB#fight=12&type=summary&source=11","@SinisterK1","Sins in the dark","ass-shadow-siphon-perfected-slivers-of-the-null-arca-savage-werewolf","dps","Ass","Shadow","Siphon","Savage Werewolf","Perfected Slivers of the Null Arca","108006.3","5885.2","55.1","108006.3 DPS","","Zaan Guise (Zaan)","Savage Werewolf's Jack (Savage Werewolf)","Perfected Null Arca Arm Cops (Perfected Slivers of the Null Arca)","Savage Werewolf's Bracers (Savage Werewolf)","","Savage Werewolf's Guards (Savage Werewolf)","Savage Werewolf's Boots (Savage Werewolf)","","Perfected Null Arca Ring (Perfected Slivers of the Null Arca)","Shattered Paths Signet (Shattered Paths Signet)","Perfected Null Arca Dagger (Perfected Slivers of the Null Arca)","Perfected Null Arca Dagger (Perfected Slivers of the Null Arca)"," ()"," ()","Surprise Attack","Shadowy Disguise","Merciless Resolve","Killer's Blade","Debilitate","Werewolf Berserker","Stampede","Ulfsild's Contingency","Carve","Dark Shade","Barbed Trap","Werewolf Berserker"
"Sanctum Ophidia","The Serpent","https://www.esologs.com/reports/RdH7GapY3rL2bPwB#fight=12&type=summary&source=7","@Mysthey","Mysthey","ass-shadow-siphon-perfected-slivers-of-the-null-arca-savage-werewolf","dps","Ass","Shadow","Siphon","Perfected Slivers of the Null Arca","Savage Werewolf","141640.4","12914.7","86.5","141640.4 DPS","","Zaan Guise (Zaan)","Perfected Null Arca Jack (Perfected Slivers of the Null Arca)","Savage Werewolf's Arm Cops (Savage Werewolf)","Perfected Null Arca Bracers (Perfected Slivers of the Null Arca)","","Perfected Null Arca Guards (Perfected Slivers of the Null Arca)","Perfected Null Arca Boots (Perfected Slivers of the Null Arca)","","Savage Werewolf's Ring (Savage Werewolf)","Shattered Paths Signet (Shattered Paths Signet)","Savage Werewolf's Dagger (Savage Werewolf)","Savage Werewolf's Dagger (Savage Werewolf)","The Maelstrom's Perfected Greatsword (Perfected Merciless Charge)"," ()","Surprise Attack","Relentless Focus","Shadowy Disguise","Killer's Blade","Camouflaged Hunter","Werewolf Berserker","Stampede","Sundering Trample","Barbed Trap","Dark Shade","Siphoning Attacks","Soul Harvest"
"Sanctum Ophidia","The Serpent","https://www.esologs.com/reports/RdH7GapY3rL2bPwB#fight=12&type=summary&source=4","@Legende37","Legiora","ass-shadow-siphon-perfected-slivers-of-the-null-arca-savage-werewolf","dps","Ass","Shadow","Siphon","Perfected Slivers of the Null Arca","Savage Werewolf","63343.8","9933.3","51.5","63343.8 DPS","","Huntsman's Warmask (Huntsman's Warmask)","Perfected Null Arca Jack (Perfected Slivers of the Null Arca)","Slimecraw Arm Cops (Slimecraw)","Savage Werewolf's Bracers (Savage Werewolf)","","Perfected Null Arca Guards (Perfected Slivers of the Null Arca)","Savage Werewolf's Boots (Savage Werewolf)","","Perfected Null Arca Ring (Perfected Slivers of the Null Arca)","Perfected Null Arca Ring (Perfected Slivers of the Null Arca)","Savage Werewolf's Dagger (Savage Werewolf)","Savage Werewolf's Dagger (Savage Werewolf)","The Maelstrom's Perfected Inferno Staff (Perfected Crushing Wall)"," ()","Power Extraction","Killer's Blade","Surprise Attack","Merciless Resolve","Quick Cloak","Werewolf Berserker","Resolving Vigor","Barbed Trap","Twisting Path","Elemental Blockade","Anti-Cavalry Caltrops","Werewolf Berserker"
"Sanctum Ophidia","The Serpent","https://www.esologs.com/reports/RdH7GapY3rL2bPwB#fight=12&type=summary&source=8","@Kiara88","Khira'ya","ass-shadow-siphon-perfected-slivers-of-the-null-arca-savage-werewolf","dps","Ass","Shadow","Siphon","Perfected Slivers of the Null Arca","Savage Werewolf","46264.7","4962.0","36.3","46264.7 DPS","","Perfected Null Arca Helmet (Perfected Slivers of the Null Arca)","Savage Werewolf's Jack (Savage Werewolf)","Slimecraw Epaulets (Slimecraw)","Savage Werewolf's Bracers (Savage Werewolf)","","Savage Werewolf's Guards (Savage Werewolf)","Savage Werewolf's Boots (Savage Werewolf)","","Perfected Null Arca Ring (Perfected Slivers of the Null Arca)","Shattered Paths Signet (Shattered Paths Signet)","Null Arca Dagger (Slivers of the Null Arca)","Null Arca Dagger (Slivers of the Null Arca)","The Maelstrom's Perfected Greatsword (Perfected Merciless Charge)"," ()","Debilitate","Surprise Attack","Merciless Resolve","Killer's Blade","Shadowy Disguise","Werewolf Berserker","Barbed Trap","Stampede","Dark Shade","Carve","Leeching Strikes","Incapacitating Strike"
"Sanctum Ophidia","The Serpent","https://www.esologs.com/reports/RdH7GapY3rL2bPwB#fight=12&type=summary&source=1","@Kiara88","Khira'ya","ass-shadow-siphon-perfected-slivers-of-the-null-arca-savage-werewolf","dps","Ass","Shadow","Siphon","Perfected Slivers of the Null Arca","Savage Werewolf","46287.3","4960.5","36.3","46287.3 DPS","","Perfected Null Arca Helmet (Perfected Slivers of the Null Arca)","Savage Werewolf's Jack (Savage Werewolf)","Slimecraw Epaulets (Slimecraw)","Savage Werewolf's Bracers (Savage Werewolf)","","Savage Werewolf's Guards (Savage Werewolf)","Savage Werewolf's Boots (Savage Werewolf)","","Perfected Null Arca Ring (Perfected Slivers of the Null Arca)","Shattered Paths Signet (Shattered Paths Signet)","Null Arca Dagger (Slivers of the Null Arca)","Null Arca Dagger (Slivers of the Null Arca)","The Maelstrom's Perfected Greatsword (Perfected Merciless Charge)"," ()","Debilitate","Surprise Attack","Merciless Resolve","Killer's Blade","Shadowy Disguise","Rampage","Barbed Trap","Stampede","Dark Shade","Carve","Leeching Strikes","Incapacitating Strike"
"Sanctum Ophidia","The Serpent","https://www.esologs.com/reports/jACgnWVLdPk2Hv9Y#fight=16&type=summary&source=9","@Enji.ESO","Pêche le warden","animal-green-winter-jorvulds-guidance-perfected-roaring-opportunist","healer","Animal","Green","Winter","Jorvuld's Guidance","Perfected Roaring Opportunist","7740.5","63975.7","30.1","63975.7 HPS","The Thief","Symphony of Blades Guise (Symphony of Blades)","Jorvuld's Guidance Robe (Jorvuld's Guidance)","Symphony of Blades Pauldrons (Symphony of Blades)","Jorvuld's Guidance Gloves (Jorvuld's Guidance)","","Jorvuld's Guidance Breeches (Jorvuld's Guidance)","Jorvuld's Guidance Shoes (Jorvuld's Guidance)","","Roaring Opportunist's Perfected Ring (Perfected Roaring Opportunist)","Roaring Opportunist's Perfected Ring (Perfected Roaring Opportunist)","The Master's Perfected Restoration Staff (Perfected Grand Rejuvenation)"," ()","Roaring Opportunist's Perfected Ice Staff (Perfected Roaring Opportunist)"," ()","Combat Prayer","Budding Seeds","Radiating Regeneration","Energy Orb","Illustrious Healing","Wild Guardian","Elemental Blockade","Ulfsild's Contingency","Winter's Revenge","Echoing Vigor","Blue Betty","Aggressive Horn"
"Sanctum Ophidia","The Serpent","https://www.esologs.com/reports/jACgnWVLdPk2Hv9Y#fight=16&type=summary&source=112","@SilverLiss","Bees and flies do it","animal-green-winter-jorvulds-guidance-perfected-roaring-opportunist","healer","Animal","Green","Winter","Jorvuld's Guidance","Perfected Roaring Opportunist","5904.8","79213.6","46.5","79213.6 HPS","","Symphony of Blades Mask (Symphony of Blades)","Jorvuld's Guidance Jerkin (Jorvuld's Guidance)","Symphony of Blades Epaulets (Symphony of Blades)","Jorvuld's Guidance Gloves (Jorvuld's Guidance)","","Jorvuld's Guidance Breeches (Jorvuld's Guidance)","Jorvuld's Guidance Shoes (Jorvuld's Guidance)","","Roaring Opportunist's Perfected Ring (Perfected Roaring Opportunist)","Roaring Opportunist's Perfected Ring (Perfected Roaring Opportunist)","Roaring Opportunist's Perfected Restoration Staff (Perfected Roaring Opportunist)"," ()","Z'en's Ice Staff (Z'en's Redress)"," ()","Radiating Regeneration","Combat Prayer","Budding Seeds","Illustrious Healing","Blue Betty","Wild Guardian","Elemental Blockade","Winter's Revenge","Echoing Vigor","Expansive Frost Cloak","Energy Orb","Aggressive Horn"
"Sanctum Ophidia","The Serpent","https://www.esologs.com/reports/ymXfCrwt4db9GKxn#fight=15&type=summary&source=5","@Gibbonico","Er putrido","ardent-earthen-x-perfected-lucent-echoes-turning-tide","tank","Ardent","Earthen","x","Turning Tide","Perfected Lucent Echoes","2053.1","31357.7","29.6","29.6 CPM","The Atronach","Tremorscale Visage (Tremorscale)","Lucent Echoes Perfected Cuirass (Perfected Lucent Echoes)","Tremorscale Arm Cops (Tremorscale)","Lucent Echoes Perfected Gauntlets (Perfected Lucent Echoes)","","Lucent Echoes Perfected Greaves (Perfected Lucent Echoes)","Lucent Echoes Perfected Sabatons (Perfected Lucent Echoes)","","Ring of the Turning Tide (Turning Tide)","Ring of the Turning Tide (Turning Tide)","Sword of the Turning Tide (Turning Tide)","Shield of the Turning Tide (Turning Tide)","Ice Staff of the Turning Tide (Turning Tide)"," ()","Blood of the Green Dragon","Hearth and Home","Blinding Flare","Leashing Soul","Pierce Armor","Temporal Guard","Inner Rage","Cauterize","Molten Armaments","Igneous Shield","Earthshield Mantle","Reviving Barrier"
"Sanctum Ophidia","The Serpent","https://www.esologs.com/reports/ymXfCrwt4db9GKxn#fight=15&type=summary&source=5","@Gibbonico","Er putrido","ardent-earthen-x-perfected-lucent-echoes-turning-tide","tank","Ardent","Earthen","x","Turning Tide","Perfected Lucent Echoes","2052.7","31345.8","29.5","29.5 CPM","","Tremorscale Visage (Tremorscale)","Lucent Echoes Perfected Cuirass (Perfected Lucent Echoes)","Tremorscale Arm Cops (Tremorscale)","Lucent Echoes Perfected Gauntlets (Perfected Lucent Echoes)","","Lucent Echoes Perfected Greaves (Perfected Lucent Echoes)","Lucent Echoes Perfected Sabatons (Perfected Lucent Echoes)","","Ring of the Turning Tide (Turning Tide)","Ring of the Turning Tide (Turning Tide)","Sword of the Turning Tide (Turning Tide)","Shield of the Turning Tide (Turning Tide)","Ice Staff of the Turning Tide (Turning Tide)"," ()","Blood of the Green Dragon","Hearth and Home","Blinding Flare","Leashing Soul","Pierce Armor","Temporal Guard","Inner Rage","Cauterize","Molten Armaments","Igneous Shield","Earthshield Mantle","Reviving Barrier"
"Sanctum Ophidia","The Serpent","https://www.esologs.com/reports/ymXfCrwt4db9GKxn#fight=15&type=summary&source=4","@Etamin88","Darkdandy","bone-living-x-crimson-oaths-rive-powerful-assault","tank","Bone","Living","x","Powerful Assault","Crimson Oath's Rive","1725.2","1807.2","22.0","22.0 CPM","","Nazaray Guise (Nazaray)","Cuirass of the Crimson Oath (Crimson Oath's Rive)","Nazaray Arm Cops (Nazaray)","Gauntlets of the Crimson Oath (Crimson Oath's Rive)","","Greaves of the Crimson Oath (Crimson Oath's Rive)","Sabatons of the Crimson Oath (Crimson Oath's Rive)","","Ring of the Powerful Assault (Powerful Assault)","Ring of the Powerful Assault (Powerful Assault)","Sword of the Powerful Assault (Powerful Assault)","Shield of the Powerful Assault (Powerful Assault)","Ice Staff of the Powerful Assault (Powerful Assault)"," ()","Pierce Armor","Hungry Scythe","Revealing Flare","Spirit Guardian","Resolving Vigor","Reviving Barrier","Inner Rage","Silver Leash","Mortal Coil","Elemental Blockade","Beckoning Armor","Aggressive Horn"
"Sanctum Ophidia","The Serpent","https://www.esologs.com/reports/ymXfCrwt4db9GKxn#fight=15&type=summary&source=4","@Etamin88","Darkdandy","bone-living-x-crimson-oaths-rive-powerful-assault","tank","Bone","Living","x","Powerful Assault","Crimson Oath's Rive","1725.8","1802.3","21.9","21.9 CPM","The Atronach","Nazaray Guise (Nazaray)","Cuirass of the Crimson Oath (Crimson Oath's Rive)","Nazaray Arm Cops (Nazaray)","Gauntlets of the Crimson Oath (Crimson Oath's Rive)","","Greaves of the Crimson Oath (Crimson Oath's Rive)","Sabatons of the Crimson Oath (Crimson Oath's Rive)","","Ring of the Powerful Assault (Powerful Assault)","Ring of the Powerful Assault (Powerful Assault)","Sword of the Powerful Assault (Powerful Assault)","Shield of the Powerful Assault (Powerful Assault)","Ice Staff of the Powerful Assault (Powerful Assault)"," ()","Pierce Armor","Hungry Scythe","Revealing Flare","Spirit Guardian","Resolving Vigor","Reviving Barrier","Inner Rage","Silver Leash","Mortal Coil","Elemental Blockade","Beckoning Armor","Aggressive Horn"
"Sanctum Ophidia","The Serpent","https://www.esologs.com/reports/ymXfCrwt4db9GKxn#fight=15&type=summary&source=6","@GabibbusDuJamal","Gabibbus","animal-green-winter-master-architect-serpents-disdain","healer","Animal","Green","Winter","Serpent's Disdain","Master Architect","5715.7","59123.7","31.8","59123.7 HPS","","Ozezan the Inferno's Guise (Ozezan the Inferno)","Robe of Serpent's Disdain (Serpent's Disdain)","Ozezan the Inferno's Epaulets (Ozezan the Inferno)","Gloves of Serpent's Disdain (Serpent's Disdain)","","Breeches of Serpent's Disdain (Serpent's Disdain)","Shoes of Serpent's Disdain (Serpent's Disdain)","","Master Architect Ring (Master Architect)","Master Architect Ring (Master Architect)","The Master's Restoration Staff (Grand Rejuvenation)"," ()","Master Architect Ice Staff (Master Architect)"," ()","Radiating Regeneration","Illustrious Healing","Mystic Orb","Budding Seeds","Combat Prayer","Eternal Guardian","Echoing Vigor","Healing Burst","Expansive Frost Cloak","Elemental Blockade","Elemental Susceptibility","Reviving Barrier"
"Sanctum Ophidia","The Serpent","https://www.esologs.com/reports/ymXfCrwt4db9GKxn#fight=15&type=summary&source=6","@GabibbusDuJamal","Gabibbus","animal-green-winter-master-architect-serpents-disdain","healer","Animal","Green","Winter","Serpent's Disdain","Master Architect","5717.1","59120.8","31.8","59120.8 HPS","The Atronach","Ozezan the Inferno's Guise (Ozezan the Inferno)","Robe of Serpent's Disdain (Serpent's Disdain)","Ozezan the Inferno's Epaulets (Ozezan the Inferno)","Gloves of Serpent's Disdain (Serpent's Disdain)","","Breeches of Serpent's Disdain (Serpent's Disdain)","Shoes of Serpent's Disdain (Serpent's Disdain)","","Master Architect Ring (Master Architect)","Master Architect Ring (Master Architect)","The Master's Restoration Staff (Grand Rejuvenation)"," ()","Master Architect Ice Staff (Master Architect)"," ()","Radiating Regeneration","Illustrious Healing","Mystic Orb","Budding Seeds","Combat Prayer","Eternal Guardian","Echoing Vigor","Healing Burst","Expansive Frost Cloak","Elemental Blockade","Elemental Susceptibility","Reviving Barrier"
"Sanctum Ophidia","The Serpent","https://www.esologs.com/reports/ymXfCrwt4db9GKxn#fight=15&type=summary&source=11","nil","Anonymous 11","animal-green-winter-master-architect-xoryns-masterpiece","healer","Animal","Green","Winter","Xoryn's Masterpiece","Master Architect","3862.3","55943.2","25.1","55943.2 HPS","","Symphony of Blades Mask (Symphony of Blades)","Xoryn's Robe (Xoryn's Masterpiece)","Symphony of Blades Epaulets (Symphony of Blades)","Xoryn's Gloves (Xoryn's Masterpiece)","","Xoryn's Breeches (Xoryn's Masterpiece)","Xoryn's Shoes (Xoryn's Masterpiece)","","Master Architect Ring (Master Architect)","Master Architect Ring (Master Architect)","Master Architect Ice Staff (Master Architect)"," ()","The Master's Restoration Staff (Grand Rejuvenation)"," ()","Elemental Blockade","Winter's Revenge","Echoing Vigor","Elemental Susceptibility","Overflowing Altar","Reviving Barrier","Budding Seeds","Illustrious Healing","Radiating Regeneration","Energy Orb","Combat Prayer","Eternal Guardian"
"Sanctum Ophidia","The Serpent","https://www.esologs.com/reports/ymXfCrwt4db9GKxn#fight=15&type=summary&source=11","nil","Anonymous 11","animal-green-winter-master-architect-xoryns-masterpiece","healer","Animal","Green","Winter","Xoryn's Masterpiece","Master Architect","3864.4","55969.3","25.1","55969.3 HPS","The Ritual","Symphony of Blades Mask (Symphony of Blades)","Xoryn's Robe (Xoryn's Masterpiece)","Symphony of Blades Epaulets (Symphony of Blades)","Xoryn's Gloves (Xoryn's Masterpiece)","","Xoryn's Breeches (Xoryn's Masterpiece)","Xoryn's Shoes (Xoryn's Masterpiece)","","Master Architect Ring (Master Architect)","Master Architect Ring (Master Architect)","Master Architect Ice Staff (Master Architect)"," ()","The Master's Restoration Staff (Grand Rejuvenation)"," ()","Elemental Blockade","Winter's Revenge","Echoing Vigor","Elemental Susceptibility","Overflowing Altar","Reviving Barrier","Budding Seeds","Illustrious Healing","Radiating Regeneration","Energy Orb","Combat Prayer","Eternal Guardian"
"Sanctum Ophidia","Trash Builds","https://www.esologs.com/reports/aYLhj3GZJdtgpWvN#fight=25&type=summary&source=18","@RedLeader99","Redleadder","ardent-earthen-herald-roar-of-alkosh-zens-redress","dps","Ardent","Earthen","Herald","Roar of Alkosh","Z'en's Redress","47331.5","4649.8","50.8","47331.5 DPS","","Slimecraw Guise (Slimecraw)","Jack of Alkosh (Roar of Alkosh)","Arm Cops of Alkosh (Roar of Alkosh)","Bracers of Alkosh (Roar of Alkosh)","","Guards of Alkosh (Roar of Alkosh)","Boots of Alkosh (Roar of Alkosh)","","Z'en's Ring (Z'en's Redress)","Z'en's Ring (Z'en's Redress)","Z'en's Dagger (Z'en's Redress)","Z'en's Dagger (Z'en's Redress)","The Maelstrom's Perfected Greatsword (Perfected Merciless Charge)"," ()","Flame Lash","Searing Claw","Magma Fist","Disintegrating Dragonfire","Barbed Trap","Flawless Dawnbreaker","Stampede","Carve","Incinerate","Shatterspike Mantle","Igneous Weapons","Standard of Might"
"Sanctum Ophidia","Trash Builds","https://www.esologs.com/reports/aYLhj3GZJdtgpWvN#fight=25&type=summary&source=18","@RedLeader99","Redleadder","ardent-earthen-herald-roar-of-alkosh-zens-redress","dps","Ardent","Earthen","Herald","Roar of Alkosh","Z'en's Redress","55052.8","1689.8","44.1","55052.8 DPS","The Thief","Slimecraw Guise (Slimecraw)","Jack of Alkosh (Roar of Alkosh)","Arm Cops of Alkosh (Roar of Alkosh)","Bracers of Alkosh (Roar of Alkosh)","","Guards of Alkosh (Roar of Alkosh)","Boots of Alkosh (Roar of Alkosh)","","Z'en's Ring (Z'en's Redress)","Z'en's Ring (Z'en's Redress)","Z'en's Dagger (Z'en's Redress)","Z'en's Dagger (Z'en's Redress)","The Maelstrom's Perfected Greatsword (Perfected Merciless Charge)"," ()","Flame Lash","Searing Claw","Magma Fist","Disintegrating Dragonfire","Barbed Trap","Flawless Dawnbreaker","Stampede","Carve","Incinerate","Shatterspike Mantle","Igneous Weapons","Standard of Might"
"Sanctum Ophidia","Trash Builds","https://www.esologs.com/reports/aYLhj3GZJdtgpWvN#fight=25&type=summary&source=1","@Gila020","Taranis Thoryn","daedric-storm-x-perfected-lucent-echoes-perfected-pearlescent-ward","dps","Daedric","Storm","x","Perfected Pearlescent Ward","Perfected Lucent Echoes","5302.6","9380.9","45.2","5302.6 DPS","The Atronach","Magma Incarnate Mask (Magma Incarnate)","Lucent Echoes Perfected Cuirass (Perfected Lucent Echoes)","Spaulder of Ruin (Spaulder of Ruin)","Lucent Echoes Perfected Gauntlets (Perfected Lucent Echoes)","","Lucent Echoes Perfected Greaves (Perfected Lucent Echoes)","Lucent Echoes Perfected Sabatons (Perfected Lucent Echoes)","","Perfected Pearlescent Ring (Perfected Pearlescent Ward)","Perfected Pearlescent Ring (Perfected Pearlescent Ward)","Perfected Pearlescent Ice Staff (Perfected Pearlescent Ward)"," ()","Perfected Pearlescent Ice Staff (Perfected Pearlescent Ward)"," ()","Vibrant Shroud","Lightning Flood","Inner Rage","Ulfsild's Contingency","Bound Aegis","Reviving Barrier","Blockade of Frost","Mystic Orb","Razor Caltrops","Boundless Storm","Leashing Soul","Summon Charged Atronach"
"Sanctum Ophidia","Trash Builds","https://www.esologs.com/reports/aYLhj3GZJdtgpWvN#fight=25&type=summary&source=1","@Gila020","Taranis Thoryn","daedric-storm-x-perfected-lucent-echoes-perfected-pearlescent-ward","healer","Daedric","Storm","x","Perfected Pearlescent Ward","Perfected Lucent Echoes","2058.8","0.0","25.6","2058.8 DPS","","Magma Incarnate Mask (Magma Incarnate)","Lucent Echoes Perfected Cuirass (Perfected Lucent Echoes)","Spaulder of Ruin (Spaulder of Ruin)","Lucent Echoes Perfected Gauntlets (Perfected Lucent Echoes)","","Lucent Echoes Perfected Greaves (Perfected Lucent Echoes)","Lucent Echoes Perfected Sabatons (Perfected Lucent Echoes)","","Perfected Pearlescent Ring (Perfected Pearlescent Ward)","Perfected Pearlescent Ring (Perfected Pearlescent Ward)","Perfected Pearlescent Ice Staff (Perfected Pearlescent Ward)"," ()","Perfected Pearlescent Ice Staff (Perfected Pearlescent Ward)"," ()","Vibrant Shroud","Lightning Flood","Inner Rage","Ulfsild's Contingency","Bound Aegis","Reviving Barrier","Blockade of Frost","Mystic Orb","Razor Caltrops","Boundless Storm","Leashing Soul","Summon Charged Atronach"
"Sanctum Ophidia","Trash Builds","https://www.esologs.com/reports/aYLhj3GZJdtgpWvN#fight=25&type=summary&source=3","@foxmillet","Bumblephant","herald-x-x-perfected-slivers-of-the-null-arca-spattering-disjunction","dps","Herald","x","x","Spattering Disjunction","Perfected Slivers of the Null Arca","266631.9","11648.3","39.5","266631.9 DPS","The Thief","Slimecraw Guise (Slimecraw)","Spattering Disjunction Jack (Spattering Disjunction)","Perfected Null Arca Arm Cops (Perfected Slivers of the Null Arca)","Spattering Disjunction Bracers (Spattering Disjunction)","","Spattering Disjunction Guards (Spattering Disjunction)","Spattering Disjunction Boots (Spattering Disjunction)","","Perfected Null Arca Ring (Perfected Slivers of the Null Arca)","Perfected Null Arca Ring (Perfected Slivers of the Null Arca)","Null Arca Dagger (Slivers of the Null Arca)","Null Arca Dagger (Slivers of the Null Arca)","The Maelstrom's Perfected Greatsword (Perfected Merciless Charge)"," ()","Barbed Trap","Quick Cloak","Cephaliarch's Flail","Pragmatic Fatecarver","Banner Bearer","Flawless Dawnbreaker","Ring of Preservation","Inspired Scholarship","Stampede","Fulminating Rune","Banner Bearer","The Languid Eye"
"Sanctum Ophidia","Trash Builds","https://www.esologs.com/reports/aYLhj3GZJdtgpWvN#fight=25&type=summary&source=3","@foxmillet","Bumblephant","herald-x-x-perfected-slivers-of-the-null-arca-spattering-disjunction","dps","Herald","x","x","Spattering Disjunction","Perfected Slivers of the Null Arca","100089.9","4486.3","37.2","100089.9 DPS","","Slimecraw Guise (Slimecraw)","Spattering Disjunction Jack (Spattering Disjunction)","Perfected Null Arca Arm Cops (Perfected Slivers of the Null Arca)","Spattering Disjunction Bracers (Spattering Disjunction)","","Spattering Disjunction Guards (Spattering Disjunction)","Spattering Disjunction Boots (Spattering Disjunction)","","Perfected Null Arca Ring (Perfected Slivers of the Null Arca)","Perfected Null Arca Ring (Perfected Slivers of the Null Arca)","Null Arca Dagger (Slivers of the Null Arca)","Null Arca Dagger (Slivers of the Null Arca)","The Maelstrom's Perfected Greatsword (Perfected Merciless Charge)"," ()","Barbed Trap","Quick Cloak","Cephaliarch's Flail","Pragmatic Fatecarver","Banner Bearer","Flawless Dawnbreaker","Ring of Preservation","Inspired Scholarship","Stampede","Fulminating Rune","Banner Bearer","The Languid Eye"
"Sanctum Ophidia","Trash Builds","https://www.esologs.com/reports/aYLhj3GZJdtgpWvN#fight=25&type=summary&source=9","@md_007","The-Healer-Master","ass-herald-spear-perfected-mora-scribes-thesis-tide-born-wildstalker","dps","Ass","Spear","Herald","Tide-Born Wildstalker","Perfected Mora Scribe's Thesis","30497.8","1929.9","50.8","30497.8 DPS","","Tide-Born Hat (Tide-Born Wildstalker)","Mora Scribe's Perfected Robe (Perfected Mora Scribe's Thesis)","Iceheart Arm Cops (Iceheart)","Mora Scribe's Perfected Gloves (Perfected Mora Scribe's Thesis)","","Mora Scribe's Perfected Breeches (Perfected Mora Scribe's Thesis)","Mora Scribe's Perfected Shoes (Perfected Mora Scribe's Thesis)","","Tide-Born Ring (Tide-Born Wildstalker)","Tide-Born Ring (Tide-Born Wildstalker)","Tide-Born Lightning Staff (Tide-Born Wildstalker)"," ()","Tide-Born Lightning Staff (Tide-Born Wildstalker)"," ()","Unstable Wall of Elements","Puncturing Sweep","Exhausting Fatecarver","Tentacular Dread","Banner Bearer","Elemental Rage","Writhing Runeblades","Blazing Spear","Inspired Scholarship","Merciless Resolve","Banner Bearer","Incapacitating Strike"
"Sanctum Ophidia","Trash Builds","https://www.esologs.com/reports/aYLhj3GZJdtgpWvN#fight=25&type=summary&source=9","@md_007","The-Healer-Master","ass-herald-spear-perfected-mora-scribes-thesis-tide-born-wildstalker","dps","Ass","Spear","Herald","Tide-Born Wildstalker","Perfected Mora Scribe's Thesis","64261.4","2075.6","32.5","64261.4 DPS","The Thief","Tide-Born Hat (Tide-Born Wildstalker)","Mora Scribe's Perfected Robe (Perfected Mora Scribe's Thesis)","Iceheart Arm Cops (Iceheart)","Mora Scribe's Perfected Gloves (Perfected Mora Scribe's Thesis)","","Mora Scribe's Perfected Breeches (Perfected Mora Scribe's Thesis)","Mora Scribe's Perfected Shoes (Perfected Mora Scribe's Thesis)","","Tide-Born Ring (Tide-Born Wildstalker)","Tide-Born Ring (Tide-Born Wildstalker)","Tide-Born Lightning Staff (Tide-Born Wildstalker)"," ()","Tide-Born Lightning Staff (Tide-Born Wildstalker)"," ()","Unstable Wall of Elements","Puncturing Sweep","Exhausting Fatecarver","Tentacular Dread","Banner Bearer","Elemental Rage","Writhing Runeblades","Blazing Spear","Inspired Scholarship","Merciless Resolve","Banner Bearer","Incapacitating Strike"
"Sanctum Ophidia","Trash Builds","https://www.esologs.com/reports/aYLhj3GZJdtgpWvN#fight=25&type=summary&source=16","@damage_1","Super Saiyajin Green God","herald-soldier-x-deadly-strike-perfected-sul-xans-torment","dps","Herald","Soldier","x","Perfected Sul-Xan's Torment","Deadly Strike","229231.8","5865.5","28.2","229231.8 DPS","The Thief","Slimecraw Guise (Slimecraw)","Perfected Jack of Sul-Xan's Torment (Perfected Sul-Xan's Torment)","Perfected Arm Cops of Sul-Xan's Torment (Perfected Sul-Xan's Torment)","Perfected Bracers of Sul-Xan's Torment (Perfected Sul-Xan's Torment)","","Perfected Guards of Sul-Xan's Torment (Perfected Sul-Xan's Torment)","Perfected Boots of Sul-Xan's Torment (Perfected Sul-Xan's Torment)","","Deadly Ring (Deadly Strike)","Deadly Ring (Deadly Strike)","Deadly Dagger (Deadly Strike)","Deadly Dagger (Deadly Strike)","The Maelstrom's Perfected Inferno Staff (Perfected Crushing Wall)"," ()","Cephaliarch's Flail","Pragmatic Fatecarver","Quick Cloak","Barbed Trap","Camouflaged Hunter","Flawless Dawnbreaker","Elemental Blockade","Cruxweaver Armor","Inspired Scholarship","Anti-Cavalry Caltrops","Proximity Detonation","The Languid Eye"
"Sanctum Ophidia","Trash Builds","https://www.esologs.com/reports/aYLhj3GZJdtgpWvN#fight=25&type=summary&source=16","@damage_1","Super Saiyajin Green God","herald-soldier-x-deadly-strike-perfected-sul-xans-torment","dps","Herald","Soldier","x","Perfected Sul-Xan's Torment","Deadly Strike","124350.7","19582.5","30.2","124350.7 DPS","","Slimecraw Guise (Slimecraw)","Perfected Jack of Sul-Xan's Torment (Perfected Sul-Xan's Torment)","Perfected Arm Cops of Sul-Xan's Torment (Perfected Sul-Xan's Torment)","Perfected Bracers of Sul-Xan's Torment (Perfected Sul-Xan's Torment)","","Perfected Guards of Sul-Xan's Torment (Perfected Sul-Xan's Torment)","Perfected Boots of Sul-Xan's Torment (Perfected Sul-Xan's Torment)","","Deadly Ring (Deadly Strike)","Deadly Ring (Deadly Strike)","Deadly Dagger (Deadly Strike)","Deadly Dagger (Deadly Strike)","The Maelstrom's Perfected Inferno Staff (Perfected Crushing Wall)"," ()","Cephaliarch's Flail","Pragmatic Fatecarver","Quick Cloak","Barbed Trap","Camouflaged Hunter","Flawless Dawnbreaker","Elemental Blockade","Cruxweaver Armor","Inspired Scholarship","Anti-Cavalry Caltrops","Proximity Detonation","The Languid Eye"
"Sanctum Ophidia","Trash Builds","https://www.esologs.com/reports/aYLhj3GZJdtgpWvN#fight=25&type=summary&source=5","@Gisleyiin","Kharjo Skyward-Eyes","grave-herald-x-corpseburster-perfected-slivers-of-the-null-arca","dps","Grave","Herald","x","Perfected Slivers of the Null Arca","Corpseburster","114119.0","3522.0","33.9","114119.0 DPS","The Thief","Slimecraw Mask (Slimecraw)","Perfected Null Arca Jack (Perfected Slivers of the Null Arca)","Mora's Whispers (Mora's Whispers)","Perfected Null Arca Bracers (Perfected Slivers of the Null Arca)","","Perfected Null Arca Guards (Perfected Slivers of the Null Arca)","Perfected Null Arca Boots (Perfected Slivers of the Null Arca)","","Corpseburster Ring (Corpseburster)","Corpseburster Ring (Corpseburster)","Corpseburster Dagger (Corpseburster)","Corpseburster Dagger (Corpseburster)","The Maelstrom's Perfected Greatsword (Perfected Merciless Charge)"," ()","Venom Skull","Blighted Blastbones","Detonating Siphon","Unnerving Boneyard","Banner Bearer","Flawless Dawnbreaker","Barbed Trap","Stampede","Carve","Skeletal Archer","Banner Bearer","Glacial Colossus"
"Sanctum Ophidia","Trash Builds","https://www.esologs.com/reports/aYLhj3GZJdtgpWvN#fight=25&type=summary&source=5","@Gisleyiin","Kharjo Skyward-Eyes","grave-herald-x-corpseburster-perfected-slivers-of-the-null-arca","dps","Grave","Herald","x","Perfected Slivers of the Null Arca","Corpseburster","63811.4","21670.5","39.5","63811.4 DPS","","Slimecraw Mask (Slimecraw)","Perfected Null Arca Jack (Perfected Slivers of the Null Arca)","Mora's Whispers (Mora's Whispers)","Perfected Null Arca Bracers (Perfected Slivers of the Null Arca)","","Perfected Null Arca Guards (Perfected Slivers of the Null Arca)","Perfected Null Arca Boots (Perfected Slivers of the Null Arca)","","Corpseburster Ring (Corpseburster)","Corpseburster Ring (Corpseburster)","Corpseburster Dagger (Corpseburster)","Corpseburster Dagger (Corpseburster)","The Maelstrom's Perfected Greatsword (Perfected Merciless Charge)"," ()","Venom Skull","Blighted Blastbones","Detonating Siphon","Unnerving Boneyard","Banner Bearer","Flawless Dawnbreaker","Barbed Trap","Stampede","Carve","Skeletal Archer","Banner Bearer","Glacial Colossus"
"Sanctum Ophidia","Trash Builds","https://www.esologs.com/reports/aYLhj3GZJdtgpWvN#fight=25&type=summary&source=10","@Jaegeron","Veloth Salothan","herald-x-x-perfected-sul-xans-torment-spattering-disjunction","dps","Herald","x","x","Perfected Sul-Xan's Torment","Spattering Disjunction","158277.5","15471.4","50.8","158277.5 DPS","The Thief","Perfected Helmet of Sul-Xan's Torment (Perfected Sul-Xan's Torment)","Spattering Disjunction Jack (Spattering Disjunction)","Slimecraw Arm Cops (Slimecraw)","Perfected Bracers of Sul-Xan's Torment (Perfected Sul-Xan's Torment)","","Perfected Guards of Sul-Xan's Torment (Perfected Sul-Xan's Torment)","Perfected Boots of Sul-Xan's Torment (Perfected Sul-Xan's Torment)","","Spattering Disjunction Ring (Spattering Disjunction)","Spattering Disjunction Ring (Spattering Disjunction)","Spattering Disjunction Dagger (Spattering Disjunction)","Spattering Disjunction Dagger (Spattering Disjunction)","The Maelstrom's Perfected Bow (Perfected Thunderous Volley)"," ()","Pragmatic Fatecarver","Cephaliarch's Flail","Quick Cloak","Camouflaged Hunter","Banner Bearer","The Languid Eye","Fulminating Rune","Proximity Detonation","Arrow Barrage","Inspired Scholarship","Banner Bearer","The Languid Eye"
"Sanctum Ophidia","Trash Builds","https://www.esologs.com/reports/aYLhj3GZJdtgpWvN#fight=25&type=summary&source=10","@Jaegeron","Veloth Salothan","herald-x-x-perfected-sul-xans-torment-spattering-disjunction","dps","Herald","x","x","Perfected Sul-Xan's Torment","Spattering Disjunction","74207.4","13528.5","25.6","74207.4 DPS","","Perfected Helmet of Sul-Xan's Torment (Perfected Sul-Xan's Torment)","Spattering Disjunction Jack (Spattering Disjunction)","Slimecraw Arm Cops (Slimecraw)","Perfected Bracers of Sul-Xan's Torment (Perfected Sul-Xan's Torment)","","Perfected Guards of Sul-Xan's Torment (Perfected Sul-Xan's Torment)","Perfected Boots of Sul-Xan's Torment (Perfected Sul-Xan's Torment)","","Spattering Disjunction Ring (Spattering Disjunction)","Spattering Disjunction Ring (Spattering Disjunction)","Spattering Disjunction Dagger (Spattering Disjunction)","Spattering Disjunction Dagger (Spattering Disjunction)","The Maelstrom's Perfected Bow (Perfected Thunderous Volley)"," ()","Pragmatic Fatecarver","Cephaliarch's Flail","Quick Cloak","Camouflaged Hunter","Banner Bearer","The Languid Eye","Fulminating Rune","Proximity Detonation","Arrow Barrage","Inspired Scholarship","Banner Bearer","The Languid Eye"
"Sanctum Ophidia","Trash Builds","https://www.esologs.com/reports/aYLhj3GZJdtgpWvN#fight=25&type=summary&source=2","nil","Anonymous 2","dark-storm-x-perfected-slivers-of-the-null-arca-savage-werewolf","dps","Dark","Storm","x","Perfected Slivers of the Null Arca","Savage Werewolf","106285.3","2568.7","62.1","106285.3 DPS","The Thief","Slimecraw Guise (Slimecraw)","Perfected Null Arca Jack (Perfected Slivers of the Null Arca)","Savage Werewolf's Arm Cops (Savage Werewolf)","Savage Werewolf's Bracers (Savage Werewolf)","","Perfected Null Arca Guards (Perfected Slivers of the Null Arca)","Perfected Null Arca Boots (Perfected Slivers of the Null Arca)","","Shattered Paths Signet (Shattered Paths Signet)","Null Arca Ring (Slivers of the Null Arca)","Savage Werewolf's Mace (Savage Werewolf)","Savage Werewolf's Mace (Savage Werewolf)"," ()"," ()","Critical Surge","Dark Deal","Hurricane","Crystal Weapon","Streak","Werewolf Berserker","","","","","",""
"Sanctum Ophidia","Trash Builds","https://www.esologs.com/reports/aYLhj3GZJdtgpWvN#fight=25&type=summary&source=2","nil","Anonymous 2","dark-storm-x-perfected-slivers-of-the-null-arca-savage-werewolf","dps","Dark","Storm","x","Perfected Slivers of the Null Arca","Savage Werewolf","48588.1","5943.0","62.7","48588.1 DPS","","Slimecraw Guise (Slimecraw)","Perfected Null Arca Jack (Perfected Slivers of the Null Arca)","Savage Werewolf's Arm Cops (Savage Werewolf)","Savage Werewolf's Bracers (Savage Werewolf)","","Perfected Null Arca Guards (Perfected Slivers of the Null Arca)","Perfected Null Arca Boots (Perfected Slivers of the Null Arca)","","Shattered Paths Signet (Shattered Paths Signet)","Null Arca Ring (Slivers of the Null Arca)","Savage Werewolf's Mace (Savage Werewolf)","Savage Werewolf's Mace (Savage Werewolf)"," ()"," ()","Critical Surge","Dark Deal","Hurricane","Crystal Weapon","Streak","Werewolf Berserker","","","","","",""
