"Trial Name","Boss Name","ESO Logs Player Link","Player Handle","Character Name","Build Slug","Role","Subclass 1","Subclass 2","Subclass 3","Signature Set 1","Signature Set 2","DPS","HPS","CPM","Primary Metric","Mundus Stone","Gear: Head","Gear: Chest","Gear: Shoulders","Gear: Hands","Gear: Waist","Gear: Legs","Gear: Feet","Gear: Necklace","Gear: Ring1","Gear: Ring2","Gear: Main_Hand","Gear: Off_Hand","Gear: Backup_Main_Hand","Gear: Backup_Off_Hand","Bar 1 Ability 1","Bar 1 Ability 2","Bar 1 Ability 3","Bar 1 Ability 4","Bar 1 Ability 5","Bar 1 Ability 6","Bar 2 Ability 1","Bar 2 Ability 2","Bar 2 Ability 3","Bar 2 Ability 4","Bar 2 Ability 5","Bar 2 Ability 6"
"Sanity's Edge","Exarchanic Yaseyla","https://www.esologs.com/reports/kNhfMVcZj9A2CtHm#fight=17&type=summary&source=6","@Boelie_1","Little-Assasin","ass-shadow-siphon-aegis-caller-perfected-slivers-of-the-null-arca","dps","Ass","Shadow","Siphon","Perfected Slivers of the Null Arca","Aegis Caller","206019.1","13305.8","65.6","206019.1 DPS","","Huntsman's Warmask (Huntsman's Warmask)","Perfected Null Arca Jack (Perfected Slivers of the Null Arca)","Slimecraw Epaulets (Slimecraw)","Perfected Null Arca Bracers (Perfected Slivers of the Null Arca)","","Perfected Null Arca Guards (Perfected Slivers of the Null Arca)","Perfected Null Arca Boots (Perfected Slivers of the Null Arca)","","Aegis Caller's Ring (Aegis Caller)","Aegis Caller's Ring (Aegis Caller)","Aegis Caller's Dagger (Aegis Caller)","Aegis Caller's Dagger (Aegis Caller)","The Maelstrom's Greatsword (Merciless Charge)"," ()","Debilitate","Surprise Attack","Relentless Focus","Killer's Blade","Shadowy Disguise","Incapacitating Strike","Stampede","Carve","Fiery Contingency (Lingering Torment / Savagery and Prophecy)","Dark Shade","Barbed Trap","Shooting Star"
"Sanity's Edge","Exarchanic Yaseyla","https://www.esologs.com/reports/kNhfMVcZj9A2CtHm#fight=17&type=summary&source=7","@Krone23","Lucifer Krone","ass-shadow-siphon-aegis-caller-perfected-slivers-of-the-null-arca","dps","Ass","Shadow","Siphon","Perfected Slivers of the Null Arca","Aegis Caller","171596.0","10681.6","56.1","171596.0 DPS","","Huntsman's Warmask (Huntsman's Warmask)","Perfected Null Arca Jack (Perfected Slivers of the Null Arca)","Ansuul's Perfected Arm Cops (Perfected Ansuul's Torment)","Perfected Null Arca Bracers (Perfected Slivers of the Null Arca)","","Perfected Null Arca Guards (Perfected Slivers of the Null Arca)","Perfected Null Arca Boots (Perfected Slivers of the Null Arca)","","Aegis Caller's Ring (Aegis Caller)","Aegis Caller's Ring (Aegis Caller)","Aegis Caller's Dagger (Aegis Caller)","Aegis Caller's Dagger (Aegis Caller)","The Maelstrom's Perfected Greatsword (Perfected Merciless Charge)"," ()","Surprise Attack","Debilitate","Killer's Blade","Relentless Focus","Shadowy Disguise","Incapacitating Strike","Stampede","Carve","Barbed Trap","Fiery Contingency (Lingering Torment / Intellect and Endurance)","Dark Shade","Incapacitating Strike"
"Sanity's Edge","Exarchanic Yaseyla","https://www.esologs.com/reports/kNhfMVcZj9A2CtHm#fight=17&type=summary&source=10","@Plectrodancer","Plebtro","ass-shadow-siphon-aegis-caller-perfected-slivers-of-the-null-arca","dps","Ass","Shadow","Siphon","Perfected Slivers of the Null Arca","Aegis Caller","213852.0","9859.9","71.8","213852.0 DPS","","Nerien'eth Mask (Nerien'eth)","Perfected Null Arca Jack (Perfected Slivers of the Null Arca)","Nerien'eth Epaulets (Nerien'eth)","Perfected Null Arca Bracers (Perfected Slivers of the Null Arca)","","Perfected Null Arca Guards (Perfected Slivers of the Null Arca)","Perfected Null Arca Boots (Perfected Slivers of the Null Arca)","","Aegis Caller's Ring (Aegis Caller)","Aegis Caller's Ring (Aegis Caller)","Aegis Caller's Dagger (Aegis Caller)","Aegis Caller's Dagger (Aegis Caller)","The Maelstrom's Perfected Greatsword (Perfected Merciless Charge)"," ()","Relentless Focus","Quick Cloak","Killer's Blade","Surprise Attack","Debilitate","Incapacitating Strike","Stampede","Shadowy Disguise","Barbed Trap","Dark Shade","Siphoning Attacks","Veil of Blades"
"Sanity's Edge","Exarchanic Yaseyla","https://www.esologs.com/reports/kNhfMVcZj9A2CtHm#fight=17&type=summary&source=2","@Veluzed","Azué","ass-shadow-siphon-aegis-caller-perfected-slivers-of-the-null-arca","dps","Ass","Shadow","Siphon","Perfected Slivers of the Null Arca","Aegis Caller","196988.0","9544.2","64.2","196988.0 DPS","","Nerien'eth Mask (Nerien'eth)","Perfected Null Arca Jack (Perfected Slivers of the Null Arca)","Nerien'eth Epaulets (Nerien'eth)","Perfected Null Arca Bracers (Perfected Slivers of the Null Arca)","","Perfected Null Arca Guards (Perfected Slivers of the Null Arca)","Perfected Null Arca Boots (Perfected Slivers of the Null Arca)","","Aegis Caller's Ring (Aegis Caller)","Aegis Caller's Ring (Aegis Caller)","Aegis Caller's Dagger (Aegis Caller)","Aegis Caller's Dagger (Aegis Caller)","The Maelstrom's Perfected Greatsword (Perfected Merciless Charge)"," ()","Killer's Blade","Debilitate","Relentless Focus","Surprise Attack","Quick Cloak","Incapacitating Strike","Dark Shade","Siphoning Attacks","Shadowy Disguise","Stampede","Barbed Trap","Shooting Star"
"Sanity's Edge","Exarchanic Yaseyla","https://www.esologs.com/reports/kNhfMVcZj9A2CtHm#fight=17&type=summary&source=12","@YellowPain60","Mean Egg","ass-shadow-siphon-aegis-caller-perfected-slivers-of-the-null-arca","dps","Ass","Shadow","Siphon","Perfected Slivers of the Null Arca","Aegis Caller","129320.0","9051.8","59.3","129320.0 DPS","","Nerien'eth Mask (Nerien'eth)","Perfected Null Arca Jack (Perfected Slivers of the Null Arca)","Nerien'eth Epaulets (Nerien'eth)","Perfected Null Arca Bracers (Perfected Slivers of the Null Arca)","","Perfected Null Arca Guards (Perfected Slivers of the Null Arca)","Perfected Null Arca Boots (Perfected Slivers of the Null Arca)","","Aegis Caller's Ring (Aegis Caller)","Aegis Caller's Ring (Aegis Caller)","Aegis Caller's Dagger (Aegis Caller)","Aegis Caller's Dagger (Aegis Caller)","The Maelstrom's Perfected Greatsword (Perfected Merciless Charge)"," ()","Surprise Attack","Relentless Focus","Killer's Blade","Power Extraction","Shadowy Disguise","Incapacitating Strike","Barbed Trap","Stampede","Anti-Cavalry Caltrops","Dark Shade","Siphoning Attacks","Shooting Star"
"Sanity's Edge","Exarchanic Yaseyla","https://www.esologs.com/reports/kNhfMVcZj9A2CtHm#fight=17&type=summary&source=9","@Scokki","Scokki","ass-shadow-siphon-aegis-caller-perfected-slivers-of-the-null-arca","dps","Ass","Shadow","Siphon","Perfected Slivers of the Null Arca","Aegis Caller","218868.6","17920.8","66.7","218868.6 DPS","","Nerien'eth Mask (Nerien'eth)","Perfected Null Arca Jack (Perfected Slivers of the Null Arca)","Nerien'eth Epaulets (Nerien'eth)","Perfected Null Arca Bracers (Perfected Slivers of the Null Arca)","","Aegis Caller's Guards (Aegis Caller)","Perfected Null Arca Boots (Perfected Slivers of the Null Arca)","","Aegis Caller's Ring (Aegis Caller)","Aegis Caller's Ring (Aegis Caller)","Aegis Caller's Dagger (Aegis Caller)","Aegis Caller's Dagger (Aegis Caller)","The Maelstrom's Perfected Greatsword (Perfected Merciless Charge)"," ()","Debilitate","Surprise Attack","Shadowy Disguise","Killer's Blade","Relentless Focus","Incapacitating Strike","Stampede","Carve","Ulfsild's Contingency","Dark Shade","Barbed Trap","Veil of Blades"
"Sanity's Edge","Exarchanic Yaseyla","https://www.esologs.com/reports/kNhfMVcZj9A2CtHm#fight=17&type=summary&source=8","@YellowPain60","Mean Egg","ass-shadow-siphon-aegis-caller-perfected-slivers-of-the-null-arca","dps","Ass","Shadow","Siphon","Perfected Slivers of the Null Arca","Aegis Caller","223194.5","21449.3","77.4","223194.5 DPS","","Velidreth Mask (Velidreth)","Perfected Null Arca Jack (Perfected Slivers of the Null Arca)","Velidreth Epaulets (Velidreth)","Perfected Null Arca Bracers (Perfected Slivers of the Null Arca)","","Perfected Null Arca Guards (Perfected Slivers of the Null Arca)","Perfected Null Arca Boots (Perfected Slivers of the Null Arca)","","Aegis Caller's Ring (Aegis Caller)","Aegis Caller's Ring (Aegis Caller)","Aegis Caller's Dagger (Aegis Caller)","Aegis Caller's Dagger (Aegis Caller)","The Maelstrom's Perfected Inferno Staff (Perfected Crushing Wall)"," ()","Surprise Attack","Relentless Focus","Killer's Blade","Power Extraction","Shadowy Disguise","Incapacitating Strike","Barbed Trap","Elemental Blockade","Anti-Cavalry Caltrops","Dark Shade","Siphoning Attacks","Shooting Star"
"Sanity's Edge","Exarchanic Yaseyla","https://www.esologs.com/reports/kNhfMVcZj9A2CtHm#fight=17&type=summary&source=8","@Xudowudo","Xuduwu","ass-shadow-siphon-aegis-caller-perfected-slivers-of-the-null-arca","dps","Ass","Shadow","Siphon","Perfected Slivers of the Null Arca","Aegis Caller","117660.6","7905.7","47.9","117660.6 DPS","","Slimecraw Guise (Slimecraw)","Perfected Null Arca Jack (Perfected Slivers of the Null Arca)","Aegis Caller's Arm Cops (Aegis Caller)","Perfected Null Arca Bracers (Perfected Slivers of the Null Arca)","","Perfected Null Arca Guards (Perfected Slivers of the Null Arca)","Perfected Null Arca Boots (Perfected Slivers of the Null Arca)","","Aegis Caller's Ring (Aegis Caller)","Aegis Caller's Ring (Aegis Caller)","Aegis Caller's Dagger (Aegis Caller)","Aegis Caller's Dagger (Aegis Caller)","The Maelstrom's Perfected Greatsword (Perfected Merciless Charge)"," ()","Debilitate","Surprise Attack","Relentless Focus","Killer's Blade","Shadowy Disguise","Incapacitating Strike","Bloody Contingency (Lingering Torment / Intellect and Endurance)","Stampede","Anti-Cavalry Caltrops","Dark Shade","Leeching Strikes","Veil of Blades"
"Sanity's Edge","Exarchanic Yaseyla","https://www.esologs.com/reports/kNhfMVcZj9A2CtHm#fight=17&type=summary&source=7","@Noneatza","Nonel Namestealer","ass-shadow-siphon-aegis-caller-perfected-slivers-of-the-null-arca","dps","Ass","Shadow","Siphon","Perfected Slivers of the Null Arca","Aegis Caller","233208.7","16520.4","75.9","233208.7 DPS","The Thief","Nerien'eth Mask (Nerien'eth)","Perfected Null Arca Jack (Perfected Slivers of the Null Arca)","Nerien'eth Arm Cops (Nerien'eth)","Perfected Null Arca Bracers (Perfected Slivers of the Null Arca)","","Perfected Null Arca Guards (Perfected Slivers of the Null Arca)","Perfected Null Arca Boots (Perfected Slivers of the Null Arca)","","Aegis Caller's Ring (Aegis Caller)","Aegis Caller's Ring (Aegis Caller)","Aegis Caller's Dagger (Aegis Caller)","Aegis Caller's Dagger (Aegis Caller)","The Maelstrom's Perfected Greatsword (Perfected Merciless Charge)"," ()","Merciless Resolve","Surprise Attack","Killer's Blade","Shadowy Disguise","Debilitate","Incapacitating Strike","Stampede","Carve","Barbed Trap","Siphoning Attacks","Dark Shade","Shooting Star"
"Sanity's Edge","Exarchanic Yaseyla","https://www.esologs.com/reports/kNhfMVcZj9A2CtHm#fight=17&type=summary&source=18","@Drkif","ßarkod","ass-shadow-siphon-aegis-caller-perfected-slivers-of-the-null-arca","dps","Ass","Shadow","Siphon","Perfected Slivers of the Null Arca","Aegis Caller","169171.9","14606.2","62.4","169171.9 DPS","","Huntsman's Warmask (Huntsman's Warmask)","Perfected Null Arca Jack (Perfected Slivers of the Null Arca)","Slimecraw Epaulets (Slimecraw)","Perfected Null Arca Bracers (Perfected Slivers of the Null Arca)","","Perfected Null Arca Guards (Perfected Slivers of the Null Arca)","Perfected Null Arca Boots (Perfected Slivers of the Null Arca)","","Aegis Caller's Ring (Aegis Caller)","Aegis Caller's Ring (Aegis Caller)","Aegis Caller's Dagger (Aegis Caller)","Aegis Caller's Dagger (Aegis Caller)","The Maelstrom's Perfected Greatsword (Perfected Merciless Charge)"," ()","Surprise Attack","Shadowy Disguise","Killer's Blade","Relentless Focus","Debilitate","Incapacitating Strike","Siphoning Attacks","Stampede","Carve","Barbed Trap","Dark Shade","Veil of Blades"
"Sanity's Edge","Exarchanic Yaseyla","https://www.esologs.com/reports/kNhfMVcZj9A2CtHm#fight=17&type=summary&source=79","nil","Anonymous 79","ass-shadow-siphon-aegis-caller-perfected-slivers-of-the-null-arca","dps","Ass","Shadow","Siphon","Perfected Slivers of the Null Arca","Aegis Caller","110167.6","14001.7","68.4","110167.6 DPS","","Zaan Guise (Zaan)","Perfected Null Arca Jack (Perfected Slivers of the Null Arca)","Aegis Caller's Arm Cops (Aegis Caller)","Perfected Null Arca Bracers (Perfected Slivers of the Null Arca)","","Perfected Null Arca Guards (Perfected Slivers of the Null Arca)","Perfected Null Arca Boots (Perfected Slivers of the Null Arca)","","Aegis Caller's Ring (Aegis Caller)","Aegis Caller's Ring (Aegis Caller)","Aegis Caller's Dagger (Aegis Caller)","Aegis Caller's Dagger (Aegis Caller)","The Maelstrom's Perfected Greatsword (Perfected Merciless Charge)"," ()","Relentless Focus","Debilitate","Shadowy Disguise","Surprise Attack","Killer's Blade","Incapacitating Strike","Stampede","Barbed Trap","Ulfsild's Contingency","Dark Shade","Carve","Ice Comet"
"Sanity's Edge","Exarchanic Yaseyla","https://www.esologs.com/reports/kNhfMVcZj9A2CtHm#fight=17&type=summary&source=7","@Master_Merlyn","Master Merlyn","ass-shadow-siphon-aegis-caller-perfected-slivers-of-the-null-arca","dps","Ass","Shadow","Siphon","Perfected Slivers of the Null Arca","Aegis Caller","149911.0","12944.6","65.2","149911.0 DPS","","Zaan Guise (Zaan)","Perfected Null Arca Jack (Perfected Slivers of the Null Arca)","Perfected Null Arca Arm Cops (Perfected Slivers of the Null Arca)","Perfected Null Arca Bracers (Perfected Slivers of the Null Arca)","","Aegis Caller's Guards (Aegis Caller)","Perfected Null Arca Boots (Perfected Slivers of the Null Arca)","","Aegis Caller's Ring (Aegis Caller)","Aegis Caller's Ring (Aegis Caller)","Aegis Caller's Dagger (Aegis Caller)","Aegis Caller's Dagger (Aegis Caller)","The Maelstrom's Perfected Inferno Staff (Perfected Crushing Wall)"," ()","Killer's Blade","Siphoning Attacks","Silver Shards","Quick Cloak","Relentless Focus","Incapacitating Strike","Dark Shade","Shadowy Disguise","Elemental Blockade","Twisting Path","Anti-Cavalry Caltrops","Elemental Rage"
"Sanity's Edge","Exarchanic Yaseyla","https://www.esologs.com/reports/kNhfMVcZj9A2CtHm#fight=17&type=summary&source=5","@xiangcaiZz","hajimi hunter","ass-shadow-siphon-aegis-caller-perfected-slivers-of-the-null-arca","dps","Ass","Shadow","Siphon","Perfected Slivers of the Null Arca","Aegis Caller","123295.6","13623.3","81.3","123295.6 DPS","","Perfected Null Arca Helmet (Perfected Slivers of the Null Arca)","Perfected Null Arca Jack (Perfected Slivers of the Null Arca)","Slimecraw Epaulets (Slimecraw)","Perfected Null Arca Bracers (Perfected Slivers of the Null Arca)","","Perfected Null Arca Guards (Perfected Slivers of the Null Arca)","Perfected Null Arca Boots (Perfected Slivers of the Null Arca)","","Aegis Caller's Ring (Aegis Caller)","Aegis Caller's Ring (Aegis Caller)","Aegis Caller's Dagger (Aegis Caller)","Aegis Caller's Dagger (Aegis Caller)","The Maelstrom's Perfected Inferno Staff (Perfected Crushing Wall)"," ()","Silver Shards","Killer's Blade","Relentless Focus","Siphoning Attacks","Quick Cloak","Incapacitating Strike","Elemental Blockade","Twisting Path","Anti-Cavalry Caltrops","Shadowy Disguise","Dark Shade","Elemental Rage"
"Sanity's Edge","Exarchanic Yaseyla","https://www.esologs.com/reports/kNhfMVcZj9A2CtHm#fight=17&type=summary&source=4","@mr.r0b0t","Elvasea Saveri","ass-shadow-siphon-aegis-caller-perfected-slivers-of-the-null-arca","dps","Ass","Shadow","Siphon","Perfected Slivers of the Null Arca","Aegis Caller","107840.8","15637.9","60.7","107840.8 DPS","","Nerien'eth Mask (Nerien'eth)","Perfected Null Arca Jack (Perfected Slivers of the Null Arca)","Nerien'eth Epaulets (Nerien'eth)","Perfected Null Arca Bracers (Perfected Slivers of the Null Arca)","","Perfected Null Arca Guards (Perfected Slivers of the Null Arca)","Perfected Null Arca Boots (Perfected Slivers of the Null Arca)","","Aegis Caller's Ring (Aegis Caller)","Aegis Caller's Ring (Aegis Caller)","Aegis Caller's Dagger (Aegis Caller)","Aegis Caller's Dagger (Aegis Caller)","The Maelstrom's Perfected Inferno Staff (Perfected Crushing Wall)"," ()","Shadowy Disguise","Killer's Blade","Surprise Attack","Merciless Resolve","Debilitate","Incapacitating Strike","Barbed Trap","Anti-Cavalry Caltrops","Elemental Blockade","Dark Shade","Ulfsild's Contingency","Shooting Star"
"Sanity's Edge","Exarchanic Yaseyla","https://www.esologs.com/reports/kNhfMVcZj9A2CtHm#fight=17&type=summary&source=6","@KiwiStu","Scared of Chickens","ass-shadow-siphon-aegis-caller-perfected-slivers-of-the-null-arca","dps","Ass","Shadow","Siphon","Perfected Slivers of the Null Arca","Aegis Caller","125654.2","13243.6","71.4","125654.2 DPS","","Nerien'eth Mask (Nerien'eth)","Perfected Null Arca Jack (Perfected Slivers of the Null Arca)","Nerien'eth Arm Cops (Nerien'eth)","Perfected Null Arca Bracers (Perfected Slivers of the Null Arca)","","Perfected Null Arca Guards (Perfected Slivers of the Null Arca)","Perfected Null Arca Boots (Perfected Slivers of the Null Arca)","","Aegis Caller's Ring (Aegis Caller)","Aegis Caller's Ring (Aegis Caller)","Aegis Caller's Dagger (Aegis Caller)","Aegis Caller's Dagger (Aegis Caller)","The Maelstrom's Perfected Greatsword (Perfected Merciless Charge)"," ()","Debilitate","Shadowy Disguise","Surprise Attack","Killer's Blade","Relentless Focus","Soul Harvest","Stampede","Dark Shade","Carve","Fiery Contingency (Lingering Torment / Intellect and Endurance)","Barbed Trap","Ice Comet"
"Sanity's Edge","Exarchanic Yaseyla","https://www.esologs.com/reports/kNhfMVcZj9A2CtHm#fight=17&type=summary&source=12","@Samnons88","ggboysgg","ass-shadow-siphon-aegis-caller-perfected-slivers-of-the-null-arca","dps","Ass","Shadow","Siphon","Aegis Caller","Perfected Slivers of the Null Arca","110971.8","17179.8","66.9","110971.8 DPS","","Nerien'eth Mask (Nerien'eth)","Aegis Caller's Jack (Aegis Caller)","Nerien'eth Arm Cops (Nerien'eth)","Perfected Null Arca Bracers (Perfected Slivers of the Null Arca)","","Aegis Caller's Guards (Aegis Caller)","Perfected Null Arca Boots (Perfected Slivers of the Null Arca)","","Perfected Null Arca Ring (Perfected Slivers of the Null Arca)","Perfected Null Arca Ring (Perfected Slivers of the Null Arca)","Aegis Caller's Dagger (Aegis Caller)","Aegis Caller's Dagger (Aegis Caller)","The Maelstrom's Perfected Greatsword (Perfected Merciless Charge)"," ()","Killer's Blade","Shadowy Disguise","Swallow Soul","Surprise Attack","Relentless Focus","Incapacitating Strike","Stampede","Barbed Trap","Carve","Siphoning Attacks","Dark Shade","Shooting Star"
"Sanity's Edge","Exarchanic Yaseyla","https://www.esologs.com/reports/kNhfMVcZj9A2CtHm#fight=17&type=summary&source=11","@Raikiki","Raikomancer","grave-herald-x-corpseburster-perfected-slivers-of-the-null-arca","dps","Grave","Herald","x","Perfected Slivers of the Null Arca","Corpseburster","245735.2","6459.5","64.3","245735.2 DPS","","Slimecraw Mask (Slimecraw)","Perfected Null Arca Jack (Perfected Slivers of the Null Arca)","Perfected Null Arca Arm Cops (Perfected Slivers of the Null Arca)","Perfected Null Arca Bracers (Perfected Slivers of the Null Arca)","","Corpseburster Guards (Corpseburster)","Perfected Null Arca Boots (Perfected Slivers of the Null Arca)","","Corpseburster Ring (Corpseburster)","Corpseburster Ring (Corpseburster)","Corpseburster Dagger (Corpseburster)","Corpseburster Dagger (Corpseburster)","The Maelstrom's Perfected Greatsword (Perfected Merciless Charge)"," ()","Detonating Siphon","Unnerving Boneyard","Blighted Blastbones","Venom Skull","Shocking Banner (Class Flourish / Courage)","Glacial Colossus","Stampede","Carve","Skeletal Archer","Barbed Trap","Shocking Banner (Class Flourish / Courage)","Shooting Star"
"Sanity's Edge","Exarchanic Yaseyla","https://www.esologs.com/reports/kNhfMVcZj9A2CtHm#fight=17&type=summary&source=10","@Manitaropitas","Projectile Disfuntion","grave-herald-x-corpseburster-perfected-slivers-of-the-null-arca","dps","Grave","Herald","x","Perfected Slivers of the Null Arca","Corpseburster","227538.0","1682.0","88.9","227538.0 DPS","","Slimecraw Mask (Slimecraw)","Perfected Null Arca Jack (Perfected Slivers of the Null Arca)","Perfected Null Arca Arm Cops (Perfected Slivers of the Null Arca)","Perfected Null Arca Bracers (Perfected Slivers of the Null Arca)","","Perfected Null Arca Guards (Perfected Slivers of the Null Arca)","Perfected Null Arca Boots (Perfected Slivers of the Null Arca)","","Corpseburster Ring (Corpseburster)","Corpseburster Ring (Corpseburster)","Corpseburster Dagger (Corpseburster)","Corpseburster Dagger (Corpseburster)","The Maelstrom's Perfected Greatsword (Perfected Merciless Charge)"," ()","Avid Boneyard","Blighted Blastbones","Venom Skull","Detonating Siphon","Shocking Banner (Class Flourish / Courage)","Pestilent Colossus","Stampede","Carve","Anti-Cavalry Caltrops","Bloody Contingency (Lingering Torment / Force)","Shocking Banner (Class Flourish / Courage)","Shooting Star"
"Sanity's Edge","Exarchanic Yaseyla","https://www.esologs.com/reports/kNhfMVcZj9A2CtHm#fight=17&type=summary&source=19","@JuicyJelly","Kek Cro","grave-herald-x-corpseburster-perfected-slivers-of-the-null-arca","dps","Grave","Herald","x","Perfected Slivers of the Null Arca","Corpseburster","253169.9","9282.4","64.2","253169.9 DPS","","Slimecraw Mask (Slimecraw)","Perfected Null Arca Jack (Perfected Slivers of the Null Arca)","Perfected Null Arca Arm Cops (Perfected Slivers of the Null Arca)","Perfected Null Arca Bracers (Perfected Slivers of the Null Arca)","","Perfected Null Arca Guards (Perfected Slivers of the Null Arca)","Perfected Null Arca Boots (Perfected Slivers of the Null Arca)","","Corpseburster Ring (Corpseburster)","Corpseburster Ring (Corpseburster)","Corpseburster Dagger (Corpseburster)","Corpseburster Dagger (Corpseburster)","The Maelstrom's Perfected Greatsword (Perfected Merciless Charge)"," ()","Detonating Siphon","Blighted Blastbones","Venom Skull","Unnerving Boneyard","Banner Bearer","Flawless Dawnbreaker","Stampede","Carve","Barbed Trap","Skeletal Archer","Banner Bearer","Glacial Colossus"
"Sanity's Edge","Exarchanic Yaseyla","https://www.esologs.com/reports/kNhfMVcZj9A2CtHm#fight=17&type=summary&source=80","@GoldenFace79","Malfoy's Dad","grave-herald-x-corpseburster-perfected-slivers-of-the-null-arca","dps","Grave","Herald","x","Perfected Slivers of the Null Arca","Corpseburster","85680.7","10662.3","63.2","85680.7 DPS","","Slimecraw Mask (Slimecraw)","Perfected Null Arca Jack (Perfected Slivers of the Null Arca)","Corpseburster Epaulets (Corpseburster)","Perfected Null Arca Bracers (Perfected Slivers of the Null Arca)","","Perfected Null Arca Guards (Perfected Slivers of the Null Arca)","Perfected Null Arca Boots (Perfected Slivers of the Null Arca)","","Corpseburster Ring (Corpseburster)","Corpseburster Ring (Corpseburster)","Corpseburster Dagger (Corpseburster)","Corpseburster Dagger (Corpseburster)","The Maelstrom's Perfected Greatsword (Perfected Merciless Charge)"," ()","Unnerving Boneyard","Detonating Siphon","Blighted Blastbones","Shattering Knife","Banner Bearer","Flawless Dawnbreaker","Stampede","Skeletal Arcanist","Carve","Ulfsild's Contingency","Banner Bearer","Shooting Star"
"Sanity's Edge","Exarchanic Yaseyla","https://www.esologs.com/reports/kNhfMVcZj9A2CtHm#fight=17&type=summary&source=77","@Zwhat_x","Not Buff Sets Again","grave-herald-x-corpseburster-perfected-slivers-of-the-null-arca","dps","Grave","Herald","x","Perfected Slivers of the Null Arca","Corpseburster","132109.4","10357.3","64.0","132109.4 DPS","","Slimecraw Mask (Slimecraw)","Perfected Null Arca Jack (Perfected Slivers of the Null Arca)","Perfected Null Arca Arm Cops (Perfected Slivers of the Null Arca)","Perfected Null Arca Bracers (Perfected Slivers of the Null Arca)","","Perfected Null Arca Guards (Perfected Slivers of the Null Arca)","Perfected Null Arca Boots (Perfected Slivers of the Null Arca)","","Corpseburster Ring (Corpseburster)","Corpseburster Ring (Corpseburster)","Corpseburster Dagger (Corpseburster)","Corpseburster Dagger (Corpseburster)","The Maelstrom's Perfected Greatsword (Perfected Merciless Charge)"," ()","Unnerving Boneyard","Blighted Blastbones","Venom Skull","Detonating Siphon","Banner Bearer","Flawless Dawnbreaker","Anti-Cavalry Caltrops","Carve","Skeletal Archer","Stampede","Banner Bearer","Shooting Star"
"Sanity's Edge","Exarchanic Yaseyla","https://www.esologs.com/reports/kNhfMVcZj9A2CtHm#fight=17&type=summary&source=1","@Athic","Sadryn Aran","grave-herald-x-corpseburster-perfected-slivers-of-the-null-arca","dps","Grave","Herald","x","Perfected Slivers of the Null Arca","Corpseburster","143997.1","5733.9","55.6","143997.1 DPS","","Slimecraw Mask (Slimecraw)","Perfected Null Arca Jack (Perfected Slivers of the Null Arca)","Corpseburster Arm Cops (Corpseburster)","Perfected Null Arca Bracers (Perfected Slivers of the Null Arca)","","Perfected Null Arca Guards (Perfected Slivers of the Null Arca)","Perfected Null Arca Boots (Perfected Slivers of the Null Arca)","","Corpseburster Ring (Corpseburster)","Corpseburster Ring (Corpseburster)","Corpseburster Dagger (Corpseburster)","Corpseburster Dagger (Corpseburster)","The Maelstrom's Perfected Greatsword (Perfected Merciless Charge)"," ()","Venom Skull","Detonating Siphon","Unnerving Boneyard","Blighted Blastbones","Shocking Banner (Class Flourish / Courage)","Flawless Dawnbreaker","Skeletal Archer","Carve","Anti-Cavalry Caltrops","Stampede","Shocking Banner (Class Flourish / Courage)","Shooting Star"
"Sanity's Edge","Exarchanic Yaseyla","https://www.esologs.com/reports/6J7WyR8dpA92GmBN#fight=78&type=summary&source=11","@LauritsS","Strahlenpfeife","herald-soldier-x-deadly-strike-perfected-slivers-of-the-null-arca","dps","Herald","Soldier","x","Deadly Strike","Perfected Slivers of the Null Arca","209825.6","4455.2","29.9","209825.6 DPS","The Thief","Nerien'eth Mask (Nerien'eth)","Perfected Null Arca Jack (Perfected Slivers of the Null Arca)","Nerien'eth Epaulets (Nerien'eth)","Perfected Null Arca Bracers (Perfected Slivers of the Null Arca)","","Deadly Guards (Deadly Strike)","Perfected Null Arca Boots (Perfected Slivers of the Null Arca)","","Deadly Ring (Deadly Strike)","Deadly Ring (Deadly Strike)","Deadly Dagger (Deadly Strike)","Deadly Dagger (Deadly Strike)","The Maelstrom's Perfected Greatsword (Perfected Merciless Charge)"," ()","Barbed Trap","Cephaliarch's Flail","Exhausting Fatecarver","Quick Cloak","Camouflaged Hunter","Flawless Dawnbreaker","Fulminating Rune","Carve","Stampede","Recuperative Treatise","Cruxweaver Armor","The Languid Eye"
"Sanity's Edge","Exarchanic Yaseyla","https://www.esologs.com/reports/6J7WyR8dpA92GmBN#fight=78&type=summary&source=1","@Tos.t","Kîm-Jông-Moon","herald-soldier-x-deadly-strike-perfected-slivers-of-the-null-arca","dps","Herald","Soldier","x","Perfected Slivers of the Null Arca","Deadly Strike","110609.9","3813.5","27.8","110609.9 DPS","","Slimecraw Mask (Slimecraw)","Perfected Null Arca Jack (Perfected Slivers of the Null Arca)","Deadly Arm Cops (Deadly Strike)","Perfected Null Arca Bracers (Perfected Slivers of the Null Arca)","","Perfected Null Arca Guards (Perfected Slivers of the Null Arca)","Deadly Boots (Deadly Strike)","","Perfected Null Arca Ring (Perfected Slivers of the Null Arca)","Perfected Null Arca Ring (Perfected Slivers of the Null Arca)","Deadly Dagger (Deadly Strike)","Deadly Dagger (Deadly Strike)","The Maelstrom's Perfected Greatsword (Perfected Merciless Charge)"," ()","Quick Cloak","Cephaliarch's Flail","Pragmatic Fatecarver","Camouflaged Hunter","Banner Bearer","Flawless Dawnbreaker","Stampede","Anti-Cavalry Caltrops","Cruxweaver Armor","Inspired Scholarship","Banner Bearer","The Languid Eye"
"Sanity's Edge","Exarchanic Yaseyla","https://www.esologs.com/reports/6J7WyR8dpA92GmBN#fight=78&type=summary&source=7","@ruciake","Runmei","herald-soldier-x-deadly-strike-perfected-slivers-of-the-null-arca","dps","Herald","Soldier","x","Perfected Slivers of the Null Arca","Deadly Strike","143988.3","4243.8","23.1","143988.3 DPS","","Slimecraw Guise (Slimecraw)","Perfected Null Arca Jack (Perfected Slivers of the Null Arca)","Deadly Arm Cops (Deadly Strike)","Perfected Null Arca Bracers (Perfected Slivers of the Null Arca)","","Perfected Null Arca Guards (Perfected Slivers of the Null Arca)","Perfected Null Arca Boots (Perfected Slivers of the Null Arca)","","Deadly Ring (Deadly Strike)","Deadly Ring (Deadly Strike)","Deadly Dagger (Deadly Strike)","Deadly Dagger (Deadly Strike)","The Maelstrom's Perfected Greatsword (Perfected Merciless Charge)"," ()","Cephaliarch's Flail","Pragmatic Fatecarver","Quick Cloak","Camouflaged Hunter","Banner Bearer","Flawless Dawnbreaker","Fulminating Rune","Stampede","Inspired Scholarship","Cruxweaver Armor","Banner Bearer","The Languid Eye"
"Sanity's Edge","Exarchanic Yaseyla","https://www.esologs.com/reports/6J7WyR8dpA92GmBN#fight=78&type=summary&source=21","@xpxJp1875","'Laissez-Faire","herald-soldier-x-deadly-strike-perfected-slivers-of-the-null-arca","dps","Herald","Soldier","x","Perfected Slivers of the Null Arca","Deadly Strike","118760.1","4827.6","38.3","118760.1 DPS","","Perfected Null Arca Helmet (Perfected Slivers of the Null Arca)","Perfected Null Arca Jack (Perfected Slivers of the Null Arca)","Zaan Arm Cops (Zaan)","Perfected Null Arca Bracers (Perfected Slivers of the Null Arca)","","Perfected Null Arca Guards (Perfected Slivers of the Null Arca)","Perfected Null Arca Boots (Perfected Slivers of the Null Arca)","","Deadly Ring (Deadly Strike)","Deadly Ring (Deadly Strike)","Deadly Dagger (Deadly Strike)","Deadly Dagger (Deadly Strike)","The Maelstrom's Perfected Greatsword (Perfected Merciless Charge)"," ()","Cephaliarch's Flail","Pragmatic Fatecarver","Quick Cloak","Camouflaged Hunter","Shocking Banner (Class Flourish / Courage)","The Languid Eye","Stampede","Cruxweaver Armor","Fulminating Rune","Inspired Scholarship","Shocking Banner (Class Flourish / Courage)","The Languid Eye"
"Sanity's Edge","Exarchanic Yaseyla","https://www.esologs.com/reports/6J7WyR8dpA92GmBN#fight=78&type=summary&source=11","@Oxi4an","Volodya Arcanist","herald-soldier-x-deadly-strike-perfected-slivers-of-the-null-arca","dps","Herald","Soldier","x","Perfected Slivers of the Null Arca","Deadly Strike","141748.9","10698.2","21.3","141748.9 DPS","","Slimecraw Guise (Slimecraw)","Perfected Null Arca Jack (Perfected Slivers of the Null Arca)","Perfected Null Arca Arm Cops (Perfected Slivers of the Null Arca)","Perfected Null Arca Bracers (Perfected Slivers of the Null Arca)","","Perfected Null Arca Guards (Perfected Slivers of the Null Arca)","Perfected Null Arca Boots (Perfected Slivers of the Null Arca)","","Deadly Ring (Deadly Strike)","Deadly Ring (Deadly Strike)","Deadly Dagger (Deadly Strike)","Deadly Dagger (Deadly Strike)","The Maelstrom's Perfected Greatsword (Perfected Merciless Charge)"," ()","Barbed Trap","Quick Cloak","Cephaliarch's Flail","Pragmatic Fatecarver","Camouflaged Hunter","Flawless Dawnbreaker","Cruxweaver Armor","Inspired Scholarship","Fulminating Rune","Stampede","Camouflaged Hunter","The Languid Eye"
"Sanity's Edge","Exarchanic Yaseyla","https://www.esologs.com/reports/kNhfMVcZj9A2CtHm#fight=17&type=summary&source=1","@NeuroniXx","Golden Guard Neuronix","animal-green-winter-perfected-pillagers-profit-serpents-disdain","tank","Animal","Green","Winter","Serpent's Disdain","Perfected Pillager's Profit","4453.4","17555.1","49.8","49.8 CPM","","Nazaray Visage (Nazaray)","Cuirass of Serpent's Disdain (Serpent's Disdain)","Nazaray Pauldron (Nazaray)","Gauntlets of Serpent's Disdain (Serpent's Disdain)","","Greaves of Serpent's Disdain (Serpent's Disdain)","Sabatons of Serpent's Disdain (Serpent's Disdain)","","Perfected Pillager's Band (Perfected Pillager's Profit)","Perfected Pillager's Band (Perfected Pillager's Profit)","Ice Staff of Aetherial Ascension (Aetherial Ascension)"," ()","Perfected Pillager's Ice Staff (Perfected Pillager's Profit)"," ()","Polar Wind","Warding Contingency (Gladiator's Tenacity / Protection)","Inner Rage","Budding Seeds","Expansive Frost Cloak","Wild Guardian","Blockade of Frost","Elemental Susceptibility","Leashing Soul (Druid's Resurgence / Vitality)","Crushing Shock","Bull Netch","Aggressive Horn"
"Sanity's Edge","Exarchanic Yaseyla","https://www.esologs.com/reports/kNhfMVcZj9A2CtHm#fight=17&type=summary&source=6","@Silene-Armeria","Daphnée Jolibois","animal-green-winter-perfected-pillagers-profit-serpents-disdain","healer","Animal","Green","Winter","Serpent's Disdain","Perfected Pillager's Profit","20659.5","125548.2","78.2","125548.2 HPS","The Thief","Ozezan the Inferno's Mask (Ozezan the Inferno)","Jerkin of Serpent's Disdain (Serpent's Disdain)","Spaulder of Ruin (Spaulder of Ruin)","Gloves of Serpent's Disdain (Serpent's Disdain)","","Breeches of Serpent's Disdain (Serpent's Disdain)","Shoes of Serpent's Disdain (Serpent's Disdain)","","Perfected Pillager's Band (Perfected Pillager's Profit)","Perfected Pillager's Band (Perfected Pillager's Profit)","The Master's Perfected Restoration Staff (Perfected Grand Rejuvenation)"," ()","Perfected Pillager's Ice Staff (Perfected Pillager's Profit)"," ()","Lotus Blossom","Illustrious Healing","Combat Prayer","Echoing Vigor","Arctic Blast","Eternal Guardian","Elemental Susceptibility","Budding Seeds","Elemental Blockade","Overflowing Altar","Expansive Frost Cloak","Reviving Barrier"
"Sanity's Edge","Exarchanic Yaseyla","https://www.esologs.com/reports/kNhfMVcZj9A2CtHm#fight=17&type=summary&source=3","@norncat","Buffs and Stuff","animal-green-winter-perfected-pillagers-profit-serpents-disdain","healer","Animal","Green","Winter","Serpent's Disdain","Perfected Pillager's Profit","5656.8","97733.5","48.6","97733.5 HPS","","Nazaray Guise (Nazaray)","Cuirass of Serpent's Disdain (Serpent's Disdain)","Nazaray Epaulets (Nazaray)","Gloves of Serpent's Disdain (Serpent's Disdain)","","Breeches of Serpent's Disdain (Serpent's Disdain)","Shoes of Serpent's Disdain (Serpent's Disdain)","","Perfected Pillager's Band (Perfected Pillager's Profit)","Perfected Pillager's Band (Perfected Pillager's Profit)","The Master's Perfected Restoration Staff (Perfected Grand Rejuvenation)"," ()","Perfected Pillager's Ice Staff (Perfected Pillager's Profit)"," ()","Combat Prayer","Budding Seeds","Radiating Regeneration","Illustrious Healing","Expansive Frost Cloak","Wild Guardian","Elemental Susceptibility","Elemental Blockade","Lotus Blossom","Echoing Vigor","Overflowing Altar","Aggressive Horn"
"Sanity's Edge","Exarchanic Yaseyla","https://www.esologs.com/reports/kNhfMVcZj9A2CtHm#fight=17&type=summary&source=1","@Sir_Loki","Count Loki","animal-green-winter-perfected-pillagers-profit-serpents-disdain","tank","Animal","Green","Winter","Serpent's Disdain","Perfected Pillager's Profit","3882.2","28255.0","40.3","40.3 CPM","","Nazaray Visage (Nazaray)","Cuirass of Serpent's Disdain (Serpent's Disdain)","Nazaray Epaulets (Nazaray)","Gauntlets of Serpent's Disdain (Serpent's Disdain)","","Greaves of Serpent's Disdain (Serpent's Disdain)","Sabatons of Serpent's Disdain (Serpent's Disdain)","","Perfected Pillager's Band (Perfected Pillager's Profit)","Perfected Pillager's Band (Perfected Pillager's Profit)","Druid's Sword (Druid's Braid)","Shield of the Trainee (Armor of the Trainee)","Perfected Pillager's Ice Staff (Perfected Pillager's Profit)"," ()","Leashing Soul","Budding Seeds","Goading Throw","Polar Wind","Ulfsild's Contingency","Wild Guardian","Expansive Frost Cloak","Elemental Blockade","Elemental Susceptibility","Crushing Shock","Overflowing Altar","Aggressive Horn"
"Sanity's Edge","Exarchanic Yaseyla","https://www.esologs.com/reports/kNhfMVcZj9A2CtHm#fight=17&type=summary&source=3","@BriBellz","pls don't die","animal-green-winter-perfected-pillagers-profit-serpents-disdain","healer","Animal","Green","Winter","Perfected Pillager's Profit","Serpent's Disdain","6574.9","82249.8","55.4","82249.8 HPS","","Nazaray Mask (Nazaray)","Perfected Pillager's Jerkin (Perfected Pillager's Profit)","Nazaray Epaulets (Nazaray)","Gloves of Serpent's Disdain (Serpent's Disdain)","","Perfected Pillager's Breeches (Perfected Pillager's Profit)","Shoes of Serpent's Disdain (Serpent's Disdain)","","Ring of Serpent's Disdain (Serpent's Disdain)","Ring of Serpent's Disdain (Serpent's Disdain)","The Master's Perfected Restoration Staff (Perfected Grand Rejuvenation)"," ()","Perfected Pillager's Ice Staff (Perfected Pillager's Profit)"," ()","Illustrious Healing","Combat Prayer","Radiating Regeneration","Budding Seeds","Inner Light","Eternal Guardian","Mystic Orb","Blockade of Frost","Echoing Vigor","Expansive Frost Cloak","Elemental Susceptibility","Aggressive Horn"
"Sanity's Edge","Exarchanic Yaseyla","https://www.esologs.com/reports/n3phMD2tNkTxCA17#fight=72&type=summary&source=2","@Ov3r'M","Lapis Over","daedric-storm-x-perfected-pearlescent-ward-the-morag-tong","tank","Daedric","Storm","x","The Morag Tong","Perfected Pearlescent Ward","9175.7","17871.0","64.7","64.7 CPM","","Magma Incarnate Visage (Magma Incarnate)","Cryptcanon Vestments (Cryptcanon Vestments)","Perfected Pearlescent Pauldrons (Perfected Pearlescent Ward)","Perfected Pearlescent Gauntlets (Perfected Pearlescent Ward)","","Perfected Pearlescent Greaves (Perfected Pearlescent Ward)","Perfected Pearlescent Sabatons (Perfected Pearlescent Ward)","","Ring of the Morag Tong (The Morag Tong)","Ring of the Morag Tong (The Morag Tong)","Dagger of the Morag Tong (The Morag Tong)","Dagger of the Morag Tong (The Morag Tong)","Ice Staff of the Morag Tong (The Morag Tong)"," ()","Shattering Knife","Leashing Soul","Ulfsild's Contingency","Vibrant Shroud","Bound Aegis","Replenishing Barrier","Inner Rage","Elemental Blockade","Regenerative Ward","Elemental Susceptibility","Ball of Lightning","Replenishing Barrier"
"Sanity's Edge","Exarchanic Yaseyla","https://www.esologs.com/reports/n3phMD2tNkTxCA17#fight=72&type=summary&source=5","@aeonsjenni","Tørrent","daedric-storm-x-perfected-pearlescent-ward-the-morag-tong","tank","Daedric","Storm","x","Perfected Pearlescent Ward","The Morag Tong","14200.2","17368.8","45.6","45.6 CPM","The Thief","Baron Zaudrus Visage (Baron Zaudrus)","Perfected Pearlescent Cuirass (Perfected Pearlescent Ward)","Baron Zaudrus Epaulets (Baron Zaudrus)","Perfected Pearlescent Gauntlets (Perfected Pearlescent Ward)","","Perfected Pearlescent Greaves (Perfected Pearlescent Ward)","Perfected Pearlescent Sabatons (Perfected Pearlescent Ward)","","Ring of the Morag Tong (The Morag Tong)","Ring of the Morag Tong (The Morag Tong)","Ice Staff of the Morag Tong (The Morag Tong)"," ()","The Maelstrom's Perfected Ice Staff (Perfected Crushing Wall)"," ()","Vibrant Shroud","Inner Rage","Hardened Ward","Ball of Lightning","Crushing Shock","Reviving Barrier","Blockade of Frost","Elemental Susceptibility","Warding Contingency (Gladiator's Tenacity / Protection)","Echoing Vigor","Liquid Lightning","Summon Charged Atronach"
"Sanity's Edge","Exarchanic Yaseyla","https://www.esologs.com/reports/bNqKX6BrgjnvhF9y#fight=14&type=summary&source=16","@iTzChainz","Sorc Chainz","daedric-storm-x-perfected-pearlescent-ward-war-machine","tank","Daedric","Storm","x","Perfected Pearlescent Ward","War Machine","5181.4","18820.3","61.7","61.7 CPM","","Nazaray Mask (Nazaray)","Perfected Pearlescent Cuirass (Perfected Pearlescent Ward)","Nazaray Epaulets (Nazaray)","Perfected Pearlescent Gauntlets (Perfected Pearlescent Ward)","","Perfected Pearlescent Greaves (Perfected Pearlescent Ward)","Perfected Pearlescent Sabatons (Perfected Pearlescent Ward)","","War Machine Ring (War Machine)","War Machine Ring (War Machine)","Olorime's Perfected Sword (Perfected Vestment of Olorime)","Olorime's Perfected Shield (Perfected Vestment of Olorime)","War Machine Ice Staff (War Machine)"," ()","Inner Rage","Hardened Ward","Ball of Lightning","Leashing Soul","Ulfsild's Contingency","Barrier","Elemental Blockade","Elemental Susceptibility","Vibrant Shroud","Crushing Shock","Bound Aegis","Aggressive Horn"
"Sanity's Edge","Exarchanic Yaseyla","https://www.esologs.com/reports/bNqKX6BrgjnvhF9y#fight=14&type=summary&source=5","@ImpostorSyndrome","Eustis","daedric-storm-x-perfected-pearlescent-ward-war-machine","tank","Daedric","Storm","x","War Machine","Perfected Pearlescent Ward","8712.1","23942.8","61.7","61.7 CPM","The Thief","Magma Incarnate Mask (Magma Incarnate)","Perfected Pearlescent Cuirass (Perfected Pearlescent Ward)","Spaulder of Ruin (Spaulder of Ruin)","Perfected Pearlescent Gauntlets (Perfected Pearlescent Ward)","","Perfected Pearlescent Greaves (Perfected Pearlescent Ward)","Perfected Pearlescent Sabatons (Perfected Pearlescent Ward)","","War Machine Ring (War Machine)","War Machine Ring (War Machine)","War Machine Ice Staff (War Machine)"," ()","War Machine Ice Staff (War Machine)"," ()","Inner Rage","Regenerative Ward","Leashing Soul","Crushing Shock","Warding Burst","Reviving Barrier","Elemental Blockade","Elemental Susceptibility","Sundering Trample","Lightning Flood","Bound Aegis","Summon Charged Atronach"
"Sanity's Edge","Spiral Descender","https://www.esologs.com/reports/kNhfMVcZj9A2CtHm#fight=37&type=summary&source=6","@Boelie_1","Little-Assasin","ass-shadow-siphon-aegis-caller-perfected-slivers-of-the-null-arca","dps","Ass","Shadow","Siphon","Perfected Slivers of the Null Arca","Aegis Caller","231570.5","38518.9","91.3","231570.5 DPS","","Huntsman's Warmask (Huntsman's Warmask)","Perfected Null Arca Jack (Perfected Slivers of the Null Arca)","Slimecraw Epaulets (Slimecraw)","Perfected Null Arca Bracers (Perfected Slivers of the Null Arca)","","Perfected Null Arca Guards (Perfected Slivers of the Null Arca)","Perfected Null Arca Boots (Perfected Slivers of the Null Arca)","","Aegis Caller's Ring (Aegis Caller)","Aegis Caller's Ring (Aegis Caller)","Aegis Caller's Dagger (Aegis Caller)","Aegis Caller's Dagger (Aegis Caller)","The Maelstrom's Greatsword (Merciless Charge)"," ()","Debilitate","Surprise Attack","Relentless Focus","Killer's Blade","Shadowy Disguise","Incapacitating Strike","Stampede","Carve","Fiery Contingency (Lingering Torment / Savagery and Prophecy)","Dark Shade","Barbed Trap","Shooting Star"
"Sanity's Edge","Spiral Descender","https://www.esologs.com/reports/kNhfMVcZj9A2CtHm#fight=37&type=summary&source=7","@Krone23","Lucifer Krone","ass-shadow-siphon-aegis-caller-perfected-slivers-of-the-null-arca","dps","Ass","Shadow","Siphon","Perfected Slivers of the Null Arca","Aegis Caller","202521.8","25294.6","62.5","202521.8 DPS","","Huntsman's Warmask (Huntsman's Warmask)","Perfected Null Arca Jack (Perfected Slivers of the Null Arca)","Ansuul's Perfected Arm Cops (Perfected Ansuul's Torment)","Perfected Null Arca Bracers (Perfected Slivers of the Null Arca)","","Perfected Null Arca Guards (Perfected Slivers of the Null Arca)","Perfected Null Arca Boots (Perfected Slivers of the Null Arca)","","Aegis Caller's Ring (Aegis Caller)","Aegis Caller's Ring (Aegis Caller)","Aegis Caller's Dagger (Aegis Caller)","Aegis Caller's Dagger (Aegis Caller)","The Maelstrom's Perfected Greatsword (Perfected Merciless Charge)"," ()","Surprise Attack","Debilitate","Killer's Blade","Relentless Focus","Shadowy Disguise","Incapacitating Strike","Stampede","Carve","Barbed Trap","Fiery Contingency (Lingering Torment / Intellect and Endurance)","Dark Shade","Incapacitating Strike"
"Sanity's Edge","Spiral Descender","https://www.esologs.com/reports/kNhfMVcZj9A2CtHm#fight=37&type=summary&source=12","@YellowPain60","Mean Egg","ass-shadow-siphon-aegis-caller-perfected-slivers-of-the-null-arca","dps","Ass","Shadow","Siphon","Perfected Slivers of the Null Arca","Aegis Caller","204363.4","14484.0","64.1","204363.4 DPS","","Huntsman's Warmask (Huntsman's Warmask)","Perfected Null Arca Jack (Perfected Slivers of the Null Arca)","Slimecraw Epaulets (Slimecraw)","Perfected Null Arca Bracers (Perfected Slivers of the Null Arca)","","Perfected Null Arca Guards (Perfected Slivers of the Null Arca)","Perfected Null Arca Boots (Perfected Slivers of the Null Arca)","","Aegis Caller's Ring (Aegis Caller)","Aegis Caller's Ring (Aegis Caller)","Aegis Caller's Dagger (Aegis Caller)","Aegis Caller's Dagger (Aegis Caller)","The Maelstrom's Perfected Greatsword (Perfected Merciless Charge)"," ()","Surprise Attack","Relentless Focus","Killer's Blade","Debilitate","Quick Cloak","Incapacitating Strike","Barbed Trap","Stampede","Shadowy Disguise","Dark Shade","Siphoning Attacks","Shooting Star"
"Sanity's Edge","Spiral Descender","https://www.esologs.com/reports/kNhfMVcZj9A2CtHm#fight=37&type=summary&source=8","@Str4d3r","Captain of Despair","ass-shadow-siphon-aegis-caller-perfected-slivers-of-the-null-arca","dps","Ass","Shadow","Siphon","Aegis Caller","Perfected Slivers of the Null Arca","176727.2","12427.9","77.9","176727.2 DPS","","Aegis Caller's Helmet (Aegis Caller)","Perfected Null Arca Jack (Perfected Slivers of the Null Arca)","Slimecraw Epaulets (Slimecraw)","Perfected Null Arca Bracers (Perfected Slivers of the Null Arca)","","Perfected Null Arca Guards (Perfected Slivers of the Null Arca)","Perfected Null Arca Boots (Perfected Slivers of the Null Arca)","","Aegis Caller's Ring (Aegis Caller)","Aegis Caller's Ring (Aegis Caller)","Aegis Caller's Dagger (Aegis Caller)","Aegis Caller's Dagger (Aegis Caller)","The Maelstrom's Perfected Inferno Staff (Perfected Crushing Wall)"," ()","Killer's Blade","Relentless Focus","Quick Cloak","Surprise Attack","Debilitate","Incapacitating Strike","Anti-Cavalry Caltrops","Barbed Trap","Elemental Blockade","Proximity Detonation","Dark Shade","Elemental Rage"
"Sanity's Edge","Spiral Descender","https://www.esologs.com/reports/kNhfMVcZj9A2CtHm#fight=37&type=summary&source=7","@Noneatza","Nonel Namestealer","ass-shadow-siphon-aegis-caller-perfected-slivers-of-the-null-arca","dps","Ass","Shadow","Siphon","Perfected Slivers of the Null Arca","Aegis Caller","241539.5","40364.4","76.1","241539.5 DPS","","Nerien'eth Mask (Nerien'eth)","Perfected Null Arca Jack (Perfected Slivers of the Null Arca)","Nerien'eth Arm Cops (Nerien'eth)","Perfected Null Arca Bracers (Perfected Slivers of the Null Arca)","","Perfected Null Arca Guards (Perfected Slivers of the Null Arca)","Perfected Null Arca Boots (Perfected Slivers of the Null Arca)","","Aegis Caller's Ring (Aegis Caller)","Aegis Caller's Ring (Aegis Caller)","Aegis Caller's Dagger (Aegis Caller)","Aegis Caller's Dagger (Aegis Caller)","The Maelstrom's Perfected Greatsword (Perfected Merciless Charge)"," ()","Merciless Resolve","Surprise Attack","Killer's Blade","Shadowy Disguise","Debilitate","Incapacitating Strike","Stampede","Carve","Barbed Trap","Siphoning Attacks","Dark Shade","Shooting Star"
"Sanity's Edge","Spiral Descender","https://www.esologs.com/reports/kNhfMVcZj9A2CtHm#fight=37&type=summary&source=18","@Drkif","ßarkod","ass-shadow-siphon-aegis-caller-perfected-slivers-of-the-null-arca","dps","Ass","Shadow","Siphon","Perfected Slivers of the Null Arca","Aegis Caller","165431.2","29419.8","76.1","165431.2 DPS","","Huntsman's Warmask (Huntsman's Warmask)","Perfected Null Arca Jack (Perfected Slivers of the Null Arca)","Slimecraw Epaulets (Slimecraw)","Perfected Null Arca Bracers (Perfected Slivers of the Null Arca)","","Perfected Null Arca Guards (Perfected Slivers of the Null Arca)","Perfected Null Arca Boots (Perfected Slivers of the Null Arca)","","Aegis Caller's Ring (Aegis Caller)","Aegis Caller's Ring (Aegis Caller)","Aegis Caller's Dagger (Aegis Caller)","Aegis Caller's Dagger (Aegis Caller)","The Maelstrom's Perfected Greatsword (Perfected Merciless Charge)"," ()","Surprise Attack","Shadowy Disguise","Killer's Blade","Relentless Focus","Debilitate","Incapacitating Strike","Ulfsild's Contingency","Stampede","Carve","Barbed Trap","Dark Shade","Veil of Blades"
"Sanity's Edge","Spiral Descender","https://www.esologs.com/reports/kNhfMVcZj9A2CtHm#fight=37&type=summary&source=5","@Secilina","Secílína","ass-shadow-siphon-aegis-caller-perfected-slivers-of-the-null-arca","dps","Ass","Shadow","Siphon","Aegis Caller","Perfected Slivers of the Null Arca","279423.8","16695.0","116.8","279423.8 DPS","The Thief","Huntsman's Warmask (Huntsman's Warmask)","Aegis Caller's Jack (Aegis Caller)","Slimecraw Epaulets (Slimecraw)","Aegis Caller's Bracers (Aegis Caller)","","Aegis Caller's Guards (Aegis Caller)","Aegis Caller's Boots (Aegis Caller)","","Perfected Null Arca Ring (Perfected Slivers of the Null Arca)","Perfected Null Arca Ring (Perfected Slivers of the Null Arca)","Perfected Null Arca Dagger (Perfected Slivers of the Null Arca)","Perfected Null Arca Dagger (Perfected Slivers of the Null Arca)","The Maelstrom's Perfected Greatsword (Perfected Merciless Charge)"," ()","Debilitate","Killer's Blade","Surprise Attack","Shadowy Disguise","Relentless Focus","Incapacitating Strike","Dark Shade","Carve","Stampede","Anti-Cavalry Caltrops","Barbed Trap","Elemental Rage"
"Sanity's Edge","Spiral Descender","https://www.esologs.com/reports/kNhfMVcZj9A2CtHm#fight=37&type=summary&source=6","@KiwiStu","Scared of Chickens","ass-shadow-siphon-aegis-caller-perfected-slivers-of-the-null-arca","dps","Ass","Shadow","Siphon","Perfected Slivers of the Null Arca","Aegis Caller","181186.9","37728.5","63.3","181186.9 DPS","","Nerien'eth Mask (Nerien'eth)","Perfected Null Arca Jack (Perfected Slivers of the Null Arca)","Nerien'eth Arm Cops (Nerien'eth)","Perfected Null Arca Bracers (Perfected Slivers of the Null Arca)","","Perfected Null Arca Guards (Perfected Slivers of the Null Arca)","Perfected Null Arca Boots (Perfected Slivers of the Null Arca)","","Aegis Caller's Ring (Aegis Caller)","Aegis Caller's Ring (Aegis Caller)","Aegis Caller's Dagger (Aegis Caller)","Aegis Caller's Dagger (Aegis Caller)","The Maelstrom's Perfected Greatsword (Perfected Merciless Charge)"," ()","Debilitate","Shadowy Disguise","Surprise Attack","Killer's Blade","Relentless Focus","Soul Harvest","Stampede","Dark Shade","Carve","Fiery Contingency (Lingering Torment / Intellect and Endurance)","Barbed Trap","Ice Comet"
"Sanity's Edge","Spiral Descender","https://www.esologs.com/reports/kNhfMVcZj9A2CtHm#fight=37&type=summary&source=12","@Samnons88","ggboysgg","ass-shadow-siphon-aegis-caller-perfected-slivers-of-the-null-arca","dps","Ass","Shadow","Siphon","Aegis Caller","Perfected Slivers of the Null Arca","196588.3","23664.0","66.3","196588.3 DPS","","Huntsman's Warmask (Huntsman's Warmask)","Aegis Caller's Jack (Aegis Caller)","Slimecraw Epaulets (Slimecraw)","Perfected Null Arca Bracers (Perfected Slivers of the Null Arca)","","Aegis Caller's Guards (Aegis Caller)","Perfected Null Arca Boots (Perfected Slivers of the Null Arca)","","Perfected Null Arca Ring (Perfected Slivers of the Null Arca)","Perfected Null Arca Ring (Perfected Slivers of the Null Arca)","Aegis Caller's Dagger (Aegis Caller)","Aegis Caller's Dagger (Aegis Caller)","The Maelstrom's Perfected Greatsword (Perfected Merciless Charge)"," ()","Killer's Blade","Shadowy Disguise","Debilitate","Surprise Attack","Relentless Focus","Incapacitating Strike","Stampede","Barbed Trap","Carve","Siphoning Attacks","Dark Shade","Shooting Star"
"Sanity's Edge","Spiral Descender","https://www.esologs.com/reports/kNhfMVcZj9A2CtHm#fight=37&type=summary&source=10","@Manitaropitas","Projectile Disfuntion","bone-grave-x-corpseburster-perfected-sul-xans-torment","dps","Grave","Bone","x","Perfected Sul-Xan's Torment","Corpseburster","135467.4","5195.6","115.3","135467.4 DPS","","Slimecraw Mask (Slimecraw)","Perfected Jack of Sul-Xan's Torment (Perfected Sul-Xan's Torment)","Perfected Arm Cops of Sul-Xan's Torment (Perfected Sul-Xan's Torment)","Perfected Bracers of Sul-Xan's Torment (Perfected Sul-Xan's Torment)","","Perfected Guards of Sul-Xan's Torment (Perfected Sul-Xan's Torment)","Perfected Boots of Sul-Xan's Torment (Perfected Sul-Xan's Torment)","","Corpseburster Ring (Corpseburster)","Corpseburster Ring (Corpseburster)","Corpseburster Dagger (Corpseburster)","Corpseburster Dagger (Corpseburster)","The Maelstrom's Perfected Inferno Staff (Perfected Crushing Wall)"," ()","Quick Cloak","Blighted Blastbones","Whirling Blades","Detonating Siphon","Shocking Banner (Class Flourish / Courage)","Flawless Dawnbreaker","Blockade of Fire","Proximity Detonation","Avid Boneyard","Necrotic Potency","Shocking Banner (Class Flourish / Courage)","Elemental Rage"
"Sanity's Edge","Spiral Descender","https://www.esologs.com/reports/kNhfMVcZj9A2CtHm#fight=37&type=summary&source=12","@Kwiebe-Kwibus","Wicked Prophet Mn","bone-grave-x-corpseburster-perfected-sul-xans-torment","dps","Grave","Bone","x","Corpseburster","Perfected Sul-Xan's Torment","167094.8","9443.2","96.1","167094.8 DPS","","Slimecraw Mask (Slimecraw)","Corpseburster Jack (Corpseburster)","Perfected Arm Cops of Sul-Xan's Torment (Perfected Sul-Xan's Torment)","Perfected Bracers of Sul-Xan's Torment (Perfected Sul-Xan's Torment)","","Perfected Guards of Sul-Xan's Torment (Perfected Sul-Xan's Torment)","Perfected Boots of Sul-Xan's Torment (Perfected Sul-Xan's Torment)","","Corpseburster Ring (Corpseburster)","Corpseburster Ring (Corpseburster)","Corpseburster Dagger (Corpseburster)","Corpseburster Dagger (Corpseburster)","The Maelstrom's Perfected Inferno Staff (Perfected Crushing Wall)"," ()","Quick Cloak","Detonating Siphon","Blighted Blastbones","Whirling Blades","Shocking Banner (Class Flourish / Courage)","Pestilent Colossus","Unnerving Boneyard","Blockade of Fire","Necrotic Potency","Skeletal Archer","Shocking Banner (Class Flourish / Courage)","Shooting Star"
"Sanity's Edge","Spiral Descender","https://www.esologs.com/reports/kNhfMVcZj9A2CtHm#fight=37&type=summary&source=9","@FzFrost","Lilith Melaina","bone-grave-x-corpseburster-perfected-sul-xans-torment","dps","Grave","Bone","x","Corpseburster","Perfected Sul-Xan's Torment","149881.8","4789.8","84.5","149881.8 DPS","","Slimecraw Guise (Slimecraw)","Corpseburster Jack (Corpseburster)","Corpseburster Arm Cops (Corpseburster)","Corpseburster Bracers (Corpseburster)","","Corpseburster Guards (Corpseburster)","Corpseburster Boots (Corpseburster)","","Perfected Ring of Sul-Xan's Torment (Perfected Sul-Xan's Torment)","Perfected Ring of Sul-Xan's Torment (Perfected Sul-Xan's Torment)","Perfected Dagger of Sul-Xan's Torment (Perfected Sul-Xan's Torment)","Perfected Dagger of Sul-Xan's Torment (Perfected Sul-Xan's Torment)","The Maelstrom's Perfected Greatsword (Perfected Merciless Charge)"," ()","Unnerving Boneyard","Detonating Siphon","Blighted Blastbones","Venom Skull","Banner Bearer","Pummeling Goliath","Stampede","Necrotic Potency","Ulfsild's Contingency","Skeletal Arcanist","Banner Bearer","Pestilent Colossus"
"Sanity's Edge","Spiral Descender","https://www.esologs.com/reports/kNhfMVcZj9A2CtHm#fight=37&type=summary&source=7","@LeoShogun","Hircine's Alpha L","bone-grave-x-corpseburster-perfected-sul-xans-torment","dps","Grave","Bone","x","Perfected Sul-Xan's Torment","Corpseburster","113581.5","8236.8","76.5","113581.5 DPS","","Perfected Helmet of Sul-Xan's Torment (Perfected Sul-Xan's Torment)","Perfected Jack of Sul-Xan's Torment (Perfected Sul-Xan's Torment)","Slimecraw Epaulets (Slimecraw)","Perfected Bracers of Sul-Xan's Torment (Perfected Sul-Xan's Torment)","","Perfected Guards of Sul-Xan's Torment (Perfected Sul-Xan's Torment)","Corpseburster Boots (Corpseburster)","","Corpseburster Ring (Corpseburster)","Corpseburster Ring (Corpseburster)","Corpseburster Dagger (Corpseburster)","Corpseburster Dagger (Corpseburster)","The Maelstrom's Perfected Greatsword (Perfected Merciless Charge)"," ()","Unnerving Boneyard","Ruinous Scythe","Detonating Siphon","Banner Bearer","Blighted Blastbones","Glacial Colossus","Stampede","Ulfsild's Contingency","Necrotic Potency","Banner Bearer","Skeletal Arcanist","Shooting Star"
"Sanity's Edge","Spiral Descender","https://www.esologs.com/reports/kNhfMVcZj9A2CtHm#fight=37&type=summary&source=4","@Canvolant","Golga gra-Barlos","bone-grave-x-corpseburster-perfected-sul-xans-torment","dps","Grave","Bone","x","Perfected Sul-Xan's Torment","Corpseburster","130235.5","3340.2","64.1","130235.5 DPS","","Slimecraw Guise (Slimecraw)","Perfected Jack of Sul-Xan's Torment (Perfected Sul-Xan's Torment)","Corpseburster Arm Cops (Corpseburster)","Perfected Bracers of Sul-Xan's Torment (Perfected Sul-Xan's Torment)","","Perfected Guards of Sul-Xan's Torment (Perfected Sul-Xan's Torment)","Perfected Boots of Sul-Xan's Torment (Perfected Sul-Xan's Torment)","","Corpseburster Ring (Corpseburster)","Corpseburster Ring (Corpseburster)","Corpseburster Dagger (Corpseburster)","Corpseburster Dagger (Corpseburster)","The Maelstrom's Perfected Inferno Staff (Perfected Crushing Wall)"," ()","Whirling Blades","Blighted Blastbones","Quick Cloak","Detonating Siphon","Banner Bearer","Flawless Dawnbreaker","Elemental Blockade","Necrotic Potency","Unnerving Boneyard","Skeletal Arcanist","Banner Bearer","Elemental Rage"
"Sanity's Edge","Spiral Descender","https://www.esologs.com/reports/kNhfMVcZj9A2CtHm#fight=37&type=summary&source=14","@Nutley99","Mmoorrtteemm","bone-grave-x-corpseburster-perfected-sul-xans-torment","dps","Grave","Bone","x","Perfected Sul-Xan's Torment","Corpseburster","120183.7","8300.8","96.4","120183.7 DPS","","Perfected Helmet of Sul-Xan's Torment (Perfected Sul-Xan's Torment)","Perfected Jack of Sul-Xan's Torment (Perfected Sul-Xan's Torment)","Slimecraw Arm Cops (Slimecraw)","Perfected Bracers of Sul-Xan's Torment (Perfected Sul-Xan's Torment)","","Corpseburster Guards (Corpseburster)","Perfected Boots of Sul-Xan's Torment (Perfected Sul-Xan's Torment)","","Corpseburster Ring (Corpseburster)","Corpseburster Ring (Corpseburster)","Corpseburster Dagger (Corpseburster)","Corpseburster Dagger (Corpseburster)","The Maelstrom's Perfected Inferno Staff (Perfected Crushing Wall)"," ()","Blighted Blastbones","Detonating Siphon","Quick Cloak","Whirling Blades","Camouflaged Hunter","Flawless Dawnbreaker","Elemental Blockade","Necrotic Potency","Proximity Detonation","Skeletal Archer","Blood Mist","Elemental Rage"
"Sanity's Edge","Spiral Descender","https://www.esologs.com/reports/kNhfMVcZj9A2CtHm#fight=37&type=summary&source=35","@genericvillager.exe","Bœb","bone-grave-x-corpseburster-perfected-sul-xans-torment","dps","Grave","Bone","x","Perfected Sul-Xan's Torment","Corpseburster","155142.0","12058.8","65.5","155142.0 DPS","","Perfected Helmet of Sul-Xan's Torment (Perfected Sul-Xan's Torment)","Corpseburster Jack (Corpseburster)","Slimecraw Arm Cops (Slimecraw)","Perfected Bracers of Sul-Xan's Torment (Perfected Sul-Xan's Torment)","","Perfected Guards of Sul-Xan's Torment (Perfected Sul-Xan's Torment)","Perfected Boots of Sul-Xan's Torment (Perfected Sul-Xan's Torment)","","Corpseburster Ring (Corpseburster)","Corpseburster Ring (Corpseburster)","Corpseburster Dagger (Corpseburster)","Corpseburster Dagger (Corpseburster)","The Maelstrom's Inferno Staff (Crushing Wall)"," ()","Unnerving Boneyard","Blighted Blastbones","Detonating Siphon","Whirling Blades","Banner Bearer","Flawless Dawnbreaker","Elemental Blockade","Necrotic Potency","Anti-Cavalry Caltrops","Proximity Detonation","Banner Bearer","Pestilent Colossus"
"Sanity's Edge","Spiral Descender","https://www.esologs.com/reports/kNhfMVcZj9A2CtHm#fight=37&type=summary&source=2","@arima_alone","-loxcro","bone-grave-x-corpseburster-perfected-sul-xans-torment","dps","Grave","Bone","x","Corpseburster","Perfected Sul-Xan's Torment","171349.3","12324.7","101.5","171349.3 DPS","The Thief","Corpseburster Helmet (Corpseburster)","Perfected Jack of Sul-Xan's Torment (Perfected Sul-Xan's Torment)","Slimecraw Arm Cops (Slimecraw)","Perfected Bracers of Sul-Xan's Torment (Perfected Sul-Xan's Torment)","","Perfected Guards of Sul-Xan's Torment (Perfected Sul-Xan's Torment)","Perfected Boots of Sul-Xan's Torment (Perfected Sul-Xan's Torment)","","Shattered Paths Signet (Shattered Paths Signet)","Corpseburster Ring (Corpseburster)","Corpseburster Dagger (Corpseburster)","Corpseburster Dagger (Corpseburster)","The Maelstrom's Perfected Inferno Staff (Perfected Crushing Wall)"," ()","Detonating Siphon","Blighted Blastbones","Avid Boneyard","Ruinous Scythe","Banner Bearer","Glacial Colossus","Elemental Blockade","Ulfsild's Contingency","Proximity Detonation","Skeletal Archer","Banner Bearer","Flawless Dawnbreaker"
"Sanity's Edge","Spiral Descender","https://www.esologs.com/reports/kNhfMVcZj9A2CtHm#fight=37&type=summary&source=1","@haryuzu","Ji'jiabi","bone-grave-x-corpseburster-perfected-sul-xans-torment","dps","Grave","Bone","x","Perfected Sul-Xan's Torment","Corpseburster","141818.2","6714.1","83.7","141818.2 DPS","","Slimecraw Guise (Slimecraw)","Perfected Jack of Sul-Xan's Torment (Perfected Sul-Xan's Torment)","Perfected Arm Cops of Sul-Xan's Torment (Perfected Sul-Xan's Torment)","Perfected Bracers of Sul-Xan's Torment (Perfected Sul-Xan's Torment)","","Perfected Guards of Sul-Xan's Torment (Perfected Sul-Xan's Torment)","Perfected Boots of Sul-Xan's Torment (Perfected Sul-Xan's Torment)","","Corpseburster Ring (Corpseburster)","Corpseburster Ring (Corpseburster)","Corpseburster Dagger (Corpseburster)","Corpseburster Dagger (Corpseburster)","The Maelstrom's Perfected Inferno Staff (Perfected Crushing Wall)"," ()","Blighted Blastbones","Detonating Siphon","Whirling Blades","Quick Cloak","Camouflaged Hunter","Flawless Dawnbreaker","Elemental Blockade","Proximity Detonation","Necrotic Potency","Skeletal Archer","Camouflaged Hunter","Elemental Rage"
"Sanity's Edge","Spiral Descender","https://www.esologs.com/reports/6J7WyR8dpA92GmBN#fight=42&type=summary&source=10","@Plectrodancer","Plebtro","ass-shadow-siphon-perfected-sul-xans-torment-soulcleaver","dps","Ass","Shadow","Siphon","Perfected Sul-Xan's Torment","Soulcleaver","120036.4","11785.7","44.3","120036.4 DPS","","Perfected Helmet of Sul-Xan's Torment (Perfected Sul-Xan's Torment)","Perfected Jack of Sul-Xan's Torment (Perfected Sul-Xan's Torment)","Slimecraw Arm Cops (Slimecraw)","Soulcleaver Gloves (Soulcleaver)","","Perfected Guards of Sul-Xan's Torment (Perfected Sul-Xan's Torment)","Perfected Boots of Sul-Xan's Torment (Perfected Sul-Xan's Torment)","","Soulcleaver Ring (Soulcleaver)","Soulcleaver Ring (Soulcleaver)","Soulcleaver Dagger (Soulcleaver)","Soulcleaver Dagger (Soulcleaver)","The Maelstrom's Perfected Greatsword (Perfected Merciless Charge)"," ()","Relentless Focus","Shadowy Disguise","Killer's Blade","Power Extraction","Camouflaged Hunter","Incapacitating Strike","Stampede","Dark Shade","Ulfsild's Contingency","Blood Mist","Siphoning Attacks","Veil of Blades"
"Sanity's Edge","Spiral Descender","https://www.esologs.com/reports/6J7WyR8dpA92GmBN#fight=42&type=summary&source=2","@Veluzed","Azué","ass-shadow-siphon-perfected-sul-xans-torment-soulcleaver","dps","Ass","Shadow","Siphon","Perfected Sul-Xan's Torment","Soulcleaver","114005.8","13784.0","72.5","114005.8 DPS","","Perfected Helmet of Sul-Xan's Torment (Perfected Sul-Xan's Torment)","Perfected Jack of Sul-Xan's Torment (Perfected Sul-Xan's Torment)","Slimecraw Epaulets (Slimecraw)","Perfected Bracers of Sul-Xan's Torment (Perfected Sul-Xan's Torment)","","Perfected Guards of Sul-Xan's Torment (Perfected Sul-Xan's Torment)","Perfected Boots of Sul-Xan's Torment (Perfected Sul-Xan's Torment)","","Soulcleaver Ring (Soulcleaver)","Soulcleaver Ring (Soulcleaver)","Soulcleaver Dagger (Soulcleaver)","Soulcleaver Dagger (Soulcleaver)","The Maelstrom's Perfected Inferno Staff (Perfected Crushing Wall)"," ()","Whirling Blades","Killer's Blade","Relentless Focus","Power Extraction","Quick Cloak","Thrive in Chaos","Dark Shade","Elemental Blockade","Shadowy Disguise","Proximity Detonation","Siphoning Attacks","Elemental Rage"
"Sanity's Edge","Spiral Descender","https://www.esologs.com/reports/6J7WyR8dpA92GmBN#fight=42&type=summary&source=3","@Asilvar","Ashenn-Shugar","ass-shadow-siphon-perfected-sul-xans-torment-soulcleaver","dps","Ass","Shadow","Siphon","Perfected Sul-Xan's Torment","Soulcleaver","137155.7","17106.2","93.3","137155.7 DPS","","Slimecraw Mask (Slimecraw)","Perfected Jack of Sul-Xan's Torment (Perfected Sul-Xan's Torment)","Perfected Arm Cops of Sul-Xan's Torment (Perfected Sul-Xan's Torment)","Soulcleaver Gloves (Soulcleaver)","","Perfected Guards of Sul-Xan's Torment (Perfected Sul-Xan's Torment)","Perfected Boots of Sul-Xan's Torment (Perfected Sul-Xan's Torment)","","Soulcleaver Ring (Soulcleaver)","Soulcleaver Ring (Soulcleaver)","Soulcleaver Dagger (Soulcleaver)","Soulcleaver Dagger (Soulcleaver)","The Maelstrom's Bow (Thunderous Volley)"," ()","Power Extraction","Whirling Blades","Relentless Focus","Quick Cloak","Dark Shade","Incapacitating Strike","Blood Mist","Ulfsild's Contingency","Siphoning Attacks","Endless Hail","Shadowy Disguise","Shooting Star"
"Sanity's Edge","Spiral Descender","https://www.esologs.com/reports/6J7WyR8dpA92GmBN#fight=42&type=summary&source=5","@Emsilk","Jokerlue","ass-shadow-siphon-perfected-sul-xans-torment-soulcleaver","dps","Ass","Shadow","Siphon","Perfected Sul-Xan's Torment","Soulcleaver","105427.8","9865.6","96.4","105427.8 DPS","","Slimecraw Guise (Slimecraw)","Perfected Jack of Sul-Xan's Torment (Perfected Sul-Xan's Torment)","Perfected Arm Cops of Sul-Xan's Torment (Perfected Sul-Xan's Torment)","Perfected Bracers of Sul-Xan's Torment (Perfected Sul-Xan's Torment)","","Perfected Guards of Sul-Xan's Torment (Perfected Sul-Xan's Torment)","Soulcleaver Boots (Soulcleaver)","","Soulcleaver Ring (Soulcleaver)","Soulcleaver Ring (Soulcleaver)","Soulcleaver Dagger (Soulcleaver)","Soulcleaver Dagger (Soulcleaver)","The Maelstrom's Perfected Inferno Staff (Perfected Crushing Wall)"," ()","Relentless Focus","Whirling Blades","Camouflaged Hunter","Power Extraction","Quick Cloak","Incapacitating Strike","Siphoning Attacks","Dark Shade","Elemental Blockade","Anti-Cavalry Caltrops","Shadowy Disguise","Elemental Rage"
"Sanity's Edge","Spiral Descender","https://www.esologs.com/reports/6J7WyR8dpA92GmBN#fight=42&type=summary&source=8","@YellowPain60","Mean Egg","ass-shadow-siphon-perfected-sul-xans-torment-soulcleaver","dps","Ass","Shadow","Siphon","Soulcleaver","Perfected Sul-Xan's Torment","143942.6","17781.2","84.0","143942.6 DPS","The Atronach","Soulcleaver Hat (Soulcleaver)","Perfected Jack of Sul-Xan's Torment (Perfected Sul-Xan's Torment)","Slimecraw Epaulets (Slimecraw)","Perfected Bracers of Sul-Xan's Torment (Perfected Sul-Xan's Torment)","","Perfected Guards of Sul-Xan's Torment (Perfected Sul-Xan's Torment)","Perfected Boots of Sul-Xan's Torment (Perfected Sul-Xan's Torment)","","Soulcleaver Ring (Soulcleaver)","Soulcleaver Ring (Soulcleaver)","Soulcleaver Dagger (Soulcleaver)","Soulcleaver Dagger (Soulcleaver)","The Maelstrom's Perfected Inferno Staff (Perfected Crushing Wall)"," ()","Power Extraction","Relentless Focus","Whirling Blades","Shadowy Disguise","Quick Cloak","Incapacitating Strike","Proximity Detonation","Elemental Blockade","Anti-Cavalry Caltrops","Dark Shade","Siphoning Attacks","Shooting Star"
"Sanity's Edge","Spiral Descender","https://www.esologs.com/reports/6J7WyR8dpA92GmBN#fight=42&type=summary&source=14","@Jirachi_Ex","Zevran Nightwhisper","ass-shadow-siphon-perfected-sul-xans-torment-soulcleaver","dps","Ass","Shadow","Siphon","Perfected Sul-Xan's Torment","Soulcleaver","90781.9","2746.5","80.5","90781.9 DPS","","Slimecraw Guise (Slimecraw)","Perfected Jack of Sul-Xan's Torment (Perfected Sul-Xan's Torment)","Perfected Arm Cops of Sul-Xan's Torment (Perfected Sul-Xan's Torment)","Perfected Bracers of Sul-Xan's Torment (Perfected Sul-Xan's Torment)","","Perfected Guards of Sul-Xan's Torment (Perfected Sul-Xan's Torment)","Perfected Boots of Sul-Xan's Torment (Perfected Sul-Xan's Torment)","","Soulcleaver Ring (Soulcleaver)","Soulcleaver Ring (Soulcleaver)","Soulcleaver Dagger (Soulcleaver)","Soulcleaver Dagger (Soulcleaver)","The Maelstrom's Inferno Staff (Crushing Wall)"," ()","Camouflaged Hunter","Quick Cloak","Power Extraction","Whirling Blades","Dark Shade","Incapacitating Strike","Siphoning Attacks","Shadowy Disguise","Blockade of Fire","Anti-Cavalry Caltrops","Scalding Rune","Elemental Rage"
"Sanity's Edge","Spiral Descender","https://www.esologs.com/reports/6J7WyR8dpA92GmBN#fight=42&type=summary&source=7","@akinetic","Akrin Nohara","ass-shadow-siphon-perfected-sul-xans-torment-soulcleaver","dps","Ass","Shadow","Siphon","Soulcleaver","Perfected Sul-Xan's Torment","138768.8","21748.5","84.6","138768.8 DPS","","Slimecraw Mask (Slimecraw)","Soulcleaver Jack (Soulcleaver)","Perfected Arm Cops of Sul-Xan's Torment (Perfected Sul-Xan's Torment)","Soulcleaver Bracers (Soulcleaver)","","Perfected Guards of Sul-Xan's Torment (Perfected Sul-Xan's Torment)","Perfected Boots of Sul-Xan's Torment (Perfected Sul-Xan's Torment)","","Soulcleaver Ring (Soulcleaver)","Soulcleaver Ring (Soulcleaver)","Perfected Dagger of Sul-Xan's Torment (Perfected Sul-Xan's Torment)","Perfected Dagger of Sul-Xan's Torment (Perfected Sul-Xan's Torment)","The Maelstrom's Perfected Inferno Staff (Perfected Crushing Wall)"," ()","Quick Cloak","Power Extraction","Camouflaged Hunter","Shadowy Disguise","Relentless Focus","Incapacitating Strike","Blockade of Fire","Proximity Detonation","Bloody Contingency (Gladiator's Tenacity / Vulnerability)","Siphoning Attacks","Camouflaged Hunter","Elemental Rage"
"Sanity's Edge","Spiral Descender","https://www.esologs.com/reports/6J7WyR8dpA92GmBN#fight=42&type=summary&source=79","nil","Anonymous 79","ass-shadow-siphon-perfected-sul-xans-torment-soulcleaver","dps","Ass","Shadow","Siphon","Perfected Sul-Xan's Torment","Soulcleaver","141820.1","26509.8","107.6","141820.1 DPS","","Zaan Guise (Zaan)","Perfected Jack of Sul-Xan's Torment (Perfected Sul-Xan's Torment)","Perfected Arm Cops of Sul-Xan's Torment (Perfected Sul-Xan's Torment)","Soulcleaver Bracers (Soulcleaver)","","Soulcleaver Guards (Soulcleaver)","Soulcleaver Boots (Soulcleaver)","","Soulcleaver Ring (Soulcleaver)","Soulcleaver Ring (Soulcleaver)","Dagger of Sul-Xan's Torment (Sul-Xan's Torment)","Dagger of Sul-Xan's Torment (Sul-Xan's Torment)","The Maelstrom's Perfected Inferno Staff (Perfected Crushing Wall)"," ()","Relentless Focus","Quick Cloak","Power Extraction","Whirling Blades","Dark Shade","Incapacitating Strike","Elemental Blockade","Razor Caltrops","Shadowy Disguise","Siphoning Attacks","Mist Form","Elemental Rage"
"Sanity's Edge","Spiral Descender","https://www.esologs.com/reports/kNhfMVcZj9A2CtHm#fight=37&type=summary&source=11","@Raikiki","Raikomancer","grave-herald-x-corpseburster-perfected-slivers-of-the-null-arca","dps","Grave","Herald","x","Perfected Slivers of the Null Arca","Corpseburster","253068.7","4802.8","81.7","253068.7 DPS","The Thief","Huntsman's Warmask (Huntsman's Warmask)","Perfected Null Arca Jack (Perfected Slivers of the Null Arca)","Slimecraw Arm Cops (Slimecraw)","Perfected Null Arca Bracers (Perfected Slivers of the Null Arca)","","Perfected Null Arca Guards (Perfected Slivers of the Null Arca)","Perfected Null Arca Boots (Perfected Slivers of the Null Arca)","","Corpseburster Ring (Corpseburster)","Corpseburster Ring (Corpseburster)","Corpseburster Dagger (Corpseburster)","Corpseburster Dagger (Corpseburster)","The Maelstrom's Perfected Greatsword (Perfected Merciless Charge)"," ()","Detonating Siphon","Unnerving Boneyard","Blighted Blastbones","Venom Skull","Shocking Banner (Class Flourish / Courage)","Glacial Colossus","Stampede","Carve","Skeletal Archer","Barbed Trap","Shocking Banner (Class Flourish / Courage)","Shooting Star"
"Sanity's Edge","Spiral Descender","https://www.esologs.com/reports/kNhfMVcZj9A2CtHm#fight=37&type=summary&source=4","@Pausten","Blasts your pants off","grave-herald-x-corpseburster-perfected-slivers-of-the-null-arca","dps","Grave","Herald","x","Perfected Slivers of the Null Arca","Corpseburster","199978.5","4998.0","81.7","199978.5 DPS","","Huntsman's Warmask (Huntsman's Warmask)","Perfected Null Arca Jack (Perfected Slivers of the Null Arca)","Slimecraw Arm Cops (Slimecraw)","Corpseburster Gloves (Corpseburster)","","Perfected Null Arca Guards (Perfected Slivers of the Null Arca)","Perfected Null Arca Boots (Perfected Slivers of the Null Arca)","","Perfected Null Arca Ring (Perfected Slivers of the Null Arca)","Corpseburster Ring (Corpseburster)","Corpseburster Dagger (Corpseburster)","Corpseburster Dagger (Corpseburster)","The Maelstrom's Perfected Greatsword (Perfected Merciless Charge)"," ()","Detonating Siphon","Blighted Blastbones","Unnerving Boneyard","Venom Skull","Shocking Banner (Class Flourish / Courage)","Glacial Colossus","Barbed Trap","Stampede","Carve","Anti-Cavalry Caltrops","Shocking Banner (Class Flourish / Courage)","Shooting Star"
"Sanity's Edge","Spiral Descender","https://www.esologs.com/reports/kNhfMVcZj9A2CtHm#fight=37&type=summary&source=4","@SirNom","Gina-Nose-Too-Much","grave-herald-x-corpseburster-perfected-slivers-of-the-null-arca","dps","Grave","Herald","x","Perfected Slivers of the Null Arca","Corpseburster","174393.8","12745.4","84.0","174393.8 DPS","","Huntsman's Warmask (Huntsman's Warmask)","Perfected Null Arca Jack (Perfected Slivers of the Null Arca)","Slimecraw Arm Cops (Slimecraw)","Perfected Null Arca Bracers (Perfected Slivers of the Null Arca)","","Perfected Null Arca Guards (Perfected Slivers of the Null Arca)","Perfected Null Arca Boots (Perfected Slivers of the Null Arca)","","Corpseburster Ring (Corpseburster)","Corpseburster Ring (Corpseburster)","Corpseburster Dagger (Corpseburster)","Corpseburster Dagger (Corpseburster)","The Maelstrom's Perfected Greatsword (Perfected Merciless Charge)"," ()","Unnerving Boneyard","Detonating Siphon","Blighted Blastbones","Venom Skull","Banner Bearer","Flawless Dawnbreaker","Carve","Stampede","Skeletal Archer","Barbed Trap","Banner Bearer","Glacial Colossus"
"Sanity's Edge","Spiral Descender","https://www.esologs.com/reports/kNhfMVcZj9A2CtHm#fight=37&type=summary&source=19","@JuicyJelly","Kek Cro","grave-herald-x-corpseburster-perfected-slivers-of-the-null-arca","dps","Grave","Herald","x","Perfected Slivers of the Null Arca","Corpseburster","207384.6","40716.6","64.4","207384.6 DPS","","Slimecraw Mask (Slimecraw)","Perfected Null Arca Jack (Perfected Slivers of the Null Arca)","Perfected Null Arca Arm Cops (Perfected Slivers of the Null Arca)","Perfected Null Arca Bracers (Perfected Slivers of the Null Arca)","","Perfected Null Arca Guards (Perfected Slivers of the Null Arca)","Perfected Null Arca Boots (Perfected Slivers of the Null Arca)","","Corpseburster Ring (Corpseburster)","Corpseburster Ring (Corpseburster)","Corpseburster Dagger (Corpseburster)","Corpseburster Dagger (Corpseburster)","The Maelstrom's Perfected Greatsword (Perfected Merciless Charge)"," ()","Detonating Siphon","Blighted Blastbones","Venom Skull","Unnerving Boneyard","Banner Bearer","Flawless Dawnbreaker","Stampede","Carve","Barbed Trap","Skeletal Archer","Banner Bearer","Glacial Colossus"
"Sanity's Edge","Spiral Descender","https://www.esologs.com/reports/kNhfMVcZj9A2CtHm#fight=37&type=summary&source=77","@Zwhat_x","Not Buff Sets Again","grave-herald-x-corpseburster-perfected-slivers-of-the-null-arca","dps","Grave","Herald","x","Perfected Slivers of the Null Arca","Corpseburster","180753.2","17982.4","84.2","180753.2 DPS","","Huntsman's Warmask (Huntsman's Warmask)","Perfected Null Arca Jack (Perfected Slivers of the Null Arca)","Slimecraw Arm Cops (Slimecraw)","Perfected Null Arca Bracers (Perfected Slivers of the Null Arca)","","Perfected Null Arca Guards (Perfected Slivers of the Null Arca)","Perfected Null Arca Boots (Perfected Slivers of the Null Arca)","","Corpseburster Ring (Corpseburster)","Corpseburster Ring (Corpseburster)","Corpseburster Dagger (Corpseburster)","Corpseburster Dagger (Corpseburster)","The Maelstrom's Perfected Greatsword (Perfected Merciless Charge)"," ()","Unnerving Boneyard","Blighted Blastbones","Venom Skull","Detonating Siphon","Banner Bearer","Flawless Dawnbreaker","Barbed Trap","Carve","Skeletal Archer","Stampede","Banner Bearer","Shooting Star"
"Sanity's Edge","Spiral Descender","https://www.esologs.com/reports/zr1v3kRQ2wNLAVmX#fight=7&type=summary&source=7","@stephnie","Tïaré","curative-herald-soldier-perfected-pillagers-profit-spell-power-cure","healer","Herald","Curative","Soldier","Spell Power Cure","Perfected Pillager's Profit","14782.7","109821.6","72.4","109821.6 HPS","The Atronach","The Blind Guise (The Blind)","Spell Power Cure Robe (Spell Power Cure)","The Blind Epaulets (The Blind)","Spell Power Cure Gloves (Spell Power Cure)","","Spell Power Cure Breeches (Spell Power Cure)","Spell Power Cure Shoes (Spell Power Cure)","","Perfected Pillager's Band (Perfected Pillager's Profit)","Perfected Pillager's Band (Perfected Pillager's Profit)","The Master's Perfected Restoration Staff (Perfected Grand Rejuvenation)"," ()","Perfected Pillager's Lightning Staff (Perfected Pillager's Profit)"," ()","Tidal Chakram","Radiating Regeneration","Combat Prayer","Cruxweaver Armor","Healing Springs","Dawnbreaker of Smiting","Energy Orb","Warding Contingency (Gladiator's Tenacity / Protection)","Echoing Vigor","Fulminating Rune","Blockade of Storms","Glyphic of the Tides"
"Sanity's Edge","Spiral Descender","https://www.esologs.com/reports/zr1v3kRQ2wNLAVmX#fight=7&type=summary&source=14","@Reveri'e","Gwyndolynn Silver-Mourne","bone-grave-living-master-architect-powerful-assault","healer","Grave","Bone","Living","Master Architect","Powerful Assault","7879.7","72346.3","57.3","72346.3 HPS","The Ritual","Ozezan the Inferno's Guise (Ozezan the Inferno)","Master Architect Robe (Master Architect)","Ozezan the Inferno's Epaulets (Ozezan the Inferno)","Master Architect Gloves (Master Architect)","","Master Architect Breeches (Master Architect)","Master Architect Shoes (Master Architect)","","Ring of the Powerful Assault (Powerful Assault)","Ring of the Powerful Assault (Powerful Assault)","The Master's Perfected Restoration Staff (Perfected Grand Rejuvenation)"," ()","Lightning Staff of the Powerful Assault (Powerful Assault)"," ()","Illustrious Healing","Braided Tether","Combat Prayer","Radiating Regeneration","Necrotic Potency","Reviving Barrier","Blockade of Storms","Energy Orb","Unnerving Boneyard","Echoing Vigor","Overflowing Altar","Glacial Colossus"
"Sanity's Edge","Spiral Descender","https://www.esologs.com/reports/zr1v3kRQ2wNLAVmX#fight=7&type=summary&source=4","@Roachdor","Pigeon Thrower","animal-green-winter-serpents-disdain-war-machine","tank","Animal","Green","Winter","War Machine","Serpent's Disdain","3273.4","17538.2","27.1","27.1 CPM","The Atronach","Magma Incarnate Mask (Magma Incarnate)","Cuirass of Serpent's Disdain (Serpent's Disdain)","War Machine Arm Cops (War Machine)","Gauntlets of Serpent's Disdain (Serpent's Disdain)","","Greaves of Serpent's Disdain (Serpent's Disdain)","Sabatons of Serpent's Disdain (Serpent's Disdain)","","Ring of the Wild Hunt (Ring of the Wild Hunt)","War Machine Ring (War Machine)","War Machine Ice Staff (War Machine)"," ()","War Machine Ice Staff (War Machine)"," ()","Inner Rage","Budding Seeds","Winter's Revenge","Deceptive Predator","Leashing Soul (Druid's Resurgence / Cowardice)","Reviving Barrier","Elemental Susceptibility","Charging Maneuver","Blockade of Frost","Bull Netch","Expansive Frost Cloak","Reviving Barrier"
"Sanity's Edge","Spiral Descender","https://www.esologs.com/reports/zr1v3kRQ2wNLAVmX#fight=7&type=summary&source=13","@TheMrPancake","Vibrant Shroud","daedric-dark-storm-perfected-lucent-echoes-turning-tide","tank","Dark","Daedric","Storm","Turning Tide","Perfected Lucent Echoes","1480.6","14738.1","54.3","54.3 CPM","The Atronach","Nunatak's Mask (Nunatak)","Cryptcanon Vestments (Cryptcanon Vestments)","Lucent Echoes Perfected Pauldrons (Perfected Lucent Echoes)","Gauntlets of the Turning Tide (Turning Tide)","","Greaves of the Turning Tide (Turning Tide)","Sabatons of the Turning Tide (Turning Tide)","","Lucent Echoes Perfected Ring (Perfected Lucent Echoes)","Lucent Echoes Perfected Ring (Perfected Lucent Echoes)","Ice Staff of the Turning Tide (Turning Tide)"," ()","Ice Staff of the Turning Tide (Turning Tide)"," ()","Inner Rage","Hardened Ward","Leashing Soul (Druid's Resurgence / Cowardice)","Vibrant Shroud","Ball of Lightning","Crypt Transfer","Razor Caltrops","Dark Deal","Charging Maneuver","Bound Aegis","Pulsar","Crypt Transfer"
"Sanity's Edge","Archwizard Twelvane and Chimera","https://www.esologs.com/reports/kNhfMVcZj9A2CtHm#fight=48&type=summary&source=6","@Boelie_1","Little-Assasin","ass-shadow-siphon-aegis-caller-perfected-slivers-of-the-null-arca","dps","Ass","Shadow","Siphon","Perfected Slivers of the Null Arca","Aegis Caller","225083.5","8488.6","42.7","225083.5 DPS","","Huntsman's Warmask (Huntsman's Warmask)","Perfected Null Arca Jack (Perfected Slivers of the Null Arca)","Slimecraw Epaulets (Slimecraw)","Perfected Null Arca Bracers (Perfected Slivers of the Null Arca)","","Aegis Caller's Guards (Aegis Caller)","Aegis Caller's Boots (Aegis Caller)","","Aegis Caller's Ring (Aegis Caller)","Aegis Caller's Ring (Aegis Caller)","Perfected Null Arca Bow (Perfected Slivers of the Null Arca)"," ()","The Maelstrom's Greatsword (Merciless Charge)"," ()","Debilitate","Surprise Attack","Relentless Focus","Killer's Blade","Shadowy Disguise","Incapacitating Strike","Stampede","Carve","Fiery Contingency (Lingering Torment / Savagery and Prophecy)","Dark Shade","Barbed Trap","Shooting Star"
"Sanity's Edge","Archwizard Twelvane and Chimera","https://www.esologs.com/reports/kNhfMVcZj9A2CtHm#fight=48&type=summary&source=7","@Krone23","Lucifer Krone","ass-shadow-siphon-aegis-caller-perfected-slivers-of-the-null-arca","dps","Ass","Shadow","Siphon","Perfected Slivers of the Null Arca","Aegis Caller","173966.1","8394.5","37.8","173966.1 DPS","","Huntsman's Warmask (Huntsman's Warmask)","Perfected Null Arca Jack (Perfected Slivers of the Null Arca)","Ansuul's Perfected Arm Cops (Perfected Ansuul's Torment)","Perfected Null Arca Bracers (Perfected Slivers of the Null Arca)","","Aegis Caller's Guards (Aegis Caller)","Aegis Caller's Boots (Aegis Caller)","","Aegis Caller's Ring (Aegis Caller)","Aegis Caller's Ring (Aegis Caller)","Null Arca Bow (Slivers of the Null Arca)"," ()","The Maelstrom's Perfected Greatsword (Perfected Merciless Charge)"," ()","Surprise Attack","Debilitate","Killer's Blade","Relentless Focus","Shadowy Disguise","Incapacitating Strike","Stampede","Carve","Barbed Trap","Simmering Frenzy","Dark Shade","Incapacitating Strike"
"Sanity's Edge","Archwizard Twelvane and Chimera","https://www.esologs.com/reports/kNhfMVcZj9A2CtHm#fight=48&type=summary&source=10","@Plectrodancer","Plebtro","ass-shadow-siphon-aegis-caller-perfected-slivers-of-the-null-arca","dps","Ass","Shadow","Siphon","Perfected Slivers of the Null Arca","Aegis Caller","254961.8","9408.9","54.9","254961.8 DPS","The Thief","Huntsman's Warmask (Huntsman's Warmask)","Perfected Null Arca Jack (Perfected Slivers of the Null Arca)","Slimecraw Epaulets (Slimecraw)","Perfected Null Arca Bracers (Perfected Slivers of the Null Arca)","","Perfected Null Arca Guards (Perfected Slivers of the Null Arca)","Perfected Null Arca Boots (Perfected Slivers of the Null Arca)","","Aegis Caller's Ring (Aegis Caller)","Aegis Caller's Ring (Aegis Caller)","Aegis Caller's Dagger (Aegis Caller)","Aegis Caller's Dagger (Aegis Caller)","The Maelstrom's Perfected Greatsword (Perfected Merciless Charge)"," ()","Relentless Focus","Shadowy Disguise","Killer's Blade","Surprise Attack","Debilitate","Incapacitating Strike","Stampede","Carve","Barbed Trap","Dark Shade","Echoing Vigor","Veil of Blades"
"Sanity's Edge","Archwizard Twelvane and Chimera","https://www.esologs.com/reports/kNhfMVcZj9A2CtHm#fight=48&type=summary&source=2","@Veluzed","Azué","ass-shadow-siphon-aegis-caller-perfected-slivers-of-the-null-arca","dps","Ass","Shadow","Siphon","Perfected Slivers of the Null Arca","Aegis Caller","249529.9","16359.9","50.2","249529.9 DPS","","Huntsman's Warmask (Huntsman's Warmask)","Perfected Null Arca Jack (Perfected Slivers of the Null Arca)","Slimecraw Epaulets (Slimecraw)","Perfected Null Arca Bracers (Perfected Slivers of the Null Arca)","","Perfected Null Arca Guards (Perfected Slivers of the Null Arca)","Perfected Null Arca Boots (Perfected Slivers of the Null Arca)","","Aegis Caller's Ring (Aegis Caller)","Aegis Caller's Ring (Aegis Caller)","Aegis Caller's Dagger (Aegis Caller)","Aegis Caller's Dagger (Aegis Caller)","The Maelstrom's Perfected Greatsword (Perfected Merciless Charge)"," ()","Killer's Blade","Debilitate","Relentless Focus","Surprise Attack","Shadowy Disguise","Incapacitating Strike","Dark Shade","Carve","Echoing Vigor","Stampede","Barbed Trap","Veil of Blades"
"Sanity's Edge","Archwizard Twelvane and Chimera","https://www.esologs.com/reports/kNhfMVcZj9A2CtHm#fight=48&type=summary&source=12","@YellowPain60","Mean Egg","ass-shadow-siphon-aegis-caller-perfected-slivers-of-the-null-arca","dps","Ass","Shadow","Siphon","Aegis Caller","Perfected Slivers of the Null Arca","225940.1","7448.6","59.1","225940.1 DPS","","Huntsman's Warmask (Huntsman's Warmask)","Aegis Caller's Jack (Aegis Caller)","Slimecraw Epaulets (Slimecraw)","Perfected Null Arca Bracers (Perfected Slivers of the Null Arca)","","Perfected Null Arca Guards (Perfected Slivers of the Null Arca)","Perfected Null Arca Boots (Perfected Slivers of the Null Arca)","","Aegis Caller's Ring (Aegis Caller)","Aegis Caller's Ring (Aegis Caller)","Perfected Null Arca Bow (Perfected Slivers of the Null Arca)"," ()","The Maelstrom's Perfected Greatsword (Perfected Merciless Charge)"," ()","Surprise Attack","Relentless Focus","Killer's Blade","Debilitate","Shadowy Disguise","Incapacitating Strike","Barbed Trap","Stampede","Carve","Dark Shade","Exhilarating Drain","Shooting Star"
"Sanity's Edge","Archwizard Twelvane and Chimera","https://www.esologs.com/reports/kNhfMVcZj9A2CtHm#fight=48&type=summary&source=3","@Asilvar","Ashenn-Shugar","ass-shadow-siphon-aegis-caller-perfected-slivers-of-the-null-arca","dps","Ass","Shadow","Siphon","Perfected Slivers of the Null Arca","Aegis Caller","213437.9","7142.0","60.1","213437.9 DPS","","Huntsman's Warmask (Huntsman's Warmask)","Perfected Null Arca Jack (Perfected Slivers of the Null Arca)","Zaan Epaulets (Zaan)","Perfected Null Arca Bracers (Perfected Slivers of the Null Arca)","","Perfected Null Arca Guards (Perfected Slivers of the Null Arca)","Perfected Null Arca Boots (Perfected Slivers of the Null Arca)","","Aegis Caller's Ring (Aegis Caller)","Aegis Caller's Ring (Aegis Caller)","Aegis Caller's Dagger (Aegis Caller)","Aegis Caller's Dagger (Aegis Caller)","The Maelstrom's Bow (Thunderous Volley)"," ()","Killer's Blade","Surprise Attack","Relentless Focus","Debilitate","Shadowy Disguise","Incapacitating Strike","Barbed Trap","Exhilarating Drain","Resolving Vigor","Endless Hail","Dark Shade","Veil of Blades"
"Sanity's Edge","Archwizard Twelvane and Chimera","https://www.esologs.com/reports/kNhfMVcZj9A2CtHm#fight=48&type=summary&source=9","@Scokki","Scokki","ass-shadow-siphon-aegis-caller-perfected-slivers-of-the-null-arca","dps","Ass","Shadow","Siphon","Perfected Slivers of the Null Arca","Aegis Caller","209076.2","11004.1","56.6","209076.2 DPS","","Huntsman's Warmask (Huntsman's Warmask)","Perfected Null Arca Jack (Perfected Slivers of the Null Arca)","Slimecraw Epaulets (Slimecraw)","Perfected Null Arca Bracers (Perfected Slivers of the Null Arca)","","Aegis Caller's Guards (Aegis Caller)","Perfected Null Arca Boots (Perfected Slivers of the Null Arca)","","Aegis Caller's Ring (Aegis Caller)","Aegis Caller's Ring (Aegis Caller)","Aegis Caller's Dagger (Aegis Caller)","Aegis Caller's Dagger (Aegis Caller)","The Maelstrom's Perfected Inferno Staff (Perfected Crushing Wall)"," ()","Debilitate","Surprise Attack","Shadowy Disguise","Killer's Blade","Relentless Focus","Incapacitating Strike","Elemental Blockade","Ulfsild's Contingency","Dark Shade","Echoing Vigor","Barbed Trap","Veil of Blades"
"Sanity's Edge","Archwizard Twelvane and Chimera","https://www.esologs.com/reports/kNhfMVcZj9A2CtHm#fight=48&type=summary&source=8","@YellowPain60","Mean Egg","ass-shadow-siphon-aegis-caller-perfected-slivers-of-the-null-arca","dps","Ass","Shadow","Siphon","Aegis Caller","Perfected Slivers of the Null Arca","210276.2","12508.4","53.7","210276.2 DPS","","Huntsman's Warmask (Huntsman's Warmask)","Aegis Caller's Jack (Aegis Caller)","Slimecraw Epaulets (Slimecraw)","Perfected Null Arca Bracers (Perfected Slivers of the Null Arca)","","Perfected Null Arca Guards (Perfected Slivers of the Null Arca)","Perfected Null Arca Boots (Perfected Slivers of the Null Arca)","","Aegis Caller's Ring (Aegis Caller)","Aegis Caller's Ring (Aegis Caller)","Perfected Null Arca Bow (Perfected Slivers of the Null Arca)"," ()","The Maelstrom's Perfected Greatsword (Perfected Merciless Charge)"," ()","Surprise Attack","Relentless Focus","Killer's Blade","Debilitate","Shadowy Disguise","Incapacitating Strike","Barbed Trap","Stampede","Carve","Dark Shade","Exhilarating Drain","Shooting Star"
"Sanity's Edge","Archwizard Twelvane and Chimera","https://www.esologs.com/reports/kNhfMVcZj9A2CtHm#fight=48&type=summary&source=8","@Xudowudo","Xuduwu","ass-shadow-siphon-aegis-caller-perfected-slivers-of-the-null-arca","dps","Ass","Shadow","Siphon","Perfected Slivers of the Null Arca","Aegis Caller","200959.4","19253.9","60.1","200959.4 DPS","","Huntsman's Warmask (Huntsman's Warmask)","Perfected Null Arca Jack (Perfected Slivers of the Null Arca)","Aegis Caller's Arm Cops (Aegis Caller)","Perfected Null Arca Bracers (Perfected Slivers of the Null Arca)","","Perfected Null Arca Guards (Perfected Slivers of the Null Arca)","Aegis Caller's Boots (Aegis Caller)","","Aegis Caller's Ring (Aegis Caller)","Aegis Caller's Ring (Aegis Caller)","Perfected Null Arca Bow (Perfected Slivers of the Null Arca)"," ()","The Maelstrom's Perfected Greatsword (Perfected Merciless Charge)"," ()","Debilitate","Surprise Attack","Relentless Focus","Killer's Blade","Shadowy Disguise","Incapacitating Strike","Scalding Rune","Stampede","Barbed Trap","Dark Shade","Echoing Vigor","Veil of Blades"
"Sanity's Edge","Archwizard Twelvane and Chimera","https://www.esologs.com/reports/kNhfMVcZj9A2CtHm#fight=48&type=summary&source=7","@akinetic","Akrin Nohara","ass-shadow-siphon-aegis-caller-perfected-slivers-of-the-null-arca","dps","Ass","Shadow","Siphon","Perfected Slivers of the Null Arca","Aegis Caller","206584.7","8077.8","61.4","206584.7 DPS","","Huntsman's Warmask (Huntsman's Warmask)","Perfected Null Arca Jack (Perfected Slivers of the Null Arca)","Zaan Epaulets (Zaan)","Aegis Caller's Bracers (Aegis Caller)","","Aegis Caller's Guards (Aegis Caller)","Aegis Caller's Boots (Aegis Caller)","","Perfected Null Arca Ring (Perfected Slivers of the Null Arca)","Perfected Null Arca Ring (Perfected Slivers of the Null Arca)","Perfected Null Arca Bow (Perfected Slivers of the Null Arca)"," ()","The Maelstrom's Perfected Greatsword (Perfected Merciless Charge)"," ()","Shadowy Disguise","Surprise Attack","Killer's Blade","Relentless Focus","Debilitate","Incapacitating Strike","Stampede","Bloody Contingency (Gladiator's Tenacity / Vulnerability)","Barbed Trap","Dark Shade","Echoing Vigor","Veil of Blades"
"Sanity's Edge","Archwizard Twelvane and Chimera","https://www.esologs.com/reports/kNhfMVcZj9A2CtHm#fight=48&type=summary&source=7","@Noneatza","Nonel Namestealer","ass-shadow-siphon-aegis-caller-perfected-slivers-of-the-null-arca","dps","Ass","Shadow","Siphon","Perfected Slivers of the Null Arca","Aegis Caller","194097.8","10463.4","57.5","194097.8 DPS","","Huntsman's Warmask (Huntsman's Warmask)","Perfected Null Arca Jack (Perfected Slivers of the Null Arca)","Slimecraw Epaulets (Slimecraw)","Perfected Null Arca Bracers (Perfected Slivers of the Null Arca)","","Perfected Null Arca Guards (Perfected Slivers of the Null Arca)","Perfected Null Arca Boots (Perfected Slivers of the Null Arca)","","Aegis Caller's Ring (Aegis Caller)","Aegis Caller's Ring (Aegis Caller)","Aegis Caller's Dagger (Aegis Caller)","Aegis Caller's Dagger (Aegis Caller)","The Maelstrom's Perfected Bow (Perfected Thunderous Volley)"," ()","Merciless Resolve","Surprise Attack","Killer's Blade","Shadowy Disguise","Debilitate","Incapacitating Strike","Endless Hail","Resolving Vigor","Barbed Trap","Ulfsild's Contingency","Dark Shade","Shooting Star"
"Sanity's Edge","Archwizard Twelvane and Chimera","https://www.esologs.com/reports/kNhfMVcZj9A2CtHm#fight=48&type=summary&source=18","@Drkif","ßarkod","ass-shadow-siphon-aegis-caller-perfected-slivers-of-the-null-arca","dps","Ass","Shadow","Siphon","Perfected Slivers of the Null Arca","Aegis Caller","146191.1","19127.7","30.0","146191.1 DPS","","Huntsman's Warmask (Huntsman's Warmask)","Perfected Null Arca Jack (Perfected Slivers of the Null Arca)","Slimecraw Epaulets (Slimecraw)","Perfected Null Arca Bracers (Perfected Slivers of the Null Arca)","","Perfected Null Arca Guards (Perfected Slivers of the Null Arca)","Perfected Null Arca Boots (Perfected Slivers of the Null Arca)","","Aegis Caller's Ring (Aegis Caller)","Aegis Caller's Ring (Aegis Caller)","Aegis Caller's Dagger (Aegis Caller)","Aegis Caller's Dagger (Aegis Caller)","The Maelstrom's Perfected Bow (Perfected Thunderous Volley)"," ()","Surprise Attack","Shadowy Disguise","Killer's Blade","Relentless Focus","Debilitate","Incapacitating Strike","Ulfsild's Contingency","Endless Hail","Echoing Vigor","Barbed Trap","Dark Shade","Veil of Blades"
"Sanity's Edge","Archwizard Twelvane and Chimera","https://www.esologs.com/reports/kNhfMVcZj9A2CtHm#fight=48&type=summary&source=5","@Secilina","Secílína","ass-shadow-siphon-aegis-caller-perfected-slivers-of-the-null-arca","dps","Ass","Shadow","Siphon","Aegis Caller","Perfected Slivers of the Null Arca","219622.1","14955.6","65.1","219622.1 DPS","","Huntsman's Warmask (Huntsman's Warmask)","Aegis Caller's Jack (Aegis Caller)","Slimecraw Arm Cops (Slimecraw)","Aegis Caller's Bracers (Aegis Caller)","","Aegis Caller's Guards (Aegis Caller)","Aegis Caller's Boots (Aegis Caller)","","Perfected Null Arca Ring (Perfected Slivers of the Null Arca)","Perfected Null Arca Ring (Perfected Slivers of the Null Arca)","Perfected Null Arca Bow (Perfected Slivers of the Null Arca)"," ()","The Maelstrom's Perfected Greatsword (Perfected Merciless Charge)"," ()","Debilitate","Killer's Blade","Surprise Attack","Shadowy Disguise","Relentless Focus","Incapacitating Strike","Dark Shade","Carve","Stampede","Ulfsild's Contingency","Barbed Trap","Shooting Star"
"Sanity's Edge","Archwizard Twelvane and Chimera","https://www.esologs.com/reports/kNhfMVcZj9A2CtHm#fight=48&type=summary&source=79","nil","Anonymous 79","ass-shadow-siphon-aegis-caller-perfected-slivers-of-the-null-arca","dps","Ass","Shadow","Siphon","Perfected Slivers of the Null Arca","Aegis Caller","198955.2","8601.3","38.3","198955.2 DPS","","Huntsman's Warmask (Huntsman's Warmask)","Perfected Null Arca Jack (Perfected Slivers of the Null Arca)","Zaan Epaulets (Zaan)","Perfected Null Arca Bracers (Perfected Slivers of the Null Arca)","","Perfected Null Arca Guards (Perfected Slivers of the Null Arca)","Perfected Null Arca Boots (Perfected Slivers of the Null Arca)","","Aegis Caller's Ring (Aegis Caller)","Aegis Caller's Ring (Aegis Caller)","Aegis Caller's Dagger (Aegis Caller)","Aegis Caller's Dagger (Aegis Caller)","The Maelstrom's Perfected Greatsword (Perfected Merciless Charge)"," ()","Relentless Focus","Debilitate","Shadowy Disguise","Surprise Attack","Killer's Blade","Incapacitating Strike","Stampede","Barbed Trap","Ulfsild's Contingency","Dark Shade","Carve","Ice Comet"
"Sanity's Edge","Archwizard Twelvane and Chimera","https://www.esologs.com/reports/kNhfMVcZj9A2CtHm#fight=48&type=summary&source=4","@mr.r0b0t","Elvasea Saveri","ass-shadow-siphon-aegis-caller-perfected-slivers-of-the-null-arca","dps","Ass","Shadow","Siphon","Perfected Slivers of the Null Arca","Aegis Caller","189836.9","17145.8","56.9","189836.9 DPS","","Huntsman's Warmask (Huntsman's Warmask)","Perfected Null Arca Jack (Perfected Slivers of the Null Arca)","Zaan Epaulets (Zaan)","Perfected Null Arca Bracers (Perfected Slivers of the Null Arca)","","Aegis Caller's Guards (Aegis Caller)","Aegis Caller's Boots (Aegis Caller)","","Aegis Caller's Ring (Aegis Caller)","Aegis Caller's Ring (Aegis Caller)","Perfected Null Arca Bow (Perfected Slivers of the Null Arca)"," ()","The Maelstrom's Perfected Greatsword (Perfected Merciless Charge)"," ()","Shadowy Disguise","Killer's Blade","Surprise Attack","Merciless Resolve","Debilitate","Incapacitating Strike","Barbed Trap","Ulfsild's Contingency","Stampede","Dark Shade","Echoing Vigor","Shooting Star"
"Sanity's Edge","Archwizard Twelvane and Chimera","https://www.esologs.com/reports/6J7WyR8dpA92GmBN#fight=8&type=summary&source=7","@LeoShogun","Hircine's Alpha L","grave-x-x-corpseburster-perfected-slivers-of-the-null-arca","dps","Grave","x","x","Perfected Slivers of the Null Arca","Corpseburster","217231.4","15614.9","47.1","217231.4 DPS","","Huntsman's Warmask (Huntsman's Warmask)","Perfected Null Arca Jack (Perfected Slivers of the Null Arca)","Slimecraw Arm Cops (Slimecraw)","Perfected Null Arca Bracers (Perfected Slivers of the Null Arca)","","Perfected Null Arca Guards (Perfected Slivers of the Null Arca)","Perfected Null Arca Boots (Perfected Slivers of the Null Arca)","","Corpseburster Ring (Corpseburster)","Corpseburster Ring (Corpseburster)","Corpseburster Dagger (Corpseburster)","Corpseburster Dagger (Corpseburster)","The Maelstrom's Perfected Greatsword (Perfected Merciless Charge)"," ()","Unnerving Boneyard","Venom Skull","Detonating Siphon","Banner Bearer","Blighted Blastbones","Flawless Dawnbreaker","Stampede","Skeletal Arcanist","Barbed Trap","Banner Bearer","Echoing Vigor","Shooting Star"
"Sanity's Edge","Archwizard Twelvane and Chimera","https://www.esologs.com/reports/6J7WyR8dpA92GmBN#fight=8&type=summary&source=13","@Tabiary","Cruella Redoran","grave-x-x-corpseburster-perfected-slivers-of-the-null-arca","dps","Grave","x","x","Perfected Slivers of the Null Arca","Corpseburster","205691.4","8318.3","52.0","205691.4 DPS","","Huntsman's Warmask (Huntsman's Warmask)","Perfected Null Arca Jack (Perfected Slivers of the Null Arca)","Zaan Arm Cops (Zaan)","Perfected Null Arca Bracers (Perfected Slivers of the Null Arca)","","Perfected Null Arca Guards (Perfected Slivers of the Null Arca)","Perfected Null Arca Boots (Perfected Slivers of the Null Arca)","","Corpseburster Ring (Corpseburster)","Corpseburster Ring (Corpseburster)","Corpseburster Dagger (Corpseburster)","Corpseburster Dagger (Corpseburster)","The Maelstrom's Perfected Greatsword (Perfected Merciless Charge)"," ()","Blighted Blastbones","Detonating Siphon","Venom Skull","Unnerving Boneyard","Banner Bearer","Flawless Dawnbreaker","Stampede","Barbed Trap","Skeletal Arcanist","Echoing Vigor","Banner Bearer","Glacial Colossus"
"Sanity's Edge","Archwizard Twelvane and Chimera","https://www.esologs.com/reports/6J7WyR8dpA92GmBN#fight=8&type=summary&source=9","@Smick_94","Nela Beda","grave-x-x-corpseburster-perfected-slivers-of-the-null-arca","dps","Grave","x","x","Perfected Slivers of the Null Arca","Corpseburster","207337.4","9389.1","52.9","207337.4 DPS","","Huntsman's Warmask (Huntsman's Warmask)","Perfected Null Arca Jack (Perfected Slivers of the Null Arca)","Zaan Epaulets (Zaan)","Perfected Null Arca Bracers (Perfected Slivers of the Null Arca)","","Perfected Null Arca Guards (Perfected Slivers of the Null Arca)","Perfected Null Arca Boots (Perfected Slivers of the Null Arca)","","Corpseburster Ring (Corpseburster)","Corpseburster Ring (Corpseburster)","Corpseburster Dagger (Corpseburster)","Corpseburster Dagger (Corpseburster)","The Maelstrom's Perfected Inferno Staff (Perfected Crushing Wall)"," ()","Blighted Blastbones","Venom Skull","Unnerving Boneyard","Detonating Siphon","Banner Bearer","Flawless Dawnbreaker","Elemental Blockade","Echoing Vigor","Barbed Trap","Skeletal Archer","Banner Bearer","Shooting Star"
"Sanity's Edge","Archwizard Twelvane and Chimera","https://www.esologs.com/reports/6J7WyR8dpA92GmBN#fight=8&type=summary&source=19","@JuicyJelly","Kek Cro","grave-x-x-corpseburster-perfected-slivers-of-the-null-arca","dps","Grave","x","x","Perfected Slivers of the Null Arca","Corpseburster","180389.9","10629.4","46.4","180389.9 DPS","","Huntsman's Warmask (Huntsman's Warmask)","Perfected Null Arca Jack (Perfected Slivers of the Null Arca)","Slimecraw Arm Cops (Slimecraw)","Perfected Null Arca Bracers (Perfected Slivers of the Null Arca)","","Perfected Null Arca Guards (Perfected Slivers of the Null Arca)","Perfected Null Arca Boots (Perfected Slivers of the Null Arca)","","Corpseburster Ring (Corpseburster)","Corpseburster Ring (Corpseburster)","Corpseburster Dagger (Corpseburster)","Corpseburster Dagger (Corpseburster)","The Maelstrom's Perfected Bow (Perfected Thunderous Volley)"," ()","Detonating Siphon","Blighted Blastbones","Venom Skull","Unnerving Boneyard","Banner Bearer","Flawless Dawnbreaker","Endless Hail","Barbed Trap","Echoing Vigor","Skeletal Archer","Banner Bearer","Glacial Colossus"
"Sanity's Edge","Archwizard Twelvane and Chimera","https://www.esologs.com/reports/6J7WyR8dpA92GmBN#fight=8&type=summary&source=80","@GoldenFace79","Malfoy's Dad","grave-x-x-corpseburster-perfected-slivers-of-the-null-arca","dps","Grave","x","x","Perfected Slivers of the Null Arca","Corpseburster","145983.3","7934.7","28.5","145983.3 DPS","","Huntsman's Warmask (Huntsman's Warmask)","Perfected Null Arca Jack (Perfected Slivers of the Null Arca)","Zaan Epaulets (Zaan)","Perfected Null Arca Bracers (Perfected Slivers of the Null Arca)","","Perfected Null Arca Guards (Perfected Slivers of the Null Arca)","Perfected Null Arca Boots (Perfected Slivers of the Null Arca)","","Corpseburster Ring (Corpseburster)","Corpseburster Ring (Corpseburster)","Corpseburster Dagger (Corpseburster)","Corpseburster Dagger (Corpseburster)","The Maelstrom's Perfected Lightning Staff (Perfected Crushing Wall)"," ()","Shattering Knife","Detonating Siphon","Blighted Blastbones","Venom Skull","Banner Bearer","Flawless Dawnbreaker","Elemental Blockade","Skeletal Arcanist","Ulfsild's Contingency","Unnerving Boneyard","Banner Bearer","Glacial Colossus"
"Sanity's Edge","Archwizard Twelvane and Chimera","https://www.esologs.com/reports/6J7WyR8dpA92GmBN#fight=8&type=summary&source=2","@arima_alone","-loxcro","grave-x-x-corpseburster-perfected-slivers-of-the-null-arca","dps","Grave","x","x","Corpseburster","Perfected Slivers of the Null Arca","195116.1","11724.5","76.3","195116.1 DPS","","Corpseburster Helmet (Corpseburster)","Perfected Null Arca Jack (Perfected Slivers of the Null Arca)","Slimecraw Epaulets (Slimecraw)","Perfected Null Arca Bracers (Perfected Slivers of the Null Arca)","","Perfected Null Arca Guards (Perfected Slivers of the Null Arca)","Perfected Null Arca Boots (Perfected Slivers of the Null Arca)","","Shattered Paths Signet (Shattered Paths Signet)","Corpseburster Ring (Corpseburster)","Corpseburster Dagger (Corpseburster)","Corpseburster Dagger (Corpseburster)","The Maelstrom's Perfected Greatsword (Perfected Merciless Charge)"," ()","Detonating Siphon","Blighted Blastbones","Avid Boneyard","Venom Skull","Banner Bearer","Glacial Colossus","Stampede","Echoing Vigor","Barbed Trap","Skeletal Archer","Banner Bearer","Flawless Dawnbreaker"
"Sanity's Edge","Archwizard Twelvane and Chimera","https://www.esologs.com/reports/6J7WyR8dpA92GmBN#fight=8&type=summary&source=2","@Suigestus","Asura the Soulreaper","grave-x-x-corpseburster-perfected-slivers-of-the-null-arca","dps","Grave","x","x","Perfected Slivers of the Null Arca","Corpseburster","152001.4","11399.9","64.8","152001.4 DPS","","Huntsman's Warmask (Huntsman's Warmask)","Perfected Null Arca Jack (Perfected Slivers of the Null Arca)","Slimecraw Arm Cops (Slimecraw)","Perfected Null Arca Bracers (Perfected Slivers of the Null Arca)","","Perfected Null Arca Guards (Perfected Slivers of the Null Arca)","Perfected Null Arca Boots (Perfected Slivers of the Null Arca)","","Corpseburster Ring (Corpseburster)","Corpseburster Ring (Corpseburster)","Corpseburster Lightning Staff (Corpseburster)"," ()","The Maelstrom's Perfected Greatsword (Perfected Merciless Charge)"," ()","Detonating Siphon","Blighted Blastbones","Venom Skull","Avid Boneyard","Banner Bearer","Flawless Dawnbreaker","Echoing Vigor","Ulfsild's Contingency","Stampede","Skeletal Arcanist","Banner Bearer","Glacial Colossus"
"Sanity's Edge","Archwizard Twelvane and Chimera","https://www.esologs.com/reports/6J7WyR8dpA92GmBN#fight=8&type=summary&source=1","@Athic","Sadryn Aran","grave-x-x-corpseburster-perfected-slivers-of-the-null-arca","dps","Grave","x","x","Perfected Slivers of the Null Arca","Corpseburster","218383.4","7218.7","63.6","218383.4 DPS","The Thief","Huntsman's Warmask (Huntsman's Warmask)","Perfected Null Arca Jack (Perfected Slivers of the Null Arca)","Zaan Arm Cops (Zaan)","Perfected Null Arca Bracers (Perfected Slivers of the Null Arca)","","Perfected Null Arca Guards (Perfected Slivers of the Null Arca)","Perfected Null Arca Boots (Perfected Slivers of the Null Arca)","","Corpseburster Ring (Corpseburster)","Corpseburster Ring (Corpseburster)","Corpseburster Bow (Corpseburster)"," ()","The Maelstrom's Perfected Greatsword (Perfected Merciless Charge)"," ()","Venom Skull","Detonating Siphon","Unnerving Boneyard","Blighted Blastbones","Shocking Banner (Class Flourish / Courage)","Flawless Dawnbreaker","Skeletal Archer","Echoing Vigor","Barbed Trap","Stampede","Shocking Banner (Class Flourish / Courage)","Shooting Star"
"Sanity's Edge","Archwizard Twelvane and Chimera","https://www.esologs.com/reports/6J7WyR8dpA92GmBN#fight=8&type=summary&source=3","@wDrizz","Bahsei Is My Waifu","ardent-earthen-x-roar-of-alkosh-zens-redress","dps","Ardent","Earthen","x","Roar of Alkosh","Z'en's Redress","144270.0","10655.2","52.3","144270.0 DPS","The Thief","Huntsman's Warmask (Huntsman's Warmask)","Jack of Alkosh (Roar of Alkosh)","Slimecraw Epaulets (Slimecraw)","Bracers of Alkosh (Roar of Alkosh)","","Guards of Alkosh (Roar of Alkosh)","Boots of Alkosh (Roar of Alkosh)","","Z'en's Ring (Z'en's Redress)","Z'en's Ring (Z'en's Redress)","Z'en's Dagger (Z'en's Redress)","Z'en's Dagger (Z'en's Redress)","The Maelstrom's Perfected Greatsword (Perfected Merciless Charge)"," ()","Disintegrating Dragonfire","Flame Lash","Magma Fist","Searing Claw","Quick Cloak","Flawless Dawnbreaker","Shatterspike Mantle","Barbed Trap","Stampede","Incinerate","Igneous Weapons","Standard of Might"
"Sanity's Edge","Archwizard Twelvane and Chimera","https://www.esologs.com/reports/6J7WyR8dpA92GmBN#fight=8&type=summary&source=10","@kirchhofftr","Sir Whips a Lot","ardent-earthen-x-roar-of-alkosh-zens-redress","dps","Ardent","Earthen","x","Roar of Alkosh","Z'en's Redress","105136.7","9312.8","64.9","105136.7 DPS","","Huntsman's Warmask (Huntsman's Warmask)","Jack of Alkosh (Roar of Alkosh)","Slimecraw Arm Cops (Slimecraw)","Bracers of Alkosh (Roar of Alkosh)","","Guards of Alkosh (Roar of Alkosh)","Boots of Alkosh (Roar of Alkosh)","","Z'en's Ring (Z'en's Redress)","Z'en's Ring (Z'en's Redress)","Z'en's Dagger (Z'en's Redress)","Z'en's Dagger (Z'en's Redress)","The Maelstrom's Inferno Staff (Crushing Wall)"," ()","Barbed Trap","Searing Claw","Magma Fist","Flame Lash","Quick Cloak","Dawnbreaker of Smiting","Shatterspike Mantle","Elemental Blockade","Incinerate","Scalding Rune","Igneous Weapons","Standard of Might"
"Sanity's Edge","Archwizard Twelvane and Chimera","https://www.esologs.com/reports/6J7WyR8dpA92GmBN#fight=8&type=summary&source=1","@RealMitchRobbs","Burns-Things-Rightly","ardent-earthen-x-roar-of-alkosh-zens-redress","dps","Ardent","Earthen","x","Roar of Alkosh","Z'en's Redress","142531.3","7310.4","70.5","142531.3 DPS","","Huntsman's Warmask (Huntsman's Warmask)","Jack of Alkosh (Roar of Alkosh)","Slimecraw Epaulets (Slimecraw)","Bracers of Alkosh (Roar of Alkosh)","","Guards of Alkosh (Roar of Alkosh)","Boots of Alkosh (Roar of Alkosh)","","Z'en's Ring (Z'en's Redress)","Z'en's Ring (Z'en's Redress)","Z'en's Bow (Z'en's Redress)"," ()","The Maelstrom's Perfected Greatsword (Perfected Merciless Charge)"," ()","Searing Claw","Magma Fist","Molten Whip","Disintegrating Dragonfire","Barbed Trap","Flawless Dawnbreaker","Igneous Weapons","Stampede","Echoing Vigor","Shatterspike Mantle","Incinerate","Standard of Might"
"Sanity's Edge","Archwizard Twelvane and Chimera","https://www.esologs.com/reports/6J7WyR8dpA92GmBN#fight=8&type=summary&source=12","@Darmsztadt","Dzierzba Czarnognista","ardent-earthen-x-roar-of-alkosh-zens-redress","dps","Ardent","Earthen","x","Roar of Alkosh","Z'en's Redress","120140.5","6381.2","60.8","120140.5 DPS","","Helmet of Alkosh (Roar of Alkosh)","Jack of Alkosh (Roar of Alkosh)","Zaan Arm Cops (Zaan)","Bracers of Alkosh (Roar of Alkosh)","","Z'en's Breeches (Z'en's Redress)","Boots of Alkosh (Roar of Alkosh)","","Z'en's Ring (Z'en's Redress)","Z'en's Ring (Z'en's Redress)","Z'en's Dagger (Z'en's Redress)","Z'en's Dagger (Z'en's Redress)","The Maelstrom's Perfected Greatsword (Perfected Merciless Charge)"," ()","Quick Cloak","Magma Fist","Molten Whip","Searing Claw","Barbed Trap","Flawless Dawnbreaker","Incinerate","Disintegrating Dragonfire","Stampede","Shatterspike Mantle","Igneous Weapons","Standard of Might"
"Sanity's Edge","Archwizard Twelvane and Chimera","https://www.esologs.com/reports/6J7WyR8dpA92GmBN#fight=8&type=summary&source=4","@Sagrel","Archmagos Belisarius Cawl","ardent-earthen-x-roar-of-alkosh-zens-redress","dps","Ardent","Earthen","x","Roar of Alkosh","Z'en's Redress","108258.9","15126.9","55.6","108258.9 DPS","","Huntsman's Warmask (Huntsman's Warmask)","Jack of Alkosh (Roar of Alkosh)","Slimecraw Arm Cops (Slimecraw)","Bracers of Alkosh (Roar of Alkosh)","","Guards of Alkosh (Roar of Alkosh)","Boots of Alkosh (Roar of Alkosh)","","Z'en's Ring (Z'en's Redress)","Z'en's Ring (Z'en's Redress)","Z'en's Dagger (Z'en's Redress)","Z'en's Dagger (Z'en's Redress)","The Maelstrom's Perfected Greatsword (Perfected Merciless Charge)"," ()","Barbed Trap","Magma Fist","Flame Lash","Disintegrating Dragonfire","Searing Claw","Flawless Dawnbreaker","Shatterspike Mantle","Stampede","Echoing Vigor","Igneous Weapons","Incinerate","Standard of Might"
"Sanity's Edge","Archwizard Twelvane and Chimera","https://www.esologs.com/reports/6J7WyR8dpA92GmBN#fight=8&type=summary&source=8","@eRJey","Still an Arcanist","ardent-earthen-x-roar-of-alkosh-zens-redress","dps","Ardent","Earthen","x","Roar of Alkosh","Z'en's Redress","142705.5","12831.3","59.7","142705.5 DPS","","Huntsman's Warmask (Huntsman's Warmask)","Jack of Alkosh (Roar of Alkosh)","Zaan Epaulets (Zaan)","Bracers of Alkosh (Roar of Alkosh)","","Guards of Alkosh (Roar of Alkosh)","Boots of Alkosh (Roar of Alkosh)","","Z'en's Ring (Z'en's Redress)","Z'en's Ring (Z'en's Redress)","Z'en's Bow (Z'en's Redress)"," ()","The Maelstrom's Perfected Greatsword (Perfected Merciless Charge)"," ()","Barbed Trap","Magma Fist","Disintegrating Dragonfire","Flame Lash","Searing Claw","Flawless Dawnbreaker","Echoing Vigor","Shatterspike Mantle","Incinerate","Igneous Weapons","Stampede","Standard of Might"
"Sanity's Edge","Archwizard Twelvane and Chimera","https://www.esologs.com/reports/6J7WyR8dpA92GmBN#fight=8&type=summary&source=10","@SweetBabyReyes","Links Awakening","ardent-earthen-x-roar-of-alkosh-zens-redress","dps","Ardent","Earthen","x","Roar of Alkosh","Z'en's Redress","119077.1","11292.5","40.6","119077.1 DPS","","Huntsman's Warmask (Huntsman's Warmask)","Jack of Alkosh (Roar of Alkosh)","Slimecraw Epaulets (Slimecraw)","Bracers of Alkosh (Roar of Alkosh)","","Guards of Alkosh (Roar of Alkosh)","Boots of Alkosh (Roar of Alkosh)","","Z'en's Ring (Z'en's Redress)","Z'en's Ring (Z'en's Redress)","Z'en's Dagger (Z'en's Redress)","Z'en's Dagger (Z'en's Redress)","The Maelstrom's Perfected Greatsword (Perfected Merciless Charge)"," ()","Magma Fist","Molten Whip","Searing Claw","Barbed Trap","Shattering Knife (Warrior's Opportunity / Off Balance)","Flawless Dawnbreaker","Echoing Vigor","Disintegrating Dragonfire","Stampede","Incinerate","Igneous Weapons","Standard of Might"
"Sanity's Edge","Archwizard Twelvane and Chimera","https://www.esologs.com/reports/Wjb8BhDymqkKfVQG#fight=28&type=summary&source=10","@AirrrBalloon","Tridon Mifanou","herald-x-x-perfected-slivers-of-the-null-arca-spattering-disjunction","dps","Herald","x","x","Perfected Slivers of the Null Arca","Spattering Disjunction","182715.3","7287.6","25.3","182715.3 DPS","The Thief","Huntsman's Warmask (Huntsman's Warmask)","Spattering Disjunction Jack (Spattering Disjunction)","Spattering Disjunction Arm Cops (Spattering Disjunction)","Spattering Disjunction Bracers (Spattering Disjunction)","","Spattering Disjunction Guards (Spattering Disjunction)","Spattering Disjunction Boots (Spattering Disjunction)","","Perfected Null Arca Ring (Perfected Slivers of the Null Arca)","Perfected Null Arca Ring (Perfected Slivers of the Null Arca)","Perfected Null Arca Bow (Perfected Slivers of the Null Arca)"," ()","The Maelstrom's Perfected Greatsword (Perfected Merciless Charge)"," ()","Barbed Trap","Scalding Rune","Pragmatic Fatecarver","Cephaliarch's Flail","Camouflaged Hunter","Flawless Dawnbreaker","Stampede","Echoing Vigor","Inspired Scholarship","Fulminating Rune","Camouflaged Hunter","The Languid Eye"
"Sanity's Edge","Archwizard Twelvane and Chimera","https://www.esologs.com/reports/Wjb8BhDymqkKfVQG#fight=28&type=summary&source=17","@LoTemon","Moora-Lo","herald-x-x-perfected-slivers-of-the-null-arca-spattering-disjunction","dps","Herald","x","x","Spattering Disjunction","Perfected Slivers of the Null Arca","155991.6","6246.2","28.3","155991.6 DPS","","Slimecraw Mask (Slimecraw)","Spattering Disjunction Jack (Spattering Disjunction)","Spattering Disjunction Arm Cops (Spattering Disjunction)","Spattering Disjunction Bracers (Spattering Disjunction)","","Spattering Disjunction Guards (Spattering Disjunction)","Spattering Disjunction Boots (Spattering Disjunction)","","Perfected Null Arca Ring (Perfected Slivers of the Null Arca)","Perfected Null Arca Ring (Perfected Slivers of the Null Arca)","Perfected Null Arca Lightning Staff (Perfected Slivers of the Null Arca)"," ()","The Maelstrom's Perfected Greatsword (Perfected Merciless Charge)"," ()","Cephaliarch's Flail","Scalding Rune","Pragmatic Fatecarver","Barbed Trap","Camouflaged Hunter","Flawless Dawnbreaker","Stampede","Fulminating Rune","Echoing Vigor","Inspired Scholarship","Camouflaged Hunter","The Languid Eye"
"Sanity's Edge","Archwizard Twelvane and Chimera","https://www.esologs.com/reports/Wjb8BhDymqkKfVQG#fight=28&type=summary&source=4","@EchoWFlechazo","Echo-W-Flechazo","herald-x-x-perfected-slivers-of-the-null-arca-spattering-disjunction","dps","Herald","x","x","Spattering Disjunction","Perfected Slivers of the Null Arca","148550.6","13116.3","37.7","148550.6 DPS","","Slimecraw Guise (Slimecraw)","Spattering Disjunction Jack (Spattering Disjunction)","Perfected Null Arca Arm Cops (Perfected Slivers of the Null Arca)","Spattering Disjunction Bracers (Spattering Disjunction)","","Spattering Disjunction Guards (Spattering Disjunction)","Spattering Disjunction Boots (Spattering Disjunction)","","Perfected Null Arca Ring (Perfected Slivers of the Null Arca)","Perfected Null Arca Ring (Perfected Slivers of the Null Arca)","Perfected Null Arca Lightning Staff (Perfected Slivers of the Null Arca)"," ()","The Maelstrom's Perfected Greatsword (Perfected Merciless Charge)"," ()","Escalating Runeblades","Pragmatic Fatecarver","Banner Bearer","Barbed Trap","Camouflaged Hunter","Flawless Dawnbreaker","Stampede","Echoing Vigor","Banner Bearer","Tentacular Dread","Inspired Scholarship","The Languid Eye"
"Sanity's Edge","Archwizard Twelvane and Chimera","https://www.esologs.com/reports/Wjb8BhDymqkKfVQG#fight=28&type=summary&source=9","@Mia1119","Sendlovetoyou","herald-x-x-perfected-slivers-of-the-null-arca-spattering-disjunction","dps","Herald","x","x","Spattering Disjunction","Perfected Slivers of the Null Arca","134554.3","9207.7","33.6","134554.3 DPS","","Slimecraw Guise (Slimecraw)","Spattering Disjunction Jack (Spattering Disjunction)","Spattering Disjunction Arm Cops (Spattering Disjunction)","Perfected Null Arca Bracers (Perfected Slivers of the Null Arca)","","Spattering Disjunction Guards (Spattering Disjunction)","Spattering Disjunction Boots (Spattering Disjunction)","","Null Arca Ring (Slivers of the Null Arca)","Null Arca Ring (Slivers of the Null Arca)","Perfected Null Arca Lightning Staff (Perfected Slivers of the Null Arca)"," ()","The Maelstrom's Perfected Greatsword (Perfected Merciless Charge)"," ()","Camouflaged Hunter","Banner Bearer","Pragmatic Fatecarver","Escalating Runeblades","Barbed Trap","Flawless Dawnbreaker","Stampede","Banner Bearer","Echoing Vigor","Tentacular Dread","Inspired Scholarship","The Languid Eye"
"Sanity's Edge","Archwizard Twelvane and Chimera","https://www.esologs.com/reports/Wjb8BhDymqkKfVQG#fight=28&type=summary&source=14","@Vertragna","Mavoilo Quaesitor","herald-x-x-perfected-slivers-of-the-null-arca-spattering-disjunction","dps","Herald","x","x","Perfected Slivers of the Null Arca","Spattering Disjunction","149491.6","13926.9","19.9","149491.6 DPS","","Perfected Null Arca Helmet (Perfected Slivers of the Null Arca)","Spattering Disjunction Jack (Spattering Disjunction)","Slimecraw Epaulets (Slimecraw)","Spattering Disjunction Bracers (Spattering Disjunction)","","Spattering Disjunction Guards (Spattering Disjunction)","Spattering Disjunction Boots (Spattering Disjunction)","","Perfected Null Arca Ring (Perfected Slivers of the Null Arca)","Perfected Null Arca Ring (Perfected Slivers of the Null Arca)","Perfected Null Arca Lightning Staff (Perfected Slivers of the Null Arca)"," ()","The Maelstrom's Perfected Greatsword (Perfected Merciless Charge)"," ()","Barbed Trap","Cephaliarch's Flail","Pragmatic Fatecarver","Camouflaged Hunter","Circle of Protection","Flawless Dawnbreaker","Echoing Vigor","Fulminating Rune","Stampede","Camouflaged Hunter","Inspired Scholarship","The Languid Eye"
"Sanity's Edge","Archwizard Twelvane and Chimera","https://www.esologs.com/reports/Wjb8BhDymqkKfVQG#fight=28&type=summary&source=3","@Sandro_hm","Deodei Arcanist","herald-x-x-perfected-slivers-of-the-null-arca-spattering-disjunction","dps","Herald","x","x","Perfected Slivers of the Null Arca","Spattering Disjunction","141061.8","5277.0","28.2","141061.8 DPS","","Perfected Null Arca Helmet (Perfected Slivers of the Null Arca)","Spattering Disjunction Jack (Spattering Disjunction)","Slimecraw Epaulets (Slimecraw)","Spattering Disjunction Bracers (Spattering Disjunction)","","Spattering Disjunction Guards (Spattering Disjunction)","Spattering Disjunction Boots (Spattering Disjunction)","","Perfected Null Arca Ring (Perfected Slivers of the Null Arca)","Perfected Null Arca Ring (Perfected Slivers of the Null Arca)","Perfected Null Arca Bow (Perfected Slivers of the Null Arca)"," ()","The Maelstrom's Perfected Greatsword (Perfected Merciless Charge)"," ()","Cephaliarch's Flail","Pragmatic Fatecarver","Barbed Trap","Scalding Rune","Camouflaged Hunter","Flawless Dawnbreaker","Stampede","Fulminating Rune","Echoing Vigor","Inspired Scholarship","Camouflaged Hunter","The Languid Eye"
"Sanity's Edge","Archwizard Twelvane and Chimera","https://www.esologs.com/reports/Wjb8BhDymqkKfVQG#fight=28&type=summary&source=13","@Invdia","Lady Amygdala","herald-x-x-perfected-slivers-of-the-null-arca-spattering-disjunction","dps","Herald","x","x","Spattering Disjunction","Perfected Slivers of the Null Arca","144673.8","6981.3","18.7","144673.8 DPS","","Slimecraw Guise (Slimecraw)","Spattering Disjunction Jack (Spattering Disjunction)","Perfected Null Arca Arm Cops (Perfected Slivers of the Null Arca)","Spattering Disjunction Bracers (Spattering Disjunction)","","Spattering Disjunction Guards (Spattering Disjunction)","Spattering Disjunction Boots (Spattering Disjunction)","","Perfected Null Arca Ring (Perfected Slivers of the Null Arca)","Perfected Null Arca Ring (Perfected Slivers of the Null Arca)","Perfected Null Arca Lightning Staff (Perfected Slivers of the Null Arca)"," ()","The Maelstrom's Perfected Greatsword (Perfected Merciless Charge)"," ()","Cephaliarch's Flail","Barbed Trap","Pragmatic Fatecarver","Camouflaged Hunter","Banner Bearer","Flawless Dawnbreaker","Fulminating Rune","Echoing Vigor","Stampede","Inspired Scholarship","Banner Bearer","The Languid Eye"
"Sanity's Edge","Archwizard Twelvane and Chimera","https://www.esologs.com/reports/kNhfMVcZj9A2CtHm#fight=48&type=summary&source=11","@Raikiki","Raikomancer","grave-herald-x-corpseburster-perfected-slivers-of-the-null-arca","dps","Grave","Herald","x","Perfected Slivers of the Null Arca","Corpseburster","222563.0","3523.0","68.6","222563.0 DPS","","Huntsman's Warmask (Huntsman's Warmask)","Perfected Null Arca Jack (Perfected Slivers of the Null Arca)","Slimecraw Arm Cops (Slimecraw)","Perfected Null Arca Bracers (Perfected Slivers of the Null Arca)","","Perfected Null Arca Guards (Perfected Slivers of the Null Arca)","Perfected Null Arca Boots (Perfected Slivers of the Null Arca)","","Corpseburster Ring (Corpseburster)","Corpseburster Ring (Corpseburster)","Corpseburster Dagger (Corpseburster)","Corpseburster Dagger (Corpseburster)","The Maelstrom's Perfected Greatsword (Perfected Merciless Charge)"," ()","Detonating Siphon","Unnerving Boneyard","Blighted Blastbones","Venom Skull","Shocking Banner (Class Flourish / Courage)","Glacial Colossus","Stampede","Carve","Skeletal Archer","Barbed Trap","Shocking Banner (Class Flourish / Courage)","Shooting Star"
"Sanity's Edge","Archwizard Twelvane and Chimera","https://www.esologs.com/reports/kNhfMVcZj9A2CtHm#fight=48&type=summary&source=10","@Manitaropitas","Projectile Disfuntion","grave-herald-x-corpseburster-perfected-slivers-of-the-null-arca","dps","Grave","Herald","x","Perfected Slivers of the Null Arca","Corpseburster","194918.7","2018.0","48.9","194918.7 DPS","","Huntsman's Warmask (Huntsman's Warmask)","Perfected Null Arca Jack (Perfected Slivers of the Null Arca)","Slimecraw Arm Cops (Slimecraw)","Perfected Null Arca Bracers (Perfected Slivers of the Null Arca)","","Perfected Null Arca Guards (Perfected Slivers of the Null Arca)","Perfected Null Arca Boots (Perfected Slivers of the Null Arca)","","Corpseburster Ring (Corpseburster)","Corpseburster Ring (Corpseburster)","Corpseburster Dagger (Corpseburster)","Corpseburster Dagger (Corpseburster)","The Maelstrom's Perfected Greatsword (Perfected Merciless Charge)"," ()","Avid Boneyard","Blighted Blastbones","Venom Skull","Detonating Siphon","Shocking Banner (Class Flourish / Courage)","Pestilent Colossus","Stampede","Carve","Barbed Trap","Bloody Contingency (Lingering Torment / Force)","Shocking Banner (Class Flourish / Courage)","Shooting Star"
"Sanity's Edge","Archwizard Twelvane and Chimera","https://www.esologs.com/reports/kNhfMVcZj9A2CtHm#fight=48&type=summary&source=12","@Kwiebe-Kwibus","Wicked Prophet Mn","grave-herald-x-corpseburster-perfected-slivers-of-the-null-arca","dps","Grave","Herald","x","Perfected Slivers of the Null Arca","Corpseburster","211176.6","5729.4","53.8","211176.6 DPS","","Huntsman's Warmask (Huntsman's Warmask)","Perfected Null Arca Jack (Perfected Slivers of the Null Arca)","Ansuul's Perfected Arm Cops (Perfected Ansuul's Torment)","Perfected Null Arca Bracers (Perfected Slivers of the Null Arca)","","Perfected Null Arca Guards (Perfected Slivers of the Null Arca)","Perfected Null Arca Boots (Perfected Slivers of the Null Arca)","","Corpseburster Ring (Corpseburster)","Corpseburster Ring (Corpseburster)","Corpseburster Dagger (Corpseburster)","Corpseburster Dagger (Corpseburster)","The Maelstrom's Greatsword (Merciless Charge)"," ()","Unnerving Boneyard","Detonating Siphon","Blighted Blastbones","Venom Skull","Shocking Banner (Class Flourish / Courage)","Pestilent Colossus","Barbed Trap","Stampede","Carve","Skeletal Archer","Shocking Banner (Class Flourish / Courage)","Shooting Star"
"Sanity's Edge","Archwizard Twelvane and Chimera","https://www.esologs.com/reports/kNhfMVcZj9A2CtHm#fight=48&type=summary&source=4","@Pausten","Blasts your pants off","grave-herald-x-corpseburster-perfected-slivers-of-the-null-arca","dps","Grave","Herald","x","Perfected Slivers of the Null Arca","Corpseburster","181356.4","3243.7","37.4","181356.4 DPS","","Huntsman's Warmask (Huntsman's Warmask)","Perfected Null Arca Jack (Perfected Slivers of the Null Arca)","Slimecraw Arm Cops (Slimecraw)","Corpseburster Gloves (Corpseburster)","","Perfected Null Arca Guards (Perfected Slivers of the Null Arca)","Perfected Null Arca Boots (Perfected Slivers of the Null Arca)","","Perfected Null Arca Ring (Perfected Slivers of the Null Arca)","Corpseburster Ring (Corpseburster)","Corpseburster Dagger (Corpseburster)","Corpseburster Dagger (Corpseburster)","The Maelstrom's Perfected Greatsword (Perfected Merciless Charge)"," ()","Detonating Siphon","Blighted Blastbones","Unnerving Boneyard","Venom Skull","Shocking Banner (Class Flourish / Courage)","Glacial Colossus","Barbed Trap","Stampede","Carve","Anti-Cavalry Caltrops","Shocking Banner (Class Flourish / Courage)","Shooting Star"
"Sanity's Edge","Archwizard Twelvane and Chimera","https://www.esologs.com/reports/kNhfMVcZj9A2CtHm#fight=48&type=summary&source=4","@Canvolant","Golga gra-Barlos","grave-herald-x-corpseburster-perfected-slivers-of-the-null-arca","dps","Grave","Herald","x","Perfected Slivers of the Null Arca","Corpseburster","225202.0","10418.9","62.1","225202.0 DPS","The Thief","Huntsman's Warmask (Huntsman's Warmask)","Perfected Null Arca Jack (Perfected Slivers of the Null Arca)","Slimecraw Arm Cops (Slimecraw)","Perfected Null Arca Bracers (Perfected Slivers of the Null Arca)","","Perfected Null Arca Guards (Perfected Slivers of the Null Arca)","Perfected Null Arca Boots (Perfected Slivers of the Null Arca)","","Corpseburster Ring (Corpseburster)","Corpseburster Ring (Corpseburster)","Corpseburster Dagger (Corpseburster)","Corpseburster Dagger (Corpseburster)","The Maelstrom's Perfected Greatsword (Perfected Merciless Charge)"," ()","Venom Skull","Blighted Blastbones","Unnerving Boneyard","Detonating Siphon","Banner Bearer","Flawless Dawnbreaker","Stampede","Carve","Echoing Vigor","Skeletal Arcanist","Banner Bearer","Shooting Star"
"Sanity's Edge","Archwizard Twelvane and Chimera","https://www.esologs.com/reports/kNhfMVcZj9A2CtHm#fight=48&type=summary&source=77","@Zwhat_x","Not Buff Sets Again","grave-herald-x-corpseburster-perfected-slivers-of-the-null-arca","dps","Grave","Herald","x","Perfected Slivers of the Null Arca","Corpseburster","211289.7","10315.3","40.6","211289.7 DPS","","Huntsman's Warmask (Huntsman's Warmask)","Perfected Null Arca Jack (Perfected Slivers of the Null Arca)","Slimecraw Arm Cops (Slimecraw)","Perfected Null Arca Bracers (Perfected Slivers of the Null Arca)","","Perfected Null Arca Guards (Perfected Slivers of the Null Arca)","Perfected Null Arca Boots (Perfected Slivers of the Null Arca)","","Corpseburster Ring (Corpseburster)","Corpseburster Ring (Corpseburster)","Corpseburster Dagger (Corpseburster)","Corpseburster Dagger (Corpseburster)","The Maelstrom's Perfected Greatsword (Perfected Merciless Charge)"," ()","Unnerving Boneyard","Blighted Blastbones","Venom Skull","Detonating Siphon","Banner Bearer","Flawless Dawnbreaker","Barbed Trap","Carve","Skeletal Archer","Stampede","Banner Bearer","Shooting Star"
"Sanity's Edge","Archwizard Twelvane and Chimera","https://www.esologs.com/reports/6J7WyR8dpA92GmBN#fight=8&type=summary&source=11","@LauritsS","Strahlenpfeife","herald-soldier-x-deadly-strike-perfected-slivers-of-the-null-arca","dps","Herald","Soldier","x","Perfected Slivers of the Null Arca","Deadly Strike","190708.2","8976.8","35.7","190708.2 DPS","The Thief","Slimecraw Mask (Slimecraw)","Perfected Null Arca Jack (Perfected Slivers of the Null Arca)","Deadly Arm Cops (Deadly Strike)","Perfected Null Arca Bracers (Perfected Slivers of the Null Arca)","","Perfected Null Arca Guards (Perfected Slivers of the Null Arca)","Perfected Null Arca Boots (Perfected Slivers of the Null Arca)","","Deadly Ring (Deadly Strike)","Deadly Ring (Deadly Strike)","Deadly Dagger (Deadly Strike)","Deadly Dagger (Deadly Strike)","The Maelstrom's Perfected Greatsword (Perfected Merciless Charge)"," ()","Barbed Trap","Cephaliarch's Flail","Exhausting Fatecarver","Quick Cloak","Camouflaged Hunter","Flawless Dawnbreaker","Echoing Vigor","Fulminating Rune","Stampede","Recuperative Treatise","Cruxweaver Armor","The Languid Eye"
"Sanity's Edge","Archwizard Twelvane and Chimera","https://www.esologs.com/reports/6J7WyR8dpA92GmBN#fight=8&type=summary&source=1","@Tos.t","Kîm-Jông-Moon","herald-soldier-x-deadly-strike-perfected-slivers-of-the-null-arca","dps","Herald","Soldier","x","Perfected Slivers of the Null Arca","Deadly Strike","157580.9","9520.0","29.3","157580.9 DPS","","Slimecraw Mask (Slimecraw)","Perfected Null Arca Jack (Perfected Slivers of the Null Arca)","Deadly Arm Cops (Deadly Strike)","Perfected Null Arca Bracers (Perfected Slivers of the Null Arca)","","Perfected Null Arca Guards (Perfected Slivers of the Null Arca)","Deadly Boots (Deadly Strike)","","Perfected Null Arca Ring (Perfected Slivers of the Null Arca)","Perfected Null Arca Ring (Perfected Slivers of the Null Arca)","Deadly Lightning Staff (Deadly Strike)"," ()","The Maelstrom's Perfected Greatsword (Perfected Merciless Charge)"," ()","Cruxweaver Armor","Cephaliarch's Flail","Pragmatic Fatecarver","Camouflaged Hunter","Banner Bearer","Flawless Dawnbreaker","Stampede","Anti-Cavalry Caltrops","Echoing Vigor","Inspired Scholarship","Banner Bearer","The Languid Eye"
"Sanity's Edge","Archwizard Twelvane and Chimera","https://www.esologs.com/reports/6J7WyR8dpA92GmBN#fight=8&type=summary&source=7","@ruciake","Runmei","herald-soldier-x-deadly-strike-perfected-slivers-of-the-null-arca","dps","Herald","Soldier","x","Perfected Slivers of the Null Arca","Deadly Strike","167546.9","4069.8","26.8","167546.9 DPS","","Slimecraw Guise (Slimecraw)","Perfected Null Arca Jack (Perfected Slivers of the Null Arca)","Deadly Arm Cops (Deadly Strike)","Perfected Null Arca Bracers (Perfected Slivers of the Null Arca)","","Perfected Null Arca Guards (Perfected Slivers of the Null Arca)","Perfected Null Arca Boots (Perfected Slivers of the Null Arca)","","Deadly Ring (Deadly Strike)","Deadly Ring (Deadly Strike)","Deadly Lightning Staff (Deadly Strike)"," ()","The Maelstrom's Perfected Greatsword (Perfected Merciless Charge)"," ()","Cephaliarch's Flail","Pragmatic Fatecarver","Echoing Vigor","Camouflaged Hunter","Banner Bearer","Flawless Dawnbreaker","Fulminating Rune","Stampede","Inspired Scholarship","Cruxweaver Armor","Banner Bearer","The Languid Eye"
"Sanity's Edge","Archwizard Twelvane and Chimera","https://www.esologs.com/reports/6J7WyR8dpA92GmBN#fight=8&type=summary&source=9","@Donlup","Crux Out For Hermaeus","herald-soldier-x-deadly-strike-perfected-slivers-of-the-null-arca","dps","Herald","Soldier","x","Perfected Slivers of the Null Arca","Deadly Strike","141678.8","19275.1","28.7","141678.8 DPS","","Slimecraw Mask (Slimecraw)","Perfected Null Arca Jack (Perfected Slivers of the Null Arca)","Deadly Arm Cops (Deadly Strike)","Perfected Null Arca Bracers (Perfected Slivers of the Null Arca)","","Perfected Null Arca Guards (Perfected Slivers of the Null Arca)","Perfected Null Arca Boots (Perfected Slivers of the Null Arca)","","Deadly Ring (Deadly Strike)","Deadly Ring (Deadly Strike)","Deadly Lightning Staff (Deadly Strike)"," ()","The Maelstrom's Perfected Greatsword (Perfected Merciless Charge)"," ()","Cephaliarch's Flail","Pragmatic Fatecarver","Barbed Trap","Camouflaged Hunter","Ring of Preservation","Flawless Dawnbreaker","Stampede","Fulminating Rune","Echoing Vigor","Cruxweaver Armor","Inspired Scholarship","The Languid Eye"
"Sanity's Edge","Archwizard Twelvane and Chimera","https://www.esologs.com/reports/6J7WyR8dpA92GmBN#fight=8&type=summary&source=11","@Oxi4an","Volodya Arcanist","herald-soldier-x-deadly-strike-perfected-slivers-of-the-null-arca","dps","Herald","Soldier","x","Perfected Slivers of the Null Arca","Deadly Strike","158987.5","8635.7","21.6","158987.5 DPS","","Slimecraw Guise (Slimecraw)","Perfected Null Arca Jack (Perfected Slivers of the Null Arca)","Perfected Null Arca Arm Cops (Perfected Slivers of the Null Arca)","Perfected Null Arca Bracers (Perfected Slivers of the Null Arca)","","Perfected Null Arca Guards (Perfected Slivers of the Null Arca)","Perfected Null Arca Boots (Perfected Slivers of the Null Arca)","","Deadly Ring (Deadly Strike)","Deadly Ring (Deadly Strike)","Deadly Dagger (Deadly Strike)","Deadly Dagger (Deadly Strike)","The Maelstrom's Perfected Inferno Staff (Perfected Crushing Wall)"," ()","Barbed Trap","Quick Cloak","Cephaliarch's Flail","Pragmatic Fatecarver","Camouflaged Hunter","Flawless Dawnbreaker","Cruxweaver Armor","Inspired Scholarship","Echoing Vigor","Elemental Blockade","Fulminating Rune","The Languid Eye"
"Sanity's Edge","Archwizard Twelvane and Chimera","https://www.esologs.com/reports/yJt9PcarVA8HZd6M#fight=9&type=summary&source=14","@Nutley99","Mmoorrtteemm","bone-grave-herald-corpseburster-perfected-slivers-of-the-null-arca","dps","Grave","Bone","Herald","Perfected Slivers of the Null Arca","Corpseburster","163521.2","5767.4","66.9","163521.2 DPS","","Huntsman's Warmask (Huntsman's Warmask)","Perfected Null Arca Jack (Perfected Slivers of the Null Arca)","Slimecraw Arm Cops (Slimecraw)","Perfected Null Arca Bracers (Perfected Slivers of the Null Arca)","","Perfected Null Arca Guards (Perfected Slivers of the Null Arca)","Perfected Null Arca Boots (Perfected Slivers of the Null Arca)","","Corpseburster Ring (Corpseburster)","Corpseburster Ring (Corpseburster)","Corpseburster Dagger (Corpseburster)","Corpseburster Dagger (Corpseburster)","The Maelstrom's Perfected Greatsword (Perfected Merciless Charge)"," ()","Blighted Blastbones","Detonating Siphon","Venom Skull","Unnerving Boneyard","Banner Bearer","Flawless Dawnbreaker","Stampede","Carve","Barbed Trap","Skeletal Archer","Banner Bearer","Pummeling Goliath"
"Sanity's Edge","Archwizard Twelvane and Chimera","https://www.esologs.com/reports/yJt9PcarVA8HZd6M#fight=9&type=summary&source=4","@SirNom","Gina-Nose-Too-Much","bone-grave-herald-corpseburster-perfected-slivers-of-the-null-arca","dps","Grave","Bone","Herald","Perfected Slivers of the Null Arca","Corpseburster","165635.0","8595.0","49.3","165635.0 DPS","","Perfected Null Arca Helmet (Perfected Slivers of the Null Arca)","Perfected Null Arca Jack (Perfected Slivers of the Null Arca)","Slimecraw Arm Cops (Slimecraw)","Perfected Null Arca Bracers (Perfected Slivers of the Null Arca)","","Perfected Null Arca Guards (Perfected Slivers of the Null Arca)","Corpseburster Boots (Corpseburster)","","Corpseburster Ring (Corpseburster)","Corpseburster Ring (Corpseburster)","Corpseburster Dagger (Corpseburster)","Corpseburster Dagger (Corpseburster)","The Maelstrom's Perfected Greatsword (Perfected Merciless Charge)"," ()","Unnerving Boneyard","Detonating Siphon","Blighted Blastbones","Venom Skull","Banner Bearer","Flawless Dawnbreaker","Carve","Stampede","Skeletal Archer","Necrotic Potency","Banner Bearer","Glacial Colossus"
"Sanity's Edge","Archwizard Twelvane and Chimera","https://www.esologs.com/reports/yJt9PcarVA8HZd6M#fight=9&type=summary&source=35","@genericvillager.exe","Bœb","bone-grave-herald-corpseburster-perfected-slivers-of-the-null-arca","dps","Grave","Bone","Herald","Perfected Slivers of the Null Arca","Corpseburster","216090.3","11564.1","59.7","216090.3 DPS","","Huntsman's Warmask (Huntsman's Warmask)","Perfected Null Arca Jack (Perfected Slivers of the Null Arca)","Slimecraw Arm Cops (Slimecraw)","Perfected Null Arca Bracers (Perfected Slivers of the Null Arca)","","Perfected Null Arca Guards (Perfected Slivers of the Null Arca)","Perfected Null Arca Boots (Perfected Slivers of the Null Arca)","","Corpseburster Ring (Corpseburster)","Corpseburster Ring (Corpseburster)","Corpseburster Dagger (Corpseburster)","Corpseburster Dagger (Corpseburster)","The Maelstrom's Greatsword (Merciless Charge)"," ()","Unnerving Boneyard","Blighted Blastbones","Detonating Siphon","Venom Skull","Banner Bearer","Flawless Dawnbreaker","Stampede","Echoing Vigor","Carve","Skeletal Arcanist","Banner Bearer","Pummeling Goliath"
"Sanity's Edge","Archwizard Twelvane and Chimera","https://www.esologs.com/reports/yJt9PcarVA8HZd6M#fight=9&type=summary&source=6","@LeeWangcai","Magical Zeyu Ma","bone-grave-herald-corpseburster-perfected-slivers-of-the-null-arca","dps","Grave","Bone","Herald","Perfected Slivers of the Null Arca","Corpseburster","170556.3","11136.6","73.8","170556.3 DPS","","Huntsman's Warmask (Huntsman's Warmask)","Perfected Null Arca Jack (Perfected Slivers of the Null Arca)","Zaan Arm Cops (Zaan)","Perfected Null Arca Bracers (Perfected Slivers of the Null Arca)","","Perfected Null Arca Guards (Perfected Slivers of the Null Arca)","Perfected Null Arca Boots (Perfected Slivers of the Null Arca)","","Corpseburster Ring (Corpseburster)","Corpseburster Ring (Corpseburster)","Corpseburster Lightning Staff (Corpseburster)"," ()","The Maelstrom's Greatsword (Merciless Charge)"," ()","Blighted Blastbones","Venom Skull","Detonating Siphon","Avid Boneyard","Banner Bearer","Flawless Dawnbreaker","Stampede","Skeletal Arcanist","Carve","Echoing Vigor","Banner Bearer","Pummeling Goliath"
"Sanity's Edge","Archwizard Twelvane and Chimera","https://www.esologs.com/reports/yJt9PcarVA8HZd6M#fight=9&type=summary&source=1","@haryuzu","Ji'jiabi","bone-grave-herald-corpseburster-perfected-slivers-of-the-null-arca","dps","Grave","Bone","Herald","Perfected Slivers of the Null Arca","Corpseburster","139843.9","10755.8","81.3","139843.9 DPS","","Huntsman's Warmask (Huntsman's Warmask)","Perfected Null Arca Jack (Perfected Slivers of the Null Arca)","Zaan Epaulets (Zaan)","Perfected Null Arca Bracers (Perfected Slivers of the Null Arca)","","Perfected Null Arca Guards (Perfected Slivers of the Null Arca)","Perfected Null Arca Boots (Perfected Slivers of the Null Arca)","","Corpseburster Ring (Corpseburster)","Perfected Null Arca Ring (Perfected Slivers of the Null Arca)","Corpseburster Lightning Staff (Corpseburster)"," ()","The Maelstrom's Perfected Greatsword (Perfected Merciless Charge)"," ()","Venom Skull","Detonating Siphon","Blighted Blastbones","Unnerving Boneyard","Banner Bearer","Flawless Dawnbreaker","Stampede","Scalding Rune","Skeletal Archer","Carve","Banner Bearer","Pummeling Goliath"
"Sanity's Edge","Archwizard Twelvane and Chimera","https://www.esologs.com/reports/n3phMD2tNkTxCA17#fight=91&type=summary&source=5","@Secilina","Septic The Tank","ardent-earthen-x-powerful-assault-war-machine","tank","Ardent","Earthen","x","Powerful Assault","War Machine","80076.7","2853.3","57.1","57.1 CPM","The Thief","Slimecraw Mask (Slimecraw)","Jack of the Powerful Assault (Powerful Assault)","Spaulder of Ruin (Spaulder of Ruin)","Bracers of the Powerful Assault (Powerful Assault)","","Guards of the Powerful Assault (Powerful Assault)","Boots of the Powerful Assault (Powerful Assault)","","War Machine Ring (War Machine)","War Machine Ring (War Machine)","War Machine Dagger (War Machine)","War Machine Dagger (War Machine)","The Maelstrom's Perfected Greatsword (Perfected Merciless Charge)"," ()","Barbed Trap","Magma Fist","Shattering Knife","Flame Lash","Razor Caltrops","Standard of Might","Igneous Weapons","Shatterspike Mantle","Stampede","Inner Rage","Incinerate","Flawless Dawnbreaker"
"Sanity's Edge","Archwizard Twelvane and Chimera","https://www.esologs.com/reports/n3phMD2tNkTxCA17#fight=91&type=summary&source=6","@notsojuicy","Señor'Del'Fuego","ardent-earthen-x-powerful-assault-war-machine","healer","Ardent","Earthen","x","War Machine","Powerful Assault","73203.8","34406.5","42.9","34406.5 HPS","","Huntsman's Warmask (Huntsman's Warmask)","War Machine Jack (War Machine)","Slimecraw Epaulets (Slimecraw)","War Machine Bracers (War Machine)","","War Machine Guards (War Machine)","War Machine Boots (War Machine)","","Ring of the Powerful Assault (Powerful Assault)","Ring of the Powerful Assault (Powerful Assault)","Bow of the Powerful Assault (Powerful Assault)"," ()","The Maelstrom's Perfected Greatsword (Perfected Merciless Charge)"," ()","Flame Lash","Incinerate","Magma Fist","Echoing Vigor","Barbed Trap","Flawless Dawnbreaker","Stampede","Energy Orb","Shatterspike Mantle","Scalding Rune","Igneous Weapons","Standard of Might"
"Sanity's Edge","Archwizard Twelvane and Chimera","https://www.esologs.com/reports/n3phMD2tNkTxCA17#fight=91&type=summary&source=3","@norncat","Buffs and Stuff","animal-green-winter-perfected-pillagers-profit-serpents-disdain","healer","Animal","Green","Winter","Serpent's Disdain","Perfected Pillager's Profit","8316.0","89144.1","35.9","89144.1 HPS","The Ritual","Nazaray Guise (Nazaray)","Jerkin of Serpent's Disdain (Serpent's Disdain)","Nazaray Epaulets (Nazaray)","Gloves of Serpent's Disdain (Serpent's Disdain)","","Breeches of Serpent's Disdain (Serpent's Disdain)","Shoes of Serpent's Disdain (Serpent's Disdain)","","Perfected Pillager's Band (Perfected Pillager's Profit)","Perfected Pillager's Band (Perfected Pillager's Profit)","The Master's Perfected Restoration Staff (Perfected Grand Rejuvenation)"," ()","Perfected Pillager's Ice Staff (Perfected Pillager's Profit)"," ()","Combat Prayer","Budding Seeds","Radiating Regeneration","Illustrious Healing","Expansive Frost Cloak","Wild Guardian","Overflowing Altar","Elemental Blockade","Lotus Blossom","Echoing Vigor","Elemental Susceptibility","Reviving Barrier"
"Sanity's Edge","Archwizard Twelvane and Chimera","https://www.esologs.com/reports/n3phMD2tNkTxCA17#fight=91&type=summary&source=3","@BriBellz","pls don't die","animal-green-winter-perfected-pillagers-profit-serpents-disdain","healer","Animal","Green","Winter","Perfected Pillager's Profit","Serpent's Disdain","6233.6","71788.5","29.8","71788.5 HPS","","Ozezan the Inferno's Guise (Ozezan the Inferno)","Perfected Pillager's Jerkin (Perfected Pillager's Profit)","Ozezan the Inferno's Epaulets (Ozezan the Inferno)","Gloves of Serpent's Disdain (Serpent's Disdain)","","Perfected Pillager's Breeches (Perfected Pillager's Profit)","Shoes of Serpent's Disdain (Serpent's Disdain)","","Ring of Serpent's Disdain (Serpent's Disdain)","Ring of Serpent's Disdain (Serpent's Disdain)","The Master's Perfected Restoration Staff (Perfected Grand Rejuvenation)"," ()","Perfected Pillager's Ice Staff (Perfected Pillager's Profit)"," ()","Illustrious Healing","Combat Prayer","Radiating Regeneration","Budding Seeds","Overflowing Altar","Eternal Guardian","Mystic Orb","Blockade of Frost","Echoing Vigor","Expansive Frost Cloak","Elemental Susceptibility","Reviving Barrier"
"Sanity's Edge","Archwizard Twelvane and Chimera","https://www.esologs.com/reports/Wjb8BhDymqkKfVQG#fight=28&type=summary&source=2","@Kharjo94","Drago S'han","bone-grave-living-perfected-pearlescent-ward-war-machine","tank","Grave","Bone","Living","War Machine","Perfected Pearlescent Ward","8093.2","6068.7","41.6","41.6 CPM","","Baron Zaudrus Mask (Baron Zaudrus)","Perfected Pearlescent Cuirass (Perfected Pearlescent Ward)","Baron Zaudrus Epaulets (Baron Zaudrus)","Perfected Pearlescent Gauntlets (Perfected Pearlescent Ward)","","Perfected Pearlescent Greaves (Perfected Pearlescent Ward)","Perfected Pearlescent Sabatons (Perfected Pearlescent Ward)","","War Machine Ring (War Machine)","War Machine Ring (War Machine)","War Machine Ice Staff (War Machine)"," ()","War Machine Ice Staff (War Machine)"," ()","Inner Rage","Ulfsild's Contingency","Hungry Scythe","Leashing Soul","Necrotic Potency","Reviving Barrier","Spirit Guardian","Charging Maneuver","Elemental Blockade","Elemental Susceptibility","Beckoning Armor","Glacial Colossus"
"Sanity's Edge","Archwizard Twelvane and Chimera","https://www.esologs.com/reports/Wjb8BhDymqkKfVQG#fight=28&type=summary&source=73","@ScarGard12","Necro Tank Buddy","bone-grave-living-perfected-pearlescent-ward-war-machine","tank","Grave","Bone","Living","Perfected Pearlescent Ward","War Machine","9660.2","3561.7","43.9","43.9 CPM","","Baron Zaudrus Visage (Baron Zaudrus)","Perfected Pearlescent Cuirass (Perfected Pearlescent Ward)","Spaulder of Ruin (Spaulder of Ruin)","Perfected Pearlescent Gauntlets (Perfected Pearlescent Ward)","","Perfected Pearlescent Greaves (Perfected Pearlescent Ward)","Perfected Pearlescent Sabatons (Perfected Pearlescent Ward)","","War Machine Ring (War Machine)","War Machine Ring (War Machine)","Druid's Sword (Druid's Braid)","Shield of the Trainee (Armor of the Trainee)","War Machine Ice Staff (War Machine)"," ()","Goading Throw","Hungry Scythe","Revealing Flare","Race Against Time","Leashing Soul","Temporal Guard","Elemental Susceptibility","Elemental Blockade","Necrotic Potency","Summoner's Armor","Spirit Guardian","Glacial Colossus"
"Sanity's Edge","Archwizard Twelvane and Chimera","https://www.esologs.com/reports/V91jqyDhfRG3cgzC#fight=79&type=summary&source=89","@Paramuse11","Peanut Butter on a Burger","curative-soldier-x-master-architect-powerful-assault","healer","Curative","Soldier","x","Master Architect","Powerful Assault","6291.3","54134.8","29.4","54134.8 HPS","","Magma Incarnate Guise (Magma Incarnate)","Master Architect Jerkin (Master Architect)","Spaulder of Ruin (Spaulder of Ruin)","Master Architect Gloves (Master Architect)","","Master Architect Breeches (Master Architect)","Master Architect Shoes (Master Architect)","","Ring of the Powerful Assault (Powerful Assault)","Ring of the Powerful Assault (Powerful Assault)","Restoration Staff of the Powerful Assault (Powerful Assault)"," ()","Master Architect Lightning Staff (Master Architect)"," ()","Energy Orb","Radiating Regeneration","Echoing Vigor","Combat Prayer","Illustrious Healing","Glyphic of the Tides","Elemental Blockade","Overflowing Altar","Runeguard of Freedom","Tidal Chakram","Cruxweaver Armor","Reviving Barrier"
"Sanity's Edge","Archwizard Twelvane and Chimera","https://www.esologs.com/reports/V91jqyDhfRG3cgzC#fight=79&type=summary&source=1","@tutsuraki","Shrek-the-Second","curative-soldier-x-master-architect-powerful-assault","healer","Curative","Soldier","x","Master Architect","Powerful Assault","11114.3","95325.7","62.4","95325.7 HPS","The Thief","Ozezan the Inferno's Guise (Ozezan the Inferno)","Master Architect Robe (Master Architect)","Ozezan the Inferno's Epaulets (Ozezan the Inferno)","Bracers of the Powerful Assault (Powerful Assault)","","Master Architect Breeches (Master Architect)","Master Architect Shoes (Master Architect)","","Ring of the Powerful Assault (Powerful Assault)","Ring of the Powerful Assault (Powerful Assault)","The Master's Perfected Restoration Staff (Perfected Grand Rejuvenation)"," ()","Sword of the Powerful Assault (Powerful Assault)","Sword of the Powerful Assault (Powerful Assault)","Illustrious Healing","Inner Light","Combat Prayer","Warding Burst","Radiating Regeneration","Gibbering Shelter","Energy Orb","Reconstructive Domain","Magic Knife","Echoing Vigor","Magical Trample","Glyphic of the Tides"
"Sanity's Edge","Ansuul the Tormentor","https://www.esologs.com/reports/kNhfMVcZj9A2CtHm#fight=34&type=summary&source=6","@Boelie_1","Little-Assasin","ass-shadow-siphon-aegis-caller-perfected-slivers-of-the-null-arca","dps","Ass","Shadow","Siphon","Perfected Slivers of the Null Arca","Aegis Caller","177114.5","8723.0","59.5","177114.5 DPS","","Huntsman's Warmask (Huntsman's Warmask)","Perfected Null Arca Jack (Perfected Slivers of the Null Arca)","Slimecraw Epaulets (Slimecraw)","Perfected Null Arca Bracers (Perfected Slivers of the Null Arca)","","Perfected Null Arca Guards (Perfected Slivers of the Null Arca)","Perfected Null Arca Boots (Perfected Slivers of the Null Arca)","","Aegis Caller's Ring (Aegis Caller)","Aegis Caller's Ring (Aegis Caller)","Aegis Caller's Dagger (Aegis Caller)","Aegis Caller's Dagger (Aegis Caller)","The Maelstrom's Greatsword (Merciless Charge)"," ()","Debilitate","Surprise Attack","Relentless Focus","Killer's Blade","Shadowy Disguise","Incapacitating Strike","Stampede","Carve","Fiery Contingency (Lingering Torment / Savagery and Prophecy)","Dark Shade","Barbed Trap","Shooting Star"
"Sanity's Edge","Ansuul the Tormentor","https://www.esologs.com/reports/kNhfMVcZj9A2CtHm#fight=34&type=summary&source=7","@Krone23","Lucifer Krone","ass-shadow-siphon-aegis-caller-perfected-slivers-of-the-null-arca","dps","Ass","Shadow","Siphon","Perfected Slivers of the Null Arca","Aegis Caller","141495.7","10783.1","36.7","141495.7 DPS","","Huntsman's Warmask (Huntsman's Warmask)","Perfected Null Arca Jack (Perfected Slivers of the Null Arca)","Ansuul's Perfected Arm Cops (Perfected Ansuul's Torment)","Perfected Null Arca Bracers (Perfected Slivers of the Null Arca)","","Perfected Null Arca Guards (Perfected Slivers of the Null Arca)","Perfected Null Arca Boots (Perfected Slivers of the Null Arca)","","Aegis Caller's Ring (Aegis Caller)","Aegis Caller's Ring (Aegis Caller)","Aegis Caller's Dagger (Aegis Caller)","Aegis Caller's Dagger (Aegis Caller)","The Maelstrom's Perfected Greatsword (Perfected Merciless Charge)"," ()","Surprise Attack","Debilitate","Killer's Blade","Relentless Focus","Shadowy Disguise","Incapacitating Strike","Stampede","Carve","Barbed Trap","Fiery Contingency (Lingering Torment / Intellect and Endurance)","Dark Shade","Veil of Blades"
"Sanity's Edge","Ansuul the Tormentor","https://www.esologs.com/reports/kNhfMVcZj9A2CtHm#fight=34&type=summary&source=2","@Veluzed","Azué","ass-shadow-siphon-aegis-caller-perfected-slivers-of-the-null-arca","dps","Ass","Shadow","Siphon","Perfected Slivers of the Null Arca","Aegis Caller","187957.0","9884.5","46.0","187957.0 DPS","The Thief","Huntsman's Warmask (Huntsman's Warmask)","Perfected Null Arca Jack (Perfected Slivers of the Null Arca)","Valkyn Skoria Epaulets (Valkyn Skoria)","Perfected Null Arca Bracers (Perfected Slivers of the Null Arca)","","Perfected Null Arca Guards (Perfected Slivers of the Null Arca)","Perfected Null Arca Boots (Perfected Slivers of the Null Arca)","","Aegis Caller's Ring (Aegis Caller)","Aegis Caller's Ring (Aegis Caller)","Aegis Caller's Dagger (Aegis Caller)","Aegis Caller's Dagger (Aegis Caller)","The Maelstrom's Perfected Greatsword (Perfected Merciless Charge)"," ()","Killer's Blade","Debilitate","Relentless Focus","Surprise Attack","Quick Cloak","Incapacitating Strike","Dark Shade","Siphoning Attacks","Shadowy Disguise","Stampede","Barbed Trap","Veil of Blades"
"Sanity's Edge","Ansuul the Tormentor","https://www.esologs.com/reports/kNhfMVcZj9A2CtHm#fight=34&type=summary&source=12","@YellowPain60","Mean Egg","ass-shadow-siphon-aegis-caller-perfected-slivers-of-the-null-arca","dps","Ass","Shadow","Siphon","Perfected Slivers of the Null Arca","Aegis Caller","115704.9","7917.8","58.0","115704.9 DPS","","Huntsman's Warmask (Huntsman's Warmask)","Perfected Null Arca Jack (Perfected Slivers of the Null Arca)","Slimecraw Epaulets (Slimecraw)","Perfected Null Arca Bracers (Perfected Slivers of the Null Arca)","","Perfected Null Arca Guards (Perfected Slivers of the Null Arca)","Perfected Null Arca Boots (Perfected Slivers of the Null Arca)","","Aegis Caller's Ring (Aegis Caller)","Aegis Caller's Ring (Aegis Caller)","Aegis Caller's Dagger (Aegis Caller)","Aegis Caller's Dagger (Aegis Caller)","The Maelstrom's Perfected Greatsword (Perfected Merciless Charge)"," ()","Surprise Attack","Relentless Focus","Killer's Blade","Debilitate","Shadowy Disguise","Incapacitating Strike","Barbed Trap","Stampede","Carve","Dark Shade","Siphoning Attacks","Shooting Star"
"Sanity's Edge","Ansuul the Tormentor","https://www.esologs.com/reports/kNhfMVcZj9A2CtHm#fight=34&type=summary&source=8","@YellowPain60","Mean Egg","ass-shadow-siphon-aegis-caller-perfected-slivers-of-the-null-arca","dps","Ass","Shadow","Siphon","Perfected Slivers of the Null Arca","Aegis Caller","154505.5","18623.4","57.5","154505.5 DPS","","Huntsman's Warmask (Huntsman's Warmask)","Perfected Null Arca Jack (Perfected Slivers of the Null Arca)","Slimecraw Epaulets (Slimecraw)","Perfected Null Arca Bracers (Perfected Slivers of the Null Arca)","","Perfected Null Arca Guards (Perfected Slivers of the Null Arca)","Perfected Null Arca Boots (Perfected Slivers of the Null Arca)","","Aegis Caller's Ring (Aegis Caller)","Aegis Caller's Ring (Aegis Caller)","Aegis Caller's Dagger (Aegis Caller)","Aegis Caller's Dagger (Aegis Caller)","The Maelstrom's Perfected Greatsword (Perfected Merciless Charge)"," ()","Surprise Attack","Relentless Focus","Killer's Blade","Debilitate","Shadowy Disguise","Incapacitating Strike","Barbed Trap","Stampede","Carve","Dark Shade","Siphoning Attacks","Shooting Star"
"Sanity's Edge","Ansuul the Tormentor","https://www.esologs.com/reports/kNhfMVcZj9A2CtHm#fight=34&type=summary&source=3","@Asilvar","Ashenn-Shugar","ass-shadow-siphon-aegis-caller-perfected-slivers-of-the-null-arca","dps","Ass","Shadow","Siphon","Perfected Slivers of the Null Arca","Aegis Caller","109211.3","13188.9","63.5","109211.3 DPS","","Huntsman's Warmask (Huntsman's Warmask)","Perfected Null Arca Jack (Perfected Slivers of the Null Arca)","Zaan Epaulets (Zaan)","Perfected Null Arca Bracers (Perfected Slivers of the Null Arca)","","Perfected Null Arca Guards (Perfected Slivers of the Null Arca)","Perfected Null Arca Boots (Perfected Slivers of the Null Arca)","","Aegis Caller's Ring (Aegis Caller)","Aegis Caller's Ring (Aegis Caller)","Aegis Caller's Mace (Aegis Caller)","Aegis Caller's Dagger (Aegis Caller)","The Maelstrom's Greatsword (Merciless Charge)"," ()","Killer's Blade","Surprise Attack","Relentless Focus","Debilitate","Shadowy Disguise","Incapacitating Strike","Barbed Trap","Ulfsild's Contingency","Resolving Vigor","Stampede","Dark Shade","Veil of Blades"
"Sanity's Edge","Ansuul the Tormentor","https://www.esologs.com/reports/kNhfMVcZj9A2CtHm#fight=34&type=summary&source=9","@Scokki","Scokki","ass-shadow-siphon-aegis-caller-perfected-slivers-of-the-null-arca","dps","Ass","Shadow","Siphon","Perfected Slivers of the Null Arca","Aegis Caller","128591.9","13423.6","52.4","128591.9 DPS","","Huntsman's Warmask (Huntsman's Warmask)","Perfected Null Arca Jack (Perfected Slivers of the Null Arca)","Slimecraw Epaulets (Slimecraw)","Perfected Null Arca Bracers (Perfected Slivers of the Null Arca)","","Aegis Caller's Guards (Aegis Caller)","Perfected Null Arca Boots (Perfected Slivers of the Null Arca)","","Aegis Caller's Ring (Aegis Caller)","Aegis Caller's Ring (Aegis Caller)","Aegis Caller's Dagger (Aegis Caller)","Aegis Caller's Dagger (Aegis Caller)","The Maelstrom's Perfected Greatsword (Perfected Merciless Charge)"," ()","Debilitate","Surprise Attack","Shadowy Disguise","Killer's Blade","Relentless Focus","Incapacitating Strike","Stampede","Carve","Siphoning Attacks","Dark Shade","Barbed Trap","Veil of Blades"
"Sanity's Edge","Ansuul the Tormentor","https://www.esologs.com/reports/kNhfMVcZj9A2CtHm#fight=34&type=summary&source=8","@Xudowudo","Xuduwu","ass-shadow-siphon-aegis-caller-perfected-slivers-of-the-null-arca","dps","Ass","Shadow","Siphon","Perfected Slivers of the Null Arca","Aegis Caller","148455.3","15270.7","64.2","148455.3 DPS","","Huntsman's Warmask (Huntsman's Warmask)","Perfected Null Arca Jack (Perfected Slivers of the Null Arca)","Slimecraw Epaulets (Slimecraw)","Perfected Null Arca Bracers (Perfected Slivers of the Null Arca)","","Perfected Null Arca Guards (Perfected Slivers of the Null Arca)","Perfected Null Arca Boots (Perfected Slivers of the Null Arca)","","Aegis Caller's Ring (Aegis Caller)","Aegis Caller's Ring (Aegis Caller)","Aegis Caller's Dagger (Aegis Caller)","Aegis Caller's Dagger (Aegis Caller)","The Maelstrom's Perfected Greatsword (Perfected Merciless Charge)"," ()","Debilitate","Surprise Attack","Relentless Focus","Killer's Blade","Shadowy Disguise","Incapacitating Strike","Echoing Vigor","Stampede","Barbed Trap","Dark Shade","Leeching Strikes","Veil of Blades"
"Sanity's Edge","Ansuul the Tormentor","https://www.esologs.com/reports/kNhfMVcZj9A2CtHm#fight=34&type=summary&source=7","@akinetic","Akrin Nohara","ass-shadow-siphon-aegis-caller-perfected-slivers-of-the-null-arca","dps","Ass","Shadow","Siphon","Perfected Slivers of the Null Arca","Aegis Caller","137025.8","12377.7","56.1","137025.8 DPS","","Huntsman's Warmask (Huntsman's Warmask)","Perfected Null Arca Jack (Perfected Slivers of the Null Arca)","Zaan Epaulets (Zaan)","Aegis Caller's Bracers (Aegis Caller)","","Aegis Caller's Guards (Aegis Caller)","Aegis Caller's Boots (Aegis Caller)","","Perfected Null Arca Ring (Perfected Slivers of the Null Arca)","Perfected Null Arca Ring (Perfected Slivers of the Null Arca)","Perfected Null Arca Dagger (Perfected Slivers of the Null Arca)","Perfected Null Arca Dagger (Perfected Slivers of the Null Arca)","The Maelstrom's Perfected Greatsword (Perfected Merciless Charge)"," ()","Shadowy Disguise","Surprise Attack","Killer's Blade","Relentless Focus","Quick Cloak","Incapacitating Strike","Stampede","Dark Shade","Barbed Trap","Siphoning Attacks","Echoing Vigor","Veil of Blades"
"Sanity's Edge","Ansuul the Tormentor","https://www.esologs.com/reports/kNhfMVcZj9A2CtHm#fight=34&type=summary&source=7","@Noneatza","Nonel Namestealer","ass-shadow-siphon-aegis-caller-perfected-slivers-of-the-null-arca","dps","Ass","Shadow","Siphon","Perfected Slivers of the Null Arca","Aegis Caller","177914.0","14085.0","54.4","177914.0 DPS","","Huntsman's Warmask (Huntsman's Warmask)","Perfected Null Arca Jack (Perfected Slivers of the Null Arca)","Valkyn Skoria Epaulets (Valkyn Skoria)","Perfected Null Arca Bracers (Perfected Slivers of the Null Arca)","","Perfected Null Arca Guards (Perfected Slivers of the Null Arca)","Perfected Null Arca Boots (Perfected Slivers of the Null Arca)","","Aegis Caller's Ring (Aegis Caller)","Aegis Caller's Ring (Aegis Caller)","Aegis Caller's Dagger (Aegis Caller)","Aegis Caller's Dagger (Aegis Caller)","The Maelstrom's Perfected Greatsword (Perfected Merciless Charge)"," ()","Merciless Resolve","Surprise Attack","Killer's Blade","Shadowy Disguise","Debilitate","Incapacitating Strike","Stampede","Carve","Barbed Trap","Siphoning Attacks","Dark Shade","Shooting Star"
"Sanity's Edge","Ansuul the Tormentor","https://www.esologs.com/reports/kNhfMVcZj9A2CtHm#fight=34&type=summary&source=18","@Drkif","ßarkod","ass-shadow-siphon-aegis-caller-perfected-slivers-of-the-null-arca","dps","Ass","Shadow","Siphon","Perfected Slivers of the Null Arca","Aegis Caller","159576.2","14062.0","49.6","159576.2 DPS","","Huntsman's Warmask (Huntsman's Warmask)","Perfected Null Arca Jack (Perfected Slivers of the Null Arca)","Slimecraw Epaulets (Slimecraw)","Perfected Null Arca Bracers (Perfected Slivers of the Null Arca)","","Perfected Null Arca Guards (Perfected Slivers of the Null Arca)","Perfected Null Arca Boots (Perfected Slivers of the Null Arca)","","Aegis Caller's Ring (Aegis Caller)","Aegis Caller's Ring (Aegis Caller)","Aegis Caller's Dagger (Aegis Caller)","Aegis Caller's Dagger (Aegis Caller)","The Maelstrom's Perfected Greatsword (Perfected Merciless Charge)"," ()","Surprise Attack","Shadowy Disguise","Killer's Blade","Relentless Focus","Debilitate","Incapacitating Strike","Siphoning Attacks","Stampede","Carve","Barbed Trap","Dark Shade","Veil of Blades"
"Sanity's Edge","Ansuul the Tormentor","https://www.esologs.com/reports/kNhfMVcZj9A2CtHm#fight=34&type=summary&source=5","@Secilina","Secílína","ass-shadow-siphon-aegis-caller-perfected-slivers-of-the-null-arca","dps","Ass","Shadow","Siphon","Aegis Caller","Perfected Slivers of the Null Arca","124243.3","11549.7","70.8","124243.3 DPS","","Huntsman's Warmask (Huntsman's Warmask)","Aegis Caller's Jack (Aegis Caller)","Slimecraw Arm Cops (Slimecraw)","Aegis Caller's Bracers (Aegis Caller)","","Aegis Caller's Guards (Aegis Caller)","Aegis Caller's Boots (Aegis Caller)","","Perfected Null Arca Ring (Perfected Slivers of the Null Arca)","Perfected Null Arca Ring (Perfected Slivers of the Null Arca)","Perfected Null Arca Dagger (Perfected Slivers of the Null Arca)","Perfected Null Arca Dagger (Perfected Slivers of the Null Arca)","The Maelstrom's Perfected Greatsword (Perfected Merciless Charge)"," ()","Debilitate","Killer's Blade","Surprise Attack","Shadowy Disguise","Relentless Focus","Incapacitating Strike","Dark Shade","Ulfsild's Contingency","Stampede","Resolving Vigor","Barbed Trap","Shooting Star"
"Sanity's Edge","Ansuul the Tormentor","https://www.esologs.com/reports/kNhfMVcZj9A2CtHm#fight=34&type=summary&source=79","nil","Anonymous 79","ass-shadow-siphon-aegis-caller-perfected-slivers-of-the-null-arca","dps","Ass","Shadow","Siphon","Perfected Slivers of the Null Arca","Aegis Caller","147458.8","14178.3","59.8","147458.8 DPS","","Huntsman's Warmask (Huntsman's Warmask)","Perfected Null Arca Jack (Perfected Slivers of the Null Arca)","Zaan Epaulets (Zaan)","Perfected Null Arca Bracers (Perfected Slivers of the Null Arca)","","Perfected Null Arca Guards (Perfected Slivers of the Null Arca)","Perfected Null Arca Boots (Perfected Slivers of the Null Arca)","","Aegis Caller's Ring (Aegis Caller)","Aegis Caller's Ring (Aegis Caller)","Aegis Caller's Dagger (Aegis Caller)","Aegis Caller's Dagger (Aegis Caller)","The Maelstrom's Perfected Greatsword (Perfected Merciless Charge)"," ()","Relentless Focus","Debilitate","Shadowy Disguise","Surprise Attack","Killer's Blade","Incapacitating Strike","Stampede","Barbed Trap","Ulfsild's Contingency","Dark Shade","Carve","Ice Comet"
"Sanity's Edge","Ansuul the Tormentor","https://www.esologs.com/reports/kNhfMVcZj9A2CtHm#fight=34&type=summary&source=6","@KiwiStu","Scared of Chickens","ass-shadow-siphon-aegis-caller-perfected-slivers-of-the-null-arca","dps","Ass","Shadow","Siphon","Perfected Slivers of the Null Arca","Aegis Caller","137830.3","16839.2","57.5","137830.3 DPS","","Huntsman's Warmask (Huntsman's Warmask)","Perfected Null Arca Jack (Perfected Slivers of the Null Arca)","Perfected Null Arca Arm Cops (Perfected Slivers of the Null Arca)","Perfected Null Arca Bracers (Perfected Slivers of the Null Arca)","","Perfected Null Arca Guards (Perfected Slivers of the Null Arca)","Perfected Null Arca Boots (Perfected Slivers of the Null Arca)","","Aegis Caller's Ring (Aegis Caller)","Aegis Caller's Ring (Aegis Caller)","Aegis Caller's Dagger (Aegis Caller)","Aegis Caller's Dagger (Aegis Caller)","The Maelstrom's Perfected Greatsword (Perfected Merciless Charge)"," ()","Debilitate","Shadowy Disguise","Surprise Attack","Killer's Blade","Relentless Focus","Soul Harvest","Stampede","Dark Shade","Echoing Vigor","Fiery Contingency (Lingering Torment / Intellect and Endurance)","Barbed Trap","Ice Comet"
"Sanity's Edge","Ansuul the Tormentor","https://www.esologs.com/reports/kNhfMVcZj9A2CtHm#fight=34&type=summary&source=12","@Samnons88","ggboysgg","ass-shadow-siphon-aegis-caller-perfected-slivers-of-the-null-arca","dps","Ass","Shadow","Siphon","Aegis Caller","Perfected Slivers of the Null Arca","132516.8","27942.2","59.3","132516.8 DPS","","Nerien'eth Mask (Nerien'eth)","Aegis Caller's Jack (Aegis Caller)","Nerien'eth Arm Cops (Nerien'eth)","Perfected Null Arca Bracers (Perfected Slivers of the Null Arca)","","Aegis Caller's Guards (Aegis Caller)","Perfected Null Arca Boots (Perfected Slivers of the Null Arca)","","Perfected Null Arca Ring (Perfected Slivers of the Null Arca)","Perfected Null Arca Ring (Perfected Slivers of the Null Arca)","Aegis Caller's Dagger (Aegis Caller)","Aegis Caller's Dagger (Aegis Caller)","The Maelstrom's Perfected Greatsword (Perfected Merciless Charge)"," ()","Killer's Blade","Shadowy Disguise","Swallow Soul","Surprise Attack","Relentless Focus","Incapacitating Strike","Stampede","Barbed Trap","Carve","Siphoning Attacks","Echoing Vigor","Shooting Star"
"Sanity's Edge","Ansuul the Tormentor","https://www.esologs.com/reports/kNhfMVcZj9A2CtHm#fight=34&type=summary&source=11","@Raikiki","Raikomancer","grave-herald-x-corpseburster-perfected-slivers-of-the-null-arca","dps","Grave","Herald","x","Perfected Slivers of the Null Arca","Corpseburster","252376.8","5728.2","59.3","252376.8 DPS","","Huntsman's Warmask (Huntsman's Warmask)","Perfected Null Arca Jack (Perfected Slivers of the Null Arca)","Slimecraw Arm Cops (Slimecraw)","Perfected Null Arca Bracers (Perfected Slivers of the Null Arca)","","Perfected Null Arca Guards (Perfected Slivers of the Null Arca)","Perfected Null Arca Boots (Perfected Slivers of the Null Arca)","","Corpseburster Ring (Corpseburster)","Corpseburster Ring (Corpseburster)","Corpseburster Dagger (Corpseburster)","Corpseburster Dagger (Corpseburster)","The Maelstrom's Perfected Greatsword (Perfected Merciless Charge)"," ()","Detonating Siphon","Unnerving Boneyard","Blighted Blastbones","Venom Skull","Shocking Banner (Class Flourish / Courage)","Glacial Colossus","Stampede","Carve","Skeletal Archer","Barbed Trap","Shocking Banner (Class Flourish / Courage)","Shooting Star"
"Sanity's Edge","Ansuul the Tormentor","https://www.esologs.com/reports/kNhfMVcZj9A2CtHm#fight=34&type=summary&source=10","@Manitaropitas","Projectile Disfuntion","grave-herald-x-corpseburster-perfected-slivers-of-the-null-arca","dps","Grave","Herald","x","Perfected Slivers of the Null Arca","Corpseburster","199219.9","2474.0","62.4","199219.9 DPS","","Huntsman's Warmask (Huntsman's Warmask)","Perfected Null Arca Jack (Perfected Slivers of the Null Arca)","Slimecraw Arm Cops (Slimecraw)","Perfected Null Arca Bracers (Perfected Slivers of the Null Arca)","","Perfected Null Arca Guards (Perfected Slivers of the Null Arca)","Perfected Null Arca Boots (Perfected Slivers of the Null Arca)","","Corpseburster Ring (Corpseburster)","Corpseburster Ring (Corpseburster)","Corpseburster Dagger (Corpseburster)","Corpseburster Dagger (Corpseburster)","The Maelstrom's Perfected Greatsword (Perfected Merciless Charge)"," ()","Avid Boneyard","Blighted Blastbones","Venom Skull","Detonating Siphon","Shocking Banner (Class Flourish / Courage)","Pestilent Colossus","Stampede","Carve","Barbed Trap","Bloody Contingency (Lingering Torment / Force)","Shocking Banner (Class Flourish / Courage)","Shooting Star"
"Sanity's Edge","Ansuul the Tormentor","https://www.esologs.com/reports/kNhfMVcZj9A2CtHm#fight=34&type=summary&source=4","@SirNom","Gina-Nose-Too-Much","grave-herald-x-corpseburster-perfected-slivers-of-the-null-arca","dps","Grave","Herald","x","Perfected Slivers of the Null Arca","Corpseburster","170976.6","12284.4","53.3","170976.6 DPS","","Huntsman's Warmask (Huntsman's Warmask)","Perfected Null Arca Jack (Perfected Slivers of the Null Arca)","Slimecraw Arm Cops (Slimecraw)","Perfected Null Arca Bracers (Perfected Slivers of the Null Arca)","","Perfected Null Arca Guards (Perfected Slivers of the Null Arca)","Perfected Null Arca Boots (Perfected Slivers of the Null Arca)","","Corpseburster Ring (Corpseburster)","Corpseburster Ring (Corpseburster)","Corpseburster Dagger (Corpseburster)","Corpseburster Dagger (Corpseburster)","The Maelstrom's Perfected Greatsword (Perfected Merciless Charge)"," ()","Unnerving Boneyard","Detonating Siphon","Blighted Blastbones","Venom Skull","Banner Bearer","Flawless Dawnbreaker","Carve","Stampede","Skeletal Archer","Barbed Trap","Banner Bearer","Glacial Colossus"
"Sanity's Edge","Ansuul the Tormentor","https://www.esologs.com/reports/kNhfMVcZj9A2CtHm#fight=34&type=summary&source=9","@Harword","Reallifespeedrunchallenge","grave-herald-x-corpseburster-perfected-slivers-of-the-null-arca","dps","Grave","Herald","x","Perfected Slivers of the Null Arca","Corpseburster","261302.8","9131.1","63.3","261302.8 DPS","The Ritual","Slimecraw Guise (Slimecraw)","Perfected Null Arca Jack (Perfected Slivers of the Null Arca)","Perfected Null Arca Arm Cops (Perfected Slivers of the Null Arca)","Perfected Null Arca Bracers (Perfected Slivers of the Null Arca)","","Perfected Null Arca Guards (Perfected Slivers of the Null Arca)","Corpseburster Boots (Corpseburster)","","Corpseburster Ring (Corpseburster)","Corpseburster Ring (Corpseburster)","Corpseburster Dagger (Corpseburster)","Corpseburster Dagger (Corpseburster)","The Maelstrom's Perfected Greatsword (Perfected Merciless Charge)"," ()","Detonating Siphon","Venom Skull","Blighted Blastbones","Unnerving Boneyard","Shocking Banner (Class Flourish / Savagery and Prophecy)","Flawless Dawnbreaker","Barbed Trap","Stampede","Carve","Skeletal Archer","Shocking Banner (Class Flourish / Savagery and Prophecy)","Shooting Star"
"Sanity's Edge","Ansuul the Tormentor","https://www.esologs.com/reports/kNhfMVcZj9A2CtHm#fight=34&type=summary&source=19","@JuicyJelly","Kek Cro","grave-herald-x-corpseburster-perfected-slivers-of-the-null-arca","dps","Grave","Herald","x","Perfected Slivers of the Null Arca","Corpseburster","215967.2","12102.0","46.5","215967.2 DPS","","Slimecraw Mask (Slimecraw)","Perfected Null Arca Jack (Perfected Slivers of the Null Arca)","Perfected Null Arca Arm Cops (Perfected Slivers of the Null Arca)","Perfected Null Arca Bracers (Perfected Slivers of the Null Arca)","","Perfected Null Arca Guards (Perfected Slivers of the Null Arca)","Perfected Null Arca Boots (Perfected Slivers of the Null Arca)","","Corpseburster Ring (Corpseburster)","Corpseburster Ring (Corpseburster)","Corpseburster Dagger (Corpseburster)","Corpseburster Dagger (Corpseburster)","The Maelstrom's Perfected Greatsword (Perfected Merciless Charge)"," ()","Detonating Siphon","Blighted Blastbones","Venom Skull","Unnerving Boneyard","Banner Bearer","Flawless Dawnbreaker","Stampede","Carve","Barbed Trap","Skeletal Archer","Banner Bearer","Glacial Colossus"
"Sanity's Edge","Ansuul the Tormentor","https://www.esologs.com/reports/kNhfMVcZj9A2CtHm#fight=34&type=summary&source=80","@GoldenFace79","Malfoy's Dad","grave-herald-x-corpseburster-perfected-slivers-of-the-null-arca","dps","Grave","Herald","x","Perfected Slivers of the Null Arca","Corpseburster","172525.3","13542.3","58.0","172525.3 DPS","","Slimecraw Mask (Slimecraw)","Perfected Null Arca Jack (Perfected Slivers of the Null Arca)","Corpseburster Epaulets (Corpseburster)","Perfected Null Arca Bracers (Perfected Slivers of the Null Arca)","","Perfected Null Arca Guards (Perfected Slivers of the Null Arca)","Perfected Null Arca Boots (Perfected Slivers of the Null Arca)","","Corpseburster Ring (Corpseburster)","Corpseburster Ring (Corpseburster)","Corpseburster Dagger (Corpseburster)","Corpseburster Dagger (Corpseburster)","The Maelstrom's Perfected Greatsword (Perfected Merciless Charge)"," ()","Unnerving Boneyard","Detonating Siphon","Blighted Blastbones","Shattering Knife","Banner Bearer","Glacial Colossus","Stampede","Skeletal Arcanist","Carve","Ulfsild's Contingency","Banner Bearer","Glacial Colossus"
"Sanity's Edge","Ansuul the Tormentor","https://www.esologs.com/reports/kNhfMVcZj9A2CtHm#fight=34&type=summary&source=77","@Zwhat_x","Not Buff Sets Again","grave-herald-x-corpseburster-perfected-slivers-of-the-null-arca","dps","Grave","Herald","x","Perfected Slivers of the Null Arca","Corpseburster","152279.9","9700.8","56.2","152279.9 DPS","","Slimecraw Mask (Slimecraw)","Perfected Null Arca Jack (Perfected Slivers of the Null Arca)","Perfected Null Arca Arm Cops (Perfected Slivers of the Null Arca)","Perfected Null Arca Bracers (Perfected Slivers of the Null Arca)","","Perfected Null Arca Guards (Perfected Slivers of the Null Arca)","Perfected Null Arca Boots (Perfected Slivers of the Null Arca)","","Corpseburster Ring (Corpseburster)","Corpseburster Ring (Corpseburster)","Corpseburster Dagger (Corpseburster)","Corpseburster Dagger (Corpseburster)","The Maelstrom's Perfected Greatsword (Perfected Merciless Charge)"," ()","Unnerving Boneyard","Blighted Blastbones","Venom Skull","Detonating Siphon","Banner Bearer","Flawless Dawnbreaker","Resolving Vigor","Carve","Skeletal Archer","Stampede","Banner Bearer","Shooting Star"
"Sanity's Edge","Ansuul the Tormentor","https://www.esologs.com/reports/Wjb8BhDymqkKfVQG#fight=106&type=summary&source=10","@AirrrBalloon","Tridon Mifanou","herald-x-x-perfected-slivers-of-the-null-arca-spattering-disjunction","dps","Herald","x","x","Spattering Disjunction","Perfected Slivers of the Null Arca","152286.0","8111.9","26.6","152286.0 DPS","","Slimecraw Mask (Slimecraw)","Spattering Disjunction Jack (Spattering Disjunction)","Spattering Disjunction Arm Cops (Spattering Disjunction)","Spattering Disjunction Bracers (Spattering Disjunction)","","Spattering Disjunction Guards (Spattering Disjunction)","Spattering Disjunction Boots (Spattering Disjunction)","","Perfected Null Arca Ring (Perfected Slivers of the Null Arca)","Perfected Null Arca Ring (Perfected Slivers of the Null Arca)","Perfected Null Arca Dagger (Perfected Slivers of the Null Arca)","Perfected Null Arca Dagger (Perfected Slivers of the Null Arca)","The Maelstrom's Perfected Greatsword (Perfected Merciless Charge)"," ()","Barbed Trap","Quick Cloak","Pragmatic Fatecarver","Cephaliarch's Flail","Camouflaged Hunter","Flawless Dawnbreaker","Stampede","Echoing Vigor","Inspired Scholarship","Fulminating Rune","Camouflaged Hunter","The Languid Eye"
"Sanity's Edge","Ansuul the Tormentor","https://www.esologs.com/reports/Wjb8BhDymqkKfVQG#fight=106&type=summary&source=9","@Mia1119","Sendlovetoyou","herald-x-x-perfected-slivers-of-the-null-arca-spattering-disjunction","dps","Herald","x","x","Spattering Disjunction","Perfected Slivers of the Null Arca","144432.2","6294.3","29.4","144432.2 DPS","","Slimecraw Guise (Slimecraw)","Spattering Disjunction Jack (Spattering Disjunction)","Spattering Disjunction Arm Cops (Spattering Disjunction)","Perfected Null Arca Bracers (Perfected Slivers of the Null Arca)","","Spattering Disjunction Guards (Spattering Disjunction)","Spattering Disjunction Boots (Spattering Disjunction)","","Null Arca Ring (Slivers of the Null Arca)","Null Arca Ring (Slivers of the Null Arca)","Null Arca Dagger (Slivers of the Null Arca)","Null Arca Dagger (Slivers of the Null Arca)","The Maelstrom's Perfected Greatsword (Perfected Merciless Charge)"," ()","Fulminating Rune","Banner Bearer","Pragmatic Fatecarver","Escalating Runeblades","Quick Cloak","Flawless Dawnbreaker","Stampede","Banner Bearer","Barbed Trap","Tentacular Dread","Inspired Scholarship","The Languid Eye"
"Sanity's Edge","Ansuul the Tormentor","https://www.esologs.com/reports/Wjb8BhDymqkKfVQG#fight=106&type=summary&source=14","@Vertragna","Mavoilo Quaesitor","herald-x-x-perfected-slivers-of-the-null-arca-spattering-disjunction","dps","Herald","x","x","Perfected Slivers of the Null Arca","Spattering Disjunction","127115.4","12274.4","19.8","127115.4 DPS","","Perfected Null Arca Helmet (Perfected Slivers of the Null Arca)","Spattering Disjunction Jack (Spattering Disjunction)","Slimecraw Epaulets (Slimecraw)","Spattering Disjunction Bracers (Spattering Disjunction)","","Spattering Disjunction Guards (Spattering Disjunction)","Spattering Disjunction Boots (Spattering Disjunction)","","Perfected Null Arca Ring (Perfected Slivers of the Null Arca)","Perfected Null Arca Ring (Perfected Slivers of the Null Arca)","Perfected Null Arca Dagger (Perfected Slivers of the Null Arca)","Perfected Null Arca Dagger (Perfected Slivers of the Null Arca)","The Maelstrom's Perfected Greatsword (Perfected Merciless Charge)"," ()","Barbed Trap","Cephaliarch's Flail","Pragmatic Fatecarver","Camouflaged Hunter","Quick Cloak","Flawless Dawnbreaker","Echoing Vigor","Fulminating Rune","Stampede","Camouflaged Hunter","Inspired Scholarship","The Languid Eye"
"Sanity's Edge","Ansuul the Tormentor","https://www.esologs.com/reports/Wjb8BhDymqkKfVQG#fight=106&type=summary&source=3","@Sandro_hm","Deodei Arcanist","herald-x-x-perfected-slivers-of-the-null-arca-spattering-disjunction","dps","Herald","x","x","Perfected Slivers of the Null Arca","Spattering Disjunction","195361.0","8465.2","28.3","195361.0 DPS","The Thief","Perfected Null Arca Helmet (Perfected Slivers of the Null Arca)","Spattering Disjunction Jack (Spattering Disjunction)","Slimecraw Epaulets (Slimecraw)","Spattering Disjunction Bracers (Spattering Disjunction)","","Spattering Disjunction Guards (Spattering Disjunction)","Spattering Disjunction Boots (Spattering Disjunction)","","Perfected Null Arca Ring (Perfected Slivers of the Null Arca)","Perfected Null Arca Ring (Perfected Slivers of the Null Arca)","Perfected Null Arca Dagger (Perfected Slivers of the Null Arca)","Perfected Null Arca Dagger (Perfected Slivers of the Null Arca)","The Maelstrom's Perfected Greatsword (Perfected Merciless Charge)"," ()","Cephaliarch's Flail","Pragmatic Fatecarver","Barbed Trap","Quick Cloak","Camouflaged Hunter","Flawless Dawnbreaker","Stampede","Fulminating Rune","Scalding Rune","Inspired Scholarship","Camouflaged Hunter","The Languid Eye"
"Sanity's Edge","Ansuul the Tormentor","https://www.esologs.com/reports/Wjb8BhDymqkKfVQG#fight=106&type=summary&source=13","@Invdia","Lady Amygdala","herald-x-x-perfected-slivers-of-the-null-arca-spattering-disjunction","dps","Herald","x","x","Spattering Disjunction","Perfected Slivers of the Null Arca","148470.2","9008.5","22.2","148470.2 DPS","","Slimecraw Guise (Slimecraw)","Spattering Disjunction Jack (Spattering Disjunction)","Perfected Null Arca Arm Cops (Perfected Slivers of the Null Arca)","Spattering Disjunction Bracers (Spattering Disjunction)","","Spattering Disjunction Guards (Spattering Disjunction)","Spattering Disjunction Boots (Spattering Disjunction)","","Perfected Null Arca Ring (Perfected Slivers of the Null Arca)","Perfected Null Arca Ring (Perfected Slivers of the Null Arca)","Perfected Null Arca Dagger (Perfected Slivers of the Null Arca)","Perfected Null Arca Dagger (Perfected Slivers of the Null Arca)","The Maelstrom's Perfected Greatsword (Perfected Merciless Charge)"," ()","Cephaliarch's Flail","Quick Cloak","Pragmatic Fatecarver","Camouflaged Hunter","Banner Bearer","Flawless Dawnbreaker","Fulminating Rune","Camouflaged Hunter","Stampede","Inspired Scholarship","Banner Bearer","The Languid Eye"
"Sanity's Edge","Ansuul the Tormentor","https://www.esologs.com/reports/kNhfMVcZj9A2CtHm#fight=34&type=summary&source=1","@NeuroniXx","Golden Guard Neuronix","green-winter-x-powerful-assault-serpents-disdain","tank","Green","Winter","x","Serpent's Disdain","Powerful Assault","9917.6","41594.2","45.3","45.3 CPM","","Nazaray Visage (Nazaray)","Cuirass of Serpent's Disdain (Serpent's Disdain)","Nazaray Pauldron (Nazaray)","Gauntlets of Serpent's Disdain (Serpent's Disdain)","","Greaves of Serpent's Disdain (Serpent's Disdain)","Sabatons of Serpent's Disdain (Serpent's Disdain)","","Ring of the Powerful Assault (Powerful Assault)","Ring of the Powerful Assault (Powerful Assault)","Ice Staff of Aetherial Ascension (Aetherial Ascension)"," ()","Ice Staff of the Powerful Assault (Powerful Assault)"," ()","Polar Wind","Warding Contingency (Gladiator's Tenacity / Protection)","Inner Rage","Budding Seeds","Overflowing Altar","Reviving Barrier","Blockade of Frost","Elemental Susceptibility","Crushing Shock","Echoing Vigor","Expansive Frost Cloak","Reviving Barrier"
"Sanity's Edge","Ansuul the Tormentor","https://www.esologs.com/reports/kNhfMVcZj9A2CtHm#fight=34&type=summary&source=1","@Sir_Loki","Count Loki","green-winter-x-powerful-assault-serpents-disdain","tank","Green","Winter","x","Serpent's Disdain","Powerful Assault","10916.4","31637.8","39.8","39.8 CPM","The Atronach","Nunatak's Visage (Nunatak)","Cryptcanon Vestments (Cryptcanon Vestments)","Arm Cops of the Powerful Assault (Powerful Assault)","Gauntlets of Serpent's Disdain (Serpent's Disdain)","","Guards of the Powerful Assault (Powerful Assault)","Sabatons of Serpent's Disdain (Serpent's Disdain)","","Ring of the Powerful Assault (Powerful Assault)","Ring of the Powerful Assault (Powerful Assault)","Ice Staff of Serpent's Disdain (Serpent's Disdain)"," ()","Ice Staff of Serpent's Disdain (Serpent's Disdain)"," ()","Leashing Soul","Budding Seeds","Inner Rage","Ulfsild's Contingency","Crushing Shock","Crypt Transfer","Expansive Frost Cloak","Blockade of Frost","Elemental Susceptibility","Echoing Vigor","Overflowing Altar","Crypt Transfer"
"Sanity's Edge","Ansuul the Tormentor","https://www.esologs.com/reports/6J7WyR8dpA92GmBN#fight=86&type=summary&source=1","@GomezZnl","Y U No Dps","daedric-x-x-perfected-pearlescent-ward-powerful-assault","tank","Daedric","x","x","Powerful Assault","Perfected Pearlescent Ward","10947.4","37766.5","70.2","70.2 CPM","The Atronach","Nunatak's Mask (Nunatak)","Perfected Pearlescent Cuirass (Perfected Pearlescent Ward)","Spaulder of Ruin (Spaulder of Ruin)","Perfected Pearlescent Gauntlets (Perfected Pearlescent Ward)","","Perfected Pearlescent Greaves (Perfected Pearlescent Ward)","Perfected Pearlescent Sabatons (Perfected Pearlescent Ward)","","Ring of the Powerful Assault (Powerful Assault)","Ring of the Powerful Assault (Powerful Assault)","Ice Staff of the Powerful Assault (Powerful Assault)"," ()","Ice Staff of the Powerful Assault (Powerful Assault)"," ()","Inner Rage","Echoing Vigor","Revealing Flare","Hardened Ward","Crushing Shock","Reviving Barrier","Ulfsild's Contingency","Vibrant Shroud","Overflowing Altar","Blockade of Frost","Leashing Soul","Aggressive Horn"
"Sanity's Edge","Ansuul the Tormentor","https://www.esologs.com/reports/6J7WyR8dpA92GmBN#fight=86&type=summary&source=8","@mTwsnake","mtwsnake","daedric-x-x-perfected-pearlescent-ward-powerful-assault","tank","Daedric","x","x","Perfected Pearlescent Ward","Powerful Assault","9944.0","35900.1","56.8","56.8 CPM","","Nazaray Mask (Nazaray)","Perfected Pearlescent Cuirass (Perfected Pearlescent Ward)","Nazaray Epaulets (Nazaray)","Perfected Pearlescent Gauntlets (Perfected Pearlescent Ward)","","Perfected Pearlescent Greaves (Perfected Pearlescent Ward)","Perfected Pearlescent Sabatons (Perfected Pearlescent Ward)","","Ring of the Powerful Assault (Powerful Assault)","Ring of the Powerful Assault (Powerful Assault)","Perfected Pearlescent Ice Staff (Perfected Pearlescent Ward)"," ()","Ice Staff of the Powerful Assault (Powerful Assault)"," ()","Ulfsild's Contingency","Warding Burst","Inner Rage","Vibrant Shroud","Crushing Shock","Summon Charged Atronach","Elemental Susceptibility","Echoing Vigor","Leashing Soul","Elemental Blockade","Charging Maneuver","Aggressive Horn"
"Sanity's Edge","Ansuul the Tormentor","https://www.esologs.com/reports/6J7WyR8dpA92GmBN#fight=86&type=summary&source=6","@Silene-Armeria","Daphnée Jolibois","green-winter-x-perfected-pillagers-profit-serpents-disdain","healer","Green","Winter","x","Serpent's Disdain","Perfected Pillager's Profit","18717.5","80358.2","68.5","80358.2 HPS","The Thief","Ozezan the Inferno's Guise (Ozezan the Inferno)","Cuirass of the Trainee (Armor of the Trainee)","Ozezan the Inferno's Arm Cops (Ozezan the Inferno)","Gloves of Serpent's Disdain (Serpent's Disdain)","","Perfected Pillager's Breeches (Perfected Pillager's Profit)","Shoes of Serpent's Disdain (Serpent's Disdain)","","Perfected Pillager's Band (Perfected Pillager's Profit)","Death Dealer's Fete (Death Dealer's Fete)","Restoration Staff of Serpent's Disdain (Serpent's Disdain)"," ()","Perfected Pillager's Ice Staff (Perfected Pillager's Profit)"," ()","Arctic Blast","Illustrious Healing","Combat Prayer","Ulfsild's Contingency","Lotus Blossom","Enchanted Forest","Elemental Susceptibility","Budding Seeds","Elemental Blockade","Echoing Vigor","Expansive Frost Cloak","Aggressive Horn"
"Sanity's Edge","Ansuul the Tormentor","https://www.esologs.com/reports/6J7WyR8dpA92GmBN#fight=86&type=summary&source=3","@BriBellz","pls don't die","green-winter-x-perfected-pillagers-profit-serpents-disdain","healer","Green","Winter","x","Perfected Pillager's Profit","Serpent's Disdain","9781.8","58727.4","40.5","58727.4 HPS","","Ozezan the Inferno's Guise (Ozezan the Inferno)","Perfected Pillager's Jerkin (Perfected Pillager's Profit)","Ozezan the Inferno's Epaulets (Ozezan the Inferno)","Gloves of Serpent's Disdain (Serpent's Disdain)","","Perfected Pillager's Breeches (Perfected Pillager's Profit)","Shoes of Serpent's Disdain (Serpent's Disdain)","","Ring of Serpent's Disdain (Serpent's Disdain)","Ring of Serpent's Disdain (Serpent's Disdain)","The Master's Perfected Restoration Staff (Perfected Grand Rejuvenation)"," ()","Perfected Pillager's Ice Staff (Perfected Pillager's Profit)"," ()","Illustrious Healing","Combat Prayer","Echoing Vigor","Budding Seeds","Warding Contingency (Gladiator's Tenacity / Protection)","Enchanted Forest","Mystic Orb","Blockade of Frost","Crushing Shock","Expansive Frost Cloak","Elemental Susceptibility","Aggressive Horn"
"Sanity's Edge","Ansuul the Tormentor","https://www.esologs.com/reports/Wjb8BhDymqkKfVQG#fight=106&type=summary&source=4","@Taufrin","Ronnie James Dío","daedric-x-x-perfected-lucent-echoes-perfected-xoryns-masterpiece","tank","Daedric","x","x","Perfected Xoryn's Masterpiece","Perfected Lucent Echoes","11772.4","20688.0","38.5","38.5 CPM","The Atronach","Nunatak's Visage (Nunatak)","Cryptcanon Vestments (Cryptcanon Vestments)","Lucent Echoes Perfected Pauldrons (Perfected Lucent Echoes)","Lucent Echoes Perfected Gauntlets (Perfected Lucent Echoes)","","Lucent Echoes Perfected Greaves (Perfected Lucent Echoes)","Lucent Echoes Perfected Sabatons (Perfected Lucent Echoes)","","Xoryn's Perfected Ring (Perfected Xoryn's Masterpiece)","Xoryn's Perfected Ring (Perfected Xoryn's Masterpiece)","Xoryn's Perfected Ice Staff (Perfected Xoryn's Masterpiece)"," ()","Xoryn's Perfected Ice Staff (Perfected Xoryn's Masterpiece)"," ()","Warding Burst","Vibrant Shroud","Inner Rage","Leashing Soul","Revealing Flare","Temporal Guard","Crushing Shock","Elemental Blockade","Elemental Susceptibility","Mystic Orb","Charging Maneuver","Summon Charged Atronach"
"Sanity's Edge","Ansuul the Tormentor","https://www.esologs.com/reports/Wjb8BhDymqkKfVQG#fight=106&type=summary&source=10","@Aries13th","Triss Meribret","daedric-x-x-perfected-lucent-echoes-perfected-xoryns-masterpiece","tank","Daedric","x","x","Perfected Xoryn's Masterpiece","Perfected Lucent Echoes","4307.0","29562.5","30.1","30.1 CPM","","Domihaus Mask (Domihaus)","Cryptcanon Vestments (Cryptcanon Vestments)","Lucent Echoes Perfected Pauldrons (Perfected Lucent Echoes)","Lucent Echoes Perfected Gauntlets (Perfected Lucent Echoes)","","Lucent Echoes Perfected Greaves (Perfected Lucent Echoes)","Lucent Echoes Perfected Sabatons (Perfected Lucent Echoes)","","Xoryn's Perfected Ring (Perfected Xoryn's Masterpiece)","Xoryn's Perfected Ring (Perfected Xoryn's Masterpiece)","Xoryn's Perfected Lightning Staff (Perfected Xoryn's Masterpiece)"," ()","Xoryn's Perfected Ice Staff (Perfected Xoryn's Masterpiece)"," ()","Summon Twilight Matriarch","Bound Aegis","Ulfsild's Contingency","Elemental Susceptibility","Elemental Blockade","War Horn","Crushing Shock","Hardened Ward","Summon Twilight Matriarch","Inner Rage","Vibrant Shroud","Replenishing Barrier"
"Sanity's Edge","Trash Builds","https://www.esologs.com/reports/kNhfMVcZj9A2CtHm#fight=43&type=summary&source=11","@Raikiki","Raikomancer","bone-grave-x-corpseburster-perfected-sul-xans-torment","dps","Grave","Bone","x","Perfected Sul-Xan's Torment","Corpseburster","178809.4","11871.5","70.8","178809.4 DPS","","Slimecraw Mask (Slimecraw)","Perfected Jack of Sul-Xan's Torment (Perfected Sul-Xan's Torment)","Perfected Arm Cops of Sul-Xan's Torment (Perfected Sul-Xan's Torment)","Perfected Bracers of Sul-Xan's Torment (Perfected Sul-Xan's Torment)","","Corpseburster Guards (Corpseburster)","Perfected Boots of Sul-Xan's Torment (Perfected Sul-Xan's Torment)","","Corpseburster Ring (Corpseburster)","Corpseburster Ring (Corpseburster)","Corpseburster Dagger (Corpseburster)","Corpseburster Dagger (Corpseburster)","The Maelstrom's Perfected Inferno Staff (Perfected Crushing Wall)"," ()","Detonating Siphon","Blighted Blastbones","Whirling Blades","Camouflaged Hunter","Shocking Banner (Class Flourish / Courage)","Glacial Colossus","Blockade of Fire","Anti-Cavalry Caltrops","Necrotic Potency","Proximity Detonation","Shocking Banner (Class Flourish / Courage)","Elemental Rage"
"Sanity's Edge","Trash Builds","https://www.esologs.com/reports/kNhfMVcZj9A2CtHm#fight=43&type=summary&source=10","@Manitaropitas","Projectile Disfuntion","bone-grave-x-corpseburster-perfected-sul-xans-torment","dps","Grave","Bone","x","Perfected Sul-Xan's Torment","Corpseburster","171971.6","0.0","86.0","171971.6 DPS","","Slimecraw Mask (Slimecraw)","Perfected Jack of Sul-Xan's Torment (Perfected Sul-Xan's Torment)","Perfected Arm Cops of Sul-Xan's Torment (Perfected Sul-Xan's Torment)","Perfected Bracers of Sul-Xan's Torment (Perfected Sul-Xan's Torment)","","Perfected Guards of Sul-Xan's Torment (Perfected Sul-Xan's Torment)","Perfected Boots of Sul-Xan's Torment (Perfected Sul-Xan's Torment)","","Corpseburster Ring (Corpseburster)","Corpseburster Ring (Corpseburster)","Corpseburster Dagger (Corpseburster)","Corpseburster Axe (Corpseburster)","The Maelstrom's Perfected Inferno Staff (Perfected Crushing Wall)"," ()","Quick Cloak","Blighted Blastbones","Whirling Blades","Detonating Siphon","Shocking Banner (Class Flourish / Courage)","Flawless Dawnbreaker","Blockade of Fire","Proximity Detonation","Avid Boneyard","Necrotic Potency","Shocking Banner (Class Flourish / Courage)","Elemental Rage"
"Sanity's Edge","Trash Builds","https://www.esologs.com/reports/kNhfMVcZj9A2CtHm#fight=43&type=summary&source=4","@Pausten","Blasts your pants off","bone-grave-x-corpseburster-perfected-sul-xans-torment","dps","Grave","Bone","x","Corpseburster","Perfected Sul-Xan's Torment","191283.5","9124.4","75.9","191283.5 DPS","","Slimecraw Mask (Slimecraw)","Corpseburster Jack (Corpseburster)","Perfected Arm Cops of Sul-Xan's Torment (Perfected Sul-Xan's Torment)","Corpseburster Gloves (Corpseburster)","","Corpseburster Guards (Corpseburster)","Corpseburster Boots (Corpseburster)","","Perfected Ring of Sul-Xan's Torment (Perfected Sul-Xan's Torment)","Perfected Ring of Sul-Xan's Torment (Perfected Sul-Xan's Torment)","Perfected Dagger of Sul-Xan's Torment (Perfected Sul-Xan's Torment)","Perfected Dagger of Sul-Xan's Torment (Perfected Sul-Xan's Torment)","The Maelstrom's Perfected Inferno Staff (Perfected Crushing Wall)"," ()","Detonating Siphon","Blighted Blastbones","Venom Skull","Unnerving Boneyard","Shocking Banner (Class Flourish / Courage)","Glacial Colossus","Anti-Cavalry Caltrops","Blockade of Fire","Skeletal Archer","Necrotic Potency","Shocking Banner (Class Flourish / Courage)","Elemental Rage"
"Sanity's Edge","Trash Builds","https://www.esologs.com/reports/kNhfMVcZj9A2CtHm#fight=43&type=summary&source=11","@Raikiki","Raikomancer","bone-grave-x-corpseburster-perfected-sul-xans-torment","dps","Grave","Bone","x","Perfected Sul-Xan's Torment","Corpseburster","182208.2","3301.2","55.2","182208.2 DPS","","Slimecraw Mask (Slimecraw)","Perfected Jack of Sul-Xan's Torment (Perfected Sul-Xan's Torment)","Perfected Arm Cops of Sul-Xan's Torment (Perfected Sul-Xan's Torment)","Perfected Bracers of Sul-Xan's Torment (Perfected Sul-Xan's Torment)","","Corpseburster Guards (Corpseburster)","Perfected Boots of Sul-Xan's Torment (Perfected Sul-Xan's Torment)","","Corpseburster Ring (Corpseburster)","Corpseburster Ring (Corpseburster)","Corpseburster Dagger (Corpseburster)","Corpseburster Dagger (Corpseburster)","The Maelstrom's Perfected Inferno Staff (Perfected Crushing Wall)"," ()","Detonating Siphon","Blighted Blastbones","Whirling Blades","Camouflaged Hunter","Shocking Banner (Class Flourish / Courage)","Glacial Colossus","Blockade of Fire","Anti-Cavalry Caltrops","Necrotic Potency","Proximity Detonation","Shocking Banner (Class Flourish / Courage)","Glacial Colossus"
"Sanity's Edge","Trash Builds","https://www.esologs.com/reports/kNhfMVcZj9A2CtHm#fight=43&type=summary&source=10","@Manitaropitas","Projectile Disfuntion","bone-grave-x-corpseburster-perfected-sul-xans-torment","dps","Grave","Bone","x","Perfected Sul-Xan's Torment","Corpseburster","136683.0","540.0","74.9","136683.0 DPS","","Slimecraw Mask (Slimecraw)","Perfected Jack of Sul-Xan's Torment (Perfected Sul-Xan's Torment)","Perfected Arm Cops of Sul-Xan's Torment (Perfected Sul-Xan's Torment)","Perfected Bracers of Sul-Xan's Torment (Perfected Sul-Xan's Torment)","","Perfected Guards of Sul-Xan's Torment (Perfected Sul-Xan's Torment)","Perfected Boots of Sul-Xan's Torment (Perfected Sul-Xan's Torment)","","Corpseburster Ring (Corpseburster)","Corpseburster Ring (Corpseburster)","Corpseburster Dagger (Corpseburster)","Corpseburster Axe (Corpseburster)","The Maelstrom's Perfected Inferno Staff (Perfected Crushing Wall)"," ()","Quick Cloak","Blighted Blastbones","Whirling Blades","Detonating Siphon","Shocking Banner (Class Flourish / Courage)","Flawless Dawnbreaker","Blockade of Fire","Proximity Detonation","Avid Boneyard","Necrotic Potency","Shocking Banner (Class Flourish / Courage)","Elemental Rage"
"Sanity's Edge","Trash Builds","https://www.esologs.com/reports/kNhfMVcZj9A2CtHm#fight=43&type=summary&source=4","@Pausten","Blasts your pants off","bone-grave-x-corpseburster-perfected-sul-xans-torment","dps","Grave","Bone","x","Corpseburster","Perfected Sul-Xan's Torment","136519.8","5459.2","47.3","136519.8 DPS","","Slimecraw Mask (Slimecraw)","Corpseburster Jack (Corpseburster)","Perfected Arm Cops of Sul-Xan's Torment (Perfected Sul-Xan's Torment)","Corpseburster Gloves (Corpseburster)","","Corpseburster Guards (Corpseburster)","Corpseburster Boots (Corpseburster)","","Perfected Ring of Sul-Xan's Torment (Perfected Sul-Xan's Torment)","Perfected Ring of Sul-Xan's Torment (Perfected Sul-Xan's Torment)","Perfected Dagger of Sul-Xan's Torment (Perfected Sul-Xan's Torment)","Perfected Dagger of Sul-Xan's Torment (Perfected Sul-Xan's Torment)","The Maelstrom's Perfected Inferno Staff (Perfected Crushing Wall)"," ()","Detonating Siphon","Blighted Blastbones","Unnerving Boneyard","Venom Skull","Shocking Banner (Class Flourish / Courage)","Glacial Colossus","Anti-Cavalry Caltrops","Blockade of Fire","Skeletal Archer","Necrotic Potency","Shocking Banner (Class Flourish / Courage)","Elemental Rage"
"Sanity's Edge","Trash Builds","https://www.esologs.com/reports/kNhfMVcZj9A2CtHm#fight=43&type=summary&source=12","@Kwiebe-Kwibus","Wicked Prophet Mn","bone-grave-x-corpseburster-perfected-sul-xans-torment","dps","Grave","Bone","x","Corpseburster","Perfected Sul-Xan's Torment","119950.0","5009.8","71.0","119950.0 DPS","","Slimecraw Mask (Slimecraw)","Corpseburster Jack (Corpseburster)","Perfected Arm Cops of Sul-Xan's Torment (Perfected Sul-Xan's Torment)","Perfected Bracers of Sul-Xan's Torment (Perfected Sul-Xan's Torment)","","Perfected Guards of Sul-Xan's Torment (Perfected Sul-Xan's Torment)","Perfected Boots of Sul-Xan's Torment (Perfected Sul-Xan's Torment)","","Corpseburster Ring (Corpseburster)","Corpseburster Ring (Corpseburster)","Corpseburster Dagger (Corpseburster)","Corpseburster Dagger (Corpseburster)","The Maelstrom's Perfected Inferno Staff (Perfected Crushing Wall)"," ()","Quick Cloak","Detonating Siphon","Blighted Blastbones","Whirling Blades","Shocking Banner (Class Flourish / Courage)","Pestilent Colossus","Unnerving Boneyard","Blockade of Fire","Necrotic Potency","Skeletal Archer","Shocking Banner (Class Flourish / Courage)","Shooting Star"
"Sanity's Edge","Trash Builds","https://www.esologs.com/reports/kNhfMVcZj9A2CtHm#fight=43&type=summary&source=9","@FzFrost","Lilith Melaina","bone-grave-x-corpseburster-perfected-sul-xans-torment","dps","Grave","Bone","x","Corpseburster","Perfected Sul-Xan's Torment","137906.5","39856.6","48.1","137906.5 DPS","","Slimecraw Guise (Slimecraw)","Corpseburster Jack (Corpseburster)","Corpseburster Arm Cops (Corpseburster)","Corpseburster Bracers (Corpseburster)","","Corpseburster Guards (Corpseburster)","Corpseburster Boots (Corpseburster)","","Perfected Ring of Sul-Xan's Torment (Perfected Sul-Xan's Torment)","Perfected Ring of Sul-Xan's Torment (Perfected Sul-Xan's Torment)","Perfected Dagger of Sul-Xan's Torment (Perfected Sul-Xan's Torment)","Perfected Dagger of Sul-Xan's Torment (Perfected Sul-Xan's Torment)","The Maelstrom's Perfected Greatsword (Perfected Merciless Charge)"," ()","Unnerving Boneyard","Detonating Siphon","Blighted Blastbones","Venom Skull","Banner Bearer","Pummeling Goliath","Stampede","Necrotic Potency","Ulfsild's Contingency","Skeletal Arcanist","Banner Bearer","Pestilent Colossus"
"Sanity's Edge","Trash Builds","https://www.esologs.com/reports/kNhfMVcZj9A2CtHm#fight=43&type=summary&source=7","@LeoShogun","Hircine's Alpha L","bone-grave-x-corpseburster-perfected-sul-xans-torment","dps","Grave","Bone","x","Perfected Sul-Xan's Torment","Corpseburster","103315.1","2492.1","58.6","103315.1 DPS","","Perfected Helmet of Sul-Xan's Torment (Perfected Sul-Xan's Torment)","Perfected Jack of Sul-Xan's Torment (Perfected Sul-Xan's Torment)","Slimecraw Epaulets (Slimecraw)","Perfected Bracers of Sul-Xan's Torment (Perfected Sul-Xan's Torment)","","Perfected Guards of Sul-Xan's Torment (Perfected Sul-Xan's Torment)","Corpseburster Boots (Corpseburster)","","Corpseburster Ring (Corpseburster)","Corpseburster Ring (Corpseburster)","Corpseburster Dagger (Corpseburster)","Corpseburster Dagger (Corpseburster)","The Maelstrom's Perfected Greatsword (Perfected Merciless Charge)"," ()","Unnerving Boneyard","Ruinous Scythe","Detonating Siphon","Banner Bearer","Blighted Blastbones","Glacial Colossus","Stampede","Ulfsild's Contingency","Necrotic Potency","Banner Bearer","Skeletal Arcanist","Shooting Star"
"Sanity's Edge","Trash Builds","https://www.esologs.com/reports/kNhfMVcZj9A2CtHm#fight=43&type=summary&source=3","@Ievus","Heinrich der Flotte","bone-grave-x-corpseburster-perfected-sul-xans-torment","dps","Grave","Bone","x","Corpseburster","Perfected Sul-Xan's Torment","108373.8","0.0","45.2","108373.8 DPS","","Corpseburster Helmet (Corpseburster)","Perfected Jack of Sul-Xan's Torment (Perfected Sul-Xan's Torment)","Stone Husk Arm Cops (Stone Husk)","Perfected Bracers of Sul-Xan's Torment (Perfected Sul-Xan's Torment)","","Perfected Guards of Sul-Xan's Torment (Perfected Sul-Xan's Torment)","Perfected Boots of Sul-Xan's Torment (Perfected Sul-Xan's Torment)","","Corpseburster Ring (Corpseburster)","Corpseburster Ring (Corpseburster)","The Maelstrom's Perfected Bow (Perfected Thunderous Volley)"," ()","Corpseburster Dagger (Corpseburster)","Corpseburster Dagger (Corpseburster)","Arrow Barrage","Ghostly Embrace","Proximity Detonation","Necrotic Potency","Banner Bearer","Glacial Colossus","Detonating Siphon","Blighted Blastbones","Quick Cloak","Whirling Blades","Banner Bearer","Flawless Dawnbreaker"
"Sanity's Edge","Trash Builds","https://www.esologs.com/reports/kNhfMVcZj9A2CtHm#fight=43&type=summary&source=3","@Ievus","Heinrich der Flotte","bone-grave-x-corpseburster-perfected-sul-xans-torment","dps","Grave","Bone","x","Corpseburster","Perfected Sul-Xan's Torment","158631.7","1556.7","44.0","158631.7 DPS","","Corpseburster Helmet (Corpseburster)","Perfected Jack of Sul-Xan's Torment (Perfected Sul-Xan's Torment)","Stone Husk Arm Cops (Stone Husk)","Perfected Bracers of Sul-Xan's Torment (Perfected Sul-Xan's Torment)","","Perfected Guards of Sul-Xan's Torment (Perfected Sul-Xan's Torment)","Perfected Boots of Sul-Xan's Torment (Perfected Sul-Xan's Torment)","","Corpseburster Ring (Corpseburster)","Corpseburster Ring (Corpseburster)","The Maelstrom's Perfected Bow (Perfected Thunderous Volley)"," ()","Corpseburster Dagger (Corpseburster)","Corpseburster Dagger (Corpseburster)","Arrow Barrage","Ghostly Embrace","Proximity Detonation","Necrotic Potency","Banner Bearer","Glacial Colossus","Detonating Siphon","Blighted Blastbones","Quick Cloak","Whirling Blades","Banner Bearer","Flawless Dawnbreaker"
"Sanity's Edge","Trash Builds","https://www.esologs.com/reports/kNhfMVcZj9A2CtHm#fight=43&type=summary&source=77","@Zwhat_x","Not Buff Sets Again","bone-grave-x-corpseburster-perfected-sul-xans-torment","dps","Grave","Bone","x","Perfected Sul-Xan's Torment","Corpseburster","164737.4","11608.3","79.0","164737.4 DPS","","Slimecraw Guise (Slimecraw)","Perfected Jack of Sul-Xan's Torment (Perfected Sul-Xan's Torment)","Perfected Arm Cops of Sul-Xan's Torment (Perfected Sul-Xan's Torment)","Perfected Bracers of Sul-Xan's Torment (Perfected Sul-Xan's Torment)","","Perfected Guards of Sul-Xan's Torment (Perfected Sul-Xan's Torment)","Perfected Boots of Sul-Xan's Torment (Perfected Sul-Xan's Torment)","","Corpseburster Ring (Corpseburster)","Corpseburster Ring (Corpseburster)","Corpseburster Dagger (Corpseburster)","Corpseburster Dagger (Corpseburster)","The Maelstrom's Perfected Inferno Staff (Perfected Crushing Wall)"," ()","Unnerving Boneyard","Blighted Blastbones","Whirling Blades","Detonating Siphon","Banner Bearer","Flawless Dawnbreaker","Necrotic Potency","Proximity Detonation","Skeletal Archer","Elemental Blockade","Banner Bearer","Shooting Star"
"Sanity's Edge","Trash Builds","https://www.esologs.com/reports/kNhfMVcZj9A2CtHm#fight=43&type=summary&source=35","@genericvillager.exe","Bœb","bone-grave-x-corpseburster-perfected-sul-xans-torment","dps","Grave","Bone","x","Perfected Sul-Xan's Torment","Corpseburster","113666.2","10999.5","46.9","113666.2 DPS","","Perfected Helmet of Sul-Xan's Torment (Perfected Sul-Xan's Torment)","Corpseburster Jack (Corpseburster)","Slimecraw Arm Cops (Slimecraw)","Perfected Bracers of Sul-Xan's Torment (Perfected Sul-Xan's Torment)","","Perfected Guards of Sul-Xan's Torment (Perfected Sul-Xan's Torment)","Perfected Boots of Sul-Xan's Torment (Perfected Sul-Xan's Torment)","","Corpseburster Ring (Corpseburster)","Corpseburster Ring (Corpseburster)","Corpseburster Dagger (Corpseburster)","Corpseburster Dagger (Corpseburster)","The Maelstrom's Inferno Staff (Crushing Wall)"," ()","Unnerving Boneyard","Blighted Blastbones","Detonating Siphon","Whirling Blades","Banner Bearer","Flawless Dawnbreaker","Elemental Blockade","Necrotic Potency","Anti-Cavalry Caltrops","Proximity Detonation","Banner Bearer","Pestilent Colossus"
"Sanity's Edge","Trash Builds","https://www.esologs.com/reports/kNhfMVcZj9A2CtHm#fight=43&type=summary&source=77","@Zwhat_x","Not Buff Sets Again","bone-grave-x-corpseburster-perfected-sul-xans-torment","dps","Grave","Bone","x","Perfected Sul-Xan's Torment","Corpseburster","86599.6","6673.6","59.7","86599.6 DPS","","Slimecraw Guise (Slimecraw)","Perfected Jack of Sul-Xan's Torment (Perfected Sul-Xan's Torment)","Perfected Arm Cops of Sul-Xan's Torment (Perfected Sul-Xan's Torment)","Perfected Bracers of Sul-Xan's Torment (Perfected Sul-Xan's Torment)","","Perfected Guards of Sul-Xan's Torment (Perfected Sul-Xan's Torment)","Perfected Boots of Sul-Xan's Torment (Perfected Sul-Xan's Torment)","","Corpseburster Ring (Corpseburster)","Corpseburster Ring (Corpseburster)","Corpseburster Dagger (Corpseburster)","Corpseburster Dagger (Corpseburster)","The Maelstrom's Perfected Inferno Staff (Perfected Crushing Wall)"," ()","Unnerving Boneyard","Blighted Blastbones","Whirling Blades","Detonating Siphon","Banner Bearer","Flawless Dawnbreaker","Necrotic Potency","Proximity Detonation","Skeletal Archer","Elemental Blockade","Banner Bearer","Shooting Star"
"Sanity's Edge","Trash Builds","https://www.esologs.com/reports/kNhfMVcZj9A2CtHm#fight=43&type=summary&source=35","@genericvillager.exe","Bœb","bone-grave-x-corpseburster-perfected-sul-xans-torment","dps","Grave","Bone","x","Perfected Sul-Xan's Torment","Corpseburster","130704.4","6672.9","41.5","130704.4 DPS","","Perfected Helmet of Sul-Xan's Torment (Perfected Sul-Xan's Torment)","Corpseburster Jack (Corpseburster)","Slimecraw Arm Cops (Slimecraw)","Perfected Bracers of Sul-Xan's Torment (Perfected Sul-Xan's Torment)","","Perfected Guards of Sul-Xan's Torment (Perfected Sul-Xan's Torment)","Perfected Boots of Sul-Xan's Torment (Perfected Sul-Xan's Torment)","","Corpseburster Ring (Corpseburster)","Corpseburster Ring (Corpseburster)","Corpseburster Dagger (Corpseburster)","Corpseburster Dagger (Corpseburster)","The Maelstrom's Inferno Staff (Crushing Wall)"," ()","Unnerving Boneyard","Blighted Blastbones","Detonating Siphon","Whirling Blades","Banner Bearer","Flawless Dawnbreaker","Elemental Blockade","Necrotic Potency","Anti-Cavalry Caltrops","Proximity Detonation","Banner Bearer","Pestilent Colossus"
"Sanity's Edge","Trash Builds","https://www.esologs.com/reports/kNhfMVcZj9A2CtHm#fight=43&type=summary&source=2","@arima_alone","-loxcro","bone-grave-x-corpseburster-perfected-sul-xans-torment","dps","Grave","Bone","x","Corpseburster","Perfected Sul-Xan's Torment","224276.1","16532.8","91.1","224276.1 DPS","","Corpseburster Helmet (Corpseburster)","Perfected Jack of Sul-Xan's Torment (Perfected Sul-Xan's Torment)","Slimecraw Arm Cops (Slimecraw)","Perfected Bracers of Sul-Xan's Torment (Perfected Sul-Xan's Torment)","","Perfected Guards of Sul-Xan's Torment (Perfected Sul-Xan's Torment)","Perfected Boots of Sul-Xan's Torment (Perfected Sul-Xan's Torment)","","Shattered Paths Signet (Shattered Paths Signet)","Corpseburster Ring (Corpseburster)","Corpseburster Dagger (Corpseburster)","Corpseburster Dagger (Corpseburster)","The Maelstrom's Perfected Inferno Staff (Perfected Crushing Wall)"," ()","Detonating Siphon","Blighted Blastbones","Avid Boneyard","Ruinous Scythe","Banner Bearer","Glacial Colossus","Elemental Blockade","Ulfsild's Contingency","Proximity Detonation","Skeletal Archer","Banner Bearer","Flawless Dawnbreaker"
"Sanity's Edge","Trash Builds","https://www.esologs.com/reports/kNhfMVcZj9A2CtHm#fight=43&type=summary&source=2","@arima_alone","-loxcro","bone-grave-x-corpseburster-perfected-sul-xans-torment","dps","Grave","Bone","x","Corpseburster","Perfected Sul-Xan's Torment","174535.8","15305.0","87.4","174535.8 DPS","","Corpseburster Helmet (Corpseburster)","Perfected Jack of Sul-Xan's Torment (Perfected Sul-Xan's Torment)","Slimecraw Arm Cops (Slimecraw)","Perfected Bracers of Sul-Xan's Torment (Perfected Sul-Xan's Torment)","","Perfected Guards of Sul-Xan's Torment (Perfected Sul-Xan's Torment)","Perfected Boots of Sul-Xan's Torment (Perfected Sul-Xan's Torment)","","Shattered Paths Signet (Shattered Paths Signet)","Corpseburster Ring (Corpseburster)","Corpseburster Dagger (Corpseburster)","Corpseburster Dagger (Corpseburster)","The Maelstrom's Perfected Inferno Staff (Perfected Crushing Wall)"," ()","Detonating Siphon","Blighted Blastbones","Avid Boneyard","Ruinous Scythe","Banner Bearer","Glacial Colossus","Elemental Blockade","Ulfsild's Contingency","Proximity Detonation","Skeletal Archer","Banner Bearer","Flawless Dawnbreaker"
"Sanity's Edge","Trash Builds","https://www.esologs.com/reports/kNhfMVcZj9A2CtHm#fight=43&type=summary&source=1","@haryuzu","Ji'jiabi","bone-grave-x-corpseburster-perfected-sul-xans-torment","dps","Grave","Bone","x","Perfected Sul-Xan's Torment","Corpseburster","285196.7","1793.1","85.3","285196.7 DPS","The Atronach","Slimecraw Guise (Slimecraw)","Perfected Jack of Sul-Xan's Torment (Perfected Sul-Xan's Torment)","Perfected Arm Cops of Sul-Xan's Torment (Perfected Sul-Xan's Torment)","Perfected Bracers of Sul-Xan's Torment (Perfected Sul-Xan's Torment)","","Perfected Guards of Sul-Xan's Torment (Perfected Sul-Xan's Torment)","Perfected Boots of Sul-Xan's Torment (Perfected Sul-Xan's Torment)","","Corpseburster Ring (Corpseburster)","Corpseburster Ring (Corpseburster)","Corpseburster Dagger (Corpseburster)","Corpseburster Dagger (Corpseburster)","The Maelstrom's Perfected Inferno Staff (Perfected Crushing Wall)"," ()","Blighted Blastbones","Detonating Siphon","Whirling Blades","Quick Cloak","Camouflaged Hunter","Flawless Dawnbreaker","Elemental Blockade","Proximity Detonation","Necrotic Potency","Skeletal Archer","Camouflaged Hunter","Elemental Rage"
"Sanity's Edge","Trash Builds","https://www.esologs.com/reports/kNhfMVcZj9A2CtHm#fight=43&type=summary&source=1","@haryuzu","Ji'jiabi","bone-grave-x-corpseburster-perfected-sul-xans-torment","dps","Grave","Bone","x","Perfected Sul-Xan's Torment","Corpseburster","86424.1","11017.8","78.8","86424.1 DPS","","Slimecraw Guise (Slimecraw)","Perfected Jack of Sul-Xan's Torment (Perfected Sul-Xan's Torment)","Perfected Arm Cops of Sul-Xan's Torment (Perfected Sul-Xan's Torment)","Perfected Bracers of Sul-Xan's Torment (Perfected Sul-Xan's Torment)","","Perfected Guards of Sul-Xan's Torment (Perfected Sul-Xan's Torment)","Perfected Boots of Sul-Xan's Torment (Perfected Sul-Xan's Torment)","","Corpseburster Ring (Corpseburster)","Corpseburster Ring (Corpseburster)","Corpseburster Dagger (Corpseburster)","Corpseburster Dagger (Corpseburster)","The Maelstrom's Perfected Inferno Staff (Perfected Crushing Wall)"," ()","Blighted Blastbones","Detonating Siphon","Whirling Blades","Quick Cloak","Camouflaged Hunter","Flawless Dawnbreaker","Elemental Blockade","Proximity Detonation","Necrotic Potency","Skeletal Archer","Camouflaged Hunter","Elemental Rage"
"Sanity's Edge","Trash Builds","https://www.esologs.com/reports/kNhfMVcZj9A2CtHm#fight=43&type=summary&source=1","@Athic","Sadryn Aran","bone-grave-x-corpseburster-perfected-sul-xans-torment","dps","Grave","Bone","x","Perfected Sul-Xan's Torment","Corpseburster","157872.1","3311.1","63.4","157872.1 DPS","","Slimecraw Mask (Slimecraw)","Perfected Jack of Sul-Xan's Torment (Perfected Sul-Xan's Torment)","Corpseburster Arm Cops (Corpseburster)","Perfected Bracers of Sul-Xan's Torment (Perfected Sul-Xan's Torment)","","Perfected Guards of Sul-Xan's Torment (Perfected Sul-Xan's Torment)","Perfected Boots of Sul-Xan's Torment (Perfected Sul-Xan's Torment)","","Corpseburster Ring (Corpseburster)","Corpseburster Ring (Corpseburster)","Corpseburster Dagger (Corpseburster)","Corpseburster Dagger (Corpseburster)","The Maelstrom's Perfected Bow (Perfected Thunderous Volley)"," ()","Venom Skull","Detonating Siphon","Whirling Blades","Blighted Blastbones","Shocking Banner (Class Flourish / Courage)","Flawless Dawnbreaker","Proximity Detonation","Unnerving Boneyard","Necrotic Potency","Arrow Barrage","Shocking Banner (Class Flourish / Courage)","Shooting Star"
"Sanity's Edge","Trash Builds","https://www.esologs.com/reports/kNhfMVcZj9A2CtHm#fight=43&type=summary&source=1","@Athic","Sadryn Aran","bone-grave-x-corpseburster-perfected-sul-xans-torment","dps","Grave","Bone","x","Perfected Sul-Xan's Torment","Corpseburster","127748.9","8449.2","65.4","127748.9 DPS","","Slimecraw Mask (Slimecraw)","Perfected Jack of Sul-Xan's Torment (Perfected Sul-Xan's Torment)","Corpseburster Arm Cops (Corpseburster)","Perfected Bracers of Sul-Xan's Torment (Perfected Sul-Xan's Torment)","","Perfected Guards of Sul-Xan's Torment (Perfected Sul-Xan's Torment)","Perfected Boots of Sul-Xan's Torment (Perfected Sul-Xan's Torment)","","Corpseburster Ring (Corpseburster)","Corpseburster Ring (Corpseburster)","Corpseburster Dagger (Corpseburster)","Corpseburster Dagger (Corpseburster)","The Maelstrom's Perfected Bow (Perfected Thunderous Volley)"," ()","Venom Skull","Detonating Siphon","Whirling Blades","Blighted Blastbones","Shocking Banner (Class Flourish / Courage)","Flawless Dawnbreaker","Proximity Detonation","Unnerving Boneyard","Necrotic Potency","Arrow Barrage","Shocking Banner (Class Flourish / Courage)","Shooting Star"
"Sanity's Edge","Trash Builds","https://www.esologs.com/reports/kNhfMVcZj9A2CtHm#fight=43&type=summary&source=6","@Boelie_1","Little-Assasin","ass-shadow-siphon-perfected-sul-xans-torment-soulcleaver","dps","Ass","Shadow","Siphon","Perfected Sul-Xan's Torment","Soulcleaver","172334.9","9836.3","86.0","172334.9 DPS","","Slimecraw Mask (Slimecraw)","Perfected Jack of Sul-Xan's Torment (Perfected Sul-Xan's Torment)","Soulcleaver Arm Cops (Soulcleaver)","Perfected Bracers of Sul-Xan's Torment (Perfected Sul-Xan's Torment)","","Perfected Guards of Sul-Xan's Torment (Perfected Sul-Xan's Torment)","Perfected Boots of Sul-Xan's Torment (Perfected Sul-Xan's Torment)","","Soulcleaver Ring (Soulcleaver)","Soulcleaver Ring (Soulcleaver)","Soulcleaver Dagger (Soulcleaver)","Soulcleaver Dagger (Soulcleaver)","The Maelstrom's Inferno Staff (Crushing Wall)"," ()","Power Extraction","Camouflaged Hunter","Relentless Focus","Whirling Blades","Quick Cloak","Incapacitating Strike","Blockade of Fire","Proximity Detonation","Twisting Path","Dark Shade","Shadowy Disguise","Elemental Rage"
"Sanity's Edge","Trash Builds","https://www.esologs.com/reports/kNhfMVcZj9A2CtHm#fight=43&type=summary&source=7","@Krone23","Lucifer Krone","ass-shadow-siphon-perfected-sul-xans-torment-soulcleaver","dps","Ass","Shadow","Siphon","Perfected Sul-Xan's Torment","Soulcleaver","174514.3","4666.6","55.7","174514.3 DPS","","Slimecraw Mask (Slimecraw)","Perfected Jack of Sul-Xan's Torment (Perfected Sul-Xan's Torment)","Soulcleaver Arm Cops (Soulcleaver)","Perfected Bracers of Sul-Xan's Torment (Perfected Sul-Xan's Torment)","","Perfected Guards of Sul-Xan's Torment (Perfected Sul-Xan's Torment)","Perfected Boots of Sul-Xan's Torment (Perfected Sul-Xan's Torment)","","Soulcleaver Ring (Soulcleaver)","Soulcleaver Ring (Soulcleaver)","Soulcleaver Dagger (Soulcleaver)","Soulcleaver Dagger (Soulcleaver)","The Maelstrom's Perfected Inferno Staff (Perfected Crushing Wall)"," ()","Power Extraction","Deadly Cloak","Lotus Fan","Relentless Focus","Killer's Blade","Incapacitating Strike","Blockade of Fire","Proximity Detonation","Blood Mist","Shadowy Disguise","Dark Shade","Elemental Rage"
"Sanity's Edge","Trash Builds","https://www.esologs.com/reports/kNhfMVcZj9A2CtHm#fight=43&type=summary&source=6","@Boelie_1","Little-Assasin","ass-shadow-siphon-perfected-sul-xans-torment-soulcleaver","dps","Ass","Shadow","Siphon","Perfected Sul-Xan's Torment","Soulcleaver","208742.0","756.0","63.1","208742.0 DPS","","Slimecraw Mask (Slimecraw)","Perfected Jack of Sul-Xan's Torment (Perfected Sul-Xan's Torment)","Soulcleaver Arm Cops (Soulcleaver)","Perfected Bracers of Sul-Xan's Torment (Perfected Sul-Xan's Torment)","","Perfected Guards of Sul-Xan's Torment (Perfected Sul-Xan's Torment)","Perfected Boots of Sul-Xan's Torment (Perfected Sul-Xan's Torment)","","Soulcleaver Ring (Soulcleaver)","Soulcleaver Ring (Soulcleaver)","Soulcleaver Dagger (Soulcleaver)","Soulcleaver Dagger (Soulcleaver)","The Maelstrom's Inferno Staff (Crushing Wall)"," ()","Power Extraction","Camouflaged Hunter","Relentless Focus","Whirling Blades","Quick Cloak","Incapacitating Strike","Blockade of Fire","Proximity Detonation","Twisting Path","Dark Shade","Shadowy Disguise","Elemental Rage"
"Sanity's Edge","Trash Builds","https://www.esologs.com/reports/kNhfMVcZj9A2CtHm#fight=43&type=summary&source=7","@Krone23","Lucifer Krone","ass-shadow-siphon-perfected-sul-xans-torment-soulcleaver","dps","Ass","Shadow","Siphon","Perfected Sul-Xan's Torment","Soulcleaver","112726.4","2548.2","53.2","112726.4 DPS","","Slimecraw Mask (Slimecraw)","Perfected Jack of Sul-Xan's Torment (Perfected Sul-Xan's Torment)","Soulcleaver Arm Cops (Soulcleaver)","Perfected Bracers of Sul-Xan's Torment (Perfected Sul-Xan's Torment)","","Perfected Guards of Sul-Xan's Torment (Perfected Sul-Xan's Torment)","Perfected Boots of Sul-Xan's Torment (Perfected Sul-Xan's Torment)","","Soulcleaver Ring (Soulcleaver)","Soulcleaver Ring (Soulcleaver)","Soulcleaver Dagger (Soulcleaver)","Soulcleaver Dagger (Soulcleaver)","The Maelstrom's Perfected Inferno Staff (Perfected Crushing Wall)"," ()","Power Extraction","Surprise Attack","Lotus Fan","Relentless Focus","Deadly Cloak","Incapacitating Strike","Blockade of Fire","Proximity Detonation","Blood Mist","Shadowy Disguise","Dark Shade","Elemental Rage"
"Sanity's Edge","Trash Builds","https://www.esologs.com/reports/kNhfMVcZj9A2CtHm#fight=43&type=summary&source=10","@Plectrodancer","Plebtro","ass-shadow-siphon-perfected-sul-xans-torment-soulcleaver","dps","Ass","Shadow","Siphon","Perfected Sul-Xan's Torment","Soulcleaver","95087.5","5591.9","64.8","95087.5 DPS","","Perfected Helmet of Sul-Xan's Torment (Perfected Sul-Xan's Torment)","Perfected Jack of Sul-Xan's Torment (Perfected Sul-Xan's Torment)","Slimecraw Arm Cops (Slimecraw)","Soulcleaver Gloves (Soulcleaver)","","Perfected Guards of Sul-Xan's Torment (Perfected Sul-Xan's Torment)","Perfected Boots of Sul-Xan's Torment (Perfected Sul-Xan's Torment)","","Soulcleaver Ring (Soulcleaver)","Soulcleaver Ring (Soulcleaver)","Soulcleaver Dagger (Soulcleaver)","Soulcleaver Dagger (Soulcleaver)","The Maelstrom's Perfected Greatsword (Perfected Merciless Charge)"," ()","Relentless Focus","Shadowy Disguise","Killer's Blade","Power Extraction","Camouflaged Hunter","Incapacitating Strike","Stampede","Dark Shade","Ulfsild's Contingency","Blood Mist","Siphoning Attacks","Veil of Blades"
"Sanity's Edge","Trash Builds","https://www.esologs.com/reports/kNhfMVcZj9A2CtHm#fight=43&type=summary&source=2","@Veluzed","Azué","ass-shadow-siphon-perfected-sul-xans-torment-soulcleaver","dps","Ass","Shadow","Siphon","Perfected Sul-Xan's Torment","Soulcleaver","130093.8","6869.2","54.4","130093.8 DPS","","Perfected Helmet of Sul-Xan's Torment (Perfected Sul-Xan's Torment)","Perfected Jack of Sul-Xan's Torment (Perfected Sul-Xan's Torment)","Slimecraw Epaulets (Slimecraw)","Perfected Bracers of Sul-Xan's Torment (Perfected Sul-Xan's Torment)","","Perfected Guards of Sul-Xan's Torment (Perfected Sul-Xan's Torment)","Perfected Boots of Sul-Xan's Torment (Perfected Sul-Xan's Torment)","","Soulcleaver Ring (Soulcleaver)","Soulcleaver Ring (Soulcleaver)","Soulcleaver Dagger (Soulcleaver)","Soulcleaver Dagger (Soulcleaver)","The Maelstrom's Perfected Inferno Staff (Perfected Crushing Wall)"," ()","Whirling Blades","Camouflaged Hunter","Relentless Focus","Power Extraction","Quick Cloak","Thrive in Chaos","Dark Shade","Elemental Blockade","Shadowy Disguise","Proximity Detonation","Siphoning Attacks","Elemental Rage"
"Sanity's Edge","Trash Builds","https://www.esologs.com/reports/kNhfMVcZj9A2CtHm#fight=43&type=summary&source=14","@Jirachi_Ex","Zevran Nightwhisper","ass-shadow-siphon-perfected-sul-xans-torment-soulcleaver","dps","Ass","Shadow","Siphon","Perfected Sul-Xan's Torment","Soulcleaver","172568.9","2588.6","77.9","172568.9 DPS","","Slimecraw Guise (Slimecraw)","Perfected Jack of Sul-Xan's Torment (Perfected Sul-Xan's Torment)","Perfected Arm Cops of Sul-Xan's Torment (Perfected Sul-Xan's Torment)","Perfected Bracers of Sul-Xan's Torment (Perfected Sul-Xan's Torment)","","Perfected Guards of Sul-Xan's Torment (Perfected Sul-Xan's Torment)","Perfected Boots of Sul-Xan's Torment (Perfected Sul-Xan's Torment)","","Soulcleaver Ring (Soulcleaver)","Soulcleaver Ring (Soulcleaver)","Soulcleaver Dagger (Soulcleaver)","Soulcleaver Dagger (Soulcleaver)","The Maelstrom's Inferno Staff (Crushing Wall)"," ()","Camouflaged Hunter","Quick Cloak","Power Extraction","Whirling Blades","Dark Shade","Incapacitating Strike","Siphoning Attacks","Shadowy Disguise","Blockade of Fire","Anti-Cavalry Caltrops","Scalding Rune","Elemental Rage"
"Sanity's Edge","Trash Builds","https://www.esologs.com/reports/kNhfMVcZj9A2CtHm#fight=43&type=summary&source=7","@akinetic","Akrin Nohara","ass-shadow-siphon-perfected-sul-xans-torment-soulcleaver","dps","Ass","Shadow","Siphon","Soulcleaver","Perfected Sul-Xan's Torment","220937.2","31100.0","73.5","220937.2 DPS","The Thief","Slimecraw Mask (Slimecraw)","Soulcleaver Jack (Soulcleaver)","Perfected Arm Cops of Sul-Xan's Torment (Perfected Sul-Xan's Torment)","Soulcleaver Bracers (Soulcleaver)","","Perfected Guards of Sul-Xan's Torment (Perfected Sul-Xan's Torment)","Perfected Boots of Sul-Xan's Torment (Perfected Sul-Xan's Torment)","","Soulcleaver Ring (Soulcleaver)","Soulcleaver Ring (Soulcleaver)","Perfected Dagger of Sul-Xan's Torment (Perfected Sul-Xan's Torment)","Perfected Dagger of Sul-Xan's Torment (Perfected Sul-Xan's Torment)","The Maelstrom's Perfected Inferno Staff (Perfected Crushing Wall)"," ()","Quick Cloak","Power Extraction","Camouflaged Hunter","Shadowy Disguise","Relentless Focus","Incapacitating Strike","Blockade of Fire","Proximity Detonation","Bloody Contingency (Gladiator's Tenacity / Vulnerability)","Siphoning Attacks","Camouflaged Hunter","Elemental Rage"
"Sanity's Edge","Trash Builds","https://www.esologs.com/reports/kNhfMVcZj9A2CtHm#fight=43&type=summary&source=14","@Jirachi_Ex","Zevran Nightwhisper","ass-shadow-siphon-perfected-sul-xans-torment-soulcleaver","dps","Ass","Shadow","Siphon","Perfected Sul-Xan's Torment","Soulcleaver","149286.2","2645.0","66.1","149286.2 DPS","","Slimecraw Guise (Slimecraw)","Perfected Jack of Sul-Xan's Torment (Perfected Sul-Xan's Torment)","Perfected Arm Cops of Sul-Xan's Torment (Perfected Sul-Xan's Torment)","Perfected Bracers of Sul-Xan's Torment (Perfected Sul-Xan's Torment)","","Perfected Guards of Sul-Xan's Torment (Perfected Sul-Xan's Torment)","Perfected Boots of Sul-Xan's Torment (Perfected Sul-Xan's Torment)","","Soulcleaver Ring (Soulcleaver)","Soulcleaver Ring (Soulcleaver)","Soulcleaver Dagger (Soulcleaver)","Soulcleaver Dagger (Soulcleaver)","The Maelstrom's Inferno Staff (Crushing Wall)"," ()","Camouflaged Hunter","Quick Cloak","Power Extraction","Whirling Blades","Dark Shade","Incapacitating Strike","Siphoning Attacks","Shadowy Disguise","Blockade of Fire","Anti-Cavalry Caltrops","Scalding Rune","Elemental Rage"
"Sanity's Edge","Trash Builds","https://www.esologs.com/reports/kNhfMVcZj9A2CtHm#fight=43&type=summary&source=7","@akinetic","Akrin Nohara","ass-shadow-siphon-perfected-sul-xans-torment-soulcleaver","dps","Ass","Shadow","Siphon","Soulcleaver","Perfected Sul-Xan's Torment","184504.7","4142.3","84.5","184504.7 DPS","","Slimecraw Mask (Slimecraw)","Soulcleaver Jack (Soulcleaver)","Perfected Arm Cops of Sul-Xan's Torment (Perfected Sul-Xan's Torment)","Soulcleaver Bracers (Soulcleaver)","","Perfected Guards of Sul-Xan's Torment (Perfected Sul-Xan's Torment)","Perfected Boots of Sul-Xan's Torment (Perfected Sul-Xan's Torment)","","Soulcleaver Ring (Soulcleaver)","Soulcleaver Ring (Soulcleaver)","Perfected Dagger of Sul-Xan's Torment (Perfected Sul-Xan's Torment)","Perfected Dagger of Sul-Xan's Torment (Perfected Sul-Xan's Torment)","The Maelstrom's Perfected Inferno Staff (Perfected Crushing Wall)"," ()","Quick Cloak","Power Extraction","Camouflaged Hunter","Shadowy Disguise","Relentless Focus","Incapacitating Strike","Blockade of Fire","Proximity Detonation","Bloody Contingency (Gladiator's Tenacity / Vulnerability)","Siphoning Attacks","Camouflaged Hunter","Elemental Rage"
"Sanity's Edge","Trash Builds","https://www.esologs.com/reports/kNhfMVcZj9A2CtHm#fight=43&type=summary&source=5","@Secilina","Secílína","ass-shadow-siphon-perfected-sul-xans-torment-soulcleaver","dps","Ass","Shadow","Siphon","Perfected Sul-Xan's Torment","Soulcleaver","165937.6","25478.3","61.8","165937.6 DPS","","Slimecraw Mask (Slimecraw)","Perfected Jack of Sul-Xan's Torment (Perfected Sul-Xan's Torment)","Soulcleaver Arm Cops (Soulcleaver)","Perfected Bracers of Sul-Xan's Torment (Perfected Sul-Xan's Torment)","","Perfected Guards of Sul-Xan's Torment (Perfected Sul-Xan's Torment)","Perfected Boots of Sul-Xan's Torment (Perfected Sul-Xan's Torment)","","Soulcleaver Ring (Soulcleaver)","Soulcleaver Ring (Soulcleaver)","Soulcleaver Dagger (Soulcleaver)","Soulcleaver Dagger (Soulcleaver)","The Maelstrom's Perfected Inferno Staff (Perfected Crushing Wall)"," ()","Shadowy Disguise","Whirling Blades","Power Extraction","Camouflaged Hunter","Relentless Focus","Incapacitating Strike","Proximity Detonation","Twisting Path","Elemental Blockade","Anti-Cavalry Caltrops","Blood Mist","Elemental Rage"
"Sanity's Edge","Trash Builds","https://www.esologs.com/reports/kNhfMVcZj9A2CtHm#fight=43&type=summary&source=79","nil","Anonymous 79","ass-shadow-siphon-perfected-sul-xans-torment-soulcleaver","dps","Ass","Shadow","Siphon","Perfected Sul-Xan's Torment","Soulcleaver","142436.2","9495.7","96.3","142436.2 DPS","","Zaan Guise (Zaan)","Perfected Jack of Sul-Xan's Torment (Perfected Sul-Xan's Torment)","Perfected Arm Cops of Sul-Xan's Torment (Perfected Sul-Xan's Torment)","Soulcleaver Bracers (Soulcleaver)","","Soulcleaver Guards (Soulcleaver)","Soulcleaver Boots (Soulcleaver)","","Soulcleaver Ring (Soulcleaver)","Soulcleaver Ring (Soulcleaver)","Dagger of Sul-Xan's Torment (Sul-Xan's Torment)","Dagger of Sul-Xan's Torment (Sul-Xan's Torment)","The Maelstrom's Perfected Inferno Staff (Perfected Crushing Wall)"," ()","Relentless Focus","Quick Cloak","Power Extraction","Whirling Blades","Dark Shade","Incapacitating Strike","Elemental Blockade","Razor Caltrops","Shadowy Disguise","Siphoning Attacks","Mist Form","Elemental Rage"
"Sanity's Edge","Trash Builds","https://www.esologs.com/reports/kNhfMVcZj9A2CtHm#fight=43&type=summary&source=79","nil","Anonymous 79","ass-shadow-siphon-perfected-sul-xans-torment-soulcleaver","dps","Ass","Shadow","Siphon","Perfected Sul-Xan's Torment","Soulcleaver","120914.0","12500.3","83.1","120914.0 DPS","","Zaan Guise (Zaan)","Perfected Jack of Sul-Xan's Torment (Perfected Sul-Xan's Torment)","Perfected Arm Cops of Sul-Xan's Torment (Perfected Sul-Xan's Torment)","Soulcleaver Bracers (Soulcleaver)","","Soulcleaver Guards (Soulcleaver)","Soulcleaver Boots (Soulcleaver)","","Soulcleaver Ring (Soulcleaver)","Soulcleaver Ring (Soulcleaver)","Dagger of Sul-Xan's Torment (Sul-Xan's Torment)","Dagger of Sul-Xan's Torment (Sul-Xan's Torment)","The Maelstrom's Perfected Inferno Staff (Perfected Crushing Wall)"," ()","Relentless Focus","Quick Cloak","Power Extraction","Whirling Blades","Dark Shade","Incapacitating Strike","Elemental Blockade","Razor Caltrops","Shadowy Disguise","Siphoning Attacks","Mist Form","Elemental Rage"
"Sanity's Edge","Trash Builds","https://www.esologs.com/reports/kNhfMVcZj9A2CtHm#fight=43&type=summary&source=12","@Samnons88","ggboysgg","ass-shadow-siphon-perfected-sul-xans-torment-soulcleaver","dps","Ass","Shadow","Siphon","Perfected Sul-Xan's Torment","Soulcleaver","135627.3","20980.1","72.4","135627.3 DPS","","Slimecraw Mask (Slimecraw)","Perfected Jack of Sul-Xan's Torment (Perfected Sul-Xan's Torment)","Soulcleaver Arm Cops (Soulcleaver)","Perfected Bracers of Sul-Xan's Torment (Perfected Sul-Xan's Torment)","","Perfected Guards of Sul-Xan's Torment (Perfected Sul-Xan's Torment)","Perfected Boots of Sul-Xan's Torment (Perfected Sul-Xan's Torment)","","Soulcleaver Ring (Soulcleaver)","Soulcleaver Ring (Soulcleaver)","Soulcleaver Dagger (Soulcleaver)","Soulcleaver Dagger (Soulcleaver)","The Maelstrom's Perfected Inferno Staff (Perfected Crushing Wall)"," ()","Whirling Blades","Shadowy Disguise","Power Extraction","Surprise Attack","Relentless Focus","Incapacitating Strike","Blockade of Fire","Blood Mist","Siphoning Attacks","Twisting Path","Proximity Detonation","Shooting Star"
"Sanity's Edge","Trash Builds","https://www.esologs.com/reports/kNhfMVcZj9A2CtHm#fight=43&type=summary&source=12","@Samnons88","ggboysgg","ass-shadow-siphon-perfected-sul-xans-torment-soulcleaver","dps","Ass","Shadow","Siphon","Perfected Sul-Xan's Torment","Soulcleaver","141737.4","15887.0","77.4","141737.4 DPS","","Slimecraw Mask (Slimecraw)","Perfected Jack of Sul-Xan's Torment (Perfected Sul-Xan's Torment)","Soulcleaver Arm Cops (Soulcleaver)","Perfected Bracers of Sul-Xan's Torment (Perfected Sul-Xan's Torment)","","Perfected Guards of Sul-Xan's Torment (Perfected Sul-Xan's Torment)","Perfected Boots of Sul-Xan's Torment (Perfected Sul-Xan's Torment)","","Soulcleaver Ring (Soulcleaver)","Soulcleaver Ring (Soulcleaver)","Soulcleaver Dagger (Soulcleaver)","Soulcleaver Dagger (Soulcleaver)","The Maelstrom's Perfected Inferno Staff (Perfected Crushing Wall)"," ()","Whirling Blades","Shadowy Disguise","Power Extraction","Surprise Attack","Relentless Focus","Incapacitating Strike","Blockade of Fire","Blood Mist","Siphoning Attacks","Twisting Path","Proximity Detonation","Shooting Star"
"Sanity's Edge","Trash Builds","https://www.esologs.com/reports/6J7WyR8dpA92GmBN#fight=79&type=summary&source=3","@wDrizz","Bahsei Is My Waifu","ardent-draconic-earthen-perfected-sul-xans-torment-roar-of-alkosh","dps","Ardent","Draconic","Earthen","Roar of Alkosh","Perfected Sul-Xan's Torment","74180.3","2698.6","58.6","74180.3 DPS","","Slimecraw Mask (Slimecraw)","Jack of Alkosh (Roar of Alkosh)","Perfected Arm Cops of Sul-Xan's Torment (Perfected Sul-Xan's Torment)","Bracers of Alkosh (Roar of Alkosh)","","Guards of Alkosh (Roar of Alkosh)","Boots of Alkosh (Roar of Alkosh)","","Perfected Ring of Sul-Xan's Torment (Perfected Sul-Xan's Torment)","Perfected Ring of Sul-Xan's Torment (Perfected Sul-Xan's Torment)","Perfected Dagger of Sul-Xan's Torment (Perfected Sul-Xan's Torment)","Perfected Dagger of Sul-Xan's Torment (Perfected Sul-Xan's Torment)","The Maelstrom's Perfected Inferno Staff (Perfected Crushing Wall)"," ()","Shattering Knife","Burning Talons","Whirling Blades","Camouflaged Hunter","Quick Cloak","Flawless Dawnbreaker","Camouflaged Hunter","Soul of Flame","Elemental Blockade","Incinerate","Igneous Weapons","Standard of Might"
"Sanity's Edge","Trash Builds","https://www.esologs.com/reports/6J7WyR8dpA92GmBN#fight=79&type=summary&source=12","@Darmsztadt","Dzierzba Czarnognista","ardent-draconic-earthen-perfected-sul-xans-torment-roar-of-alkosh","dps","Ardent","Draconic","Earthen","Roar of Alkosh","Perfected Sul-Xan's Torment","52724.2","14397.8","38.0","52724.2 DPS","","Helmet of Alkosh (Roar of Alkosh)","Jack of Alkosh (Roar of Alkosh)","Zaan Arm Cops (Zaan)","Bracers of Alkosh (Roar of Alkosh)","","Perfected Guards of Sul-Xan's Torment (Perfected Sul-Xan's Torment)","Boots of Alkosh (Roar of Alkosh)","","Perfected Ring of Sul-Xan's Torment (Perfected Sul-Xan's Torment)","Perfected Ring of Sul-Xan's Torment (Perfected Sul-Xan's Torment)","Perfected Dagger of Sul-Xan's Torment (Perfected Sul-Xan's Torment)","Perfected Dagger of Sul-Xan's Torment (Perfected Sul-Xan's Torment)","The Maelstrom's Perfected Inferno Staff (Perfected Crushing Wall)"," ()","Quick Cloak","Whirling Blades","Burning Talons","Hearth and Home","Camouflaged Hunter","Flawless Dawnbreaker","Anti-Cavalry Caltrops","Ulfsild's Contingency","Elemental Blockade","Incinerate","Igneous Weapons","Standard of Might"
"Sanity's Edge","Trash Builds","https://www.esologs.com/reports/6J7WyR8dpA92GmBN#fight=79&type=summary&source=12","@Darmsztadt","Dzierzba Czarnognista","ardent-draconic-earthen-perfected-sul-xans-torment-roar-of-alkosh","dps","Ardent","Draconic","Earthen","Roar of Alkosh","Perfected Sul-Xan's Torment","80306.4","4473.6","66.1","80306.4 DPS","","Helmet of Alkosh (Roar of Alkosh)","Jack of Alkosh (Roar of Alkosh)","Zaan Arm Cops (Zaan)","Bracers of Alkosh (Roar of Alkosh)","","Perfected Guards of Sul-Xan's Torment (Perfected Sul-Xan's Torment)","Boots of Alkosh (Roar of Alkosh)","","Perfected Ring of Sul-Xan's Torment (Perfected Sul-Xan's Torment)","Perfected Ring of Sul-Xan's Torment (Perfected Sul-Xan's Torment)","Perfected Dagger of Sul-Xan's Torment (Perfected Sul-Xan's Torment)","Perfected Dagger of Sul-Xan's Torment (Perfected Sul-Xan's Torment)","The Maelstrom's Perfected Inferno Staff (Perfected Crushing Wall)"," ()","Quick Cloak","Whirling Blades","Burning Talons","Hearth and Home","Camouflaged Hunter","Flawless Dawnbreaker","Anti-Cavalry Caltrops","Ulfsild's Contingency","Elemental Blockade","Incinerate","Igneous Weapons","Standard of Might"
"Sanity's Edge","Trash Builds","https://www.esologs.com/reports/6J7WyR8dpA92GmBN#fight=79&type=summary&source=4","@Sagrel","Archmagos Belisarius Cawl","ardent-draconic-earthen-perfected-sul-xans-torment-roar-of-alkosh","dps","Ardent","Draconic","Earthen","Perfected Sul-Xan's Torment","Roar of Alkosh","173991.2","14757.4","62.1","173991.2 DPS","","Perfected Helmet of Sul-Xan's Torment (Perfected Sul-Xan's Torment)","Jack of Alkosh (Roar of Alkosh)","Slimecraw Arm Cops (Slimecraw)","Bracers of Alkosh (Roar of Alkosh)","","Guards of Alkosh (Roar of Alkosh)","Boots of Alkosh (Roar of Alkosh)","","Perfected Ring of Sul-Xan's Torment (Perfected Sul-Xan's Torment)","Perfected Ring of Sul-Xan's Torment (Perfected Sul-Xan's Torment)","Perfected Dagger of Sul-Xan's Torment (Perfected Sul-Xan's Torment)","Perfected Dagger of Sul-Xan's Torment (Perfected Sul-Xan's Torment)","The Maelstrom's Perfected Inferno Staff (Perfected Crushing Wall)"," ()","Camouflaged Hunter","Burning Talons","Flame Lash","Quick Cloak","Whirling Blades","Flawless Dawnbreaker","Proximity Detonation","Unstable Wall of Elements","Soul of Flame","Igneous Weapons","Incinerate","Elemental Rage"
"Sanity's Edge","Trash Builds","https://www.esologs.com/reports/6J7WyR8dpA92GmBN#fight=79&type=summary&source=4","@Sagrel","Archmagos Belisarius Cawl","ardent-draconic-earthen-perfected-sul-xans-torment-roar-of-alkosh","dps","Ardent","Draconic","Earthen","Perfected Sul-Xan's Torment","Roar of Alkosh","220372.9","9587.0","55.0","220372.9 DPS","","Perfected Helmet of Sul-Xan's Torment (Perfected Sul-Xan's Torment)","Jack of Alkosh (Roar of Alkosh)","Slimecraw Arm Cops (Slimecraw)","Bracers of Alkosh (Roar of Alkosh)","","Guards of Alkosh (Roar of Alkosh)","Boots of Alkosh (Roar of Alkosh)","","Perfected Ring of Sul-Xan's Torment (Perfected Sul-Xan's Torment)","Perfected Ring of Sul-Xan's Torment (Perfected Sul-Xan's Torment)","Perfected Dagger of Sul-Xan's Torment (Perfected Sul-Xan's Torment)","Perfected Dagger of Sul-Xan's Torment (Perfected Sul-Xan's Torment)","The Maelstrom's Perfected Inferno Staff (Perfected Crushing Wall)"," ()","Camouflaged Hunter","Burning Talons","Flame Lash","Quick Cloak","Whirling Blades","Flawless Dawnbreaker","Proximity Detonation","Unstable Wall of Elements","Soul of Flame","Igneous Weapons","Incinerate","Elemental Rage"
"Sanity's Edge","Trash Builds","https://www.esologs.com/reports/6J7WyR8dpA92GmBN#fight=79&type=summary&source=8","@eRJey","Still an Arcanist","ardent-draconic-earthen-perfected-sul-xans-torment-roar-of-alkosh","dps","Ardent","Draconic","Earthen","Roar of Alkosh","Perfected Sul-Xan's Torment","364889.5","42560.2","39.7","364889.5 DPS","The Atronach","Zaan Mask (Zaan)","Jack of Alkosh (Roar of Alkosh)","Arm Cops of Alkosh (Roar of Alkosh)","Bracers of Alkosh (Roar of Alkosh)","","Guards of Alkosh (Roar of Alkosh)","Boots of Alkosh (Roar of Alkosh)","","Perfected Ring of Sul-Xan's Torment (Perfected Sul-Xan's Torment)","Perfected Ring of Sul-Xan's Torment (Perfected Sul-Xan's Torment)","Perfected Dagger of Sul-Xan's Torment (Perfected Sul-Xan's Torment)","Perfected Dagger of Sul-Xan's Torment (Perfected Sul-Xan's Torment)","The Maelstrom's Perfected Inferno Staff (Perfected Crushing Wall)"," ()","Burning Talons","Whirling Blades","Shattering Knife","Flame Lash","Camouflaged Hunter","Flawless Dawnbreaker","Sundering Trample","Soul of Flame","Incinerate","Igneous Weapons","Elemental Blockade","Elemental Rage"
"Sanity's Edge","Trash Builds","https://www.esologs.com/reports/6J7WyR8dpA92GmBN#fight=79&type=summary&source=10","@SweetBabyReyes","Links Awakening","ardent-draconic-earthen-perfected-sul-xans-torment-roar-of-alkosh","dps","Ardent","Draconic","Earthen","Roar of Alkosh","Perfected Sul-Xan's Torment","135417.3","69724.3","54.3","135417.3 DPS","","Slimecraw Mask (Slimecraw)","Jack of Alkosh (Roar of Alkosh)","Arm Cops of Alkosh (Roar of Alkosh)","Bracers of Alkosh (Roar of Alkosh)","","Guards of Alkosh (Roar of Alkosh)","Boots of Alkosh (Roar of Alkosh)","","Perfected Ring of Sul-Xan's Torment (Perfected Sul-Xan's Torment)","Perfected Ring of Sul-Xan's Torment (Perfected Sul-Xan's Torment)","Perfected Dagger of Sul-Xan's Torment (Perfected Sul-Xan's Torment)","Perfected Dagger of Sul-Xan's Torment (Perfected Sul-Xan's Torment)","The Maelstrom's Perfected Bow (Perfected Thunderous Volley)"," ()","Whirling Blades","Soul of Flame","Burning Talons","Shattering Knife (Warrior's Opportunity / Off Balance)","Quick Cloak","Flawless Dawnbreaker","Molten Whip","Shatterspike Mantle","Arrow Barrage","Incinerate","Igneous Weapons","Shooting Star"
"Sanity's Edge","Trash Builds","https://www.esologs.com/reports/6J7WyR8dpA92GmBN#fight=79&type=summary&source=10","@SweetBabyReyes","Links Awakening","ardent-draconic-earthen-perfected-sul-xans-torment-roar-of-alkosh","dps","Ardent","Draconic","Earthen","Roar of Alkosh","Perfected Sul-Xan's Torment","95379.7","13444.8","49.4","95379.7 DPS","","Slimecraw Mask (Slimecraw)","Jack of Alkosh (Roar of Alkosh)","Arm Cops of Alkosh (Roar of Alkosh)","Bracers of Alkosh (Roar of Alkosh)","","Guards of Alkosh (Roar of Alkosh)","Boots of Alkosh (Roar of Alkosh)","","Perfected Ring of Sul-Xan's Torment (Perfected Sul-Xan's Torment)","Perfected Ring of Sul-Xan's Torment (Perfected Sul-Xan's Torment)","Perfected Dagger of Sul-Xan's Torment (Perfected Sul-Xan's Torment)","Perfected Dagger of Sul-Xan's Torment (Perfected Sul-Xan's Torment)","The Maelstrom's Perfected Bow (Perfected Thunderous Volley)"," ()","Whirling Blades","Soul of Flame","Burning Talons","Shattering Knife (Warrior's Opportunity / Off Balance)","Quick Cloak","Flawless Dawnbreaker","Molten Whip","Shatterspike Mantle","Arrow Barrage","Incinerate","Igneous Weapons","Shooting Star"
"Sanity's Edge","Trash Builds","https://www.esologs.com/reports/wajyARNtdqz9pgML#fight=8&type=summary&source=3","@Affinitis","Anara Uveleth","ass-dawn-herald-perfected-sul-xans-torment-tide-born-wildstalker","dps","Ass","Dawn","Herald","Perfected Sul-Xan's Torment","Tide-Born Wildstalker","104558.1","241111.7","78.7","104558.1 DPS","","Slimecraw Mask (Slimecraw)","Perfected Jack of Sul-Xan's Torment (Perfected Sul-Xan's Torment)","Tide-Born Epaulets (Tide-Born Wildstalker)","Perfected Bracers of Sul-Xan's Torment (Perfected Sul-Xan's Torment)","","Perfected Guards of Sul-Xan's Torment (Perfected Sul-Xan's Torment)","Perfected Boots of Sul-Xan's Torment (Perfected Sul-Xan's Torment)","","Tide-Born Ring (Tide-Born Wildstalker)","Tide-Born Ring (Tide-Born Wildstalker)","Tide-Born Dagger (Tide-Born Wildstalker)","Tide-Born Dagger (Tide-Born Wildstalker)","The Maelstrom's Perfected Bow (Perfected Thunderous Volley)"," ()","Tentacular Dread","Relentless Focus","Escalating Runeblades","Whirling Blades","Quick Cloak","Soul Harvest","Solar Barrage","Arrow Barrage","Inspired Scholarship","Proximity Detonation","Concealed Weapon","The Languid Eye"
"Sanity's Edge","Trash Builds","https://www.esologs.com/reports/wajyARNtdqz9pgML#fight=8&type=summary&source=12","@Grozl0k","Ẅūqpø'Hbęþ","ass-dawn-herald-perfected-sul-xans-torment-tide-born-wildstalker","dps","Ass","Dawn","Herald","Perfected Sul-Xan's Torment","Tide-Born Wildstalker","144820.8","25465.3","41.4","144820.8 DPS","","Zaan Guise (Zaan)","Perfected Jack of Sul-Xan's Torment (Perfected Sul-Xan's Torment)","Perfected Arm Cops of Sul-Xan's Torment (Perfected Sul-Xan's Torment)","Tide-Born Bracers (Tide-Born Wildstalker)","","Perfected Guards of Sul-Xan's Torment (Perfected Sul-Xan's Torment)","Tide-Born Boots (Tide-Born Wildstalker)","","Perfected Ring of Sul-Xan's Torment (Perfected Sul-Xan's Torment)","Tide-Born Ring (Tide-Born Wildstalker)","Tide-Born Dagger (Tide-Born Wildstalker)","Tide-Born Dagger (Tide-Born Wildstalker)","The Maelstrom's Perfected Inferno Staff (Perfected Crushing Wall)"," ()","Escalating Runeblades","Exhausting Fatecarver","Relentless Focus","Quick Cloak","Whirling Blades","Incapacitating Strike","Elemental Blockade","Inspired Scholarship","Anti-Cavalry Caltrops","Solar Barrage","Proximity Detonation","The Languid Eye"
"Sanity's Edge","Trash Builds","https://www.esologs.com/reports/wajyARNtdqz9pgML#fight=8&type=summary&source=5","@cxldnvs","Argenté","ass-dawn-herald-perfected-sul-xans-torment-tide-born-wildstalker","dps","Ass","Dawn","Herald","Perfected Sul-Xan's Torment","Tide-Born Wildstalker","168846.1","14766.0","45.6","168846.1 DPS","","Perfected Helmet of Sul-Xan's Torment (Perfected Sul-Xan's Torment)","Tide-Born Jack (Tide-Born Wildstalker)","Slimecraw Epaulets (Slimecraw)","Perfected Bracers of Sul-Xan's Torment (Perfected Sul-Xan's Torment)","","Perfected Guards of Sul-Xan's Torment (Perfected Sul-Xan's Torment)","Perfected Boots of Sul-Xan's Torment (Perfected Sul-Xan's Torment)","","Tide-Born Ring (Tide-Born Wildstalker)","Tide-Born Ring (Tide-Born Wildstalker)","Tide-Born Dagger (Tide-Born Wildstalker)","Tide-Born Dagger (Tide-Born Wildstalker)","The Maelstrom's Perfected Inferno Staff (Perfected Crushing Wall)"," ()","Quick Cloak","Cephaliarch's Flail","Radiant Glory","Pragmatic Fatecarver","Banner Bearer","Soul Harvest","Inspired Scholarship","Solar Barrage","Elemental Blockade","Relentless Focus","Banner Bearer","The Languid Eye"
"Sanity's Edge","Trash Builds","https://www.esologs.com/reports/wajyARNtdqz9pgML#fight=8&type=summary&source=3","@Affinitis","Anara Uveleth","ass-dawn-herald-perfected-sul-xans-torment-tide-born-wildstalker","dps","Ass","Dawn","Herald","Perfected Sul-Xan's Torment","Tide-Born Wildstalker","168968.1","11898.1","64.7","168968.1 DPS","","Slimecraw Mask (Slimecraw)","Perfected Jack of Sul-Xan's Torment (Perfected Sul-Xan's Torment)","Tide-Born Epaulets (Tide-Born Wildstalker)","Perfected Bracers of Sul-Xan's Torment (Perfected Sul-Xan's Torment)","","Perfected Guards of Sul-Xan's Torment (Perfected Sul-Xan's Torment)","Perfected Boots of Sul-Xan's Torment (Perfected Sul-Xan's Torment)","","Tide-Born Ring (Tide-Born Wildstalker)","Tide-Born Ring (Tide-Born Wildstalker)","Tide-Born Dagger (Tide-Born Wildstalker)","Tide-Born Dagger (Tide-Born Wildstalker)","The Maelstrom's Perfected Bow (Perfected Thunderous Volley)"," ()","Tentacular Dread","Relentless Focus","Escalating Runeblades","Whirling Blades","Quick Cloak","Soul Harvest","Solar Barrage","Arrow Barrage","Inspired Scholarship","Proximity Detonation","Concealed Weapon","The Languid Eye"
"Sanity's Edge","Trash Builds","https://www.esologs.com/reports/wajyARNtdqz9pgML#fight=8&type=summary&source=12","@Grozl0k","Ẅūqpø'Hbęþ","ass-dawn-herald-perfected-sul-xans-torment-tide-born-wildstalker","dps","Ass","Dawn","Herald","Perfected Sul-Xan's Torment","Tide-Born Wildstalker","268018.2","64984.2","37.2","268018.2 DPS","The Thief","Zaan Guise (Zaan)","Perfected Jack of Sul-Xan's Torment (Perfected Sul-Xan's Torment)","Perfected Arm Cops of Sul-Xan's Torment (Perfected Sul-Xan's Torment)","Tide-Born Bracers (Tide-Born Wildstalker)","","Perfected Guards of Sul-Xan's Torment (Perfected Sul-Xan's Torment)","Tide-Born Boots (Tide-Born Wildstalker)","","Perfected Ring of Sul-Xan's Torment (Perfected Sul-Xan's Torment)","Tide-Born Ring (Tide-Born Wildstalker)","Tide-Born Dagger (Tide-Born Wildstalker)","Tide-Born Dagger (Tide-Born Wildstalker)","The Maelstrom's Perfected Inferno Staff (Perfected Crushing Wall)"," ()","Escalating Runeblades","Exhausting Fatecarver","Relentless Focus","Quick Cloak","Whirling Blades","Incapacitating Strike","Elemental Blockade","Inspired Scholarship","Anti-Cavalry Caltrops","Solar Barrage","Proximity Detonation","The Languid Eye"
"Sanity's Edge","Trash Builds","https://www.esologs.com/reports/wajyARNtdqz9pgML#fight=8&type=summary&source=5","@cxldnvs","Argenté","ass-dawn-herald-perfected-sul-xans-torment-tide-born-wildstalker","dps","Ass","Dawn","Herald","Perfected Sul-Xan's Torment","Tide-Born Wildstalker","209899.3","4108.2","29.1","209899.3 DPS","","Perfected Helmet of Sul-Xan's Torment (Perfected Sul-Xan's Torment)","Tide-Born Jack (Tide-Born Wildstalker)","Slimecraw Epaulets (Slimecraw)","Perfected Bracers of Sul-Xan's Torment (Perfected Sul-Xan's Torment)","","Perfected Guards of Sul-Xan's Torment (Perfected Sul-Xan's Torment)","Perfected Boots of Sul-Xan's Torment (Perfected Sul-Xan's Torment)","","Tide-Born Ring (Tide-Born Wildstalker)","Tide-Born Ring (Tide-Born Wildstalker)","Tide-Born Dagger (Tide-Born Wildstalker)","Tide-Born Dagger (Tide-Born Wildstalker)","The Maelstrom's Perfected Inferno Staff (Perfected Crushing Wall)"," ()","Quick Cloak","Cephaliarch's Flail","Radiant Glory","Pragmatic Fatecarver","Banner Bearer","Soul Harvest","Inspired Scholarship","Solar Barrage","Elemental Blockade","Relentless Focus","Banner Bearer","The Languid Eye"
