"Trial Name","Boss Name","ESO Logs Player Link","Player Handle","Character Name","Build Slug","Role","Subclass 1","Subclass 2","Subclass 3","Signature Set 1","Signature Set 2","DPS","HPS","CPM","Primary Metric","Mundus Stone","Gear: Head","Gear: Chest","Gear: Shoulders","Gear: Hands","Gear: Waist","Gear: Legs","Gear: Feet","Gear: Necklace","Gear: Ring1","Gear: Ring2","Gear: Main_Hand","Gear: Off_Hand","Gear: Backup_Main_Hand","Gear: Backup_Off_Hand","Bar 1 Ability 1","Bar 1 Ability 2","Bar 1 Ability 3","Bar 1 Ability 4","Bar 1 Ability 5","Bar 1 Ability 6","Bar 2 Ability 1","Bar 2 Ability 2","Bar 2 Ability 3","Bar 2 Ability 4","Bar 2 Ability 5","Bar 2 Ability 6"
"The Halls of Fabrication","The Hunter Killers","https://www.esologs.com/reports/yHxYKXgq9tPBcrVn#fight=48&type=summary&source=12","@Gilane","Tacita Dolore Mortis","grave-herald-x-corpseburster-perfected-slivers-of-the-null-arca","dps","Grave","Herald","x","Corpseburster","Perfected Slivers of the Null Arca","331854.6","11886.6","54.5","331854.6 DPS","The Thief","Corpseburster Helmet (Corpseburster)","Perfected Null Arca Jack (Perfected Slivers of the Null Arca)","Slimecraw Arm Cops (Slimecraw)","Perfected Null Arca Bracers (Perfected Slivers of the Null Arca)","","Perfected Null Arca Guards (Perfected Slivers of the Null Arca)","Perfected Null Arca Boots (Perfected Slivers of the Null Arca)","","Corpseburster Ring (Corpseburster)","Corpseburster Ring (Corpseburster)","Corpseburster Dagger (Corpseburster)","Corpseburster Dagger (Corpseburster)","The Maelstrom's Perfected Greatsword (Perfected Merciless Charge)"," ()","Venom Skull","Detonating Siphon","Avid Boneyard","Blighted Blastbones","Banner Bearer","Pestilent Colossus","Trap Beast","Carve","Stampede","Skeletal Archer","Banner Bearer","Meteor"
"The Halls of Fabrication","The Hunter Killers","https://www.esologs.com/reports/yHxYKXgq9tPBcrVn#fight=48&type=summary&source=5","@SomebodysWatchingMe","Let's Do An Unboxing","grave-herald-x-corpseburster-perfected-slivers-of-the-null-arca","dps","Grave","Herald","x","Perfected Slivers of the Null Arca","Corpseburster","303046.2","14634.8","63.1","303046.2 DPS","","Zaan Guise (Zaan)","Perfected Null Arca Jack (Perfected Slivers of the Null Arca)","Corpseburster Arm Cops (Corpseburster)","Perfected Null Arca Bracers (Perfected Slivers of the Null Arca)","","Perfected Null Arca Guards (Perfected Slivers of the Null Arca)","Perfected Null Arca Boots (Perfected Slivers of the Null Arca)","","Corpseburster Ring (Corpseburster)","Corpseburster Ring (Corpseburster)","Corpseburster Dagger (Corpseburster)","Corpseburster Dagger (Corpseburster)","The Maelstrom's Perfected Greatsword (Perfected Merciless Charge)"," ()","Blighted Blastbones","Detonating Siphon","Venom Skull","Banner Bearer","Avid Boneyard","Flawless Dawnbreaker","Stampede","Carve","Barbed Trap","Banner Bearer","Skeletal Arcanist","Glacial Colossus"
"The Halls of Fabrication","The Hunter Killers","https://www.esologs.com/reports/yHxYKXgq9tPBcrVn#fight=48&type=summary&source=10","@neckbeeko","Where-Body-Ends","grave-herald-x-corpseburster-perfected-slivers-of-the-null-arca","dps","Grave","Herald","x","Perfected Slivers of the Null Arca","Corpseburster","242116.3","2555.6","71.2","242116.3 DPS","","Huntsman's Warmask (Huntsman's Warmask)","Perfected Null Arca Jack (Perfected Slivers of the Null Arca)","Slimecraw Arm Cops (Slimecraw)","Perfected Null Arca Bracers (Perfected Slivers of the Null Arca)","","Perfected Null Arca Guards (Perfected Slivers of the Null Arca)","Perfected Null Arca Boots (Perfected Slivers of the Null Arca)","","Corpseburster Ring (Corpseburster)","Corpseburster Ring (Corpseburster)","Corpseburster Dagger (Corpseburster)","Corpseburster Dagger (Corpseburster)","The Maelstrom's Perfected Greatsword (Perfected Merciless Charge)"," ()","Unnerving Boneyard","Blighted Blastbones","Venom Skull","Detonating Siphon","Sundering Banner (Class Flourish / Heroism)","Flawless Dawnbreaker","Skeletal Archer","Barbed Trap","Stampede","Carve","Sundering Banner (Class Flourish / Heroism)","Shooting Star"
"The Halls of Fabrication","The Hunter Killers","https://www.esologs.com/reports/yHxYKXgq9tPBcrVn#fight=48&type=summary&source=5","@AshOfChaos","Friede Deathwhisper","grave-herald-x-corpseburster-perfected-slivers-of-the-null-arca","dps","Grave","Herald","x","Perfected Slivers of the Null Arca","Corpseburster","188727.4","11896.8","70.2","188727.4 DPS","","Slimecraw Mask (Slimecraw)","Perfected Null Arca Jack (Perfected Slivers of the Null Arca)","Corpseburster Arm Cops (Corpseburster)","Perfected Null Arca Bracers (Perfected Slivers of the Null Arca)","","Perfected Null Arca Guards (Perfected Slivers of the Null Arca)","Perfected Null Arca Boots (Perfected Slivers of the Null Arca)","","Corpseburster Ring (Corpseburster)","Corpseburster Ring (Corpseburster)","Corpseburster Dagger (Corpseburster)","Corpseburster Axe (Corpseburster)","The Maelstrom's Perfected Greatsword (Perfected Merciless Charge)"," ()","Avid Boneyard","Blighted Blastbones","Venom Skull","Detonating Siphon","Shocking Banner (Class Flourish / Heroism)","Thrive in Chaos","Carve","Anti-Cavalry Caltrops","Stampede","Skeletal Archer","Shocking Banner (Class Flourish / Heroism)","Shooting Star"
"The Halls of Fabrication","The Hunter Killers","https://www.esologs.com/reports/yHxYKXgq9tPBcrVn#fight=48&type=summary&source=7","@emochemist","necci-wecci","grave-herald-x-corpseburster-perfected-slivers-of-the-null-arca","dps","Grave","Herald","x","Corpseburster","Perfected Slivers of the Null Arca","223687.4","9494.6","74.6","223687.4 DPS","","Corpseburster Hat (Corpseburster)","Corpseburster Jerkin (Corpseburster)","Slimecraw Arm Cops (Slimecraw)","Perfected Null Arca Bracers (Perfected Slivers of the Null Arca)","","Perfected Null Arca Guards (Perfected Slivers of the Null Arca)","Perfected Null Arca Boots (Perfected Slivers of the Null Arca)","","Corpseburster Ring (Corpseburster)","Corpseburster Ring (Corpseburster)","Perfected Null Arca Dagger (Perfected Slivers of the Null Arca)","Perfected Null Arca Dagger (Perfected Slivers of the Null Arca)","The Maelstrom's Perfected Greatsword (Perfected Merciless Charge)"," ()","Blighted Blastbones","Venom Skull","Detonating Siphon","Unnerving Boneyard","Shocking Banner (Class Flourish / Heroism)","Flawless Dawnbreaker","Stampede","Carve","Barbed Trap","Skeletal Archer","Shocking Banner (Class Flourish / Heroism)","Shooting Star"
"The Halls of Fabrication","The Hunter Killers","https://www.esologs.com/reports/yHxYKXgq9tPBcrVn#fight=48&type=summary&source=59","@AshOfChaos","Friede Deathwhisper","grave-herald-x-corpseburster-perfected-slivers-of-the-null-arca","dps","Grave","Herald","x","Perfected Slivers of the Null Arca","Corpseburster","230485.6","19294.8","68.6","230485.6 DPS","","Slimecraw Mask (Slimecraw)","Perfected Null Arca Jack (Perfected Slivers of the Null Arca)","Corpseburster Arm Cops (Corpseburster)","Perfected Null Arca Bracers (Perfected Slivers of the Null Arca)","","Perfected Null Arca Guards (Perfected Slivers of the Null Arca)","Perfected Null Arca Boots (Perfected Slivers of the Null Arca)","","Corpseburster Ring (Corpseburster)","Corpseburster Ring (Corpseburster)","Corpseburster Dagger (Corpseburster)","Corpseburster Axe (Corpseburster)","The Maelstrom's Perfected Greatsword (Perfected Merciless Charge)"," ()","Avid Boneyard","Blighted Blastbones","Venom Skull","Detonating Siphon","Banner Bearer","Thrive in Chaos","Carve","Anti-Cavalry Caltrops","Stampede","Skeletal Archer","Banner Bearer","Shooting Star"
"The Halls of Fabrication","The Hunter Killers","https://www.esologs.com/reports/yHxYKXgq9tPBcrVn#fight=48&type=summary&source=4","@emochemist","necci-wecci","grave-herald-x-corpseburster-perfected-slivers-of-the-null-arca","dps","Grave","Herald","x","Corpseburster","Perfected Slivers of the Null Arca","221858.2","64246.9","70.1","221858.2 DPS","","Corpseburster Hat (Corpseburster)","Corpseburster Jerkin (Corpseburster)","Slimecraw Arm Cops (Slimecraw)","Perfected Null Arca Bracers (Perfected Slivers of the Null Arca)","","Perfected Null Arca Guards (Perfected Slivers of the Null Arca)","Perfected Null Arca Boots (Perfected Slivers of the Null Arca)","","Corpseburster Ring (Corpseburster)","Corpseburster Ring (Corpseburster)","Perfected Null Arca Dagger (Perfected Slivers of the Null Arca)","Perfected Null Arca Dagger (Perfected Slivers of the Null Arca)","The Maelstrom's Perfected Greatsword (Perfected Merciless Charge)"," ()","Blighted Blastbones","Venom Skull","Detonating Siphon","Unnerving Boneyard","Banner Bearer","Flawless Dawnbreaker","Stampede","Carve","Barbed Trap","Skeletal Archer","Banner Bearer","Shooting Star"
"The Halls of Fabrication","The Hunter Killers","https://www.esologs.com/reports/yHxYKXgq9tPBcrVn#fight=48&type=summary&source=10","@Gisleyiin","Siraesar Serpentscale","herald-soldier-x-perfected-slivers-of-the-null-arca-spattering-disjunction","dps","Herald","Soldier","x","Perfected Slivers of the Null Arca","Spattering Disjunction","337820.5","15781.5","27.3","337820.5 DPS","The Thief","Slimecraw Mask (Slimecraw)","Perfected Null Arca Jack (Perfected Slivers of the Null Arca)","Spattering Disjunction Epaulets (Spattering Disjunction)","Perfected Null Arca Bracers (Perfected Slivers of the Null Arca)","","Perfected Null Arca Guards (Perfected Slivers of the Null Arca)","Perfected Null Arca Boots (Perfected Slivers of the Null Arca)","","Spattering Disjunction Ring (Spattering Disjunction)","Spattering Disjunction Ring (Spattering Disjunction)","Spattering Disjunction Dagger (Spattering Disjunction)","Spattering Disjunction Dagger (Spattering Disjunction)","The Maelstrom's Perfected Greatsword (Perfected Merciless Charge)"," ()","Cephaliarch's Flail","Quick Cloak","Camouflaged Hunter","Pragmatic Fatecarver","Barbed Trap","Flawless Dawnbreaker","Fulminating Rune","Stampede","Cruxweaver Armor","Inspired Scholarship","Carve","The Languid Eye"
"The Halls of Fabrication","The Hunter Killers","https://www.esologs.com/reports/yHxYKXgq9tPBcrVn#fight=48&type=summary&source=15","@GonzoTheFreshMaker","Citizen Cringe","herald-soldier-x-perfected-slivers-of-the-null-arca-spattering-disjunction","dps","Herald","Soldier","x","Spattering Disjunction","Perfected Slivers of the Null Arca","241020.9","23204.3","22.8","241020.9 DPS","","Slimecraw Guise (Slimecraw)","Spattering Disjunction Jack (Spattering Disjunction)","Perfected Null Arca Arm Cops (Perfected Slivers of the Null Arca)","Spattering Disjunction Bracers (Spattering Disjunction)","","Spattering Disjunction Guards (Spattering Disjunction)","Spattering Disjunction Boots (Spattering Disjunction)","","Perfected Null Arca Ring (Perfected Slivers of the Null Arca)","Perfected Null Arca Ring (Perfected Slivers of the Null Arca)","Perfected Null Arca Dagger (Perfected Slivers of the Null Arca)","Perfected Null Arca Dagger (Perfected Slivers of the Null Arca)","The Maelstrom's Perfected Greatsword (Perfected Merciless Charge)"," ()","Quick Cloak","Cephaliarch's Flail","Banner Bearer","Barbed Trap","Pragmatic Fatecarver","Flawless Dawnbreaker","Inspired Scholarship","Stampede","Cruxweaver Armor","Banner Bearer","Fulminating Rune","The Languid Eye"
"The Halls of Fabrication","The Hunter Killers","https://www.esologs.com/reports/yHxYKXgq9tPBcrVn#fight=48&type=summary&source=21","@FredRaygun","Noah's Arcanist","herald-soldier-x-perfected-slivers-of-the-null-arca-spattering-disjunction","dps","Herald","Soldier","x","Spattering Disjunction","Perfected Slivers of the Null Arca","217580.8","3725.1","15.9","217580.8 DPS","","Slimecraw Guise (Slimecraw)","Spattering Disjunction Jack (Spattering Disjunction)","Perfected Null Arca Arm Cops (Perfected Slivers of the Null Arca)","Spattering Disjunction Bracers (Spattering Disjunction)","","Spattering Disjunction Guards (Spattering Disjunction)","Spattering Disjunction Boots (Spattering Disjunction)","","Perfected Null Arca Ring (Perfected Slivers of the Null Arca)","Perfected Null Arca Ring (Perfected Slivers of the Null Arca)","Perfected Null Arca Dagger (Perfected Slivers of the Null Arca)","Perfected Null Arca Dagger (Perfected Slivers of the Null Arca)","The Maelstrom's Greatsword (Merciless Charge)"," ()","Cephaliarch's Flail","Exhausting Fatecarver","Quick Cloak","Camouflaged Hunter","Rune of the Colorless Pool","Flawless Dawnbreaker","Stampede","Fulminating Rune","Inspired Scholarship","Cruxweaver Armor","Ulfsild's Contingency","The Languid Eye"
"The Halls of Fabrication","The Hunter Killers","https://www.esologs.com/reports/yHxYKXgq9tPBcrVn#fight=48&type=summary&source=1","@MadMod10","Zolus Graylock","herald-soldier-x-perfected-slivers-of-the-null-arca-spattering-disjunction","dps","Herald","Soldier","x","Spattering Disjunction","Perfected Slivers of the Null Arca","210608.1","3782.1","38.0","210608.1 DPS","","Slimecraw Guise (Slimecraw)","Spattering Disjunction Jack (Spattering Disjunction)","Perfected Null Arca Arm Cops (Perfected Slivers of the Null Arca)","Spattering Disjunction Bracers (Spattering Disjunction)","","Spattering Disjunction Guards (Spattering Disjunction)","Spattering Disjunction Boots (Spattering Disjunction)","","Perfected Null Arca Ring (Perfected Slivers of the Null Arca)","Perfected Null Arca Ring (Perfected Slivers of the Null Arca)","Perfected Null Arca Dagger (Perfected Slivers of the Null Arca)","Perfected Null Arca Dagger (Perfected Slivers of the Null Arca)","The Maelstrom's Perfected Greatsword (Perfected Merciless Charge)"," ()","Quick Cloak","Barbed Trap","Cephaliarch's Flail","Pragmatic Fatecarver","Camouflaged Hunter","Flawless Dawnbreaker","Stampede","Cruxweaver Armor","Inspired Scholarship","Fulminating Rune","Camouflaged Hunter","The Languid Eye"
"The Halls of Fabrication","The Hunter Killers","https://www.esologs.com/reports/yHxYKXgq9tPBcrVn#fight=48&type=summary&source=2","@Trujazz","Alan-Scott","herald-soldier-x-perfected-slivers-of-the-null-arca-spattering-disjunction","dps","Herald","Soldier","x","Spattering Disjunction","Perfected Slivers of the Null Arca","224762.0","3711.9","51.2","224762.0 DPS","","Slimecraw Guise (Slimecraw)","Spattering Disjunction Jack (Spattering Disjunction)","Perfected Null Arca Arm Cops (Perfected Slivers of the Null Arca)","Spattering Disjunction Bracers (Spattering Disjunction)","","Spattering Disjunction Guards (Spattering Disjunction)","Spattering Disjunction Boots (Spattering Disjunction)","","Perfected Null Arca Ring (Perfected Slivers of the Null Arca)","Perfected Null Arca Ring (Perfected Slivers of the Null Arca)","Perfected Null Arca Dagger (Perfected Slivers of the Null Arca)","Perfected Null Arca Dagger (Perfected Slivers of the Null Arca)","The Maelstrom's Perfected Greatsword (Perfected Merciless Charge)"," ()","Pragmatic Fatecarver","Quick Cloak","Cephaliarch's Flail","Barbed Trap","Camouflaged Hunter","Flawless Dawnbreaker","Stampede","Fulminating Rune","Inspired Scholarship","Camouflaged Hunter","Cruxweaver Armor","The Languid Eye"
"The Halls of Fabrication","The Hunter Killers","https://www.esologs.com/reports/yHxYKXgq9tPBcrVn#fight=48&type=summary&source=16","@Trujazz","Alan-Scott","herald-soldier-x-perfected-slivers-of-the-null-arca-spattering-disjunction","dps","Herald","Soldier","x","Spattering Disjunction","Perfected Slivers of the Null Arca","214380.8","4263.1","29.2","214380.8 DPS","","Slimecraw Guise (Slimecraw)","Spattering Disjunction Jack (Spattering Disjunction)","Perfected Null Arca Arm Cops (Perfected Slivers of the Null Arca)","Spattering Disjunction Bracers (Spattering Disjunction)","","Spattering Disjunction Guards (Spattering Disjunction)","Spattering Disjunction Boots (Spattering Disjunction)","","Perfected Null Arca Ring (Perfected Slivers of the Null Arca)","Perfected Null Arca Ring (Perfected Slivers of the Null Arca)","Perfected Null Arca Dagger (Perfected Slivers of the Null Arca)","Perfected Null Arca Dagger (Perfected Slivers of the Null Arca)","The Maelstrom's Perfected Greatsword (Perfected Merciless Charge)"," ()","Pragmatic Fatecarver","Quick Cloak","Cephaliarch's Flail","Barbed Trap","Camouflaged Hunter","Flawless Dawnbreaker","Stampede","Fulminating Rune","Inspired Scholarship","Camouflaged Hunter","Cruxweaver Armor","The Languid Eye"
"The Halls of Fabrication","The Hunter Killers","https://www.esologs.com/reports/yHxYKXgq9tPBcrVn#fight=48&type=summary&source=10","@MadMod10","Zolus Graylock","herald-soldier-x-perfected-slivers-of-the-null-arca-spattering-disjunction","dps","Herald","Soldier","x","Spattering Disjunction","Perfected Slivers of the Null Arca","150797.2","6569.8","29.2","150797.2 DPS","","Slimecraw Guise (Slimecraw)","Spattering Disjunction Jack (Spattering Disjunction)","Perfected Null Arca Arm Cops (Perfected Slivers of the Null Arca)","Spattering Disjunction Bracers (Spattering Disjunction)","","Spattering Disjunction Guards (Spattering Disjunction)","Spattering Disjunction Boots (Spattering Disjunction)","","Perfected Null Arca Ring (Perfected Slivers of the Null Arca)","Perfected Null Arca Ring (Perfected Slivers of the Null Arca)","Perfected Null Arca Dagger (Perfected Slivers of the Null Arca)","Perfected Null Arca Dagger (Perfected Slivers of the Null Arca)","The Maelstrom's Perfected Greatsword (Perfected Merciless Charge)"," ()","Quick Cloak","Barbed Trap","Cephaliarch's Flail","Pragmatic Fatecarver","Camouflaged Hunter","Flawless Dawnbreaker","Stampede","Cruxweaver Armor","Inspired Scholarship","Fulminating Rune","Camouflaged Hunter","The Languid Eye"
"The Halls of Fabrication","The Hunter Killers","https://www.esologs.com/reports/YQxg78cnkKFAjCXT#fight=39&type=summary&source=8","@Pixel_Frost","Necraftn","bone-grave-x-corpseburster-perfected-slivers-of-the-null-arca","dps","Grave","Bone","x","Perfected Slivers of the Null Arca","Corpseburster","530584.3","25431.1","131.7","530584.3 DPS","","Slimecraw Guise (Slimecraw)","Perfected Null Arca Jack (Perfected Slivers of the Null Arca)","Perfected Null Arca Arm Cops (Perfected Slivers of the Null Arca)","Perfected Null Arca Bracers (Perfected Slivers of the Null Arca)","","Perfected Null Arca Guards (Perfected Slivers of the Null Arca)","Perfected Null Arca Boots (Perfected Slivers of the Null Arca)","","Corpseburster Ring (Corpseburster)","Corpseburster Ring (Corpseburster)","Corpseburster Dagger (Corpseburster)","Corpseburster Dagger (Corpseburster)","The Maelstrom's Perfected Greatsword (Perfected Merciless Charge)"," ()","Blighted Blastbones","Unnerving Boneyard","Venom Skull","Detonating Siphon","Banner Bearer","Flawless Dawnbreaker","Stampede","Simmering Frenzy","Skeletal Arcanist","Ulfsild's Contingency","Banner Bearer","Pummeling Goliath"
"The Halls of Fabrication","The Hunter Killers","https://www.esologs.com/reports/YQxg78cnkKFAjCXT#fight=39&type=summary&source=4","@BRabbit.3","Krieg The Dark Lord","bone-grave-x-corpseburster-perfected-slivers-of-the-null-arca","dps","Grave","Bone","x","Perfected Slivers of the Null Arca","Corpseburster","696960.8","16066.7","160.6","696960.8 DPS","The Ritual","Slimecraw Mask (Slimecraw)","Perfected Null Arca Jack (Perfected Slivers of the Null Arca)","Perfected Null Arca Arm Cops (Perfected Slivers of the Null Arca)","Perfected Null Arca Bracers (Perfected Slivers of the Null Arca)","","Perfected Null Arca Guards (Perfected Slivers of the Null Arca)","Corpseburster Boots (Corpseburster)","","Corpseburster Ring (Corpseburster)","Corpseburster Ring (Corpseburster)","Corpseburster Dagger (Corpseburster)","Corpseburster Dagger (Corpseburster)","The Maelstrom's Greatsword (Merciless Charge)"," ()","Avid Boneyard","Blighted Blastbones","Venom Skull","Detonating Siphon","Banner Bearer","Flawless Dawnbreaker","Anti-Cavalry Caltrops","Ulfsild's Contingency","Skeletal Archer","Stampede","Banner Bearer","Pummeling Goliath"
"The Halls of Fabrication","The Hunter Killers","https://www.esologs.com/reports/YQxg78cnkKFAjCXT#fight=39&type=summary&source=4","@jetplane_18","Baaliel","bone-grave-x-corpseburster-perfected-slivers-of-the-null-arca","dps","Grave","Bone","x","Corpseburster","Perfected Slivers of the Null Arca","202975.9","12135.4","59.6","202975.9 DPS","","Corpseburster Helmet (Corpseburster)","Perfected Null Arca Jack (Perfected Slivers of the Null Arca)","Nerien'eth Arm Cops (Nerien'eth)","Perfected Null Arca Bracers (Perfected Slivers of the Null Arca)","","Perfected Null Arca Guards (Perfected Slivers of the Null Arca)","Perfected Null Arca Boots (Perfected Slivers of the Null Arca)","","Corpseburster Ring (Corpseburster)","Corpseburster Ring (Corpseburster)","Corpseburster Dagger (Corpseburster)","Corpseburster Dagger (Corpseburster)","The Maelstrom's Perfected Greatsword (Perfected Merciless Charge)"," ()","Unnerving Boneyard","Blighted Blastbones","Detonating Siphon","Venom Skull","Camouflaged Hunter","Glacial Colossus","Stampede","Ghostly Embrace","Skeletal Arcanist","Barbed Trap","Camouflaged Hunter","Shooting Star"
"The Halls of Fabrication","The Hunter Killers","https://www.esologs.com/reports/YQxg78cnkKFAjCXT#fight=39&type=summary&source=5","@Pure_Chaos117","Brynjolf Dead-Raiser","bone-grave-x-corpseburster-perfected-slivers-of-the-null-arca","dps","Grave","Bone","x","Perfected Slivers of the Null Arca","Corpseburster","167301.4","7080.7","75.3","167301.4 DPS","","Slimecraw Guise (Slimecraw)","Perfected Null Arca Jack (Perfected Slivers of the Null Arca)","Corpseburster Arm Cops (Corpseburster)","Perfected Null Arca Bracers (Perfected Slivers of the Null Arca)","","Perfected Null Arca Guards (Perfected Slivers of the Null Arca)","Perfected Null Arca Boots (Perfected Slivers of the Null Arca)","","Corpseburster Ring (Corpseburster)","Corpseburster Ring (Corpseburster)","Corpseburster Dagger (Corpseburster)","Corpseburster Dagger (Corpseburster)","The Maelstrom's Greatsword (Merciless Charge)"," ()","Venom Skull","Blighted Blastbones","Detonating Siphon","Unnerving Boneyard","Banner Bearer","Glacial Colossus","Ghostly Embrace","Stampede","Skeletal Archer","Barbed Trap","Banner Bearer","Glacial Colossus"
"The Halls of Fabrication","The Hunter Killers","https://www.esologs.com/reports/YQxg78cnkKFAjCXT#fight=39&type=summary&source=9","@BRabbit.3","Krieg The Dark Lord","bone-grave-x-corpseburster-perfected-slivers-of-the-null-arca","dps","Grave","Bone","x","Perfected Slivers of the Null Arca","Corpseburster","559753.1","6193.1","159.6","559753.1 DPS","","Slimecraw Mask (Slimecraw)","Perfected Null Arca Jack (Perfected Slivers of the Null Arca)","Perfected Null Arca Arm Cops (Perfected Slivers of the Null Arca)","Perfected Null Arca Bracers (Perfected Slivers of the Null Arca)","","Perfected Null Arca Guards (Perfected Slivers of the Null Arca)","Corpseburster Boots (Corpseburster)","","Corpseburster Ring (Corpseburster)","Corpseburster Ring (Corpseburster)","Corpseburster Dagger (Corpseburster)","Corpseburster Dagger (Corpseburster)","The Maelstrom's Greatsword (Merciless Charge)"," ()","Unnerving Boneyard","Blighted Blastbones","Venom Skull","Detonating Siphon","Banner Bearer","Flawless Dawnbreaker","Anti-Cavalry Caltrops","Ulfsild's Contingency","Skeletal Archer","Stampede","Banner Bearer","Pummeling Goliath"
"The Halls of Fabrication","The Hunter Killers","https://www.esologs.com/reports/CvAdagYrz6hWJZFf#fight=27&type=summary&source=11","@Lydra","Lydra Gartner","animal-green-winter-perfected-pillagers-profit-serpents-disdain","healer","Animal","Green","Winter","Serpent's Disdain","Perfected Pillager's Profit","26139.0","113117.7","65.6","113117.7 HPS","The Ritual","Symphony of Blades Guise (Symphony of Blades)","Robe of Serpent's Disdain (Serpent's Disdain)","Symphony of Blades Epaulets (Symphony of Blades)","Gloves of Serpent's Disdain (Serpent's Disdain)","","Breeches of Serpent's Disdain (Serpent's Disdain)","Shoes of Serpent's Disdain (Serpent's Disdain)","","Perfected Pillager's Band (Perfected Pillager's Profit)","Perfected Pillager's Band (Perfected Pillager's Profit)","The Master's Perfected Restoration Staff (Perfected Grand Rejuvenation)"," ()","Perfected Pillager's Ice Staff (Perfected Pillager's Profit)"," ()","Combat Prayer","Budding Seeds","Illustrious Healing","Energy Orb","Radiating Regeneration","Eternal Guardian","Winter's Revenge","Elemental Blockade","Echoing Vigor","Healing Burst","Expansive Frost Cloak","Reviving Barrier"
"The Halls of Fabrication","The Hunter Killers","https://www.esologs.com/reports/CvAdagYrz6hWJZFf#fight=27&type=summary&source=10","@GeorgoNaut","Svjetlonoš","animal-green-winter-perfected-pillagers-profit-serpents-disdain","healer","Animal","Green","Winter","Serpent's Disdain","Perfected Pillager's Profit","14067.3","88069.4","57.1","88069.4 HPS","","Nazaray Mask (Nazaray)","Perfected Pillager's Robe (Perfected Pillager's Profit)","Nazaray Epaulets (Nazaray)","Perfected Pillager's Gloves (Perfected Pillager's Profit)","","Perfected Pillager's Breeches (Perfected Pillager's Profit)","Perfected Pillager's Shoes (Perfected Pillager's Profit)","","Ring of Serpent's Disdain (Serpent's Disdain)","Ring of Serpent's Disdain (Serpent's Disdain)","Restoration Staff of Serpent's Disdain (Serpent's Disdain)"," ()","Lightning Staff of Serpent's Disdain (Serpent's Disdain)"," ()","Combat Prayer","Radiating Regeneration","Budding Seeds","Efficient Purge","Ulfsild's Contingency","Wild Guardian","Elemental Blockade","Winter's Revenge","Mystic Orb","Expansive Frost Cloak","Overflowing Altar","Reviving Barrier"
"The Halls of Fabrication","The Hunter Killers","https://www.esologs.com/reports/CvAdagYrz6hWJZFf#fight=27&type=summary&source=19","@UnsanitaryNapkin","Cytokinetic","animal-green-winter-perfected-pillagers-profit-serpents-disdain","healer","Animal","Green","Winter","Perfected Pillager's Profit","Serpent's Disdain","8584.1","125697.3","54.7","125697.3 HPS","","Ozezan the Inferno's Visage (Ozezan the Inferno)","Perfected Pillager's Robe (Perfected Pillager's Profit)","Ozezan the Inferno's Arm Cops (Ozezan the Inferno)","Perfected Pillager's Gloves (Perfected Pillager's Profit)","","Perfected Pillager's Breeches (Perfected Pillager's Profit)","Perfected Pillager's Shoes (Perfected Pillager's Profit)","","Ring of Serpent's Disdain (Serpent's Disdain)","Ring of Serpent's Disdain (Serpent's Disdain)","The Master's Perfected Restoration Staff (Perfected Grand Rejuvenation)"," ()","Ice Staff of Serpent's Disdain (Serpent's Disdain)"," ()","Radiating Regeneration","Combat Prayer","Illustrious Healing","Echoing Vigor","Blue Betty","Reviving Barrier","Efficient Purge","Elemental Blockade","Budding Seeds","Expansive Frost Cloak","Energy Orb","Reviving Barrier"
"The Halls of Fabrication","The Hunter Killers","https://www.esologs.com/reports/yHxYKXgq9tPBcrVn#fight=48&type=summary&source=3","@Jaydeism","Gabrielle Le Chanteur","dawn-resto-x-master-architect-powerful-assault","healer","Dawn","Resto","x","Master Architect","Powerful Assault","15881.3","97612.3","63.6","97612.3 HPS","The Ritual","Magma Incarnate Guise (Magma Incarnate)","Master Architect Robe (Master Architect)","Spaulder of Ruin (Spaulder of Ruin)","Master Architect Gloves (Master Architect)","","Master Architect Breeches (Master Architect)","Master Architect Shoes (Master Architect)","","Ring of the Powerful Assault (Powerful Assault)","Ring of the Powerful Assault (Powerful Assault)","The Master's Perfected Restoration Staff (Perfected Grand Rejuvenation)"," ()","Lightning Staff of the Powerful Assault (Powerful Assault)"," ()","Efficient Purge","Combat Prayer","Purifying Light","Energy Orb","Illustrious Healing","Reviving Barrier","Elemental Blockade","Extended Ritual","Radiant Aura","Echoing Vigor","Overflowing Altar","Aggressive Horn"
"The Halls of Fabrication","The Hunter Killers","https://www.esologs.com/reports/yHxYKXgq9tPBcrVn#fight=48&type=summary&source=16","@Patas901","Patraxus","dawn-resto-x-master-architect-powerful-assault","healer","Dawn","Resto","x","Master Architect","Powerful Assault","9837.6","78676.8","57.1","78676.8 HPS","","Ozezan the Inferno's Guise (Ozezan the Inferno)","Master Architect Robe (Master Architect)","Spaulder of Ruin (Spaulder of Ruin)","Master Architect Gloves (Master Architect)","","Master Architect Breeches (Master Architect)","Master Architect Shoes (Master Architect)","","Ring of the Powerful Assault (Powerful Assault)","Ring of the Powerful Assault (Powerful Assault)","The Master's Perfected Restoration Staff (Perfected Grand Rejuvenation)"," ()","Lightning Staff of the Powerful Assault (Powerful Assault)"," ()","Radiating Regeneration","Illustrious Healing","Combat Prayer","Energy Orb","Extended Ritual","Aggressive Horn","Purge","Elemental Blockade","Echoing Vigor","Solar Barrage","Radiant Aura","Reviving Barrier"
"The Halls of Fabrication","The Hunter Killers","https://www.esologs.com/reports/CXKtZGf8WjY4pMrh#fight=87&type=summary&source=8","@Boxis","Seéyou","bone-grave-herald-azureblight-reaper-corpseburster","tank","Grave","Bone","Herald","Azureblight Reaper","Corpseburster","623106.6","10879.3","154.3","154.3 CPM","The Thief","Slimecraw Mask (Slimecraw)","Azureblight Jack (Azureblight Reaper)","Corpseburster Arm Cops (Corpseburster)","Azureblight Bracers (Azureblight Reaper)","","Azureblight Guards (Azureblight Reaper)","Azureblight Boots (Azureblight Reaper)","","Corpseburster Ring (Corpseburster)","Corpseburster Ring (Corpseburster)","Corpseburster Dagger (Corpseburster)","Corpseburster Axe (Corpseburster)","The Maelstrom's Perfected Greatsword (Perfected Merciless Charge)"," ()","Blighted Blastbones","Venom Skull","Detonating Siphon","Avid Boneyard","Banner Bearer","Flawless Dawnbreaker","Stampede","Carve","Anti-Cavalry Caltrops","Mystic Orb","Banner Bearer","Pummeling Goliath"
"The Halls of Fabrication","The Hunter Killers","https://www.esologs.com/reports/CXKtZGf8WjY4pMrh#fight=87&type=summary&source=6","@Tache","Limacella","bone-grave-herald-azureblight-reaper-corpseburster","dps","Grave","Bone","Herald","Corpseburster","Azureblight Reaper","440847.8","22582.7","123.0","440847.8 DPS","","Corpseburster Helmet (Corpseburster)","Azureblight Jack (Azureblight Reaper)","Slimecraw Arm Cops (Slimecraw)","Azureblight Bracers (Azureblight Reaper)","","Azureblight Guards (Azureblight Reaper)","Azureblight Boots (Azureblight Reaper)","","Corpseburster Ring (Corpseburster)","Corpseburster Ring (Corpseburster)","Corpseburster Axe (Corpseburster)","Corpseburster Dagger (Corpseburster)","The Maelstrom's Perfected Greatsword (Perfected Merciless Charge)"," ()","Detonating Siphon","Venom Skull","Blighted Blastbones","Avid Boneyard","Banner Bearer","Flawless Dawnbreaker","Anti-Cavalry Caltrops","Skeletal Archer","Carve","Stampede","Banner Bearer","Pummeling Goliath"
"The Halls of Fabrication","The Hunter Killers","https://www.esologs.com/reports/nTgG1m3cxZzRWQLh#fight=15&type=summary&source=12","@adamsmith42","The-Nord-With-No-Name","ardent-x-x-jorvulds-guidance-perfected-claw-of-yolnahkriin","tank","Ardent","x","x","Jorvuld's Guidance","Perfected Claw of Yolnahkriin","10318.4","19961.6","39.5","39.5 CPM","","Nazaray Mask (Nazaray)","Yolnahkriin's Perfected Cuirass (Perfected Claw of Yolnahkriin)","Nazaray Epaulets (Nazaray)","Yolnahkriin's Perfected Gauntlets (Perfected Claw of Yolnahkriin)","","Yolnahkriin's Perfected Greaves (Perfected Claw of Yolnahkriin)","Yolnahkriin's Perfected Sabatons (Perfected Claw of Yolnahkriin)","","Jorvuld's Guidance Ring (Jorvuld's Guidance)","Jorvuld's Guidance Ring (Jorvuld's Guidance)","Jorvuld's Guidance Ice Staff (Jorvuld's Guidance)"," ()","Jorvuld's Guidance Ice Staff (Jorvuld's Guidance)"," ()","Lingering Flare","Efficient Purge","Destructive Clench","Earthshield Mantle","Heart of Flame","Reviving Barrier","Fire Keeper","Crushing Shock","Elemental Susceptibility","Blood of the Green Dragon","Blockade of Frost","Standard of Might"
"The Halls of Fabrication","The Hunter Killers","https://www.esologs.com/reports/nTgG1m3cxZzRWQLh#fight=15&type=summary&source=9","@adamsmith42","The-Nord-With-No-Name","ardent-x-x-jorvulds-guidance-perfected-claw-of-yolnahkriin","tank","Ardent","x","x","Jorvuld's Guidance","Perfected Claw of Yolnahkriin","11909.7","22225.6","36.5","36.5 CPM","The Atronach","Nazaray Mask (Nazaray)","Yolnahkriin's Perfected Cuirass (Perfected Claw of Yolnahkriin)","Nazaray Epaulets (Nazaray)","Yolnahkriin's Perfected Gauntlets (Perfected Claw of Yolnahkriin)","","Yolnahkriin's Perfected Greaves (Perfected Claw of Yolnahkriin)","Yolnahkriin's Perfected Sabatons (Perfected Claw of Yolnahkriin)","","Jorvuld's Guidance Ring (Jorvuld's Guidance)","Jorvuld's Guidance Ring (Jorvuld's Guidance)","Jorvuld's Guidance Ice Staff (Jorvuld's Guidance)"," ()","Jorvuld's Guidance Ice Staff (Jorvuld's Guidance)"," ()","Lingering Flare","Efficient Purge","Destructive Clench","Earthshield Mantle","Heart of Flame","Reviving Barrier","Fire Keeper","Crushing Shock","Elemental Susceptibility","Blood of the Green Dragon","Elemental Blockade","Standard of Might"
"The Halls of Fabrication","The Hunter Killers","https://www.esologs.com/reports/nTgG1m3cxZzRWQLh#fight=15&type=summary&source=9","@PrincessCatWarrior","Prancing Kitty","animal-green-winter-master-architect-serpents-disdain","healer","Animal","Green","Winter","Serpent's Disdain","Master Architect","4920.2","51455.6","48.2","51455.6 HPS","","Ozezan the Inferno's Mask (Ozezan the Inferno)","Robe of Serpent's Disdain (Serpent's Disdain)","Ozezan the Inferno's Epaulets (Ozezan the Inferno)","Gloves of Serpent's Disdain (Serpent's Disdain)","","Breeches of Serpent's Disdain (Serpent's Disdain)","Shoes of Serpent's Disdain (Serpent's Disdain)","","Master Architect Ring (Master Architect)","Master Architect Ring (Master Architect)","The Master's Perfected Restoration Staff (Perfected Grand Rejuvenation)"," ()","Master Architect Ice Staff (Master Architect)"," ()","Budding Seeds","Combat Prayer","Illustrious Healing","Energy Orb","Efficient Purge","Wild Guardian","Winter's Revenge","Blockade of Frost","Expansive Frost Cloak","Elemental Susceptibility","Echoing Vigor","Aggressive Horn"
"The Halls of Fabrication","The Hunter Killers","https://www.esologs.com/reports/nTgG1m3cxZzRWQLh#fight=15&type=summary&source=6","@PrincessCatWarrior","Prancing Kitty","animal-green-winter-master-architect-serpents-disdain","healer","Animal","Green","Winter","Serpent's Disdain","Master Architect","8893.3","45994.8","32.1","45994.8 HPS","The Thief","Ozezan the Inferno's Mask (Ozezan the Inferno)","Robe of Serpent's Disdain (Serpent's Disdain)","Ozezan the Inferno's Epaulets (Ozezan the Inferno)","Gloves of Serpent's Disdain (Serpent's Disdain)","","Breeches of Serpent's Disdain (Serpent's Disdain)","Shoes of Serpent's Disdain (Serpent's Disdain)","","Master Architect Ring (Master Architect)","Master Architect Ring (Master Architect)","The Master's Perfected Restoration Staff (Perfected Grand Rejuvenation)"," ()","Master Architect Ice Staff (Master Architect)"," ()","Budding Seeds","Combat Prayer","Illustrious Healing","Energy Orb","Efficient Purge","Wild Guardian","Winter's Revenge","Elemental Blockade","Expansive Frost Cloak","Elemental Susceptibility","Echoing Vigor","Aggressive Horn"
"The Halls of Fabrication","The Hunter Killers","https://www.esologs.com/reports/nTgG1m3cxZzRWQLh#fight=15&type=summary&source=10","@RazierTheCat","Razier-Jo","soldier-x-x-master-architect-pillagers-profit","healer","Soldier","x","x","Pillager's Profit","Master Architect","5683.6","96467.6","57.0","96467.6 HPS","","Symphony of Blades Guise (Symphony of Blades)","Pillager's Jerkin (Pillager's Profit)","Symphony of Blades Epaulets (Symphony of Blades)","Pillager's Gloves (Pillager's Profit)","","Pillager's Breeches (Pillager's Profit)","Master Architect Shoes (Master Architect)","","Master Architect Ring (Master Architect)","Master Architect Ring (Master Architect)","The Master's Perfected Restoration Staff (Perfected Grand Rejuvenation)"," ()","Pillager's Lightning Staff (Pillager's Profit)"," ()","Tidal Chakram","Combat Prayer","Illustrious Healing","Efficient Purge","Energy Orb","Reviving Barrier","Cruxweaver Armor","Blockade of Storms","Warding Contingency (Sage's Remedy / Protection)","Echoing Vigor","Overflowing Altar","Reviving Barrier"
"The Halls of Fabrication","The Hunter Killers","https://www.esologs.com/reports/nTgG1m3cxZzRWQLh#fight=15&type=summary&source=7","@RazierTheCat","Razier-Jo","soldier-x-x-master-architect-pillagers-profit","healer","Soldier","x","x","Pillager's Profit","Master Architect","7926.6","112063.7","68.6","112063.7 HPS","The Ritual","Symphony of Blades Guise (Symphony of Blades)","Pillager's Jerkin (Pillager's Profit)","Symphony of Blades Epaulets (Symphony of Blades)","Pillager's Gloves (Pillager's Profit)","","Pillager's Breeches (Pillager's Profit)","Master Architect Shoes (Master Architect)","","Master Architect Ring (Master Architect)","Master Architect Ring (Master Architect)","The Master's Perfected Restoration Staff (Perfected Grand Rejuvenation)"," ()","Pillager's Lightning Staff (Pillager's Profit)"," ()","Tidal Chakram","Combat Prayer","Illustrious Healing","Efficient Purge","Energy Orb","Reviving Barrier","Cruxweaver Armor","Elemental Blockade","Ulfsild's Contingency","Echoing Vigor","Overflowing Altar","Reviving Barrier"
"The Halls of Fabrication","The Hunter Killers","https://www.esologs.com/reports/nTgG1m3cxZzRWQLh#fight=15&type=summary&source=3","@Zomorrodi","Barqkaar Ostaad","daedric-x-x-perfected-lucent-echoes-perfected-pearlescent-ward","tank","Daedric","x","x","Perfected Lucent Echoes","Perfected Pearlescent Ward","5368.3","9320.0","87.7","87.7 CPM","","Magma Incarnate Mask (Magma Incarnate)","Cryptcanon Vestments (Cryptcanon Vestments)","Perfected Pearlescent Pauldrons (Perfected Pearlescent Ward)","Perfected Pearlescent Gauntlets (Perfected Pearlescent Ward)","","Perfected Pearlescent Greaves (Perfected Pearlescent Ward)","Perfected Pearlescent Sabatons (Perfected Pearlescent Ward)","","Lucent Echoes Perfected Ring (Perfected Lucent Echoes)","Lucent Echoes Perfected Ring (Perfected Lucent Echoes)","Lucent Echoes Perfected Ice Staff (Perfected Lucent Echoes)"," ()","Lucent Echoes Perfected Dagger (Perfected Lucent Echoes)","Lucent Echoes Perfected Dagger (Perfected Lucent Echoes)","Elemental Susceptibility","Blockade of Frost","Vibrant Shroud","Inner Rage","Blinding Flare","Crypt Transfer","Shattering Knife (Warrior's Opportunity / Vulnerability)","Bound Aegis","Efficient Purge","Leashing Soul (Druid's Resurgence / Cowardice)","Warding Contingency (Gladiator's Tenacity / Intellect and Endurance)","Crypt Transfer"
"The Halls of Fabrication","The Hunter Killers","https://www.esologs.com/reports/nTgG1m3cxZzRWQLh#fight=15&type=summary&source=2","@Zomorrodi","Barqkaar Ostaad","daedric-x-x-perfected-lucent-echoes-perfected-pearlescent-ward","tank","Daedric","x","x","Perfected Lucent Echoes","Perfected Pearlescent Ward","9071.8","10816.7","87.6","87.6 CPM","The Thief","Magma Incarnate Mask (Magma Incarnate)","Cryptcanon Vestments (Cryptcanon Vestments)","Perfected Pearlescent Pauldrons (Perfected Pearlescent Ward)","Perfected Pearlescent Gauntlets (Perfected Pearlescent Ward)","","Perfected Pearlescent Greaves (Perfected Pearlescent Ward)","Perfected Pearlescent Sabatons (Perfected Pearlescent Ward)","","Lucent Echoes Perfected Ring (Perfected Lucent Echoes)","Lucent Echoes Perfected Ring (Perfected Lucent Echoes)","Lucent Echoes Perfected Ice Staff (Perfected Lucent Echoes)"," ()","Lucent Echoes Perfected Dagger (Perfected Lucent Echoes)","Lucent Echoes Perfected Dagger (Perfected Lucent Echoes)","Elemental Susceptibility","Elemental Blockade","Vibrant Shroud","Inner Rage","Blinding Flare","Temporal Guard","Shattering Knife","Bound Aegis","Efficient Purge","Leashing Soul","Ulfsild's Contingency","Summon Charged Atronach"
"The Halls of Fabrication","Pinnacle Factotum","https://www.esologs.com/reports/YQxg78cnkKFAjCXT#fight=61&type=summary&source=2","@I_RobzzX","Abrâ Kathetér","grave-herald-x-corpseburster-perfected-slivers-of-the-null-arca","dps","Grave","Herald","x","Perfected Slivers of the Null Arca","Corpseburster","333740.9","11673.2","100.5","333740.9 DPS","The Thief","Huntsman's Warmask (Huntsman's Warmask)","Perfected Null Arca Jack (Perfected Slivers of the Null Arca)","Slimecraw Arm Cops (Slimecraw)","Corpseburster Bracers (Corpseburster)","","Perfected Null Arca Guards (Perfected Slivers of the Null Arca)","Perfected Null Arca Boots (Perfected Slivers of the Null Arca)","","Corpseburster Ring (Corpseburster)","Corpseburster Ring (Corpseburster)","Corpseburster Dagger (Corpseburster)","Corpseburster Dagger (Corpseburster)","The Maelstrom's Perfected Greatsword (Perfected Merciless Charge)"," ()","Venom Skull","Blighted Blastbones","Detonating Siphon","Unnerving Boneyard","Banner Bearer","Flawless Dawnbreaker","Stampede","Barbed Trap","Carve","Skeletal Archer","Banner Bearer","Shooting Star"
"The Halls of Fabrication","Pinnacle Factotum","https://www.esologs.com/reports/YQxg78cnkKFAjCXT#fight=61&type=summary&source=12","@Gilane","Tacita Dolore Mortis","grave-herald-x-corpseburster-perfected-slivers-of-the-null-arca","dps","Grave","Herald","x","Perfected Slivers of the Null Arca","Corpseburster","107910.8","8085.3","71.0","107910.8 DPS","","Huntsman's Warmask (Huntsman's Warmask)","Perfected Null Arca Jack (Perfected Slivers of the Null Arca)","Slimecraw Arm Cops (Slimecraw)","Perfected Null Arca Bracers (Perfected Slivers of the Null Arca)","","Perfected Null Arca Guards (Perfected Slivers of the Null Arca)","Perfected Null Arca Boots (Perfected Slivers of the Null Arca)","","Corpseburster Ring (Corpseburster)","Corpseburster Ring (Corpseburster)","Corpseburster Dagger (Corpseburster)","Corpseburster Dagger (Corpseburster)","The Maelstrom's Perfected Greatsword (Perfected Merciless Charge)"," ()","Venom Skull","Detonating Siphon","Avid Boneyard","Blighted Blastbones","Banner Bearer","Pestilent Colossus","Trap Beast","Carve","Stampede","Skeletal Archer","Banner Bearer","Meteor"
"The Halls of Fabrication","Pinnacle Factotum","https://www.esologs.com/reports/YQxg78cnkKFAjCXT#fight=61&type=summary&source=5","@SomebodysWatchingMe","Let's Do An Unboxing","grave-herald-x-corpseburster-perfected-slivers-of-the-null-arca","dps","Grave","Herald","x","Perfected Slivers of the Null Arca","Corpseburster","106353.4","5122.0","60.6","106353.4 DPS","","Zaan Guise (Zaan)","Perfected Null Arca Jack (Perfected Slivers of the Null Arca)","Corpseburster Arm Cops (Corpseburster)","Perfected Null Arca Bracers (Perfected Slivers of the Null Arca)","","Perfected Null Arca Guards (Perfected Slivers of the Null Arca)","Perfected Null Arca Boots (Perfected Slivers of the Null Arca)","","Corpseburster Ring (Corpseburster)","Corpseburster Ring (Corpseburster)","Corpseburster Dagger (Corpseburster)","Corpseburster Dagger (Corpseburster)","The Maelstrom's Perfected Greatsword (Perfected Merciless Charge)"," ()","Blighted Blastbones","Detonating Siphon","Venom Skull","Banner Bearer","Avid Boneyard","Flawless Dawnbreaker","Stampede","Carve","Barbed Trap","Banner Bearer","Skeletal Arcanist","Glacial Colossus"
"The Halls of Fabrication","Pinnacle Factotum","https://www.esologs.com/reports/YQxg78cnkKFAjCXT#fight=61&type=summary&source=7","@BooRadzz","Roobadz","grave-herald-x-corpseburster-perfected-slivers-of-the-null-arca","dps","Grave","Herald","x","Corpseburster","Perfected Slivers of the Null Arca","121721.4","8914.7","54.3","121721.4 DPS","","Corpseburster Helmet (Corpseburster)","Perfected Null Arca Jack (Perfected Slivers of the Null Arca)","Ansuul's Perfected Arm Cops (Perfected Ansuul's Torment)","Perfected Null Arca Bracers (Perfected Slivers of the Null Arca)","","Perfected Null Arca Guards (Perfected Slivers of the Null Arca)","Perfected Null Arca Boots (Perfected Slivers of the Null Arca)","","Shattered Paths Signet (Shattered Paths Signet)","Corpseburster Ring (Corpseburster)","Corpseburster Dagger (Corpseburster)","Corpseburster Dagger (Corpseburster)","The Maelstrom's Perfected Greatsword (Perfected Merciless Charge)"," ()","Detonating Siphon","Unnerving Boneyard","Blighted Blastbones","Venom Skull","Banner Bearer","Flawless Dawnbreaker","Skeletal Arcanist","Carve","Stampede","Barbed Trap","Banner Bearer","Shooting Star"
"The Halls of Fabrication","Pinnacle Factotum","https://www.esologs.com/reports/YQxg78cnkKFAjCXT#fight=61&type=summary&source=10","@neckbeeko","Where-Body-Ends","grave-herald-x-corpseburster-perfected-slivers-of-the-null-arca","dps","Grave","Herald","x","Perfected Slivers of the Null Arca","Corpseburster","138164.6","4044.4","54.9","138164.6 DPS","","Huntsman's Warmask (Huntsman's Warmask)","Perfected Null Arca Jack (Perfected Slivers of the Null Arca)","Slimecraw Arm Cops (Slimecraw)","Perfected Null Arca Bracers (Perfected Slivers of the Null Arca)","","Perfected Null Arca Guards (Perfected Slivers of the Null Arca)","Perfected Null Arca Boots (Perfected Slivers of the Null Arca)","","Corpseburster Ring (Corpseburster)","Corpseburster Ring (Corpseburster)","Corpseburster Dagger (Corpseburster)","Corpseburster Dagger (Corpseburster)","The Maelstrom's Perfected Greatsword (Perfected Merciless Charge)"," ()","Unnerving Boneyard","Blighted Blastbones","Venom Skull","Detonating Siphon","Sundering Banner (Class Flourish / Heroism)","Flawless Dawnbreaker","Skeletal Archer","Barbed Trap","Stampede","Carve","Sundering Banner (Class Flourish / Heroism)","Shooting Star"
"The Halls of Fabrication","Pinnacle Factotum","https://www.esologs.com/reports/YQxg78cnkKFAjCXT#fight=61&type=summary&source=8","@Oxi4an","Kasandra Nickon","grave-herald-x-corpseburster-perfected-slivers-of-the-null-arca","dps","Grave","Herald","x","Perfected Slivers of the Null Arca","Corpseburster","118104.9","12961.1","59.3","118104.9 DPS","","Huntsman's Warmask (Huntsman's Warmask)","Perfected Null Arca Jack (Perfected Slivers of the Null Arca)","Zaan Arm Cops (Zaan)","Perfected Null Arca Bracers (Perfected Slivers of the Null Arca)","","Perfected Null Arca Guards (Perfected Slivers of the Null Arca)","Perfected Null Arca Boots (Perfected Slivers of the Null Arca)","","Corpseburster Ring (Corpseburster)","Corpseburster Ring (Corpseburster)","Corpseburster Dagger (Corpseburster)","Corpseburster Dagger (Corpseburster)","The Maelstrom's Perfected Greatsword (Perfected Merciless Charge)"," ()","Unnerving Boneyard","Venom Skull","Blighted Blastbones","Detonating Siphon","Banner Bearer","Pestilent Colossus","Banner Bearer","Barbed Trap","Skeletal Archer","Stampede","Carve","Flawless Dawnbreaker"
"The Halls of Fabrication","Pinnacle Factotum","https://www.esologs.com/reports/YQxg78cnkKFAjCXT#fight=61&type=summary&source=5","@AshOfChaos","Friede Deathwhisper","grave-herald-x-corpseburster-perfected-slivers-of-the-null-arca","dps","Grave","Herald","x","Perfected Slivers of the Null Arca","Corpseburster","107697.7","18793.2","65.1","107697.7 DPS","","Slimecraw Mask (Slimecraw)","Perfected Null Arca Jack (Perfected Slivers of the Null Arca)","Corpseburster Arm Cops (Corpseburster)","Perfected Null Arca Bracers (Perfected Slivers of the Null Arca)","","Perfected Null Arca Guards (Perfected Slivers of the Null Arca)","Perfected Null Arca Boots (Perfected Slivers of the Null Arca)","","Corpseburster Ring (Corpseburster)","Corpseburster Ring (Corpseburster)","Corpseburster Dagger (Corpseburster)","Corpseburster Axe (Corpseburster)","The Maelstrom's Perfected Greatsword (Perfected Merciless Charge)"," ()","Avid Boneyard","Blighted Blastbones","Venom Skull","Detonating Siphon","Shocking Banner (Class Flourish / Heroism)","Flawless Dawnbreaker","Carve","Anti-Cavalry Caltrops","Stampede","Skeletal Archer","Shocking Banner (Class Flourish / Heroism)","Shooting Star"
"The Halls of Fabrication","Pinnacle Factotum","https://www.esologs.com/reports/YQxg78cnkKFAjCXT#fight=61&type=summary&source=7","@emochemist","necci-wecci","grave-herald-x-corpseburster-perfected-slivers-of-the-null-arca","dps","Grave","Herald","x","Corpseburster","Perfected Slivers of the Null Arca","116306.9","33168.3","61.3","116306.9 DPS","","Huntsman's Warmask (Huntsman's Warmask)","Corpseburster Jerkin (Corpseburster)","Slimecraw Arm Cops (Slimecraw)","Perfected Null Arca Bracers (Perfected Slivers of the Null Arca)","","Perfected Null Arca Guards (Perfected Slivers of the Null Arca)","Perfected Null Arca Boots (Perfected Slivers of the Null Arca)","","Corpseburster Ring (Corpseburster)","Corpseburster Ring (Corpseburster)","Perfected Null Arca Dagger (Perfected Slivers of the Null Arca)","Perfected Null Arca Dagger (Perfected Slivers of the Null Arca)","The Maelstrom's Perfected Greatsword (Perfected Merciless Charge)"," ()","Blighted Blastbones","Venom Skull","Detonating Siphon","Unnerving Boneyard","Shocking Banner (Class Flourish / Heroism)","Flawless Dawnbreaker","Stampede","Carve","Barbed Trap","Skeletal Archer","Shocking Banner (Class Flourish / Heroism)","Shooting Star"
"The Halls of Fabrication","Pinnacle Factotum","https://www.esologs.com/reports/YQxg78cnkKFAjCXT#fight=61&type=summary&source=59","@AshOfChaos","Friede Deathwhisper","grave-herald-x-corpseburster-perfected-slivers-of-the-null-arca","dps","Grave","Herald","x","Perfected Slivers of the Null Arca","Corpseburster","107681.7","21980.6","65.0","107681.7 DPS","","Slimecraw Mask (Slimecraw)","Perfected Null Arca Jack (Perfected Slivers of the Null Arca)","Corpseburster Arm Cops (Corpseburster)","Perfected Null Arca Bracers (Perfected Slivers of the Null Arca)","","Perfected Null Arca Guards (Perfected Slivers of the Null Arca)","Perfected Null Arca Boots (Perfected Slivers of the Null Arca)","","Corpseburster Ring (Corpseburster)","Corpseburster Ring (Corpseburster)","Corpseburster Dagger (Corpseburster)","Corpseburster Axe (Corpseburster)","The Maelstrom's Perfected Greatsword (Perfected Merciless Charge)"," ()","Avid Boneyard","Blighted Blastbones","Venom Skull","Detonating Siphon","Banner Bearer","Flawless Dawnbreaker","Carve","Anti-Cavalry Caltrops","Stampede","Skeletal Archer","Banner Bearer","Shooting Star"
"The Halls of Fabrication","Pinnacle Factotum","https://www.esologs.com/reports/YQxg78cnkKFAjCXT#fight=61&type=summary&source=4","@emochemist","necci-wecci","grave-herald-x-corpseburster-perfected-slivers-of-the-null-arca","dps","Grave","Herald","x","Corpseburster","Perfected Slivers of the Null Arca","116343.5","21015.9","61.2","116343.5 DPS","","Huntsman's Warmask (Huntsman's Warmask)","Corpseburster Jerkin (Corpseburster)","Slimecraw Arm Cops (Slimecraw)","Perfected Null Arca Bracers (Perfected Slivers of the Null Arca)","","Perfected Null Arca Guards (Perfected Slivers of the Null Arca)","Perfected Null Arca Boots (Perfected Slivers of the Null Arca)","","Corpseburster Ring (Corpseburster)","Corpseburster Ring (Corpseburster)","Perfected Null Arca Dagger (Perfected Slivers of the Null Arca)","Perfected Null Arca Dagger (Perfected Slivers of the Null Arca)","The Maelstrom's Perfected Greatsword (Perfected Merciless Charge)"," ()","Blighted Blastbones","Venom Skull","Detonating Siphon","Unnerving Boneyard","Banner Bearer","Flawless Dawnbreaker","Stampede","Carve","Barbed Trap","Skeletal Archer","Banner Bearer","Shooting Star"
"The Halls of Fabrication","Pinnacle Factotum","https://www.esologs.com/reports/yHxYKXgq9tPBcrVn#fight=66&type=summary&source=10","@Gisleyiin","Siraesar Serpentscale","herald-soldier-x-perfected-slivers-of-the-null-arca-spattering-disjunction","dps","Herald","Soldier","x","Perfected Slivers of the Null Arca","Spattering Disjunction","118329.8","9101.1","41.2","118329.8 DPS","","Huntsman's Warmask (Huntsman's Warmask)","Perfected Null Arca Jack (Perfected Slivers of the Null Arca)","Zaan Epaulets (Zaan)","Perfected Null Arca Bracers (Perfected Slivers of the Null Arca)","","Perfected Null Arca Guards (Perfected Slivers of the Null Arca)","Perfected Null Arca Boots (Perfected Slivers of the Null Arca)","","Spattering Disjunction Ring (Spattering Disjunction)","Spattering Disjunction Ring (Spattering Disjunction)","Spattering Disjunction Dagger (Spattering Disjunction)","Spattering Disjunction Dagger (Spattering Disjunction)","The Maelstrom's Perfected Greatsword (Perfected Merciless Charge)"," ()","Cephaliarch's Flail","Quick Cloak","Camouflaged Hunter","Pragmatic Fatecarver","Barbed Trap","Flawless Dawnbreaker","Fulminating Rune","Stampede","Cruxweaver Armor","Inspired Scholarship","Carve","The Languid Eye"
"The Halls of Fabrication","Pinnacle Factotum","https://www.esologs.com/reports/yHxYKXgq9tPBcrVn#fight=66&type=summary&source=9","@Didod5","Koyomi Araragii","herald-soldier-x-perfected-slivers-of-the-null-arca-spattering-disjunction","dps","Herald","Soldier","x","Spattering Disjunction","Perfected Slivers of the Null Arca","120400.5","5690.0","22.6","120400.5 DPS","","Slimecraw Guise (Slimecraw)","Spattering Disjunction Jack (Spattering Disjunction)","Perfected Null Arca Arm Cops (Perfected Slivers of the Null Arca)","Spattering Disjunction Bracers (Spattering Disjunction)","","Spattering Disjunction Guards (Spattering Disjunction)","Spattering Disjunction Boots (Spattering Disjunction)","","Perfected Null Arca Ring (Perfected Slivers of the Null Arca)","Perfected Null Arca Ring (Perfected Slivers of the Null Arca)","Perfected Null Arca Dagger (Perfected Slivers of the Null Arca)","Perfected Null Arca Dagger (Perfected Slivers of the Null Arca)","The Maelstrom's Perfected Greatsword (Perfected Merciless Charge)"," ()","Pragmatic Fatecarver","Cephaliarch's Flail","Camouflaged Hunter","Quick Cloak","Barbed Trap","Flawless Dawnbreaker","Stampede","Inspired Scholarship","Fulminating Rune","Scalding Rune","Cruxweaver Armor","The Languid Eye"
"The Halls of Fabrication","Pinnacle Factotum","https://www.esologs.com/reports/yHxYKXgq9tPBcrVn#fight=66&type=summary&source=18","@Katriix","Darchness","herald-soldier-x-perfected-slivers-of-the-null-arca-spattering-disjunction","healer","Herald","Soldier","x","Perfected Slivers of the Null Arca","Spattering Disjunction","126358.3","9149.7","28.4","9149.7 HPS","","Perfected Null Arca Helmet (Perfected Slivers of the Null Arca)","Spattering Disjunction Jack (Spattering Disjunction)","Slimecraw Arm Cops (Slimecraw)","Spattering Disjunction Bracers (Spattering Disjunction)","","Spattering Disjunction Breeches (Spattering Disjunction)","Spattering Disjunction Boots (Spattering Disjunction)","","Perfected Null Arca Ring (Perfected Slivers of the Null Arca)","Perfected Null Arca Ring (Perfected Slivers of the Null Arca)","Perfected Null Arca Dagger (Perfected Slivers of the Null Arca)","Perfected Null Arca Dagger (Perfected Slivers of the Null Arca)","The Maelstrom's Perfected Greatsword (Perfected Merciless Charge)"," ()","Barbed Trap","Cephaliarch's Flail","Pragmatic Fatecarver","Quick Cloak","Camouflaged Hunter","Flawless Dawnbreaker","Stampede","Fulminating Rune","Inspired Scholarship","Cruxweaver Armor","Camouflaged Hunter","The Languid Eye"
"The Halls of Fabrication","Pinnacle Factotum","https://www.esologs.com/reports/yHxYKXgq9tPBcrVn#fight=66&type=summary&source=17","@Kevtriix","Jennyside Beam","herald-soldier-x-perfected-slivers-of-the-null-arca-spattering-disjunction","healer","Herald","Soldier","x","Perfected Slivers of the Null Arca","Spattering Disjunction","113365.8","10322.3","19.6","10322.3 HPS","","Slimecraw Mask (Slimecraw)","Null Arca Jack (Slivers of the Null Arca)","Spattering Disjunction Arm Cops (Spattering Disjunction)","Null Arca Bracers (Slivers of the Null Arca)","","Null Arca Guards (Slivers of the Null Arca)","Null Arca Boots (Slivers of the Null Arca)","","Spattering Disjunction Ring (Spattering Disjunction)","Spattering Disjunction Ring (Spattering Disjunction)","Spattering Disjunction Dagger (Spattering Disjunction)","Spattering Disjunction Dagger (Spattering Disjunction)","The Maelstrom's Perfected Greatsword (Perfected Merciless Charge)"," ()","Quick Cloak","Barbed Trap","Cephaliarch's Flail","Pragmatic Fatecarver","Camouflaged Hunter","Flawless Dawnbreaker","Stampede","Fulminating Rune","Inspired Scholarship","Cruxweaver Armor","Camouflaged Hunter","The Languid Eye"
"The Halls of Fabrication","Pinnacle Factotum","https://www.esologs.com/reports/yHxYKXgq9tPBcrVn#fight=66&type=summary&source=21","@FredRaygun","Noah's Arcanist","herald-soldier-x-perfected-slivers-of-the-null-arca-spattering-disjunction","dps","Herald","Soldier","x","Spattering Disjunction","Perfected Slivers of the Null Arca","82897.6","0.0","11.7","82897.6 DPS","","Slimecraw Guise (Slimecraw)","Spattering Disjunction Jack (Spattering Disjunction)","Perfected Null Arca Arm Cops (Perfected Slivers of the Null Arca)","Spattering Disjunction Bracers (Spattering Disjunction)","","Spattering Disjunction Guards (Spattering Disjunction)","Spattering Disjunction Boots (Spattering Disjunction)","","Perfected Null Arca Ring (Perfected Slivers of the Null Arca)","Perfected Null Arca Ring (Perfected Slivers of the Null Arca)","Perfected Null Arca Dagger (Perfected Slivers of the Null Arca)","Perfected Null Arca Dagger (Perfected Slivers of the Null Arca)","The Maelstrom's Greatsword (Merciless Charge)"," ()","Cephaliarch's Flail","Exhausting Fatecarver","Quick Cloak","Camouflaged Hunter","Rune of the Colorless Pool","Flawless Dawnbreaker","Stampede","Fulminating Rune","Inspired Scholarship","Cruxweaver Armor","Ulfsild's Contingency","The Languid Eye"
"The Halls of Fabrication","Pinnacle Factotum","https://www.esologs.com/reports/yHxYKXgq9tPBcrVn#fight=66&type=summary&source=7","@Hanalacino","M'ster","herald-soldier-x-perfected-slivers-of-the-null-arca-spattering-disjunction","dps","Herald","Soldier","x","Perfected Slivers of the Null Arca","Spattering Disjunction","91449.5","3879.2","28.2","91449.5 DPS","","Huntsman's Warmask (Huntsman's Warmask)","Perfected Null Arca Jack (Perfected Slivers of the Null Arca)","Slimecraw Epaulets (Slimecraw)","Perfected Null Arca Bracers (Perfected Slivers of the Null Arca)","","Spattering Disjunction Guards (Spattering Disjunction)","Perfected Null Arca Boots (Perfected Slivers of the Null Arca)","","Null Arca Ring (Slivers of the Null Arca)","Spattering Disjunction Ring (Spattering Disjunction)","Spattering Disjunction Dagger (Spattering Disjunction)","Spattering Disjunction Dagger (Spattering Disjunction)","The Maelstrom's Perfected Greatsword (Perfected Merciless Charge)"," ()","Cephaliarch's Flail","Pragmatic Fatecarver","Quick Cloak","Camouflaged Hunter","Banner Bearer","Flawless Dawnbreaker","Fulminating Rune","Stampede","Cruxweaver Armor","Inspired Scholarship","Banner Bearer","The Languid Eye"
"The Halls of Fabrication","Pinnacle Factotum","https://www.esologs.com/reports/yHxYKXgq9tPBcrVn#fight=66&type=summary&source=1","@MadMod10","Zolus Graylock","herald-soldier-x-perfected-slivers-of-the-null-arca-spattering-disjunction","dps","Herald","Soldier","x","Spattering Disjunction","Perfected Slivers of the Null Arca","137512.9","9020.2","38.8","137512.9 DPS","The Thief","Slimecraw Guise (Slimecraw)","Spattering Disjunction Jack (Spattering Disjunction)","Perfected Null Arca Arm Cops (Perfected Slivers of the Null Arca)","Spattering Disjunction Bracers (Spattering Disjunction)","","Spattering Disjunction Guards (Spattering Disjunction)","Spattering Disjunction Boots (Spattering Disjunction)","","Perfected Null Arca Ring (Perfected Slivers of the Null Arca)","Perfected Null Arca Ring (Perfected Slivers of the Null Arca)","Perfected Null Arca Dagger (Perfected Slivers of the Null Arca)","Perfected Null Arca Dagger (Perfected Slivers of the Null Arca)","The Maelstrom's Perfected Greatsword (Perfected Merciless Charge)"," ()","Quick Cloak","Barbed Trap","Cephaliarch's Flail","Pragmatic Fatecarver","Camouflaged Hunter","Flawless Dawnbreaker","Stampede","Cruxweaver Armor","Inspired Scholarship","Fulminating Rune","Camouflaged Hunter","The Languid Eye"
"The Halls of Fabrication","Pinnacle Factotum","https://www.esologs.com/reports/yHxYKXgq9tPBcrVn#fight=66&type=summary&source=2","@Trujazz","Alan-Scott","herald-soldier-x-perfected-slivers-of-the-null-arca-spattering-disjunction","dps","Herald","Soldier","x","Spattering Disjunction","Perfected Slivers of the Null Arca","133339.3","4308.4","42.5","133339.3 DPS","","Slimecraw Guise (Slimecraw)","Spattering Disjunction Jack (Spattering Disjunction)","Perfected Null Arca Arm Cops (Perfected Slivers of the Null Arca)","Spattering Disjunction Bracers (Spattering Disjunction)","","Spattering Disjunction Guards (Spattering Disjunction)","Spattering Disjunction Boots (Spattering Disjunction)","","Perfected Null Arca Ring (Perfected Slivers of the Null Arca)","Perfected Null Arca Ring (Perfected Slivers of the Null Arca)","Perfected Null Arca Dagger (Perfected Slivers of the Null Arca)","Perfected Null Arca Dagger (Perfected Slivers of the Null Arca)","The Maelstrom's Perfected Greatsword (Perfected Merciless Charge)"," ()","Pragmatic Fatecarver","Quick Cloak","Cephaliarch's Flail","Barbed Trap","Camouflaged Hunter","Flawless Dawnbreaker","Stampede","Fulminating Rune","Inspired Scholarship","Camouflaged Hunter","Cruxweaver Armor","The Languid Eye"
"The Halls of Fabrication","Pinnacle Factotum","https://www.esologs.com/reports/yHxYKXgq9tPBcrVn#fight=66&type=summary&source=16","@Trujazz","Alan-Scott","herald-soldier-x-perfected-slivers-of-the-null-arca-spattering-disjunction","dps","Herald","Soldier","x","Spattering Disjunction","Perfected Slivers of the Null Arca","133067.2","6047.1","23.7","133067.2 DPS","","Slimecraw Guise (Slimecraw)","Spattering Disjunction Jack (Spattering Disjunction)","Perfected Null Arca Arm Cops (Perfected Slivers of the Null Arca)","Spattering Disjunction Bracers (Spattering Disjunction)","","Spattering Disjunction Guards (Spattering Disjunction)","Spattering Disjunction Boots (Spattering Disjunction)","","Perfected Null Arca Ring (Perfected Slivers of the Null Arca)","Perfected Null Arca Ring (Perfected Slivers of the Null Arca)","Perfected Null Arca Dagger (Perfected Slivers of the Null Arca)","Perfected Null Arca Dagger (Perfected Slivers of the Null Arca)","The Maelstrom's Perfected Greatsword (Perfected Merciless Charge)"," ()","Pragmatic Fatecarver","Quick Cloak","Cephaliarch's Flail","Barbed Trap","Camouflaged Hunter","Flawless Dawnbreaker","Stampede","Fulminating Rune","Inspired Scholarship","Camouflaged Hunter","Cruxweaver Armor","The Languid Eye"
"The Halls of Fabrication","Pinnacle Factotum","https://www.esologs.com/reports/yHxYKXgq9tPBcrVn#fight=66&type=summary&source=10","@MadMod10","Zolus Graylock","herald-soldier-x-perfected-slivers-of-the-null-arca-spattering-disjunction","dps","Herald","Soldier","x","Spattering Disjunction","Perfected Slivers of the Null Arca","137347.5","10822.9","27.5","137347.5 DPS","","Slimecraw Guise (Slimecraw)","Spattering Disjunction Jack (Spattering Disjunction)","Perfected Null Arca Arm Cops (Perfected Slivers of the Null Arca)","Spattering Disjunction Bracers (Spattering Disjunction)","","Spattering Disjunction Guards (Spattering Disjunction)","Spattering Disjunction Boots (Spattering Disjunction)","","Perfected Null Arca Ring (Perfected Slivers of the Null Arca)","Perfected Null Arca Ring (Perfected Slivers of the Null Arca)","Perfected Null Arca Dagger (Perfected Slivers of the Null Arca)","Perfected Null Arca Dagger (Perfected Slivers of the Null Arca)","The Maelstrom's Perfected Greatsword (Perfected Merciless Charge)"," ()","Quick Cloak","Barbed Trap","Cephaliarch's Flail","Pragmatic Fatecarver","Camouflaged Hunter","Flawless Dawnbreaker","Stampede","Cruxweaver Armor","Inspired Scholarship","Fulminating Rune","Camouflaged Hunter","The Languid Eye"
"The Halls of Fabrication","Pinnacle Factotum","https://www.esologs.com/reports/z1JwtqpMZWxCgAj7#fight=49&type=summary&source=3","@ItzCure","'Scylla","herald-x-x-perfected-slivers-of-the-null-arca-spattering-disjunction","dps","Herald","x","x","Spattering Disjunction","Perfected Slivers of the Null Arca","144187.2","2883.5","49.8","144187.2 DPS","The Thief","Slimecraw Guise (Slimecraw)","Spattering Disjunction Jack (Spattering Disjunction)","Perfected Null Arca Arm Cops (Perfected Slivers of the Null Arca)","Spattering Disjunction Bracers (Spattering Disjunction)","","Spattering Disjunction Guards (Spattering Disjunction)","Spattering Disjunction Boots (Spattering Disjunction)","","Perfected Null Arca Ring (Perfected Slivers of the Null Arca)","Perfected Null Arca Ring (Perfected Slivers of the Null Arca)","Perfected Null Arca Dagger (Perfected Slivers of the Null Arca)","Perfected Null Arca Dagger (Perfected Slivers of the Null Arca)","The Maelstrom's Perfected Greatsword (Perfected Merciless Charge)"," ()","Pragmatic Fatecarver","Cephaliarch's Flail","Quick Cloak","Camouflaged Hunter","Shocking Banner (Class Flourish / Berserk)","Flawless Dawnbreaker","Stampede","Fulminating Rune","Inspired Scholarship","Camouflaged Hunter","Shocking Banner (Class Flourish / Berserk)","The Languid Eye"
"The Halls of Fabrication","Pinnacle Factotum","https://www.esologs.com/reports/z1JwtqpMZWxCgAj7#fight=49&type=summary&source=10","@SomebodyNobody","Thirst For Knowledge","herald-x-x-perfected-slivers-of-the-null-arca-spattering-disjunction","dps","Herald","x","x","Spattering Disjunction","Perfected Slivers of the Null Arca","114816.3","10892.5","30.2","114816.3 DPS","","Slimecraw Guise (Slimecraw)","Spattering Disjunction Jack (Spattering Disjunction)","Perfected Null Arca Arm Cops (Perfected Slivers of the Null Arca)","Spattering Disjunction Bracers (Spattering Disjunction)","","Spattering Disjunction Guards (Spattering Disjunction)","Spattering Disjunction Boots (Spattering Disjunction)","","Perfected Null Arca Ring (Perfected Slivers of the Null Arca)","Perfected Null Arca Ring (Perfected Slivers of the Null Arca)","Perfected Null Arca Dagger (Perfected Slivers of the Null Arca)","Perfected Null Arca Dagger (Perfected Slivers of the Null Arca)","The Maelstrom's Perfected Greatsword (Perfected Merciless Charge)"," ()","Barbed Trap","Pragmatic Fatecarver","Quick Cloak","Cephaliarch's Flail","Camouflaged Hunter","Flawless Dawnbreaker","Scalding Rune","Stampede","Inspired Scholarship","Fulminating Rune","Camouflaged Hunter","The Languid Eye"
"The Halls of Fabrication","Pinnacle Factotum","https://www.esologs.com/reports/z1JwtqpMZWxCgAj7#fight=49&type=summary&source=4","@Lord_Asteroth","Asteroth of Irithyll","herald-x-x-perfected-slivers-of-the-null-arca-spattering-disjunction","dps","Herald","x","x","Spattering Disjunction","Perfected Slivers of the Null Arca","115533.2","4420.3","31.3","115533.2 DPS","","The Blind Guise (The Blind)","Spattering Disjunction Jack (Spattering Disjunction)","Perfected Null Arca Arm Cops (Perfected Slivers of the Null Arca)","Spattering Disjunction Bracers (Spattering Disjunction)","","Spattering Disjunction Guards (Spattering Disjunction)","Spattering Disjunction Boots (Spattering Disjunction)","","Perfected Null Arca Ring (Perfected Slivers of the Null Arca)","Perfected Null Arca Ring (Perfected Slivers of the Null Arca)","Perfected Null Arca Dagger (Perfected Slivers of the Null Arca)","Perfected Null Arca Dagger (Perfected Slivers of the Null Arca)","The Maelstrom's Perfected Greatsword (Perfected Merciless Charge)"," ()","Quick Cloak","Camouflaged Hunter","Barbed Trap","Pragmatic Fatecarver","Cephaliarch's Flail","Flawless Dawnbreaker","Scalding Rune","Ring of Preservation","Inspired Scholarship","Fulminating Rune","Stampede","The Languid Eye"
"The Halls of Fabrication","Pinnacle Factotum","https://www.esologs.com/reports/z1JwtqpMZWxCgAj7#fight=49&type=summary&source=5","@Onhold","Dps is just a number","herald-x-x-perfected-slivers-of-the-null-arca-spattering-disjunction","dps","Herald","x","x","Spattering Disjunction","Perfected Slivers of the Null Arca","117972.2","6698.8","30.2","117972.2 DPS","","Slimecraw Guise (Slimecraw)","Spattering Disjunction Jack (Spattering Disjunction)","Perfected Null Arca Arm Cops (Perfected Slivers of the Null Arca)","Spattering Disjunction Bracers (Spattering Disjunction)","","Spattering Disjunction Guards (Spattering Disjunction)","Spattering Disjunction Boots (Spattering Disjunction)","","Perfected Null Arca Ring (Perfected Slivers of the Null Arca)","Perfected Null Arca Ring (Perfected Slivers of the Null Arca)","Perfected Null Arca Dagger (Perfected Slivers of the Null Arca)","Perfected Null Arca Dagger (Perfected Slivers of the Null Arca)","The Maelstrom's Perfected Greatsword (Perfected Merciless Charge)"," ()","Camouflaged Hunter","Quick Cloak","Pragmatic Fatecarver","Barbed Trap","Cephaliarch's Flail","Flawless Dawnbreaker","Inspired Scholarship","Camouflaged Hunter","Stampede","Fulminating Rune","Scalding Rune","The Languid Eye"
"The Halls of Fabrication","Pinnacle Factotum","https://www.esologs.com/reports/z1JwtqpMZWxCgAj7#fight=49&type=summary&source=11","@TyoxicWayste","Vesper Thelyss","herald-x-x-perfected-slivers-of-the-null-arca-spattering-disjunction","dps","Herald","x","x","Spattering Disjunction","Perfected Slivers of the Null Arca","110571.2","2977.3","25.4","110571.2 DPS","","Huntsman's Warmask (Huntsman's Warmask)","Spattering Disjunction Jack (Spattering Disjunction)","Slimecraw Epaulets (Slimecraw)","Spattering Disjunction Bracers (Spattering Disjunction)","","Spattering Disjunction Guards (Spattering Disjunction)","Spattering Disjunction Boots (Spattering Disjunction)","","Perfected Null Arca Ring (Perfected Slivers of the Null Arca)","Perfected Null Arca Ring (Perfected Slivers of the Null Arca)","Perfected Null Arca Dagger (Perfected Slivers of the Null Arca)","Perfected Null Arca Dagger (Perfected Slivers of the Null Arca)","The Maelstrom's Perfected Greatsword (Perfected Merciless Charge)"," ()","Cephaliarch's Flail","Exhausting Fatecarver","Barbed Trap","Quick Cloak","Camouflaged Hunter","Flawless Dawnbreaker","Inspired Scholarship","Fulminating Rune","Resolving Vigor","Stampede","Camouflaged Hunter","The Languid Eye"
"The Halls of Fabrication","Pinnacle Factotum","https://www.esologs.com/reports/z1JwtqpMZWxCgAj7#fight=49&type=summary&source=8","@Demostress","Saamir Ahkyar","herald-x-x-perfected-slivers-of-the-null-arca-spattering-disjunction","dps","Herald","x","x","Perfected Slivers of the Null Arca","Spattering Disjunction","122007.1","4425.7","26.6","122007.1 DPS","","Huntsman's Warmask (Huntsman's Warmask)","Perfected Null Arca Jack (Perfected Slivers of the Null Arca)","Slimecraw Epaulets (Slimecraw)","Spattering Disjunction Bracers (Spattering Disjunction)","","Perfected Null Arca Guards (Perfected Slivers of the Null Arca)","Perfected Null Arca Boots (Perfected Slivers of the Null Arca)","","Spattering Disjunction Ring (Spattering Disjunction)","Spattering Disjunction Ring (Spattering Disjunction)","Perfected Null Arca Dagger (Perfected Slivers of the Null Arca)","Perfected Null Arca Dagger (Perfected Slivers of the Null Arca)","The Maelstrom's Perfected Greatsword (Perfected Merciless Charge)"," ()","Quick Cloak","Pragmatic Fatecarver","Cephaliarch's Flail","Camouflaged Hunter","Banner Bearer","Flawless Dawnbreaker","Stampede","Barbed Trap","Fulminating Rune","Inspired Scholarship","Banner Bearer","The Languid Eye"
"The Halls of Fabrication","Pinnacle Factotum","https://www.esologs.com/reports/z1JwtqpMZWxCgAj7#fight=49&type=summary&source=1","@Helinile","Helinile","herald-x-x-perfected-slivers-of-the-null-arca-spattering-disjunction","dps","Herald","x","x","Spattering Disjunction","Perfected Slivers of the Null Arca","133190.4","13195.2","22.8","133190.4 DPS","","Slimecraw Guise (Slimecraw)","Spattering Disjunction Jack (Spattering Disjunction)","Perfected Null Arca Arm Cops (Perfected Slivers of the Null Arca)","Spattering Disjunction Bracers (Spattering Disjunction)","","Spattering Disjunction Guards (Spattering Disjunction)","Spattering Disjunction Boots (Spattering Disjunction)","","Perfected Null Arca Ring (Perfected Slivers of the Null Arca)","Perfected Null Arca Ring (Perfected Slivers of the Null Arca)","Perfected Null Arca Dagger (Perfected Slivers of the Null Arca)","Perfected Null Arca Dagger (Perfected Slivers of the Null Arca)","The Maelstrom's Perfected Greatsword (Perfected Merciless Charge)"," ()","Exhausting Fatecarver","Cephaliarch's Flail","Quick Cloak","Barbed Trap","Camouflaged Hunter","Flawless Dawnbreaker","Fulminating Rune","Inspired Scholarship","Stampede","Scalding Rune","Camouflaged Hunter","The Languid Eye"
"The Halls of Fabrication","Pinnacle Factotum","https://www.esologs.com/reports/z1JwtqpMZWxCgAj7#fight=49&type=summary&source=14","@Tahuti66","Tahuti-Arcanist","herald-x-x-perfected-slivers-of-the-null-arca-spattering-disjunction","dps","Herald","x","x","Spattering Disjunction","Perfected Slivers of the Null Arca","131971.2","4141.6","28.6","131971.2 DPS","","Slimecraw Guise (Slimecraw)","Spattering Disjunction Jack (Spattering Disjunction)","Perfected Null Arca Arm Cops (Perfected Slivers of the Null Arca)","Spattering Disjunction Bracers (Spattering Disjunction)","","Spattering Disjunction Guards (Spattering Disjunction)","Spattering Disjunction Boots (Spattering Disjunction)","","Perfected Null Arca Ring (Perfected Slivers of the Null Arca)","Perfected Null Arca Ring (Perfected Slivers of the Null Arca)","Perfected Null Arca Dagger (Perfected Slivers of the Null Arca)","Perfected Null Arca Dagger (Perfected Slivers of the Null Arca)","The Maelstrom's Perfected Inferno Staff (Perfected Crushing Wall)"," ()","Pragmatic Fatecarver","Barbed Trap","Cephaliarch's Flail","Quick Cloak","Camouflaged Hunter","Flawless Dawnbreaker","Elemental Blockade","Fulminating Rune","Inspired Scholarship","Ring of Preservation","Camouflaged Hunter","The Tide King's Gaze"
"The Halls of Fabrication","Pinnacle Factotum","https://www.esologs.com/reports/z1JwtqpMZWxCgAj7#fight=49&type=summary&source=11","@Nocturum","Noctunist","herald-x-x-perfected-slivers-of-the-null-arca-spattering-disjunction","dps","Herald","x","x","Spattering Disjunction","Perfected Slivers of the Null Arca","118557.7","9447.5","29.8","118557.7 DPS","","Huntsman's Warmask (Huntsman's Warmask)","Spattering Disjunction Jack (Spattering Disjunction)","Slimecraw Arm Cops (Slimecraw)","Spattering Disjunction Bracers (Spattering Disjunction)","","Spattering Disjunction Guards (Spattering Disjunction)","Spattering Disjunction Boots (Spattering Disjunction)","","Null Arca Ring (Slivers of the Null Arca)","Null Arca Ring (Slivers of the Null Arca)","Null Arca Dagger (Slivers of the Null Arca)","Null Arca Dagger (Slivers of the Null Arca)","The Maelstrom's Perfected Greatsword (Perfected Merciless Charge)"," ()","Cephaliarch's Flail","Pragmatic Fatecarver","Barbed Trap","Quick Cloak","Banner Bearer","Dawnbreaker","Stampede","Fulminating Rune","Ring of Preservation","Inspired Scholarship","Banner Bearer","The Languid Eye"
"The Halls of Fabrication","Pinnacle Factotum","https://www.esologs.com/reports/CvAdagYrz6hWJZFf#fight=5&type=summary&source=6","@TheRockentoon","Rocken-Necro","bone-grave-herald-corpseburster-perfected-slivers-of-the-null-arca","dps","Grave","Bone","Herald","Perfected Slivers of the Null Arca","Corpseburster","137782.4","4812.5","104.9","137782.4 DPS","","Huntsman's Warmask (Huntsman's Warmask)","Perfected Null Arca Jack (Perfected Slivers of the Null Arca)","Ansuul's Perfected Arm Cops (Perfected Ansuul's Torment)","Perfected Null Arca Bracers (Perfected Slivers of the Null Arca)","","Perfected Null Arca Guards (Perfected Slivers of the Null Arca)","Perfected Null Arca Boots (Perfected Slivers of the Null Arca)","","Corpseburster Ring (Corpseburster)","Corpseburster Ring (Corpseburster)","Corpseburster Dagger (Corpseburster)","Corpseburster Dagger (Corpseburster)","The Maelstrom's Perfected Greatsword (Perfected Merciless Charge)"," ()","Venom Skull","Unnerving Boneyard","Detonating Siphon","Blighted Blastbones","Banner Bearer","Flawless Dawnbreaker","Stampede","Carve","Anti-Cavalry Caltrops","Skeletal Arcanist","Banner Bearer","Pummeling Goliath"
"The Halls of Fabrication","Pinnacle Factotum","https://www.esologs.com/reports/CvAdagYrz6hWJZFf#fight=5&type=summary&source=8","@xindong","Sweetheart-s","bone-grave-herald-corpseburster-perfected-slivers-of-the-null-arca","dps","Grave","Bone","Herald","Perfected Slivers of the Null Arca","Corpseburster","140729.7","7843.3","83.4","140729.7 DPS","","Huntsman's Warmask (Huntsman's Warmask)","Perfected Null Arca Jack (Perfected Slivers of the Null Arca)","Corpseburster Epaulets (Corpseburster)","Perfected Null Arca Bracers (Perfected Slivers of the Null Arca)","","Ansuul's Perfected Guards (Perfected Ansuul's Torment)","Corpseburster Boots (Corpseburster)","","Perfected Null Arca Ring (Perfected Slivers of the Null Arca)","Perfected Null Arca Ring (Perfected Slivers of the Null Arca)","Corpseburster Dagger (Corpseburster)","Corpseburster Dagger (Corpseburster)","The Maelstrom's Perfected Greatsword (Perfected Merciless Charge)"," ()","Avid Boneyard","Detonating Siphon","Blighted Blastbones","Venom Skull","Banner Bearer","Flawless Dawnbreaker","Skeletal Arcanist","Stampede","Carve","Barbed Trap","Banner Bearer","Pummeling Goliath"
"The Halls of Fabrication","Pinnacle Factotum","https://www.esologs.com/reports/CvAdagYrz6hWJZFf#fight=5&type=summary&source=8","@Boxis","Seéyou","bone-grave-herald-corpseburster-perfected-slivers-of-the-null-arca","dps","Grave","Bone","Herald","Corpseburster","Perfected Slivers of the Null Arca","154268.5","3719.1","90.2","154268.5 DPS","","Huntsman's Warmask (Huntsman's Warmask)","Perfected Null Arca Jack (Perfected Slivers of the Null Arca)","Corpseburster Arm Cops (Corpseburster)","Perfected Null Arca Bracers (Perfected Slivers of the Null Arca)","","Perfected Null Arca Guards (Perfected Slivers of the Null Arca)","Perfected Null Arca Boots (Perfected Slivers of the Null Arca)","","Corpseburster Ring (Corpseburster)","Corpseburster Ring (Corpseburster)","Corpseburster Dagger (Corpseburster)","Corpseburster Axe (Corpseburster)","The Maelstrom's Perfected Greatsword (Perfected Merciless Charge)"," ()","Blighted Blastbones","Venom Skull","Detonating Siphon","Avid Boneyard","Banner Bearer","Flawless Dawnbreaker","Stampede","Carve","Barbed Trap","Skeletal Archer","Banner Bearer","Pummeling Goliath"
"The Halls of Fabrication","Pinnacle Factotum","https://www.esologs.com/reports/CvAdagYrz6hWJZFf#fight=5&type=summary&source=27","@WhiskeyRiot","Karen at Starbucks","bone-grave-herald-corpseburster-perfected-slivers-of-the-null-arca","dps","Grave","Bone","Herald","Perfected Slivers of the Null Arca","Corpseburster","130852.9","5907.4","69.5","130852.9 DPS","","Huntsman's Warmask (Huntsman's Warmask)","Perfected Null Arca Jack (Perfected Slivers of the Null Arca)","Iceheart Arm Cops (Iceheart)","Perfected Null Arca Bracers (Perfected Slivers of the Null Arca)","","Perfected Null Arca Guards (Perfected Slivers of the Null Arca)","Perfected Null Arca Boots (Perfected Slivers of the Null Arca)","","Corpseburster Ring (Corpseburster)","Corpseburster Ring (Corpseburster)","Corpseburster Dagger (Corpseburster)","Corpseburster Dagger (Corpseburster)","The Maelstrom's Greatsword (Merciless Charge)"," ()","Avid Boneyard","Blighted Blastbones","Detonating Siphon","Venom Skull","Banner Bearer","Glacial Colossus","Stampede","Carve","Barbed Trap","Skeletal Archer","Banner Bearer","Pummeling Goliath"
"The Halls of Fabrication","Pinnacle Factotum","https://www.esologs.com/reports/CvAdagYrz6hWJZFf#fight=5&type=summary&source=6","@Tache","Limacella","bone-grave-herald-corpseburster-perfected-slivers-of-the-null-arca","dps","Grave","Bone","Herald","Perfected Slivers of the Null Arca","Corpseburster","134867.7","8992.3","72.7","134867.7 DPS","","Huntsman's Warmask (Huntsman's Warmask)","Perfected Null Arca Jack (Perfected Slivers of the Null Arca)","Slimecraw Arm Cops (Slimecraw)","Perfected Null Arca Bracers (Perfected Slivers of the Null Arca)","","Perfected Null Arca Guards (Perfected Slivers of the Null Arca)","Perfected Null Arca Boots (Perfected Slivers of the Null Arca)","","Corpseburster Ring (Corpseburster)","Corpseburster Ring (Corpseburster)","Corpseburster Axe (Corpseburster)","Corpseburster Dagger (Corpseburster)","The Maelstrom's Perfected Greatsword (Perfected Merciless Charge)"," ()","Detonating Siphon","Venom Skull","Blighted Blastbones","Avid Boneyard","Banner Bearer","Flawless Dawnbreaker","Barbed Trap","Skeletal Archer","Carve","Stampede","Banner Bearer","Pummeling Goliath"
"The Halls of Fabrication","Pinnacle Factotum","https://www.esologs.com/reports/CvAdagYrz6hWJZFf#fight=5&type=summary&source=9","@BRabbit.3","Krieg The Dark Lord","bone-grave-herald-corpseburster-perfected-slivers-of-the-null-arca","dps","Grave","Bone","Herald","Perfected Slivers of the Null Arca","Corpseburster","165449.6","10764.6","111.8","165449.6 DPS","The Ritual","Huntsman's Warmask (Huntsman's Warmask)","Perfected Null Arca Jack (Perfected Slivers of the Null Arca)","Zaan Arm Cops (Zaan)","Perfected Null Arca Bracers (Perfected Slivers of the Null Arca)","","Perfected Null Arca Guards (Perfected Slivers of the Null Arca)","Perfected Null Arca Boots (Perfected Slivers of the Null Arca)","","Corpseburster Ring (Corpseburster)","Corpseburster Ring (Corpseburster)","Corpseburster Dagger (Corpseburster)","Corpseburster Dagger (Corpseburster)","The Maelstrom's Greatsword (Merciless Charge)"," ()","Unnerving Boneyard","Blighted Blastbones","Venom Skull","Detonating Siphon","Banner Bearer","Flawless Dawnbreaker","Barbed Trap","Carve","Skeletal Archer","Stampede","Banner Bearer","Pummeling Goliath"
"The Halls of Fabrication","Pinnacle Factotum","https://www.esologs.com/reports/YQxg78cnkKFAjCXT#fight=61&type=summary&source=8","@Pixel_Frost","Necraftn","bone-grave-x-corpseburster-perfected-slivers-of-the-null-arca","dps","Grave","Bone","x","Perfected Slivers of the Null Arca","Corpseburster","318882.5","16991.0","124.8","318882.5 DPS","The Thief","Huntsman's Warmask (Huntsman's Warmask)","Perfected Null Arca Jack (Perfected Slivers of the Null Arca)","Slimecraw Arm Cops (Slimecraw)","Perfected Null Arca Bracers (Perfected Slivers of the Null Arca)","","Perfected Null Arca Guards (Perfected Slivers of the Null Arca)","Perfected Null Arca Boots (Perfected Slivers of the Null Arca)","","Corpseburster Ring (Corpseburster)","Corpseburster Ring (Corpseburster)","Corpseburster Dagger (Corpseburster)","Corpseburster Dagger (Corpseburster)","The Maelstrom's Perfected Greatsword (Perfected Merciless Charge)"," ()","Blighted Blastbones","Unnerving Boneyard","Venom Skull","Detonating Siphon","Banner Bearer","Flawless Dawnbreaker","Stampede","Simmering Frenzy","Skeletal Arcanist","Barbed Trap","Banner Bearer","Pummeling Goliath"
"The Halls of Fabrication","Pinnacle Factotum","https://www.esologs.com/reports/YQxg78cnkKFAjCXT#fight=61&type=summary&source=4","@jetplane_18","Baaliel","bone-grave-x-corpseburster-perfected-slivers-of-the-null-arca","dps","Grave","Bone","x","Corpseburster","Perfected Slivers of the Null Arca","97412.7","9447.2","53.2","97412.7 DPS","","Corpseburster Helmet (Corpseburster)","Perfected Null Arca Jack (Perfected Slivers of the Null Arca)","Nerien'eth Arm Cops (Nerien'eth)","Perfected Null Arca Bracers (Perfected Slivers of the Null Arca)","","Perfected Null Arca Guards (Perfected Slivers of the Null Arca)","Perfected Null Arca Boots (Perfected Slivers of the Null Arca)","","Corpseburster Ring (Corpseburster)","Corpseburster Ring (Corpseburster)","Corpseburster Dagger (Corpseburster)","Corpseburster Dagger (Corpseburster)","The Maelstrom's Perfected Greatsword (Perfected Merciless Charge)"," ()","Unnerving Boneyard","Blighted Blastbones","Detonating Siphon","Venom Skull","Camouflaged Hunter","Glacial Colossus","Stampede","Ghostly Embrace","Skeletal Arcanist","Barbed Trap","Camouflaged Hunter","Shooting Star"
"The Halls of Fabrication","Pinnacle Factotum","https://www.esologs.com/reports/YQxg78cnkKFAjCXT#fight=61&type=summary&source=5","@Pure_Chaos117","Brynjolf Dead-Raiser","bone-grave-x-corpseburster-perfected-slivers-of-the-null-arca","dps","Grave","Bone","x","Perfected Slivers of the Null Arca","Corpseburster","89302.1","10308.1","54.4","89302.1 DPS","","Nerien'eth Mask (Nerien'eth)","Perfected Null Arca Jack (Perfected Slivers of the Null Arca)","Nerien'eth Epaulets (Nerien'eth)","Perfected Null Arca Bracers (Perfected Slivers of the Null Arca)","","Perfected Null Arca Guards (Perfected Slivers of the Null Arca)","Perfected Null Arca Boots (Perfected Slivers of the Null Arca)","","Corpseburster Ring (Corpseburster)","Corpseburster Ring (Corpseburster)","Corpseburster Dagger (Corpseburster)","Corpseburster Dagger (Corpseburster)","The Maelstrom's Greatsword (Merciless Charge)"," ()","Venom Skull","Blighted Blastbones","Detonating Siphon","Unnerving Boneyard","Banner Bearer","Glacial Colossus","Ghostly Embrace","Stampede","Skeletal Archer","Barbed Trap","Banner Bearer","Glacial Colossus"
"The Halls of Fabrication","Pinnacle Factotum","https://www.esologs.com/reports/YQxg78cnkKFAjCXT#fight=61&type=summary&source=8","@JJTylicki","Necro of Sorrows","bone-grave-x-corpseburster-perfected-slivers-of-the-null-arca","dps","Grave","Bone","x","Perfected Slivers of the Null Arca","Corpseburster","109021.5","3544.3","46.3","109021.5 DPS","","Huntsman's Warmask (Huntsman's Warmask)","Perfected Null Arca Jack (Perfected Slivers of the Null Arca)","Slimecraw Epaulets (Slimecraw)","Perfected Null Arca Bracers (Perfected Slivers of the Null Arca)","","Perfected Null Arca Guards (Perfected Slivers of the Null Arca)","Perfected Null Arca Boots (Perfected Slivers of the Null Arca)","","Corpseburster Ring (Corpseburster)","Corpseburster Ring (Corpseburster)","Corpseburster Dagger (Corpseburster)","Corpseburster Dagger (Corpseburster)","The Maelstrom's Perfected Inferno Staff (Perfected Crushing Wall)"," ()","Unnerving Boneyard","Detonating Siphon","Blighted Blastbones","Venom Skull","Shocking Banner (Class Flourish / Heroism)","Flawless Dawnbreaker","Skeletal Archer","Ruinous Scythe","Blockade of Fire","Anti-Cavalry Caltrops","Shocking Banner (Class Flourish / Heroism)","Shooting Star"
"The Halls of Fabrication","Pinnacle Factotum","https://www.esologs.com/reports/YQxg78cnkKFAjCXT#fight=61&type=summary&source=5","@JJTylicki","Necro of Sorrows","bone-grave-x-corpseburster-perfected-slivers-of-the-null-arca","dps","Grave","Bone","x","Perfected Slivers of the Null Arca","Corpseburster","109175.0","3073.2","46.2","109175.0 DPS","","Huntsman's Warmask (Huntsman's Warmask)","Perfected Null Arca Jack (Perfected Slivers of the Null Arca)","Slimecraw Epaulets (Slimecraw)","Perfected Null Arca Bracers (Perfected Slivers of the Null Arca)","","Perfected Null Arca Guards (Perfected Slivers of the Null Arca)","Perfected Null Arca Boots (Perfected Slivers of the Null Arca)","","Corpseburster Ring (Corpseburster)","Corpseburster Ring (Corpseburster)","Corpseburster Dagger (Corpseburster)","Corpseburster Dagger (Corpseburster)","The Maelstrom's Perfected Inferno Staff (Perfected Crushing Wall)"," ()","Unnerving Boneyard","Detonating Siphon","Blighted Blastbones","Venom Skull","Banner Bearer","Flawless Dawnbreaker","Skeletal Archer","Ruinous Scythe","Elemental Blockade","Anti-Cavalry Caltrops","Banner Bearer","Shooting Star"
"The Halls of Fabrication","Pinnacle Factotum","https://www.esologs.com/reports/CvAdagYrz6hWJZFf#fight=5&type=summary&source=11","@Lydra","Lydra Gartner","animal-green-winter-perfected-pillagers-profit-serpents-disdain","healer","Animal","Green","Winter","Serpent's Disdain","Perfected Pillager's Profit","13502.9","138977.4","56.9","138977.4 HPS","The Ritual","Symphony of Blades Guise (Symphony of Blades)","Robe of Serpent's Disdain (Serpent's Disdain)","Symphony of Blades Epaulets (Symphony of Blades)","Gloves of Serpent's Disdain (Serpent's Disdain)","","Breeches of Serpent's Disdain (Serpent's Disdain)","Shoes of Serpent's Disdain (Serpent's Disdain)","","Perfected Pillager's Band (Perfected Pillager's Profit)","Perfected Pillager's Band (Perfected Pillager's Profit)","The Master's Perfected Restoration Staff (Perfected Grand Rejuvenation)"," ()","Perfected Pillager's Ice Staff (Perfected Pillager's Profit)"," ()","Combat Prayer","Budding Seeds","Illustrious Healing","Energy Orb","Radiating Regeneration","Eternal Guardian","Elemental Susceptibility","Elemental Blockade","Echoing Vigor","Healing Burst","Expansive Frost Cloak","Reviving Barrier"
"The Halls of Fabrication","Pinnacle Factotum","https://www.esologs.com/reports/CvAdagYrz6hWJZFf#fight=5&type=summary&source=10","@GeorgoNaut","Svjetlonoš","animal-green-winter-perfected-pillagers-profit-serpents-disdain","healer","Animal","Green","Winter","Serpent's Disdain","Perfected Pillager's Profit","7361.0","86567.6","59.3","86567.6 HPS","","Nazaray Mask (Nazaray)","Perfected Pillager's Robe (Perfected Pillager's Profit)","Nazaray Epaulets (Nazaray)","Perfected Pillager's Gloves (Perfected Pillager's Profit)","","Perfected Pillager's Breeches (Perfected Pillager's Profit)","Perfected Pillager's Shoes (Perfected Pillager's Profit)","","Ring of Serpent's Disdain (Serpent's Disdain)","Ring of Serpent's Disdain (Serpent's Disdain)","Restoration Staff of Serpent's Disdain (Serpent's Disdain)"," ()","Lightning Staff of Serpent's Disdain (Serpent's Disdain)"," ()","Combat Prayer","Radiating Regeneration","Budding Seeds","Illustrious Healing","Ulfsild's Contingency","Wild Guardian","Elemental Blockade","Winter's Revenge","Mystic Orb","Expansive Frost Cloak","Overflowing Altar","Reviving Barrier"
"The Halls of Fabrication","Pinnacle Factotum","https://www.esologs.com/reports/CvAdagYrz6hWJZFf#fight=5&type=summary&source=19","@UnsanitaryNapkin","Cytokinetic","animal-green-winter-perfected-pillagers-profit-serpents-disdain","healer","Animal","Green","Winter","Perfected Pillager's Profit","Serpent's Disdain","10011.9","70595.3","55.8","70595.3 HPS","","Ozezan the Inferno's Visage (Ozezan the Inferno)","Perfected Pillager's Robe (Perfected Pillager's Profit)","Ozezan the Inferno's Arm Cops (Ozezan the Inferno)","Perfected Pillager's Gloves (Perfected Pillager's Profit)","","Perfected Pillager's Breeches (Perfected Pillager's Profit)","Perfected Pillager's Shoes (Perfected Pillager's Profit)","","Ring of Serpent's Disdain (Serpent's Disdain)","Ring of Serpent's Disdain (Serpent's Disdain)","The Master's Perfected Restoration Staff (Perfected Grand Rejuvenation)"," ()","Ice Staff of Serpent's Disdain (Serpent's Disdain)"," ()","Radiating Regeneration","Combat Prayer","Illustrious Healing","Echoing Vigor","Blue Betty","Reviving Barrier","Winter's Revenge","Elemental Blockade","Budding Seeds","Expansive Frost Cloak","Energy Orb","Reviving Barrier"
"The Halls of Fabrication","Pinnacle Factotum","https://www.esologs.com/reports/yHxYKXgq9tPBcrVn#fight=66&type=summary&source=3","@Jaydeism","Gabrielle Le Chanteur","dawn-resto-x-master-architect-powerful-assault","healer","Dawn","Resto","x","Master Architect","Powerful Assault","7061.8","117400.4","55.4","117400.4 HPS","","Magma Incarnate Guise (Magma Incarnate)","Master Architect Robe (Master Architect)","Spaulder of Ruin (Spaulder of Ruin)","Master Architect Gloves (Master Architect)","","Master Architect Breeches (Master Architect)","Master Architect Shoes (Master Architect)","","Ring of the Powerful Assault (Powerful Assault)","Ring of the Powerful Assault (Powerful Assault)","The Master's Perfected Restoration Staff (Perfected Grand Rejuvenation)"," ()","Lightning Staff of the Powerful Assault (Powerful Assault)"," ()","Radiating Regeneration","Combat Prayer","Purifying Light","Energy Orb","Illustrious Healing","Reviving Barrier","Elemental Blockade","Extended Ritual","Radiant Aura","Echoing Vigor","Overflowing Altar","Aggressive Horn"
"The Halls of Fabrication","Pinnacle Factotum","https://www.esologs.com/reports/yHxYKXgq9tPBcrVn#fight=66&type=summary&source=16","@Patas901","Patraxus","dawn-resto-x-master-architect-powerful-assault","healer","Dawn","Resto","x","Master Architect","Powerful Assault","7571.9","81938.2","40.4","81938.2 HPS","","Ozezan the Inferno's Guise (Ozezan the Inferno)","Master Architect Robe (Master Architect)","Spaulder of Ruin (Spaulder of Ruin)","Master Architect Gloves (Master Architect)","","Master Architect Breeches (Master Architect)","Master Architect Shoes (Master Architect)","","Ring of the Powerful Assault (Powerful Assault)","Ring of the Powerful Assault (Powerful Assault)","The Master's Perfected Restoration Staff (Perfected Grand Rejuvenation)"," ()","Lightning Staff of the Powerful Assault (Powerful Assault)"," ()","Radiating Regeneration","Illustrious Healing","Combat Prayer","Energy Orb","Extended Ritual","Aggressive Horn","Warding Burst","Elemental Blockade","Echoing Vigor","Solar Barrage","Radiant Aura","Reviving Barrier"
"The Halls of Fabrication","Pinnacle Factotum","https://www.esologs.com/reports/CvAdagYrz6hWJZFf#fight=5&type=summary&source=1","@Dwarfking1999","Valyna Salaothi","herald-soldier-x-jorvulds-guidance-perfected-roaring-opportunist","healer","Herald","Soldier","x","Jorvuld's Guidance","Perfected Roaring Opportunist","9882.1","131095.3","53.1","131095.3 HPS","The Ritual","Ozezan the Inferno's Mask (Ozezan the Inferno)","Jorvuld's Guidance Robe (Jorvuld's Guidance)","Ozezan the Inferno's Epaulets (Ozezan the Inferno)","Jorvuld's Guidance Gloves (Jorvuld's Guidance)","","Jorvuld's Guidance Breeches (Jorvuld's Guidance)","Jorvuld's Guidance Shoes (Jorvuld's Guidance)","","Roaring Opportunist's Perfected Ring (Perfected Roaring Opportunist)","Roaring Opportunist's Perfected Ring (Perfected Roaring Opportunist)","Roaring Opportunist's Perfected Restoration Staff (Perfected Roaring Opportunist)"," ()","The Maelstrom's Lightning Staff (Crushing Wall)"," ()","Illustrious Healing","Tidal Chakram","Combat Prayer","Radiating Regeneration","Energy Orb","Flawless Dawnbreaker","Elemental Blockade","Cruxweaver Armor","Fulminating Rune","Echoing Vigor","Overflowing Altar","Reviving Barrier"
"The Halls of Fabrication","Pinnacle Factotum","https://www.esologs.com/reports/CvAdagYrz6hWJZFf#fight=5&type=summary&source=3","@AlsClarity","Als Mango","herald-soldier-x-jorvulds-guidance-perfected-roaring-opportunist","healer","Herald","Soldier","x","Jorvuld's Guidance","Perfected Roaring Opportunist","4430.2","140541.9","37.7","140541.9 HPS","","Ozezan the Inferno's Guise (Ozezan the Inferno)","Jorvuld's Guidance Robe (Jorvuld's Guidance)","Spaulder of Ruin (Spaulder of Ruin)","Jorvuld's Guidance Gloves (Jorvuld's Guidance)","","Jorvuld's Guidance Breeches (Jorvuld's Guidance)","Jorvuld's Guidance Shoes (Jorvuld's Guidance)","","Roaring Opportunist's Perfected Ring (Perfected Roaring Opportunist)","Roaring Opportunist's Perfected Ring (Perfected Roaring Opportunist)","Roaring Opportunist's Perfected Restoration Staff (Perfected Roaring Opportunist)"," ()","The Maelstrom's Perfected Ice Staff (Perfected Crushing Wall)"," ()","Radiating Regeneration","Combat Prayer","Illustrious Healing","Tidal Chakram","Energy Orb","Reviving Barrier","Echoing Vigor","Elemental Blockade","Overflowing Altar","Inspired Scholarship","Cruxweaver Armor","Reviving Barrier"
"The Halls of Fabrication","Pinnacle Factotum","https://www.esologs.com/reports/KyT2aRPJ7vHX1GqZ#fight=7&type=summary&source=25","@stirfriedferret","Icy Ferret","animal-winter-x-aeries-cry-perfected-slivers-of-the-null-arca","healer","Animal","Winter","x","Aerie's Cry","Perfected Slivers of the Null Arca","129359.1","6556.7","82.2","6556.7 HPS","The Thief","Slimecraw Mask (Slimecraw)","Aerie's Cry Jack (Aerie's Cry)","Perfected Null Arca Arm Cops (Perfected Slivers of the Null Arca)","Aerie's Cry Bracers (Aerie's Cry)","","Aerie's Cry Breeches (Aerie's Cry)","Aerie's Cry Boots (Aerie's Cry)","","Shattered Paths Signet (Shattered Paths Signet)","Perfected Null Arca Ring (Perfected Slivers of the Null Arca)","Perfected Null Arca Dagger (Perfected Slivers of the Null Arca)","Perfected Null Arca Dagger (Perfected Slivers of the Null Arca)","The Maelstrom's Perfected Greatsword (Perfected Merciless Charge)"," ()","Cutting Dive","Subterranean Assault","Magic Knife","Barbed Trap","Ulfsild's Contingency","Wild Guardian","Stampede","Winter's Revenge","Arctic Blast","Fetcher Infection","Blue Betty","Wild Guardian"
"The Halls of Fabrication","Pinnacle Factotum","https://www.esologs.com/reports/KyT2aRPJ7vHX1GqZ#fight=7&type=summary&source=7","@bobavan","Jasmine Bitterleaf","animal-winter-x-aeries-cry-perfected-slivers-of-the-null-arca","dps","Animal","Winter","x","Aerie's Cry","Perfected Slivers of the Null Arca","117942.0","5022.1","91.9","117942.0 DPS","","Zaan Guise (Zaan)","Aerie's Cry Jack (Aerie's Cry)","Perfected Null Arca Arm Cops (Perfected Slivers of the Null Arca)","Aerie's Cry Bracers (Aerie's Cry)","","Aerie's Cry Guards (Aerie's Cry)","Aerie's Cry Boots (Aerie's Cry)","","Shattered Paths Signet (Shattered Paths Signet)","Perfected Null Arca Ring (Perfected Slivers of the Null Arca)","Perfected Null Arca Dagger (Perfected Slivers of the Null Arca)","Perfected Null Arca Dagger (Perfected Slivers of the Null Arca)","The Maelstrom's Perfected Greatsword (Perfected Merciless Charge)"," ()","Camouflaged Hunter","Cutting Dive","Subterranean Assault","Magic Knife","Winter's Revenge","Wild Guardian","Blue Betty","Stampede","Barbed Trap","Arctic Blast","Ulfsild's Contingency","Wild Guardian"
"The Halls of Fabrication","Pinnacle Factotum","https://www.esologs.com/reports/nTgG1m3cxZzRWQLh#fight=34&type=summary&source=12","@adamsmith42","The-Nord-With-No-Name","ardent-x-x-jorvulds-guidance-perfected-claw-of-yolnahkriin","tank","Ardent","x","x","Jorvuld's Guidance","Perfected Claw of Yolnahkriin","5963.7","15730.4","33.8","33.8 CPM","","Nazaray Mask (Nazaray)","Yolnahkriin's Perfected Cuirass (Perfected Claw of Yolnahkriin)","Nazaray Epaulets (Nazaray)","Yolnahkriin's Perfected Gauntlets (Perfected Claw of Yolnahkriin)","","Yolnahkriin's Perfected Greaves (Perfected Claw of Yolnahkriin)","Yolnahkriin's Perfected Sabatons (Perfected Claw of Yolnahkriin)","","Jorvuld's Guidance Ring (Jorvuld's Guidance)","Jorvuld's Guidance Ring (Jorvuld's Guidance)","Jorvuld's Guidance Ice Staff (Jorvuld's Guidance)"," ()","Jorvuld's Guidance Ice Staff (Jorvuld's Guidance)"," ()","Lingering Flare","Heart of Flame","Destructive Clench","Earthshield Mantle","Exhilarating Drain","Reviving Barrier","Fire Keeper","Chains of Dominance","Elemental Susceptibility","Blood of the Green Dragon","Blockade of Frost","Standard of Might"
"The Halls of Fabrication","Pinnacle Factotum","https://www.esologs.com/reports/nTgG1m3cxZzRWQLh#fight=34&type=summary&source=9","@adamsmith42","The-Nord-With-No-Name","ardent-x-x-jorvulds-guidance-perfected-claw-of-yolnahkriin","tank","Ardent","x","x","Jorvuld's Guidance","Perfected Claw of Yolnahkriin","5963.8","15821.5","33.7","33.7 CPM","The Atronach","Nazaray Mask (Nazaray)","Yolnahkriin's Perfected Cuirass (Perfected Claw of Yolnahkriin)","Nazaray Epaulets (Nazaray)","Yolnahkriin's Perfected Gauntlets (Perfected Claw of Yolnahkriin)","","Yolnahkriin's Perfected Greaves (Perfected Claw of Yolnahkriin)","Yolnahkriin's Perfected Sabatons (Perfected Claw of Yolnahkriin)","","Jorvuld's Guidance Ring (Jorvuld's Guidance)","Jorvuld's Guidance Ring (Jorvuld's Guidance)","Jorvuld's Guidance Ice Staff (Jorvuld's Guidance)"," ()","Jorvuld's Guidance Ice Staff (Jorvuld's Guidance)"," ()","Lingering Flare","Heart of Flame","Destructive Clench","Earthshield Mantle","Exhilarating Drain","Reviving Barrier","Fire Keeper","Chains of Dominance","Elemental Susceptibility","Blood of the Green Dragon","Elemental Blockade","Standard of Might"
"The Halls of Fabrication","Pinnacle Factotum","https://www.esologs.com/reports/nTgG1m3cxZzRWQLh#fight=34&type=summary&source=9","@PrincessCatWarrior","Prancing Kitty","animal-green-winter-master-architect-serpents-disdain","healer","Animal","Green","Winter","Serpent's Disdain","Master Architect","6246.5","47602.8","42.5","47602.8 HPS","The Thief","Ozezan the Inferno's Mask (Ozezan the Inferno)","Robe of Serpent's Disdain (Serpent's Disdain)","Ozezan the Inferno's Epaulets (Ozezan the Inferno)","Gloves of Serpent's Disdain (Serpent's Disdain)","","Breeches of Serpent's Disdain (Serpent's Disdain)","Shoes of Serpent's Disdain (Serpent's Disdain)","","Master Architect Ring (Master Architect)","Master Architect Ring (Master Architect)","The Master's Perfected Restoration Staff (Perfected Grand Rejuvenation)"," ()","Master Architect Ice Staff (Master Architect)"," ()","Budding Seeds","Combat Prayer","Illustrious Healing","Energy Orb","Efficient Purge","Wild Guardian","Winter's Revenge","Blockade of Frost","Expansive Frost Cloak","Elemental Susceptibility","Echoing Vigor","Aggressive Horn"
"The Halls of Fabrication","Pinnacle Factotum","https://www.esologs.com/reports/nTgG1m3cxZzRWQLh#fight=34&type=summary&source=6","@PrincessCatWarrior","Prancing Kitty","animal-green-winter-master-architect-serpents-disdain","healer","Animal","Green","Winter","Serpent's Disdain","Master Architect","6245.4","49890.6","35.0","49890.6 HPS","","Ozezan the Inferno's Mask (Ozezan the Inferno)","Robe of Serpent's Disdain (Serpent's Disdain)","Ozezan the Inferno's Epaulets (Ozezan the Inferno)","Gloves of Serpent's Disdain (Serpent's Disdain)","","Breeches of Serpent's Disdain (Serpent's Disdain)","Shoes of Serpent's Disdain (Serpent's Disdain)","","Master Architect Ring (Master Architect)","Master Architect Ring (Master Architect)","The Master's Perfected Restoration Staff (Perfected Grand Rejuvenation)"," ()","Master Architect Ice Staff (Master Architect)"," ()","Budding Seeds","Combat Prayer","Illustrious Healing","Energy Orb","Efficient Purge","Wild Guardian","Winter's Revenge","Elemental Blockade","Expansive Frost Cloak","Elemental Susceptibility","Echoing Vigor","Aggressive Horn"
"The Halls of Fabrication","Pinnacle Factotum","https://www.esologs.com/reports/nTgG1m3cxZzRWQLh#fight=34&type=summary&source=10","@RazierTheCat","Razier-Jo","soldier-x-x-master-architect-pillagers-profit","healer","Soldier","x","x","Pillager's Profit","Master Architect","4090.5","86599.2","33.8","86599.2 HPS","The Ritual","Symphony of Blades Guise (Symphony of Blades)","Pillager's Jerkin (Pillager's Profit)","Symphony of Blades Epaulets (Symphony of Blades)","Pillager's Gloves (Pillager's Profit)","","Pillager's Breeches (Pillager's Profit)","Master Architect Shoes (Master Architect)","","Master Architect Ring (Master Architect)","Master Architect Ring (Master Architect)","The Master's Perfected Restoration Staff (Perfected Grand Rejuvenation)"," ()","Pillager's Lightning Staff (Pillager's Profit)"," ()","Tidal Chakram","Combat Prayer","Illustrious Healing","Efficient Purge","Energy Orb","Reviving Barrier","Cruxweaver Armor","Blockade of Storms","Warding Contingency (Sage's Remedy / Protection)","Echoing Vigor","Overflowing Altar","Reviving Barrier"
"The Halls of Fabrication","Pinnacle Factotum","https://www.esologs.com/reports/nTgG1m3cxZzRWQLh#fight=34&type=summary&source=7","@RazierTheCat","Razier-Jo","soldier-x-x-master-architect-pillagers-profit","healer","Soldier","x","x","Pillager's Profit","Master Architect","4088.6","103877.5","61.2","103877.5 HPS","","Symphony of Blades Guise (Symphony of Blades)","Pillager's Jerkin (Pillager's Profit)","Symphony of Blades Epaulets (Symphony of Blades)","Pillager's Gloves (Pillager's Profit)","","Pillager's Breeches (Pillager's Profit)","Master Architect Shoes (Master Architect)","","Master Architect Ring (Master Architect)","Master Architect Ring (Master Architect)","The Master's Perfected Restoration Staff (Perfected Grand Rejuvenation)"," ()","Pillager's Lightning Staff (Pillager's Profit)"," ()","Tidal Chakram","Combat Prayer","Illustrious Healing","Efficient Purge","Energy Orb","Reviving Barrier","Cruxweaver Armor","Elemental Blockade","Ulfsild's Contingency","Echoing Vigor","Overflowing Altar","Reviving Barrier"
"The Halls of Fabrication","Archcustodian","https://www.esologs.com/reports/CvAdagYrz6hWJZFf#fight=7&type=summary&source=6","@TheRockentoon","Rocken-Necro","bone-grave-herald-corpseburster-perfected-slivers-of-the-null-arca","dps","Grave","Bone","Herald","Perfected Slivers of the Null Arca","Corpseburster","174007.4","5304.1","47.6","174007.4 DPS","","Huntsman's Warmask (Huntsman's Warmask)","Perfected Null Arca Jack (Perfected Slivers of the Null Arca)","Slimecraw Arm Cops (Slimecraw)","Perfected Null Arca Bracers (Perfected Slivers of the Null Arca)","","Perfected Null Arca Guards (Perfected Slivers of the Null Arca)","Perfected Null Arca Boots (Perfected Slivers of the Null Arca)","","Corpseburster Ring (Corpseburster)","Corpseburster Ring (Corpseburster)","Corpseburster Dagger (Corpseburster)","Corpseburster Dagger (Corpseburster)","The Maelstrom's Perfected Greatsword (Perfected Merciless Charge)"," ()","Venom Skull","Unnerving Boneyard","Detonating Siphon","Blighted Blastbones","Banner Bearer","Flawless Dawnbreaker","Stampede","Carve","Barbed Trap","Skeletal Arcanist","Banner Bearer","Pummeling Goliath"
"The Halls of Fabrication","Archcustodian","https://www.esologs.com/reports/CvAdagYrz6hWJZFf#fight=7&type=summary&source=8","@Boxis","Seéyou","bone-grave-herald-corpseburster-perfected-slivers-of-the-null-arca","dps","Grave","Bone","Herald","Corpseburster","Perfected Slivers of the Null Arca","281165.0","14844.9","72.1","281165.0 DPS","The Thief","Huntsman's Warmask (Huntsman's Warmask)","Perfected Null Arca Jack (Perfected Slivers of the Null Arca)","Corpseburster Arm Cops (Corpseburster)","Perfected Null Arca Bracers (Perfected Slivers of the Null Arca)","","Perfected Null Arca Guards (Perfected Slivers of the Null Arca)","Perfected Null Arca Boots (Perfected Slivers of the Null Arca)","","Corpseburster Ring (Corpseburster)","Corpseburster Ring (Corpseburster)","Corpseburster Dagger (Corpseburster)","Corpseburster Axe (Corpseburster)","The Maelstrom's Perfected Greatsword (Perfected Merciless Charge)"," ()","Blighted Blastbones","Venom Skull","Detonating Siphon","Avid Boneyard","Banner Bearer","Flawless Dawnbreaker","Stampede","Carve","Barbed Trap","Skeletal Archer","Banner Bearer","Pummeling Goliath"
"The Halls of Fabrication","Archcustodian","https://www.esologs.com/reports/CvAdagYrz6hWJZFf#fight=7&type=summary&source=27","@WhiskeyRiot","Karen at Starbucks","bone-grave-herald-corpseburster-perfected-slivers-of-the-null-arca","dps","Grave","Bone","Herald","Perfected Slivers of the Null Arca","Corpseburster","87323.8","7458.4","50.1","87323.8 DPS","","Huntsman's Warmask (Huntsman's Warmask)","Perfected Null Arca Jack (Perfected Slivers of the Null Arca)","Iceheart Arm Cops (Iceheart)","Perfected Null Arca Bracers (Perfected Slivers of the Null Arca)","","Perfected Null Arca Guards (Perfected Slivers of the Null Arca)","Perfected Null Arca Boots (Perfected Slivers of the Null Arca)","","Corpseburster Ring (Corpseburster)","Corpseburster Ring (Corpseburster)","Corpseburster Dagger (Corpseburster)","Corpseburster Dagger (Corpseburster)","The Maelstrom's Greatsword (Merciless Charge)"," ()","Avid Boneyard","Blighted Blastbones","Detonating Siphon","Venom Skull","Banner Bearer","Glacial Colossus","Stampede","Carve","Barbed Trap","Skeletal Archer","Banner Bearer","Pummeling Goliath"
"The Halls of Fabrication","Archcustodian","https://www.esologs.com/reports/CvAdagYrz6hWJZFf#fight=7&type=summary&source=6","@Tache","Limacella","bone-grave-herald-corpseburster-perfected-slivers-of-the-null-arca","dps","Grave","Bone","Herald","Perfected Slivers of the Null Arca","Corpseburster","89301.8","6430.8","46.6","89301.8 DPS","","Huntsman's Warmask (Huntsman's Warmask)","Perfected Null Arca Jack (Perfected Slivers of the Null Arca)","Slimecraw Arm Cops (Slimecraw)","Perfected Null Arca Bracers (Perfected Slivers of the Null Arca)","","Perfected Null Arca Guards (Perfected Slivers of the Null Arca)","Perfected Null Arca Boots (Perfected Slivers of the Null Arca)","","Corpseburster Ring (Corpseburster)","Corpseburster Ring (Corpseburster)","Corpseburster Axe (Corpseburster)","Corpseburster Dagger (Corpseburster)","The Maelstrom's Perfected Greatsword (Perfected Merciless Charge)"," ()","Detonating Siphon","Venom Skull","Blighted Blastbones","Avid Boneyard","Banner Bearer","Flawless Dawnbreaker","Barbed Trap","Skeletal Archer","Carve","Stampede","Banner Bearer","Pummeling Goliath"
"The Halls of Fabrication","Archcustodian","https://www.esologs.com/reports/CvAdagYrz6hWJZFf#fight=7&type=summary&source=5","@AshOfChaos","Friede Deathwhisper","bone-grave-herald-corpseburster-perfected-slivers-of-the-null-arca","dps","Grave","Bone","Herald","Perfected Slivers of the Null Arca","Corpseburster","57017.3","4726.4","50.2","57017.3 DPS","","Slimecraw Mask (Slimecraw)","Perfected Null Arca Jack (Perfected Slivers of the Null Arca)","Corpseburster Arm Cops (Corpseburster)","Perfected Null Arca Bracers (Perfected Slivers of the Null Arca)","","Perfected Null Arca Guards (Perfected Slivers of the Null Arca)","Perfected Null Arca Boots (Perfected Slivers of the Null Arca)","","Corpseburster Ring (Corpseburster)","Corpseburster Ring (Corpseburster)","Corpseburster Dagger (Corpseburster)","Corpseburster Axe (Corpseburster)","The Maelstrom's Perfected Greatsword (Perfected Merciless Charge)"," ()","Ghostly Embrace","Blighted Blastbones","Venom Skull","Detonating Siphon","Shocking Banner (Class Flourish / Heroism)","Flawless Dawnbreaker","Carve","Avid Boneyard","Stampede","Skeletal Archer","Shocking Banner (Class Flourish / Heroism)","Shooting Star"
"The Halls of Fabrication","Archcustodian","https://www.esologs.com/reports/CvAdagYrz6hWJZFf#fight=7&type=summary&source=59","@AshOfChaos","Friede Deathwhisper","bone-grave-herald-corpseburster-perfected-slivers-of-the-null-arca","dps","Grave","Bone","Herald","Perfected Slivers of the Null Arca","Corpseburster","70011.3","6254.3","48.0","70011.3 DPS","","Slimecraw Mask (Slimecraw)","Perfected Null Arca Jack (Perfected Slivers of the Null Arca)","Corpseburster Arm Cops (Corpseburster)","Perfected Null Arca Bracers (Perfected Slivers of the Null Arca)","","Perfected Null Arca Guards (Perfected Slivers of the Null Arca)","Perfected Null Arca Boots (Perfected Slivers of the Null Arca)","","Corpseburster Ring (Corpseburster)","Corpseburster Ring (Corpseburster)","Corpseburster Dagger (Corpseburster)","Corpseburster Axe (Corpseburster)","The Maelstrom's Perfected Greatsword (Perfected Merciless Charge)"," ()","Ghostly Embrace","Blighted Blastbones","Venom Skull","Detonating Siphon","Banner Bearer","Flawless Dawnbreaker","Carve","Avid Boneyard","Stampede","Skeletal Archer","Banner Bearer","Shooting Star"
"The Halls of Fabrication","Archcustodian","https://www.esologs.com/reports/KyT2aRPJ7vHX1GqZ#fight=53&type=summary&source=17","@Kevtriix","Jennyside Beam","herald-soldier-x-perfected-slivers-of-the-null-arca-spattering-disjunction","dps","Herald","Soldier","x","Perfected Slivers of the Null Arca","Spattering Disjunction","86215.8","4235.0","24.8","86215.8 DPS","","Slimecraw Mask (Slimecraw)","Null Arca Jack (Slivers of the Null Arca)","Spattering Disjunction Arm Cops (Spattering Disjunction)","Null Arca Bracers (Slivers of the Null Arca)","","Null Arca Guards (Slivers of the Null Arca)","Null Arca Boots (Slivers of the Null Arca)","","Spattering Disjunction Ring (Spattering Disjunction)","Spattering Disjunction Ring (Spattering Disjunction)","Spattering Disjunction Dagger (Spattering Disjunction)","Spattering Disjunction Dagger (Spattering Disjunction)","The Maelstrom's Perfected Greatsword (Perfected Merciless Charge)"," ()","Quick Cloak","Barbed Trap","Cephaliarch's Flail","Pragmatic Fatecarver","Camouflaged Hunter","Flawless Dawnbreaker","Stampede","Fulminating Rune","Inspired Scholarship","Cruxweaver Armor","Camouflaged Hunter","The Languid Eye"
"The Halls of Fabrication","Archcustodian","https://www.esologs.com/reports/KyT2aRPJ7vHX1GqZ#fight=53&type=summary&source=7","@Hanalacino","M'ster","herald-soldier-x-perfected-slivers-of-the-null-arca-spattering-disjunction","dps","Herald","Soldier","x","Perfected Slivers of the Null Arca","Spattering Disjunction","73668.0","8406.1","24.4","73668.0 DPS","","Huntsman's Warmask (Huntsman's Warmask)","Perfected Null Arca Jack (Perfected Slivers of the Null Arca)","Slimecraw Epaulets (Slimecraw)","Perfected Null Arca Bracers (Perfected Slivers of the Null Arca)","","Spattering Disjunction Guards (Spattering Disjunction)","Perfected Null Arca Boots (Perfected Slivers of the Null Arca)","","Null Arca Ring (Slivers of the Null Arca)","Spattering Disjunction Ring (Spattering Disjunction)","Spattering Disjunction Dagger (Spattering Disjunction)","Spattering Disjunction Dagger (Spattering Disjunction)","The Maelstrom's Perfected Greatsword (Perfected Merciless Charge)"," ()","Cephaliarch's Flail","Pragmatic Fatecarver","Quick Cloak","Camouflaged Hunter","Banner Bearer","Flawless Dawnbreaker","Fulminating Rune","Stampede","Cruxweaver Armor","Inspired Scholarship","Banner Bearer","The Languid Eye"
"The Halls of Fabrication","Archcustodian","https://www.esologs.com/reports/KyT2aRPJ7vHX1GqZ#fight=53&type=summary&source=1","@MadMod10","Zolus Graylock","herald-soldier-x-perfected-slivers-of-the-null-arca-spattering-disjunction","dps","Herald","Soldier","x","Spattering Disjunction","Perfected Slivers of the Null Arca","113343.1","1975.1","33.5","113343.1 DPS","The Thief","Slimecraw Guise (Slimecraw)","Spattering Disjunction Jack (Spattering Disjunction)","Perfected Null Arca Arm Cops (Perfected Slivers of the Null Arca)","Spattering Disjunction Bracers (Spattering Disjunction)","","Spattering Disjunction Guards (Spattering Disjunction)","Spattering Disjunction Boots (Spattering Disjunction)","","Perfected Null Arca Ring (Perfected Slivers of the Null Arca)","Perfected Null Arca Ring (Perfected Slivers of the Null Arca)","Perfected Null Arca Dagger (Perfected Slivers of the Null Arca)","Perfected Null Arca Dagger (Perfected Slivers of the Null Arca)","The Maelstrom's Perfected Greatsword (Perfected Merciless Charge)"," ()","Quick Cloak","Barbed Trap","Cephaliarch's Flail","Pragmatic Fatecarver","Camouflaged Hunter","Flawless Dawnbreaker","Stampede","Cruxweaver Armor","Inspired Scholarship","Fulminating Rune","Camouflaged Hunter","The Languid Eye"
"The Halls of Fabrication","Archcustodian","https://www.esologs.com/reports/KyT2aRPJ7vHX1GqZ#fight=53&type=summary&source=2","@Trujazz","Alan-Scott","herald-soldier-x-perfected-slivers-of-the-null-arca-spattering-disjunction","dps","Herald","Soldier","x","Spattering Disjunction","Perfected Slivers of the Null Arca","98269.1","2270.3","29.0","98269.1 DPS","","Slimecraw Guise (Slimecraw)","Spattering Disjunction Jack (Spattering Disjunction)","Perfected Null Arca Arm Cops (Perfected Slivers of the Null Arca)","Spattering Disjunction Bracers (Spattering Disjunction)","","Spattering Disjunction Guards (Spattering Disjunction)","Spattering Disjunction Boots (Spattering Disjunction)","","Perfected Null Arca Ring (Perfected Slivers of the Null Arca)","Perfected Null Arca Ring (Perfected Slivers of the Null Arca)","Perfected Null Arca Dagger (Perfected Slivers of the Null Arca)","Perfected Null Arca Dagger (Perfected Slivers of the Null Arca)","The Maelstrom's Perfected Greatsword (Perfected Merciless Charge)"," ()","Pragmatic Fatecarver","Quick Cloak","Cephaliarch's Flail","Barbed Trap","Camouflaged Hunter","Flawless Dawnbreaker","Stampede","Fulminating Rune","Inspired Scholarship","Camouflaged Hunter","Cruxweaver Armor","The Languid Eye"
"The Halls of Fabrication","Archcustodian","https://www.esologs.com/reports/KyT2aRPJ7vHX1GqZ#fight=53&type=summary&source=16","@Trujazz","Alan-Scott","herald-soldier-x-perfected-slivers-of-the-null-arca-spattering-disjunction","dps","Herald","Soldier","x","Spattering Disjunction","Perfected Slivers of the Null Arca","98212.5","2757.3","19.4","98212.5 DPS","","Slimecraw Guise (Slimecraw)","Spattering Disjunction Jack (Spattering Disjunction)","Perfected Null Arca Arm Cops (Perfected Slivers of the Null Arca)","Spattering Disjunction Bracers (Spattering Disjunction)","","Spattering Disjunction Guards (Spattering Disjunction)","Spattering Disjunction Boots (Spattering Disjunction)","","Perfected Null Arca Ring (Perfected Slivers of the Null Arca)","Perfected Null Arca Ring (Perfected Slivers of the Null Arca)","Perfected Null Arca Dagger (Perfected Slivers of the Null Arca)","Perfected Null Arca Dagger (Perfected Slivers of the Null Arca)","The Maelstrom's Perfected Greatsword (Perfected Merciless Charge)"," ()","Pragmatic Fatecarver","Quick Cloak","Cephaliarch's Flail","Barbed Trap","Camouflaged Hunter","Flawless Dawnbreaker","Stampede","Fulminating Rune","Inspired Scholarship","Camouflaged Hunter","Cruxweaver Armor","The Languid Eye"
"The Halls of Fabrication","Archcustodian","https://www.esologs.com/reports/KyT2aRPJ7vHX1GqZ#fight=53&type=summary&source=10","@MadMod10","Zolus Graylock","herald-soldier-x-perfected-slivers-of-the-null-arca-spattering-disjunction","dps","Herald","Soldier","x","Spattering Disjunction","Perfected Slivers of the Null Arca","113273.7","2407.4","28.6","113273.7 DPS","","Slimecraw Guise (Slimecraw)","Spattering Disjunction Jack (Spattering Disjunction)","Perfected Null Arca Arm Cops (Perfected Slivers of the Null Arca)","Spattering Disjunction Bracers (Spattering Disjunction)","","Spattering Disjunction Guards (Spattering Disjunction)","Spattering Disjunction Boots (Spattering Disjunction)","","Perfected Null Arca Ring (Perfected Slivers of the Null Arca)","Perfected Null Arca Ring (Perfected Slivers of the Null Arca)","Perfected Null Arca Dagger (Perfected Slivers of the Null Arca)","Perfected Null Arca Dagger (Perfected Slivers of the Null Arca)","The Maelstrom's Perfected Greatsword (Perfected Merciless Charge)"," ()","Quick Cloak","Barbed Trap","Cephaliarch's Flail","Pragmatic Fatecarver","Camouflaged Hunter","Flawless Dawnbreaker","Stampede","Cruxweaver Armor","Inspired Scholarship","Fulminating Rune","Camouflaged Hunter","The Languid Eye"
"The Halls of Fabrication","Archcustodian","https://www.esologs.com/reports/CXKtZGf8WjY4pMrh#fight=51&type=summary&source=3","@BrorChop","Beam-da-Dream","herald-x-x-mechanical-acuity-perfected-yandirs-might","dps","Herald","x","x","Mechanical Acuity","Perfected Yandir's Might","203980.8","4612.5","32.6","203980.8 DPS","","Nerien'eth Guise (Nerien'eth)","Jack of Mechanical Acuity (Mechanical Acuity)","Nerien'eth Arm Cops (Nerien'eth)","Yandir's Perfected Bracers (Perfected Yandir's Might)","","Yandir's Perfected Guards (Perfected Yandir's Might)","Yandir's Perfected Boots (Perfected Yandir's Might)","","Ring of Mechanical Acuity (Mechanical Acuity)","Ring of Mechanical Acuity (Mechanical Acuity)","Sword of Mechanical Acuity (Mechanical Acuity)","Sword of Mechanical Acuity (Mechanical Acuity)","The Maelstrom's Perfected Greatsword (Perfected Merciless Charge)"," ()","Cephaliarch's Flail","Pragmatic Fatecarver","Barbed Trap","Camouflaged Hunter","Quick Cloak","Flawless Dawnbreaker","Stampede","Anti-Cavalry Caltrops","Fulminating Rune","Camouflaged Hunter","Inspired Scholarship","The Languid Eye"
"The Halls of Fabrication","Archcustodian","https://www.esologs.com/reports/CXKtZGf8WjY4pMrh#fight=51&type=summary&source=9","@Didod5","Koyomi Araragii","herald-x-x-mechanical-acuity-perfected-yandirs-might","dps","Herald","x","x","Mechanical Acuity","Perfected Yandir's Might","237983.0","3660.4","12.1","237983.0 DPS","The Thief","Balorgh Mask (Balorgh)","Yandir's Perfected Jack (Perfected Yandir's Might)","Balorgh Arm Cops (Balorgh)","Yandir's Perfected Bracers (Perfected Yandir's Might)","","Guards of Mechanical Acuity (Mechanical Acuity)","Yandir's Perfected Boots (Perfected Yandir's Might)","","Ring of Mechanical Acuity (Mechanical Acuity)","Ring of Mechanical Acuity (Mechanical Acuity)","Sword of Mechanical Acuity (Mechanical Acuity)","Sword of Mechanical Acuity (Mechanical Acuity)","The Maelstrom's Perfected Greatsword (Perfected Merciless Charge)"," ()","Pragmatic Fatecarver","Cephaliarch's Flail","Camouflaged Hunter","Quick Cloak","Barbed Trap","Flawless Dawnbreaker","Stampede","Inspired Scholarship","Fulminating Rune","Scalding Rune","Camouflaged Hunter","The Languid Eye"
"The Halls of Fabrication","Archcustodian","https://www.esologs.com/reports/CXKtZGf8WjY4pMrh#fight=51&type=summary&source=6","@Kottofey","Hiris Veleth","herald-x-x-mechanical-acuity-perfected-yandirs-might","dps","Herald","x","x","Mechanical Acuity","Perfected Yandir's Might","199439.0","1683.1","15.5","199439.0 DPS","","Balorgh Mask (Balorgh)","Yandir's Perfected Jack (Perfected Yandir's Might)","Balorgh Arm Cops (Balorgh)","Yandir's Perfected Bracers (Perfected Yandir's Might)","","Guards of Mechanical Acuity (Mechanical Acuity)","Yandir's Perfected Boots (Perfected Yandir's Might)","","Ring of Mechanical Acuity (Mechanical Acuity)","Ring of Mechanical Acuity (Mechanical Acuity)","Sword of Mechanical Acuity (Mechanical Acuity)","Sword of Mechanical Acuity (Mechanical Acuity)","The Maelstrom's Perfected Greatsword (Perfected Merciless Charge)"," ()","Barbed Trap","Cephaliarch's Flail","Pragmatic Fatecarver","Quick Cloak","Camouflaged Hunter","Flawless Dawnbreaker","Stampede","Inspired Scholarship","Fulminating Rune","Scalding Rune","Camouflaged Hunter","The Languid Eye"
"The Halls of Fabrication","Archcustodian","https://www.esologs.com/reports/CXKtZGf8WjY4pMrh#fight=51&type=summary&source=4","@Lord_Asteroth","Asteroth of Irithyll","herald-x-x-mechanical-acuity-perfected-yandirs-might","dps","Herald","x","x","Mechanical Acuity","Perfected Yandir's Might","175623.4","4276.9","25.9","175623.4 DPS","","Balorgh Mask (Balorgh)","Yandir's Perfected Jack (Perfected Yandir's Might)","Balorgh Arm Cops (Balorgh)","Bracers of Mechanical Acuity (Mechanical Acuity)","","Guards of Mechanical Acuity (Mechanical Acuity)","Boots of Mechanical Acuity (Mechanical Acuity)","","Yandir's Perfected Ring (Perfected Yandir's Might)","Yandir's Perfected Ring (Perfected Yandir's Might)","Yandir's Perfected Sword (Perfected Yandir's Might)","Sword of Mechanical Acuity (Mechanical Acuity)","The Maelstrom's Perfected Greatsword (Perfected Merciless Charge)"," ()","Quick Cloak","Camouflaged Hunter","Barbed Trap","Pragmatic Fatecarver","Cephaliarch's Flail","Flawless Dawnbreaker","Magical Burst","Scalding Rune","Inspired Scholarship","Fulminating Rune","Stampede","The Languid Eye"
"The Halls of Fabrication","Archcustodian","https://www.esologs.com/reports/CXKtZGf8WjY4pMrh#fight=51&type=summary&source=5","@Onhold","Dps is just a number","herald-x-x-mechanical-acuity-perfected-yandirs-might","dps","Herald","x","x","Mechanical Acuity","Perfected Yandir's Might","196874.7","7766.5","29.4","196874.7 DPS","","Balorgh Mask (Balorgh)","Yandir's Perfected Jack (Perfected Yandir's Might)","Balorgh Arm Cops (Balorgh)","Yandir's Perfected Bracers (Perfected Yandir's Might)","","Guards of Mechanical Acuity (Mechanical Acuity)","Yandir's Perfected Boots (Perfected Yandir's Might)","","Ring of Mechanical Acuity (Mechanical Acuity)","Ring of Mechanical Acuity (Mechanical Acuity)","Sword of Mechanical Acuity (Mechanical Acuity)","Sword of Mechanical Acuity (Mechanical Acuity)","The Maelstrom's Perfected Greatsword (Perfected Merciless Charge)"," ()","Camouflaged Hunter","Quick Cloak","Pragmatic Fatecarver","Barbed Trap","Cephaliarch's Flail","Flawless Dawnbreaker","Inspired Scholarship","Camouflaged Hunter","Stampede","Fulminating Rune","Scalding Rune","The Languid Eye"
"The Halls of Fabrication","Archcustodian","https://www.esologs.com/reports/z1JwtqpMZWxCgAj7#fight=31&type=summary&source=3","@ItzCure","'Scylla","herald-x-x-perfected-slivers-of-the-null-arca-spattering-disjunction","dps","Herald","x","x","Spattering Disjunction","Perfected Slivers of the Null Arca","102012.9","3141.0","29.7","102012.9 DPS","The Thief","Slimecraw Guise (Slimecraw)","Spattering Disjunction Jack (Spattering Disjunction)","Perfected Null Arca Arm Cops (Perfected Slivers of the Null Arca)","Spattering Disjunction Bracers (Spattering Disjunction)","","Spattering Disjunction Guards (Spattering Disjunction)","Spattering Disjunction Boots (Spattering Disjunction)","","Perfected Null Arca Ring (Perfected Slivers of the Null Arca)","Perfected Null Arca Ring (Perfected Slivers of the Null Arca)","Perfected Null Arca Dagger (Perfected Slivers of the Null Arca)","Perfected Null Arca Dagger (Perfected Slivers of the Null Arca)","The Maelstrom's Perfected Inferno Staff (Perfected Crushing Wall)"," ()","Pragmatic Fatecarver","Cephaliarch's Flail","Quick Cloak","Camouflaged Hunter","Shocking Banner (Class Flourish / Berserk)","Flawless Dawnbreaker","Blockade of Fire","Fulminating Rune","Inspired Scholarship","Anti-Cavalry Caltrops","Shocking Banner (Class Flourish / Berserk)","The Languid Eye"
"The Halls of Fabrication","Archcustodian","https://www.esologs.com/reports/z1JwtqpMZWxCgAj7#fight=31&type=summary&source=11","@TyoxicWayste","Vesper Thelyss","herald-x-x-perfected-slivers-of-the-null-arca-spattering-disjunction","dps","Herald","x","x","Spattering Disjunction","Perfected Slivers of the Null Arca","68352.2","921.6","21.5","68352.2 DPS","","Huntsman's Warmask (Huntsman's Warmask)","Spattering Disjunction Jack (Spattering Disjunction)","Slimecraw Epaulets (Slimecraw)","Spattering Disjunction Bracers (Spattering Disjunction)","","Spattering Disjunction Guards (Spattering Disjunction)","Spattering Disjunction Boots (Spattering Disjunction)","","Perfected Null Arca Ring (Perfected Slivers of the Null Arca)","Perfected Null Arca Ring (Perfected Slivers of the Null Arca)","Perfected Null Arca Dagger (Perfected Slivers of the Null Arca)","Perfected Null Arca Dagger (Perfected Slivers of the Null Arca)","The Maelstrom's Perfected Greatsword (Perfected Merciless Charge)"," ()","Cephaliarch's Flail","Exhausting Fatecarver","Barbed Trap","Quick Cloak","Camouflaged Hunter","Flawless Dawnbreaker","Inspired Scholarship","Fulminating Rune","Resolving Vigor","Stampede","Camouflaged Hunter","The Languid Eye"
"The Halls of Fabrication","Archcustodian","https://www.esologs.com/reports/z1JwtqpMZWxCgAj7#fight=31&type=summary&source=8","@Demostress","Saamir Ahkyar","herald-x-x-perfected-slivers-of-the-null-arca-spattering-disjunction","dps","Herald","x","x","Perfected Slivers of the Null Arca","Spattering Disjunction","74723.3","6412.4","20.4","74723.3 DPS","","Huntsman's Warmask (Huntsman's Warmask)","Perfected Null Arca Jack (Perfected Slivers of the Null Arca)","Slimecraw Epaulets (Slimecraw)","Spattering Disjunction Bracers (Spattering Disjunction)","","Perfected Null Arca Guards (Perfected Slivers of the Null Arca)","Perfected Null Arca Boots (Perfected Slivers of the Null Arca)","","Spattering Disjunction Ring (Spattering Disjunction)","Spattering Disjunction Ring (Spattering Disjunction)","Perfected Null Arca Dagger (Perfected Slivers of the Null Arca)","Perfected Null Arca Dagger (Perfected Slivers of the Null Arca)","The Maelstrom's Perfected Greatsword (Perfected Merciless Charge)"," ()","Quick Cloak","Pragmatic Fatecarver","Cephaliarch's Flail","Camouflaged Hunter","Banner Bearer","Flawless Dawnbreaker","Stampede","Barbed Trap","Fulminating Rune","Inspired Scholarship","Banner Bearer","The Languid Eye"
"The Halls of Fabrication","Archcustodian","https://www.esologs.com/reports/z1JwtqpMZWxCgAj7#fight=31&type=summary&source=1","@Helinile","Helinile","herald-x-x-perfected-slivers-of-the-null-arca-spattering-disjunction","dps","Herald","x","x","Spattering Disjunction","Perfected Slivers of the Null Arca","101802.5","17080.0","19.1","101802.5 DPS","","Slimecraw Guise (Slimecraw)","Spattering Disjunction Jack (Spattering Disjunction)","Perfected Null Arca Arm Cops (Perfected Slivers of the Null Arca)","Spattering Disjunction Bracers (Spattering Disjunction)","","Spattering Disjunction Guards (Spattering Disjunction)","Spattering Disjunction Boots (Spattering Disjunction)","","Perfected Null Arca Ring (Perfected Slivers of the Null Arca)","Perfected Null Arca Ring (Perfected Slivers of the Null Arca)","Perfected Null Arca Dagger (Perfected Slivers of the Null Arca)","Perfected Null Arca Dagger (Perfected Slivers of the Null Arca)","The Maelstrom's Perfected Greatsword (Perfected Merciless Charge)"," ()","Exhausting Fatecarver","Cephaliarch's Flail","Quick Cloak","Barbed Trap","Camouflaged Hunter","Flawless Dawnbreaker","Fulminating Rune","Inspired Scholarship","Stampede","Scalding Rune","Camouflaged Hunter","The Languid Eye"
"The Halls of Fabrication","Archcustodian","https://www.esologs.com/reports/z1JwtqpMZWxCgAj7#fight=31&type=summary&source=14","@Tahuti66","Tahuti-Arcanist","herald-x-x-perfected-slivers-of-the-null-arca-spattering-disjunction","dps","Herald","x","x","Spattering Disjunction","Perfected Slivers of the Null Arca","48957.5","4564.9","17.2","48957.5 DPS","","Slimecraw Guise (Slimecraw)","Spattering Disjunction Jack (Spattering Disjunction)","Perfected Null Arca Arm Cops (Perfected Slivers of the Null Arca)","Spattering Disjunction Bracers (Spattering Disjunction)","","Spattering Disjunction Guards (Spattering Disjunction)","Spattering Disjunction Boots (Spattering Disjunction)","","Perfected Null Arca Ring (Perfected Slivers of the Null Arca)","Perfected Null Arca Ring (Perfected Slivers of the Null Arca)","Perfected Null Arca Dagger (Perfected Slivers of the Null Arca)","Perfected Null Arca Dagger (Perfected Slivers of the Null Arca)","The Maelstrom's Perfected Inferno Staff (Perfected Crushing Wall)"," ()","Pragmatic Fatecarver","Barbed Trap","Cephaliarch's Flail","Quick Cloak","Camouflaged Hunter","Flawless Dawnbreaker","Elemental Blockade","Fulminating Rune","Inspired Scholarship","Ring of Preservation","Camouflaged Hunter","The Tide King's Gaze"
"The Halls of Fabrication","Archcustodian","https://www.esologs.com/reports/yHxYKXgq9tPBcrVn#fight=69&type=summary&source=3","@Jaydeism","Gabrielle Le Chanteur","dawn-resto-x-master-architect-powerful-assault","healer","Dawn","Resto","x","Master Architect","Powerful Assault","7990.4","114522.4","40.0","114522.4 HPS","The Ritual","Magma Incarnate Guise (Magma Incarnate)","Master Architect Robe (Master Architect)","Spaulder of Ruin (Spaulder of Ruin)","Master Architect Gloves (Master Architect)","","Master Architect Breeches (Master Architect)","Master Architect Shoes (Master Architect)","","Ring of the Powerful Assault (Powerful Assault)","Ring of the Powerful Assault (Powerful Assault)","The Master's Perfected Restoration Staff (Perfected Grand Rejuvenation)"," ()","Lightning Staff of the Powerful Assault (Powerful Assault)"," ()","Radiating Regeneration","Combat Prayer","Purifying Light","Energy Orb","Illustrious Healing","Reviving Barrier","Elemental Blockade","Extended Ritual","Radiant Aura","Echoing Vigor","Overflowing Altar","Aggressive Horn"
"The Halls of Fabrication","Archcustodian","https://www.esologs.com/reports/yHxYKXgq9tPBcrVn#fight=69&type=summary&source=16","@Patas901","Patraxus","dawn-resto-x-master-architect-powerful-assault","healer","Dawn","Resto","x","Master Architect","Powerful Assault","4893.3","88786.9","39.5","88786.9 HPS","","Ozezan the Inferno's Guise (Ozezan the Inferno)","Master Architect Robe (Master Architect)","Spaulder of Ruin (Spaulder of Ruin)","Master Architect Gloves (Master Architect)","","Master Architect Breeches (Master Architect)","Master Architect Shoes (Master Architect)","","Ring of the Powerful Assault (Powerful Assault)","Ring of the Powerful Assault (Powerful Assault)","The Master's Perfected Restoration Staff (Perfected Grand Rejuvenation)"," ()","Lightning Staff of the Powerful Assault (Powerful Assault)"," ()","Radiating Regeneration","Illustrious Healing","Combat Prayer","Energy Orb","Extended Ritual","Aggressive Horn","Warding Burst","Elemental Blockade","Echoing Vigor","Solar Barrage","Radiant Aura","Reviving Barrier"
"The Halls of Fabrication","Archcustodian","https://www.esologs.com/reports/CvAdagYrz6hWJZFf#fight=7&type=summary&source=11","@Lydra","Lydra Gartner","animal-green-winter-perfected-pillagers-profit-serpents-disdain","healer","Animal","Green","Winter","Serpent's Disdain","Perfected Pillager's Profit","9999.9","117964.3","52.0","117964.3 HPS","The Ritual","Symphony of Blades Guise (Symphony of Blades)","Robe of Serpent's Disdain (Serpent's Disdain)","Symphony of Blades Epaulets (Symphony of Blades)","Gloves of Serpent's Disdain (Serpent's Disdain)","","Breeches of Serpent's Disdain (Serpent's Disdain)","Shoes of Serpent's Disdain (Serpent's Disdain)","","Perfected Pillager's Band (Perfected Pillager's Profit)","Perfected Pillager's Band (Perfected Pillager's Profit)","The Master's Perfected Restoration Staff (Perfected Grand Rejuvenation)"," ()","Perfected Pillager's Ice Staff (Perfected Pillager's Profit)"," ()","Combat Prayer","Budding Seeds","Illustrious Healing","Energy Orb","Radiating Regeneration","Eternal Guardian","Elemental Susceptibility","Elemental Blockade","Echoing Vigor","Healing Burst","Expansive Frost Cloak","Reviving Barrier"
"The Halls of Fabrication","Archcustodian","https://www.esologs.com/reports/CvAdagYrz6hWJZFf#fight=7&type=summary&source=19","@UnsanitaryNapkin","Cytokinetic","animal-green-winter-perfected-pillagers-profit-serpents-disdain","healer","Animal","Green","Winter","Perfected Pillager's Profit","Serpent's Disdain","5001.2","67287.6","32.8","67287.6 HPS","","Ozezan the Inferno's Visage (Ozezan the Inferno)","Perfected Pillager's Robe (Perfected Pillager's Profit)","Ozezan the Inferno's Arm Cops (Ozezan the Inferno)","Perfected Pillager's Gloves (Perfected Pillager's Profit)","","Perfected Pillager's Breeches (Perfected Pillager's Profit)","Perfected Pillager's Shoes (Perfected Pillager's Profit)","","Ring of Serpent's Disdain (Serpent's Disdain)","Ring of Serpent's Disdain (Serpent's Disdain)","The Master's Perfected Restoration Staff (Perfected Grand Rejuvenation)"," ()","Ice Staff of Serpent's Disdain (Serpent's Disdain)"," ()","Radiating Regeneration","Combat Prayer","Illustrious Healing","Echoing Vigor","Blue Betty","Reviving Barrier","Charging Maneuver","Elemental Blockade","Budding Seeds","Expansive Frost Cloak","Energy Orb","Reviving Barrier"
"The Halls of Fabrication","Archcustodian","https://www.esologs.com/reports/nTgG1m3cxZzRWQLh#fight=36&type=summary&source=12","@adamsmith42","The-Nord-With-No-Name","ardent-x-x-jorvulds-guidance-perfected-claw-of-yolnahkriin","tank","Ardent","x","x","Jorvuld's Guidance","Perfected Claw of Yolnahkriin","8038.4","7604.3","33.5","33.5 CPM","The Atronach","Nazaray Mask (Nazaray)","Yolnahkriin's Perfected Cuirass (Perfected Claw of Yolnahkriin)","Nazaray Epaulets (Nazaray)","Yolnahkriin's Perfected Gauntlets (Perfected Claw of Yolnahkriin)","","Yolnahkriin's Perfected Greaves (Perfected Claw of Yolnahkriin)","Yolnahkriin's Perfected Sabatons (Perfected Claw of Yolnahkriin)","","Jorvuld's Guidance Ring (Jorvuld's Guidance)","Jorvuld's Guidance Ring (Jorvuld's Guidance)","Jorvuld's Guidance Ice Staff (Jorvuld's Guidance)"," ()","Jorvuld's Guidance Ice Staff (Jorvuld's Guidance)"," ()","Race Against Time","Heart of Flame","Destructive Clench","Earthshield Mantle","Exhilarating Drain","Reviving Barrier","Inner Rage","Chains of Dominance","Elemental Susceptibility","Blood of the Green Dragon","Blockade of Frost","Standard of Might"
"The Halls of Fabrication","Archcustodian","https://www.esologs.com/reports/nTgG1m3cxZzRWQLh#fight=36&type=summary&source=9","@adamsmith42","The-Nord-With-No-Name","ardent-x-x-jorvulds-guidance-perfected-claw-of-yolnahkriin","tank","Ardent","x","x","Jorvuld's Guidance","Perfected Claw of Yolnahkriin","8038.0","5618.5","27.6","27.6 CPM","","Nazaray Mask (Nazaray)","Yolnahkriin's Perfected Cuirass (Perfected Claw of Yolnahkriin)","Nazaray Epaulets (Nazaray)","Yolnahkriin's Perfected Gauntlets (Perfected Claw of Yolnahkriin)","","Yolnahkriin's Perfected Greaves (Perfected Claw of Yolnahkriin)","Yolnahkriin's Perfected Sabatons (Perfected Claw of Yolnahkriin)","","Jorvuld's Guidance Ring (Jorvuld's Guidance)","Jorvuld's Guidance Ring (Jorvuld's Guidance)","Jorvuld's Guidance Ice Staff (Jorvuld's Guidance)"," ()","Jorvuld's Guidance Ice Staff (Jorvuld's Guidance)"," ()","Race Against Time","Heart of Flame","Destructive Clench","Earthshield Mantle","Exhilarating Drain","Reviving Barrier","Inner Rage","Chains of Dominance","Elemental Susceptibility","Blood of the Green Dragon","Elemental Blockade","Standard of Might"
"The Halls of Fabrication","Archcustodian","https://www.esologs.com/reports/nTgG1m3cxZzRWQLh#fight=36&type=summary&source=9","@PrincessCatWarrior","Prancing Kitty","animal-green-winter-master-architect-serpents-disdain","healer","Animal","Green","Winter","Serpent's Disdain","Master Architect","9202.9","41828.5","40.2","41828.5 HPS","The Thief","Ozezan the Inferno's Mask (Ozezan the Inferno)","Robe of Serpent's Disdain (Serpent's Disdain)","Ozezan the Inferno's Epaulets (Ozezan the Inferno)","Gloves of Serpent's Disdain (Serpent's Disdain)","","Breeches of Serpent's Disdain (Serpent's Disdain)","Shoes of Serpent's Disdain (Serpent's Disdain)","","Master Architect Ring (Master Architect)","Master Architect Ring (Master Architect)","The Master's Perfected Restoration Staff (Perfected Grand Rejuvenation)"," ()","Master Architect Ice Staff (Master Architect)"," ()","Budding Seeds","Combat Prayer","Illustrious Healing","Energy Orb","Radiating Regeneration","Wild Guardian","Winter's Revenge","Blockade of Frost","Expansive Frost Cloak","Elemental Susceptibility","Echoing Vigor","Aggressive Horn"
"The Halls of Fabrication","Archcustodian","https://www.esologs.com/reports/nTgG1m3cxZzRWQLh#fight=36&type=summary&source=6","@PrincessCatWarrior","Prancing Kitty","animal-green-winter-master-architect-serpents-disdain","healer","Animal","Green","Winter","Serpent's Disdain","Master Architect","9191.0","44147.6","38.8","44147.6 HPS","","Ozezan the Inferno's Mask (Ozezan the Inferno)","Robe of Serpent's Disdain (Serpent's Disdain)","Ozezan the Inferno's Epaulets (Ozezan the Inferno)","Gloves of Serpent's Disdain (Serpent's Disdain)","","Breeches of Serpent's Disdain (Serpent's Disdain)","Shoes of Serpent's Disdain (Serpent's Disdain)","","Master Architect Ring (Master Architect)","Master Architect Ring (Master Architect)","The Master's Perfected Restoration Staff (Perfected Grand Rejuvenation)"," ()","Master Architect Ice Staff (Master Architect)"," ()","Budding Seeds","Combat Prayer","Illustrious Healing","Energy Orb","Radiating Regeneration","Wild Guardian","Winter's Revenge","Elemental Blockade","Expansive Frost Cloak","Elemental Susceptibility","Echoing Vigor","Aggressive Horn"
"The Halls of Fabrication","Archcustodian","https://www.esologs.com/reports/nTgG1m3cxZzRWQLh#fight=36&type=summary&source=10","@RazierTheCat","Razier-Jo","soldier-x-x-master-architect-pillagers-profit","healer","Soldier","x","x","Pillager's Profit","Master Architect","4277.4","75073.8","0.0","75073.8 HPS","The Ritual","Symphony of Blades Guise (Symphony of Blades)","Pillager's Jerkin (Pillager's Profit)","Symphony of Blades Epaulets (Symphony of Blades)","Pillager's Gloves (Pillager's Profit)","","Pillager's Breeches (Pillager's Profit)","Master Architect Shoes (Master Architect)","","Master Architect Ring (Master Architect)","Master Architect Ring (Master Architect)","The Master's Perfected Restoration Staff (Perfected Grand Rejuvenation)"," ()","Pillager's Lightning Staff (Pillager's Profit)"," ()","Tidal Chakram","Combat Prayer","Illustrious Healing","Radiating Regeneration","Energy Orb","Reviving Barrier","Cruxweaver Armor","Blockade of Storms","Warding Contingency (Sage's Remedy / Protection)","Echoing Vigor","Overflowing Altar","Reviving Barrier"
"The Halls of Fabrication","Archcustodian","https://www.esologs.com/reports/nTgG1m3cxZzRWQLh#fight=36&type=summary&source=7","@RazierTheCat","Razier-Jo","soldier-x-x-master-architect-pillagers-profit","healer","Soldier","x","x","Pillager's Profit","Master Architect","4272.5","84001.5","40.9","84001.5 HPS","","Symphony of Blades Guise (Symphony of Blades)","Pillager's Jerkin (Pillager's Profit)","Symphony of Blades Epaulets (Symphony of Blades)","Pillager's Gloves (Pillager's Profit)","","Pillager's Breeches (Pillager's Profit)","Master Architect Shoes (Master Architect)","","Master Architect Ring (Master Architect)","Master Architect Ring (Master Architect)","The Master's Perfected Restoration Staff (Perfected Grand Rejuvenation)"," ()","Pillager's Lightning Staff (Pillager's Profit)"," ()","Tidal Chakram","Combat Prayer","Illustrious Healing","Radiating Regeneration","Energy Orb","Reviving Barrier","Cruxweaver Armor","Elemental Blockade","Ulfsild's Contingency","Echoing Vigor","Overflowing Altar","Reviving Barrier"
"The Halls of Fabrication","The Refabrication Committee","https://www.esologs.com/reports/yHxYKXgq9tPBcrVn#fight=72&type=summary&source=12","@Gilane","Tacita Dolore Mortis","grave-herald-x-corpseburster-perfected-slivers-of-the-null-arca","dps","Grave","Herald","x","Corpseburster","Perfected Slivers of the Null Arca","259752.0","37390.8","74.9","259752.0 DPS","","Corpseburster Helmet (Corpseburster)","Perfected Null Arca Jack (Perfected Slivers of the Null Arca)","Slimecraw Arm Cops (Slimecraw)","Perfected Null Arca Bracers (Perfected Slivers of the Null Arca)","","Perfected Null Arca Guards (Perfected Slivers of the Null Arca)","Perfected Null Arca Boots (Perfected Slivers of the Null Arca)","","Corpseburster Ring (Corpseburster)","Corpseburster Ring (Corpseburster)","Corpseburster Dagger (Corpseburster)","Corpseburster Dagger (Corpseburster)","The Maelstrom's Perfected Greatsword (Perfected Merciless Charge)"," ()","Venom Skull","Detonating Siphon","Avid Boneyard","Blighted Blastbones","Banner Bearer","Pestilent Colossus","Trap Beast","Carve","Stampede","Skeletal Archer","Banner Bearer","Meteor"
"The Halls of Fabrication","The Refabrication Committee","https://www.esologs.com/reports/yHxYKXgq9tPBcrVn#fight=72&type=summary&source=5","@SomebodysWatchingMe","Let's Do An Unboxing","grave-herald-x-corpseburster-perfected-slivers-of-the-null-arca","dps","Grave","Herald","x","Perfected Slivers of the Null Arca","Corpseburster","203770.0","18648.0","56.1","203770.0 DPS","","Zaan Guise (Zaan)","Perfected Null Arca Jack (Perfected Slivers of the Null Arca)","Corpseburster Arm Cops (Corpseburster)","Perfected Null Arca Bracers (Perfected Slivers of the Null Arca)","","Perfected Null Arca Guards (Perfected Slivers of the Null Arca)","Perfected Null Arca Boots (Perfected Slivers of the Null Arca)","","Corpseburster Ring (Corpseburster)","Corpseburster Ring (Corpseburster)","Corpseburster Dagger (Corpseburster)","Corpseburster Dagger (Corpseburster)","The Maelstrom's Perfected Greatsword (Perfected Merciless Charge)"," ()","Blighted Blastbones","Detonating Siphon","Venom Skull","Banner Bearer","Avid Boneyard","Flawless Dawnbreaker","Stampede","Carve","Barbed Trap","Banner Bearer","Skeletal Arcanist","Glacial Colossus"
"The Halls of Fabrication","The Refabrication Committee","https://www.esologs.com/reports/yHxYKXgq9tPBcrVn#fight=72&type=summary&source=5","@AshOfChaos","Friede Deathwhisper","grave-herald-x-corpseburster-perfected-slivers-of-the-null-arca","dps","Grave","Herald","x","Perfected Slivers of the Null Arca","Corpseburster","176289.3","32888.5","69.0","176289.3 DPS","","Slimecraw Mask (Slimecraw)","Perfected Null Arca Jack (Perfected Slivers of the Null Arca)","Corpseburster Arm Cops (Corpseburster)","Perfected Null Arca Bracers (Perfected Slivers of the Null Arca)","","Perfected Null Arca Guards (Perfected Slivers of the Null Arca)","Perfected Null Arca Boots (Perfected Slivers of the Null Arca)","","Corpseburster Ring (Corpseburster)","Corpseburster Ring (Corpseburster)","Corpseburster Dagger (Corpseburster)","Corpseburster Axe (Corpseburster)","The Maelstrom's Perfected Greatsword (Perfected Merciless Charge)"," ()","Avid Boneyard","Blighted Blastbones","Venom Skull","Detonating Siphon","Shocking Banner (Class Flourish / Heroism)","Thrive in Chaos","Carve","Bloody Contingency (Lingering Torment / Force)","Stampede","Skeletal Archer","Shocking Banner (Class Flourish / Heroism)","Shooting Star"
"The Halls of Fabrication","The Refabrication Committee","https://www.esologs.com/reports/yHxYKXgq9tPBcrVn#fight=72&type=summary&source=7","@emochemist","necci-wecci","grave-herald-x-corpseburster-perfected-slivers-of-the-null-arca","dps","Grave","Herald","x","Corpseburster","Perfected Slivers of the Null Arca","339833.5","17505.3","81.0","339833.5 DPS","The Thief","Corpseburster Hat (Corpseburster)","Corpseburster Jerkin (Corpseburster)","Slimecraw Arm Cops (Slimecraw)","Perfected Null Arca Bracers (Perfected Slivers of the Null Arca)","","Perfected Null Arca Guards (Perfected Slivers of the Null Arca)","Perfected Null Arca Boots (Perfected Slivers of the Null Arca)","","Corpseburster Ring (Corpseburster)","Corpseburster Ring (Corpseburster)","Perfected Null Arca Dagger (Perfected Slivers of the Null Arca)","Perfected Null Arca Dagger (Perfected Slivers of the Null Arca)","The Maelstrom's Perfected Greatsword (Perfected Merciless Charge)"," ()","Blighted Blastbones","Venom Skull","Detonating Siphon","Unnerving Boneyard","Shocking Banner (Class Flourish / Heroism)","Flawless Dawnbreaker","Stampede","Carve","Barbed Trap","Skeletal Archer","Shocking Banner (Class Flourish / Heroism)","Shooting Star"
"The Halls of Fabrication","The Refabrication Committee","https://www.esologs.com/reports/yHxYKXgq9tPBcrVn#fight=72&type=summary&source=59","@AshOfChaos","Friede Deathwhisper","grave-herald-x-corpseburster-perfected-slivers-of-the-null-arca","dps","Grave","Herald","x","Perfected Slivers of the Null Arca","Corpseburster","225578.9","13694.2","58.9","225578.9 DPS","","Slimecraw Mask (Slimecraw)","Perfected Null Arca Jack (Perfected Slivers of the Null Arca)","Corpseburster Arm Cops (Corpseburster)","Perfected Null Arca Bracers (Perfected Slivers of the Null Arca)","","Perfected Null Arca Guards (Perfected Slivers of the Null Arca)","Perfected Null Arca Boots (Perfected Slivers of the Null Arca)","","Corpseburster Ring (Corpseburster)","Corpseburster Ring (Corpseburster)","Corpseburster Dagger (Corpseburster)","Corpseburster Axe (Corpseburster)","The Maelstrom's Perfected Greatsword (Perfected Merciless Charge)"," ()","Avid Boneyard","Blighted Blastbones","Venom Skull","Detonating Siphon","Banner Bearer","Flawless Dawnbreaker","Carve","Anti-Cavalry Caltrops","Stampede","Skeletal Archer","Banner Bearer","Shooting Star"
"The Halls of Fabrication","The Refabrication Committee","https://www.esologs.com/reports/yHxYKXgq9tPBcrVn#fight=72&type=summary&source=4","@emochemist","necci-wecci","grave-herald-x-corpseburster-perfected-slivers-of-the-null-arca","dps","Grave","Herald","x","Corpseburster","Perfected Slivers of the Null Arca","286401.7","20506.7","82.7","286401.7 DPS","","Corpseburster Hat (Corpseburster)","Corpseburster Jerkin (Corpseburster)","Slimecraw Arm Cops (Slimecraw)","Perfected Null Arca Bracers (Perfected Slivers of the Null Arca)","","Perfected Null Arca Guards (Perfected Slivers of the Null Arca)","Perfected Null Arca Boots (Perfected Slivers of the Null Arca)","","Corpseburster Ring (Corpseburster)","Corpseburster Ring (Corpseburster)","Perfected Null Arca Dagger (Perfected Slivers of the Null Arca)","Perfected Null Arca Dagger (Perfected Slivers of the Null Arca)","The Maelstrom's Perfected Greatsword (Perfected Merciless Charge)"," ()","Blighted Blastbones","Venom Skull","Detonating Siphon","Unnerving Boneyard","Banner Bearer","Flawless Dawnbreaker","Stampede","Carve","Barbed Trap","Skeletal Archer","Banner Bearer","Shooting Star"
"The Halls of Fabrication","The Refabrication Committee","https://www.esologs.com/reports/CvAdagYrz6hWJZFf#fight=34&type=summary&source=11","@Lydra","Lydra Gartner","animal-green-winter-perfected-pillagers-profit-serpents-disdain","healer","Animal","Green","Winter","Serpent's Disdain","Perfected Pillager's Profit","19893.2","104141.4","73.7","104141.4 HPS","The Ritual","Symphony of Blades Guise (Symphony of Blades)","Robe of Serpent's Disdain (Serpent's Disdain)","Symphony of Blades Epaulets (Symphony of Blades)","Gloves of Serpent's Disdain (Serpent's Disdain)","","Breeches of Serpent's Disdain (Serpent's Disdain)","Shoes of Serpent's Disdain (Serpent's Disdain)","","Perfected Pillager's Band (Perfected Pillager's Profit)","Perfected Pillager's Band (Perfected Pillager's Profit)","The Master's Perfected Restoration Staff (Perfected Grand Rejuvenation)"," ()","Perfected Pillager's Ice Staff (Perfected Pillager's Profit)"," ()","Combat Prayer","Budding Seeds","Illustrious Healing","Radiating Regeneration","Efficient Purge","Eternal Guardian","Elemental Susceptibility","Elemental Blockade","Echoing Vigor","Energy Orb","Expansive Frost Cloak","Reviving Barrier"
"The Halls of Fabrication","The Refabrication Committee","https://www.esologs.com/reports/CvAdagYrz6hWJZFf#fight=34&type=summary&source=10","@GeorgoNaut","Svjetlonoš","animal-green-winter-perfected-pillagers-profit-serpents-disdain","healer","Animal","Green","Winter","Serpent's Disdain","Perfected Pillager's Profit","18344.4","78416.8","61.9","78416.8 HPS","","Nazaray Mask (Nazaray)","Perfected Pillager's Robe (Perfected Pillager's Profit)","Nazaray Epaulets (Nazaray)","Perfected Pillager's Gloves (Perfected Pillager's Profit)","","Perfected Pillager's Breeches (Perfected Pillager's Profit)","Perfected Pillager's Shoes (Perfected Pillager's Profit)","","Ring of Serpent's Disdain (Serpent's Disdain)","Ring of Serpent's Disdain (Serpent's Disdain)","Restoration Staff of Serpent's Disdain (Serpent's Disdain)"," ()","Lightning Staff of Serpent's Disdain (Serpent's Disdain)"," ()","Radiating Regeneration","Ulfsild's Contingency","Budding Seeds","Illustrious Healing","Overflowing Altar","Wild Guardian","Elemental Blockade","Winter's Revenge","Mystic Orb","Expansive Frost Cloak","Efficient Purge","Reviving Barrier"
"The Halls of Fabrication","The Refabrication Committee","https://www.esologs.com/reports/CvAdagYrz6hWJZFf#fight=34&type=summary&source=19","@UnsanitaryNapkin","Cytokinetic","animal-green-winter-perfected-pillagers-profit-serpents-disdain","healer","Animal","Green","Winter","Perfected Pillager's Profit","Serpent's Disdain","13978.3","96080.0","44.4","96080.0 HPS","","Ozezan the Inferno's Visage (Ozezan the Inferno)","Perfected Pillager's Robe (Perfected Pillager's Profit)","Ozezan the Inferno's Arm Cops (Ozezan the Inferno)","Perfected Pillager's Gloves (Perfected Pillager's Profit)","","Perfected Pillager's Breeches (Perfected Pillager's Profit)","Perfected Pillager's Shoes (Perfected Pillager's Profit)","","Ring of Serpent's Disdain (Serpent's Disdain)","Ring of Serpent's Disdain (Serpent's Disdain)","The Master's Perfected Restoration Staff (Perfected Grand Rejuvenation)"," ()","Ice Staff of Serpent's Disdain (Serpent's Disdain)"," ()","Radiating Regeneration","Combat Prayer","Illustrious Healing","Echoing Vigor","Blue Betty","Reviving Barrier","Winter's Revenge","Elemental Blockade","Budding Seeds","Expansive Frost Cloak","Energy Orb","Reviving Barrier"
"The Halls of Fabrication","The Refabrication Committee","https://www.esologs.com/reports/yHxYKXgq9tPBcrVn#fight=72&type=summary&source=3","@Jaydeism","Gabrielle Le Chanteur","dawn-resto-x-master-architect-powerful-assault","healer","Dawn","Resto","x","Master Architect","Powerful Assault","13542.3","120521.5","51.8","120521.5 HPS","The Ritual","Magma Incarnate Guise (Magma Incarnate)","Master Architect Robe (Master Architect)","Spaulder of Ruin (Spaulder of Ruin)","Master Architect Gloves (Master Architect)","","Master Architect Breeches (Master Architect)","Master Architect Shoes (Master Architect)","","Ring of the Powerful Assault (Powerful Assault)","Ring of the Powerful Assault (Powerful Assault)","The Master's Perfected Restoration Staff (Perfected Grand Rejuvenation)"," ()","Lightning Staff of the Powerful Assault (Powerful Assault)"," ()","Efficient Purge","Combat Prayer","Purifying Light","Energy Orb","Illustrious Healing","Reviving Barrier","Elemental Blockade","Extended Ritual","Radiant Aura","Echoing Vigor","Overflowing Altar","Aggressive Horn"
"The Halls of Fabrication","The Refabrication Committee","https://www.esologs.com/reports/yHxYKXgq9tPBcrVn#fight=72&type=summary&source=16","@Patas901","Patraxus","dawn-resto-x-master-architect-powerful-assault","healer","Dawn","Resto","x","Master Architect","Powerful Assault","13047.3","87110.1","45.5","87110.1 HPS","","Ozezan the Inferno's Guise (Ozezan the Inferno)","Master Architect Robe (Master Architect)","Spaulder of Ruin (Spaulder of Ruin)","Master Architect Gloves (Master Architect)","","Master Architect Breeches (Master Architect)","Master Architect Shoes (Master Architect)","","Ring of the Powerful Assault (Powerful Assault)","Ring of the Powerful Assault (Powerful Assault)","The Master's Perfected Restoration Staff (Perfected Grand Rejuvenation)"," ()","Lightning Staff of the Powerful Assault (Powerful Assault)"," ()","Radiating Regeneration","Illustrious Healing","Combat Prayer","Energy Orb","Extended Ritual","Aggressive Horn","Purge","Elemental Blockade","Echoing Vigor","Solar Barrage","Radiant Aura","Reviving Barrier"
"The Halls of Fabrication","The Refabrication Committee","https://www.esologs.com/reports/nTgG1m3cxZzRWQLh#fight=40&type=summary&source=12","@adamsmith42","The-Nord-With-No-Name","ardent-x-x-jorvulds-guidance-perfected-claw-of-yolnahkriin","tank","Ardent","x","x","Jorvuld's Guidance","Perfected Claw of Yolnahkriin","9044.5","20568.9","39.0","39.0 CPM","The Atronach","Nazaray Mask (Nazaray)","Yolnahkriin's Perfected Cuirass (Perfected Claw of Yolnahkriin)","Nazaray Epaulets (Nazaray)","Yolnahkriin's Perfected Gauntlets (Perfected Claw of Yolnahkriin)","","Yolnahkriin's Perfected Greaves (Perfected Claw of Yolnahkriin)","Yolnahkriin's Perfected Sabatons (Perfected Claw of Yolnahkriin)","","Jorvuld's Guidance Ring (Jorvuld's Guidance)","Jorvuld's Guidance Ring (Jorvuld's Guidance)","Jorvuld's Guidance Ice Staff (Jorvuld's Guidance)"," ()","Jorvuld's Guidance Ice Staff (Jorvuld's Guidance)"," ()","Lingering Flare","Heart of Flame","Destructive Clench","Earthshield Mantle","Exhilarating Drain","Reviving Barrier","Fire Keeper","Chains of Dominance","Elemental Susceptibility","Blood of the Green Dragon","Blockade of Frost","Standard of Might"
"The Halls of Fabrication","The Refabrication Committee","https://www.esologs.com/reports/nTgG1m3cxZzRWQLh#fight=40&type=summary&source=9","@adamsmith42","The-Nord-With-No-Name","ardent-x-x-jorvulds-guidance-perfected-claw-of-yolnahkriin","tank","Ardent","x","x","Jorvuld's Guidance","Perfected Claw of Yolnahkriin","6604.5","19552.0","35.0","35.0 CPM","","Nazaray Mask (Nazaray)","Yolnahkriin's Perfected Cuirass (Perfected Claw of Yolnahkriin)","Nazaray Epaulets (Nazaray)","Yolnahkriin's Perfected Gauntlets (Perfected Claw of Yolnahkriin)","","Yolnahkriin's Perfected Greaves (Perfected Claw of Yolnahkriin)","Yolnahkriin's Perfected Sabatons (Perfected Claw of Yolnahkriin)","","Jorvuld's Guidance Ring (Jorvuld's Guidance)","Jorvuld's Guidance Ring (Jorvuld's Guidance)","Jorvuld's Guidance Ice Staff (Jorvuld's Guidance)"," ()","Jorvuld's Guidance Ice Staff (Jorvuld's Guidance)"," ()","Lingering Flare","Heart of Flame","Destructive Clench","Earthshield Mantle","Exhilarating Drain","Reviving Barrier","Fire Keeper","Chains of Dominance","Elemental Susceptibility","Blood of the Green Dragon","Elemental Blockade","Standard of Might"
"The Halls of Fabrication","The Refabrication Committee","https://www.esologs.com/reports/nTgG1m3cxZzRWQLh#fight=40&type=summary&source=9","@PrincessCatWarrior","Prancing Kitty","animal-green-winter-master-architect-serpents-disdain","healer","Animal","Green","Winter","Serpent's Disdain","Master Architect","3846.1","40309.6","46.5","40309.6 HPS","","Ozezan the Inferno's Mask (Ozezan the Inferno)","Robe of Serpent's Disdain (Serpent's Disdain)","Ozezan the Inferno's Epaulets (Ozezan the Inferno)","Gloves of Serpent's Disdain (Serpent's Disdain)","","Breeches of Serpent's Disdain (Serpent's Disdain)","Shoes of Serpent's Disdain (Serpent's Disdain)","","Master Architect Ring (Master Architect)","Master Architect Ring (Master Architect)","The Master's Perfected Restoration Staff (Perfected Grand Rejuvenation)"," ()","Master Architect Ice Staff (Master Architect)"," ()","Budding Seeds","Combat Prayer","Illustrious Healing","Energy Orb","Radiating Regeneration","Wild Guardian","Winter's Revenge","Blockade of Frost","Expansive Frost Cloak","Elemental Susceptibility","Echoing Vigor","Aggressive Horn"
"The Halls of Fabrication","The Refabrication Committee","https://www.esologs.com/reports/nTgG1m3cxZzRWQLh#fight=40&type=summary&source=6","@PrincessCatWarrior","Prancing Kitty","animal-green-winter-master-architect-serpents-disdain","healer","Animal","Green","Winter","Serpent's Disdain","Master Architect","10389.5","45827.0","38.2","45827.0 HPS","The Thief","Ozezan the Inferno's Mask (Ozezan the Inferno)","Robe of Serpent's Disdain (Serpent's Disdain)","Ozezan the Inferno's Epaulets (Ozezan the Inferno)","Gloves of Serpent's Disdain (Serpent's Disdain)","","Breeches of Serpent's Disdain (Serpent's Disdain)","Shoes of Serpent's Disdain (Serpent's Disdain)","","Master Architect Ring (Master Architect)","Master Architect Ring (Master Architect)","The Master's Perfected Restoration Staff (Perfected Grand Rejuvenation)"," ()","Master Architect Ice Staff (Master Architect)"," ()","Budding Seeds","Combat Prayer","Illustrious Healing","Energy Orb","Radiating Regeneration","Wild Guardian","Winter's Revenge","Elemental Blockade","Expansive Frost Cloak","Elemental Susceptibility","Echoing Vigor","Aggressive Horn"
"The Halls of Fabrication","The Refabrication Committee","https://www.esologs.com/reports/nTgG1m3cxZzRWQLh#fight=40&type=summary&source=10","@RazierTheCat","Razier-Jo","soldier-x-x-master-architect-pillagers-profit","healer","Soldier","x","x","Pillager's Profit","Master Architect","6934.6","87732.9","0.0","87732.9 HPS","The Ritual","Symphony of Blades Guise (Symphony of Blades)","Pillager's Jerkin (Pillager's Profit)","Symphony of Blades Epaulets (Symphony of Blades)","Pillager's Gloves (Pillager's Profit)","","Pillager's Breeches (Pillager's Profit)","Master Architect Shoes (Master Architect)","","Master Architect Ring (Master Architect)","Master Architect Ring (Master Architect)","The Master's Perfected Restoration Staff (Perfected Grand Rejuvenation)"," ()","Pillager's Lightning Staff (Pillager's Profit)"," ()","Tidal Chakram","Combat Prayer","Illustrious Healing","Efficient Purge","Energy Orb","Reviving Barrier","Cruxweaver Armor","Blockade of Storms","Warding Contingency (Sage's Remedy / Protection)","Echoing Vigor","Overflowing Altar","Reviving Barrier"
"The Halls of Fabrication","The Refabrication Committee","https://www.esologs.com/reports/nTgG1m3cxZzRWQLh#fight=40&type=summary&source=7","@RazierTheCat","Razier-Jo","soldier-x-x-master-architect-pillagers-profit","healer","Soldier","x","x","Pillager's Profit","Master Architect","6213.5","108969.9","57.3","108969.9 HPS","","Symphony of Blades Guise (Symphony of Blades)","Pillager's Jerkin (Pillager's Profit)","Symphony of Blades Epaulets (Symphony of Blades)","Pillager's Gloves (Pillager's Profit)","","Pillager's Breeches (Pillager's Profit)","Master Architect Shoes (Master Architect)","","Master Architect Ring (Master Architect)","Master Architect Ring (Master Architect)","The Master's Perfected Restoration Staff (Perfected Grand Rejuvenation)"," ()","Pillager's Lightning Staff (Pillager's Profit)"," ()","Tidal Chakram","Combat Prayer","Illustrious Healing","Efficient Purge","Energy Orb","Reviving Barrier","Cruxweaver Armor","Elemental Blockade","Ulfsild's Contingency","Echoing Vigor","Overflowing Altar","Reviving Barrier"
"The Halls of Fabrication","Assembly General","https://www.esologs.com/reports/KyT2aRPJ7vHX1GqZ#fight=18&type=summary&source=18","@Katriix","Darchness","herald-soldier-x-perfected-slivers-of-the-null-arca-spattering-disjunction","dps","Herald","Soldier","x","Perfected Slivers of the Null Arca","Spattering Disjunction","89073.7","7600.6","22.3","89073.7 DPS","","Perfected Null Arca Helmet (Perfected Slivers of the Null Arca)","Spattering Disjunction Jack (Spattering Disjunction)","Slimecraw Arm Cops (Slimecraw)","Spattering Disjunction Bracers (Spattering Disjunction)","","Spattering Disjunction Breeches (Spattering Disjunction)","Spattering Disjunction Boots (Spattering Disjunction)","","Perfected Null Arca Ring (Perfected Slivers of the Null Arca)","Perfected Null Arca Ring (Perfected Slivers of the Null Arca)","Perfected Null Arca Dagger (Perfected Slivers of the Null Arca)","Perfected Null Arca Dagger (Perfected Slivers of the Null Arca)","The Maelstrom's Perfected Greatsword (Perfected Merciless Charge)"," ()","Barbed Trap","Cephaliarch's Flail","Pragmatic Fatecarver","Quick Cloak","Camouflaged Hunter","Flawless Dawnbreaker","Stampede","Fulminating Rune","Inspired Scholarship","Cruxweaver Armor","Camouflaged Hunter","The Languid Eye"
"The Halls of Fabrication","Assembly General","https://www.esologs.com/reports/KyT2aRPJ7vHX1GqZ#fight=18&type=summary&source=21","@FredRaygun","Noah's Arcanist","herald-soldier-x-perfected-slivers-of-the-null-arca-spattering-disjunction","dps","Herald","Soldier","x","Spattering Disjunction","Perfected Slivers of the Null Arca","73180.3","5564.3","11.4","73180.3 DPS","","Slimecraw Guise (Slimecraw)","Spattering Disjunction Jack (Spattering Disjunction)","Perfected Null Arca Arm Cops (Perfected Slivers of the Null Arca)","Spattering Disjunction Bracers (Spattering Disjunction)","","Spattering Disjunction Guards (Spattering Disjunction)","Spattering Disjunction Boots (Spattering Disjunction)","","Perfected Null Arca Ring (Perfected Slivers of the Null Arca)","Perfected Null Arca Ring (Perfected Slivers of the Null Arca)","Perfected Null Arca Dagger (Perfected Slivers of the Null Arca)","Perfected Null Arca Dagger (Perfected Slivers of the Null Arca)","The Maelstrom's Greatsword (Merciless Charge)"," ()","Cephaliarch's Flail","Exhausting Fatecarver","Quick Cloak","Camouflaged Hunter","Barbed Trap","Flawless Dawnbreaker","Stampede","Fulminating Rune","Inspired Scholarship","Cruxweaver Armor","Ulfsild's Contingency","The Languid Eye"
"The Halls of Fabrication","Assembly General","https://www.esologs.com/reports/KyT2aRPJ7vHX1GqZ#fight=18&type=summary&source=7","@Hanalacino","M'ster","herald-soldier-x-perfected-slivers-of-the-null-arca-spattering-disjunction","dps","Herald","Soldier","x","Perfected Slivers of the Null Arca","Spattering Disjunction","81336.2","6446.0","23.5","81336.2 DPS","","Huntsman's Warmask (Huntsman's Warmask)","Perfected Null Arca Jack (Perfected Slivers of the Null Arca)","Slimecraw Epaulets (Slimecraw)","Perfected Null Arca Bracers (Perfected Slivers of the Null Arca)","","Spattering Disjunction Guards (Spattering Disjunction)","Perfected Null Arca Boots (Perfected Slivers of the Null Arca)","","Null Arca Ring (Slivers of the Null Arca)","Spattering Disjunction Ring (Spattering Disjunction)","Spattering Disjunction Dagger (Spattering Disjunction)","Spattering Disjunction Dagger (Spattering Disjunction)","The Maelstrom's Perfected Greatsword (Perfected Merciless Charge)"," ()","Cephaliarch's Flail","Pragmatic Fatecarver","Quick Cloak","Camouflaged Hunter","Banner Bearer","Flawless Dawnbreaker","Fulminating Rune","Stampede","Cruxweaver Armor","Inspired Scholarship","Banner Bearer","The Languid Eye"
"The Halls of Fabrication","Assembly General","https://www.esologs.com/reports/KyT2aRPJ7vHX1GqZ#fight=18&type=summary&source=1","@MadMod10","Zolus Graylock","herald-soldier-x-perfected-slivers-of-the-null-arca-spattering-disjunction","dps","Herald","Soldier","x","Spattering Disjunction","Perfected Slivers of the Null Arca","90854.5","5537.9","39.3","90854.5 DPS","","Slimecraw Guise (Slimecraw)","Spattering Disjunction Jack (Spattering Disjunction)","Perfected Null Arca Arm Cops (Perfected Slivers of the Null Arca)","Spattering Disjunction Bracers (Spattering Disjunction)","","Spattering Disjunction Guards (Spattering Disjunction)","Spattering Disjunction Boots (Spattering Disjunction)","","Perfected Null Arca Ring (Perfected Slivers of the Null Arca)","Perfected Null Arca Ring (Perfected Slivers of the Null Arca)","Perfected Null Arca Dagger (Perfected Slivers of the Null Arca)","Perfected Null Arca Dagger (Perfected Slivers of the Null Arca)","The Maelstrom's Perfected Greatsword (Perfected Merciless Charge)"," ()","Quick Cloak","Barbed Trap","Cephaliarch's Flail","Pragmatic Fatecarver","Camouflaged Hunter","Flawless Dawnbreaker","Stampede","Cruxweaver Armor","Inspired Scholarship","Fulminating Rune","Camouflaged Hunter","The Languid Eye"
"The Halls of Fabrication","Assembly General","https://www.esologs.com/reports/KyT2aRPJ7vHX1GqZ#fight=18&type=summary&source=2","@Trujazz","Alan-Scott","herald-soldier-x-perfected-slivers-of-the-null-arca-spattering-disjunction","dps","Herald","Soldier","x","Spattering Disjunction","Perfected Slivers of the Null Arca","103202.2","2744.0","38.6","103202.2 DPS","The Thief","Slimecraw Guise (Slimecraw)","Spattering Disjunction Jack (Spattering Disjunction)","Perfected Null Arca Arm Cops (Perfected Slivers of the Null Arca)","Spattering Disjunction Bracers (Spattering Disjunction)","","Spattering Disjunction Guards (Spattering Disjunction)","Spattering Disjunction Boots (Spattering Disjunction)","","Perfected Null Arca Ring (Perfected Slivers of the Null Arca)","Perfected Null Arca Ring (Perfected Slivers of the Null Arca)","Perfected Null Arca Dagger (Perfected Slivers of the Null Arca)","Perfected Null Arca Dagger (Perfected Slivers of the Null Arca)","The Maelstrom's Perfected Greatsword (Perfected Merciless Charge)"," ()","Pragmatic Fatecarver","Quick Cloak","Cephaliarch's Flail","Barbed Trap","Camouflaged Hunter","Flawless Dawnbreaker","Stampede","Fulminating Rune","Inspired Scholarship","Camouflaged Hunter","Cruxweaver Armor","The Languid Eye"
"The Halls of Fabrication","Assembly General","https://www.esologs.com/reports/KyT2aRPJ7vHX1GqZ#fight=18&type=summary&source=16","@Trujazz","Alan-Scott","herald-soldier-x-perfected-slivers-of-the-null-arca-spattering-disjunction","dps","Herald","Soldier","x","Spattering Disjunction","Perfected Slivers of the Null Arca","103200.0","3967.6","24.1","103200.0 DPS","","Slimecraw Guise (Slimecraw)","Spattering Disjunction Jack (Spattering Disjunction)","Perfected Null Arca Arm Cops (Perfected Slivers of the Null Arca)","Spattering Disjunction Bracers (Spattering Disjunction)","","Spattering Disjunction Guards (Spattering Disjunction)","Spattering Disjunction Boots (Spattering Disjunction)","","Perfected Null Arca Ring (Perfected Slivers of the Null Arca)","Perfected Null Arca Ring (Perfected Slivers of the Null Arca)","Perfected Null Arca Dagger (Perfected Slivers of the Null Arca)","Perfected Null Arca Dagger (Perfected Slivers of the Null Arca)","The Maelstrom's Perfected Greatsword (Perfected Merciless Charge)"," ()","Pragmatic Fatecarver","Quick Cloak","Cephaliarch's Flail","Barbed Trap","Camouflaged Hunter","Flawless Dawnbreaker","Stampede","Fulminating Rune","Inspired Scholarship","Camouflaged Hunter","Cruxweaver Armor","The Languid Eye"
"The Halls of Fabrication","Assembly General","https://www.esologs.com/reports/KyT2aRPJ7vHX1GqZ#fight=18&type=summary&source=10","@MadMod10","Zolus Graylock","herald-soldier-x-perfected-slivers-of-the-null-arca-spattering-disjunction","dps","Herald","Soldier","x","Spattering Disjunction","Perfected Slivers of the Null Arca","90858.5","5642.4","22.3","90858.5 DPS","","Slimecraw Guise (Slimecraw)","Spattering Disjunction Jack (Spattering Disjunction)","Perfected Null Arca Arm Cops (Perfected Slivers of the Null Arca)","Spattering Disjunction Bracers (Spattering Disjunction)","","Spattering Disjunction Guards (Spattering Disjunction)","Spattering Disjunction Boots (Spattering Disjunction)","","Perfected Null Arca Ring (Perfected Slivers of the Null Arca)","Perfected Null Arca Ring (Perfected Slivers of the Null Arca)","Perfected Null Arca Dagger (Perfected Slivers of the Null Arca)","Perfected Null Arca Dagger (Perfected Slivers of the Null Arca)","The Maelstrom's Perfected Greatsword (Perfected Merciless Charge)"," ()","Quick Cloak","Barbed Trap","Cephaliarch's Flail","Pragmatic Fatecarver","Camouflaged Hunter","Flawless Dawnbreaker","Stampede","Cruxweaver Armor","Inspired Scholarship","Fulminating Rune","Camouflaged Hunter","The Languid Eye"
"The Halls of Fabrication","Assembly General","https://www.esologs.com/reports/YQxg78cnkKFAjCXT#fight=52&type=summary&source=8","@Pixel_Frost","Necraftn","bone-grave-x-corpseburster-perfected-slivers-of-the-null-arca","dps","Grave","Bone","x","Perfected Slivers of the Null Arca","Corpseburster","107834.9","10917.5","86.1","107834.9 DPS","The Thief","Huntsman's Warmask (Huntsman's Warmask)","Perfected Null Arca Jack (Perfected Slivers of the Null Arca)","Slimecraw Arm Cops (Slimecraw)","Perfected Null Arca Bracers (Perfected Slivers of the Null Arca)","","Perfected Null Arca Guards (Perfected Slivers of the Null Arca)","Perfected Null Arca Boots (Perfected Slivers of the Null Arca)","","Corpseburster Ring (Corpseburster)","Corpseburster Ring (Corpseburster)","Corpseburster Dagger (Corpseburster)","Corpseburster Dagger (Corpseburster)","The Maelstrom's Perfected Greatsword (Perfected Merciless Charge)"," ()","Blighted Blastbones","Unnerving Boneyard","Venom Skull","Detonating Siphon","Banner Bearer","Glacial Colossus","Stampede","Skeletal Arcanist","Echoing Vigor","Ulfsild's Contingency","Banner Bearer","Pummeling Goliath"
"The Halls of Fabrication","Assembly General","https://www.esologs.com/reports/YQxg78cnkKFAjCXT#fight=52&type=summary&source=4","@BRabbit.3","Krieg The Dark Lord","bone-grave-x-corpseburster-perfected-slivers-of-the-null-arca","dps","Grave","Bone","x","Perfected Slivers of the Null Arca","Corpseburster","100009.0","11182.4","73.0","100009.0 DPS","","Huntsman's Warmask (Huntsman's Warmask)","Perfected Null Arca Jack (Perfected Slivers of the Null Arca)","Zaan Arm Cops (Zaan)","Perfected Null Arca Bracers (Perfected Slivers of the Null Arca)","","Perfected Null Arca Guards (Perfected Slivers of the Null Arca)","Perfected Null Arca Boots (Perfected Slivers of the Null Arca)","","Corpseburster Ring (Corpseburster)","Corpseburster Ring (Corpseburster)","Corpseburster Dagger (Corpseburster)","Corpseburster Dagger (Corpseburster)","The Maelstrom's Greatsword (Merciless Charge)"," ()","Avid Boneyard","Blighted Blastbones","Venom Skull","Detonating Siphon","Banner Bearer","Flawless Dawnbreaker","Barbed Trap","Ulfsild's Contingency","Skeletal Archer","Stampede","Banner Bearer","Pummeling Goliath"
"The Halls of Fabrication","Assembly General","https://www.esologs.com/reports/YQxg78cnkKFAjCXT#fight=52&type=summary&source=6","@TheRockentoon","Rocken-Necro","bone-grave-x-corpseburster-perfected-slivers-of-the-null-arca","dps","Grave","Bone","x","Perfected Slivers of the Null Arca","Corpseburster","97829.4","3344.2","54.6","97829.4 DPS","","Huntsman's Warmask (Huntsman's Warmask)","Perfected Null Arca Jack (Perfected Slivers of the Null Arca)","Ansuul's Perfected Arm Cops (Perfected Ansuul's Torment)","Perfected Null Arca Bracers (Perfected Slivers of the Null Arca)","","Perfected Null Arca Guards (Perfected Slivers of the Null Arca)","Perfected Null Arca Boots (Perfected Slivers of the Null Arca)","","Corpseburster Ring (Corpseburster)","Corpseburster Ring (Corpseburster)","Corpseburster Dagger (Corpseburster)","Corpseburster Dagger (Corpseburster)","The Maelstrom's Perfected Greatsword (Perfected Merciless Charge)"," ()","Venom Skull","Unnerving Boneyard","Detonating Siphon","Blighted Blastbones","Banner Bearer","Flawless Dawnbreaker","Stampede","Anti-Cavalry Caltrops","Barbed Trap","Skeletal Arcanist","Banner Bearer","Pummeling Goliath"
"The Halls of Fabrication","Assembly General","https://www.esologs.com/reports/YQxg78cnkKFAjCXT#fight=52&type=summary&source=5","@Pure_Chaos117","Brynjolf Dead-Raiser","bone-grave-x-corpseburster-perfected-slivers-of-the-null-arca","dps","Grave","Bone","x","Perfected Slivers of the Null Arca","Corpseburster","66212.5","5886.9","48.1","66212.5 DPS","","Slimecraw Guise (Slimecraw)","Perfected Null Arca Jack (Perfected Slivers of the Null Arca)","Corpseburster Arm Cops (Corpseburster)","Perfected Null Arca Bracers (Perfected Slivers of the Null Arca)","","Perfected Null Arca Guards (Perfected Slivers of the Null Arca)","Perfected Null Arca Boots (Perfected Slivers of the Null Arca)","","Corpseburster Ring (Corpseburster)","Corpseburster Ring (Corpseburster)","Corpseburster Dagger (Corpseburster)","Corpseburster Dagger (Corpseburster)","The Maelstrom's Greatsword (Merciless Charge)"," ()","Venom Skull","Blighted Blastbones","Detonating Siphon","Unnerving Boneyard","Banner Bearer","Glacial Colossus","Ghostly Embrace","Stampede","Skeletal Archer","Barbed Trap","Banner Bearer","Glacial Colossus"
"The Halls of Fabrication","Assembly General","https://www.esologs.com/reports/YQxg78cnkKFAjCXT#fight=52&type=summary&source=8","@JJTylicki","Necro of Sorrows","bone-grave-x-corpseburster-perfected-slivers-of-the-null-arca","dps","Grave","Bone","x","Perfected Slivers of the Null Arca","Corpseburster","64088.9","3337.9","34.4","64088.9 DPS","","Huntsman's Warmask (Huntsman's Warmask)","Perfected Null Arca Jack (Perfected Slivers of the Null Arca)","Slimecraw Arm Cops (Slimecraw)","Perfected Null Arca Bracers (Perfected Slivers of the Null Arca)","","Perfected Null Arca Guards (Perfected Slivers of the Null Arca)","Perfected Null Arca Boots (Perfected Slivers of the Null Arca)","","Corpseburster Ring (Corpseburster)","Corpseburster Ring (Corpseburster)","Corpseburster Dagger (Corpseburster)","Corpseburster Dagger (Corpseburster)","The Maelstrom's Perfected Inferno Staff (Perfected Crushing Wall)"," ()","Unnerving Boneyard","Detonating Siphon","Blighted Blastbones","Venom Skull","Shocking Banner (Class Flourish / Heroism)","Flawless Dawnbreaker","Skeletal Archer","Ruinous Scythe","Blockade of Fire","Anti-Cavalry Caltrops","Shocking Banner (Class Flourish / Heroism)","Shooting Star"
"The Halls of Fabrication","Assembly General","https://www.esologs.com/reports/YQxg78cnkKFAjCXT#fight=52&type=summary&source=5","@JJTylicki","Necro of Sorrows","bone-grave-x-corpseburster-perfected-slivers-of-the-null-arca","dps","Grave","Bone","x","Perfected Slivers of the Null Arca","Corpseburster","64097.0","2947.4","34.4","64097.0 DPS","","Huntsman's Warmask (Huntsman's Warmask)","Perfected Null Arca Jack (Perfected Slivers of the Null Arca)","Slimecraw Arm Cops (Slimecraw)","Perfected Null Arca Bracers (Perfected Slivers of the Null Arca)","","Perfected Null Arca Guards (Perfected Slivers of the Null Arca)","Perfected Null Arca Boots (Perfected Slivers of the Null Arca)","","Corpseburster Ring (Corpseburster)","Corpseburster Ring (Corpseburster)","Corpseburster Dagger (Corpseburster)","Corpseburster Dagger (Corpseburster)","The Maelstrom's Perfected Inferno Staff (Perfected Crushing Wall)"," ()","Unnerving Boneyard","Detonating Siphon","Blighted Blastbones","Venom Skull","Banner Bearer","Flawless Dawnbreaker","Skeletal Archer","Ruinous Scythe","Elemental Blockade","Anti-Cavalry Caltrops","Banner Bearer","Shooting Star"
"The Halls of Fabrication","Assembly General","https://www.esologs.com/reports/yHxYKXgq9tPBcrVn#fight=33&type=summary&source=12","@Gilane","Tacita Dolore Mortis","grave-herald-x-corpseburster-perfected-slivers-of-the-null-arca","dps","Grave","Herald","x","Perfected Slivers of the Null Arca","Corpseburster","59217.0","9332.1","31.9","59217.0 DPS","","Huntsman's Warmask (Huntsman's Warmask)","Perfected Null Arca Jack (Perfected Slivers of the Null Arca)","Slimecraw Arm Cops (Slimecraw)","Perfected Null Arca Bracers (Perfected Slivers of the Null Arca)","","Perfected Null Arca Guards (Perfected Slivers of the Null Arca)","Perfected Null Arca Boots (Perfected Slivers of the Null Arca)","","Corpseburster Ring (Corpseburster)","Corpseburster Ring (Corpseburster)","Corpseburster Dagger (Corpseburster)","Corpseburster Dagger (Corpseburster)","The Maelstrom's Perfected Greatsword (Perfected Merciless Charge)"," ()","Venom Skull","Detonating Siphon","Avid Boneyard","Blighted Blastbones","Banner Bearer","Pestilent Colossus","Trap Beast","Carve","Stampede","Skeletal Archer","Banner Bearer","Meteor"
"The Halls of Fabrication","Assembly General","https://www.esologs.com/reports/yHxYKXgq9tPBcrVn#fight=33&type=summary&source=5","@SomebodysWatchingMe","Let's Do An Unboxing","grave-herald-x-corpseburster-perfected-slivers-of-the-null-arca","dps","Grave","Herald","x","Perfected Slivers of the Null Arca","Corpseburster","63827.3","8596.6","36.0","63827.3 DPS","","Zaan Guise (Zaan)","Perfected Null Arca Jack (Perfected Slivers of the Null Arca)","Corpseburster Arm Cops (Corpseburster)","Perfected Null Arca Bracers (Perfected Slivers of the Null Arca)","","Perfected Null Arca Guards (Perfected Slivers of the Null Arca)","Perfected Null Arca Boots (Perfected Slivers of the Null Arca)","","Corpseburster Ring (Corpseburster)","Corpseburster Ring (Corpseburster)","Corpseburster Dagger (Corpseburster)","Corpseburster Dagger (Corpseburster)","The Maelstrom's Perfected Greatsword (Perfected Merciless Charge)"," ()","Blighted Blastbones","Detonating Siphon","Venom Skull","Banner Bearer","Avid Boneyard","Flawless Dawnbreaker","Stampede","Carve","Barbed Trap","Banner Bearer","Skeletal Arcanist","Glacial Colossus"
"The Halls of Fabrication","Assembly General","https://www.esologs.com/reports/yHxYKXgq9tPBcrVn#fight=33&type=summary&source=10","@neckbeeko","Where-Body-Ends","grave-herald-x-corpseburster-perfected-slivers-of-the-null-arca","dps","Grave","Herald","x","Perfected Slivers of the Null Arca","Corpseburster","80325.4","1632.2","33.9","80325.4 DPS","","Slimecraw Mask (Slimecraw)","Perfected Null Arca Jack (Perfected Slivers of the Null Arca)","Corpseburster Epaulets (Corpseburster)","Perfected Null Arca Bracers (Perfected Slivers of the Null Arca)","","Perfected Null Arca Guards (Perfected Slivers of the Null Arca)","Perfected Null Arca Boots (Perfected Slivers of the Null Arca)","","Corpseburster Ring (Corpseburster)","Corpseburster Ring (Corpseburster)","Corpseburster Dagger (Corpseburster)","Corpseburster Dagger (Corpseburster)","The Maelstrom's Perfected Greatsword (Perfected Merciless Charge)"," ()","Unnerving Boneyard","Blighted Blastbones","Venom Skull","Detonating Siphon","Sundering Banner (Class Flourish / Heroism)","Flawless Dawnbreaker","Skeletal Archer","Barbed Trap","Stampede","Carve","Sundering Banner (Class Flourish / Heroism)","Shooting Star"
"The Halls of Fabrication","Assembly General","https://www.esologs.com/reports/yHxYKXgq9tPBcrVn#fight=33&type=summary&source=27","@WhiskeyRiot","Karen at Starbucks","grave-herald-x-corpseburster-perfected-slivers-of-the-null-arca","dps","Grave","Herald","x","Perfected Slivers of the Null Arca","Corpseburster","87644.3","8197.8","49.5","87644.3 DPS","","Huntsman's Warmask (Huntsman's Warmask)","Perfected Null Arca Jack (Perfected Slivers of the Null Arca)","Iceheart Arm Cops (Iceheart)","Perfected Null Arca Bracers (Perfected Slivers of the Null Arca)","","Perfected Null Arca Guards (Perfected Slivers of the Null Arca)","Perfected Null Arca Boots (Perfected Slivers of the Null Arca)","","Corpseburster Ring (Corpseburster)","Corpseburster Ring (Corpseburster)","Corpseburster Dagger (Corpseburster)","Corpseburster Dagger (Corpseburster)","The Maelstrom's Greatsword (Merciless Charge)"," ()","Avid Boneyard","Blighted Blastbones","Detonating Siphon","Venom Skull","Banner Bearer","Glacial Colossus","Stampede","Carve","Barbed Trap","Skeletal Archer","Banner Bearer","Shooting Star"
"The Halls of Fabrication","Assembly General","https://www.esologs.com/reports/yHxYKXgq9tPBcrVn#fight=33&type=summary&source=7","@emochemist","necci-wecci","grave-herald-x-corpseburster-perfected-slivers-of-the-null-arca","dps","Grave","Herald","x","Corpseburster","Perfected Slivers of the Null Arca","75331.8","10982.1","31.1","75331.8 DPS","","Huntsman's Warmask (Huntsman's Warmask)","Corpseburster Jerkin (Corpseburster)","Slimecraw Arm Cops (Slimecraw)","Perfected Null Arca Bracers (Perfected Slivers of the Null Arca)","","Perfected Null Arca Guards (Perfected Slivers of the Null Arca)","Perfected Null Arca Boots (Perfected Slivers of the Null Arca)","","Corpseburster Ring (Corpseburster)","Corpseburster Ring (Corpseburster)","Perfected Null Arca Dagger (Perfected Slivers of the Null Arca)","Perfected Null Arca Dagger (Perfected Slivers of the Null Arca)","The Maelstrom's Perfected Greatsword (Perfected Merciless Charge)"," ()","Blighted Blastbones","Venom Skull","Detonating Siphon","Unnerving Boneyard","Shocking Banner (Class Flourish / Heroism)","Flawless Dawnbreaker","Stampede","Carve","Barbed Trap","Skeletal Archer","Shocking Banner (Class Flourish / Heroism)","Shooting Star"
"The Halls of Fabrication","Assembly General","https://www.esologs.com/reports/yHxYKXgq9tPBcrVn#fight=33&type=summary&source=4","@emochemist","necci-wecci","grave-herald-x-corpseburster-perfected-slivers-of-the-null-arca","dps","Grave","Herald","x","Corpseburster","Perfected Slivers of the Null Arca","62612.0","9404.1","31.1","62612.0 DPS","","Huntsman's Warmask (Huntsman's Warmask)","Corpseburster Jerkin (Corpseburster)","Slimecraw Arm Cops (Slimecraw)","Perfected Null Arca Bracers (Perfected Slivers of the Null Arca)","","Perfected Null Arca Guards (Perfected Slivers of the Null Arca)","Perfected Null Arca Boots (Perfected Slivers of the Null Arca)","","Corpseburster Ring (Corpseburster)","Corpseburster Ring (Corpseburster)","Perfected Null Arca Dagger (Perfected Slivers of the Null Arca)","Perfected Null Arca Dagger (Perfected Slivers of the Null Arca)","The Maelstrom's Perfected Greatsword (Perfected Merciless Charge)"," ()","Blighted Blastbones","Venom Skull","Detonating Siphon","Unnerving Boneyard","Banner Bearer","Flawless Dawnbreaker","Stampede","Carve","Barbed Trap","Skeletal Archer","Banner Bearer","Shooting Star"
"The Halls of Fabrication","Assembly General","https://www.esologs.com/reports/CvAdagYrz6hWJZFf#fight=39&type=summary&source=7","@BooRadzz","Roobadz","bone-grave-herald-corpseburster-perfected-slivers-of-the-null-arca","dps","Grave","Bone","Herald","Perfected Slivers of the Null Arca","Corpseburster","71617.9","7012.2","49.0","71617.9 DPS","","Huntsman's Warmask (Huntsman's Warmask)","Perfected Null Arca Jack (Perfected Slivers of the Null Arca)","Zaan Arm Cops (Zaan)","Perfected Null Arca Bracers (Perfected Slivers of the Null Arca)","","Perfected Null Arca Guards (Perfected Slivers of the Null Arca)","Perfected Null Arca Boots (Perfected Slivers of the Null Arca)","","Corpseburster Ring (Corpseburster)","Corpseburster Ring (Corpseburster)","Corpseburster Dagger (Corpseburster)","Corpseburster Dagger (Corpseburster)","The Maelstrom's Perfected Greatsword (Perfected Merciless Charge)"," ()","Detonating Siphon","Unnerving Boneyard","Blighted Blastbones","Venom Skull","Banner Bearer","Flawless Dawnbreaker","Skeletal Arcanist","Carve","Stampede","Mystic Orb","Banner Bearer","Pummeling Goliath"
"The Halls of Fabrication","Assembly General","https://www.esologs.com/reports/CvAdagYrz6hWJZFf#fight=39&type=summary&source=6","@Tache","Limacella","bone-grave-herald-corpseburster-perfected-slivers-of-the-null-arca","dps","Grave","Bone","Herald","Perfected Slivers of the Null Arca","Corpseburster","79092.6","7897.8","51.5","79092.6 DPS","","Huntsman's Warmask (Huntsman's Warmask)","Perfected Null Arca Jack (Perfected Slivers of the Null Arca)","Slimecraw Arm Cops (Slimecraw)","Perfected Null Arca Bracers (Perfected Slivers of the Null Arca)","","Perfected Null Arca Guards (Perfected Slivers of the Null Arca)","Perfected Null Arca Boots (Perfected Slivers of the Null Arca)","","Corpseburster Ring (Corpseburster)","Corpseburster Ring (Corpseburster)","Corpseburster Axe (Corpseburster)","Corpseburster Dagger (Corpseburster)","The Maelstrom's Perfected Greatsword (Perfected Merciless Charge)"," ()","Detonating Siphon","Venom Skull","Blighted Blastbones","Avid Boneyard","Banner Bearer","Flawless Dawnbreaker","Barbed Trap","Skeletal Archer","Carve","Stampede","Banner Bearer","Pummeling Goliath"
"The Halls of Fabrication","Assembly General","https://www.esologs.com/reports/CvAdagYrz6hWJZFf#fight=39&type=summary&source=5","@AshOfChaos","Friede Deathwhisper","bone-grave-herald-corpseburster-perfected-slivers-of-the-null-arca","dps","Grave","Bone","Herald","Perfected Slivers of the Null Arca","Corpseburster","68059.7","7239.2","50.0","68059.7 DPS","","Slimecraw Mask (Slimecraw)","Perfected Null Arca Jack (Perfected Slivers of the Null Arca)","Corpseburster Arm Cops (Corpseburster)","Perfected Null Arca Bracers (Perfected Slivers of the Null Arca)","","Perfected Null Arca Guards (Perfected Slivers of the Null Arca)","Perfected Null Arca Boots (Perfected Slivers of the Null Arca)","","Corpseburster Ring (Corpseburster)","Corpseburster Ring (Corpseburster)","Corpseburster Dagger (Corpseburster)","Corpseburster Axe (Corpseburster)","The Maelstrom's Perfected Greatsword (Perfected Merciless Charge)"," ()","Ghostly Embrace","Blighted Blastbones","Venom Skull","Detonating Siphon","Shocking Banner (Class Flourish / Heroism)","Flawless Dawnbreaker","Carve","Avid Boneyard","Stampede","Skeletal Archer","Shocking Banner (Class Flourish / Heroism)","Shooting Star"
"The Halls of Fabrication","Assembly General","https://www.esologs.com/reports/CvAdagYrz6hWJZFf#fight=39&type=summary&source=59","@AshOfChaos","Friede Deathwhisper","bone-grave-herald-corpseburster-perfected-slivers-of-the-null-arca","dps","Grave","Bone","Herald","Perfected Slivers of the Null Arca","Corpseburster","75381.4","7423.9","49.9","75381.4 DPS","","Slimecraw Mask (Slimecraw)","Perfected Null Arca Jack (Perfected Slivers of the Null Arca)","Corpseburster Arm Cops (Corpseburster)","Perfected Null Arca Bracers (Perfected Slivers of the Null Arca)","","Perfected Null Arca Guards (Perfected Slivers of the Null Arca)","Perfected Null Arca Boots (Perfected Slivers of the Null Arca)","","Corpseburster Ring (Corpseburster)","Corpseburster Ring (Corpseburster)","Corpseburster Dagger (Corpseburster)","Corpseburster Axe (Corpseburster)","The Maelstrom's Perfected Greatsword (Perfected Merciless Charge)"," ()","Ghostly Embrace","Blighted Blastbones","Venom Skull","Detonating Siphon","Banner Bearer","Flawless Dawnbreaker","Carve","Avid Boneyard","Stampede","Skeletal Archer","Banner Bearer","Shooting Star"
"The Halls of Fabrication","Assembly General","https://www.esologs.com/reports/CvAdagYrz6hWJZFf#fight=39&type=summary&source=9","@BRabbit.3","Krieg The Dark Lord","bone-grave-herald-corpseburster-perfected-slivers-of-the-null-arca","dps","Grave","Bone","Herald","Perfected Slivers of the Null Arca","Corpseburster","111619.8","11457.5","81.7","111619.8 DPS","The Ritual","Huntsman's Warmask (Huntsman's Warmask)","Perfected Null Arca Jack (Perfected Slivers of the Null Arca)","Zaan Arm Cops (Zaan)","Perfected Null Arca Bracers (Perfected Slivers of the Null Arca)","","Perfected Null Arca Guards (Perfected Slivers of the Null Arca)","Perfected Null Arca Boots (Perfected Slivers of the Null Arca)","","Corpseburster Ring (Corpseburster)","Corpseburster Ring (Corpseburster)","Corpseburster Dagger (Corpseburster)","Corpseburster Dagger (Corpseburster)","The Maelstrom's Greatsword (Merciless Charge)"," ()","Unnerving Boneyard","Blighted Blastbones","Ghostly Embrace","Detonating Siphon","Banner Bearer","Flawless Dawnbreaker","Barbed Trap","Carve","Skeletal Archer","Stampede","Banner Bearer","Pummeling Goliath"
"The Halls of Fabrication","Assembly General","https://www.esologs.com/reports/yHxYKXgq9tPBcrVn#fight=33&type=summary&source=3","@Jaydeism","Gabrielle Le Chanteur","dawn-resto-x-master-architect-powerful-assault","healer","Dawn","Resto","x","Master Architect","Powerful Assault","5228.1","100260.1","42.3","100260.1 HPS","The Ritual","Magma Incarnate Guise (Magma Incarnate)","Master Architect Robe (Master Architect)","Spaulder of Ruin (Spaulder of Ruin)","Master Architect Gloves (Master Architect)","","Master Architect Breeches (Master Architect)","Master Architect Shoes (Master Architect)","","Ring of the Powerful Assault (Powerful Assault)","Ring of the Powerful Assault (Powerful Assault)","The Master's Perfected Restoration Staff (Perfected Grand Rejuvenation)"," ()","Lightning Staff of the Powerful Assault (Powerful Assault)"," ()","Radiating Regeneration","Combat Prayer","Purifying Light","Energy Orb","Illustrious Healing","Reviving Barrier","Elemental Blockade","Extended Ritual","Radiant Aura","Echoing Vigor","Overflowing Altar","Aggressive Horn"
"The Halls of Fabrication","Assembly General","https://www.esologs.com/reports/yHxYKXgq9tPBcrVn#fight=33&type=summary&source=16","@Patas901","Patraxus","dawn-resto-x-master-architect-powerful-assault","healer","Dawn","Resto","x","Master Architect","Powerful Assault","3960.1","75189.3","36.9","75189.3 HPS","","Ozezan the Inferno's Guise (Ozezan the Inferno)","Master Architect Robe (Master Architect)","Ozezan the Inferno's Epaulets (Ozezan the Inferno)","Master Architect Gloves (Master Architect)","","Master Architect Breeches (Master Architect)","Master Architect Shoes (Master Architect)","","Ring of the Powerful Assault (Powerful Assault)","Ring of the Powerful Assault (Powerful Assault)","The Master's Perfected Restoration Staff (Perfected Grand Rejuvenation)"," ()","Lightning Staff of the Powerful Assault (Powerful Assault)"," ()","Radiating Regeneration","Illustrious Healing","Combat Prayer","Energy Orb","Extended Ritual","Aggressive Horn","Ulfsild's Contingency","Elemental Blockade","Echoing Vigor","Solar Barrage","Radiant Aura","Reviving Barrier"
"The Halls of Fabrication","Assembly General","https://www.esologs.com/reports/nTgG1m3cxZzRWQLh#fight=45&type=summary&source=12","@adamsmith42","The-Nord-With-No-Name","ardent-x-x-jorvulds-guidance-perfected-claw-of-yolnahkriin","tank","Ardent","x","x","Jorvuld's Guidance","Perfected Claw of Yolnahkriin","5848.0","10945.6","22.0","22.0 CPM","","Nazaray Mask (Nazaray)","Yolnahkriin's Perfected Cuirass (Perfected Claw of Yolnahkriin)","Nazaray Epaulets (Nazaray)","Yolnahkriin's Perfected Gauntlets (Perfected Claw of Yolnahkriin)","","Yolnahkriin's Perfected Greaves (Perfected Claw of Yolnahkriin)","Yolnahkriin's Perfected Sabatons (Perfected Claw of Yolnahkriin)","","Jorvuld's Guidance Ring (Jorvuld's Guidance)","Jorvuld's Guidance Ring (Jorvuld's Guidance)","Jorvuld's Guidance Ice Staff (Jorvuld's Guidance)"," ()","Jorvuld's Guidance Ice Staff (Jorvuld's Guidance)"," ()","Lingering Flare","Heart of Flame","Destructive Clench","Earthshield Mantle","Exhilarating Drain","Reviving Barrier","Fire Keeper","Chains of Dominance","Elemental Susceptibility","Blood of the Green Dragon","Blockade of Frost","Standard of Might"
"The Halls of Fabrication","Assembly General","https://www.esologs.com/reports/nTgG1m3cxZzRWQLh#fight=45&type=summary&source=9","@adamsmith42","The-Nord-With-No-Name","ardent-x-x-jorvulds-guidance-perfected-claw-of-yolnahkriin","tank","Ardent","x","x","Jorvuld's Guidance","Perfected Claw of Yolnahkriin","5865.5","11936.0","21.0","21.0 CPM","The Atronach","Nazaray Mask (Nazaray)","Yolnahkriin's Perfected Cuirass (Perfected Claw of Yolnahkriin)","Nazaray Epaulets (Nazaray)","Yolnahkriin's Perfected Gauntlets (Perfected Claw of Yolnahkriin)","","Yolnahkriin's Perfected Greaves (Perfected Claw of Yolnahkriin)","Yolnahkriin's Perfected Sabatons (Perfected Claw of Yolnahkriin)","","Jorvuld's Guidance Ring (Jorvuld's Guidance)","Jorvuld's Guidance Ring (Jorvuld's Guidance)","Jorvuld's Guidance Ice Staff (Jorvuld's Guidance)"," ()","Jorvuld's Guidance Ice Staff (Jorvuld's Guidance)"," ()","Lingering Flare","Heart of Flame","Destructive Clench","Earthshield Mantle","Exhilarating Drain","Reviving Barrier","Fire Keeper","Chains of Dominance","Elemental Susceptibility","Blood of the Green Dragon","Elemental Blockade","Standard of Might"
"The Halls of Fabrication","Assembly General","https://www.esologs.com/reports/nTgG1m3cxZzRWQLh#fight=45&type=summary&source=9","@PrincessCatWarrior","Prancing Kitty","animal-green-winter-master-architect-serpents-disdain","healer","Animal","Green","Winter","Serpent's Disdain","Master Architect","3134.5","47026.3","33.6","47026.3 HPS","The Thief","Ozezan the Inferno's Mask (Ozezan the Inferno)","Robe of Serpent's Disdain (Serpent's Disdain)","Ozezan the Inferno's Epaulets (Ozezan the Inferno)","Gloves of Serpent's Disdain (Serpent's Disdain)","","Breeches of Serpent's Disdain (Serpent's Disdain)","Shoes of Serpent's Disdain (Serpent's Disdain)","","Master Architect Ring (Master Architect)","Master Architect Ring (Master Architect)","The Master's Perfected Restoration Staff (Perfected Grand Rejuvenation)"," ()","Master Architect Ice Staff (Master Architect)"," ()","Budding Seeds","Combat Prayer","Illustrious Healing","Energy Orb","Radiating Regeneration","Wild Guardian","Winter's Revenge","Blockade of Frost","Expansive Frost Cloak","Elemental Susceptibility","Echoing Vigor","Aggressive Horn"
"The Halls of Fabrication","Assembly General","https://www.esologs.com/reports/nTgG1m3cxZzRWQLh#fight=45&type=summary&source=6","@PrincessCatWarrior","Prancing Kitty","animal-green-winter-master-architect-serpents-disdain","healer","Animal","Green","Winter","Serpent's Disdain","Master Architect","3134.4","51421.6","33.6","51421.6 HPS","","Ozezan the Inferno's Mask (Ozezan the Inferno)","Robe of Serpent's Disdain (Serpent's Disdain)","Ozezan the Inferno's Epaulets (Ozezan the Inferno)","Gloves of Serpent's Disdain (Serpent's Disdain)","","Breeches of Serpent's Disdain (Serpent's Disdain)","Shoes of Serpent's Disdain (Serpent's Disdain)","","Master Architect Ring (Master Architect)","Master Architect Ring (Master Architect)","The Master's Perfected Restoration Staff (Perfected Grand Rejuvenation)"," ()","Master Architect Ice Staff (Master Architect)"," ()","Budding Seeds","Combat Prayer","Illustrious Healing","Energy Orb","Radiating Regeneration","Wild Guardian","Winter's Revenge","Elemental Blockade","Expansive Frost Cloak","Elemental Susceptibility","Echoing Vigor","Aggressive Horn"
"The Halls of Fabrication","Assembly General","https://www.esologs.com/reports/nTgG1m3cxZzRWQLh#fight=45&type=summary&source=10","@RazierTheCat","Razier-Jo","soldier-x-x-master-architect-pillagers-profit","healer","Soldier","x","x","Pillager's Profit","Master Architect","4225.1","68263.0","0.0","68263.0 HPS","The Ritual","Symphony of Blades Guise (Symphony of Blades)","Pillager's Jerkin (Pillager's Profit)","Symphony of Blades Epaulets (Symphony of Blades)","Pillager's Gloves (Pillager's Profit)","","Pillager's Breeches (Pillager's Profit)","Master Architect Shoes (Master Architect)","","Master Architect Ring (Master Architect)","Master Architect Ring (Master Architect)","The Master's Perfected Restoration Staff (Perfected Grand Rejuvenation)"," ()","Pillager's Lightning Staff (Pillager's Profit)"," ()","Tidal Chakram","Combat Prayer","Illustrious Healing","Radiating Regeneration","Energy Orb","Reviving Barrier","Cruxweaver Armor","Blockade of Storms","Warding Contingency (Sage's Remedy / Protection)","Echoing Vigor","Overflowing Altar","Reviving Barrier"
"The Halls of Fabrication","Assembly General","https://www.esologs.com/reports/nTgG1m3cxZzRWQLh#fight=45&type=summary&source=7","@RazierTheCat","Razier-Jo","soldier-x-x-master-architect-pillagers-profit","healer","Soldier","x","x","Pillager's Profit","Master Architect","4223.4","83069.3","49.2","83069.3 HPS","","Symphony of Blades Guise (Symphony of Blades)","Pillager's Jerkin (Pillager's Profit)","Symphony of Blades Epaulets (Symphony of Blades)","Pillager's Gloves (Pillager's Profit)","","Pillager's Breeches (Pillager's Profit)","Master Architect Shoes (Master Architect)","","Master Architect Ring (Master Architect)","Master Architect Ring (Master Architect)","The Master's Perfected Restoration Staff (Perfected Grand Rejuvenation)"," ()","Pillager's Lightning Staff (Pillager's Profit)"," ()","Tidal Chakram","Combat Prayer","Illustrious Healing","Radiating Regeneration","Energy Orb","Reviving Barrier","Cruxweaver Armor","Elemental Blockade","Ulfsild's Contingency","Echoing Vigor","Overflowing Altar","Reviving Barrier"
"The Halls of Fabrication","Trash Builds","https://www.esologs.com/reports/YQxg78cnkKFAjCXT#fight=67&type=summary&source=2","@I_RobzzX","Abrâ Kathetér","bone-grave-x-corpseburster-perfected-sul-xans-torment","dps","Grave","Bone","x","Perfected Sul-Xan's Torment","Corpseburster","147236.5","12520.5","48.2","147236.5 DPS","The Thief","Slimecraw Mask (Slimecraw)","Perfected Jack of Sul-Xan's Torment (Perfected Sul-Xan's Torment)","Corpseburster Arm Cops (Corpseburster)","Perfected Bracers of Sul-Xan's Torment (Perfected Sul-Xan's Torment)","","Perfected Guards of Sul-Xan's Torment (Perfected Sul-Xan's Torment)","Perfected Boots of Sul-Xan's Torment (Perfected Sul-Xan's Torment)","","Corpseburster Ring (Corpseburster)","Corpseburster Ring (Corpseburster)","Corpseburster Dagger (Corpseburster)","Corpseburster Dagger (Corpseburster)","The Maelstrom's Perfected Inferno Staff (Perfected Crushing Wall)"," ()","Whirling Blades","Blighted Blastbones","Detonating Siphon","Unnerving Boneyard","Banner Bearer","Glacial Colossus","Elemental Blockade","Echoing Vigor","Necrotic Potency","Race Against Time","Banner Bearer","Elemental Rage"
"The Halls of Fabrication","Trash Builds","https://www.esologs.com/reports/YQxg78cnkKFAjCXT#fight=67&type=summary&source=8","@Pixel_Frost","Necraftn","bone-grave-x-corpseburster-perfected-sul-xans-torment","dps","Grave","Bone","x","Perfected Sul-Xan's Torment","Corpseburster","140354.8","9686.1","35.2","140354.8 DPS","","Slimecraw Mask (Slimecraw)","Perfected Jack of Sul-Xan's Torment (Perfected Sul-Xan's Torment)","Corpseburster Arm Cops (Corpseburster)","Perfected Bracers of Sul-Xan's Torment (Perfected Sul-Xan's Torment)","","Perfected Guards of Sul-Xan's Torment (Perfected Sul-Xan's Torment)","Perfected Boots of Sul-Xan's Torment (Perfected Sul-Xan's Torment)","","Corpseburster Ring (Corpseburster)","Corpseburster Ring (Corpseburster)","Corpseburster Dagger (Corpseburster)","Corpseburster Dagger (Corpseburster)","The Maelstrom's Perfected Inferno Staff (Perfected Crushing Wall)"," ()","Blighted Blastbones","Ghostly Embrace","Detonating Siphon","Whirling Blades","Camouflaged Hunter","Flawless Dawnbreaker","Elemental Blockade","Unnerving Boneyard","Skeletal Arcanist","Necrotic Potency","Shuffle","Elemental Rage"
"The Halls of Fabrication","Trash Builds","https://www.esologs.com/reports/YQxg78cnkKFAjCXT#fight=67&type=summary&source=27","@WhiskeyRiot","Karen at Starbucks","bone-grave-x-corpseburster-perfected-sul-xans-torment","dps","Grave","Bone","x","Perfected Sul-Xan's Torment","Corpseburster","143982.9","5899.5","44.6","143982.9 DPS","","Slimecraw Guise (Slimecraw)","Perfected Jack of Sul-Xan's Torment (Perfected Sul-Xan's Torment)","Corpseburster Arm Cops (Corpseburster)","Perfected Bracers of Sul-Xan's Torment (Perfected Sul-Xan's Torment)","","Perfected Guards of Sul-Xan's Torment (Perfected Sul-Xan's Torment)","Perfected Boots of Sul-Xan's Torment (Perfected Sul-Xan's Torment)","","Corpseburster Ring (Corpseburster)","Corpseburster Ring (Corpseburster)","Corpseburster Dagger (Corpseburster)","Corpseburster Dagger (Corpseburster)","The Maelstrom's Inferno Staff (Crushing Wall)"," ()","Avid Boneyard","Blighted Blastbones","Detonating Siphon","Whirling Blades","Banner Bearer","Glacial Colossus","Elemental Blockade","Necrotic Potency","Proximity Detonation","Skeletal Archer","Banner Bearer","Elemental Rage"
"The Halls of Fabrication","Trash Builds","https://www.esologs.com/reports/YQxg78cnkKFAjCXT#fight=67&type=summary&source=27","@WhiskeyRiot","Karen at Starbucks","bone-grave-x-corpseburster-perfected-sul-xans-torment","dps","Grave","Bone","x","Perfected Sul-Xan's Torment","Corpseburster","27179.6","3296.2","48.3","27179.6 DPS","","Slimecraw Guise (Slimecraw)","Perfected Jack of Sul-Xan's Torment (Perfected Sul-Xan's Torment)","Corpseburster Arm Cops (Corpseburster)","Perfected Bracers of Sul-Xan's Torment (Perfected Sul-Xan's Torment)","","Perfected Guards of Sul-Xan's Torment (Perfected Sul-Xan's Torment)","Perfected Boots of Sul-Xan's Torment (Perfected Sul-Xan's Torment)","","Corpseburster Ring (Corpseburster)","Corpseburster Ring (Corpseburster)","Corpseburster Dagger (Corpseburster)","Corpseburster Dagger (Corpseburster)","The Maelstrom's Inferno Staff (Crushing Wall)"," ()","Avid Boneyard","Blighted Blastbones","Detonating Siphon","Whirling Blades","Banner Bearer","Glacial Colossus","Elemental Blockade","Necrotic Potency","Proximity Detonation","Skeletal Archer","Banner Bearer","Elemental Rage"
"The Halls of Fabrication","Trash Builds","https://www.esologs.com/reports/YQxg78cnkKFAjCXT#fight=67&type=summary&source=6","@Tache","Limacella","bone-grave-x-corpseburster-perfected-sul-xans-torment","dps","Grave","Bone","x","Corpseburster","Perfected Sul-Xan's Torment","57920.3","4553.6","29.7","57920.3 DPS","","Corpseburster Helmet (Corpseburster)","Perfected Jack of Sul-Xan's Torment (Perfected Sul-Xan's Torment)","Slimecraw Arm Cops (Slimecraw)","Perfected Bracers of Sul-Xan's Torment (Perfected Sul-Xan's Torment)","","Perfected Guards of Sul-Xan's Torment (Perfected Sul-Xan's Torment)","Perfected Boots of Sul-Xan's Torment (Perfected Sul-Xan's Torment)","","Corpseburster Ring (Corpseburster)","Corpseburster Ring (Corpseburster)","Corpseburster Axe (Corpseburster)","Corpseburster Dagger (Corpseburster)","The Maelstrom's Perfected Inferno Staff (Perfected Crushing Wall)"," ()","Detonating Siphon","Whirling Blades","Blighted Blastbones","Camouflaged Hunter","Banner Bearer","Flawless Dawnbreaker","Necrotic Potency","Skeletal Archer","Anti-Cavalry Caltrops","Unstable Wall of Elements","Banner Bearer","Elemental Rage"
"The Halls of Fabrication","Trash Builds","https://www.esologs.com/reports/YQxg78cnkKFAjCXT#fight=67&type=summary&source=6","@Tache","Limacella","bone-grave-x-corpseburster-perfected-sul-xans-torment","dps","Grave","Bone","x","Corpseburster","Perfected Sul-Xan's Torment","72878.2","5869.3","25.6","72878.2 DPS","","Corpseburster Helmet (Corpseburster)","Perfected Jack of Sul-Xan's Torment (Perfected Sul-Xan's Torment)","Slimecraw Arm Cops (Slimecraw)","Perfected Bracers of Sul-Xan's Torment (Perfected Sul-Xan's Torment)","","Perfected Guards of Sul-Xan's Torment (Perfected Sul-Xan's Torment)","Perfected Boots of Sul-Xan's Torment (Perfected Sul-Xan's Torment)","","Corpseburster Ring (Corpseburster)","Corpseburster Ring (Corpseburster)","Corpseburster Axe (Corpseburster)","Corpseburster Dagger (Corpseburster)","The Maelstrom's Perfected Inferno Staff (Perfected Crushing Wall)"," ()","Detonating Siphon","Whirling Blades","Blighted Blastbones","Camouflaged Hunter","Banner Bearer","Flawless Dawnbreaker","Necrotic Potency","Skeletal Archer","Anti-Cavalry Caltrops","Unstable Wall of Elements","Banner Bearer","Elemental Rage"
"The Halls of Fabrication","Trash Builds","https://www.esologs.com/reports/YQxg78cnkKFAjCXT#fight=67&type=summary&source=8","@JJTylicki","Necro of Sorrows","bone-grave-x-corpseburster-perfected-sul-xans-torment","dps","Grave","Bone","x","Perfected Sul-Xan's Torment","Corpseburster","51222.6","9873.0","42.8","51222.6 DPS","","Slimecraw Mask (Slimecraw)","Perfected Jack of Sul-Xan's Torment (Perfected Sul-Xan's Torment)","Corpseburster Arm Cops (Corpseburster)","Perfected Bracers of Sul-Xan's Torment (Perfected Sul-Xan's Torment)","","Perfected Guards of Sul-Xan's Torment (Perfected Sul-Xan's Torment)","Perfected Boots of Sul-Xan's Torment (Perfected Sul-Xan's Torment)","","Corpseburster Ring (Corpseburster)","Corpseburster Ring (Corpseburster)","Corpseburster Dagger (Corpseburster)","Corpseburster Dagger (Corpseburster)","The Maelstrom's Perfected Inferno Staff (Perfected Crushing Wall)"," ()","Unnerving Boneyard","Detonating Siphon","Blighted Blastbones","Venom Skull","Shocking Banner (Class Flourish / Heroism)","Flawless Dawnbreaker","Skeletal Archer","Ruinous Scythe","Blockade of Fire","Anti-Cavalry Caltrops","Shocking Banner (Class Flourish / Heroism)","Shooting Star"
"The Halls of Fabrication","Trash Builds","https://www.esologs.com/reports/YQxg78cnkKFAjCXT#fight=67&type=summary&source=5","@AshOfChaos","Friede Deathwhisper","bone-grave-x-corpseburster-perfected-sul-xans-torment","dps","Grave","Bone","x","Perfected Sul-Xan's Torment","Corpseburster","59108.8","6188.8","73.1","59108.8 DPS","","Slimecraw Mask (Slimecraw)","Perfected Jack of Sul-Xan's Torment (Perfected Sul-Xan's Torment)","Corpseburster Arm Cops (Corpseburster)","Perfected Bracers of Sul-Xan's Torment (Perfected Sul-Xan's Torment)","","Perfected Guards of Sul-Xan's Torment (Perfected Sul-Xan's Torment)","Perfected Boots of Sul-Xan's Torment (Perfected Sul-Xan's Torment)","","Corpseburster Ring (Corpseburster)","Corpseburster Ring (Corpseburster)","Corpseburster Dagger (Corpseburster)","Corpseburster Dagger (Corpseburster)","The Maelstrom's Perfected Greatsword (Perfected Merciless Charge)"," ()","Avid Boneyard","Blighted Blastbones","Venom Skull","Detonating Siphon","Shocking Banner (Class Flourish / Heroism)","Thrive in Chaos","Necrotic Potency","Anti-Cavalry Caltrops","Stampede","Skeletal Archer","Shocking Banner (Class Flourish / Heroism)","Shooting Star"
"The Halls of Fabrication","Trash Builds","https://www.esologs.com/reports/YQxg78cnkKFAjCXT#fight=67&type=summary&source=6","@RinBC","Harrowrin Nonagesimus","bone-grave-x-corpseburster-perfected-sul-xans-torment","dps","Grave","Bone","x","Corpseburster","Perfected Sul-Xan's Torment","40945.1","7564.7","32.8","40945.1 DPS","","Slimecraw Guise (Slimecraw)","Corpseburster Jack (Corpseburster)","Perfected Arm Cops of Sul-Xan's Torment (Perfected Sul-Xan's Torment)","Corpseburster Bracers (Corpseburster)","","Corpseburster Guards (Corpseburster)","Corpseburster Boots (Corpseburster)","","Perfected Ring of Sul-Xan's Torment (Perfected Sul-Xan's Torment)","Perfected Ring of Sul-Xan's Torment (Perfected Sul-Xan's Torment)","Perfected Dagger of Sul-Xan's Torment (Perfected Sul-Xan's Torment)","Perfected Dagger of Sul-Xan's Torment (Perfected Sul-Xan's Torment)","The Maelstrom's Perfected Inferno Staff (Perfected Crushing Wall)"," ()","Shocking Banner (Class Flourish / Heroism)","Detonating Siphon","Quick Cloak","Venom Skull","Blighted Blastbones","Flawless Dawnbreaker","Shocking Banner (Class Flourish / Heroism)","Skeletal Arcanist","Anti-Cavalry Caltrops","Blockade of Fire","Necrotic Potency","Shooting Star"
"The Halls of Fabrication","Trash Builds","https://www.esologs.com/reports/YQxg78cnkKFAjCXT#fight=67&type=summary&source=8","@JJTylicki","Necro of Sorrows","bone-grave-x-corpseburster-perfected-sul-xans-torment","dps","Grave","Bone","x","Perfected Sul-Xan's Torment","Corpseburster","80366.3","885.0","31.5","80366.3 DPS","","Slimecraw Mask (Slimecraw)","Perfected Jack of Sul-Xan's Torment (Perfected Sul-Xan's Torment)","Corpseburster Arm Cops (Corpseburster)","Perfected Bracers of Sul-Xan's Torment (Perfected Sul-Xan's Torment)","","Perfected Guards of Sul-Xan's Torment (Perfected Sul-Xan's Torment)","Perfected Boots of Sul-Xan's Torment (Perfected Sul-Xan's Torment)","","Corpseburster Ring (Corpseburster)","Corpseburster Ring (Corpseburster)","Corpseburster Dagger (Corpseburster)","Corpseburster Dagger (Corpseburster)","The Maelstrom's Perfected Inferno Staff (Perfected Crushing Wall)"," ()","Unnerving Boneyard","Detonating Siphon","Blighted Blastbones","Venom Skull","Shocking Banner (Class Flourish / Heroism)","Flawless Dawnbreaker","Skeletal Archer","Ruinous Scythe","Blockade of Fire","Anti-Cavalry Caltrops","Shocking Banner (Class Flourish / Heroism)","Shooting Star"
"The Halls of Fabrication","Trash Builds","https://www.esologs.com/reports/YQxg78cnkKFAjCXT#fight=67&type=summary&source=59","@AshOfChaos","Friede Deathwhisper","bone-grave-x-corpseburster-perfected-sul-xans-torment","dps","Grave","Bone","x","Perfected Sul-Xan's Torment","Corpseburster","62969.3","5700.7","45.8","62969.3 DPS","","Slimecraw Mask (Slimecraw)","Perfected Jack of Sul-Xan's Torment (Perfected Sul-Xan's Torment)","Corpseburster Arm Cops (Corpseburster)","Perfected Bracers of Sul-Xan's Torment (Perfected Sul-Xan's Torment)","","Perfected Guards of Sul-Xan's Torment (Perfected Sul-Xan's Torment)","Perfected Boots of Sul-Xan's Torment (Perfected Sul-Xan's Torment)","","Corpseburster Ring (Corpseburster)","Corpseburster Ring (Corpseburster)","Corpseburster Dagger (Corpseburster)","Corpseburster Dagger (Corpseburster)","The Maelstrom's Perfected Greatsword (Perfected Merciless Charge)"," ()","Avid Boneyard","Blighted Blastbones","Venom Skull","Detonating Siphon","Banner Bearer","Thrive in Chaos","Necrotic Potency","Anti-Cavalry Caltrops","Stampede","Skeletal Archer","Banner Bearer","Shooting Star"
"The Halls of Fabrication","Trash Builds","https://www.esologs.com/reports/YQxg78cnkKFAjCXT#fight=67&type=summary&source=1","@RinBC","Harrowrin Nonagesimus","bone-grave-x-corpseburster-perfected-sul-xans-torment","dps","Grave","Bone","x","Corpseburster","Perfected Sul-Xan's Torment","47196.6","11840.3","46.7","47196.6 DPS","","Slimecraw Guise (Slimecraw)","Corpseburster Jack (Corpseburster)","Perfected Arm Cops of Sul-Xan's Torment (Perfected Sul-Xan's Torment)","Corpseburster Bracers (Corpseburster)","","Corpseburster Guards (Corpseburster)","Corpseburster Boots (Corpseburster)","","Perfected Ring of Sul-Xan's Torment (Perfected Sul-Xan's Torment)","Perfected Ring of Sul-Xan's Torment (Perfected Sul-Xan's Torment)","Perfected Dagger of Sul-Xan's Torment (Perfected Sul-Xan's Torment)","Perfected Dagger of Sul-Xan's Torment (Perfected Sul-Xan's Torment)","The Maelstrom's Perfected Inferno Staff (Perfected Crushing Wall)"," ()","Banner Bearer","Detonating Siphon","Quick Cloak","Venom Skull","Blighted Blastbones","Flawless Dawnbreaker","Banner Bearer","Skeletal Arcanist","Anti-Cavalry Caltrops","Elemental Blockade","Necrotic Potency","Shooting Star"
"The Halls of Fabrication","Trash Builds","https://www.esologs.com/reports/YQxg78cnkKFAjCXT#fight=67&type=summary&source=5","@JJTylicki","Necro of Sorrows","bone-grave-x-corpseburster-perfected-sul-xans-torment","dps","Grave","Bone","x","Perfected Sul-Xan's Torment","Corpseburster","39136.3","4715.6","30.8","39136.3 DPS","","Slimecraw Mask (Slimecraw)","Perfected Jack of Sul-Xan's Torment (Perfected Sul-Xan's Torment)","Corpseburster Arm Cops (Corpseburster)","Perfected Bracers of Sul-Xan's Torment (Perfected Sul-Xan's Torment)","","Perfected Guards of Sul-Xan's Torment (Perfected Sul-Xan's Torment)","Perfected Boots of Sul-Xan's Torment (Perfected Sul-Xan's Torment)","","Corpseburster Ring (Corpseburster)","Corpseburster Ring (Corpseburster)","Corpseburster Dagger (Corpseburster)","Corpseburster Dagger (Corpseburster)","The Maelstrom's Perfected Inferno Staff (Perfected Crushing Wall)"," ()","Unnerving Boneyard","Detonating Siphon","Blighted Blastbones","Venom Skull","Banner Bearer","Flawless Dawnbreaker","Skeletal Archer","Ruinous Scythe","Elemental Blockade","Anti-Cavalry Caltrops","Banner Bearer","Shooting Star"
"The Halls of Fabrication","Trash Builds","https://www.esologs.com/reports/YQxg78cnkKFAjCXT#fight=67&type=summary&source=59","@AshOfChaos","Friede Deathwhisper","bone-grave-x-corpseburster-perfected-sul-xans-torment","dps","Grave","Bone","x","Perfected Sul-Xan's Torment","Corpseburster","65035.2","8293.8","43.8","65035.2 DPS","","Slimecraw Mask (Slimecraw)","Perfected Jack of Sul-Xan's Torment (Perfected Sul-Xan's Torment)","Corpseburster Arm Cops (Corpseburster)","Perfected Bracers of Sul-Xan's Torment (Perfected Sul-Xan's Torment)","","Perfected Guards of Sul-Xan's Torment (Perfected Sul-Xan's Torment)","Perfected Boots of Sul-Xan's Torment (Perfected Sul-Xan's Torment)","","Corpseburster Ring (Corpseburster)","Corpseburster Ring (Corpseburster)","Corpseburster Dagger (Corpseburster)","Corpseburster Dagger (Corpseburster)","The Maelstrom's Perfected Greatsword (Perfected Merciless Charge)"," ()","Avid Boneyard","Blighted Blastbones","Venom Skull","Detonating Siphon","Banner Bearer","Thrive in Chaos","Necrotic Potency","Anti-Cavalry Caltrops","Stampede","Skeletal Archer","Banner Bearer","Shooting Star"
"The Halls of Fabrication","Trash Builds","https://www.esologs.com/reports/YQxg78cnkKFAjCXT#fight=67&type=summary&source=1","@RinBC","Harrowrin Nonagesimus","bone-grave-x-corpseburster-perfected-sul-xans-torment","dps","Grave","Bone","x","Corpseburster","Perfected Sul-Xan's Torment","45224.0","5386.5","26.6","45224.0 DPS","","Slimecraw Guise (Slimecraw)","Corpseburster Jack (Corpseburster)","Perfected Arm Cops of Sul-Xan's Torment (Perfected Sul-Xan's Torment)","Corpseburster Bracers (Corpseburster)","","Corpseburster Guards (Corpseburster)","Corpseburster Boots (Corpseburster)","","Perfected Ring of Sul-Xan's Torment (Perfected Sul-Xan's Torment)","Perfected Ring of Sul-Xan's Torment (Perfected Sul-Xan's Torment)","Perfected Dagger of Sul-Xan's Torment (Perfected Sul-Xan's Torment)","Perfected Dagger of Sul-Xan's Torment (Perfected Sul-Xan's Torment)","The Maelstrom's Perfected Inferno Staff (Perfected Crushing Wall)"," ()","Banner Bearer","Detonating Siphon","Quick Cloak","Venom Skull","Blighted Blastbones","Flawless Dawnbreaker","Banner Bearer","Skeletal Arcanist","Anti-Cavalry Caltrops","Elemental Blockade","Necrotic Potency","Shooting Star"
"The Halls of Fabrication","Trash Builds","https://www.esologs.com/reports/YQxg78cnkKFAjCXT#fight=67&type=summary&source=5","@JJTylicki","Necro of Sorrows","bone-grave-x-corpseburster-perfected-sul-xans-torment","dps","Grave","Bone","x","Perfected Sul-Xan's Torment","Corpseburster","53114.4","9086.7","26.6","53114.4 DPS","","Slimecraw Mask (Slimecraw)","Perfected Jack of Sul-Xan's Torment (Perfected Sul-Xan's Torment)","Corpseburster Arm Cops (Corpseburster)","Perfected Bracers of Sul-Xan's Torment (Perfected Sul-Xan's Torment)","","Perfected Guards of Sul-Xan's Torment (Perfected Sul-Xan's Torment)","Perfected Boots of Sul-Xan's Torment (Perfected Sul-Xan's Torment)","","Corpseburster Ring (Corpseburster)","Corpseburster Ring (Corpseburster)","Corpseburster Dagger (Corpseburster)","Corpseburster Dagger (Corpseburster)","The Maelstrom's Perfected Inferno Staff (Perfected Crushing Wall)"," ()","Unnerving Boneyard","Detonating Siphon","Blighted Blastbones","Venom Skull","Banner Bearer","Flawless Dawnbreaker","Skeletal Archer","Ruinous Scythe","Elemental Blockade","Anti-Cavalry Caltrops","Banner Bearer","Shooting Star"
"The Halls of Fabrication","Trash Builds","https://www.esologs.com/reports/yHxYKXgq9tPBcrVn#fight=65&type=summary&source=10","@Gisleyiin","Siraesar Serpentscale","herald-x-x-perfected-sul-xans-torment-spattering-disjunction","dps","Herald","x","x","Perfected Sul-Xan's Torment","Spattering Disjunction","52167.5","7687.9","38.7","52167.5 DPS","","Slimecraw Mask (Slimecraw)","Perfected Jack of Sul-Xan's Torment (Perfected Sul-Xan's Torment)","Spattering Disjunction Epaulets (Spattering Disjunction)","Perfected Bracers of Sul-Xan's Torment (Perfected Sul-Xan's Torment)","","Perfected Guards of Sul-Xan's Torment (Perfected Sul-Xan's Torment)","Perfected Boots of Sul-Xan's Torment (Perfected Sul-Xan's Torment)","","Spattering Disjunction Ring (Spattering Disjunction)","Spattering Disjunction Ring (Spattering Disjunction)","Spattering Disjunction Dagger (Spattering Disjunction)","Spattering Disjunction Dagger (Spattering Disjunction)","The Maelstrom's Perfected Bow (Perfected Thunderous Volley)"," ()","Cephaliarch's Flail","Quick Cloak","Camouflaged Hunter","Pragmatic Fatecarver","Barbed Trap","Flawless Dawnbreaker","Fulminating Rune","Arrow Barrage","Proximity Detonation","Inspired Scholarship","Scalding Rune","The Languid Eye"
"The Halls of Fabrication","Trash Builds","https://www.esologs.com/reports/yHxYKXgq9tPBcrVn#fight=65&type=summary&source=7","@Hanalacino","M'ster","herald-x-x-perfected-sul-xans-torment-spattering-disjunction","dps","Herald","x","x","Spattering Disjunction","Perfected Sul-Xan's Torment","48439.8","7505.9","20.6","48439.8 DPS","","Spattering Disjunction Helmet (Spattering Disjunction)","Spattering Disjunction Jack (Spattering Disjunction)","Slimecraw Epaulets (Slimecraw)","Spattering Disjunction Bracers (Spattering Disjunction)","","Perfected Guards of Sul-Xan's Torment (Perfected Sul-Xan's Torment)","Perfected Boots of Sul-Xan's Torment (Perfected Sul-Xan's Torment)","","Perfected Ring of Sul-Xan's Torment (Perfected Sul-Xan's Torment)","Perfected Ring of Sul-Xan's Torment (Perfected Sul-Xan's Torment)","Spattering Disjunction Dagger (Spattering Disjunction)","Spattering Disjunction Dagger (Spattering Disjunction)","The Maelstrom's Inferno Staff (Crushing Wall)"," ()","Cephaliarch's Flail","Pragmatic Fatecarver","Quick Cloak","Camouflaged Hunter","Banner Bearer","The Languid Eye","Fulminating Rune","Unstable Wall of Elements","Proximity Detonation","Inspired Scholarship","Banner Bearer","Elemental Rage"
"The Halls of Fabrication","Trash Builds","https://www.esologs.com/reports/yHxYKXgq9tPBcrVn#fight=65&type=summary&source=7","@Hanalacino","M'ster","herald-x-x-perfected-sul-xans-torment-spattering-disjunction","dps","Herald","x","x","Spattering Disjunction","Perfected Sul-Xan's Torment","83566.9","2771.9","18.6","83566.9 DPS","","Spattering Disjunction Helmet (Spattering Disjunction)","Spattering Disjunction Jack (Spattering Disjunction)","Slimecraw Epaulets (Slimecraw)","Spattering Disjunction Bracers (Spattering Disjunction)","","Perfected Guards of Sul-Xan's Torment (Perfected Sul-Xan's Torment)","Perfected Boots of Sul-Xan's Torment (Perfected Sul-Xan's Torment)","","Perfected Ring of Sul-Xan's Torment (Perfected Sul-Xan's Torment)","Perfected Ring of Sul-Xan's Torment (Perfected Sul-Xan's Torment)","Spattering Disjunction Dagger (Spattering Disjunction)","Spattering Disjunction Dagger (Spattering Disjunction)","The Maelstrom's Inferno Staff (Crushing Wall)"," ()","Cephaliarch's Flail","Pragmatic Fatecarver","Quick Cloak","Camouflaged Hunter","Banner Bearer","The Languid Eye","Fulminating Rune","Unstable Wall of Elements","Proximity Detonation","Inspired Scholarship","Banner Bearer","Elemental Rage"
"The Halls of Fabrication","Trash Builds","https://www.esologs.com/reports/yHxYKXgq9tPBcrVn#fight=65&type=summary&source=14","@Tahuti66","Tahuti-Arcanist","herald-x-x-perfected-sul-xans-torment-spattering-disjunction","dps","Herald","x","x","Spattering Disjunction","Perfected Sul-Xan's Torment","111934.3","3249.5","20.5","111934.3 DPS","","Slimecraw Guise (Slimecraw)","Spattering Disjunction Jack (Spattering Disjunction)","Perfected Arm Cops of Sul-Xan's Torment (Perfected Sul-Xan's Torment)","Perfected Bracers of Sul-Xan's Torment (Perfected Sul-Xan's Torment)","","Perfected Guards of Sul-Xan's Torment (Perfected Sul-Xan's Torment)","Perfected Boots of Sul-Xan's Torment (Perfected Sul-Xan's Torment)","","Spattering Disjunction Ring (Spattering Disjunction)","Spattering Disjunction Ring (Spattering Disjunction)","Spattering Disjunction Dagger (Spattering Disjunction)","Spattering Disjunction Dagger (Spattering Disjunction)","The Maelstrom's Perfected Inferno Staff (Perfected Crushing Wall)"," ()","Pragmatic Fatecarver","Quick Cloak","Cephaliarch's Flail","Camouflaged Hunter","Banner Bearer","Flawless Dawnbreaker","Elemental Blockade","Anti-Cavalry Caltrops","Inspired Scholarship","Camouflaged Hunter","Banner Bearer","The Tide King's Gaze"
"The Halls of Fabrication","Trash Builds","https://www.esologs.com/reports/yHxYKXgq9tPBcrVn#fight=65&type=summary&source=14","@Tahuti66","Tahuti-Arcanist","herald-x-x-perfected-sul-xans-torment-spattering-disjunction","dps","Herald","x","x","Spattering Disjunction","Perfected Sul-Xan's Torment","66721.9","2414.1","14.6","66721.9 DPS","","Slimecraw Guise (Slimecraw)","Spattering Disjunction Jack (Spattering Disjunction)","Perfected Arm Cops of Sul-Xan's Torment (Perfected Sul-Xan's Torment)","Perfected Bracers of Sul-Xan's Torment (Perfected Sul-Xan's Torment)","","Perfected Guards of Sul-Xan's Torment (Perfected Sul-Xan's Torment)","Perfected Boots of Sul-Xan's Torment (Perfected Sul-Xan's Torment)","","Spattering Disjunction Ring (Spattering Disjunction)","Spattering Disjunction Ring (Spattering Disjunction)","Spattering Disjunction Dagger (Spattering Disjunction)","Spattering Disjunction Dagger (Spattering Disjunction)","The Maelstrom's Perfected Inferno Staff (Perfected Crushing Wall)"," ()","Pragmatic Fatecarver","Quick Cloak","Cephaliarch's Flail","Camouflaged Hunter","Banner Bearer","Flawless Dawnbreaker","Elemental Blockade","Anti-Cavalry Caltrops","Inspired Scholarship","Camouflaged Hunter","Banner Bearer","The Tide King's Gaze"
"The Halls of Fabrication","Trash Builds","https://www.esologs.com/reports/z1JwtqpMZWxCgAj7#fight=48&type=summary&source=3","@ItzCure","'Scylla","herald-x-x-perfected-slivers-of-the-null-arca-spattering-disjunction","dps","Herald","x","x","Spattering Disjunction","Perfected Slivers of the Null Arca","114381.7","2757.9","77.5","114381.7 DPS","","Slimecraw Guise (Slimecraw)","Spattering Disjunction Jack (Spattering Disjunction)","Perfected Null Arca Arm Cops (Perfected Slivers of the Null Arca)","Spattering Disjunction Bracers (Spattering Disjunction)","","Spattering Disjunction Guards (Spattering Disjunction)","Spattering Disjunction Boots (Spattering Disjunction)","","Perfected Null Arca Ring (Perfected Slivers of the Null Arca)","Perfected Null Arca Ring (Perfected Slivers of the Null Arca)","Perfected Null Arca Dagger (Perfected Slivers of the Null Arca)","Perfected Null Arca Dagger (Perfected Slivers of the Null Arca)","The Maelstrom's Perfected Greatsword (Perfected Merciless Charge)"," ()","Pragmatic Fatecarver","Cephaliarch's Flail","Quick Cloak","Camouflaged Hunter","Shocking Banner (Class Flourish / Berserk)","Flawless Dawnbreaker","Stampede","Fulminating Rune","Inspired Scholarship","Camouflaged Hunter","Shocking Banner (Class Flourish / Berserk)","The Languid Eye"
"The Halls of Fabrication","Trash Builds","https://www.esologs.com/reports/z1JwtqpMZWxCgAj7#fight=48&type=summary&source=11","@TyoxicWayste","Vesper Thelyss","herald-x-x-perfected-slivers-of-the-null-arca-spattering-disjunction","dps","Herald","x","x","Perfected Slivers of the Null Arca","Spattering Disjunction","76564.5","1190.4","6.3","76564.5 DPS","","Perfected Null Arca Helmet (Perfected Slivers of the Null Arca)","Spattering Disjunction Jack (Spattering Disjunction)","Slimecraw Epaulets (Slimecraw)","Spattering Disjunction Bracers (Spattering Disjunction)","","Spattering Disjunction Guards (Spattering Disjunction)","Spattering Disjunction Boots (Spattering Disjunction)","","Perfected Null Arca Ring (Perfected Slivers of the Null Arca)","Perfected Null Arca Ring (Perfected Slivers of the Null Arca)","Perfected Null Arca Dagger (Perfected Slivers of the Null Arca)","Perfected Null Arca Dagger (Perfected Slivers of the Null Arca)","The Maelstrom's Inferno Staff (Crushing Wall)"," ()","Cephaliarch's Flail","Exhausting Fatecarver","Barbed Trap","Quick Cloak","Camouflaged Hunter","Flawless Dawnbreaker","Inspired Scholarship","Fulminating Rune","Proximity Detonation","Unstable Wall of Elements","Camouflaged Hunter","Elemental Rage"
"The Halls of Fabrication","Trash Builds","https://www.esologs.com/reports/z1JwtqpMZWxCgAj7#fight=48&type=summary&source=8","@Demostress","Saamir Ahkyar","herald-x-x-perfected-slivers-of-the-null-arca-spattering-disjunction","dps","Herald","x","x","Spattering Disjunction","Perfected Slivers of the Null Arca","117281.7","1126.6","6.3","117281.7 DPS","","Spattering Disjunction Helmet (Spattering Disjunction)","Perfected Null Arca Jack (Perfected Slivers of the Null Arca)","Slimecraw Epaulets (Slimecraw)","Spattering Disjunction Bracers (Spattering Disjunction)","","Perfected Null Arca Guards (Perfected Slivers of the Null Arca)","Perfected Null Arca Boots (Perfected Slivers of the Null Arca)","","Spattering Disjunction Ring (Spattering Disjunction)","Spattering Disjunction Ring (Spattering Disjunction)","Perfected Null Arca Dagger (Perfected Slivers of the Null Arca)","Perfected Null Arca Dagger (Perfected Slivers of the Null Arca)","The Maelstrom's Perfected Greatsword (Perfected Merciless Charge)"," ()","Quick Cloak","Pragmatic Fatecarver","Cephaliarch's Flail","Camouflaged Hunter","Banner Bearer","Flawless Dawnbreaker","Stampede","Barbed Trap","Fulminating Rune","Inspired Scholarship","Banner Bearer","The Languid Eye"
"The Halls of Fabrication","Trash Builds","https://www.esologs.com/reports/z1JwtqpMZWxCgAj7#fight=48&type=summary&source=11","@Nocturum","Noctunist","herald-x-x-perfected-slivers-of-the-null-arca-spattering-disjunction","dps","Herald","x","x","Spattering Disjunction","Perfected Slivers of the Null Arca","162746.1","3684.1","23.1","162746.1 DPS","The Thief","Slimecraw Mask (Slimecraw)","Spattering Disjunction Jack (Spattering Disjunction)","Perfected Null Arca Arm Cops (Perfected Slivers of the Null Arca)","Spattering Disjunction Bracers (Spattering Disjunction)","","Spattering Disjunction Guards (Spattering Disjunction)","Spattering Disjunction Boots (Spattering Disjunction)","","Null Arca Ring (Slivers of the Null Arca)","Null Arca Ring (Slivers of the Null Arca)","Null Arca Dagger (Slivers of the Null Arca)","Null Arca Dagger (Slivers of the Null Arca)","The Maelstrom's Perfected Inferno Staff (Perfected Crushing Wall)"," ()","Cephaliarch's Flail","Pragmatic Fatecarver","Barbed Trap","Quick Cloak","Camouflaged Hunter","Dawnbreaker","Elemental Blockade","Fulminating Rune","Caltrops","Inspired Scholarship","Camouflaged Hunter","Elemental Storm"
"The Halls of Fabrication","Trash Builds","https://www.esologs.com/reports/z1JwtqpMZWxCgAj7#fight=48&type=summary&source=11","@Nocturum","Noctunist","herald-x-x-perfected-slivers-of-the-null-arca-spattering-disjunction","dps","Herald","x","x","Spattering Disjunction","Perfected Slivers of the Null Arca","81124.3","4090.4","18.9","81124.3 DPS","","Slimecraw Mask (Slimecraw)","Spattering Disjunction Jack (Spattering Disjunction)","Perfected Null Arca Arm Cops (Perfected Slivers of the Null Arca)","Spattering Disjunction Bracers (Spattering Disjunction)","","Spattering Disjunction Guards (Spattering Disjunction)","Spattering Disjunction Boots (Spattering Disjunction)","","Null Arca Ring (Slivers of the Null Arca)","Null Arca Ring (Slivers of the Null Arca)","Null Arca Dagger (Slivers of the Null Arca)","Null Arca Dagger (Slivers of the Null Arca)","The Maelstrom's Perfected Inferno Staff (Perfected Crushing Wall)"," ()","Cephaliarch's Flail","Pragmatic Fatecarver","Barbed Trap","Quick Cloak","Camouflaged Hunter","Dawnbreaker","Elemental Blockade","Fulminating Rune","Caltrops","Inspired Scholarship","Camouflaged Hunter","Elemental Storm"
"The Halls of Fabrication","Trash Builds","https://www.esologs.com/reports/nTgG1m3cxZzRWQLh#fight=44&type=summary&source=1","@MadMod10","Zolus Graylock","herald-soldier-x-perfected-sul-xans-torment-spattering-disjunction","dps","Herald","Soldier","x","Spattering Disjunction","Perfected Sul-Xan's Torment","86718.2","2283.6","42.8","86718.2 DPS","","Slimecraw Guise (Slimecraw)","Spattering Disjunction Jack (Spattering Disjunction)","Perfected Arm Cops of Sul-Xan's Torment (Perfected Sul-Xan's Torment)","Spattering Disjunction Bracers (Spattering Disjunction)","","Spattering Disjunction Guards (Spattering Disjunction)","Spattering Disjunction Boots (Spattering Disjunction)","","Perfected Ring of Sul-Xan's Torment (Perfected Sul-Xan's Torment)","Perfected Ring of Sul-Xan's Torment (Perfected Sul-Xan's Torment)","Perfected Dagger of Sul-Xan's Torment (Perfected Sul-Xan's Torment)","Perfected Dagger of Sul-Xan's Torment (Perfected Sul-Xan's Torment)","The Maelstrom's Perfected Greatsword (Perfected Merciless Charge)"," ()","Quick Cloak","Barbed Trap","Cephaliarch's Flail","Pragmatic Fatecarver","Camouflaged Hunter","Flawless Dawnbreaker","Stampede","Cruxweaver Armor","Inspired Scholarship","Fulminating Rune","Camouflaged Hunter","The Languid Eye"
"The Halls of Fabrication","Trash Builds","https://www.esologs.com/reports/nTgG1m3cxZzRWQLh#fight=44&type=summary&source=2","@Trujazz","Alan-Scott","herald-soldier-x-perfected-sul-xans-torment-spattering-disjunction","dps","Herald","Soldier","x","Spattering Disjunction","Perfected Sul-Xan's Torment","118686.7","2364.2","37.8","118686.7 DPS","The Thief","Valkyn Skoria Mask (Valkyn Skoria)","Spattering Disjunction Jack (Spattering Disjunction)","Perfected Arm Cops of Sul-Xan's Torment (Perfected Sul-Xan's Torment)","Spattering Disjunction Bracers (Spattering Disjunction)","","Spattering Disjunction Guards (Spattering Disjunction)","Spattering Disjunction Boots (Spattering Disjunction)","","Perfected Ring of Sul-Xan's Torment (Perfected Sul-Xan's Torment)","Perfected Ring of Sul-Xan's Torment (Perfected Sul-Xan's Torment)","Perfected Dagger of Sul-Xan's Torment (Perfected Sul-Xan's Torment)","Perfected Dagger of Sul-Xan's Torment (Perfected Sul-Xan's Torment)","The Maelstrom's Perfected Inferno Staff (Perfected Crushing Wall)"," ()","Pragmatic Fatecarver","Quick Cloak","Cephaliarch's Flail","Barbed Trap","Camouflaged Hunter","The Languid Eye","Blockade of Fire","Anti-Cavalry Caltrops","Inspired Scholarship","Cruxweaver Armor","Proximity Detonation","The Languid Eye"
"The Halls of Fabrication","Trash Builds","https://www.esologs.com/reports/nTgG1m3cxZzRWQLh#fight=44&type=summary&source=16","@Trujazz","Alan-Scott","herald-soldier-x-perfected-sul-xans-torment-spattering-disjunction","dps","Herald","Soldier","x","Spattering Disjunction","Perfected Sul-Xan's Torment","68920.2","3280.7","26.1","68920.2 DPS","","Valkyn Skoria Mask (Valkyn Skoria)","Spattering Disjunction Jack (Spattering Disjunction)","Perfected Arm Cops of Sul-Xan's Torment (Perfected Sul-Xan's Torment)","Spattering Disjunction Bracers (Spattering Disjunction)","","Spattering Disjunction Guards (Spattering Disjunction)","Spattering Disjunction Boots (Spattering Disjunction)","","Perfected Ring of Sul-Xan's Torment (Perfected Sul-Xan's Torment)","Perfected Ring of Sul-Xan's Torment (Perfected Sul-Xan's Torment)","Perfected Dagger of Sul-Xan's Torment (Perfected Sul-Xan's Torment)","Perfected Dagger of Sul-Xan's Torment (Perfected Sul-Xan's Torment)","The Maelstrom's Perfected Inferno Staff (Perfected Crushing Wall)"," ()","Pragmatic Fatecarver","Quick Cloak","Cephaliarch's Flail","Barbed Trap","Camouflaged Hunter","The Languid Eye","Elemental Blockade","Anti-Cavalry Caltrops","Inspired Scholarship","Cruxweaver Armor","Proximity Detonation","The Languid Eye"
"The Halls of Fabrication","Trash Builds","https://www.esologs.com/reports/nTgG1m3cxZzRWQLh#fight=44&type=summary&source=10","@MadMod10","Zolus Graylock","herald-soldier-x-perfected-sul-xans-torment-spattering-disjunction","dps","Herald","Soldier","x","Spattering Disjunction","Perfected Sul-Xan's Torment","61923.8","6421.0","24.3","61923.8 DPS","","Slimecraw Guise (Slimecraw)","Spattering Disjunction Jack (Spattering Disjunction)","Perfected Arm Cops of Sul-Xan's Torment (Perfected Sul-Xan's Torment)","Spattering Disjunction Bracers (Spattering Disjunction)","","Spattering Disjunction Guards (Spattering Disjunction)","Spattering Disjunction Boots (Spattering Disjunction)","","Perfected Ring of Sul-Xan's Torment (Perfected Sul-Xan's Torment)","Perfected Ring of Sul-Xan's Torment (Perfected Sul-Xan's Torment)","Perfected Dagger of Sul-Xan's Torment (Perfected Sul-Xan's Torment)","Perfected Dagger of Sul-Xan's Torment (Perfected Sul-Xan's Torment)","The Maelstrom's Perfected Greatsword (Perfected Merciless Charge)"," ()","Quick Cloak","Barbed Trap","Cephaliarch's Flail","Pragmatic Fatecarver","Camouflaged Hunter","Flawless Dawnbreaker","Stampede","Cruxweaver Armor","Inspired Scholarship","Fulminating Rune","Camouflaged Hunter","The Languid Eye"
"The Halls of Fabrication","Trash Builds","https://www.esologs.com/reports/nTgG1m3cxZzRWQLh#fight=44&type=summary&source=10","@MadMod10","Zolus Graylock","herald-soldier-x-perfected-sul-xans-torment-spattering-disjunction","dps","Herald","Soldier","x","Spattering Disjunction","Perfected Sul-Xan's Torment","76109.6","7943.3","19.2","76109.6 DPS","","Slimecraw Guise (Slimecraw)","Spattering Disjunction Jack (Spattering Disjunction)","Perfected Arm Cops of Sul-Xan's Torment (Perfected Sul-Xan's Torment)","Spattering Disjunction Bracers (Spattering Disjunction)","","Spattering Disjunction Guards (Spattering Disjunction)","Spattering Disjunction Boots (Spattering Disjunction)","","Perfected Ring of Sul-Xan's Torment (Perfected Sul-Xan's Torment)","Perfected Ring of Sul-Xan's Torment (Perfected Sul-Xan's Torment)","Perfected Dagger of Sul-Xan's Torment (Perfected Sul-Xan's Torment)","Perfected Dagger of Sul-Xan's Torment (Perfected Sul-Xan's Torment)","The Maelstrom's Perfected Greatsword (Perfected Merciless Charge)"," ()","Quick Cloak","Barbed Trap","Cephaliarch's Flail","Pragmatic Fatecarver","Camouflaged Hunter","Flawless Dawnbreaker","Stampede","Cruxweaver Armor","Inspired Scholarship","Fulminating Rune","Camouflaged Hunter","The Languid Eye"
